ko_term,match_priority,lang,term_text,back_translation_ko
가격역지정 주문,219,vie_Latn,Lệnh đặt giá ngược,가격 정반대의 명령
가격우선의 원칙,220,vie_Latn,Nguyên tắc ưu tiên giá cả,가격 우선 원칙
가격제한폭,574,vie_Latn,Mức dao động giá tối đa,최대 가격 변동
가교은행,749,vie_Latn,Ngân hàng trung gian,중앙은행
가산금리,750,vie_Latn,Lãi suất cộng thêm,이산화탄소
가격역지정 주문,219,ind_Latn,Pesanan dengan Harga yang Ditentukan,정해진 가격으로 주문
가격우선의 원칙,220,ind_Latn,Prinsip prioritas harga,가격 우선 원칙
가격제한폭,574,ind_Latn,Batas fluktuasi harga,가격 변동 제한
가교은행,749,ind_Latn,Bank Jembatan,브리지 뱅크
가산금리,750,ind_Latn,Suku bunga tambahan,추가 금리
가격역지정 주문,219,tha_Thai,คำสั่งหยุด-จำกัด,정지 명령
가격우선의 원칙,220,tha_Thai,หลักการให้ความสำคัญกับราคา,이 원칙은 가격에 초점을 맞추고 있습니다.
가격제한폭,574,tha_Thai,ช่วงราคาสูงสุดและต่ำสุด,가장 높은 가격대와 가장 낮은 가격대
가교은행,749,tha_Thai,ธนาคารสะพาน,브릿지 은행
가산금리,750,tha_Thai,อัตราดอกเบี้ยเพิ่มเติม,이자율을 높여서
가격역지정 주문,219,mya_Mymr,ကုန်ကျစရိတ် သတ်မှတ်ချက်။,비용입니다.
가격우선의 원칙,220,mya_Mymr,ဈေးနှုန်း မြင့်မားမှု မူဝါဒ,물가 상승 정책
가격제한폭,574,mya_Mymr,ကုန်ကျစရိတ် ကန့်သတ်ချက်,비용 제한
가교은행,749,mya_Mymr,ချိတ်ဆက်ရေး ဘဏ်,연결 은행
가산금리,750,mya_Mymr,အိမ်မွေးတိရစ္ဆာန်,애완동물
가격역지정 주문,219,tgl_Latn,Mga order sa presyo,가격 주문
가격우선의 원칙,220,tgl_Latn,Ang Prinsipyo ng Pagmamay-ari ng presyo,가격 소유 원칙
가격제한폭,574,tgl_Latn,Mga limitasyon sa presyo,가격 제한
가교은행,749,tgl_Latn,Ang mga bangko ng sasakyan,차량의 좌석
가산금리,750,tgl_Latn,Pag-aalaga ng mga hayop,동물 보호
가쇄,1254,vie_Latn,Chuỗi,사슬
가압류,1101,vie_Latn,Tạm giữ tài sản,재산 감금
가중주가평균,389,vie_Latn,Trung bình giá trị gia quyền,평균 소유 가치
간사단,1102,vie_Latn,Ban thư ký,비서실
간사회사,751,vie_Latn,Công ty quản lý quỹ,펀드 관리 회사
간접공시,752,vie_Latn,Công bố gián tiếp,간접 발표
간접금융,753,vie_Latn,Tài chính gián tiếp,간접 금융
간접모집,754,vie_Latn,Tuyển dụng gián tiếp,간접 채용
간접발행,755,vie_Latn,Phát hành gián tiếp,간접 배포
간접점유,756,vie_Latn,Sở hữu gián tiếp,간접 소유
간접참가자,575,vie_Latn,Người tham gia gián tiếp,간접 참여자
간주,1255,vie_Latn,coi là,
감리대상종목,390,vie_Latn,Các mặt hàng thuộc đối tượng giám sát,감시 대상 물품
감자차익,757,vie_Latn,Lợi nhuận từ chênh lệch giá khoai tây,감자 가격 차이로부터의 이익
감채기금,758,vie_Latn,Quỹ Gamchae,Gamchae 재단
감채기금부채권,306,vie_Latn,Trái phiếu từ Quỹ hỗ trợ nông nghiệp,농업 지원 기금의 채권
강세장,1103,vie_Latn,Thị trường tăng giá,시장의 가격 상승
강제매수,759,vie_Latn,Mua bắt buộc,필수 구매
개발신탁,760,vie_Latn,Quỹ phát triển,개발 기금
개방식 담보사채,221,vie_Latn,Trái phiếu có bảo đảm mở,유가증권은 공개됩니다.
개방형 리포,391,vie_Latn,Báo cáo mở,공개된 보고서
개방형 투자신탁,222,vie_Latn,Quỹ đầu tư mở,오픈투자펀드
개별결제,761,vie_Latn,Thanh toán riêng lẻ,개별 결제
개별경쟁매매,392,vie_Latn,Giao dịch cạnh tranh riêng lẻ,개별 경쟁 거래
개시증거금,576,vie_Latn,Khoản ký quỹ ban đầu,초기 보증금
거래량비율,577,vie_Latn,Tỷ lệ khối lượng giao dịch,거래량 비율
거래량회전율,393,vie_Latn,Tỷ lệ luân chuyển khối lượng giao dịch,거래량 회전율
거래성립률,578,vie_Latn,Tỷ lệ giao dịch thành công,거래 성공률
거래소 시장,394,vie_Latn,Thị trường sàn giao dịch,거래소 시장
거래소 회원,395,vie_Latn,Thành viên sàn giao dịch,거래소 회원
거래취소,762,vie_Latn,Hủy giao dịch,거래 취소
건설이자,763,vie_Latn,Lãi suất cho vay xây dựng,건설 대출의 이자율
겐사끼시장,579,vie_Latn,Chợ Gensaki,겐사키 시장
격탁매매,764,vie_Latn,Giao dịch chênh lệch giá,가격 차이 거래
견양증권,765,vie_Latn,Gyeonyang Securities,경남증권
결산,1256,vie_Latn,Báo cáo tài chính,재무보고서
결산보고서,580,vie_Latn,Báo cáo tài chính,재무보고서
결제기구,766,vie_Latn,Tổ chức thanh toán,결제 기관
결제기금,767,vie_Latn,Quỹ thanh toán,결제기금
결제대금주선제도,223,vie_Latn,Chế độ hỗ trợ thanh toán,지불 지원 모드
결제대용증,581,vie_Latn,Giấy chứng nhận thanh toán,결제 증명서
결제리스크 관리제도,139,vie_Latn,Hệ thống quản lý rủi ro thanh toán,결제 위험 관리 시스템
결제불이행거래,307,vie_Latn,Giao dịch không thanh toán,결제되지 않은 거래
결제순서조작,396,vie_Latn,Thao túng trình tự thanh toán,결제 순서를 틀어
결제시한,768,vie_Latn,Hạn chót thanh toán,결제 기간
결제시한,769,vie_Latn,Hạn chót thanh toán,결제 기간
결제위험의 비대칭성,140,vie_Latn,Tính bất đối xứng của rủi ro thanh toán,결제 위험의 비대칭성
결제은행제도,397,vie_Latn,Hệ thống ngân hàng thanh toán,결제 은행 시스템
결제일,1104,vie_Latn,Ngày thanh toán,결제일
결제적체현상,398,vie_Latn,Tình trạng ùn tắc thanh toán,결제 정지 상태
결제전 예납,399,vie_Latn,Thanh toán trước khi thanh toán,지불하기 전에 지불
결제후 업무처리,224,vie_Latn,Xử lý công việc sau khi thanh toán,지불 후 작업 처리
결제후 업무처리,225,vie_Latn,Xử lý công việc sau khi thanh toán,지불 후 작업 처리
겸업주의,770,vie_Latn,Nguyên tắc kiêm nhiệm,원칙과 임무
경개,1257,vie_Latn,Cảnh quan,풍경
경개적 차감,400,vie_Latn,Khấu trừ theo tỷ lệ cố định,일정한 비율로 마감
경과이자,771,vie_Latn,Lãi suất lũy tiến,이산화탄소
경기종합지수,401,vie_Latn,Chỉ số tổng hợp Gyeonggi,경기도 합성 지수
경상수지,772,vie_Latn,Cán cân vãng lai,융복합 계측
경쟁매매,773,vie_Latn,Giao dịch cạnh tranh,경쟁적인 거래
경제통합,774,vie_Latn,Hội nhập kinh tế,경제 통합
경제협력개발기구,226,vie_Latn,Tổ chức Hợp tác và Phát triển Kinh tế,경제협력개발기구
계약,1258,vie_Latn,Hợp đồng,계약
계약형투자신탁,308,vie_Latn,Quỹ đầu tư theo hợp đồng,계약 투자 기금
계절주,1105,vie_Latn,Rượu theo mùa,계절별 와인
계좌대체,775,vie_Latn,Thay đổi tài khoản,계정 변경
계좌설정,776,vie_Latn,Cài đặt tài khoản,계정 설정
고객계좌부,582,vie_Latn,Sổ tài khoản khách hàng,고객 계좌 책
고객계좌자동이전서비스,107,vie_Latn,Dịch vụ chuyển đổi tài khoản khách hàng tự động,자동 고객 계정 전환 서비스
고객예탁금 이용료,178,vie_Latn,Phí sử dụng tiền ký quỹ của khách hàng,고객 보증금 사용 수수료
고객예탁분,583,vie_Latn,Số tiền ký quỹ của khách hàng,고객들의 보증금
고객예탁증권,402,vie_Latn,Chứng khoán ký quỹ của khách hàng,고객보증증권
고오든 모형,403,vie_Latn,Mô hình Gordon,고든 모델
고정형 투자신탁,227,vie_Latn,Quỹ đầu tư cố định,고정투자펀드
고정환율제도,404,vie_Latn,Chế độ tỷ giá hối đoái cố định,고정 환율 체제
골든 크로스,405,vie_Latn,Golden Cross,골든 크로스
공개/발성호가,309,vie_Latn,Công khai/Phát thanh,공개/방송
공개매수,777,vie_Latn,Chương trình mua lại cổ phiếu công khai,공개 주식 매수 프로그램
공개매수설명서,310,vie_Latn,Tài liệu giải thích về đợt mua lại công khai,공개 인수에 대한 설명 문서
공개매수신고서,311,vie_Latn,Thông báo chào mua công khai,공개 제안서
공개법인,778,vie_Latn,Tổ chức công,공공 조직
공개시장조작,406,vie_Latn,Các hoạt động can thiệp thị trường mở,오픈 마켓 개입 활동
공기업,1106,vie_Latn,Doanh nghiệp nhà nước,국영기업
공동간사회사,407,vie_Latn,Công ty đồng tổ chức,공동 주최 회사
공동대리,779,vie_Latn,Đại diện chung,공동 대표
공동지배인,584,vie_Latn,Người đồng quản lý,공동 관리자
공매도,1107,vie_Latn,Bán khống,사기꾼
공매수,1108,vie_Latn,Mua khống,사기꾼
공모,1259,vie_Latn,Cuộc thi,경연
공모부대서비스회사,179,vie_Latn,Công ty cung cấp dịch vụ hỗ trợ cho các đơn vị tham gia đấu thầu,입찰 유닛에 대한 지원 서비스를 제공하는 회사
공모증자,780,vie_Latn,Phát hành cổ phiếu ra công chúng,주식을 공개합니다.
공모채,1109,vie_Latn,Trái phiếu phát hành công khai,공개 발행 채권
공사채등록법,408,vie_Latn,Luật Đăng ký Trái phiếu Công ty,회사 채권 등록법
공사채형투자신탁,228,vie_Latn,Quỹ đầu tư trái phiếu doanh nghiệp,기업 채권 투자 기금
공시,1260,vie_Latn,Thông báo,알림
공시최고,781,vie_Latn,Thông báo chính thức,공식 발표
공신의 원칙,409,vie_Latn,Nguyên tắc công thần,공주의 원칙
공인중개인,585,vie_Latn,Môi giới bất động sản được cấp phép,허가를 받은 부동산 중개인
공정거래법,586,vie_Latn,Luật Cạnh tranh Công bằng,공정한 경쟁법
공정게임모형,410,vie_Latn,Mô hình trò chơi công bằng,공평한 게임 모델
공정할인율,587,vie_Latn,Tỷ lệ chiết khấu công bằng,공정한 할인율
공채,1261,vie_Latn,Tuyển dụng công khai,공개 채용
관계회사,782,vie_Latn,Công ty liên kết,연계 회사
관리대상종목,411,vie_Latn,Các mã chứng khoán thuộc diện giám sát,감시권에 속하는 증권 코드
관세 및 무역에 관한 일반협정,33,vie_Latn,Hiệp định chung về thuế quan và thương mại,관세와 무역에 관한 총협정
관할권,1110,vie_Latn,Thẩm quyền,권한
교차담보금제도,312,vie_Latn,Hệ thống thế chấp chéo,이중 모기지 시스템
교차증거금제도,313,vie_Latn,Hệ thống ký quỹ chéo,수직 기하계
교차헤징,783,vie_Latn,Phòng ngừa rủi ro chéo,크로스 리스크 예방
교체발행,784,vie_Latn,Phát hành thay thế,대체 배포
교환사채,785,vie_Latn,Trái phiếu hoán đổi,교환채권
구상권,1111,vie_Latn,Quyền đòi bồi thường,손해배상청구권
구주,1262,vie_Latn,Chúa Cứu Thế,구세주님
국가신인도,588,vie_Latn,Uy tín quốc gia,국가적 권위
국내장외거래,412,vie_Latn,Giao dịch ngoài sàn trong nước,국내에 있는 오프소스 거래
국민주,1112,vie_Latn,Báo Dân tộc,국민신문
국민주택채권,413,vie_Latn,Trái phiếu nhà ở quốc dân,국가 주택 채권
국민총생산,589,vie_Latn,Tổng sản phẩm quốc nội,국내총생산
국제간 거래,414,vie_Latn,Giao dịch quốc tế,국제 무역
국제간 대금지급,229,vie_Latn,Thanh toán quốc tế,국제 결제
국제간 대체결제,230,vie_Latn,Thanh toán thay thế quốc tế,국제 대안 결제
국제결제은행,415,vie_Latn,Ngân hàng Thanh toán Quốc tế,국제결제은행
국제결제은행규제,231,vie_Latn,Quy định của Ngân hàng Thanh toán Quốc tế,국제결제은행의 규정
국제금융공사,416,vie_Latn,Công ty Tài chính Quốc tế,국제금융회사
국제금융센타,417,vie_Latn,Trung tâm Tài chính Quốc tế,국제금융센터
국제금융시장,418,vie_Latn,Thị trường tài chính quốc tế,국제 금융 시장
국제보관기관,419,vie_Latn,Cơ quan lưu trữ quốc tế,국제 아카이브
국제부흥개발은행,232,vie_Latn,Ngân hàng Tái thiết và Phát triển Quốc tế,국제 재건개발은행
국제분산투자,420,vie_Latn,Đầu tư phân tán quốc tế,국제적으로 분산된 투자
국제유가증권관리자협회,108,vie_Latn,Hiệp hội Quản lý Chứng khoán Quốc tế,국제 증권 관리 협회
국제전문가시장,314,vie_Latn,Thị trường chuyên gia quốc tế,국제 전문 시장
국제정합성,590,vie_Latn,Tính nhất quán quốc tế,국제적인 일관성
국제증권,786,vie_Latn,Chứng khoán quốc tế,국제 증권
국제증권거래소연맹,180,vie_Latn,Liên đoàn các Sở giao dịch Chứng khoán Quốc tế,국제 증권거래소 연맹
국제증권관리위원회연맹,109,vie_Latn,Liên đoàn các Ủy ban Quản lý Chứng khoán Quốc tế,국제 증권 관리 위원회 연맹
국제증권예탁결제기관,141,vie_Latn,Tổ chức lưu ký và thanh toán chứng khoán quốc tế,국제 증권 보관 및 결제 기관
국제통화기금,421,vie_Latn,Quỹ Tiền tệ Quốc tế,국제통화기금
국제투자신탁,422,vie_Latn,Quỹ đầu tư quốc tế,국제투자기금
국채,1263,vie_Latn,Trái phiếu chính phủ,정부 채권
국채전문딜러,423,vie_Latn,Nhà giao dịch chuyên về trái phiếu chính phủ,정부 채권 거래자
국채집합등록제도,233,vie_Latn,Hệ thống đăng ký tập trung trái phiếu chính phủ,중앙 정부 채권 등록 시스템
권리락,1113,vie_Latn,Hạn chế quyền,권한 제한
권리락주가,591,vie_Latn,Cổ phiếu bị hạn chế quyền lợi,지분 제한 주식
권리예탁,787,vie_Latn,Lưu ký quyền sở hữu,소유권 기록
권리예탁계좌부,315,vie_Latn,Sổ đăng ký tài khoản lưu ký quyền sở hữu,소유권 계좌 등록기록
권리주,1114,vie_Latn,Chú thích về quyền tác giả,저는 저작권을 좋아합니다.
권종,1264,vie_Latn,Loại quyền,권한의 종류
규정재정,788,vie_Latn,Xây dựng quy định,규제를 만드는 것
그라함 도드모형,234,vie_Latn,Mô hình Graham-Dodds,그레이엄-도드스 모델
근저당,1115,vie_Latn,Thế chấp bất động sản,부동산에도 불구하고
글래머주식,592,vie_Latn,Cổ phiếu Glamour,글래머 주식
글래스 스티걸법,235,vie_Latn,Đạo luật Glass-Steagall,글래스 스티걸 법
글로벌 트레이딩,236,vie_Latn,Giao dịch toàn cầu,세계 무역
글로벌라이제이션,237,vie_Latn,Toàn cầu hóa,세계화
글로벌본드,593,vie_Latn,Trái phiếu toàn cầu,글로벌 채권
글로컬리제이션,316,vie_Latn,Toàn cầu hóa và địa phương hóa,세계화와 지역화
금고주,1116,vie_Latn,Cổ phiếu quỹ,펀드 주식
금리선물,789,vie_Latn,Hợp đồng kỳ hạn lãi suất,유가 기간 계약
금리선물옵션,424,vie_Latn,Quyền chọn hợp đồng tương lai lãi suất,유가 선물 옵션
금리스왑,790,vie_Latn,Hoán đổi lãi suất,이산화탄소
금리연동부사채,317,vie_Latn,Trái phiếu có lãi suất thả nổi,이자율이 낮은 채권
금리확정부사채,318,vie_Latn,Trái phiếu không có lãi suất cố định,고정금리 채권
금외신탁,791,vie_Latn,Quỹ ủy thác ngoài nước,해외 위탁기금
금융감독위원회/금융감독원,59,vie_Latn,Ủy ban Giám sát Tài chính/Cơ quan Giám sát Tài chính,금융감독위원회/금융감독원
금융결제원,594,vie_Latn,Trung tâm Thanh toán Tài chính,금융결제센터
금융공학,792,vie_Latn,Kỹ thuật tài chính,금융 기술
금융기관,793,vie_Latn,Tổ chức tài chính,금융 기관
금융리스,794,vie_Latn,Cho thuê tài chính,재정적 임대
금융비용,795,vie_Latn,Chi phí tài chính,재정적 비용
금융선물거래,425,vie_Latn,Giao dịch hợp đồng tương lai tài chính,금융 선물 거래
금융소득종합과세,238,vie_Latn,Đánh thuế tổng hợp đối với thu nhập từ hoạt động tài chính,금융업의 소득에 대한 종합적인 세금
금융쇼핑몰,595,vie_Latn,Trung tâm mua sắm tài chính,금융 쇼핑 센터
금융시장,796,vie_Latn,Thị trường tài chính,금융 시장
금융실명제,596,vie_Latn,Chế độ thực danh trong lĩnh vực tài chính,금융의 실명 체제
금융어음,797,vie_Latn,Hối phiếu tài chính,금융투자
금융자산,798,vie_Latn,Tài sản tài chính,금융 자산
금융장세,799,vie_Latn,Tình hình thị trường tài chính,금융시장 상황
금융지주회사,426,vie_Latn,Tập đoàn tài chính,금융 그룹
금융채,1117,vie_Latn,Trái phiếu tài chính,금융채권
금융통화운영위원회,181,vie_Latn,Ủy ban Điều hành Tài chính và Tiền tệ,금융통화운영위원회
금전신탁,800,vie_Latn,Quỹ ủy thác tiền tệ,통화신탁기금
기간구조,801,vie_Latn,Cấu trúc thời gian,시간 구조
기간물 repo,239,vie_Latn,Hợp đồng repo kỳ hạn,연장 리포 계약
기관결제제도,427,vie_Latn,Hệ thống thanh toán qua tổ chức,조직적 결제 시스템
기관투자가 결제제도,142,vie_Latn,Hệ thống thanh toán dành cho nhà đầu tư tổ chức,기관 투자자를 위한 결제 시스템
기관투자가,597,vie_Latn,Nhà đầu tư tổ chức,조직 투자자
기관화현상,598,vie_Latn,Hiện tượng thể chế hóa,제도화 현상
기대수익률,599,vie_Latn,Tỷ suất sinh lời kỳ vọng,기대 수익률
기대이론,802,vie_Latn,Lý thuyết kỳ vọng,기대 이론
기말계속예탁제도,240,vie_Latn,Chế độ lưu ký liên tục đến cuối kỳ,기간이 끝날 때까지 계속된 저장 모드
기명날인,803,vie_Latn,Chữ ký và con dấu,서명과 봉인
기명사채,804,vie_Latn,Trái phiếu có ghi tên,명칭이 있는 채권
기명주식,805,vie_Latn,Cổ phiếu ghi danh,주식 등록
기본적분석,600,vie_Latn,Phân tích cơ bản,기본적인 분석
기세,1265,vie_Latn,Sức mạnh,힘
기술적분석,601,vie_Latn,Phân tích kỹ thuật,기술 분석
기어링 레이쇼,319,vie_Latn,Tỷ số truyền,전송 비율
기업공개,806,vie_Latn,Phát hành cổ phiếu ra công chúng,주식을 공개합니다.
기업회계기준,428,vie_Latn,Tiêu chuẩn kế toán doanh nghiệp,기업 회계 표준
기준일,1118,vie_Latn,Ngày tham chiếu,참고 날짜
기채시장,807,vie_Latn,Thị trường trái phiếu chính phủ,정부 채권 시장
기초자산,808,vie_Latn,Tài sản cơ sở,기본 자산
기축통화,809,vie_Latn,Tiền tệ dự trữ,리저브 통화
기한부어음,602,vie_Latn,Hối phiếu có thời hạn,유권자의 기간
기회비용,810,vie_Latn,Chi phí cơ hội,기회비용
나스닥,1119,vie_Latn,Nasdaq,나스닥
납입자본금,603,vie_Latn,Vốn góp,기부금
납회,1266,vie_Latn,Buổi họp cuối năm,연말 회의
내부결제,811,vie_Latn,Thanh toán nội bộ,내부 결제
내부금융,812,vie_Latn,Tài chính nội bộ,국내 재무
내부수익률,604,vie_Latn,Tỷ suất sinh lời nội bộ,내부 수익률
내부유보,813,vie_Latn,Lợi nhuận giữ lại,이윤을 유지하세요
내부자거래,605,vie_Latn,Giao dịch nội gián,내부 거래
내재가치,814,vie_Latn,Giá trị nội tại,내재적 가치
누적적 우선주,320,vie_Latn,Cổ phiếu ưu đãi tích lũy,누적 증권
누적적참가우선주,241,vie_Latn,Cổ phiếu ưu đãi tích lũy,누적 증권
누적투표제,606,vie_Latn,Hệ thống bỏ phiếu tích lũy,누적 투표 시스템
뉴라운드,815,vie_Latn,New Round,뉴 라운드
뉴욕증권거래소,321,vie_Latn,Sàn Giao dịch Chứng khoán New York,뉴욕 증권거래소
니케이 평균지수,242,vie_Latn,Chỉ số trung bình Nikkei,니케이 평균 지수
다자간 차감,429,vie_Latn,Khấu trừ đa phương,다면적 마이너스
다지수모형,607,vie_Latn,Mô hình đa chỉ số,다인덱스 모델
단기금융시장 상호기금,110,vie_Latn,Quỹ tương hỗ thị trường tài chính ngắn hạn,단기 금융시장 상호펀드
단기금융시장,430,vie_Latn,Thị trường tài chính ngắn hạn,단기 금융 시장
단기채,1120,vie_Latn,Trái phiếu ngắn hạn,단기 채권
단독주주권,608,vie_Latn,Quyền của cổ đông duy nhất,유일한 주주권
단순보관연계,431,vie_Latn,Liên kết lưu trữ đơn thuần,단순 저장 링크
단순주가지수,432,vie_Latn,Chỉ số chứng khoán đơn giản,간단한 주식 지수
단순주가평균,433,vie_Latn,Giá trung bình đơn giản,간단한 평균값
단위형 투자신탁,243,vie_Latn,Quỹ đầu tư theo đơn vị,유닛별 투자펀드
단일지수모형,434,vie_Latn,Mô hình chỉ số đơn,단일 지수 모델
단주,1267,vie_Latn,Một ly,한 잔
단주매각대금,435,vie_Latn,Số tiền thu được từ việc bán cổ phần,주식 판매로 얻은 금액
담보거래,816,vie_Latn,Giao dịch có bảo đảm,거래가 보장됩니다.
담보관리제도,436,vie_Latn,Hệ thống quản lý tài sản thế chấp,모기지 자산 관리 시스템
담보물,1121,vie_Latn,Tài sản thế chấp,모기지 자산
담보부사채,609,vie_Latn,Trái phiếu có bảo đảm,유가증권은 보장됩니다
담보유가증권,437,vie_Latn,Chứng khoán đảm bảo,담보증권
담보유지비율,438,vie_Latn,Tỷ lệ duy trì tài sản thế chấp,모기지 보유율
당일결제거래,439,vie_Latn,Giao dịch thanh toán trong ngày,당일 결제 거래
당일자금,817,vie_Latn,Tiền mặt trong ngày,당일 현금
당좌대월,818,vie_Latn,Vay vượt hạn mức tài khoản vãng lai,부채가 회계수준을 넘어서면
당좌차월,819,vie_Latn,Vay qua kỳ hạn tài khoản vãng lai,이산화탄소 (이산화탄소)
대권,1268,vie_Latn,Cuộc đua vào Nhà Trắng,백악관 경쟁
대금지급보증시스템,182,vie_Latn,Hệ thống bảo lãnh thanh toán,결제 보증 시스템
대기시스템,610,vie_Latn,Hệ thống xử lý không khí,공기 처리 시스템
대량매매,820,vie_Latn,Giao dịch khối lượng lớn,대용량 거래
대량주식보유상황공시제도,73,vie_Latn,Hệ thống công bố thông tin về tình hình nắm giữ cổ phiếu với số lượng lớn,대규모 주식 보유에 대한 정보를 공개하는 시스템
대량주식소유의 제한,143,vie_Latn,Hạn chế sở hữu cổ phần với số lượng lớn,대용량의 주식을 소유하는 것을 제한합니다
대변이체시스템,322,vie_Latn,Hệ thống chuyển phân,배설물 전달 시스템
대용가격,821,vie_Latn,Giá thay thế,대안 가격
대용증거금 필요액,183,vie_Latn,Số tiền ký quỹ thay thế cần thiết,필요한 대안 보증금
대용증권,822,vie_Latn,Chứng khoán thay thế,대체 증권
대주,1269,vie_Latn,Cổ đông lớn,큰 주식
대주비율,823,vie_Latn,Tỷ lệ nợ trên vốn chủ sở hữu,소유자 자본에 대한 부채 비율
대주주,1122,vie_Latn,Cổ đông lớn,큰 주식
대차수수료,611,vie_Latn,Phí cho vay,대출금
대체거래시스템,323,vie_Latn,Hệ thống giao dịch thay thế,대체 거래 시스템
대체결제제도,440,vie_Latn,Hệ thống thanh toán thay thế,대체 결제 시스템
대체물/대체성,324,vie_Latn,Chất thay thế/Khả năng thay thế,대체물질/반응 가능성
대체비용위험,441,vie_Latn,Rủi ro chi phí thay thế,대체 비용의 위험
대표소송,824,vie_Latn,Vụ kiện đại diện,대리소송
대표채권,825,vie_Latn,Trái phiếu đại diện,대표적인 채권
대행업무 수탁계약,184,vie_Latn,Hợp đồng ủy thác dịch vụ,서비스 위탁 계약
데드크로스,612,vie_Latn,Dead Cross,데드 크로스
독일증권시장의 주가지수,74,vie_Latn,Chỉ số chứng khoán của thị trường chứng khoán Đức,독일 증권 시장의 증권 지수
동시호가,826,vie_Latn,Đấu giá đồng thời,동시에 경매
동일주주,827,vie_Latn,Cổ đông cùng một bên,주주와 함께
동증주가지수,442,vie_Latn,Chỉ số chứng khoán Dongjeong,동경 증권 지수
듀레이션,828,vie_Latn,Thời lượng,기간
등가수익률,613,vie_Latn,Tỷ suất sinh lời tương đương,동등한 수익률
등록기관,829,vie_Latn,Cơ quan đăng ký,등록 기관
등록대리인,614,vie_Latn,Đại diện đăng ký,등록 대리인
등록법인,830,vie_Latn,Tổ chức được đăng ký,등록된 단체
등록질,1123,vie_Latn,Câu hỏi đã đăng ký,등록된 질문
등록채권,831,vie_Latn,Khoản nợ đã đăng ký,등록된 채권
"등록필증, 등록필통지서",75,vie_Latn,"Giấy chứng nhận đăng ký, Thông báo đăng ký","등록 증명서, 등록 통지"
디스카운트 브로커,185,vie_Latn,Công ty môi giới chiết khấu,할인중개회사
딜러,1270,vie_Latn,Người chia bài,카드 분담자
랜덤워크가설,443,vie_Latn,Giả thuyết đi bộ ngẫu nhiên,무작위 걸음걸이 이론
랩 어카운트,444,vie_Latn,Tài khoản Lab,연구소 계좌
런던은행간 대출금리,144,vie_Latn,Lãi suất cho vay liên ngân hàng tại London,런던의 인터뱅크 대출금리
런던은행간 예금금리,145,vie_Latn,Lãi suất tiền gửi liên ngân hàng tại London,런던의 은행 간 예금 금리
레버리지 효과,325,vie_Latn,Hiệu ứng đòn bẩy,레버링 효과
마코위츠 이론,326,vie_Latn,Lý thuyết Makowitz,마코비츠 이론
마크다운,832,vie_Latn,Markdown,마크다운
마팅게일모형,445,vie_Latn,Mô hình Martingale,마틴게일 모델
만기,1271,vie_Latn,Hạn thanh toán,결제 기간
만기보유전략,446,vie_Latn,Chiến lược nắm giữ đến ngày đáo hạn,마감일까지 보유 전략
만기수익률,615,vie_Latn,Lợi suất đến hạn,유한수익
매매거래정지,447,vie_Latn,Tạm ngừng giao dịch,거래 중단
매매거래중단,448,vie_Latn,Tạm ngừng giao dịch mua bán,거래 중단
매매보고서,616,vie_Latn,Báo cáo giao dịch,거래 보고
매매상대방,617,vie_Latn,Bên giao dịch,거래자
매매심리,833,vie_Latn,Tâm lý thị trường,시장 심리학
매매입회장,618,vie_Latn,Hội trường giao dịch mua bán,거래소
매매중지장치,449,vie_Latn,Thiết bị ngắt giao dịch,거래 중단 장치
매매확인,834,vie_Latn,Xác nhận giao dịch,트랜잭션 확인
매출,1272,vie_Latn,Doanh thu,매출
멀티미디어금융시대,186,vie_Latn,Thời đại tài chính đa phương tiện,멀티미디어 금융 시대
명령상장,835,vie_Latn,Niêm yết theo lệnh,명령대로 등록하세요
명목이자율,619,vie_Latn,Lãi suất danh nghĩa,이산화탄소
명의개서 대행회사,187,vie_Latn,Công ty đại diện làm thủ tục chuyển nhượng quyền sở hữu,대표회사가 소유권 이전 절차를 수행합니다.
명의개서 정지기간,188,vie_Latn,Thời gian tạm ngừng chuyển nhượng quyền sở hữu,소유권 양도 중단 기간
명의개서,836,vie_Latn,Chuyển nhượng quyền sở hữu,소유권 이전
명의개서대리인,327,vie_Latn,Người đại diện chuyển nhượng quyền sở hữu,소유권 이전 대리인
명의개서대행업무,244,vie_Latn,Dịch vụ đại diện chuyển nhượng quyền sở hữu,소유권 이전 대리점 서비스
모기지담보부증권,245,vie_Latn,Chứng khoán được bảo đảm bằng thế chấp,증권은 담보로 보장됩니다.
모듈기업,837,vie_Latn,Doanh nghiệp sản xuất mô-đun,모듈 제조업
모집,1273,vie_Latn,Tuyển dụng,채용
모집설립,838,vie_Latn,Tuyển dụng và thành lập,채용 및 설립
무권화,1124,vie_Latn,Tự động hóa,자동화
무기명주식,620,vie_Latn,Cổ phiếu không ghi tên,이름 없는 주식
무기명채권,621,vie_Latn,Trái phiếu không ghi tên,이름 없는 채권
무담보사채,622,vie_Latn,Trái phiếu không có tài sản đảm bảo,자금이 없는 채권
무배당,1125,vie_Latn,Không chia cổ tức,배당이 없습니다.
무배주,1126,vie_Latn,Rượu không cồn,알코올 없는 술
무보증사채,623,vie_Latn,Trái phiếu không có bảo đảm,유가증권은 보장되지 않습니다.
무상증자,839,vie_Latn,Phát hành cổ phiếu miễn phí,무료 주식 발행
무액면주식,624,vie_Latn,Cổ phiếu không có mệnh giá,주식에는 가치가 없습니다.
무위험 이자율,328,vie_Latn,Lãi suất không rủi ro,리스크 없는 이자율
무의결권주,625,vie_Latn,Cổ phiếu không có quyền biểu quyết,주식에는 투표권이 없습니다.
무츄얼펀드,626,vie_Latn,Quỹ đầu tư chung,공동 투자 기금
물상대위,840,vie_Latn,Thay thế vật chất,물질적 대체
물적담보,841,vie_Latn,Tài sản thế chấp,모기지 자산
뮤추얼펀드 관리회사,146,vie_Latn,Công ty quản lý quỹ đầu tư,투자 펀드 관리 회사
뮤추얼펀드 인수회사,147,vie_Latn,Công ty mua lại quỹ đầu tư chung,주식회사 인수
미국형옵션,627,vie_Latn,Quyền chọn kiểu Mỹ,미국식 선택
미발행증권거래,329,vie_Latn,Giao dịch chứng khoán chưa phát hành,발행되지 않은 증권 거래
미청산계약,628,vie_Latn,Hợp đồng chưa thanh toán,계약금 상환
바벨형 만기구성전략,148,vie_Latn,Chiến lược cấu trúc danh mục đầu tư kiểu Babel,바벨형 포트폴리오 구조 전략
바스켓방식,629,vie_Latn,Phương pháp giỏ,바구니 방법
바흐만보고서,450,vie_Latn,Báo cáo Bachmann,바흐만 보고서
반대매매,842,vie_Latn,Giao dịch ngược chiều,거꾸로 거래
발기설립,843,vie_Latn,Thành lập,설립
발기인,1127,vie_Latn,Người sáng lập,창업자
발기인조합,630,vie_Latn,Hiệp hội các nhà sáng lập,창업자 협회
발행가액,844,vie_Latn,Giá phát hành,발행 가격
발행시장,845,vie_Latn,Thị trường phát hành,발행 시장
배당,1274,vie_Latn,Cổ tức,배당
배당가능이익,451,vie_Latn,Lợi nhuận có thể chia cổ tức,이윤은 배당할 수 있습니다.
배당금지급청구권,246,vie_Latn,Quyền yêu cầu chi trả cổ tức,배당금을 청구할 수 있는 권리
배당기산일,631,vie_Latn,Ngày tính cổ tức,배당 당일
배당락,1128,vie_Latn,Ngày chốt quyền nhận cổ tức,배당권 결제일
배당성향,846,vie_Latn,Tỷ lệ chi trả cổ tức,배당금 지급율
배당소득,847,vie_Latn,Thu nhập từ cổ tức,배당금 수입
배당소득세,632,vie_Latn,Thuế thu nhập từ cổ tức,이산 소득세
배당의 정보효과,247,vie_Latn,Hiệu ứng thông tin của cổ tức,배당금의 정보효과
배당정책,848,vie_Latn,Chính sách chia cổ tức,배당 정책
배당평가모형,452,vie_Latn,Mô hình đánh giá cổ tức,이윤 평가 모델
배서,1275,vie_Latn,Chữ ký,서명
백워데이션,633,vie_Latn,Đảo ngược,뒤집은 섬
벌처펀드,849,vie_Latn,Quỹ đầu tư mạo hiểm,벤처펀드
법정과실,850,vie_Latn,Sai sót theo quy định của pháp luật,법에 의한 오류
법정관리,851,vie_Latn,Quản lý theo pháp luật,법적인 관리
법정담보물권,453,vie_Latn,Quyền thế chấp theo pháp luật,법적인 보증금
법정대위,852,vie_Latn,Đại diện theo pháp luật,법적 대리인
법정청산,853,vie_Latn,Thanh lý theo pháp luật,법적인 순결성
베이시스,854,vie_Latn,Basis,베이스
베타계수,855,vie_Latn,Hệ số beta,베타 계수
베타위험,856,vie_Latn,Rủi ro phiên bản beta,베타 버전의 위험
병행증자,857,vie_Latn,Phát hành cổ phiếu tăng vốn song song,자금 증대 주식 발행
보관기관,858,vie_Latn,Cơ quan lưu trữ,기록물 기관
보관원장,859,vie_Latn,Sổ đăng ký lưu trữ,아카이브 레지스터
보관위험,860,vie_Latn,Rủi ro bảo quản,보존의 위험
보유기간수익률,330,vie_Latn,Lợi suất trong kỳ nắm giữ,보유 기간 동안의 수익률
보유비용,861,vie_Latn,Chi phí nắm giữ,보유비용
보증사채,862,vie_Latn,Trái phiếu có bảo đảm,유가증권은 보장됩니다
보통거래,863,vie_Latn,Giao dịch thông thường,일반적인 거래
보통결의,864,vie_Latn,Nghị quyết thông thường,보통의 결의
보통주,1129,vie_Latn,Cổ phiếu phổ thông,주식
보호예수,865,vie_Latn,Thời gian khóa cổ phiếu,주식 폐쇄 시간
보호예수증서,454,vie_Latn,Giấy chứng nhận cổ phiếu bị hạn chế chuyển nhượng,유통 제한된 주식증권
복리채,1130,vie_Latn,Trái phiếu lãi kép,이중 이자 채권
복수통화대출,455,vie_Latn,Khoản vay đa tiền tệ,다화폐 대출
복수통화표시채,331,vie_Latn,Trái phiếu hiển thị nhiều loại tiền tệ,다양한 통화를 표시하는 채권
본질가치,866,vie_Latn,Giá trị cốt lõi,핵심 가치
부당권유행위의 금지,149,vie_Latn,Cấm các hành vi chào mời không công bằng,불공정한 초대 행위는 금지됩니다.
부도방지협약,456,vie_Latn,Thỏa thuận phòng ngừa vỡ nợ,파산 방지 협정
부도처리유예,457,vie_Latn,Hoãn xử lý phá sản,파산 취소
부동담보제도,458,vie_Latn,Chế độ thế chấp bất động sản,부동산 담보제도
부동산 투자신탁,248,vie_Latn,Quỹ đầu tư bất động sản,부동산 투자펀드
부동주,1131,vie_Latn,Budoongju,Budoongju
부동화,1132,vie_Latn,Khóa chặt,꽉 막아
부보관기관,634,vie_Latn,Cơ quan lưu trữ phụ,부고 기관
부실채권 정리기금,189,vie_Latn,Quỹ xử lý nợ xấu,나쁜 채무 처리 기금
부실채권,867,vie_Latn,Nợ xấu,나쁜 빚
부실채권정리기금채권,150,vie_Latn,Trái phiếu Quỹ xử lý nợ xấu,부실 채권 재단
부전환대리인,459,vie_Latn,Đại lý không chuyển đổi,에이전트는 전환되지 않습니다.
분리결제,868,vie_Latn,Thanh toán riêng biệt,별도의 지불
분리과세,869,vie_Latn,Đánh thuế riêng biệt,별도의 세금
분리형증권,635,vie_Latn,Chứng khoán tách rời,분리된 증권
분매기관,870,vie_Latn,Cơ quan phân phối,배급 기관
분배락조치,636,vie_Latn,Các biện pháp phân phối lại,재분배 조치
분산투자,871,vie_Latn,Đầu tư phân tán,분산된 투자
분할납입채,637,vie_Latn,Nợ trả góp,빚을 갚고
불독채,1133,vie_Latn,Cây Bulldog,불독나무
불릿채,1134,vie_Latn,Cây bông lau,나무
브래디채권,638,vie_Latn,Trái phiếu Brady,브레이디 채권
브로커,1135,vie_Latn,Môi giới,환경
브로커스 론,460,vie_Latn,Khoản vay qua môi giới,중개자 대출
브릿지,1136,vie_Latn,Cầu,다리
브릿지론,872,vie_Latn,Khoản vay cầu nối,연결금 대출
블루 리스트,461,vie_Latn,Danh sách Xanh,녹색 목록
비가격경쟁,639,vie_Latn,Cạnh tranh phi giá cả,치열한 경쟁
비거주자,873,vie_Latn,Người không cư trú,거주자가 아닌 사람
비과세소득,640,vie_Latn,Thu nhập miễn thuế,세금 없는 수입
비상장증권,641,vie_Latn,Chứng khoán chưa niêm yết,상장되지 않은 증권
비전형계약,642,vie_Latn,Hợp đồng phi tiêu chuẩn,비표준 계약
비체계적 위험,332,vie_Latn,Rủi ro phi hệ thống,비시스템적 위험
비통화금융기관,333,vie_Latn,Tổ chức tài chính phi tiền tệ,비통화 금융 기관
비회원증권회사,334,vie_Latn,Công ty chứng khoán không phải là thành viên,주식회사는 회원사가 아닙니다.
빅뱅,1276,vie_Latn,Big Bang,빅뱅
빅보오드,874,vie_Latn,Big Board,빅 보드
빗더마켓 전략,335,vie_Latn,Chiến lược Bitder Market,비터 시장 전략
사고신고,875,vie_Latn,Báo cáo tai nạn,사고 보고
사고증권 가신고제도,151,vie_Latn,Hệ thống đăng ký sơ bộ chứng khoán bị mất,예비 증권 등록 시스템은 사라졌습니다.
사고증권,876,vie_Latn,Chứng khoán bị sự cố,증권사고
사내유보,877,vie_Latn,Lợi nhuận giữ lại trong công ty,이윤은 회사에서 유지됩니다.
사다리형 만기구성전략,111,vie_Latn,Chiến lược xây dựng danh mục đầu tư theo mô hình thang,계단형 포트폴리오 구축 전략
사모,1277,vie_Latn,Quỹ đầu tư tư nhân,개인 투자 기금
사모펀드,878,vie_Latn,Quỹ đầu tư tư nhân,개인 투자 기금
사무라이본드,462,vie_Latn,Samurai Bond,사무라이 본드
사설증권시장,463,vie_Latn,Thị trường chứng khoán tư nhân,개인 증권 시장
사업보고서,643,vie_Latn,Báo cáo hoạt động kinh doanh,사업 활동 보고서
사업설명서,644,vie_Latn,Tài liệu giới thiệu dự án,프로젝트 소개 문서
사이또리회원,464,vie_Latn,Thành viên Saitori,사이토리 멤버
사이버 주주총회,249,vie_Latn,Đại hội cổ đông trực tuyến,온라인 주주총회
사전매매대조과정,250,vie_Latn,Quy trình đối chiếu giao dịch trước,트랜잭션 사전 비교 과정
사채권,1137,vie_Latn,Trái phiếu tư nhân,개인 채권
사채발행,879,vie_Latn,Phát hành trái phiếu tư nhân,개인 채권 발행
사채원부,880,vie_Latn,Sổ đăng ký trái phiếu tư nhân,개인 채권 등록기록
산업금융채권,465,vie_Latn,Trái phiếu tài chính công nghiệp,산업 금융 채권
상계적 차감,466,vie_Latn,Khấu trừ theo phương pháp bù trừ,오프셋 방식의 감면
상대매매,881,vie_Latn,Giao dịch đối ứng,대조 거래
상대매매,882,vie_Latn,Giao dịch đối ứng,대조 거래
상쇄거래,883,vie_Latn,Giao dịch bù trừ,적립 거래
상임대리인,645,vie_Latn,Đại diện thường trực,상임대표
상장,1278,vie_Latn,Niêm yết,등록
상장심사기준,467,vie_Latn,Tiêu chuẩn thẩm định niêm yết,등록된 평가 기준
상장회사협의회,336,vie_Latn,Hội đồng các công ty niêm yết,상장 회사 협의회
상품유가증권,468,vie_Latn,Chứng khoán hàng hóa,상품 증권
상호결제제도,469,vie_Latn,Hệ thống thanh toán lẫn nhau,상호 결제 시스템
상호다중연계,470,vie_Latn,Liên kết đa chiều lẫn nhau,서로 다차원적인 연결
상호단일연계,471,vie_Latn,Liên kết đơn nhất giữa các bên,당사자 사이의 유일한 연결고리
상호동시거래,472,vie_Latn,Giao dịch song phương đồng thời,동시에 양자 거래
상호동시거래,473,vie_Latn,Giao dịch song phương đồng thời,동시에 양자 거래
상호연계,884,vie_Latn,Sự liên kết lẫn nhau,상호 연관성
상호주,1138,vie_Latn,Úc,호주
상환,1279,vie_Latn,Hoàn trả,환불
상환주,1139,vie_Latn,Cổ phiếu có quyền mua lại,주식권
서면투표제,646,vie_Latn,Hệ thống bỏ phiếu bằng văn bản,문자 투표 시스템
선도거래,885,vie_Latn,Giao dịch dẫn đầu,주요 거래
선도계약,886,vie_Latn,Hợp đồng tiên phong,선구자 계약
선물거래,887,vie_Latn,Giao dịch hợp đồng tương lai,선물 거래
선물거래위원회,337,vie_Latn,Ủy ban Giao dịch Hợp đồng Tương lai,미래거래위원회
선물계약,888,vie_Latn,Hợp đồng kỳ hạn,기간 계약
선물시장,889,vie_Latn,Thị trường hợp đồng tương lai,선물 시장
선물중개상,647,vie_Latn,Nhà môi giới hợp đồng tương lai,미래에셋대우
선물환,1140,vie_Latn,Hợp đồng kỳ hạn ngoại hối,외환 선물 계약
선물환마진,648,vie_Latn,Khoản ký quỹ giao dịch ngoại hối kỳ hạn,전속 외환거래 기증기금
선의취득,890,vie_Latn,Sở hữu thiện chí,선의의 소유자
성장주,1141,vie_Latn,Cổ phiếu tăng trưởng,성장 주식
소비대차,891,vie_Latn,Cho vay tiêu dùng,소비자 대출
소비임치,892,vie_Latn,Gửi tiền tiêu dùng,소비자 돈을 보내세요
소수주주권,649,vie_Latn,Quyền của cổ đông thiểu số,소수 주주들의 권리
소액주주,893,vie_Latn,Cổ đông nhỏ lẻ,소액 주주
송금이체,894,vie_Latn,Chuyển khoản,송금
수권자본제도,474,vie_Latn,Chế độ vốn ủy quyền,권한 있는 자본 체제
수도부족분<결제부족분>,76,vie_Latn,Số tiền thiếu trong quỹ thủ đô <Số tiền thiếu trong quỹ thanh toán>,자본금의 적재자금
수량우선의 원칙,251,vie_Latn,Nguyên tắc ưu tiên số lượng,우선 순위 원칙
수요예측방식,475,vie_Latn,Phương pháp dự báo nhu cầu,수요를 예측하는 방법
수의상환<임의상환>,152,vie_Latn,Hoàn trả theo thỏa thuận <Hoàn trả tự nguyện>,계약에 따라 반환합니다.
수의상환사채,476,vie_Latn,Trái phiếu có thể chuyển đổi thành cổ phiếu,채권은 주식으로 전환될 수 있습니다.
수익률,1142,vie_Latn,Tỷ suất sinh lời,수익률
수익률곡선,650,vie_Latn,Đường cong lợi suất,수익률 곡선
수익률곡선타기전략,190,vie_Latn,Chiến lược đầu tư theo đường cong lợi suất,수익곡선을 따라 투자 전략
수익률스프레드,338,vie_Latn,Chênh lệch lợi suất,수익률 격차
수익자,1143,vie_Latn,Người thụ hưởng,누리꾼
수익증권,895,vie_Latn,Chứng khoán sinh lời,유가증권
수정주가평균,477,vie_Latn,Giá trung bình điều chỉnh,조정된 평균 가격
수탁계약준칙,478,vie_Latn,Quy tắc về hợp đồng ủy thác,위탁 계약에 관한 규칙
수탁자,1144,vie_Latn,Người được ủy thác,위탁받은 사람
수탁회사,896,vie_Latn,Công ty quản lý quỹ,펀드 관리 회사
순수무액면주식,339,vie_Latn,Cổ phiếu không có mệnh giá,주식에는 가치가 없습니다.
순운전자본,651,vie_Latn,Vốn lưu động,이동 자본
순자산가치,652,vie_Latn,Giá trị tài sản ròng,자산 가치
순차변·순대변잔고포지션,77,vie_Latn,Vị thế số dư bên mua và bên bán,구매자 및 판매자 모두
스왑거래,897,vie_Latn,Giao dịch hoán đổi,교환 거래
스왑션,1145,vie_Latn,Swap,교환
스위스옵션 금융선물거래소,60,vie_Latn,Sàn giao dịch quyền chọn và hợp đồng tương lai Thụy Sĩ,스위스 옵션 및 선물 거래소
스칼퍼,1146,vie_Latn,Nhà giao dịch lướt sóng,오징어 거래자
스톡옵션,898,vie_Latn,Quyền chọn cổ phiếu,주식 옵션
스트래들,899,vie_Latn,Straddle,스트래들
스트랩,1147,vie_Latn,Dây đeo,벨트
스트립,1148,vie_Latn,Dải,띠
스페셜리스트,479,vie_Latn,Chuyên gia,전문가
스폿펀드,900,vie_Latn,Quỹ đầu tư ngắn hạn,단기 투자 자금
스프레드,901,vie_Latn,Chênh lệch,격차
스프레드거래,480,vie_Latn,Giao dịch chênh lệch giá,가격 차이 거래
스프레드운용,481,vie_Latn,Quản lý chênh lệch giá,가격 차이 관리
스프리트,902,vie_Latn,Spirit,정신
시가발행제도,482,vie_Latn,Chế độ phát hành trái phiếu thành phố,도시 채권 발행 체제
시가총액,903,vie_Latn,Tổng giá trị vốn hóa thị trường,전체 시가총액
시가총액식 주가지수,153,vie_Latn,Chỉ số chứng khoán theo vốn hóa thị trường,시가총액에 따른 증권 지수
시간외 종가매매,252,vie_Latn,Giao dịch theo giá đóng cửa ngoài giờ,마감 시점에 거래
시간우선의 원칙,253,vie_Latn,Nguyên tắc ưu tiên thời gian,시간 우선의 원칙
시스템위험,653,vie_Latn,Rủi ro hệ thống,시스템적 위험
시장분할이론,483,vie_Latn,Lý thuyết phân khúc thị trường,시장 세분화 이론
시장위험,904,vie_Latn,Rủi ro thị trường,시장 위험
시장주문,905,vie_Latn,Lệnh thị trường,시장 명령
시장타이밍수입,340,vie_Latn,Thu nhập từ việc nắm bắt thời điểm thị trường,시장 시기를 잡는 수익
시장포트폴리오,341,vie_Latn,Danh mục đầu tư thị trường,시장 투자 목록
시차유동성위험,342,vie_Latn,Rủi ro thanh khoản do chênh lệch múi giờ,시간대 차이로 인한 유동성 위험
신규상장,906,vie_Latn,Niêm yết mới,새 목록
신디케이트,654,vie_Latn,Syndicate,신디케이트
신용거래,907,vie_Latn,Giao dịch tín dụng,신용 거래
신용위험,908,vie_Latn,Rủi ro tín dụng,신용 위험
신용평가기관,484,vie_Latn,Tổ chức xếp hạng tín dụng,신용등급 조직
신주인수권,655,vie_Latn,Quyền mua cổ phiếu mới,새로운 주식을 구매할 수 있는 권한
신주인수권부사채,254,vie_Latn,Trái phiếu kèm quyền mua cổ phiếu mới,새로운 주식을 구매할 수 있는 권리와 채권
신주인수권증권,343,vie_Latn,Chứng khoán quyền mua cổ phiếu mới,새로운 주식을 구매할 수 있는 증권
신주인수권증서,344,vie_Latn,Giấy chứng nhận quyền mua cổ phiếu mới,새로운 주식을 구매할 수 있는 자격증
신탁,1280,vie_Latn,Quỹ ủy thác,위탁기금
신탁계정,909,vie_Latn,Tài khoản ủy thác,위탁 계좌
신탁법,1149,vie_Latn,Luật Quản lý tài sản ủy thác,위탁물 관리법
신탁보수,910,vie_Latn,Phí quản lý quỹ,기금 관리 수수료
신탁자,1150,vie_Latn,Người ủy thác,대리인
신탁재산,911,vie_Latn,Tài sản ủy thác,위탁 자산
신탁재산표시 말소,191,vie_Latn,Xóa ghi nhận tài sản ủy thác,위탁자산 등록 삭제
신탁회사,912,vie_Latn,Công ty quản lý quỹ,펀드 관리 회사
실권주,1151,vie_Latn,Cổ phiếu không có quyền biểu quyết,주식에는 투표권이 없습니다.
실기주,1152,vie_Latn,Cổ phiếu thực tế,실제 주식
실기주과실,656,vie_Latn,Lỗi trong phần thi thực hành,실습시험의 오류
실물거래,913,vie_Latn,Giao dịch thực tế,실제 거래
실물결제,914,vie_Latn,Thanh toán bằng tiền mặt,현금으로 지불
실시간 총액(량)결제시스템,53,vie_Latn,Hệ thống thanh toán tổng số tiền (số lượng) theo thời gian thực,실시간 결제 시스템
실적배당신탁,485,vie_Latn,Quỹ phân phối lợi nhuận,수익 분배 기금
실질이자율,657,vie_Latn,Lãi suất thực tế,실제 이자율
실질주주 권리배정 명세표,61,vie_Latn,Bảng chi tiết phân bổ quyền lợi cho cổ đông thực tế,실제 주주들에 대한 이익 분배 세부 테이블
실질주주,915,vie_Latn,Cổ đông thực tế,실제 주주
실질주주증명서제도,192,vie_Latn,Chế độ chứng nhận cổ đông thực tế,실제 주주 인증 체제
실현수익률,658,vie_Latn,Tỷ suất sinh lời thực tế,실제 수익률
실효이자율,659,vie_Latn,Lãi suất thực tế,실제 이자율
쌍방연계방식,486,vie_Latn,Phương thức liên kết hai chiều,쌍방향 연결 방식
써클결제,916,vie_Latn,Thanh toán qua Circle,서클을 통해 결제
아리랑본드,660,vie_Latn,Arirang Bond,아리랑 본드
아시아·태평양 중앙예탁기관협의회,28,vie_Latn,Hội đồng các tổ chức lưu ký trung ương khu vực châu Á-Thái Bình Dương,아시아 태평양 지역 중앙 보관 기관 협의회
아시안달러본드,345,vie_Latn,Trái phiếu bằng đồng đô la châu Á,아시아 달러의 채권
액면가,1153,vie_Latn,Mệnh giá,운명
액면발행,917,vie_Latn,Phát hành theo mệnh giá,부가가치로 발행
액면분할,918,vie_Latn,Chia cổ phiếu,주식분할
양도담보,919,vie_Latn,Thế chấp chuyển nhượng,양보
양도성예금증서,346,vie_Latn,Chứng chỉ tiền gửi có thể chuyển nhượng,송금증서
양키달러시장,487,vie_Latn,Thị trường đồng đô la Mỹ,미국 달러 시장
양키본드,920,vie_Latn,Yankee Bond,양키 본드
어카운트 결제,347,vie_Latn,Thanh toán tài khoản,계좌 결제
언더라이터,661,vie_Latn,Người thẩm định rủi ro,위험 평가자
역금리,1154,vie_Latn,Lãi suất âm,마이너스 금리
역레포,1155,vie_Latn,Giao dịch repo ngược,리버스 리포 거래
역분식결산,662,vie_Latn,Kết toán theo phương pháp phân bổ ngược,역분배로 계산합니다.
역외금융,921,vie_Latn,Tài chính ngoài lãnh thổ,해외 금융
역외시장,922,vie_Latn,Thị trường ngoài lãnh thổ,해외 시장
역외자금,923,vie_Latn,Vốn từ nước ngoài,외국 자본
역외펀드,924,vie_Latn,Quỹ đầu tư ngoài lãnh thổ,해외 투자 기금
연기금,1156,vie_Latn,Quỹ hưu trí,연금 기금
연방준비은행,488,vie_Latn,Ngân hàng Dự trữ Liên bang,연방준비은행
연방준비제도,489,vie_Latn,Cục Dự trữ Liên bang,연방준비부
연속결제,925,vie_Latn,Thanh toán định kỳ,주기적인 지불
연속차감결제,490,vie_Latn,Thanh toán trừ dần liên tục,계속적으로 니다.
연쇄거래,926,vie_Latn,Giao dịch liên tiếp,연속 거래
영구사채,927,vie_Latn,Trái phiếu vĩnh viễn,영구 채권
영시조항,928,vie_Latn,Điều khoản về thơ ca cổ điển,고전 시에 관한 조항
예납조치,929,vie_Latn,Biện pháp nộp trước,사전 접수 방법
예비증권,930,vie_Latn,Chứng khoán dự trữ,주식 증권
예탁,1281,vie_Latn,Gửi ký quỹ,보증금을 보내세요
예탁계좌,931,vie_Latn,Tài khoản ký quỹ,기금 계좌
예탁대상유가증권,255,vie_Latn,Chứng khoán có thể ký quỹ,유가증권
예탁자,1157,vie_Latn,Chủ tài khoản ký quỹ,기금 계좌 소유자
예탁자계좌부,491,vie_Latn,Sổ tài khoản người gửi ký quỹ,기증자 계좌
예탁자기금,663,vie_Latn,Quỹ người gửi ký quỹ,기증자 재단
예탁증명서제도,348,vie_Latn,Hệ thống chứng chỉ lưu ký,기록 인증서 시스템
예탁증서,932,vie_Latn,Chứng chỉ lưu ký,기증증
옐로우칩,933,vie_Latn,Yellow Chip,황색 칩
오버나이트 repo,154,vie_Latn,Repo qua đêm,하룻밤 동안 리포
온라인 리얼타임 시스템,78,vie_Latn,Hệ thống trực tuyến thời gian thực,실시간 온라인 시스템
온라인 증권거래,256,vie_Latn,Giao dịch chứng khoán trực tuyến,온라인 증권 거래
온라인 투자은행,257,vie_Latn,Ngân hàng đầu tư trực tuyến,온라인 투자 은행
옵션,1282,vie_Latn,Tùy chọn,선택
옵션가격결정모형,258,vie_Latn,Mô hình xác định giá quyền chọn,옵션 가격을 결정하는 모델
옵션거래,934,vie_Latn,Giao dịch quyền chọn,옵션 거래
옵션부사채,664,vie_Latn,Trái phiếu có quyền chọn,채권은 선택권을 가지고 있습니다.
외국보관기관,492,vie_Latn,Tổ chức lưu trữ nước ngoài,해외기록기구
외국시장거래,493,vie_Latn,Giao dịch trên thị trường nước ngoài,해외 시장에서의 거래
외국인 투자등록번호,155,vie_Latn,Số đăng ký đầu tư nước ngoài,외국 투자 등록 번호
외국채,1158,vie_Latn,Trái phiếu nước ngoài,해외 채권
외국환거래법,494,vie_Latn,Luật Giao dịch Ngoại hối,외환거래법
외부금융,935,vie_Latn,Tài chính bên ngoài,외부 금융
외수펀드,936,vie_Latn,Quỹ đầu tư nước ngoài,외국 투자 기금
외평채,1159,vie_Latn,Trái phiếu ngoại hối,외환 채권
외화증권,937,vie_Latn,Chứng khoán ngoại tệ,외환 증권
외화차입 담보관리제,156,vie_Latn,Hệ thống quản lý tài sản đảm bảo cho các khoản vay bằng ngoại tệ,외환 대출을 보장하는 자산 관리 시스템
외환시장,938,vie_Latn,Thị trường ngoại hối,외환 시장
우량주,1160,vie_Latn,Cổ phiếu blue-chip,블루칩 주식
우리사주조합,495,vie_Latn,Hiệp hội Cổ đông Nhân viên,직원 주주 협회
우선주,1161,vie_Latn,Cổ phiếu ưu đãi,유리한 주식
운영위험,939,vie_Latn,Rủi ro hoạt động,활동적 위험
운영위험,940,vie_Latn,Rủi ro hoạt động,활동적 위험
워크아웃,941,vie_Latn,Chương trình tái cơ cấu nợ,부채 재구성 프로그램
원본위험,942,vie_Latn,Rủi ro từ bản gốc,원래의 위험
원천과세,943,vie_Latn,Khấu trừ thuế tại nguồn,근원세 감면
원천징수,944,vie_Latn,Khấu trừ tại nguồn,소스 마감
원화표시채권,496,vie_Latn,Trái phiếu niêm yết bằng đồng won,원으로 등록된 채권
웹거래시스템,497,vie_Latn,Hệ thống giao dịch trực tuyến,온라인 거래 시스템
위약손해배상공동기금,157,vie_Latn,Quỹ chung bồi thường thiệt hại do vi phạm hợp đồng,계약 위반으로 인한 손해배상금
위임장,1162,vie_Latn,Giấy ủy quyền,위임서
위임장경쟁,665,vie_Latn,Cuộc cạnh tranh giành giấy ủy quyền,라이선스 공모전
위탁매매,945,vie_Latn,Giao dịch ủy thác,위탁 거래
위탁수수료,666,vie_Latn,Phí ủy thác,위탁 수수료
위탁자,1163,vie_Latn,Chủ ủy thác,대리인
위탁자청산서비스,259,vie_Latn,Dịch vụ thanh lý tài sản cho khách hàng ủy thác,위탁 고객을 위한 자산 청산 서비스
위탁증거금,667,vie_Latn,Khoản ký quỹ ủy thác,위탁기금
위탁회사,946,vie_Latn,Công ty ủy thác,위탁회사
위험프리미엄,498,vie_Latn,Phí rủi ro,위험 요금
유가증권 현송,349,vie_Latn,Chuyển nhượng chứng khoán,증권 양도
유가증권,947,vie_Latn,Chứng khoán,증권
유가증권신고서,350,vie_Latn,Báo cáo niêm yết chứng khoán,주식 상장 보고서
유동성,1164,vie_Latn,Thanh khoản,현금
유동성위험,668,vie_Latn,Rủi ro thanh khoản,유동성 위험
유동화 중개기관,260,vie_Latn,Tổ chức trung gian chứng khoán hóa,증권 중개 기관
유럽중앙예탁기관협의회,112,vie_Latn,Hội đồng các tổ chức lưu ký trung ương châu Âu,중앙 유럽 보관소 협의회
유럽중앙은행,499,vie_Latn,Ngân hàng Trung ương Châu Âu,유럽 중앙은행
유럽통화단위,500,vie_Latn,Đơn vị tiền tệ châu Âu,유럽 통화 단위
유럽통화제도,501,vie_Latn,Hệ thống tiền tệ châu Âu,유럽 통화 시스템
유럽형 옵션,502,vie_Latn,Tùy chọn kiểu châu Âu,유럽식 선택
유로,1283,vie_Latn,Euro,유로
유로달러,948,vie_Latn,Eurodollar,유로 달러
유로머니,949,vie_Latn,Euromoney,유로 머니
유로본드,950,vie_Latn,Trái phiếu châu Âu,유럽 채권
유로시장,951,vie_Latn,Thị trường Euro,유로 시장
유로통화,952,vie_Latn,Đồng Euro,유로
유보율,1165,vie_Latn,Tỷ lệ dự trữ,양보율
유상증자,953,vie_Latn,Phát hành cổ phiếu ra công chúng để huy động vốn,자본을 모금하기 위해 주식을 공개합니다.
유지증거금,669,vie_Latn,Khoản ký quỹ duy trì,유지보수 보증금
유지청구권,670,vie_Latn,Quyền yêu cầu duy trì,유지를 요구하는 권리
유치권,1166,vie_Latn,Quyền giữ lại tài sản,재산을 보유할 수 있는 권리
유통시장,954,vie_Latn,Thị trường phân phối,유통 시장
유통DR,955,vie_Latn,DR trong lĩnh vực phân phối,유통 분야에서 DR
의결권 대리인,351,vie_Latn,Người đại diện bỏ phiếu,투표 대리인
의결권 불통일행사,193,vie_Latn,Việc thực hiện quyền biểu quyết không thống nhất,투표권을 행사하는 것은 일치하지 않습니다.
의결권,1167,vie_Latn,Quyền biểu quyết,투표권
의결권대리행사 권유,158,vie_Latn,Kêu gọi ủy quyền biểu quyết,투표권 요청
의결권대리행사 권유,159,vie_Latn,Kêu gọi ủy quyền biểu quyết,투표권 요청
의결권신탁,671,vie_Latn,Ủy thác quyền biểu quyết,투표권 위탁자
의결권주,956,vie_Latn,Cổ phiếu có quyền biểu quyết,주식에는 투표권이 있습니다.
의결권행사의 제한,194,vie_Latn,Hạn chế việc thực hiện quyền biểu quyết,투표권을 제한하는 것
의제배당,957,vie_Latn,Phân phối cổ tức theo chương trình,계획에 따라 배분
의제예탁,958,vie_Latn,Gửi chứng khoán vào tài khoản ký quỹ,보증금으로 증권을 송금합니다.
이머징 마켓,503,vie_Latn,Thị trường mới nổi,신흥 시장
이익배당,959,vie_Latn,Chia cổ tức,배당
이익잉여금,672,vie_Latn,Lợi nhuận chưa phân phối,분배되지 않은 이익
이익잉여금처분계산서,160,vie_Latn,Bảng tính phân phối lợi nhuận,이윤 분배 전산
이익준비금,673,vie_Latn,Quỹ dự phòng lợi nhuận,수익보조기금
이익참가부사채,352,vie_Latn,Trái phiếu có chia lợi nhuận,이산화탄소 채권
이자 계산일수,353,vie_Latn,Số ngày tính lãi,유료일 수
이자락,1168,vie_Latn,Tia sáng,빛의 빛
이자소득,960,vie_Latn,Thu nhập từ lãi suất,이자 수입
이자율위험,674,vie_Latn,Rủi ro lãi suất,이산화탄소
이중과세,961,vie_Latn,Đánh thuế hai lần,두 번 납세
이중청약,962,vie_Latn,Đăng ký mua kép,이중 구매 등록
이표채,1169,vie_Latn,Lee Pyo-chae,Lee Pyo-chae
이행보증기관,504,vie_Latn,Tổ chức bảo lãnh thực hiện,배타조직
익일자금결제,505,vie_Latn,Thanh toán vốn vào ngày hôm sau,다음 날 자본을 지불합니다.
인덱세이션,675,vie_Latn,Chỉ mục hóa,인덱스화
인덱스펀드,676,vie_Latn,Quỹ chỉ số,지수 재단
인덴추어,963,vie_Latn,Indenture,계약서
인도형 repo,261,vie_Latn,Hợp đồng repo kiểu Ấn Độ,인도형 리포
인수,1284,vie_Latn,Tiếp nhận,받아들여집니다
인수단,1170,vie_Latn,Đoàn tiếp nhận,수용팀
인터넷 인수업자,262,vie_Latn,Nhà cung cấp dịch vụ Internet,인터넷 서비스 제공자
인터페이스,677,vie_Latn,Giao diện,인터페이스
인트라넷,964,vie_Latn,Intranet,인트라넷
일괄등록,965,vie_Latn,Đăng ký hàng loạt,대량 등록
일괄예탁,966,vie_Latn,Gửi ký quỹ hàng loạt,대량 매장
일괄처리방식,506,vie_Latn,Phương thức xử lý hàng loạt,대량 처리 방법
일반균형이론,507,vie_Latn,Lý thuyết cân bằng tổng quát,일반 균형 이론
일반담보물,678,vie_Latn,Tài sản thế chấp thông thường,일반 모기지 자산
일반사무수탁회사,263,vie_Latn,Công ty nhận ủy thác công việc hành chính thông thường,회사에서 일반적인 행정 업무를 맡습니다.
일방매매확인,508,vie_Latn,Xác nhận giao dịch đơn phương,일방적인 거래 확인
일방연계방식,509,vie_Latn,Phương thức liên kết một chiều,단방향 연결 방식
일본증권결제회사,264,vie_Latn,Công ty Thanh toán Chứng khoán Nhật Bản,일본 증권 결제 회사
일본증권보관대체기구,161,vie_Latn,Tổ chức lưu ký chứng khoán thay thế của Nhật Bản,일본의 대안 증권 보관소
일일정산,967,vie_Latn,Thanh toán hàng ngày,매일 지불
일일차감,968,vie_Latn,Khấu trừ hàng ngày,매일 마감
일임매매,969,vie_Latn,Giao dịch ủy thác,위탁 거래
일중대월,970,vie_Latn,"Một ngày, một đêm, một tháng","하루, 밤, 한 달"
임시주주총회,510,vie_Latn,Đại hội cổ đông bất thường,비정상적인 주주총회
임의준비금,679,vie_Latn,Quỹ dự phòng tự nguyện,자발적인 기금
임치,1285,vie_Latn,Lâm Chi,린치
임퓨테이션,680,vie_Latn,Suy luận,추론
잉여금,1171,vie_Latn,Khoản thặng dư,초과물
자기매매,971,vie_Latn,Giao dịch nội bộ,내부 거래
자동계좌이체,511,vie_Latn,Chuyển khoản tự động,자동 송금
자동교환결제제도,265,vie_Latn,Hệ thống thanh toán tự động,자동 결제 시스템
자동명의개서제도,266,vie_Latn,Hệ thống chuyển nhượng quyền sở hữu tự động,자동 소유권 이전 시스템
자동호가전달시스템,195,vie_Latn,Hệ thống chuyển giao số hiệu tự động,자동 번호 전송 시스템
자본금,1172,vie_Latn,Vốn điều lệ,헌법 자본
자본시장,972,vie_Latn,Thị trường vốn,자본 시장
자본시장선,681,vie_Latn,Thị trường vốn,자본 시장
자본이득,973,vie_Latn,Lợi nhuận từ vốn,자본 수익
자본이익계획,512,vie_Latn,Kế hoạch lợi nhuận vốn,자본 수익 계획
자본잉여금,682,vie_Latn,Thặng dư vốn,자금 잉여
자본자산가격결정모형,162,vie_Latn,Mô hình xác định giá tài sản vốn,자본 자산의 가격을 결정하는 모델
자본준비금,683,vie_Latn,Quỹ dự trữ vốn,자본보유기금
자사주 취득,513,vie_Latn,Mua lại cổ phiếu quỹ,펀드 주식을 재구매합니다
자산담보부증권,354,vie_Latn,Chứng khoán được bảo đảm bằng tài sản,자산보증증권
자산운용회사,514,vie_Latn,Công ty quản lý tài sản,자산 관리 회사
자산의 유동화,355,vie_Latn,Chuyển đổi tài sản thành tài sản lưu động,자산을 가동자산으로 전환합니다.
자산재평가,684,vie_Latn,Đánh giá lại tài sản,재산을 재평가합니다
자산주,1173,vie_Latn,Cổ phiếu tài sản,자산 주식
자율규제기관,515,vie_Latn,Cơ quan tự quản,자치 기관
자전거래,974,vie_Latn,Giao dịch tự doanh,자영업
잔액인수,975,vie_Latn,Chuyển nhượng số dư,잔액을 옮기기
잔존가액,976,vie_Latn,Giá trị còn lại,나머지 값
잠정이체,977,vie_Latn,Chuyển khoản tạm thời,임시 송금
장기채,1174,vie_Latn,Trái phiếu dài hạn,장기채권
장내결제,978,vie_Latn,Thanh toán trực tiếp tại cửa hàng,매장에서 직접 지불
장외거래,979,vie_Latn,Giao dịch ngoài sàn,바닥에서 거래
장외결제,980,vie_Latn,Thanh toán ngoài sàn,바닥에서 결제
장외시장,981,vie_Latn,Thị trường phi tập trung,비중앙화된 시장
재담보,1175,vie_Latn,Tài sản thế chấp bổ sung,부채 자산
재발행,1176,vie_Latn,Tái bản,재출판
재정가격결정이론,267,vie_Latn,Lý thuyết xác định giá tài chính,금융 가격 결정 이론
재투자수익률,516,vie_Latn,Tỷ suất sinh lời từ tái đầu tư,재투자 수익률
재투자수익률,517,vie_Latn,Tỷ suất sinh lời từ tái đầu tư,재투자 수익률
재투자위험,685,vie_Latn,Rủi ro tái đầu tư,재투자 위험
저당권,1177,vie_Latn,Quyền thế chấp,담보권
저당대출담보부채권,196,vie_Latn,Trái phiếu có tài sản thế chấp là khoản vay thế chấp,부채는 부채 대출입니다.
저당대출원리금이체채권,113,vie_Latn,Khoản nợ từ khoản vay thế chấp (gốc và lãi),모기지 대출의 부채 (부채와 이자)
적격증권,982,vie_Latn,Chứng khoán đủ điều kiện,자격증
전량결제,983,vie_Latn,Thanh toán toàn bộ,전액 지불
전미증권업협회,356,vie_Latn,Hiệp hội Chứng khoán Toàn quốc Hoa Kỳ,미국 증권협회
전업주의,984,vie_Latn,Chủ nghĩa chuyên nghiệp,전문주의
전자공시제도,518,vie_Latn,Hệ thống công bố thông tin điện tử,전자 정보 출판 시스템
전자매매확인,519,vie_Latn,Xác nhận giao dịch điện tử,전자 거래 확인
전자자금이체제도,268,vie_Latn,Hệ thống chuyển tiền điện tử,암호화폐 전송 시스템
전자증권,985,vie_Latn,Chứng khoán điện tử,전자증권
전환사채,986,vie_Latn,Trái phiếu chuyển đổi,유동채권
전환신주이자,520,vie_Latn,Cổ phiếu chuyển đổi và,주식 전환 및
전환주식,987,vie_Latn,Cổ phiếu chuyển đổi,교환 주식
전환청구권,686,vie_Latn,Quyền yêu cầu chuyển đổi,전환을 요청할 수 있는 권한
점두매매,988,vie_Latn,Bán lẻ tại quầy,카운터에서 소매
점유,1286,vie_Latn,Chiếm hữu,소유
점유개정형 repo,163,vie_Latn,Repo kiểu sửa đổi quyền sở hữu,소유권 개정 repo
정시상환,989,vie_Latn,Trả nợ đúng hạn,적시에 갚는 것
정크본드,990,vie_Latn,Trái phiếu rủi ro cao,고위험 채권
제3시장,991,vie_Latn,Thị trường thứ ba,제3시장
제4시장,992,vie_Latn,Chợ số 4,4번 시장
제권판결,993,vie_Latn,Phán quyết về quyền sở hữu,소유권 결정
제로베타 포트폴리오,164,vie_Latn,Danh mục đầu tư ZeroBeta,제로베타 투자 목록
제로쿠폰채,687,vie_Latn,Trái phiếu không lãi suất,이산화탄소
조건부보관계좌,357,vie_Latn,Tài khoản tiết kiệm có điều kiện,조건부 저축 계좌
종업원지주제도,358,vie_Latn,Chế độ sở hữu cổ phần của người lao động,노동자 주식 소유 체제
종합주가지수,521,vie_Latn,Chỉ số chứng khoán tổng hợp,종합 증권 지수
주가수익비율,522,vie_Latn,Tỷ lệ giá trên thu nhập,소득에 대한 가격 비율
주가이동평균선,359,vie_Latn,Đường trung bình động giá cổ phiếu,주식 가격의 이동 평균
주가지수,994,vie_Latn,Chỉ số chứng khoán,주식 지수
주가지수선물거래,269,vie_Latn,Giao dịch hợp đồng tương lai chỉ số chứng khoán,주식 지수 선물 거래
주가평균,995,vie_Latn,Chỉ số giá cổ phiếu trung bình,평균 주식 가격 지수
주간사회사,688,vie_Latn,Lịch sử xã hội hàng tuần,주간 사회 역사
주권,1287,vie_Latn,Chủ quyền,주권
주권계속예탁제도,270,vie_Latn,Hệ thống lưu ký liên tục cổ phiếu,주식 지속적인 보관 시스템
주권기번호,689,vie_Latn,Số hiệu cờ chủ quyền,주권 깃발 번호
주권불소지,690,vie_Latn,Không có chủ quyền,주권이 없습니다.
주권수령증,691,vie_Latn,Giấy xác nhận nhận chủ quyền,주권을 인정하는 증명서
주당 순자산가치,271,vie_Latn,Giá trị tài sản ròng trên mỗi cổ phiếu,주식당 순자산 가치
주당순이익,692,vie_Latn,Lợi nhuận ròng trên mỗi cổ phiếu,주식당 순이익
주당순자산비율,360,vie_Latn,Tỷ lệ tài sản ròng trên mỗi cổ phiếu,주식당 순자산 비율
주식매수청구권,361,vie_Latn,Quyền yêu cầu mua cổ phiếu,주식을 구매할 수 있는 권리
주식발행차액,523,vie_Latn,Chênh lệch phát hành cổ phiếu,주식 발행 마이너스
주식배당,996,vie_Latn,Cổ tức bằng cổ phiếu,주식 배당금
주식배당예고제,362,vie_Latn,Chế độ thông báo trước về cổ tức,이윤에 대한 사전 알림
주식병합,997,vie_Latn,Sáp nhập cổ phiếu,주식 합병
주식분할,998,vie_Latn,Chia tách cổ phiếu,주식 분할
주식소각,999,vie_Latn,Hủy bỏ cổ phiếu,주식 폐지
주식스왑,1000,vie_Latn,Hoán đổi cổ phiếu,주식 교환
주식의 공유,524,vie_Latn,Chia sẻ cổ phiếu,주식 공유
주식청약,1001,vie_Latn,Đăng ký mua cổ phiếu,주식 등록
주식형투자신탁,363,vie_Latn,Quỹ đầu tư cổ phiếu,주식투자펀드
주주,1288,vie_Latn,Cổ đông,주식
주주권,1178,vie_Latn,Quyền của cổ đông,주주들의 권리
주주명부,1002,vie_Latn,Danh sách cổ đông,주주 목록
주주명부폐쇄,525,vie_Latn,Đóng sổ đăng ký cổ đông,주주 등록기록
주주명부폐쇄기간,272,vie_Latn,Thời gian đóng sổ cổ đông,주식회사 종점 시간
주주명부폐쇄기준일,197,vie_Latn,Ngày chốt danh sách cổ đông,주식자료 등록 마감일
주주제안제도,526,vie_Latn,Chế độ đề xuất của cổ đông,주주 제안 체제
주주총회 참석장,273,vie_Latn,Giấy mời tham dự Đại hội đồng cổ đông,주주총회 초청서
주주총회,1003,vie_Latn,Đại hội cổ đông,주주총회
주주평등의 원칙,274,vie_Latn,Nguyên tắc bình đẳng giữa các cổ đông,주주들의 평등의 원칙
준공유,1179,vie_Latn,Bán công cộng,공중 판매
준비금의 자본전입,198,vie_Latn,Chuyển vốn dự trữ vào vốn chủ sở hữu,예비 자본을 소유 자본으로 전환합니다.
준점유,1180,vie_Latn,Sở hữu một phần,일부 소유
준회원,1181,vie_Latn,Thành viên liên kết,연계 회원
중·동유럽 중앙예탁기관협의회,41,vie_Latn,Hội đồng các tổ chức lưu ký trung ương Trung và Đông Âu,중앙 및 동유럽 중앙 보관소 협의회
중간배당,1004,vie_Latn,Cổ tức giữa kỳ,중간 배당금
중개회사,1005,vie_Latn,Công ty môi giới,중개회사
증거금,1182,vie_Latn,Tiền ký quỹ,보증금
증거증권,1006,vie_Latn,Chứng khoán làm bằng chứng,증권의 증거
증권·대금 동시결제,165,vie_Latn,Thanh toán đồng thời chứng khoán và tiền,증권과 화폐를 동시에 지불합니다.
증권거래법,693,vie_Latn,Luật Giao dịch Chứng khoán,증권거래법
증권거래세,694,vie_Latn,Thuế giao dịch chứng khoán,증권 거래 세금
증권거래준비금,364,vie_Latn,Quỹ dự phòng giao dịch chứng khoán,증권거래준비기금
증권공동 온라인시스템,114,vie_Latn,Hệ thống trực tuyến chung về chứng khoán,일반 온라인 증권 시스템
증권금융,1007,vie_Latn,Tài chính chứng khoán,증권 금융
증권담보금융,527,vie_Latn,Tài chính có bảo đảm bằng chứng khoán,금융은 증권에 의해 보장됩니다.
증권대위,1008,vie_Latn,Quyền đại diện chứng khoán,증권 대리권
증권대차제도,528,vie_Latn,Hệ thống cho vay chứng khoán,증권 대출 시스템
증권대행업무,529,vie_Latn,Dịch vụ đại lý chứng khoán,증권 대리점 서비스
증권분석사,695,vie_Latn,Chuyên viên phân tích chứng khoán,증권 분석 전문가
증권선물위원회,365,vie_Latn,Ủy ban Chứng khoán và Hợp đồng Tương lai,증권 및 선물위원회
증권시장,1009,vie_Latn,Thị trường chứng khoán,주식 시장
증권시장선,696,vie_Latn,Trên thị trường chứng khoán,주식 시장에서
증권예탁원,697,vie_Latn,Trung tâm Lưu ký Chứng khoán,증권 보관소
증권용지 관리번호,199,vie_Latn,Số quản lý giấy chứng khoán,증권 관리자 번호
증권유통금융,530,vie_Latn,Tài chính phân phối chứng khoán,증권 유통 금융
증권인수금융,531,vie_Latn,Tài chính bảo lãnh phát hành chứng khoán,증권 발행을 보증하는 금융
증권자본주의,532,vie_Latn,Chủ nghĩa tư bản chứng khoán,증권 자본주의
증권투자신탁,533,vie_Latn,Quỹ đầu tư chứng khoán,증권 투자 기금
증권특성선,698,vie_Latn,Đặc điểm chứng khoán,증권의 특징
증권화 현상,534,vie_Latn,Hiện tượng chứng khoán hóa,증권화 현상
증권회사 역외펀드,200,vie_Latn,Quỹ đầu tư ngoài lãnh thổ của công ty chứng khoán,주식회사의 해외투자펀드
증자,1289,vie_Latn,Tăng vốn,자본 증대
지방채,1183,vie_Latn,Trái phiếu địa phương,지방 채권
지배주주,1010,vie_Latn,Cổ đông chi phối,지배적인 주주
지분권,1184,vie_Latn,Quyền sở hữu cổ phần,주식 소유권
지분법,1185,vie_Latn,Phương pháp vốn chủ sở hữu,소유자 자본 방식
지수법,1186,vie_Latn,Phương pháp chỉ số,지수 방법
지시증권,1011,vie_Latn,Chứng khoán chỉ định,지명 증권
지정가주문,699,vie_Latn,Lệnh đặt giá cố định,고정 가격 주문
지정시점결제시스템,201,vie_Latn,Hệ thống thanh toán theo thời điểm chỉ định,정해진 시간에 결제 시스템
지주회사,1012,vie_Latn,Công ty mẹ,모회사
지체보상금,700,vie_Latn,Tiền bồi thường chậm trễ,손해배상 지연
직상장,1187,vie_Latn,Niêm yết trực tiếp,직접 등록
직접공시,1013,vie_Latn,Công bố trực tiếp,생방송
직접금융,1014,vie_Latn,Tài chính trực tiếp,직접 금융
직접발행,1015,vie_Latn,Phát hành trực tiếp,라이브 방송
직접점유,1016,vie_Latn,Sở hữu trực tiếp,직접 소유
직접참가자,701,vie_Latn,Người tham gia trực tiếp,직접 참여자
직접청약,1017,vie_Latn,Đăng ký trực tiếp,직접 등록
직접투자,1018,vie_Latn,Đầu tư trực tiếp,직접 투자
질권,1290,vie_Latn,Quyền cầm cố,집권권
질권설정자,702,vie_Latn,Người thiết lập quyền thế chấp,채권자의 설립자
질권자,1188,vie_Latn,Người nhận thế chấp,채권자
집단경쟁매매,535,vie_Latn,Giao dịch cạnh tranh theo nhóm,단체 경쟁 거래
집중결제,1019,vie_Latn,Thanh toán tập trung,집중결제
집중예탁,1020,vie_Latn,Lưu ký tập trung,집중된 기록
차감,1291,vie_Latn,Khấu trừ,마이너스
차감결제,1021,vie_Latn,Thanh toán trừ trực tiếp,직접적인 결제
차금결제,1022,vie_Latn,Thanh toán bù trừ,배당금
차등배당,1023,vie_Latn,Chia cổ tức theo tỷ lệ khác nhau,이윤을 다른 비율로 분배합니다
차변 대변,703,vie_Latn,Nợ Có,빚은 있어요
차변이체 또는 추심시스템,62,vie_Latn,Hệ thống chuyển khoản hoặc thu nợ,송금 또는 채권 시스템
차익거래,1024,vie_Latn,Giao dịch chênh lệch giá,가격 차이 거래
차입매수,1025,vie_Latn,Mua bằng vốn vay,부채로 샀어요
차주,1292,vie_Latn,Chủ xe,운전자
차환,1293,vie_Latn,Tái cấp vốn,재자금
참가적우선주,536,vie_Latn,Cổ phiếu ưu đãi có quyền tham gia,유권자 주식
창고증권,1026,vie_Latn,Chứng khoán kho hàng,창고 증권
창립총회,1027,vie_Latn,Đại hội thành lập,창립총회
창업비,1189,vie_Latn,Chi phí khởi nghiệp,스타트업 비용
채권,1294,vie_Latn,Trái phiếu,채권
채권가격지수,537,vie_Latn,Chỉ số giá trái phiếu,채권 가격 지수
채권등급평가,538,vie_Latn,Đánh giá xếp hạng tín dụng,신용등급 평가
채권딜러제도,539,vie_Latn,Hệ thống đại lý trái phiếu,채권 대리점 시스템
채권면역전략,540,vie_Latn,Chiến lược miễn trừ trái phiếu,채권 면제 전략
채권상장심사기준,275,vie_Latn,Tiêu chuẩn thẩm định niêm yết trái phiếu,유가증권 등록 평가 기준
채권상장폐지기준,276,vie_Latn,Tiêu chí hủy niêm yết trái phiếu,채권 해제 조건
채권선물거래,541,vie_Latn,Giao dịch hợp đồng tương lai trái phiếu,채권 선물 거래
채권수익률,704,vie_Latn,Lợi suất trái phiếu,이산화탄소
채권수익률의 기간구조,115,vie_Latn,Cấu trúc kỳ hạn của lợi suất trái phiếu,채권 수익의 기간 구조
채권수익률의 위험구조,116,vie_Latn,Cấu trúc rủi ro của lợi suất trái phiếu,채권 수익의 위험 구조
채권시가평가제,366,vie_Latn,Hệ thống định giá thị trường trái phiếu,채권 시장 평가 시스템
채권시장안정기금,277,vie_Latn,Quỹ ổn định thị trường trái phiếu,채권시장 안정기금
채권양도,1028,vie_Latn,Chuyển nhượng trái phiếu,채권 이전
채권원리금상환,367,vie_Latn,Trả nợ gốc và lãi trái phiếu,주식 및 채권 수익금
채무불이행,705,vie_Latn,Vỡ nợ,부채
채무불이행위험,368,vie_Latn,Rủi ro vỡ nợ,부실의 위험
책임재산,1029,vie_Latn,Tài sản chịu trách nhiệm,책임 있는 자산
청산,1295,vie_Latn,Thanh toán,결제
청산거래,1030,vie_Latn,Giao dịch thanh lý,청산 거래
청산결제시스템,369,vie_Latn,Hệ thống thanh toán bù trừ,결제 시스템
청산회사,1031,vie_Latn,Công ty đang trong quá trình thanh lý,회사는 청산 중입니다.
청산회원,1032,vie_Latn,Thành viên đã hủy đăng ký,회원가입 취소
청약증거금,706,vie_Latn,Tiền đặt cọc đăng ký mua nhà,주택 등록 보증금
체결시점매매확인 시스템,79,vie_Latn,Hệ thống xác nhận giao dịch tại thời điểm ký kết,계약 시점의 거래 확인 시스템
체계적 위험,542,vie_Latn,Rủi ro hệ thống,시스템적 위험
초과담보율,707,vie_Latn,Tỷ lệ thế chấp vượt mức,과잉 모기지율
총계정원장,708,vie_Latn,Sổ cái tổng hợp,종합서
총액인수,1033,vie_Latn,Chấp nhận toàn bộ,모든 것을 받아들이고
총액지급증권,543,vie_Latn,Chứng khoán thanh toán một lần,일회 결제 증권
총유,1296,vie_Latn,Tổng hợp,종합
최소분산포트폴리오,202,vie_Latn,Danh mục đầu tư có độ phân tán tối thiểu,최소한의 분산성을 가진 투자 포트폴리오
최소증거금,709,vie_Latn,Số tiền ký quỹ tối thiểu,최소 보증금
최적규모,1034,vie_Latn,Quy mô tối ưu,최적의 크기
최적포트폴리오,370,vie_Latn,Danh mục đầu tư tối ưu,최적의 투자 목록
최종이체,1035,vie_Latn,Chuyển khoản cuối cùng,마지막 환불
추가상장,1036,vie_Latn,Niêm yết bổ sung,추가 목록
추가증거금 납부요구,166,vie_Latn,Yêu cầu nộp thêm tiền ký quỹ,추가 보증금 요청
추가증거금,710,vie_Latn,Khoản ký quỹ bổ sung,추가 보증금
추정이익,1037,vie_Latn,Lợi nhuận dự kiến,예상 수익
추정재무제표,544,vie_Latn,Báo cáo tài chính dự kiến,예상 재무 보고서
출입직원등록제도,278,vie_Latn,Hệ thống đăng ký nhân viên ra vào,직원 등록 시스템 출입
출자,1297,vie_Latn,Vốn góp,기부금
출자인수권,711,vie_Latn,Quyền mua cổ phần,주식 구매권
출자전환,1038,vie_Latn,Chuyển đổi nợ thành vốn góp,부채를 기금으로 바꾸는 것
출자증권,1039,vie_Latn,Chứng khoán góp vốn,주식 증권
출자총액제한,545,vie_Latn,Giới hạn tổng số vốn góp,모금금액 제한
충당금,1190,vie_Latn,Dự phòng,대비해서
충분성,1191,vie_Latn,Tính đầy đủ,완전성
카멜레온펀드,546,vie_Latn,Quỹ Chameleon,카멜레온 재단
컨트리 펀드,547,vie_Latn,Quỹ đầu tư vào thị trường các nước đang phát triển,개발도상국 시장에 투자하는 자금
코레스은행,712,vie_Latn,Ngân hàng Coress,코레스 은행
코리아유로펀드,371,vie_Latn,Quỹ Korea Euro Fund,한국 유로 펀드
코리아펀드,713,vie_Latn,Quỹ Hàn Quốc,한국기금
코스닥 등록법인,279,vie_Latn,Công ty niêm yết trên sàn KOSDAQ,코스닥에 상장된 회사
코스닥 등록주식,280,vie_Latn,Cổ phiếu niêm yết trên sàn KOSDAQ,코스닥에 상장된 주식
코스닥,1192,vie_Latn,KOSDAQ,코스닥
콘탱고,1193,vie_Latn,Contango,콩탄고
콜,1307,vie_Latn,Cuộc gọi,전화
콜레이트,1040,vie_Latn,Collate,콜라이트
쿠폰부사채,714,vie_Latn,Trái phiếu có kèm phiếu giảm giá,유가증권은 할인증권과 함께
타이거펀드,715,vie_Latn,Quỹ Tiger,호랑이 재단
탈중개화현상,548,vie_Latn,Hiện tượng loại bỏ trung gian,중개자를 제거하는 현상
텀론,1298,vie_Latn,Thumlon,론
테크노스트럭처,372,vie_Latn,TechnoStructure,테크노 구조
토론토선물거래소,281,vie_Latn,Sàn giao dịch hàng hóa tương lai Toronto,토론토 상품 선물 거래소
토론토증권거래소,282,vie_Latn,Sở Giao dịch Chứng khoán Toronto,토론토 증권거래소
토빈의 분리정리,283,vie_Latn,Định lý tách biệt của Tobin,토빈의 분리 이론
통일규격유가증권 관리현황보고서,34,vie_Latn,Báo cáo tình hình quản lý chứng khoán có giá trị tiêu chuẩn thống nhất,증권 관리 실태 보고서는 통일 표준 가치를 가지고 있습니다.
통일규격유가증권,284,vie_Latn,Chứng khoán có tiêu chuẩn thống nhất,주식에는 하나의 표준이 있습니다.
통일상사법,716,vie_Latn,Luật Thương mại Thống nhất,통일 무역법
통정매매,1041,vie_Latn,Giao dịch thông đồng,비공개 거래
통합결제,1042,vie_Latn,Thanh toán tích hợp,통합 결제
통합결제기구협의회,203,vie_Latn,Hội đồng các tổ chức thanh toán tích hợp,통합 결제 기관 협의회
통합계좌,1043,vie_Latn,Tài khoản tổng hợp,종합계산
통화선물,1044,vie_Latn,Hợp đồng tương lai tiền tệ,화폐 선물 계약
통화선물옵션,549,vie_Latn,Hợp đồng tương lai và quyền chọn tiền tệ,선물과 통화 옵션
통화스왑,1045,vie_Latn,Hoán đổi tiền tệ,통화 교환
통화안정증권,550,vie_Latn,Trái phiếu ổn định tiền tệ,통화 안정화 채권
통화옵션,1046,vie_Latn,Quyền chọn tiền tệ,통화 옵션
통화지표,1047,vie_Latn,Chỉ số tiền tệ,통화 지수
통화채권투자신탁수익증권,80,vie_Latn,Chứng chỉ quỹ đầu tư trái phiếu tiền tệ,통화 채권 투자 펀드 인증서
투자등록,1048,vie_Latn,Đăng ký đầu tư,투자 등록
투자신탁,1049,vie_Latn,Quỹ đầu tư,투자 자금
투자신탁협회,551,vie_Latn,Hiệp hội Quỹ Đầu tư,투자 기금 협회
투자자문업,717,vie_Latn,Hoạt động tư vấn đầu tư,투자 자문 활동
특별결의,1050,vie_Latn,Nghị quyết đặc biệt,특별 결의
특별담보물,718,vie_Latn,Tài sản thế chấp đặc biệt,특수 모기지 자산
특별인출권,719,vie_Latn,Quyền rút tiền đặc biệt,특별 환불권
특수채,1194,vie_Latn,Cây đặc biệt,특별한 나무
파생금융상품,552,vie_Latn,Các sản phẩm tài chính phái sinh,파생 금융 상품
파생적예금,720,vie_Latn,Tiền gửi phái sinh,파생물 송금
파생증권,1051,vie_Latn,Chứng khoán phái sinh,파생증권
파생통화,1052,vie_Latn,Tiền tệ phái sinh,파생화폐
패리티,1195,vie_Latn,Parity,패리티
팩터,1299,vie_Latn,Yếu tố,요인
퍼포먼스 펀드,373,vie_Latn,Quỹ đầu tư hiệu suất,성능 투자 기금
펀드매니저,721,vie_Latn,Quản lý quỹ,기금 관리
페니스탁,1053,vie_Latn,PenisTac,피니스택
펠드스타인이론,374,vie_Latn,Lý thuyết Feldstein,펠드스타인 이론
평가절하,1054,vie_Latn,Sự mất giá,부가가치
폐기증권,1055,vie_Latn,Chứng khoán đã hủy,증권은 취소되었습니다.
폐쇄식 담보부사채,204,vie_Latn,Trái phiếu có bảo đảm dạng kín,유가증권은 밀폐되어 있습니다.
폐쇄형 투자신탁,285,vie_Latn,Quỹ đầu tư đóng,투자 기금 폐쇄
포괄주의,1056,vie_Latn,Chủ nghĩa toàn diện,포괄주의
포괄증자,1057,vie_Latn,Tăng vốn cổ phần toàn diện,전체 주식 자본 증대
포뮬러 플랜,553,vie_Latn,Kế hoạch Công thức,식의 계획
포스트,1196,vie_Latn,Bài đăng,게시물
포트폴리오 관리,286,vie_Latn,Quản lý danh mục đầu tư,포트폴리오 관리
포트폴리오 선택,287,vie_Latn,Lựa chọn danh mục đầu tư,포트폴리오 선택
포트폴리오 인슈어런스,117,vie_Latn,Bảo hiểm danh mục đầu tư,포트폴리오 보험
폭포효과,1058,vie_Latn,Hiệu ứng thác nước,폭포 효과
표면이율,1059,vie_Latn,Hệ số bề mặt,표면 인수
풀서비스 브로커,288,vie_Latn,Công ty môi giới dịch vụ trọn gói,전체 서비스 중개 회사
풋 옵션,1060,vie_Latn,Quyền chọn bán,판매 옵션
풋-콜 패리티,375,vie_Latn,Nguyên lý tương đương put-call,Put-call와 같은 원칙
프로그램매매,554,vie_Latn,Giao dịch theo chương trình,프로그램 상거래
플라워본드,722,vie_Latn,Flowerbond,플라워본드
플로어 브로커,376,vie_Latn,Môi giới sàn giao dịch,거래소 거래소
필터기법,1061,vie_Latn,Kỹ thuật lọc,필터링 기술
핑크 쉬트,723,vie_Latn,Tấm trải giường màu hồng,핑크색 침대 메인
한국선물거래소,377,vie_Latn,Sàn Giao dịch Hợp đồng Tương lai Hàn Quốc,한국 선물 거래소
한국선물협회,555,vie_Latn,Hiệp hội Hợp đồng Tương lai Hàn Quốc,한국 선물 협회
한국예탁증서,556,vie_Latn,Chứng chỉ lưu ký Hàn Quốc,한국의 증서
한국자금중개주식회사,167,vie_Latn,Công ty Cổ phần Môi giới Tài chính Hàn Quốc,한국금융중개사 주식회사
한국주택저당금융주식회사,81,vie_Latn,Công ty Cổ phần Tài chính Thế chấp Nhà ở Hàn Quốc,한국의 주택담보금융지주회사
한국증권금융주식회사,168,vie_Latn,Công ty Cổ phần Tài chính Chứng khoán Hàn Quốc,한국보증금융지주회사
한국증권대체결제주식회사,82,vie_Latn,Công ty Cổ phần Thanh toán Thay thế Chứng khoán Hàn Quốc,한국보증대환결제주식회사
한국증권업협회,378,vie_Latn,Hiệp hội Chứng khoán Hàn Quốc,대한민국 증권협회
한국증권연구원,379,vie_Latn,Viện Nghiên cứu Chứng khoán Hàn Quốc,한국보증연구소
한국증권전산주식회사,169,vie_Latn,Công ty Cổ phần Hệ thống Máy tính Chứng khoán Hàn Quốc,한국 증권 컴퓨터 시스템 주식회사
할인발행,1062,vie_Latn,Phát hành giảm giá,할인 발행
할인상사,1063,vie_Latn,Công ty bán hàng giảm giá,경매회사
할인율,1197,vie_Latn,Tỷ lệ chiết khấu,할인율
할인채,1198,vie_Latn,Trái phiếu chiết khấu,할인채권
합병교부금,724,vie_Latn,Khoản trợ cấp sáp nhập,통합 보조금
합병기일,1064,vie_Latn,Ngày sáp nhập,합병일
합병비율,1065,vie_Latn,Tỷ lệ sáp nhập,합병률
합병차익,1066,vie_Latn,Lợi nhuận từ sáp nhập,합병 수익
합산주주,1067,vie_Latn,Cổ đông tổng hợp,합동 주식
합유,1300,vie_Latn,Hap-yu,하프유
핫머니,1199,vie_Latn,Tiền nóng,뜨거운 돈
항상성장모형,557,vie_Latn,Mô hình phát triển liên tục,계속 발전하는 모델
해외증권 관련주식,205,vie_Latn,Cổ phiếu liên quan đến chứng khoán nước ngoài,외국의 증권과 관련된 주식
해외증권,1068,vie_Latn,Chứng khoán nước ngoài,외국 증권
헤지펀드,1069,vie_Latn,Quỹ đầu cơ,가설기금
헤징,1301,vie_Latn,Phòng ngừa rủi ro,위험 예방
현금관리계좌,558,vie_Latn,Tài khoản quản lý tiền mặt,현금 관리 계좌
현물채,1200,vie_Latn,Trái phiếu giao ngay,채권 발급
현물출자,1070,vie_Latn,Đóng góp bằng tài sản hiện vật,재산을 기부하는 것
현물환거래,725,vie_Latn,Giao dịch ngoại hối giao ngay,외환 거래 즉시
현선매매,1071,vie_Latn,Giao dịch theo giá thị trường,시장 가격에 거래
현지대리인,726,vie_Latn,Đại diện tại địa phương,지역 대표
현지보관기관,559,vie_Latn,Cơ quan lưu trữ tại địa phương,현지 기록 기관
호가구동시장,560,vie_Latn,Chợ Hogagu-dong,호가구동 시장
호가전예납,727,vie_Latn,Tiền đặt cọc trước khi đấu giá,경매 전에 보증금
혼합보관,1072,vie_Latn,Lưu trữ hỗn hợp,혼합 보관
혼합주,1201,vie_Latn,Rượu pha trộn,혼합 포도주
확정금리부증권,380,vie_Latn,Chứng khoán có lãi suất cố định,고정금리 증권
환 포지션,728,vie_Latn,Vị thế mua,구매자
환노출,1202,vie_Latn,Tiếp xúc với ánh sáng mặt trời,햇빛에 노출되는 것
환리스크,1073,vie_Latn,Rủi ro hối đoái,외환 위험
환어음,1203,vie_Latn,Hối phiếu,유권자
환취권,1204,vie_Latn,Quyền thu hồi,철회권
회사분할,1074,vie_Latn,Tách công ty,회사 분할
회사정리법,729,vie_Latn,Luật Tái cơ cấu Doanh nghiệp,기업 구조조정법
회사채,1205,vie_Latn,Trái phiếu doanh nghiệp,기업 채권
회사형 투자신탁,289,vie_Latn,Quỹ đầu tư kiểu công ty,기업형 투자펀드
회원증권회사,561,vie_Latn,Công ty chứng khoán thành viên,주식회사 회원
후배주,1206,vie_Latn,Cổ phiếu của các công ty mới thành lập,신생 기업의 주식
후순위채,1075,vie_Latn,Trái phiếu thứ cấp,2차 채권
ABMF,1076,vie_Latn,ABMF,ABMF
ABMI,1077,vie_Latn,ABMI,ABMI
ACG,1207,vie_Latn,ACG,ACG
AECSD,730,vie_Latn,AECSD,AECSD
Affirmation,118,vie_Latn,Lời khẳng định,공약
ANNA,1078,vie_Latn,ANNA,안나
ANNA,1079,vie_Latn,ANNA,안나
ASIFMA,562,vie_Latn,ASIFMA,ASIFMA
ATM,1208,vie_Latn,ATM,ATM
ATS,1209,vie_Latn,ATS,ATS
AUSTRACLEAR,119,vie_Latn,AUSTRACLEAR,아우스트라클레어
BA,1302,vie_Latn,BA,BA
Bachmann Report,42,vie_Latn,Báo cáo Bachmann,바흐만 보고서
back office,120,vie_Latn,bộ phận hậu cần,물류 부문
backwardation,63,vie_Latn,tình trạng giá kỳ hạn thấp hơn giá giao ngay,임시 가격보다 낮은 조건
bad delivery,83,vie_Latn,giao hàng không đúng quy định,배달이 잘못되었습니다.
bancassurance,64,vie_Latn,bancassurance,은행보험
BBS,1210,vie_Latn,BBS,BBS
bear hug,290,vie_Latn,cái ôm siết chặt,꽉 잡은 포옹
bear raid,206,vie_Latn,cuộc tấn công bear,곰의 공격
BIC,1211,vie_Latn,BIC,BIC
black monday,84,vie_Latn,Thứ Hai Đen,검은 월요일
blanket fidelity bond,14,vie_Latn,trái phiếu bảo lãnh toàn diện,전면보증채권
BLUE SKY LAW,85,vie_Latn,BLUE SKY LAW,블루 스카이 법
BOK-WIRE,291,vie_Latn,BOK-WIRE,BOK-WIRE
bond power,170,vie_Latn,sức mạnh của trái phiếu,부채의 힘
book entry only,43,vie_Latn,chỉ ghi sổ,책만 써
buy/sell-back,65,vie_Latn,mua/bán lại,구매/반매
CAMEL,731,vie_Latn,CAMEL,CAMEL
cargo project,66,vie_Latn,Dự án Cargo,카고 프로젝트
cashless society,35,vie_Latn,xã hội không dùng tiền mặt,우리 사회는 현금을 사용하지 않습니다.
CBF,1212,vie_Latn,CBF,CBF
CBL,1213,vie_Latn,CBL,CBL
CCASS,732,vie_Latn,CCASS,CCASS
CDS,1214,vie_Latn,CDS,CDS
CDS,1215,vie_Latn,CDS,CDS
CEDEL,733,vie_Latn,CEDEL,CEDEL
CFA,1216,vie_Latn,CFA,CFA
CFI,1217,vie_Latn,CFI,CFI
CFO,1218,vie_Latn,Giám đốc tài chính (CFO),CFO
CGIF,1080,vie_Latn,CGIF,CGIF
CGO,1219,vie_Latn,CGO,CGO
CHAPS,734,vie_Latn,CHAPS,CHAPS
checking,292,vie_Latn,kiểm tra,확인
checkless society,29,vie_Latn,xã hội không cần séc,사회는 수표를 필요로 하지 않습니다.
CHESS,735,vie_Latn,CỜ VUA,맙소사
CHIPS,736,vie_Latn,CHIPS,칩
CIK,1220,vie_Latn,CIK,CIK
CMA,1221,vie_Latn,CMA,CMA
CMI,1222,vie_Latn,CMI,CMI
CMO,1223,vie_Latn,CMO,CMO
commodity financing,19,vie_Latn,tài trợ hàng hóa,물품 자금
concentration limit,20,vie_Latn,giới hạn nồng độ,농도 제한
confirmation,86,vie_Latn,xác nhận,확인
conglomerate,87,vie_Latn,tập đoàn đa ngành,다분야 기업
"country risk, sovereign risk",3,vie_Latn,"rủi ro quốc gia, rủi ro chủ quyền","국가적 위험, 주권적 위험"
coupon rate,121,vie_Latn,tỷ suất chiết khấu,할인율
covered warrant,44,vie_Latn,chứng quyền được bảo đảm,자격증은 보장됩니다.
CPSS,1081,vie_Latn,CPSS,CPSS
CREST,737,vie_Latn,CREST,CREST
crossing network,36,vie_Latn,mạng lưới giao thông,교통망
crown jewel,122,vie_Latn,viên ngọc quý nhất,가장 귀한 진주
CSD,1224,vie_Latn,CSD,CSD
CUSIP,738,vie_Latn,CUSIP,CUSIP
D.K.,1082,vie_Latn,D.K.,D.K.
day trading,123,vie_Latn,giao dịch trong ngày,하루 거래
DBC,1225,vie_Latn,DBC,DBC
delivery notice,45,vie_Latn,thông báo giao hàng,배송신고
dollar usance,67,vie_Latn,thói quen sử dụng đồng đô la,달러의 사용 습관을
DTC,1226,vie_Latn,DTC,DTC
Due bill,293,vie_Latn,Hóa đơn đến hạn thanh toán,청구서 결제 기간
dutch auction,68,vie_Latn,đấu giá kiểu Hà Lan,네덜란드식 경매
DVP link,294,vie_Latn,Liên kết DVP,DVP 연결
E-TRADE,381,vie_Latn,E-TRADE,E-TRADE
ECF,1227,vie_Latn,ECF,ECF
EDR,1228,vie_Latn,EDR,EDR
EMCC,1083,vie_Latn,EMCC,EMCC
EMEA,1084,vie_Latn,EMEA,EMEA
ETF,1229,vie_Latn,ETF,ETF
EURIBOR,382,vie_Latn,EURIBOR,유리보
EUROCLEAR,207,vie_Latn,EUROCLEAR,유로클레어
EVA,1230,vie_Latn,EVA,EVA
fallen angel,88,vie_Latn,thiên thần sa ngã,천사가 쓰러졌어
FED-WIRE,295,vie_Latn,FED-WIRE,FED-WIRE
fill or kill order,24,vie_Latn,lệnh mua hoặc bán ngay,바로 구매하거나 판매하는 명령
finality of payment,21,vie_Latn,tính cuối cùng của khoản thanh toán,지불의 최종 계산
five hundred dollar rule,7,vie_Latn,quy tắc 500 đô la,500달러 규칙
FIX,1231,vie_Latn,FIX,FIX
flipping,296,vie_Latn,flipping,플리핑
FORM 10-K,208,vie_Latn,MẪU 10-K,10-K
FORM 10-Q,209,vie_Latn,MẪU 10-Q,10-Q
FORM 3,563,vie_Latn,MẪU 3,3번
FORM 4,564,vie_Latn,MẪU 4,4번
FORM 8-K,297,vie_Latn,MẪU 8-K,8K로요
forward pricing,46,vie_Latn,định giá trước,미리 평가합니다.
FUND/NETWORKING,47,vie_Latn,QUỸ/MẠNG LƯỚI,국가/국가
FUND/SERV,210,vie_Latn,FUND/SERV,FUND/SERV
FV/EBITDA,211,vie_Latn,FV/EBITDA,FV/EBITDA
G-30,1085,vie_Latn,G-30,G-30
gilt-edged securities,15,vie_Latn,các chứng khoán có độ an toàn cao,높은 보안을 가진 증권입니다.
giro lombard over draft,9,vie_Latn,Giro Lombard - Dịch vụ thấu chi,Giro Lombard - 요금 서비스
GLOBALCLEAR,124,vie_Latn,GLOBALCLEAR,GLOBALCLEAR
GLOBEX ALLIANCE,48,vie_Latn,GLOBEX ALLIANCE,글로벡스 동맹
GNMA,1086,vie_Latn,GNMA,GNMA
greenmail,212,vie_Latn,greenmail,그린메일
grey market,125,vie_Latn,thị trường xám,회색 시장
gun jumping,126,vie_Latn,bắn trước khi ra hiệu,신호를 내기 전에 총을 쏴
HKSCC,739,vie_Latn,HKSCC,HKSCC
hub & spokes,89,vie_Latn,mô hình trung tâm và các nhánh,중앙 모델과 지부
IBAN,1087,vie_Latn,IBAN,IBAN
IID,1232,vie_Latn,IID,IID
IMF 8조국,383,vie_Latn,Quốc gia có khoản vay 8 nghìn tỷ từ IMF,이 나라는 IMF로부터 8조 달러를 빌렸습니다.
IMF 구제금융,298,vie_Latn,Gói cứu trợ của IMF,IMF 구제금융
indenture,213,vie_Latn,hợp đồng,계약
independent broker,25,vie_Latn,nhà môi giới độc lập,독립중개사
infrastructure,54,vie_Latn,cơ sở hạ tầng,인프라
INSTINET,299,vie_Latn,INSTINET,본능
interlinker,127,vie_Latn,interlinker,인터링커
intermarket trading system,5,vie_Latn,hệ thống giao dịch liên thị trường,시장 간 거래 시스템
investment bank,49,vie_Latn,ngân hàng đầu tư,투자 은행
investment banking,26,vie_Latn,ngân hàng đầu tư,투자 은행
investment company,27,vie_Latn,công ty đầu tư,투자 회사
ISDN,1088,vie_Latn,ISDN,ISDN
ISIN,1089,vie_Latn,ISIN,ISIN
ISIN,1090,vie_Latn,ISIN,ISIN
ISMA,1091,vie_Latn,ISMA,ISMA
ISO 20022,214,vie_Latn,ISO 20022,ISO 20022
ISO 7775,300,vie_Latn,ISO 7775,ISO 7775
ISO,1233,vie_Latn,ISO,ISO
ITM,1234,vie_Latn,ITM,ITM
Jobber,565,vie_Latn,Jobber,조버
kassenverein,90,vie_Latn,kassenverein,카센베레인
KELER,740,vie_Latn,KELER,케일러
killer bees,128,vie_Latn,ong sát thủ,살인 벌
know-your customer rule,10,vie_Latn,quy tắc “hiểu rõ khách hàng”,고객에 대한 이해의 규칙
KOSPI 200,215,vie_Latn,KOSPI 200,KOSPI 200
Lamfalussy기준,91,vie_Latn,Tiêu chuẩn Lamfalussy,램팔루시 표준
LBO,1235,vie_Latn,LBO,LBO
Link-Up Markets,50,vie_Latn,Link-Up Markets,링크업 시장
local trader,92,vie_Latn,nhà giao dịch địa phương,지역 상인
M&A,1236,vie_Latn,M&A,M&A
"M1, M2, M3",171,vie_Latn,"M1, M2, M3","M1, M2, M3"
MADOFF,566,vie_Latn,MADOFF,마도프
MALONEY ACT,129,vie_Latn,Đạo luật Maloney,말로니 법
matched book,93,vie_Latn,cuốn sách trùng khớp,책과 일치합니다.
matching fund,69,vie_Latn,quỹ đối ứng,대조 기금
MIC,1237,vie_Latn,MIC,MIC
MiFID,741,vie_Latn,MiFID,MiFID
MIT,1238,vie_Latn,MIT,MIT
MM의 자본구조 이론,130,vie_Latn,Lý thuyết về cơ cấu vốn của MM,MM의 자본 구조 이론
Moddy's investment grade,8,vie_Latn,Xếp hạng đầu tư của Moody's,모디의 투자 등급
MONTE TITOLI S.P.A.,22,vie_Latn,MONTE TITOLI S.P.A.,몬테 티톨리 S.P.A.
MSRB,1092,vie_Latn,MSRB,MSRB
narrow bank,131,vie_Latn,ngân hàng quy mô nhỏ,소규모 은행
national market system,12,vie_Latn,hệ thống thị trường quốc gia,국가 시장 시스템
NECIGEF,384,vie_Latn,NECIGEF,필요함
net credit or net debit position,1,vie_Latn,vị thế tín dụng ròng hoặc vị thế nợ ròng,순채권 또는 순채권
net debit caps,55,vie_Latn,giới hạn rút tiền ròng,자금 인출 제한
net sender limits,30,vie_Latn,Giới hạn người gửi trên mạng,온라인 전송자 제한
NICRA,742,vie_Latn,NICRA,NICRA
NMPG,1093,vie_Latn,NMPG,NMPG
nominee name,94,vie_Latn,tên người được đề cử,후보자의 이름
nostro account,56,vie_Latn,tài khoản của chúng tôi,우리 계좌
NSCC,1094,vie_Latn,NSCC,NSCC
NYSE rule 387,70,vie_Latn,Quy tắc 387 của NYSE,NYSE 규칙 387
on-line system,57,vie_Latn,hệ thống trực tuyến,온라인 시스템
open position,71,vie_Latn,vị trí tuyển dụng,채용 위치
OTM,1239,vie_Latn,OTM,OTM
P&A,1240,vie_Latn,P&A,P&A
pac-man strategy,37,vie_Latn,Chiến lược Pac-Man,팩맨 전략
paper-based credit transfers,4,vie_Latn,chuyển đổi tín chỉ trên giấy,종이로 신용을 전환
PB,1303,vie_Latn,PB,PB
PIKS,1095,vie_Latn,PIKS,픽스
plus tick,216,vie_Latn,dấu cộng,더하기
poison pill,132,vie_Latn,"chiến thuật ""viên thuốc độc""","""독약 처방전"" 전략"
POSIT,743,vie_Latn,POSIT,포시트
position,301,vie_Latn,vị trí,위치
pre-commitment approach,11,vie_Latn,phương pháp cam kết trước,사전 약속 방법
PTS,1241,vie_Latn,PTS,PTS
QFI,1242,vie_Latn,QFI,QFI
QIB,1243,vie_Latn,QIB,QIB
QuantEX,385,vie_Latn,QuantEX,퀸텍스
registar,302,vie_Latn,registar,레지스터
registered competitive trader,2,vie_Latn,nhà giao dịch cạnh tranh đã đăng ký,경쟁 거래자가 등록되었습니다.
REGULATION A,95,vie_Latn,QUY ĐỊNH A,질문 A
REGULATION D,96,vie_Latn,QUY ĐỊNH D,D조
REGULATION G,97,vie_Latn,QUY ĐỊNH G,G조
REGULATION Q,98,vie_Latn,QUY ĐỊNH Q,질문 Q
REGULATION T,99,vie_Latn,QUY ĐỊNH T,이봐요
REGULATION U,100,vie_Latn,QUY ĐỊNH U,문제입니다
RELIT,744,vie_Latn,RELIT,RELIT
reorganization,58,vie_Latn,tái cơ cấu,재구성
repo-to-maturity,38,vie_Latn,repo đến ngày đáo hạn,연산일까지
repo/RP,386,vie_Latn,repo/RP,리포/RP
RGV,1244,vie_Latn,RGV,RGV
round lot,217,vie_Latn,lô đất hình tròn,원형의 토지
RSI,1245,vie_Latn,RSI,RSI
rule OF 72,172,vie_Latn,Quy tắc 72,72번 규칙
rule of fair practice,16,vie_Latn,nguyên tắc thực hành công bằng,공정한 관행의 원칙
RVP,1246,vie_Latn,RVP,RVP
S&R,1247,vie_Latn,S&R,S&R
SAFE 21,387,vie_Latn,SAFE 21,SAFE 21
Saturday night special,13,vie_Latn,Chương trình đặc biệt tối thứ Bảy,토요일 밤 특별 프로그램
SCHEDULE 13D,101,vie_Latn,MẪU 13D,MUM 13D
SECOM,745,vie_Latn,SECOM,SECOM
SEDOL,746,vie_Latn,SEDOL,SEDOL
SEGA,1096,vie_Latn,SEGA,세가
segregation of securities,6,vie_Latn,phân loại chứng khoán,증권 분류
settlement,173,vie_Latn,thỏa thuận,협약
SIAC,1097,vie_Latn,SIAC,SIAC
SICOVAM,388,vie_Latn,SICOVAM,SICOVAM
SIS SegaIntersettle,23,vie_Latn,SIS SegaIntersettle,세가 인터셋 SIS
sleeping beauty,51,vie_Latn,Người đẹp ngủ trong rừng,숲에서 자고 있는 아름다운 여자
SMPG,1098,vie_Latn,SMPG,SMPG
snow balling,102,vie_Latn,hiệu ứng quả cầu tuyết,눈덩어리 효과
spagetti problem,39,vie_Latn,vấn đề mì spaghetti,스파게티 문제
stock power,133,vie_Latn,sức mạnh cổ phiếu,주식 힘
stock watcher,72,vie_Latn,công cụ theo dõi cổ phiếu,주식 추적 도구
STP,1248,vie_Latn,STP,STP
street name,134,vie_Latn,tên đường,거리의 이름
subparticipation,40,vie_Latn,sự tham gia gián tiếp,간접적인 참여
suicide pill,103,vie_Latn,viên thuốc tự tử,자살약
sunday bank,135,vie_Latn,Ngân hàng Sunday,일요일 은행
sushi bond,174,vie_Latn,trái phiếu sushi,수시 채권
SWIFT,747,vie_Latn,SWIFT,SWIFT
system repo,136,vie_Latn,kho hệ thống,시스템 저장소
T-BILL,567,vie_Latn,T-BILL,T-BILL
T-BOND,568,vie_Latn,T-BOND,T-BOND
T-NOTE,569,vie_Latn,T-NOTE,T-NOTE
T2S,1249,vie_Latn,T2S,T2S
TAKASBANK,218,vie_Latn,TAKASBANK,타카스뱅크
TALISMAN,303,vie_Latn,TALISMAN,TALISMAN
TARGET,570,vie_Latn,MỤC TIÊU,돈을 읽으십시오.
TAURUS,571,vie_Latn,TAURUS,황소
tax call option,52,vie_Latn,quyền chọn mua thuế,세금 구매 옵션
TELEKURS,304,vie_Latn,TELEKURS,텔레커스
tick,1099,vie_Latn,tick,틱
ticker tape,137,vie_Latn,băng tin,전신
TRADEPOINT,175,vie_Latn,TRADEPOINT,트레이드포인트
tranches,305,vie_Latn,các đợt,파동
TRAX,1100,vie_Latn,TRAX,트랙스
twenty-day period,31,vie_Latn,thời hạn 20 ngày,기간 20일
two-dollar broker,32,vie_Latn,nhà môi giới hai đô la,중개인 2달러
two-sided comparison,18,vie_Latn,so sánh hai mặt,두 면을 비교합니다.
UNIFI,748,vie_Latn,UNIFI,UNIFI
uniform practice code,17,vie_Latn,bộ quy tắc thực hành thống nhất,통일된 행동 규칙
uptick,572,vie_Latn,sự tăng nhẹ,가벼운 상승
value broker,104,vie_Latn,nhà môi giới giá trị,가치 브로커
value date,176,vie_Latn,ngày giá trị,유효일
VAR,1250,vie_Latn,VAR,VAR
VP,1304,vie_Latn,VP,부사장
VPC,1251,vie_Latn,VPC,VPC
VPS,1252,vie_Latn,VPS,VPS
WHITE KNIGHT,105,vie_Latn,WHITE KNIGHT,하얀 기사
WILLIAMS ACT,106,vie_Latn,Đạo luật Williams,윌리엄스 법
wire house,177,vie_Latn,công ty chứng khoán lớn,큰 주식회사
WIT CAPITAL,138,vie_Latn,WIT CAPITAL,위트 캐피탈
X-비효율성,573,vie_Latn,X - Sự kém hiệu quả,X - 비효율성
X,1308,vie_Latn,X,X
XML,1253,vie_Latn,XML,XML
XR,1305,vie_Latn,XR,XR
XW,1306,vie_Latn,XW,XW
가쇄,1254,ind_Latn,pengait,접착기
가압류,1101,ind_Latn,Penyitaan sementara,임시 압류
가중주가평균,389,ind_Latn,Rata-rata tertimbang,가중 평균
간사단,1102,ind_Latn,Tim Sekretariat,사무국 팀
간사회사,751,ind_Latn,Perusahaan Pengelola,관리 회사
간접공시,752,ind_Latn,Pengungkapan tidak langsung,간접적인 폭로
간접금융,753,ind_Latn,Pembiayaan tidak langsung,간접적인 자금
간접모집,754,ind_Latn,Perekrutan tidak langsung,간접적인 채용
간접발행,755,ind_Latn,Penerbitan tidak langsung,간접 출판
간접점유,756,ind_Latn,Kepemilikan tidak langsung,간접 소유권
간접참가자,575,ind_Latn,Peserta tidak langsung,간접 참여자
간주,1255,ind_Latn,Anggapan,가설
감리대상종목,390,ind_Latn,Sektor yang Diawasi,감시 구역
감자차익,757,ind_Latn,Keuntungan dari selisih harga kentang,감자의 가격 차이의 장점
감채기금,758,ind_Latn,Dana Pengurangan Utang,부채 감면 기금
감채기금부채권,306,ind_Latn,Obligasi Dana Pengurangan Utang,부채 감면기금 채권
강세장,1103,ind_Latn,Pasar bullish,시장이 상승하고
강제매수,759,ind_Latn,Pembelian Paksa,강제 구매
개발신탁,760,ind_Latn,Perwalian Pembangunan,건설기탁
개방식 담보사채,221,ind_Latn,Obligasi dengan jaminan terbuka,공개보증증권
개방형 리포,391,ind_Latn,Laporan Terbuka,공개된 보고서
개방형 투자신탁,222,ind_Latn,Reksa Dana Terbuka,오픈 머쉬펀드
개별결제,761,ind_Latn,Pembayaran per transaksi,거래당 지불
개별경쟁매매,392,ind_Latn,Transaksi Lelang Kompetitif Individual,개인 경쟁 경매 거래
개시증거금,576,ind_Latn,Setoran Awal,초기 예금
거래량비율,577,ind_Latn,Rasio Volume Perdagangan,무역량 비율
거래량회전율,393,ind_Latn,Rasio Perputaran Volume Perdagangan,거래량 회전율
거래성립률,578,ind_Latn,Tingkat keberhasilan transaksi,거래 성공률
거래소 시장,394,ind_Latn,Pasar bursa,거래소
거래소 회원,395,ind_Latn,Anggota bursa,거래소 회원
거래취소,762,ind_Latn,Pembatalan Transaksi,거래 취소
건설이자,763,ind_Latn,Bunga pinjaman konstruksi,건설금 대출금
겐사끼시장,579,ind_Latn,Pasar Gensaki,겐사키 시장
격탁매매,764,ind_Latn,Transaksi dengan harga tetap,일정한 가격의 거래
견양증권,765,ind_Latn,Gyeonyang Securities,예온양 증권
결산,1256,ind_Latn,Laporan Keuangan,재무 보고서
결산보고서,580,ind_Latn,Laporan Keuangan,재무 보고서
결제기구,766,ind_Latn,Lembaga Pembayaran,결제 기관
결제기금,767,ind_Latn,Dana Pembayaran,결제기금
결제대금주선제도,223,ind_Latn,Sistem Penyediaan Dana Pembayaran,결제금융시스템
결제대용증,581,ind_Latn,Surat Pengganti Pembayaran,결제 대리증
결제리스크 관리제도,139,ind_Latn,Sistem Pengelolaan Risiko Pembayaran,결제 위험 관리 시스템
결제불이행거래,307,ind_Latn,Transaksi yang Tidak Dibayar,지불되지 않은 거래
결제순서조작,396,ind_Latn,Manipulasi urutan pembayaran,결제 순서 조작
결제시한,768,ind_Latn,Batas waktu pembayaran,결제 기간
결제시한,769,ind_Latn,Batas waktu pembayaran,결제 기간
결제위험의 비대칭성,140,ind_Latn,Asimetri Risiko Pembayaran,결제 위험 비대칭
결제은행제도,397,ind_Latn,Sistem Bank Penyelenggara Pembayaran,결제 처리 은행 시스템
결제일,1104,ind_Latn,Tanggal pembayaran,결제 날짜
결제적체현상,398,ind_Latn,Fenomena penumpukan pembayaran,지불의 축적 현상
결제전 예납,399,ind_Latn,Pembayaran di muka sebelum transaksi,거래 전에 미리 지불
결제후 업무처리,224,ind_Latn,Proses setelah pembayaran,지불 후 처리
결제후 업무처리,225,ind_Latn,Proses setelah pembayaran,지불 후 처리
겸업주의,770,ind_Latn,Prinsip Kegiatansampingan,부활동의 원칙
경개,1257,ind_Latn,Pemandangan,경관
경개적 차감,400,ind_Latn,Pengurangan berdasarkan kondisi,조건에 따른 감면
경과이자,771,ind_Latn,bunga tertunda,꽃은 늦어졌어
경기종합지수,401,ind_Latn,Indeks Komposit Gyeonggi,기 합성 지표
경상수지,772,ind_Latn,Neraca Transaksi Berjalan,트랜잭션 계산이 시작됩니다.
경쟁매매,773,ind_Latn,Penjualan Kompetitif,경쟁적인 판매
경제통합,774,ind_Latn,Integrasi ekonomi,경제 통합
경제협력개발기구,226,ind_Latn,Organisasi untuk Kerja Sama dan Pembangunan Ekonomi,경제협력개발기구
계약,1258,ind_Latn,Kontrak,계약
계약형투자신탁,308,ind_Latn,Reksa Dana Berbasis Kontrak,계약에 기반한 펀드
계절주,1105,ind_Latn,Minuman musiman,계절의 음료
계좌대체,775,ind_Latn,Penggantian Rekening,회계 상환
계좌설정,776,ind_Latn,Pengaturan Rekening,회계 설정
고객계좌부,582,ind_Latn,Buku Rekening Nasabah,고객 회계 책
고객계좌자동이전서비스,107,ind_Latn,Layanan Pemindahan Otomatis Rekening Nasabah,고객 계좌를 자동으로 송금하는 서비스
고객예탁금 이용료,178,ind_Latn,Biaya Penggunaan Dana Simpanan Nasabah,고객의 저축금을 사용하는 비용
고객예탁분,583,ind_Latn,Dana yang disimpan oleh nasabah,고객들이 저축한 자금
고객예탁증권,402,ind_Latn,Surat Berharga yang Disimpan atas Nama Nasabah,고객들의 이름으로 보관된 귀중한 편지
고오든 모형,403,ind_Latn,Model Gordon,고든 모델
고정형 투자신탁,227,ind_Latn,Reksa Dana Investasi Tetap,주식투자펀드
고정환율제도,404,ind_Latn,Sistem Nilai Tukar Tetap,고정된 환율 시스템
골든 크로스,405,ind_Latn,Golden Cross,골든 크로스
공개/발성호가,309,ind_Latn,Dipublikasikan oleh/Balsung Ho-go,출간자: 발성 호고
공개매수,777,ind_Latn,Penawaran Umum untuk Membeli Saham,주식 매매
공개매수설명서,310,ind_Latn,Prospektus Penawaran Umum,공인중개 서포트
공개매수신고서,311,ind_Latn,Laporan Penawaran Umum,공모사업 보고서
공개법인,778,ind_Latn,Badan Hukum Publik,공공법인
공개시장조작,406,ind_Latn,Operasi Pasar Terbuka,오픈 마켓 운영
공기업,1106,ind_Latn,Perusahaan milik negara,주식회사
공동간사회사,407,ind_Latn,Perusahaan Penyelenggara Bersama,공동 주최회사
공동대리,779,ind_Latn,Wakil Bersama,공동 대리인
공동지배인,584,ind_Latn,Pengelola Bersama,공동 관리자
공매도,1107,ind_Latn,Penjualan kosong,판매가 무산
공매수,1108,ind_Latn,Pembelian terbuka,오픈 구매
공모,1259,ind_Latn,Pengumuman,발표
공모부대서비스회사,179,ind_Latn,Perusahaan Penyedia Layanan untuk Unit Militer,군대에 서비스를 제공하는 회사
공모증자,780,ind_Latn,Penawaran Umum Saham Baru,새로운 주식공개
공모채,1109,ind_Latn,Obligasi Penawaran Umum,공매장 의무
공사채등록법,408,ind_Latn,Undang-Undang Pendaftaran Obligasi Perusahaan,회사 채권 등록법
공사채형투자신탁,228,ind_Latn,Reksa Dana Obligasi Perusahaan,회사 채권 펀드
공시,1260,ind_Latn,Pengumuman,발표
공시최고,781,ind_Latn,Pengumuman Tertinggi,최고의 발표
공신의 원칙,409,ind_Latn,Prinsip Penghargaan kepada Pahlawan,영웅을 기리는 원칙
공인중개인,585,ind_Latn,Agen Properti Berlisensi,면허가 있는 부동산 중개사
공정거래법,586,ind_Latn,Undang-Undang Persaingan Usaha yang Sehat,건전한 기업 경쟁법
공정게임모형,410,ind_Latn,Model Permainan yang Adil,공평한 게임 모델
공정할인율,587,ind_Latn,Tingkat diskon yang wajar,합리적인 할인율
공채,1261,ind_Latn,Perekrutan Umum,일반 채용
관계회사,782,ind_Latn,Perusahaan afiliasi,제휴 회사
관리대상종목,411,ind_Latn,Saham yang Dipantau,통제된 주식
관세 및 무역에 관한 일반협정,33,ind_Latn,Perjanjian Umum tentang Tarif dan Perdagangan,관세와 무역에 관한 일반 협약
관할권,1110,ind_Latn,Yurisdiksi,관할권
교차담보금제도,312,ind_Latn,Sistem Jaminan Silang,횡단보증 시스템
교차증거금제도,313,ind_Latn,Sistem Margin Silang,크로스 마진 시스템
교차헤징,783,ind_Latn,Hedging silang,크로스 헤딩
교체발행,784,ind_Latn,Penerbitan pengganti,대체 출판
교환사채,785,ind_Latn,Obligasi tukar,교환 채권
구상권,1111,ind_Latn,Hak ganti rugi,손해배상
구주,1262,ind_Latn,Tuhan,"오, 하느님"
국가신인도,588,ind_Latn,Kredibilitas Negara,국가의 신뢰성
국내장외거래,412,ind_Latn,Transaksi di Luar Pasar Teratur Dalam Negeri,국내 정해진 시장 이외의 거래
국민주,1112,ind_Latn,Lagu Kebangsaan,국악
국민주택채권,413,ind_Latn,Obligasi Perumahan Rakyat,국민 주택 채권
국민총생산,589,ind_Latn,Produk Domestik Bruto,국내총생산
국제간 거래,414,ind_Latn,Transaksi internasional,국제 거래
국제간 대금지급,229,ind_Latn,Pembayaran antarnegara,국가 간 결제
국제간 대체결제,230,ind_Latn,Pembayaran Alternatif Antarnegara,국제 대안 결제
국제결제은행,415,ind_Latn,Bank for International Settlements,국제결제은행
국제결제은행규제,231,ind_Latn,Peraturan Bank for International Settlements,국제결제은행의 규정
국제금융공사,416,ind_Latn,Korporasi Keuangan Internasional,국제금융회사
국제금융센타,417,ind_Latn,Pusat Keuangan Internasional,국제금융센터
국제금융시장,418,ind_Latn,Pasar Keuangan Internasional,국제 금융 시장
국제보관기관,419,ind_Latn,Lembaga Penyimpanan Internasional,국제 저장소
국제부흥개발은행,232,ind_Latn,Bank Internasional untuk Rekonstruksi dan Pembangunan,국제 재건개발은행
국제분산투자,420,ind_Latn,Investasi Terpencar Internasional,국제적으로 분산된 투자
국제유가증권관리자협회,108,ind_Latn,Asosiasi Pengelola Sekuritas Internasional,국제 증권 관리자 협회
국제전문가시장,314,ind_Latn,Pasar Ahli Internasional,국제 전문가 시장
국제정합성,590,ind_Latn,Kesesuaian Internasional,국제적 적합성
국제증권,786,ind_Latn,Sekuritas Internasional,국제 증권
국제증권거래소연맹,180,ind_Latn,Federasi Bursa Efek Internasional,국제 증권 거래소 연맹
국제증권관리위원회연맹,109,ind_Latn,Federasi Komisi Pengawas Sekuritas Internasional,국제보증위원회 연맹
국제증권예탁결제기관,141,ind_Latn,Lembaga Penyimpanan dan Penyelesaian Sekuritas Internasional,국제 증권 보관 및 결제 기관
국제통화기금,421,ind_Latn,Dana Moneter Internasional,국제통화기금
국제투자신탁,422,ind_Latn,Dana Investasi Internasional,국제투자기금
국채,1263,ind_Latn,Obligasi pemerintah,정부 채권
국채전문딜러,423,ind_Latn,Dealer spesialis obligasi pemerintah,정부 채권 전문 딜러
국채집합등록제도,233,ind_Latn,Sistem Pendaftaran Terpadu Surat Utang Negara,국가채권 통합 등록 시스템
권리락,1113,ind_Latn,Kwon Ri-rak,Kwon Ri-rak
권리락주가,591,ind_Latn,Saham yang haknya telah jatuh tempo,주식이 만료되었습니다.
권리예탁,787,ind_Latn,Penitipan Hak,권리 보호
권리예탁계좌부,315,ind_Latn,Buku Rekening Penitipan Hak,권리보장책
권리주,1114,ind_Latn,Catatan Hak Cipta,저작권자료
권종,1264,ind_Latn,Jenis Hak,권리의 종류
규정재정,788,ind_Latn,Penetapan Peraturan,규칙 제정
그라함 도드모형,234,ind_Latn,Model Graham-Dodds,그레이엄-도드스 모델
근저당,1115,ind_Latn,Hak gadai atas tanah,토지에 대한 보증금
글래머주식,592,ind_Latn,Saham Glamour,글래머 주식
글래스 스티걸법,235,ind_Latn,Undang-Undang Glass-Steagall,글래스 스티걸 법
글로벌 트레이딩,236,ind_Latn,Perdagangan Global,세계 무역
글로벌라이제이션,237,ind_Latn,Globalisasi,세계화
글로벌본드,593,ind_Latn,Obligasi Global,글로벌 채권
글로컬리제이션,316,ind_Latn,Glokalisasi,지역화
금고주,1116,ind_Latn,Pemegang saham utama,주주
금리선물,789,ind_Latn,Kontrak Berjangka Suku Bunga,꽃의 미래에 대한 계약
금리선물옵션,424,ind_Latn,Opsi Kontrak Berjangka Suku Bunga,융자 선물 옵션
금리스왑,790,ind_Latn,Swap suku bunga,이자율 교환
금리연동부사채,317,ind_Latn,Obligasi dengan Suku Bunga Terikat,꽃과 결합된 채권
금리확정부사채,318,ind_Latn,Obligasi tanpa bunga dengan suku bunga tetap,"금리 없는 채권, 고정금리"
금외신탁,791,ind_Latn,Perwalian Non-Emas,금이 아닌 보증금
금융감독위원회/금융감독원,59,ind_Latn,Komisi Pengawasan Keuangan/Badan Pengawasan Keuangan,금융감독위원회
금융결제원,594,ind_Latn,Lembaga Kliring dan Pembayaran,청산 및 결제 기관
금융공학,792,ind_Latn,Rekayasa Keuangan,금융공학
금융기관,793,ind_Latn,Lembaga keuangan,금융 기관
금융리스,794,ind_Latn,Sewa Guna Usaha,사업용 임대
금융비용,795,ind_Latn,Biaya keuangan,재정적 비용
금융선물거래,425,ind_Latn,Perdagangan Kontrak Berjangka Keuangan,금융 선물 거래
금융소득종합과세,238,ind_Latn,Pajak Penghasilan Komprehensif atas Penghasilan Keuangan,금융소득에 대한 종합소득세
금융쇼핑몰,595,ind_Latn,Pusat Perbelanjaan Keuangan,금융 쇼핑센터
금융시장,796,ind_Latn,Pasar Keuangan,금융시장
금융실명제,596,ind_Latn,Sistem Identitas Pemegang Rekening di Sektor Keuangan,금융분야의 계정 소유자 식별 시스템
금융어음,797,ind_Latn,Warkat keuangan,금융 자금
금융자산,798,ind_Latn,Aset keuangan,금융 자산
금융장세,799,ind_Latn,Kondisi Pasar Keuangan,금융시장 상황
금융지주회사,426,ind_Latn,Perusahaan induk keuangan,금융 주식회사
금융채,1117,ind_Latn,Obligasi keuangan,금융 채권
금융통화운영위원회,181,ind_Latn,Komite Kebijakan Moneter dan Keuangan,금융정책위원회
금전신탁,800,ind_Latn,Perwalian Uang,기증금
기간구조,801,ind_Latn,Struktur Jangka Waktu,시간적 구조
기간물 repo,239,ind_Latn,Repo berjangka,미래에셋대우
기관결제제도,427,ind_Latn,Sistem Pembayaran Institusional,제도적 결제 시스템
기관투자가 결제제도,142,ind_Latn,Sistem Penyelesaian Transaksi Investor Institusional,기관투자자 결제 시스템
기관투자가,597,ind_Latn,Investor institusional,기관 투자자
기관화현상,598,ind_Latn,Fenomena institusionalisasi,제도화 현상
기대수익률,599,ind_Latn,Tingkat Pengembalian yang Diharapkan,기대되는 수익률
기대이론,802,ind_Latn,Teori Ekspektasi,기대론
기말계속예탁제도,240,ind_Latn,Sistem Penitipan Akhir Periode,생리후 보육시스템
기명날인,803,ind_Latn,Tanda tangan dan cap,서명과 우표
기명사채,804,ind_Latn,Obligasi atas nama,부채는
기명주식,805,ind_Latn,Saham atas nama,주식 이름
기본적분석,600,ind_Latn,Analisis Fundamental,근본적인 분석
기세,1265,ind_Latn,semangat,정신
기술적분석,601,ind_Latn,Analisis Teknis,기술 분석
기어링 레이쇼,319,ind_Latn,Rasio Penggerak,동력 비율
기업공개,806,ind_Latn,Penawaran Umum Perdana,1차 공모전
기업회계기준,428,ind_Latn,Standar Akuntansi Perusahaan,기업 회계 표준
기준일,1118,ind_Latn,Tanggal acuan,참고 날짜
기채시장,807,ind_Latn,Pasar Obligasi,채권 시장
기초자산,808,ind_Latn,Aset dasar,기본 자산
기축통화,809,ind_Latn,mata uang cadangan,리저브 통화
기한부어음,602,ind_Latn,wesel berjangka,유월절
기회비용,810,ind_Latn,Biaya peluang,기회의 대가
나스닥,1119,ind_Latn,Nasdaq,나스닥
납입자본금,603,ind_Latn,Modal disetor,모금자금
납회,1266,ind_Latn,Pertemuan Akhir Tahun,연말 모임
내부결제,811,ind_Latn,Pembayaran internal,내부 결제
내부금융,812,ind_Latn,Pembiayaan Internal,내부 자금
내부수익률,604,ind_Latn,Tingkat Pengembalian Internal,내부 수익률
내부유보,813,ind_Latn,Laba ditahan,수익금지
내부자거래,605,ind_Latn,Transaksi orang dalam,내부 거래
내재가치,814,ind_Latn,Nilai intrinsik,내재적 가치
누적적 우선주,320,ind_Latn,Saham preferen kumulatif,누적 선호 주식
누적적참가우선주,241,ind_Latn,Saham Preferen dengan Hak Prioritas Akumulatif,누적 우선권을 가진 선호 주식
누적투표제,606,ind_Latn,Sistem Pemungutan Suara Kumulatif,누적 투표 시스템
뉴라운드,815,ind_Latn,Putaran Baru,새로운 라운드
뉴욕증권거래소,321,ind_Latn,Bursa Efek New York,뉴욕 증권거래소
니케이 평균지수,242,ind_Latn,Indeks Nikkei,니케이 지수
다자간 차감,429,ind_Latn,Pengurangan multilateral,다자간 감축
다지수모형,607,ind_Latn,Model Indeks,인덱스 모델
단기금융시장 상호기금,110,ind_Latn,Dana Bersama Pasar Keuangan Jangka Pendek,단기 금융시장 공동펀드
단기금융시장,430,ind_Latn,Pasar Keuangan Jangka Pendek,단기 금융시장
단기채,1120,ind_Latn,Obligasi jangka pendek,단기 채권
단독주주권,608,ind_Latn,Hak Pemegang Saham Tunggal,유일한 주주권
단순보관연계,431,ind_Latn,Terkait Penyimpanan Sederhana,간편하게 보관할 수 있습니다.
단순주가지수,432,ind_Latn,Indeks Saham Sederhana,단순한 주식 지수
단순주가평균,433,ind_Latn,Rata-rata harga saham sederhana,보통 주식 가격의 평균
단위형 투자신탁,243,ind_Latn,Reksa Dana Tipe Unit,유닛 펀드
단일지수모형,434,ind_Latn,Model Indeks Tunggal,단일 인덱스 모델
단주,1267,ind_Latn,Tanpa alkohol,알코올 없이
단주매각대금,435,ind_Latn,Harga Jual Saham Tunggal,단일 주식 판매 가격
담보거래,816,ind_Latn,Transaksi dengan jaminan,보증된 거래
담보관리제도,436,ind_Latn,Sistem Pengelolaan Jaminan,보증 관리 시스템
담보물,1121,ind_Latn,Barang jaminan,담보물
담보부사채,609,ind_Latn,Obligasi Berjaminan,보증된 채권
담보유가증권,437,ind_Latn,Surat berharga yang dijadikan jaminan,담보증권
담보유지비율,438,ind_Latn,Rasio Pemeliharaan Jaminan,보증 유지 비율
당일결제거래,439,ind_Latn,Transaksi dengan pembayaran pada hari yang sama,같은 날 지불과 거래
당일자금,817,ind_Latn,Dana Hari Ini,오늘 기금
당좌대월,818,ind_Latn,Cek kosong,빈 체크
당좌차월,819,ind_Latn,Kredit giro,현금 대출
대권,1268,ind_Latn,Perebutan kursi kepresidenan,대통령 직권 경쟁
대금지급보증시스템,182,ind_Latn,Sistem Jaminan Pembayaran,결제 보증 시스템
대기시스템,610,ind_Latn,Sistem Pemantauan,감시 시스템
대량매매,820,ind_Latn,Perdagangan dalam jumlah besar,대량 거래
대량주식보유상황공시제도,73,ind_Latn,Sistem Pengungkapan Kepemilikan Saham dalam Jumlah Besar,대용량 주식 소유자 공개 시스템
대량주식소유의 제한,143,ind_Latn,Pembatasan Kepemilikan Saham dalam Jumlah Besar,대규모 주식 소유에 대한 제한
대변이체시스템,322,ind_Latn,Sistem Pengangkutan Kotoran,쓰레기 운송 시스템
대용가격,821,ind_Latn,Harga pengganti,대체 가격
대용증거금 필요액,183,ind_Latn,Jumlah Jaminan Pengganti yang Diperlukan,필요한 대체 보증금의 수
대용증권,822,ind_Latn,Surat berharga pengganti,대리증권
대주,1269,ind_Latn,utang utama,주요 부채
대주비율,823,ind_Latn,Rasio utang terhadap ekuitas,부채 대 주식 비율
대주주,1122,ind_Latn,Pemegang saham mayoritas,대다수 주주
대차수수료,611,ind_Latn,Biaya peminjaman,대출 비용
대체거래시스템,323,ind_Latn,Sistem Perdagangan Alternatif,대체 무역 시스템
대체결제제도,440,ind_Latn,Sistem Pembayaran Alternatif,대안 결제 시스템
대체물/대체성,324,ind_Latn,Substitusi/Substitusiabilitas,대체성
대체비용위험,441,ind_Latn,Risiko Biaya Pengganti,대체 비용
대표소송,824,ind_Latn,Gugatan atas nama perusahaan,기업을 상대로 소송
대표채권,825,ind_Latn,Obligasi Utama,주요 의무
대행업무 수탁계약,184,ind_Latn,Perjanjian Penugasan Jasa,재직 계약서
데드크로스,612,ind_Latn,Dead Cross,데드 크로스
독일증권시장의 주가지수,74,ind_Latn,Indeks saham pasar sekuritas Jerman,독일 증권 시장 주식 지수
동시호가,826,ind_Latn,Penawaran Sekaligus,한꺼번에 제안
동일주주,827,ind_Latn,Pemegang saham yang sama,같은 주주
동증주가지수,442,ind_Latn,Indeks Saham Dongjeung,동전 주식 지수
듀레이션,828,ind_Latn,Durasi,기간
등가수익률,613,ind_Latn,Tingkat Pengembalian Setara,동등한 수익률
등록기관,829,ind_Latn,Lembaga Pendaftaran,등록 기관
등록대리인,614,ind_Latn,Wakil Pendaftaran,등록 담당자
등록법인,830,ind_Latn,Badan Hukum yang Terdaftar,등록된 법인
등록질,1123,ind_Latn,Pertanyaan pendaftaran,등록문제
등록채권,831,ind_Latn,Hutang yang terdaftar,등록된 부채
"등록필증, 등록필통지서",75,ind_Latn,"Sertifikat Pendaftaran, Surat Pemberitahuan Pendaftaran","등록 증명서, 등록신고서"
디스카운트 브로커,185,ind_Latn,Pialang dengan biaya rendah,저비용 중개업자
딜러,1270,ind_Latn,Dealer,딜러
랜덤워크가설,443,ind_Latn,Hipotesis Perjalanan Acak,무작위 여행 가설
랩 어카운트,444,ind_Latn,Rekening Lab,실험실 계좌
런던은행간 대출금리,144,ind_Latn,Suku Bunga Pinjaman Antarbank di London,런던의 은행 간 대출
런던은행간 예금금리,145,ind_Latn,Suku Bunga Deposito Antarbank di London,런던의 은행 간 예금 금리
레버리지 효과,325,ind_Latn,Efek leverage,레버리지 효과
마코위츠 이론,326,ind_Latn,Teori Makowitz,마코비츠 이론
마크다운,832,ind_Latn,Markdown,마크다운
마팅게일모형,445,ind_Latn,Model Martingale,마틴게일 모델
만기,1271,ind_Latn,Jatuh tempo,템포가 떨어졌어요
만기보유전략,446,ind_Latn,Strategi Memegang Sampai Jatuh Tempo,테모가 떨어질 때까지 버티는 전략
만기수익률,615,ind_Latn,Imbal hasil jatuh tempo,정해진 시간에 보상하라
매매거래정지,447,ind_Latn,Penangguhan Transaksi Jual Beli,매매가 중단됐습니다
매매거래중단,448,ind_Latn,Penangguhan Transaksi Jual Beli,매매가 중단됐습니다
매매보고서,616,ind_Latn,Laporan Jual Beli,매출 보고서
매매상대방,617,ind_Latn,Pihak yang melakukan transaksi,거래 당사자
매매심리,833,ind_Latn,Sentimen pasar,시장 정서
매매입회장,618,ind_Latn,Ruang Transaksi,거래실
매매중지장치,449,ind_Latn,Sistem Penghentian Perdagangan,무역 중단 시스템
매매확인,834,ind_Latn,Konfirmasi Transaksi,거래 확인
매출,1272,ind_Latn,Pendapatan,수입
멀티미디어금융시대,186,ind_Latn,Era Keuangan Multimedia,멀티미디어 금융 시대
명령상장,835,ind_Latn,Pencatatan atas perintah,명령에 대한 기록
명목이자율,619,ind_Latn,Suku bunga nominal,명목 금리
명의개서 대행회사,187,ind_Latn,Perusahaan Jasa Pengurusan Akta Pemindahan Hak Milik,소유권 이전 관리 서비스 회사
명의개서 정지기간,188,ind_Latn,Masa penangguhan pengalihan hak milik,소유권 전환의 유예 기간
명의개서,836,ind_Latn,Peralihan Hak Milik,소유권 전환
명의개서대리인,327,ind_Latn,Wakil untuk Pengalihan Hak Milik,소유권 이전을 위한 대리인
명의개서대행업무,244,ind_Latn,Layanan Pengurusan Akta Pemindahan Hak Milik,소유권 이전 관리 서비스
모기지담보부증권,245,ind_Latn,Surat Utang Beragun Hipotek,부채는 모기지
모듈기업,837,ind_Latn,Perusahaan modul,모듈 회사
모집,1273,ind_Latn,Perekrutan,채용
모집설립,838,ind_Latn,Perekrutan dan Pendirian,채용과 설립
무권화,1124,ind_Latn,Dekontaminasi,오염 제거
무기명주식,620,ind_Latn,Saham tanpa nama,이름 없는 주식
무기명채권,621,ind_Latn,Obligasi tanpa nama,이름 없는 채권
무담보사채,622,ind_Latn,Obligasi tanpa jaminan,보증되지 않은 채권
무배당,1125,ind_Latn,Tanpa dividen,배당금 없이
무배주,1126,ind_Latn,Minuman tanpa alkohol,비알코올 음료
무보증사채,623,ind_Latn,Obligasi tanpa jaminan,보증되지 않은 채권
무상증자,839,ind_Latn,Penambahan modal tanpa imbalan,대가 없이 자본을 증축하는 것
무액면주식,624,ind_Latn,Saham tanpa nilai nominal,부가가치 없는 주식
무위험 이자율,328,ind_Latn,Suku bunga bebas risiko,리스크 없는 이자율
무의결권주,625,ind_Latn,Saham tanpa hak suara,투표권이 없는 주식
무츄얼펀드,626,ind_Latn,Reksa Dana,펀드
물상대위,840,ind_Latn,Substitusi benda,물체의 대체
물적담보,841,ind_Latn,Jaminan riil,진정한 보장은
뮤추얼펀드 관리회사,146,ind_Latn,Perusahaan Pengelola Reksa Dana,펀드 매니저 회사
뮤추얼펀드 인수회사,147,ind_Latn,Perusahaan yang mengakuisisi reksa dana,자금융을 인수하는 회사
미국형옵션,627,ind_Latn,Opsi Gaya Amerika,미국식 옵션
미발행증권거래,329,ind_Latn,Perdagangan Surat Berharga yang Belum Diterbitkan,출판되지 않은 귀중한 편지 거래
미청산계약,628,ind_Latn,Kontrak yang belum diselesaikan,미완성 계약
바벨형 만기구성전략,148,ind_Latn,Strategi Pembentukan Portofolio Tipe Babel,바벨론형 포트폴리오 구축 전략
바스켓방식,629,ind_Latn,Sistem keranjang,바구니 시스템
바흐만보고서,450,ind_Latn,Laporan Bachmann,바흐만 보고서
반대매매,842,ind_Latn,Transaksi berlawanan arah,역방향 거래
발기설립,843,ind_Latn,Pendirian,설립
발기인,1127,ind_Latn,Pendiri,창업자
발기인조합,630,ind_Latn,Kelompok Pendiri,창립자 그룹
발행가액,844,ind_Latn,Nilai nominal,부가가치
발행시장,845,ind_Latn,Pasar penerbitan,출판 시장
배당,1274,ind_Latn,Pembagian dividen,배당
배당가능이익,451,ind_Latn,Laba yang Dapat Dibagikan,나눌 수 있는 이익
배당금지급청구권,246,ind_Latn,Hak atas pembayaran dividen,배당금 지급의 권리
배당기산일,631,ind_Latn,Tanggal Perhitungan Dividen,배당금 계산 날짜
배당락,1128,ind_Latn,Hari ex-dividen,이분배 전날
배당성향,846,ind_Latn,Rasio Pembagian Dividen,배당비율
배당소득,847,ind_Latn,Penghasilan dari dividen,배당금 수입
배당소득세,632,ind_Latn,Pajak Penghasilan atas Dividen,이산화탄소 수입세
배당의 정보효과,247,ind_Latn,Efek Informasi Dividen,정보의 파급효과
배당정책,848,ind_Latn,Kebijakan Pembagian Dividen,배당 정책
배당평가모형,452,ind_Latn,Model Penilaian Dividen,이산화탄소 평가 모델
배서,1275,ind_Latn,Penandatangan,서명자
백워데이션,633,ind_Latn,Backwardation,배워드레이션
벌처펀드,849,ind_Latn,Dana Vulture,비둘기 기금
법정과실,850,ind_Latn,Kelalaian hukum,법의 방치
법정관리,851,ind_Latn,Pengawasan Pengadilan,법원의 감시
법정담보물권,453,ind_Latn,Hak jaminan yang diatur undang-undang,법적으로 보장된 권리
법정대위,852,ind_Latn,Substitusi Hukum,법의 대체
법정청산,853,ind_Latn,Likuidasi Pengadilan,법원의 폐지
베이시스,854,ind_Latn,Basis,기지
베타계수,855,ind_Latn,Koefisien beta,베타 계수
베타위험,856,ind_Latn,Risiko beta,베타 위험
병행증자,857,ind_Latn,Penambahan modal secara paralel,병행적으로 자본을 추가합니다.
보관기관,858,ind_Latn,Lembaga Penyimpanan,저장소
보관원장,859,ind_Latn,Buku Besar Penyimpanan,저장용 책자
보관위험,860,ind_Latn,Risiko penyimpanan,저장 위험
보유기간수익률,330,ind_Latn,Imbal hasil selama periode kepemilikan,소유 기간 동안의 수익
보유비용,861,ind_Latn,Biaya kepemilikan,소유비용
보증사채,862,ind_Latn,Obligasi berjaminan,보증된 채권
보통거래,863,ind_Latn,Transaksi biasa,일반적인 거래
보통결의,864,ind_Latn,Keputusan Biasa,평범한 결정
보통주,1129,ind_Latn,Saham biasa,주식
보호예수,865,ind_Latn,Periode pembekuan,냉각기
보호예수증서,454,ind_Latn,Sertifikat Penahanan Saham,주식 보유 증명서
복리채,1130,ind_Latn,Obligasi berbunga majemuk,복수형 채권
복수통화대출,455,ind_Latn,Pinjaman Multi-Mata Uang,다중 화폐 대출
복수통화표시채,331,ind_Latn,Obligasi dengan Penunjukan Mata Uang Ganda,이중화폐 지정을 가진 채권
본질가치,866,ind_Latn,Nilai intrinsik,내재적 가치
부당권유행위의 금지,149,ind_Latn,Larangan Tindakan Ajakan yang Tidak Wajar,부적절한 권유 행위 금지
부도방지협약,456,ind_Latn,Perjanjian Pencegahan Kebangkrutan,파산 방지 협약
부도처리유예,457,ind_Latn,Penangguhan Penanganan Kebangkrutan,파산 처리 연기
부동담보제도,458,ind_Latn,Sistem Jaminan Tidak Bergerak,보증 시스템은 움직이지 않습니다.
부동산 투자신탁,248,ind_Latn,Reksa Dana Investasi Properti,부동산 투자 펀드
부동주,1131,ind_Latn,Budoongju,Budoongju
부동화,1132,ind_Latn,Imobilisasi,움직이지 않는
부보관기관,634,ind_Latn,Lembaga Penyimpanan Cadangan,예비 보관소
부실채권 정리기금,189,ind_Latn,Dana Penanganan Kredit Macet,신용 관리 기금이 고장났습니다.
부실채권,867,ind_Latn,Kredit macet,신용 고장
부실채권정리기금채권,150,ind_Latn,Obligasi Dana Penanganan Kredit Bermasalah,신용기금 채권 문제
부전환대리인,459,ind_Latn,Wakil Non-Konversi,변신하지 않은 대리인
분리결제,868,ind_Latn,Pembayaran Terpisah,별도의 지불
분리과세,869,ind_Latn,Pajak Terpisah,별도의 세금
분리형증권,635,ind_Latn,Surat berharga yang dapat dipisahkan,분리할 수 있는 유가증서
분매기관,870,ind_Latn,Lembaga Penjualan,판매 기관
분배락조치,636,ind_Latn,Tindakan pembatasan distribusi,유통 제한 조치
분산투자,871,ind_Latn,Diversifikasi Investasi,투자 다각화
분할납입채,637,ind_Latn,Utang dengan Pembayaran Bertahap,단계적으로 갚는 빚
불독채,1133,ind_Latn,Daun Bulldog,불도그 잎
불릿채,1134,ind_Latn,Sapu peluru,총알 청소
브래디채권,638,ind_Latn,Obligasi Brady,브레이디의 채권
브로커,1135,ind_Latn,Pialang,중개업자
브로커스 론,460,ind_Latn,Pinjaman Broker,대출 중개자
브릿지,1136,ind_Latn,Jembatan,다리
브릿지론,872,ind_Latn,Pinjaman Jembatan,다리 대출
블루 리스트,461,ind_Latn,Daftar Biru,블루 리스트
비가격경쟁,639,ind_Latn,Persaingan non-harga,비 가격 경쟁
비거주자,873,ind_Latn,bukan penduduk,주민이 아닙니다.
비과세소득,640,ind_Latn,Penghasilan yang Bebas Pajak,세금 없는 수입
비상장증권,641,ind_Latn,Sekuritas yang tidak terdaftar di bursa,상장되지 않은 증권
비전형계약,642,ind_Latn,Kontrak non-standar,비 표준 계약
비체계적 위험,332,ind_Latn,Risiko tak terstruktur,구조화되지 않은 위험
비통화금융기관,333,ind_Latn,Lembaga Keuangan Non-Moneter,비금융 금융기관
비회원증권회사,334,ind_Latn,Perusahaan sekuritas non-anggota,비회원 증권회사
빅뱅,1276,ind_Latn,Big Bang,빅뱅
빅보오드,874,ind_Latn,Big Board,빅 보드
빗더마켓 전략,335,ind_Latn,Strategi BitderMarket,BitderMarket 전략
사고신고,875,ind_Latn,Laporan Kecelakaan,사고 보고
사고증권 가신고제도,151,ind_Latn,Sistem Pelaporan Awal Efek yang Terlibat dalam Kecelakaan,사고로 인한 영향에 대한 초기 보고 시스템
사고증권,876,ind_Latn,Surat berharga yang bermasalah,문제가 있는 증권
사내유보,877,ind_Latn,Laba ditahan,수익금지
사다리형 만기구성전략,111,ind_Latn,Strategi Pembentukan Portofolio Tipe Tangga,계단형 포트폴리오 구축 전략
사모,1277,ind_Latn,investasi swasta,민간 투자
사모펀드,878,ind_Latn,Hutan modal swasta,민간 자본의 숲
사무라이본드,462,ind_Latn,Samurai Bond,사무라이 본드
사설증권시장,463,ind_Latn,Pasar Sekuritas Swasta,개인 증권 시장
사업보고서,643,ind_Latn,Laporan Kinerja,성과 보고
사업설명서,644,ind_Latn,Brosur Proyek,프로젝트 브로셔
사이또리회원,464,ind_Latn,Anggota Saitori,사이토리 멤버
사이버 주주총회,249,ind_Latn,Rapat Umum Pemegang Saham Daring,온라인 주주총회
사전매매대조과정,250,ind_Latn,Proses rekonsiliasi transaksi pra-penjualan,판매 전 거래 조정 과정
사채권,1137,ind_Latn,Surat utang swasta,개인 채권
사채발행,879,ind_Latn,Penerbitan obligasi swasta,개인 채권 발행
사채원부,880,ind_Latn,Buku Besar Obligasi Swasta,개인 채권 대책
산업금융채권,465,ind_Latn,Obligasi Keuangan Industri,산업 금융 채권
상계적 차감,466,ind_Latn,Pengurangan akumulatif,누적 감면
상대매매,881,ind_Latn,Perdagangan relatif,상대적인 무역
상대매매,882,ind_Latn,Perdagangan relatif,상대적인 무역
상쇄거래,883,ind_Latn,Transaksi lindung nilai,피보증 거래
상임대리인,645,ind_Latn,Wakil Tetap,상임위원
상장,1278,ind_Latn,Penawaran umum perdana,첫 공모전
상장심사기준,467,ind_Latn,Kriteria Penilaian Pencatatan,기록 평가 기준
상장회사협의회,336,ind_Latn,Asosiasi Perusahaan Terdaftar,등록된 회사 협회
상품유가증권,468,ind_Latn,Surat berharga komoditas,상품 증권
상호결제제도,469,ind_Latn,Sistem Pembayaran Timbal Balik,상호 결제 시스템
상호다중연계,470,ind_Latn,Interkoneksi Multilateral,다자간 연계
상호단일연계,471,ind_Latn,Integrasi Tunggal Antar-Perusahaan,기업 간 단일 통합
상호동시거래,472,ind_Latn,Transaksi Saling Bersamaan,상호 거래
상호동시거래,473,ind_Latn,Transaksi Saling Bersamaan,상호 거래
상호연계,884,ind_Latn,Interkoneksi,상호 연결
상호주,1138,ind_Latn,Australia,호주
상환,1279,ind_Latn,Pelunasan,속죄
상환주,1139,ind_Latn,Saham yang dapat ditebus,회수할 수 있는 주식
서면투표제,646,ind_Latn,Sistem Pemungutan Suara Tertulis,서면 투표 시스템
선도거래,885,ind_Latn,Transaksi Awal,초기 거래
선도계약,886,ind_Latn,Kontrak Awal,초기 계약
선물거래,887,ind_Latn,Perdagangan Berjangka,미래에 대한 거래
선물거래위원회,337,ind_Latn,Komisi Perdagangan Berjangka,미래에 대한 거래위원회
선물계약,888,ind_Latn,Kontrak Berjangka,미래 계약
선물시장,889,ind_Latn,Pasar berjangka,미래에셋 시장
선물중개상,647,ind_Latn,Pialang Berjangka,미래에 대한 브로커
선물환,1140,ind_Latn,Transaksi valuta asing berjangka,외환 선물 거래
선물환마진,648,ind_Latn,Margin Valuta Asing Berjangka,외환 선물 마진
선의취득,890,ind_Latn,Perolehan dengan itikad baik,선의로 얻은 것
성장주,1141,ind_Latn,Saham pertumbuhan,성장 주식
소비대차,891,ind_Latn,Pinjaman Konsumen,소비자 대출
소비임치,892,ind_Latn,Penitipan Konsumsi,소비 관리
소수주주권,649,ind_Latn,Hak pemegang saham minoritas,소수 주주들의 권리
소액주주,893,ind_Latn,pemegang saham minoritas,소수 주주
송금이체,894,ind_Latn,Transfer dana,기금 송금
수권자본제도,474,ind_Latn,Sistem Modal Otorisasi,허가된 자본 시스템
수도부족분<결제부족분>,76,ind_Latn,Kekurangan dana <Kekurangan pembayaran>,자금 부족
수량우선의 원칙,251,ind_Latn,Prinsip Prioritas Kuantitas,양적 우선의 원칙
수요예측방식,475,ind_Latn,Metode Perkiraan Permintaan,수요를 예측하는 방법
수의상환<임의상환>,152,ind_Latn,Pelunasan sesuai jadwal <Pelunasan sukarela>,일정에 따라 보상합니다.
수의상환사채,476,ind_Latn,Obligasi yang Dapat Ditukar Kembali,환불 가능한 채권
수익률,1142,ind_Latn,Tingkat pengembalian,수익률
수익률곡선,650,ind_Latn,Kurva imbal hasil,수익률 곡선
수익률곡선타기전략,190,ind_Latn,Strategi Mengikuti Kurva Imbal Hasil,보상 곡선을 따라가는 전략
수익률스프레드,338,ind_Latn,Selisih imbal hasil,수익의 차이는
수익자,1143,ind_Latn,Penerima manfaat,수혜자
수익증권,895,ind_Latn,Surat berharga,귀중한 서류
수정주가평균,477,ind_Latn,Rata-rata Harga Saham yang Telah Direvisi,수정된 주식 가격 평균
수탁계약준칙,478,ind_Latn,Pedoman Perjanjian Perwalian,유탁 계약 지침
수탁자,1144,ind_Latn,Penerima Amanat,위임받은 사람
수탁회사,896,ind_Latn,Perusahaan Pengelola,관리 회사
순수무액면주식,339,ind_Latn,Saham tanpa nilai nominal,부가가치 없는 주식
순운전자본,651,ind_Latn,Modal kerja bersih,순환 자본
순자산가치,652,ind_Latn,Nilai Aktiva Bersih,순자산 가치
순차변·순대변잔고포지션,77,ind_Latn,Posisi Saldo Transaksi Berurutan dan Transaksi Tambahan,순차적인 거래와 추가적인 거래의 균형 위치
스왑거래,897,ind_Latn,Transaksi swap,교환 거래
스왑션,1145,ind_Latn,Swapsion,Swapsion
스위스옵션 금융선물거래소,60,ind_Latn,Bursa Perdagangan Opsi dan Kontrak Berjangka Swiss,스위스 옵션 및 선물 거래소
스칼퍼,1146,ind_Latn,scalper,스칼퍼
스톡옵션,898,ind_Latn,Opsi saham,주식 옵션
스트래들,899,ind_Latn,Straddle,스트래들
스트랩,1147,ind_Latn,tali,로프
스트립,1148,ind_Latn,strip,스트립
스페셜리스트,479,ind_Latn,Spesialis,전문가
스폿펀드,900,ind_Latn,Dana Spot,파나 스팟
스프레드,901,ind_Latn,Spread,퍼져
스프레드거래,480,ind_Latn,Perdagangan Spread,무역 확산
스프레드운용,481,ind_Latn,Pengelolaan Spread,스프레드 관리
스프리트,902,ind_Latn,Spirit,영혼
시가발행제도,482,ind_Latn,Sistem Penerbitan Surat Utang,채권 발행 시스템
시가총액,903,ind_Latn,Kapitalisasi pasar,시가총액
시가총액식 주가지수,153,ind_Latn,Indeks saham berdasarkan kapitalisasi pasar,시가총액에 의한 주식 지수
시간외 종가매매,252,ind_Latn,Perdagangan Penutupan di Luar Jam Perdagangan,마감 거래 오프타임 거래
시간우선의 원칙,253,ind_Latn,Prinsip Prioritas Waktu,시간 우선의 원칙
시스템위험,653,ind_Latn,Risiko Sistem,시스템 위험
시장분할이론,483,ind_Latn,Teori Segmentasi Pasar,시장 세분화 이론
시장위험,904,ind_Latn,Risiko Pasar,위험 시장
시장주문,905,ind_Latn,Pesanan Pasar,시장의 주문
시장타이밍수입,340,ind_Latn,Pendapatan dari Penentuan Waktu Pasar,시시점의 수익
시장포트폴리오,341,ind_Latn,Portofolio Pasar,시장 포트폴리오
시차유동성위험,342,ind_Latn,Risiko Likuiditas Akibat Perbedaan Waktu,시간차로 인한 유동성 위험
신규상장,906,ind_Latn,Penawaran Umum Perdana,1차 공모전
신디케이트,654,ind_Latn,Sindikat,노동조합
신용거래,907,ind_Latn,Transaksi kredit,신용 거래
신용위험,908,ind_Latn,Risiko Kredit,신용 위험
신용평가기관,484,ind_Latn,Lembaga pemeringkat kredit,신용등급 기관
신주인수권,655,ind_Latn,Hak untuk membeli saham baru,새로운 주식을 구매할 수 있는 권리
신주인수권부사채,254,ind_Latn,Obligasi dengan Hak Pembelian Saham Baru,새로운 주식을 구매할 수 있는 채권
신주인수권증권,343,ind_Latn,Surat Hak Pembelian Saham Baru,새로운 주식 구매권
신주인수권증서,344,ind_Latn,Sertifikat Hak Pembelian Saham Baru,새로운 주식 구매권 인증서
신탁,1280,ind_Latn,Perwalian,유언장
신탁계정,909,ind_Latn,Rekening perwalian,신탁 계좌
신탁법,1149,ind_Latn,Undang-Undang Perwalian,유권자 법
신탁보수,910,ind_Latn,Biaya administrasi perwalian,신탁 관리 비용
신탁자,1150,ind_Latn,Pemberi kuasa,힘의 주자
신탁재산,911,ind_Latn,Harta Perwalian,기증물
신탁재산표시 말소,191,ind_Latn,Penghapusan Penandaan Harta Perwalian,유가증권 등록을 취소합니다.
신탁회사,912,ind_Latn,Perusahaan Perwalian,위탁회사
실권주,1151,ind_Latn,Saham tanpa hak suara,투표권이 없는 주식
실기주,1152,ind_Latn,Saham yang diperdagangkan secara aktif,활발하게 거래되는 주식
실기주과실,656,ind_Latn,Kesalahan dalam Ujian Praktik,실습 시험에서 실수
실물거래,913,ind_Latn,Transaksi fisik,물리적 거래
실물결제,914,ind_Latn,Pembayaran tunai,현금 지불
실시간 총액(량)결제시스템,53,ind_Latn,Sistem Pembayaran Total (Jumlah) Secara Real-Time,실시간 전체 결제 시스템
실적배당신탁,485,ind_Latn,Perwalian Dividen Berdasarkan Kinerja,퍼포먼스 기반의 배당
실질이자율,657,ind_Latn,Suku bunga riil,이산화탄소
실질주주 권리배정 명세표,61,ind_Latn,Rincian Penjatahan Hak Pemegang Saham Nyata,실제 주주들의 권리 양도 세부사항
실질주주,915,ind_Latn,Pemegang saham sebenarnya,실제 주주
실질주주증명서제도,192,ind_Latn,Sistem Sertifikat Pemegang Saham Sesungguhnya,진짜 주주 인증서 시스템
실현수익률,658,ind_Latn,Tingkat Pengembalian Riil,실제 수익률
실효이자율,659,ind_Latn,Suku bunga efektif,효과적 인 금리
쌍방연계방식,486,ind_Latn,Metode Interkoneksi Dua Arah,쌍방향 연결 방법
써클결제,916,ind_Latn,Pembayaran Circle,결제 서클
아리랑본드,660,ind_Latn,Arirang Bond,아리랑 본드
아시아·태평양 중앙예탁기관협의회,28,ind_Latn,Asosiasi Lembaga Penyimpanan Efek Asia-Pasifik,아시아-태평양 증권 보관 기관 협회
아시안달러본드,345,ind_Latn,Obligasi Dolar Asia,아시아 달러 채권
액면가,1153,ind_Latn,Nilai nominal,부가가치
액면발행,917,ind_Latn,Penerbitan nominal,명목 발행
액면분할,918,ind_Latn,Pembagian nilai nominal,부가가치 분할
양도담보,919,ind_Latn,Jaminan pengalihan hak milik,소유권 이전 보증
양도성예금증서,346,ind_Latn,Sertifikat Deposito yang Dapat Dipindahtangankan,환불 가능한 보증서
양키달러시장,487,ind_Latn,Pasar Dolar Amerika,미국 달러 시장
양키본드,920,ind_Latn,Yankee Bond,양키 본드
어카운트 결제,347,ind_Latn,Pembayaran Akun,계좌 결제
언더라이터,661,ind_Latn,Penilai Risiko,위험 평가
역금리,1154,ind_Latn,Suku bunga terbalik,이산화탄소
역레포,1155,ind_Latn,Repo terbalik,리포는 뒤집어
역분식결산,662,ind_Latn,Penyusunan Laporan Keuangan Terbalik,재무 보고서를 뒤집어 작성하는 방법
역외금융,921,ind_Latn,Perbankan luar negeri,해외 은행
역외시장,922,ind_Latn,Pasar luar negeri,해외 시장
역외자금,923,ind_Latn,Dana luar negeri,해외 자금
역외펀드,924,ind_Latn,Dana luar negeri,해외 자금
연기금,1156,ind_Latn,Dana Pensiun,퇴직금
연방준비은행,488,ind_Latn,Bank Sentral AS,미국 중앙은행
연방준비제도,489,ind_Latn,Sistem Federal Reserve,연방준비제도
연속결제,925,ind_Latn,Pembayaran Berkelanjutan,지속적인 지불
연속차감결제,490,ind_Latn,Pembayaran dengan potongan otomatis berulang,자동으로 반복되는 납부
연쇄거래,926,ind_Latn,Transaksi berantai,연쇄 거래
영구사채,927,ind_Latn,Obligasi abadi,영원한 채권
영시조항,928,ind_Latn,Klausul Puisi Klasik,고전 시의 조항
예납조치,929,ind_Latn,Tindakan pembayaran di muka,선제 결제
예비증권,930,ind_Latn,Surat berharga sementara,임시 증권
예탁,1281,ind_Latn,Penitipan,유치원
예탁계좌,931,ind_Latn,Rekening Penitipan,보육계산
예탁대상유가증권,255,ind_Latn,Surat berharga yang dapat disimpan,보관할 수 있는 보증서
예탁자,1157,ind_Latn,Pemegang deposito,예금자
예탁자계좌부,491,ind_Latn,Buku Rekening Pemegang Deposito,예금회계기록
예탁자기금,663,ind_Latn,Dana Penitipan,보육 기금
예탁증명서제도,348,ind_Latn,Sistem Sertifikat Penitipan,보육 인증 시스템
예탁증서,932,ind_Latn,Sertifikat Deposito,예금증서
옐로우칩,933,ind_Latn,Yellow Chip,황색 칩
오버나이트 repo,154,ind_Latn,Repo semalam,어젯밤 리포
온라인 리얼타임 시스템,78,ind_Latn,Sistem Real-Time Online,온라인 실시간 시스템
온라인 증권거래,256,ind_Latn,Perdagangan sekuritas daring,온라인 증권 거래
온라인 투자은행,257,ind_Latn,Bank investasi daring,온라인 투자 은행
옵션,1282,ind_Latn,Opsi,옵션
옵션가격결정모형,258,ind_Latn,Model Penentuan Harga Opsi,옵션 가격 모델
옵션거래,934,ind_Latn,Perdagangan opsi,옵션 거래
옵션부사채,664,ind_Latn,Obligasi dengan opsi,옵션이 있는 채권
외국보관기관,492,ind_Latn,Lembaga penyimpanan di luar negeri,해외 저장소
외국시장거래,493,ind_Latn,Transaksi di Pasar Luar Negeri,해외 시장에서의 거래
외국인 투자등록번호,155,ind_Latn,Nomor Registrasi Investasi Asing,외국 투자 등록 번호
외국채,1158,ind_Latn,Obligasi asing,외국 채권
외국환거래법,494,ind_Latn,Undang-Undang Transaksi Valuta Asing,외환거래법
외부금융,935,ind_Latn,Pembiayaan eksternal,외부 자금
외수펀드,936,ind_Latn,Dana Investasi Luar Negeri,해외 투자 기금
외평채,1159,ind_Latn,Obligasi Devisa,외환 채권
외화증권,937,ind_Latn,Surat berharga dalam mata uang asing,외환 화폐의 증권
외화차입 담보관리제,156,ind_Latn,Sistem Pengelolaan Jaminan Pinjaman Mata Uang Asing,외환 대출 보증 관리 시스템
외환시장,938,ind_Latn,Pasar Valuta Asing,외환 시장
우량주,1160,ind_Latn,Saham unggulan,주식
우리사주조합,495,ind_Latn,Asosiasi Pemegang Saham Karyawan,직원 주주 협회
우선주,1161,ind_Latn,Saham preferen,유리한 주식
운영위험,939,ind_Latn,Risiko Operasional,운영 위험
운영위험,940,ind_Latn,Risiko Operasional,운영 위험
워크아웃,941,ind_Latn,Workout,운동
원본위험,942,ind_Latn,Risiko Asli,자연스러운 위험
원천과세,943,ind_Latn,Pemungutan Pajak di Sumber,출처에서 세금을 모으고
원천징수,944,ind_Latn,Pemotongan Pajak di Sumber,출처에서 세금 감면
원화표시채권,496,ind_Latn,Obligasi dalam Mata Uang Won,원의 채권
웹거래시스템,497,ind_Latn,Sistem Transaksi Online,온라인 거래 시스템
위약손해배상공동기금,157,ind_Latn,Dana Bersama Ganti Rugi atas Pelanggaran Perjanjian,협약 위반으로 인한 손해배상 공모금
위임장,1162,ind_Latn,Surat Kuasa,권한
위임장경쟁,665,ind_Latn,Persaingan Surat Kuasa,권위 경쟁
위탁매매,945,ind_Latn,Perdagangan atas dasar perwalian,위탁거래
위탁수수료,666,ind_Latn,Biaya komisi,수수료
위탁자,1163,ind_Latn,Pemberi Kuasa,힘을 주는 자
위탁자청산서비스,259,ind_Latn,Layanan Likuidasi Penitipan,유치원 청산 서비스
위탁증거금,667,ind_Latn,Margin Penitipan,보육 마인드
위탁회사,946,ind_Latn,Perusahaan yang ditunjuk,지정된 회사
위험프리미엄,498,ind_Latn,Premi risiko,위험 프리미엄
유가증권 현송,349,ind_Latn,Pengiriman Efek,효과 전송
유가증권,947,ind_Latn,Surat berharga,귀중한 서류
유가증권신고서,350,ind_Latn,Prospek Efek,영향의 전망
유동성,1164,ind_Latn,Likuiditas,유동성
유동성위험,668,ind_Latn,Risiko likuiditas,유동성 위험
유동화 중개기관,260,ind_Latn,Lembaga perantara sekuritisasi,증권 중개 기관
유럽중앙예탁기관협의회,112,ind_Latn,Asosiasi Lembaga Penyimpanan Efek Eropa,유럽 증권보유소 협회
유럽중앙은행,499,ind_Latn,Bank Sentral Eropa,유럽 중앙은행
유럽통화단위,500,ind_Latn,Satuan Mata Uang Eropa,유럽 통화 단위
유럽통화제도,501,ind_Latn,Sistem Mata Uang Eropa,유럽 통화 시스템
유럽형 옵션,502,ind_Latn,Opsi Gaya Eropa,유럽식 옵션
유로,1283,ind_Latn,Euro,유로
유로달러,948,ind_Latn,Eurodollar,유로 달러
유로머니,949,ind_Latn,Euromoney,유로 머니
유로본드,950,ind_Latn,Eurobond,유로 채권
유로시장,951,ind_Latn,Pasar Euro,유로 시장
유로통화,952,ind_Latn,Mata uang euro,유로 통화
유보율,1165,ind_Latn,Tingkat penundaan,지연률
유상증자,953,ind_Latn,Penambahan modal melalui penerbitan saham baru,새로운 주식 발행을 통한 자본 증대
유지증거금,669,ind_Latn,Jaminan pemeliharaan,유지보수 보증
유지청구권,670,ind_Latn,Hak untuk menuntut pemeliharaan,양육권을 청구할 수 있는 권리
유치권,1166,ind_Latn,Hak retensi,유출권
유통시장,954,ind_Latn,Pasar distribusi,유통 시장
유통DR,955,ind_Latn,DR Distribusi,DR 배포
의결권 대리인,351,ind_Latn,Wakil pemegang hak suara,투표권을 가진 대리인
의결권 불통일행사,193,ind_Latn,Pelaksanaan Hak Suara yang Tidak Seragam,불평등한 투표권 행사
의결권,1167,ind_Latn,hak suara,투표권
의결권대리행사 권유,158,ind_Latn,Ajakan untuk Menyerahkan Hak Suara,투표권을 포기하라
의결권대리행사 권유,159,ind_Latn,Ajakan untuk Menyerahkan Hak Suara,투표권을 포기하라
의결권신탁,671,ind_Latn,Perwalian Hak Suara,투표권 보호자
의결권주,956,ind_Latn,Saham dengan hak suara,투표권이 있는 주식
의결권행사의 제한,194,ind_Latn,Pembatasan Pelaksanaan Hak Suara,투표권을 제한하는 것
의제배당,957,ind_Latn,Pembagian Dividen Berdasarkan Agenda,일정에 따라 배당
의제예탁,958,ind_Latn,Penitipan Agenda,일정을 지키는 것
이머징 마켓,503,ind_Latn,Pasar yang sedang berkembang,성장하는 시장
이익배당,959,ind_Latn,Pembagian Laba,이익의 분배
이익잉여금,672,ind_Latn,Laba ditahan,수익금지
이익잉여금처분계산서,160,ind_Latn,Laporan Penggunaan Laba Ditahan,이윤조달 보고서는 기금
이익준비금,673,ind_Latn,Cadangan Laba,이윤보유
이익참가부사채,352,ind_Latn,Obligasi dengan Hak atas Laba,이윤의 권리를 가진 채권
이자 계산일수,353,ind_Latn,Jumlah hari perhitungan bunga,이산화탄소
이자락,1168,ind_Latn,ujung rambut,머리 끝
이자소득,960,ind_Latn,Pendapatan bunga,금수 수입
이자율위험,674,ind_Latn,Risiko suku bunga,금리 위험
이중과세,961,ind_Latn,Pajak ganda,이중 조세
이중청약,962,ind_Latn,Pendaftaran Ganda,이중 등록
이표채,1169,ind_Latn,Lee Pyo-chae,Lee Pyo-chae
이행보증기관,504,ind_Latn,Lembaga Penjamin Pelaksanaan,실행을 보장하는 기관
익일자금결제,505,ind_Latn,Penyelesaian dana hari berikutnya,다음 날 자금 결제
인덱세이션,675,ind_Latn,Indeksasi,인덱싱
인덱스펀드,676,ind_Latn,Reksa Dana Indeks,인덱스 펀드
인덴추어,963,ind_Latn,Indentur,힌두르
인도형 repo,261,ind_Latn,Repo model India,인도 모델 리포
인수,1284,ind_Latn,Pengambilalihan,인수
인수단,1170,ind_Latn,Tim Akuisisi,인수팀
인터넷 인수업자,262,ind_Latn,Penyedia layanan internet,인터넷 서비스 제공자
인터페이스,677,ind_Latn,Antarmuka,인터페이스
인트라넷,964,ind_Latn,Intranet,인트라넷
일괄등록,965,ind_Latn,Pendaftaran Massal,대량 등록
일괄예탁,966,ind_Latn,Penitipan Massal,대용량 보육
일괄처리방식,506,ind_Latn,Metode pemrosesan massal,대량 처리 방법
일반균형이론,507,ind_Latn,Teori Keseimbangan Umum,일반 균형 이론
일반담보물,678,ind_Latn,Jaminan Umum,국민보험
일반사무수탁회사,263,ind_Latn,Perusahaan Penyedia Jasa Administrasi Umum,공공 행정 서비스 제공 회사
일방매매확인,508,ind_Latn,Konfirmasi Transaksi Sepihak,일방적인 거래 확인
일방연계방식,509,ind_Latn,Metode pengikatan sepihak,일방적으로 묶는 방법
일본증권결제회사,264,ind_Latn,Perusahaan Kliring Sekuritas Jepang,일본 증권 청산 회사
일본증권보관대체기구,161,ind_Latn,Lembaga Penyimpanan Sekuritas Alternatif Jepang,일본 대안 증권 보관소
일일정산,967,ind_Latn,Penutupan Harian,하루 종식
일일차감,968,ind_Latn,Pengurangan harian,일일 마감
일임매매,969,ind_Latn,Perdagangan dengan Kuasa Penuh,전력있는 무역
일중대월,970,ind_Latn,"Satu Hari, Satu Bulan, Satu Bulan","하루, 한 달, 한 달"
임시주주총회,510,ind_Latn,Rapat Umum Pemegang Saham Luar Biasa,비범한 주주총회
임의준비금,679,ind_Latn,Cadangan sukarela,자발적인 지원
임치,1285,ind_Latn,Penitipan,유치원
임퓨테이션,680,ind_Latn,Imputasi,추방
잉여금,1171,ind_Latn,surplus,과잉
자기매매,971,ind_Latn,Transaksi untuk kepentingan sendiri,자기 이익을 위한 거래
자동계좌이체,511,ind_Latn,Transfer Otomatis,자동 전송
자동교환결제제도,265,ind_Latn,Sistem Pembayaran Otomatis,자동 결제 시스템
자동명의개서제도,266,ind_Latn,Sistem Pengalihan Hak Milik Secara Otomatis,자동 소유권 이전 시스템
자동호가전달시스템,195,ind_Latn,Sistem Pengiriman Surat Otomatis,자동 메일 전송 시스템
자본금,1172,ind_Latn,Modal disetor,모금자금
자본시장,972,ind_Latn,Pasar Modal,자본시장
자본시장선,681,ind_Latn,Pasar Modal,자본시장
자본이득,973,ind_Latn,Keuntungan modal,자본이익
자본이익계획,512,ind_Latn,Rencana Keuntungan Modal,자본 수익 계획
자본잉여금,682,ind_Latn,Surplus Modal,자본 잉여
자본자산가격결정모형,162,ind_Latn,Model Penentuan Harga Aset Modal,자본 자산 가격 결정 모델
자본준비금,683,ind_Latn,Cadangan Modal,모금자본
자사주 취득,513,ind_Latn,Pembelian saham sendiri,주식 구매
자산담보부증권,354,ind_Latn,Surat Utang Beragun Aset,자산을 담은 채권
자산운용회사,514,ind_Latn,Perusahaan Pengelola Aset,자산 관리 회사
자산의 유동화,355,ind_Latn,Likuidasi aset,자산 청산
자산재평가,684,ind_Latn,Penilaian Kembali Aset,재산 재평가
자산주,1173,ind_Latn,Saham aset,자산 주식
자율규제기관,515,ind_Latn,Lembaga Pengatur Mandiri,자율조정기구
자전거래,974,ind_Latn,Transaksi internal,내부 거래
잔액인수,975,ind_Latn,Pengambilalihan saldo,잔액 인수
잔존가액,976,ind_Latn,Nilai sisa,나머지 값
잠정이체,977,ind_Latn,Transfer sementara,임시 이전
장기채,1174,ind_Latn,Obligasi jangka panjang,장기채권
장내결제,978,ind_Latn,Pembayaran di Tempat,현장에서 지불
장외거래,979,ind_Latn,Transaksi di luar bursa,외환 거래
장외결제,980,ind_Latn,Penyelesaian di Luar Bursa,거래소 밖의 해결
장외시장,981,ind_Latn,Pasar di luar bursa,외환시장
재담보,1175,ind_Latn,Jaminan tambahan,추가 보증
재발행,1176,ind_Latn,Penerbitan ulang,재출간
재정가격결정이론,267,ind_Latn,Teori Penetapan Harga Keuangan,금융 가격설계
재투자수익률,516,ind_Latn,Tingkat Pengembalian Investasi Ulang,재투자 수익률
재투자수익률,517,ind_Latn,Tingkat Pengembalian Investasi Ulang,재투자 수익률
재투자위험,685,ind_Latn,Risiko Reinvestasi,재투자 위험
저당권,1177,ind_Latn,Hak gadai,담보권
저당대출담보부채권,196,ind_Latn,Surat Utang yang Dijamin dengan Pinjaman Hipotek,주택담보대출로 보장된 채권
저당대출원리금이체채권,113,ind_Latn,Surat Utang Transfer Pokok dan Bunga Pinjaman Hipotek,이산화탄소 송금증서와 대출금
적격증권,982,ind_Latn,Surat berharga yang memenuhi syarat,자격증
전량결제,983,ind_Latn,Pembayaran Seluruh Jumlah,전액 지불
전미증권업협회,356,ind_Latn,Asosiasi Industri Sekuritas Amerika Serikat,미국 증권 산업 협회
전업주의,984,ind_Latn,Prinsip Keprofesionalan,전문성 원칙
전자공시제도,518,ind_Latn,Sistem Pengungkapan Informasi Elektronik,전자 정보 공개 시스템
전자매매확인,519,ind_Latn,Konfirmasi Transaksi Elektronik,전자 거래 확인
전자자금이체제도,268,ind_Latn,Sistem Transfer Dana Elektronik,전자금융 송금 시스템
전자증권,985,ind_Latn,Surat berharga elektronik,전자증권
전환사채,986,ind_Latn,Obligasi Konversi,환원 의무
전환신주이자,520,ind_Latn,Saham konversi dan,주식 전환 및
전환주식,987,ind_Latn,Saham Konversi,컨버션 주식
전환청구권,686,ind_Latn,Hak konversi,개종권
점두매매,988,ind_Latn,Penjualan langsung di toko,직판 판매
점유,1286,ind_Latn,Penguasaan,지배
점유개정형 repo,163,ind_Latn,Repo dengan perubahan kepemilikan,소유가 바뀌는 레포
정시상환,989,ind_Latn,Pembayaran Tepat Waktu,적시에 지불
정크본드,990,ind_Latn,Obligasi sampah,쓰레기 채권
제3시장,991,ind_Latn,Pasar Ketiga,제3시장
제4시장,992,ind_Latn,Pasar ke-4,4번 시장
제권판결,993,ind_Latn,Putusan Pengadilan,법원의 판결
제로베타 포트폴리오,164,ind_Latn,Portofolio ZeroBeta,제로베타 포트폴리오
제로쿠폰채,687,ind_Latn,Obligasi tanpa kupon,쿠폰 없는 채권
조건부보관계좌,357,ind_Latn,Rekening Tabungan Bersyarat,조건부 저축 계좌
종업원지주제도,358,ind_Latn,Sistem Kepemilikan Saham Karyawan,직원 주식 소유 시스템
종합주가지수,521,ind_Latn,Indeks Saham Gabungan,합동 주식 지수
주가수익비율,522,ind_Latn,Rasio Harga terhadap Laba,가격과 이익의 비율
주가이동평균선,359,ind_Latn,Garis rata-rata pergerakan harga saham,주식 가격 움직임의 평균 라인
주가지수,994,ind_Latn,Indeks Saham,주식 지수
주가지수선물거래,269,ind_Latn,Perdagangan Kontrak Berjangka Indeks Saham,주식 지수 선물 거래
주가평균,995,ind_Latn,Indeks Harga Saham Rata-rata,평균 주식 가격 지수
주간사회사,688,ind_Latn,Sejarah Sosial Mingguan,주간 사회 역사
주권,1287,ind_Latn,Kedaulatan,주권
주권계속예탁제도,270,ind_Latn,Sistem Penitipan Saham Berkelanjutan,지속가능한 주식 보유 시스템
주권기번호,689,ind_Latn,Nomor Bendera Kedaulatan,주권 깃발 번호
주권불소지,690,ind_Latn,Tidak memiliki kedaulatan,주권이 없습니다.
주권수령증,691,ind_Latn,Tanda Terima Kewenangan,권력의 표지판
주당 순자산가치,271,ind_Latn,Nilai aset bersih per saham,주식당 순자산 가치
주당순이익,692,ind_Latn,Laba Bersih per Saham,당주 당기순이익
주당순자산비율,360,ind_Latn,Rasio Nilai Aktiva Bersih per Saham,주식당 순자산가치 비율
주식매수청구권,361,ind_Latn,Hak untuk meminta pembelian saham,주식 구매를 요구하는 권리
주식발행차액,523,ind_Latn,Selisih penerbitan saham,주식 발행 차이
주식배당,996,ind_Latn,Dividen saham,주식 배당
주식배당예고제,362,ind_Latn,Sistem Pemberitahuan Dividen Saham,주식배당 알림 시스템
주식병합,997,ind_Latn,Penggabungan Saham,주식 합병
주식분할,998,ind_Latn,Pemecahan Saham,주식 분할
주식소각,999,ind_Latn,Penarikan saham,주식 인출
주식스왑,1000,ind_Latn,Pertukaran saham,주식 거래소
주식의 공유,524,ind_Latn,Pembagian Saham,주식 분할
주식청약,1001,ind_Latn,Pemesanan Saham,주식 주문
주식형투자신탁,363,ind_Latn,Reksa Dana Saham,주식 펀드
주주,1288,ind_Latn,Pemegang saham,주주
주주권,1178,ind_Latn,Hak pemegang saham,주주들의 권리
주주명부,1002,ind_Latn,Daftar Pemegang Saham,주주 목록
주주명부폐쇄,525,ind_Latn,Penutupan Daftar Pemegang Saham,지주자 명단 폐쇄
주주명부폐쇄기간,272,ind_Latn,Periode Penutupan Daftar Pemegang Saham,주주 등록 종료 기간
주주명부폐쇄기준일,197,ind_Latn,Tanggal Penutupan Daftar Pemegang Saham,주주 등록 종료 날짜
주주제안제도,526,ind_Latn,Sistem Usulan Pemegang Saham,주주 제안 시스템
주주총회 참석장,273,ind_Latn,Surat Undangan Rapat Umum Pemegang Saham,주주총회 초청서
주주총회,1003,ind_Latn,Rapat Umum Pemegang Saham,주주총회
주주평등의 원칙,274,ind_Latn,Prinsip Kesetaraan Pemegang Saham,주주 평등의 원칙
준공유,1179,ind_Latn,Semi-publik,반공중
준비금의 자본전입,198,ind_Latn,Pengalihan cadangan ke modal,자금으로 자본으로 전환
준점유,1180,ind_Latn,Penguasaan sebagian,부분적인 지배
준회원,1181,ind_Latn,Anggota Asosiasi,협회 회원
중·동유럽 중앙예탁기관협의회,41,ind_Latn,Asosiasi Lembaga Penyimpanan Sekuritas Eropa Tengah dan Timur,중앙 및 동유럽 증권 보관소 협회
중간배당,1004,ind_Latn,Pembagian dividen interim,중간 배당금
중개회사,1005,ind_Latn,Perusahaan perantara,중개회사
증거금,1182,ind_Latn,Uang jaminan,보증금
증거증권,1006,ind_Latn,Surat berharga,귀중한 서류
증권·대금 동시결제,165,ind_Latn,Penyelesaian Sekuritas dan Pembayaran Secara Bersamaan,증권 결제와 결제가 함께
증권거래법,693,ind_Latn,Undang-Undang Pasar Modal,자본시장법
증권거래세,694,ind_Latn,Pajak Transaksi Sekuritas,증권 거래 세금
증권거래준비금,364,ind_Latn,Cadangan untuk Transaksi Sekuritas,증권 거래에 대한 보증금
증권공동 온라인시스템,114,ind_Latn,Sistem Online Bersama untuk Sekuritas,보안을 위한 온라인 공동 시스템
증권금융,1007,ind_Latn,Pembiayaan Sekuritas,증권 금융
증권담보금융,527,ind_Latn,Pembiayaan dengan Jaminan Efek,보증금 대출
증권대위,1008,ind_Latn,Subrogasi sekuritas,유가증권 대리
증권대차제도,528,ind_Latn,Sistem Pinjaman Sekuritas,증권 대출 시스템
증권대행업무,529,ind_Latn,Layanan Agen Sekuritas,증권 대리점 서비스
증권분석사,695,ind_Latn,Analis Sekuritas,증권 분석가
증권선물위원회,365,ind_Latn,Komisi Sekuritas dan Berjangka,증권선물위원회
증권시장,1009,ind_Latn,Pasar Sekuritas,증권 시장
증권시장선,696,ind_Latn,Di pasar sekuritas,증권 시장에서
증권예탁원,697,ind_Latn,Lembaga Penyimpanan Efek,증권 보관소
증권용지 관리번호,199,ind_Latn,Nomor Pengelolaan Kertas Sekuritas,증권 관리 번호
증권유통금융,530,ind_Latn,Perdagangan Sekuritas dan Keuangan,증권 거래와 금융
증권인수금융,531,ind_Latn,Pembiayaan Penjaminan Emisi Efek,이산화탄소 보증금
증권자본주의,532,ind_Latn,Kapitalisme Sekuritas,증권 자본주의
증권투자신탁,533,ind_Latn,Reksa Dana Investasi Sekuritas,증권 투자 펀드
증권특성선,698,ind_Latn,Garis Karakteristik Sekuritas,증권의 특성 라인업
증권화 현상,534,ind_Latn,Fenomena sekuritisasi,증권화 현상
증권회사 역외펀드,200,ind_Latn,Dana luar negeri perusahaan sekuritas,해외 증권 회사 펀드
증자,1289,ind_Latn,Penambahan modal,자본 추가
지방채,1183,ind_Latn,Obligasi daerah,지역 채권
지배주주,1010,ind_Latn,Pemegang saham pengendali,지배적인 주주
지분권,1184,ind_Latn,Hak kepemilikan saham,주식 소유권
지분법,1185,ind_Latn,Metode ekuitas,공평성 방법
지수법,1186,ind_Latn,Metode Indeks,인덱스 방법
지시증권,1011,ind_Latn,Surat Perintah,명령서
지정가주문,699,ind_Latn,Pesanan dengan Harga Tertentu,정해진 가격으로 주문
지정시점결제시스템,201,ind_Latn,Sistem Pembayaran pada Waktu yang Ditentukan,정해진 시간에 지불하는 시스템
지주회사,1012,ind_Latn,Perusahaan induk,주식회사
지체보상금,700,ind_Latn,Ganti rugi keterlambatan,지연에 대한 보상
직상장,1187,ind_Latn,Penawaran Umum Perdana Langsung,1차 공인중개
직접공시,1013,ind_Latn,Pengumuman Langsung,직접 발표
직접금융,1014,ind_Latn,Pembiayaan langsung,직접 자금 지원
직접발행,1015,ind_Latn,Penerbitan Langsung,직접 출판
직접점유,1016,ind_Latn,Penguasaan langsung,직접적인 지배
직접참가자,701,ind_Latn,Peserta langsung,직접 참여
직접청약,1017,ind_Latn,Pendaftaran Langsung,직접 등록
직접투자,1018,ind_Latn,Investasi Langsung,직접 투자
질권,1290,ind_Latn,Hak gadai,담보권
질권설정자,702,ind_Latn,Pemberi Hak Gadai,가이드 라이선스
질권자,1188,ind_Latn,penerima hak gadai,유가수권자
집단경쟁매매,535,ind_Latn,Transaksi Kompetitif Kelompok,그룹 경쟁 거래
집중결제,1019,ind_Latn,Pembayaran Terpusat,중앙 결제
집중예탁,1020,ind_Latn,Penitipan Terpusat,중앙 관리
차감,1291,ind_Latn,Pengurangan,감축
차감결제,1021,ind_Latn,Pembayaran dengan potongan,납부
차금결제,1022,ind_Latn,Pembayaran selisih,차이점 지불
차등배당,1023,ind_Latn,Pembagian Dividen Berbeda,이산화탄소 분배
차변 대변,703,ind_Latn,Debit Kredit,데비트 신용
차변이체 또는 추심시스템,62,ind_Latn,Sistem debitur atau sistem penagihan,채권자 또는 부과자 시스템
차익거래,1024,ind_Latn,Arbitrase,중재
차입매수,1025,ind_Latn,Pembelian dengan Pinjaman,빌려서 구매하는 것
차주,1292,ind_Latn,pemilik kendaraan,차량 소유자
차환,1293,ind_Latn,Refinancing,재금융
참가적우선주,536,ind_Latn,Saham Preferen Partisipatif,참여자 선호 주식
창고증권,1026,ind_Latn,Surat berharga gudang,보물 보관
창립총회,1027,ind_Latn,Rapat Umum Pendirian,설립총회
창업비,1189,ind_Latn,Biaya pendirian usaha,창업 비용
채권,1294,ind_Latn,Obligasi,채권
채권가격지수,537,ind_Latn,Indeks Harga Obligasi,채권 가격 인덱스
채권등급평가,538,ind_Latn,Penilaian Peringkat Obligasi,채권 등급 평가
채권딜러제도,539,ind_Latn,Sistem Pedagang Obligasi,채권 거래 시스템
채권면역전략,540,ind_Latn,Strategi Imunitas Obligasi,채권 면제 전략
채권상장심사기준,275,ind_Latn,Kriteria Penilaian Pencatatan Obligasi,채권 등록을 평가하는 기준
채권상장폐지기준,276,ind_Latn,Kriteria Pencabutan Pencatatan Obligasi,유가증권 등록을 취소하는 기준
채권선물거래,541,ind_Latn,Perdagangan Kontrak Berjangka Obligasi,채권 선물 거래
채권수익률,704,ind_Latn,Imbal hasil obligasi,유가증권 수익금
채권수익률의 기간구조,115,ind_Latn,Struktur Tenor Imbal Hasil Obligasi,채권수익의 텐어 구조
채권수익률의 위험구조,116,ind_Latn,Struktur Risiko Imbal Hasil Obligasi,채권 수익의 위험 구조
채권시가평가제,366,ind_Latn,Sistem Penilaian Nilai Pasar Obligasi,채권 시장 가치 평가 시스템
채권시장안정기금,277,ind_Latn,Dana Stabilisasi Pasar Obligasi,채권 시장 안정화 기금
채권양도,1028,ind_Latn,Pengalihan Hak Tagihan,청구권 전환
채권원리금상환,367,ind_Latn,Pembayaran Pokok dan Bunga Obligasi,유가증권과 유가증권
채무불이행,705,ind_Latn,Gagal bayar,결제가 안 됐어
채무불이행위험,368,ind_Latn,Risiko gagal bayar,결제 실패의 위험
책임재산,1029,ind_Latn,Harta yang menjadi tanggung jawab,책임의 소유물
청산,1295,ind_Latn,Likuidasi,청산
청산거래,1030,ind_Latn,Transaksi penyelesaian,결제 거래
청산결제시스템,369,ind_Latn,Sistem Penyelesaian dan Kliring,결제 및 청산 시스템
청산회사,1031,ind_Latn,Perusahaan yang sedang dalam proses likuidasi,폐지 중인 회사
청산회원,1032,ind_Latn,Anggota yang telah dihapus,삭제된 멤버
청약증거금,706,ind_Latn,Uang Jaminan Pendaftaran,등록 보증금
체결시점매매확인 시스템,79,ind_Latn,Sistem Verifikasi Transaksi pada Saat Penandatanganan,서명시 거래 확인 시스템
체계적 위험,542,ind_Latn,Risiko sistemik,시스템적 위험
초과담보율,707,ind_Latn,Rasio jaminan berlebih,과잉 보증 비율
총계정원장,708,ind_Latn,Buku Besar,큰 책
총액인수,1033,ind_Latn,Asuransi dengan Pertanggungan Total,전체 보험
총액지급증권,543,ind_Latn,Surat Utang dengan Pembayaran Total,전액 납부된 채권
총유,1296,ind_Latn,Kepemilikan Bersama,공동 소유
최소분산포트폴리오,202,ind_Latn,Portofolio dengan Varians Terendah,가장 낮은 변수가 있는 포트폴리오
최소증거금,709,ind_Latn,Setoran Awal Minimum,최소 초기 예금
최적규모,1034,ind_Latn,Ukuran optimal,최적의 크기
최적포트폴리오,370,ind_Latn,Portofolio Optimal,최적의 포트폴리오
최종이체,1035,ind_Latn,Transfer terakhir,마지막 이동
추가상장,1036,ind_Latn,Pencatatan Tambahan,추가 기록
추가증거금 납부요구,166,ind_Latn,Permintaan Pembayaran Margin Tambahan,추가 마진 지불 요청
추가증거금,710,ind_Latn,Jaminan Tambahan,추가 보증
추정이익,1037,ind_Latn,Laba yang Diperkirakan,예상 수익
추정재무제표,544,ind_Latn,Laporan Keuangan Proyeksi,재무 보고서 예측
출입직원등록제도,278,ind_Latn,Sistem Pendaftaran Karyawan yang Masuk dan Keluar,입출동 직원 등록 시스템
출자,1297,ind_Latn,Penanaman Modal,자본 투자
출자인수권,711,ind_Latn,Hak Penyerahan Saham,주식 양도권
출자전환,1038,ind_Latn,Konversi utang menjadi ekuitas,부채를 주식으로 전환합니다
출자증권,1039,ind_Latn,Surat Modal,자본금
출자총액제한,545,ind_Latn,Batas Total Modal Investasi,투자 자본의 총 한계
충당금,1190,ind_Latn,Cadangan,보급자
충분성,1191,ind_Latn,Kecukupan,충분함
카멜레온펀드,546,ind_Latn,Kamelon Fund,카멜론 펀드
컨트리 펀드,547,ind_Latn,Dana Country,컨트리 펀드
코레스은행,712,ind_Latn,Bank Kores,키로스 은행
코리아유로펀드,371,ind_Latn,Korea Euro Fund,한국 유로 펀드
코리아펀드,713,ind_Latn,Korea Fund,한국 펀드
코스닥 등록법인,279,ind_Latn,Perusahaan yang terdaftar di KOSDAQ,코스닥에 상장된 회사
코스닥 등록주식,280,ind_Latn,Saham yang terdaftar di KOSDAQ,코스닥에 상장된 주식
코스닥,1192,ind_Latn,KOSDAQ,코스닥
콘탱고,1193,ind_Latn,Contango,콘텐고
콜,1307,ind_Latn,Panggilan,전화
콜레이트,1040,ind_Latn,Koleat,콜레이트
쿠폰부사채,714,ind_Latn,Obligasi dengan kupon,부채와 쿠폰
타이거펀드,715,ind_Latn,Tiger Fund,호랑이 기금
탈중개화현상,548,ind_Latn,Fenomena deintermediasi,중재 해제 현상
텀론,1298,ind_Latn,Termon,테르몬
테크노스트럭처,372,ind_Latn,Technostructure,테크노구조
토론토선물거래소,281,ind_Latn,Bursa Berjangka Toronto,토론토 선물 거래소
토론토증권거래소,282,ind_Latn,Bursa Efek Toronto,토론토 증권 거래소
토빈의 분리정리,283,ind_Latn,Teorema Pemisahan Tobin,토빈의 분리 정리
통일규격유가증권 관리현황보고서,34,ind_Latn,Laporan Status Pengelolaan Surat Berharga dengan Standar Seragam,통일된 표준으로 가치있는 메일 관리 상태 보고
통일규격유가증권,284,ind_Latn,Surat Berharga dengan Standar Seragam,유니폼을 입은 귀중한 편지
통일상사법,716,ind_Latn,Undang-Undang Perdagangan Bersatu,통일 무역법
통정매매,1041,ind_Latn,Transaksi yang disepakati sebelumnya,미리 합의된 거래
통합결제,1042,ind_Latn,Pembayaran Terpadu,통합 결제
통합결제기구협의회,203,ind_Latn,Dewan Organisasi Pembayaran Terpadu,통일결제기구 이사회
통합계좌,1043,ind_Latn,Rekening Terpadu,통합 계좌
통화선물,1044,ind_Latn,Kontrak Berjangka Mata Uang,화폐 선물 계약
통화선물옵션,549,ind_Latn,Opsi Berjangka Mata Uang,통화 선물 옵션
통화스왑,1045,ind_Latn,Swap mata uang,통화 교환
통화안정증권,550,ind_Latn,Surat Utang Stabilisasi Mata Uang,통화 안정화 채권
통화옵션,1046,ind_Latn,Opsi mata uang,통화 옵션
통화지표,1047,ind_Latn,Indikator moneter,통화 지표
통화채권투자신탁수익증권,80,ind_Latn,Surat Berharga Hasil Investasi Reksa Dana Obligasi Mata Uang,유가증서 투자금융자금융채권
투자등록,1048,ind_Latn,Pendaftaran Investasi,투자 등록
투자신탁,1049,ind_Latn,Reksa Dana,펀드
투자신탁협회,551,ind_Latn,Asosiasi Perwalian Investasi,투자기탁자 협회
투자자문업,717,ind_Latn,Bisnis Konsultasi Investasi,투자 컨설팅 사업
특별결의,1050,ind_Latn,Keputusan Khusus,특별한 결정
특별담보물,718,ind_Latn,Barang Jaminan Khusus,특별 보증품
특별인출권,719,ind_Latn,Hak Penarikan Khusus,특별 환불권
특수채,1194,ind_Latn,Obligasi Khusus,특별한 의무
파생금융상품,552,ind_Latn,Produk keuangan derivatif,파생 금융 상품
파생적예금,720,ind_Latn,Deposito derivatif,파생물 예금
파생증권,1051,ind_Latn,Sekuritas derivatif,파생상품
파생통화,1052,ind_Latn,Mata uang turunan,파생화폐
패리티,1195,ind_Latn,paritas,부당성
팩터,1299,ind_Latn,Faktor,요인
퍼포먼스 펀드,373,ind_Latn,Dana Kinerja,성능 기금
펀드매니저,721,ind_Latn,Manajer dana,기금 관리자
페니스탁,1053,ind_Latn,Penis Tack,피니스 태크
펠드스타인이론,374,ind_Latn,Teori Feldstein,펠드스타인 이론
평가절하,1054,ind_Latn,depresiasi,우울증
폐기증권,1055,ind_Latn,Surat berharga yang telah ditarik,유가증권은 철수되었습니다
폐쇄식 담보부사채,204,ind_Latn,Obligasi beragun tertutup,자금 채권
폐쇄형 투자신탁,285,ind_Latn,Reksa Dana Tertutup,자금투자
포괄주의,1056,ind_Latn,Pendekatan komprehensif,종합적인 접근
포괄증자,1057,ind_Latn,Penambahan Modal Komprehensif,포괄적 인 자본 추가
포뮬러 플랜,553,ind_Latn,Paket Formula,포뮬러 패키지
포스트,1196,ind_Latn,Posting,포스팅
포트폴리오 관리,286,ind_Latn,Pengelolaan Portofolio,포트폴리오 관리
포트폴리오 선택,287,ind_Latn,Pemilihan Portofolio,포트폴리오 선택
포트폴리오 인슈어런스,117,ind_Latn,Asuransi Portofolio,포트폴리오 보험
폭포효과,1058,ind_Latn,Efek Air Terjun,폭포의 영향
표면이율,1059,ind_Latn,Rasio Permukaan,표면 비율
풀서비스 브로커,288,ind_Latn,Pialang Layanan Lengkap,전체 서비스 브로커
풋 옵션,1060,ind_Latn,Opsi jual,판매 옵션
풋-콜 패리티,375,ind_Latn,Paritas Put-Call,Put-Call 패리티
프로그램매매,554,ind_Latn,Perdagangan Program,프로그램 거래
플라워본드,722,ind_Latn,Flower Bond,플라워 본드
플로어 브로커,376,ind_Latn,Pialang Lantai,바닥 중개인
필터기법,1061,ind_Latn,Teknik penyaringan,필터링 기술
핑크 쉬트,723,ind_Latn,Selimut Merah Muda,청색 담요
한국선물거래소,377,ind_Latn,Bursa Berjangka Korea,한국 선물 거래소
한국선물협회,555,ind_Latn,Asosiasi Berjangka Korea,한국 미래협회
한국예탁증서,556,ind_Latn,Sertifikat Deposito Korea,한국 예금증서
한국자금중개주식회사,167,ind_Latn,Perusahaan Perseroan Terbatas Korea Fund Brokerage,한국금융중개회사
한국주택저당금융주식회사,81,ind_Latn,Perusahaan Pembiayaan Hipotek Perumahan Korea Tbk.,한국 주택담보대상사
한국증권금융주식회사,168,ind_Latn,Perusahaan Sekuritas dan Keuangan Korea Tbk.,한국보증금융회사 Tbk.
한국증권대체결제주식회사,82,ind_Latn,Perusahaan Pembayaran Alternatif Sekuritas Korea,한국보증 대안 결제회사
한국증권업협회,378,ind_Latn,Asosiasi Industri Sekuritas Korea,한국보증산업협회
한국증권연구원,379,ind_Latn,Lembaga Penelitian Sekuritas Korea,한국보증연구원
한국증권전산주식회사,169,ind_Latn,Perusahaan Komputer Sekuritas Korea Tbk.,한국보증컴퓨터 회사
할인발행,1062,ind_Latn,Penerbitan dengan diskon,할인된 출판
할인상사,1063,ind_Latn,Perusahaan Diskon,할인 회사
할인율,1197,ind_Latn,Tingkat diskon,할인율
할인채,1198,ind_Latn,Surat utang diskon,할인된 채권
합병교부금,724,ind_Latn,Dana Penggabungan,합병금
합병기일,1064,ind_Latn,Tanggal penggabungan,합병일
합병비율,1065,ind_Latn,Rasio penggabungan,합병률
합병차익,1066,ind_Latn,Keuntungan dari penggabungan,합병의 장점
합산주주,1067,ind_Latn,Pemegang saham gabungan,공동 주주
합유,1300,ind_Latn,campuran susu,우유 혼합물
핫머니,1199,ind_Latn,Uang panas,뜨거운 돈
항상성장모형,557,ind_Latn,Model Pertumbuhan Berkelanjutan,지속가능한 성장 모델
해외증권 관련주식,205,ind_Latn,Saham yang terkait dengan sekuritas luar negeri,외국의 증권과 관련된 주식
해외증권,1068,ind_Latn,Sekuritas Luar Negeri,해외 증권
헤지펀드,1069,ind_Latn,Hedge fund,헤지 펀드
헤징,1301,ind_Latn,Hedging,헤딩
현금관리계좌,558,ind_Latn,Rekening Pengelolaan Kas,현금회계
현물채,1200,ind_Latn,Obligasi tunai,현금 채권
현물출자,1070,ind_Latn,Setoran dalam bentuk barang,물품의 형태로 저장
현물환거래,725,ind_Latn,Transaksi valuta asing tunai,현금 외환 거래
현선매매,1071,ind_Latn,Perdagangan Spot,스팟 거래
현지대리인,726,ind_Latn,Agen lokal,현지 요원
현지보관기관,559,ind_Latn,Lembaga Penyimpanan Lokal,지역 저장소
호가구동시장,560,ind_Latn,Pasar Hogagu-dong,호가구동 시장
호가전예납,727,ind_Latn,Uang muka untuk pembelian rumah,주택 구매에 대한 보증금
혼합보관,1072,ind_Latn,Penyimpanan campuran,혼합 보관
혼합주,1201,ind_Latn,Minuman campuran,혼합 음료
확정금리부증권,380,ind_Latn,Surat Utang dengan Suku Bunga Tetap,은 꽃과 채권
환 포지션,728,ind_Latn,Posisi Hwan,Hwan의 위치
환노출,1202,ind_Latn,Paparan radiasi,방사선 노출
환리스크,1073,ind_Latn,Risiko fluktuasi nilai tukar,환율 변동의 위험
환어음,1203,ind_Latn,wesel,웨젤
환취권,1204,ind_Latn,Hak penarikan kembali,철수권
회사분할,1074,ind_Latn,Pemisahan Perusahaan,회사 분할
회사정리법,729,ind_Latn,Undang-Undang Restrukturisasi Perusahaan,회사 재구성법
회사채,1205,ind_Latn,Obligasi Perusahaan,회사 채권
회사형 투자신탁,289,ind_Latn,Reksa Dana Perusahaan,자금 회사
회원증권회사,561,ind_Latn,Perusahaan sekuritas anggota,회원 증권회사
후배주,1206,ind_Latn,Saham junior,소액 주식
후순위채,1075,ind_Latn,Obligasi subordinasi,부속 채권
ABMF,1076,ind_Latn,ABMF,ABMF
ABMI,1077,ind_Latn,ABMI,ABMI
ACG,1207,ind_Latn,ACG,ACG
AECSD,730,ind_Latn,AECSD,AECSD
Affirmation,118,ind_Latn,Penegasan,확인
ANNA,1078,ind_Latn,ANNA,안나
ANNA,1079,ind_Latn,ANNA,안나
ASIFMA,562,ind_Latn,ASIFMA,아시프마
ATM,1208,ind_Latn,ATM,ATM
ATS,1209,ind_Latn,ATS,ATS
AUSTRACLEAR,119,ind_Latn,AUSTRACLEAR,아우스트라클레어
BA,1302,ind_Latn,BA,BA
Bachmann Report,42,ind_Latn,Laporan Bachmann,바흐만 보고서
back office,120,ind_Latn,back office,백오피스
backwardation,63,ind_Latn,backwardation,배후화
bad delivery,83,ind_Latn,pengiriman yang buruk,배포가 안됐어
bancassurance,64,ind_Latn,bancassurance,은행보험
BBS,1210,ind_Latn,BBS,BBS
bear hug,290,ind_Latn,pelukan erat,꽉 잡고
bear raid,206,ind_Latn,serangan bear,곰의 공격
BIC,1211,ind_Latn,BIC,BIC
black monday,84,ind_Latn,Senin Hitam,블랙 월요일
blanket fidelity bond,14,ind_Latn,jaminan kesetiaan menyeluruh,전적인 충성을 보장합니다.
BLUE SKY LAW,85,ind_Latn,BLUE SKY LAW,블루 스카이 법
BOK-WIRE,291,ind_Latn,BOK-WIRE,BOK-WIRE
bond power,170,ind_Latn,kekuatan ikatan,결합의 힘
book entry only,43,ind_Latn,hanya pencatatan buku,그냥 기록일 뿐이야
buy/sell-back,65,ind_Latn,beli/jual kembali,재구매
CAMEL,731,ind_Latn,CAMEL,CAMEL
cargo project,66,ind_Latn,proyek cargo,화물 프로젝트
cashless society,35,ind_Latn,masyarakat tanpa uang tunai,현금 없는 사회
CBF,1212,ind_Latn,CBF,CBF
CBL,1213,ind_Latn,CBL,CBL
CCASS,732,ind_Latn,CCASS,CCASS
CDS,1214,ind_Latn,CDS,CDS
CDS,1215,ind_Latn,CDS,CDS
CEDEL,733,ind_Latn,CEDEL,CEDEL
CFA,1216,ind_Latn,CFA,CFA
CFI,1217,ind_Latn,CFI,CFI
CFO,1218,ind_Latn,CFO,CFO
CGIF,1080,ind_Latn,CGIF,CGIF
CGO,1219,ind_Latn,CGO,CGO
CHAPS,734,ind_Latn,CHAPS,CHAPS
checking,292,ind_Latn,pemeriksaan,검사
checkless society,29,ind_Latn,masyarakat tanpa cek,체크 없는 사회
CHESS,735,ind_Latn,Catur,체스
CHIPS,736,ind_Latn,CHIPS,칩
CIK,1220,ind_Latn,CIK,CIC
CMA,1221,ind_Latn,CMA,CMA
CMI,1222,ind_Latn,CMI,CMI
CMO,1223,ind_Latn,CMO,CMO
commodity financing,19,ind_Latn,pembiayaan komoditas,상품 금융
concentration limit,20,ind_Latn,batas konsentrasi,농도 제한
confirmation,86,ind_Latn,konfirmasi,확인
conglomerate,87,ind_Latn,konglomerat,컨글로메이트
"country risk, sovereign risk",3,ind_Latn,"risiko negara, risiko suverén","국가 위험, 주권 위험"
coupon rate,121,ind_Latn,tingkat kupon,쿠폰 요금
covered warrant,44,ind_Latn,warrant tertutup,영장이 닫혔습니다.
CPSS,1081,ind_Latn,CPSS,CPSS
CREST,737,ind_Latn,CREST,크레스트
crossing network,36,ind_Latn,jaringan persimpangan,교차로 네트워크
crown jewel,122,ind_Latn,mahakarya,위대한 작품
CSD,1224,ind_Latn,CSD,CSD
CUSIP,738,ind_Latn,CUSIP,CUSIP
D.K.,1082,ind_Latn,D.K.,D.K.
day trading,123,ind_Latn,perdagangan harian,일일 거래
DBC,1225,ind_Latn,DBC,DBC
delivery notice,45,ind_Latn,pemberitahuan pengiriman,배송 통지
dollar usance,67,ind_Latn,kurs dolar,달러 환율
DTC,1226,ind_Latn,DTC,DTC
Due bill,293,ind_Latn,Tagihan yang jatuh tempo,적립된 청구서
dutch auction,68,ind_Latn,lelang Belanda,네덜란드 경매
DVP link,294,ind_Latn,Tautan DVP,DVP 링크
E-TRADE,381,ind_Latn,E-TRADE,전자상거래
ECF,1227,ind_Latn,ECF,ECF
EDR,1228,ind_Latn,EDR,EDR
EMCC,1083,ind_Latn,EMCC,EMCC
EMEA,1084,ind_Latn,EMEA,EMEA
ETF,1229,ind_Latn,ETF,ETF
EURIBOR,382,ind_Latn,EURIBOR,EURIBOR
EUROCLEAR,207,ind_Latn,EUROCLEAR,유로클레어
EVA,1230,ind_Latn,EVA,에바
fallen angel,88,ind_Latn,malaikat yang jatuh,낙하한 천사
FED-WIRE,295,ind_Latn,FED-WIRE,FED-WIRE
fill or kill order,24,ind_Latn,"pesanan ""isi atau batalkan""","""충분 또는 취소"" 명령"
finality of payment,21,ind_Latn,kepastian pembayaran,결제 보증
five hundred dollar rule,7,ind_Latn,aturan lima ratus dolar,500달러 규칙
FIX,1231,ind_Latn,FIX,FIX
flipping,296,ind_Latn,flipping,뒤집어
FORM 10-K,208,ind_Latn,FORMULIR 10-K,양식 10-K
FORM 10-Q,209,ind_Latn,FORMULIR 10-Q,10-Q 양식
FORM 3,563,ind_Latn,FORM 3,양식 3
FORM 4,564,ind_Latn,FORMULIR 4,양식 4
FORM 8-K,297,ind_Latn,FORMULIR 8-K,양식 8-K
forward pricing,46,ind_Latn,penetapan harga di muka,앞당겨진 가격
FUND/NETWORKING,47,ind_Latn,DANA/JARINGAN,DANA/네트워크
FUND/SERV,210,ind_Latn,FUND/SERV,FUND/SERV
FV/EBITDA,211,ind_Latn,FV/EBITDA,FV/EBITDA
G-30,1085,ind_Latn,G-30,G-30
gilt-edged securities,15,ind_Latn,surat berharga yang sangat aman,매우 안전한 증권
giro lombard over draft,9,ind_Latn,giro lombard overdraft,롬바드 오버드래프트
GLOBALCLEAR,124,ind_Latn,GLOBALCLEAR,글로벌클레어
GLOBEX ALLIANCE,48,ind_Latn,GLOBEX ALLIANCE,글로벡스 동맹
GNMA,1086,ind_Latn,GNMA,GNMA
greenmail,212,ind_Latn,greenmail,그린메일
grey market,125,ind_Latn,pasar gelap,암시장
gun jumping,126,ind_Latn,gun jumping,총뛰기
HKSCC,739,ind_Latn,HKSCC,HKSCC
hub & spokes,89,ind_Latn,hub & spokes,허브와 스포크
IBAN,1087,ind_Latn,IBAN,IBAN
IID,1232,ind_Latn,IID,IID
IMF 8조국,383,ind_Latn,Negara dengan utang sebesar 8 triliun kepada IMF,IMF에 8조 달러의 빚을 지고 있는 나라
IMF 구제금융,298,ind_Latn,Bantuan Keuangan IMF,IMF 재정 지원
indenture,213,ind_Latn,perjanjian,협약
independent broker,25,ind_Latn,broker independen,독립 브로커
infrastructure,54,ind_Latn,infrastruktur,인프라
INSTINET,299,ind_Latn,INSTINET,본능
interlinker,127,ind_Latn,penghubung,연결
intermarket trading system,5,ind_Latn,sistem perdagangan antar pasar,시장 간 무역 시스템
investment bank,49,ind_Latn,bank investasi,투자 은행
investment banking,26,ind_Latn,perbankan investasi,투자 은행
investment company,27,ind_Latn,perusahaan investasi,투자 회사
ISDN,1088,ind_Latn,ISDN,ISDN
ISIN,1089,ind_Latn,ISIN,부끄러움
ISIN,1090,ind_Latn,ISIN,부끄러움
ISMA,1091,ind_Latn,ISMA,ISMA
ISO 20022,214,ind_Latn,ISO 20022,ISO 20022
ISO 7775,300,ind_Latn,ISO 7775,ISO 7775
ISO,1233,ind_Latn,ISO,ISO
ITM,1234,ind_Latn,ITM,ITM
Jobber,565,ind_Latn,Jobber,조버
kassenverein,90,ind_Latn,kassenverein,카센베레인
KELER,740,ind_Latn,KELER,켈러
killer bees,128,ind_Latn,lebah pembunuh,살인 벌
know-your customer rule,10,ind_Latn,aturan kenali nasabah Anda,고객 인식 규칙
KOSPI 200,215,ind_Latn,KOSPI 200,코스피 200
Lamfalussy기준,91,ind_Latn,Standar Lamfalussy,램팔루시 표준
LBO,1235,ind_Latn,LBO,LBO
Link-Up Markets,50,ind_Latn,Link-Up Markets,링크업 시장
local trader,92,ind_Latn,pedagang lokal,지역 상인
M&A,1236,ind_Latn,M&A,M&A
"M1, M2, M3",171,ind_Latn,"M1, M2, M3","M1, M2, M3"
MADOFF,566,ind_Latn,MADOFF,마도프
MALONEY ACT,129,ind_Latn,UNDANG-UNDANG MALONEY,MALONEY 새들
matched book,93,ind_Latn,buku yang cocok,적절한 책입니다.
matching fund,69,ind_Latn,dana pendamping,동반자 기금
MIC,1237,ind_Latn,MIC,MIC
MiFID,741,ind_Latn,MiFID,MiFID
MIT,1238,ind_Latn,MIT,MIT
MM의 자본구조 이론,130,ind_Latn,Teori Struktur Modal MM,MM 자본 구조 이론
Moddy's investment grade,8,ind_Latn,Peringkat investasi Moody's,모디의 투자 평가
MONTE TITOLI S.P.A.,22,ind_Latn,MONTE TITOLI S.P.A.,몬테 티톨리 스파
MSRB,1092,ind_Latn,MSRB,MSRB
narrow bank,131,ind_Latn,bank khusus,특수 은행
national market system,12,ind_Latn,sistem pasar nasional,국가 시장 시스템
NECIGEF,384,ind_Latn,NECIGEF,NECIGEF
net credit or net debit position,1,ind_Latn,posisi kredit bersih atau posisi debit bersih,순채권 위치 또는 순채권 위치
net debit caps,55,ind_Latn,batas debit bersih,순수 유출 제한
net sender limits,30,ind_Latn,batas pengirim jaringan,네트워크 송신자 제한
NICRA,742,ind_Latn,NICRA,NICRA
NMPG,1093,ind_Latn,NMPG,NMPG
nominee name,94,ind_Latn,nama calon,후보자의 이름
nostro account,56,ind_Latn,akun kami,우리 계좌
NSCC,1094,ind_Latn,NSCC,NSCC
NYSE rule 387,70,ind_Latn,Aturan NYSE 387,NYSE 규칙 387
on-line system,57,ind_Latn,sistem daring,온라인 시스템
open position,71,ind_Latn,lowongan pekerjaan,일자리
OTM,1239,ind_Latn,OTM,OTM
P&A,1240,ind_Latn,P&A,질문과 답변
pac-man strategy,37,ind_Latn,strategi Pac-Man,팩맨 전략
paper-based credit transfers,4,ind_Latn,transfer kredit berbasis kertas,종이에 기반한 신용 송금
PB,1303,ind_Latn,PB,PB
PIKS,1095,ind_Latn,PIKS,픽스
plus tick,216,ind_Latn,plus centang,+ 체크
poison pill,132,ind_Latn,poison pill,독약
POSIT,743,ind_Latn,POSIT,포시트
position,301,ind_Latn,posisi,위치
pre-commitment approach,11,ind_Latn,pendekatan pra-komitmen,사전 약속의 접근
PTS,1241,ind_Latn,PTS,PTS
QFI,1242,ind_Latn,QFI,QFI
QIB,1243,ind_Latn,QIB,QIB
QuantEX,385,ind_Latn,QuantEX,퀀트엑스
registar,302,ind_Latn,registar,등록
registered competitive trader,2,ind_Latn,pedagang terdaftar yang berkompetisi,경쟁하는 등록 상인
REGULATION A,95,ind_Latn,PERATURAN A,규칙 A
REGULATION D,96,ind_Latn,PERATURAN D,규칙 D
REGULATION G,97,ind_Latn,PERATURAN G,규칙 G
REGULATION Q,98,ind_Latn,PERATURAN Q,Q 규칙
REGULATION T,99,ind_Latn,PERATURAN T,규칙 T
REGULATION U,100,ind_Latn,PERATURAN U,규칙 U
RELIT,744,ind_Latn,RELIT,RELIT
reorganization,58,ind_Latn,reorganisasi,재구성
repo-to-maturity,38,ind_Latn,repo hingga jatuh tempo,매장기간까지요
repo/RP,386,ind_Latn,repo/RP,리포/RP
RGV,1244,ind_Latn,RGV,RGV
round lot,217,ind_Latn,lahan berbentuk bulat,원형의 토지
RSI,1245,ind_Latn,RSI,RSI
rule OF 72,172,ind_Latn,Aturan 72,72번 규칙
rule of fair practice,16,ind_Latn,prinsip praktik yang adil,공평한 원칙의 실천
RVP,1246,ind_Latn,RVP,RVP
S&R,1247,ind_Latn,S&R,S&R
SAFE 21,387,ind_Latn,SAFE 21,SAFE 21
Saturday night special,13,ind_Latn,Acara Spesial Sabtu Malam,토요일 밤 특별 프로그램
SCHEDULE 13D,101,ind_Latn,JADWAL 13D,스케줄 13D
SECOM,745,ind_Latn,SECOM,SECOM
SEDOL,746,ind_Latn,SEDOL,SEDOL
SEGA,1096,ind_Latn,SEGA,세가
segregation of securities,6,ind_Latn,pemisahan sekuritas,증권 분할
settlement,173,ind_Latn,penyelesaian,해결
SIAC,1097,ind_Latn,SIAC,SIAC
SICOVAM,388,ind_Latn,SICOVAM,SICOVAM
SIS SegaIntersettle,23,ind_Latn,SIS SegaIntersettle,S.I.S.와 인테르세틀
sleeping beauty,51,ind_Latn,putri tidur,딸은 자고 있어요
SMPG,1098,ind_Latn,SMPG,SMPG
snow balling,102,ind_Latn,efek bola salju,스노우볼 효과
spagetti problem,39,ind_Latn,masalah spageti,스파게티 문제
stock power,133,ind_Latn,daya saham,주식력
stock watcher,72,ind_Latn,pengamat saham,주식 관찰자
STP,1248,ind_Latn,STP,STP
street name,134,ind_Latn,nama jalan,거리 이름
subparticipation,40,ind_Latn,subpartisipasi,하위 참여
suicide pill,103,ind_Latn,pil bunuh diri,자살약
sunday bank,135,ind_Latn,bank hari Minggu,은행 일요일
sushi bond,174,ind_Latn,sushi bond,수시 본드
SWIFT,747,ind_Latn,SWIFT,SWIFT
system repo,136,ind_Latn,repositori sistem,시스템 저장소
T-BILL,567,ind_Latn,T-BILL,T-BILL
T-BOND,568,ind_Latn,T-BOND,T-BOND
T-NOTE,569,ind_Latn,T-NOTE,T-NOTE
T2S,1249,ind_Latn,T2S,T2S
TAKASBANK,218,ind_Latn,TAKASBANK,카스뱅크
TALISMAN,303,ind_Latn,TALISMAN,신장
TARGET,570,ind_Latn,TARGET,타겟
TAURUS,571,ind_Latn,TAURUS,황소
tax call option,52,ind_Latn,opsi beli pajak,세금 구매 옵션
TELEKURS,304,ind_Latn,TELEKURS,전신
tick,1099,ind_Latn,tick,틱
ticker tape,137,ind_Latn,pita ticker,티커 테이퍼
TRADEPOINT,175,ind_Latn,TRADEPOINT,트레이드포인트
tranches,305,ind_Latn,tranche,트랜치
TRAX,1100,ind_Latn,TRAX,트랙스
twenty-day period,31,ind_Latn,periode dua puluh hari,20일 기간
two-dollar broker,32,ind_Latn,broker dua dolar,브로커 2달러
two-sided comparison,18,ind_Latn,perbandingan dua sisi,양쪽의 비교
UNIFI,748,ind_Latn,UNIFI,UNIFI
uniform practice code,17,ind_Latn,kode praktik seragam,유니폼 연습 코드
uptick,572,ind_Latn,kenaikan,상승
value broker,104,ind_Latn,broker nilai,가치 브로커
value date,176,ind_Latn,tanggal nilai,가치 날짜
VAR,1250,ind_Latn,VAR,VAR
VP,1304,ind_Latn,VP,VP
VPC,1251,ind_Latn,VPC,VPC
VPS,1252,ind_Latn,VPS,VPS
WHITE KNIGHT,105,ind_Latn,WHITE KNIGHT,하얀 기사
WILLIAMS ACT,106,ind_Latn,UNDANG-UNDANG WILLIAMS,윌리엄스 말들
wire house,177,ind_Latn,perusahaan sekuritas besar,큰 증권 회사
WIT CAPITAL,138,ind_Latn,WIT CAPITAL,위트 캐피탈
X-비효율성,573,ind_Latn,X-Ketidakefisienan,X-케이티의 효율성
X,1308,ind_Latn,X,X
XML,1253,ind_Latn,XML,XML
XR,1305,ind_Latn,XR,XR
XW,1306,ind_Latn,XW,XW
가쇄,1254,tha_Thai,ล็อค,잠그고
가압류,1101,tha_Thai,ไฟล์แนบ,밀접한 파일
가중주가평균,389,tha_Thai,ค่าเฉลี่ยเคลื่อนที่ถ่วงน้ำหนัก,무게가 움직이는 평균입니다.
간사단,1102,tha_Thai,คณะกรรมการอำนวยการ,이사회
간사회사,751,tha_Thai,คณะกรรมการจัดงาน,기획위원회
간접공시,752,tha_Thai,การเปิดเผยข้อมูลแบบอ้อม,비공개적인 정보공개
간접금융,753,tha_Thai,การเงินทางอ้อม,회로금융
간접모집,754,tha_Thai,การรับสมัครแบบไม่โดยตรง,비공식 지원
간접발행,755,tha_Thai,การออกหุ้นแบบไม่โดยตรง,직접적인 거래가 아닙니다.
간접점유,756,tha_Thai,การถือครองทางอ้อม,우회적인 점유
간접참가자,575,tha_Thai,ผู้เข้าร่วมแบบไม่โดยตรง,비간접적인 참여자
간주,1255,tha_Thai,ถือว่า,어떻게 될까요?
감리대상종목,390,tha_Thai,รายการที่อยู่ภายใต้การกำกับดูแล,관리하에 있는 프로그램
감자차익,757,tha_Thai,การเก็งกำไรจากความแตกต่างของราคาของมันฝรั่ง,그 가격의 차이에서 이익을 얻습니다.
감채기금,758,tha_Thai,กองทุนบรรเทาหนี้,부채 완화 기금
감채기금부채권,306,tha_Thai,หลักทรัพย์หนี้ที่มีกองทุนไถ่ถอนเป็นหลักประกัน,부채가 담보로 인출된 채권
강세장,1103,tha_Thai,ตลาดขาขึ้น,시장은 상승하고 있습니다.
강제매수,759,tha_Thai,การเวนคืน,복귀
개발신탁,760,tha_Thai,มูลนิธิพัฒนา,개발 재단
개방식 담보사채,221,tha_Thai,พันธบัตรที่มีหลักประกันแบบเปิด,공인중개증권
개방형 리포,391,tha_Thai,รายงานแบบเปิด,공개된 보고서
개방형 투자신탁,222,tha_Thai,กองทุนลงทุนแบบเปิด,오픈소스 투자펀드
개별결제,761,tha_Thai,การชำระเงินแบบรายบุคคล,개인 결제
개별경쟁매매,392,tha_Thai,การซื้อขายแบบแข่งขันส่วนบุคคล,개인 경쟁 구매
개시증거금,576,tha_Thai,เงินประกันเริ่มต้น,보험금이 시작됩니다.
거래량비율,577,tha_Thai,อัตราส่วนปริมาณ,분량 비율
거래량회전율,393,tha_Thai,อัตราการลาออก,퇴직률
거래성립률,578,tha_Thai,อัตราความสำเร็จของธุรกรรม,사업의 성공률
거래소 시장,394,tha_Thai,ตลาดแลกเปลี่ยน,거래소
거래소 회원,395,tha_Thai,สมาชิก Exchange,교환원
거래취소,762,tha_Thai,การยกเลิกธุรกรรม,사업 중단
건설이자,763,tha_Thai,ความสนใจด้านก่อสร้าง,건축에 관심이 있습니다.
겐사끼시장,579,tha_Thai,ตลาดเกนซากิ,겐자키 마켓
격탁매매,764,tha_Thai,การซื้อขายแบบบล็อก,블록 매매
견양증권,765,tha_Thai,Gyeonyang Securities,경남증권
결산,1256,tha_Thai,รายงานการเงิน,재무보고서
결산보고서,580,tha_Thai,รายงานการเงิน,재무보고서
결제기구,766,tha_Thai,ระบบการชำระเงิน,결제 시스템
결제기금,767,tha_Thai,กองทุนการชำระเงิน,결제 기금
결제대금주선제도,223,tha_Thai,โครงการรับประกันการชำระเงิน,지불 보증 프로그램
결제대용증,581,tha_Thai,ใบรับรองการชำระแทน,환불 증명서
결제리스크 관리제도,139,tha_Thai,ระบบจัดการความเสี่ยงด้านการชำระเงิน,결제 리스크 관리 시스템
결제불이행거래,307,tha_Thai,ธุรกรรมที่มียอดค้างชำระ,높은 수익률의 사업입니다.
결제순서조작,396,tha_Thai,การปรับเปลี่ยนลำดับการชำระเงิน,결제 순서 변경
결제시한,768,tha_Thai,วันสุดท้ายสำหรับการชำระเงิน,지불의 마지막 날입니다.
결제시한,769,tha_Thai,วันสุดท้ายสำหรับการชำระเงิน,지불의 마지막 날입니다.
결제위험의 비대칭성,140,tha_Thai,ความไม่สมดุลในความเสี่ยงจากการชำระหนี้,부채의 위험 불균형
결제은행제도,397,tha_Thai,ระบบธนาคารสำหรับการชำระบัญชี,계좌를 지불하는 은행 시스템
결제일,1104,tha_Thai,วันที่ชำระเงิน,결제일
결제적체현상,398,tha_Thai,ยอดค้างชำระ,순수하게 처리해
결제전 예납,399,tha_Thai,การชำระเงินล่วงหน้าก่อนการชำระบัญชี,전금을 지불하기 전에 청구서를 지불합니다.
결제후 업무처리,224,tha_Thai,ขั้นตอนการดำเนินการหลังการชำระเงิน,지불 후의 처리 단계
결제후 업무처리,225,tha_Thai,ขั้นตอนการดำเนินการหลังการชำระเงิน,지불 후의 처리 단계
겸업주의,770,tha_Thai,ความขัดแย้งทางผลประโยชน์,이해의 충돌
경개,1257,tha_Thai,ทัศนียภาพ,풍경
경개적 차감,400,tha_Thai,การหักลดหย่อนตามดุลยพินิจ,불순종에 따른 낙담
경과이자,771,tha_Thai,ดอกเบี้ยที่ยังไม่จ่าย,지불되지 않은 이자
경기종합지수,401,tha_Thai,ดัชนีเศรษฐกิจแบบองค์รวม,종합 경제 지표입니다.
경상수지,772,tha_Thai,ยอดเงินในบัญชีเดินสะพัด,횡단보도 계좌의 최고액
경쟁매매,773,tha_Thai,การซื้อขายแบบแข่งขัน,경쟁적인 구매
경제통합,774,tha_Thai,การบูรณาการทางเศรษฐกิจ,경제 통합
경제협력개발기구,226,tha_Thai,องค์การเพื่อความร่วมมือและพัฒนาเศรษฐกิจ,경제협력개발기구
계약,1258,tha_Thai,สัญญา,약속해
계약형투자신탁,308,tha_Thai,กองทุนลงทุนตามสัญญา,계약에 따라 투자합니다.
계절주,1105,tha_Thai,เครื่องดื่มตามฤดูกาล,계절별 음료
계좌대체,775,tha_Thai,การเปลี่ยนบัญชี,계좌 변경
계좌설정,776,tha_Thai,การตั้งค่าบัญชี,계정 설정
고객계좌부,582,tha_Thai,บัญชีลูกหนี้,부채 계좌
고객계좌자동이전서비스,107,tha_Thai,บริการโอนบัญชีลูกค้าอัตโนมัติ,자동 고객 계좌 전송 서비스
고객예탁금 이용료,178,tha_Thai,ค่าธรรมเนียมจากการใช้เงินฝากของลูกค้า,고객 예금 사용 수수료
고객예탁분,583,tha_Thai,เงินฝากของลูกค้า,고객들의 보증금
고객예탁증권,402,tha_Thai,หลักทรัพย์ที่ลูกค้าฝากไว้,고객들이 보유한 자산입니다.
고오든 모형,403,tha_Thai,แบบจำลองกอร์ดอน,고든 모델입니다.
고정형 투자신탁,227,tha_Thai,กองทุนลงทุนแบบกำหนดระยะเวลา,투자자금입니다.
고정환율제도,404,tha_Thai,ระบบอัตราแลกเปลี่ยนคงที่,고정된 환율 시스템
골든 크로스,405,tha_Thai,กางเขนทอง,황금 십자가
공개/발성호가,309,tha_Thai,ผู้จัดพิมพ์/เบ ซอง-โฮ,출판사 / 베 송 호
공개매수,777,tha_Thai,ข้อเสนอซื้อหุ้น,주식 구매 제안
공개매수설명서,310,tha_Thai,หนังสือชี้ชวนในการเสนอซื้อหุ้น,주식 제안서 안내서
공개매수신고서,311,tha_Thai,เอกสารเสนอซื้อหุ้น,주식 제안서
공개법인,778,tha_Thai,บริษัทจำกัด,주식회사
공개시장조작,406,tha_Thai,การดำเนินการในตลาดเปิด,오픈마켓 운영
공기업,1106,tha_Thai,รัฐวิสาหกิจ,산업국가
공동간사회사,407,tha_Thai,บริษัทร่วมจัดงาน,공동 주최회사
공동대리,779,tha_Thai,การเป็นตัวแทนร่วม,공동 대리인
공동지배인,584,tha_Thai,ผู้จัดการร่วม,공동 관리자
공매도,1107,tha_Thai,การขายชอร์ต,쇼트 판매
공매수,1108,tha_Thai,ตำแหน่งซื้อ,구매 위치
공모,1259,tha_Thai,เชิญส่งผลงาน,결과물을 보내주세요.
공모부대서비스회사,179,tha_Thai,บริษัทให้บริการสนับสนุนการประมูล,경매를 지원하는 회사입니다.
공모증자,780,tha_Thai,การเสนอขายหุ้นต่อสาธารณะ,주식공개
공모채,1109,tha_Thai,การเสนอขายหุ้นต่อประชาชนทั่วไป,주식을 일반인에게 판매합니다.
공사채등록법,408,tha_Thai,พระราชบัญญัติการจดทะเบียนพันธบัตรสาธารณะ,공공 채권 등록 법령
공사채형투자신탁,228,tha_Thai,กองทุนลงทุนในพันธบัตรสาธารณะ,펀드는 공채에 투자합니다.
공시,1260,tha_Thai,ประกาศสาธารณะ,공개 선언
공시최고,781,tha_Thai,ประกาศสาธารณะ,공개 선언
공신의 원칙,409,tha_Thai,หลักการของผลงาน,성과의 원칙
공인중개인,585,tha_Thai,ผู้แทนอสังหาริมทรัพย์ที่ได้รับการรับรอง,공인 부동산 대리인
공정거래법,586,tha_Thai,พระราชบัญญัติการค้าที่เป็นธรรม,공정거래법
공정게임모형,410,tha_Thai,แบบจำลองการเล่นอย่างยุติธรรม,공평한 놀이 모델입니다.
공정할인율,587,tha_Thai,อัตราส่วนลดที่ยุติธรรม,이 비율은 공정합니다.
공채,1261,tha_Thai,รับสมัครงานแบบเปิด,공개된 취업 신청서
관계회사,782,tha_Thai,บริษัทในเครือ,자회사
관리대상종목,411,tha_Thai,หุ้นที่อยู่ภายใต้การกำกับดูแล,주식 관리
관세 및 무역에 관한 일반협정,33,tha_Thai,ข้อตกลงทั่วไปว่าด้วยภาษีศุลกากรและการค้า,관세와 무역에 대한 일반적인 합의
관할권,1110,tha_Thai,เขตอำนาจ,관할 구역
교차담보금제도,312,tha_Thai,ระบบการค้ำประกันข้ามกัน,교차보호 시스템
교차증거금제도,313,tha_Thai,ระบบมาร์จิ้นข้ามบัญชี,이산화탄소
교차헤징,783,tha_Thai,การป้องกันความเสี่ยงแบบข้าม,다른 종류의 위험을 방지하는 것입니다.
교체발행,784,tha_Thai,ปัญหาการเปลี่ยนชิ้นส่วน,부품 교체 문제입니다.
교환사채,785,tha_Thai,พันธบัตรที่สามารถแลกเปลี่ยนได้,거래 가능한 채권입니다.
구상권,1111,tha_Thai,สิทธิในการเรียกร้องค่าชดเชย,손해배상청구권
구주,1262,tha_Thai,ผู้ช่วยให้รอด,구해줘요
국가신인도,588,tha_Thai,ความน่าเชื่อถือทางเครดิตของรัฐ,국가 신용도
국내장외거래,412,tha_Thai,การซื้อขายในตลาดภายในประเทศแบบไม่ผ่านผู้กลาง,중개자가 없는 국내 시장에서의 거래
국민주,1112,tha_Thai,สภาผู้แทนราษฎร,국회의원님
국민주택채권,413,tha_Thai,พันธบัตรที่อยู่อาศัยแห่งชาติ,국가 주택증권
국민총생산,589,tha_Thai,ผลิตภัณฑ์มวลรวมแห่งชาติ,국내총생산 (GDP)
국제간 거래,414,tha_Thai,การค้าระหว่างประเทศ,국제 무역
국제간 대금지급,229,tha_Thai,การโอนเงินระหว่างประเทศ,국제 송금
국제간 대체결제,230,tha_Thai,วิธีการชำระเงินทางเลือกข้ามพรมแดน,국경을 넘나드는 대안 결제 방법
국제결제은행,415,tha_Thai,ธนาคารเพื่อการชำระหนี้ระหว่างประเทศ,국제 결제 은행
국제결제은행규제,231,tha_Thai,กฎระเบียบของธนาคารเพื่อการชำระบัญชีระหว่างประเทศ (BIS),국제회계은행 (BIS) 의 규정
국제금융공사,416,tha_Thai,บริษัทการเงินระหว่างประเทศ (IFC),국제금융회사 (IFC)
국제금융센타,417,tha_Thai,ศูนย์การเงินนานาชาติ,국제금융센터
국제금융시장,418,tha_Thai,ตลาดการเงินนานาชาติ,국제 금융 시장
국제보관기관,419,tha_Thai,ศูนย์รับฝากหลักทรัพย์ระดับนานาชาติ,국제 증권거래센터
국제부흥개발은행,232,tha_Thai,ธนาคารระหว่างประเทศเพื่อการฟื้นฟูและพัฒนา,국제재건개발은행
국제분산투자,420,tha_Thai,การลงทุนที่หลากหลายในระดับนานาชาติ,국제적인 다양한 투자입니다.
국제유가증권관리자협회,108,tha_Thai,สมาคมผู้บริหารตลาดหลักทรัพย์นานาชาติ,국제 증권 시장 관리자 협회
국제전문가시장,314,tha_Thai,ตลาดผู้เชี่ยวชาญระดับนานาชาติ,국제 전문 시장입니다.
국제정합성,590,tha_Thai,ความสอดคล้องระดับนานาชาติ,국제적인 조화
국제증권,786,tha_Thai,หลักทรัพย์นานาชาติ,국제 증권
국제증권거래소연맹,180,tha_Thai,สหพันธ์ตลาดหลักทรัพย์นานาชาติ,국제 증권거래소연맹
국제증권관리위원회연맹,109,tha_Thai,สหพันธ์ผู้กำกับดูแลตลาดหลักทรัพย์นานาชาติ,국제증권시장운영자연맹
국제증권예탁결제기관,141,tha_Thai,ศูนย์รับฝากหลักทรัพย์กลางระดับนานาชาติ,국제중앙투자센터
국제통화기금,421,tha_Thai,กองทุนการเงินระหว่างประเทศ,국제 금융 기금
국제투자신탁,422,tha_Thai,กองทุนลงทุนนานาชาติ,국제투자기금
국채,1263,tha_Thai,พันธบัตรรัฐบาล,정부 조약
국채전문딜러,423,tha_Thai,ผู้ค้าผู้เชี่ยวชาญด้านพันธบัตรรัฐบาล,정부 채권 전문 거래자
국채집합등록제도,233,tha_Thai,ระบบการจดทะเบียนพันธบัตรรัฐบาลแบบรวมศูนย์,중앙 집중식 정부 채권 등록 시스템
권리락,1113,tha_Thai,ควอน ริ-락, 리록
권리락주가,591,tha_Thai,หุ้นที่ตัดเงินปันผลแล้ว,이산화탄소배출액을 줄이는 주식
권리예탁,787,tha_Thai,การจดทะเบียนสิทธิ,권리 등록
권리예탁계좌부,315,tha_Thai,ทะเบียนบัญชีผู้รับฝากสิทธิ,권리보장사 회계
권리주,1114,tha_Thai,เครดิต,크레딧
권종,1264,tha_Thai,ประเภท,종류
규정재정,788,tha_Thai,การปฏิรูปกฎระเบียบ,법규개혁
그라함 도드모형,234,tha_Thai,แบบจำลอง Graham-Dodds,그레이엄-도드스 모델
근저당,1115,tha_Thai,สินเชื่อบ้าน,집을 믿어요
글래머주식,592,tha_Thai,หุ้น Glamour,글래머 주식
글래스 스티걸법,235,tha_Thai,พระราชบัญญัติกลาส-สตีเกล,글래스-스티겔 법
글로벌 트레이딩,236,tha_Thai,การค้าโลก,세계 무역
글로벌라이제이션,237,tha_Thai,การโลกาภิวัตน์,세계화는
글로벌본드,593,tha_Thai,พันธบัตรระดับโลก,세계 최고 수준의 채권
글로컬리제이션,316,tha_Thai,การผสมผสานระหว่างท้องถิ่นและสากล,지역과 세계 사이의 결합입니다.
금고주,1116,tha_Thai,เจ้าของที่ปลอดภัย,안전 소유자
금리선물,789,tha_Thai,สัญญาฟิวเจอร์สอัตราดอกเบี้ย,퓨저스 금리 계약
금리선물옵션,424,tha_Thai,สัญญาฟิวเจอร์สและสัญญาออปชันอัตราดอกเบี้ย,퓨저스 계약과 금리 옵션 계약
금리스왑,790,tha_Thai,สัญญาแลกเปลี่ยนอัตราดอกเบี้ย,이자율 거래 계약
금리연동부사채,317,tha_Thai,พันธบัตรชั้นรองที่ผูกกับอัตราดอกเบี้ย,이자율로 연결된 부채
금리확정부사채,318,tha_Thai,พันธบัตรบริษัทอัตราดอกเบี้ยคงที่,고정금리 회사채
금외신탁,791,tha_Thai,Geumoe Trust,Geumoe 트러스트
금융감독위원회/금융감독원,59,tha_Thai,คณะกรรมการกำกับดูแลการเงิน / สำนักงานกำกับดูแลการเงิน,"금융감독원, 금융감독원"
금융결제원,594,tha_Thai,สถาบันการเงิน โทรคมนาคม และการหักบัญชีของเกาหลี,"금융 기관, 통신, 그리고 한국의 은행 계좌"
금융공학,792,tha_Thai,วิศวกรรมการเงิน,금융공학
금융기관,793,tha_Thai,สถาบันการเงิน,금융 기관
금융리스,794,tha_Thai,สัญญาเช่าทางการเงิน,금융 임대요
금융비용,795,tha_Thai,ค่าใช้จ่ายทางการเงิน,경제적인 비용입니다.
금융선물거래,425,tha_Thai,การซื้อขายสัญญาซื้อขายล่วงหน้าทางการเงิน,금융 전담 거래
금융소득종합과세,238,tha_Thai,การเก็บภาษีอย่างครบถ้วนต่อรายได้จากทางการเงิน,금융소득에 대한 완전한 세금입니다.
금융쇼핑몰,595,tha_Thai,เว็บไซต์เปรียบเทียบบริการทางการเงิน,금융기관과 비교하는 웹사이트입니다.
금융시장,796,tha_Thai,ตลาดการเงิน,금융시장
금융실명제,596,tha_Thai,ระบบการเงินที่ใช้ชื่อจริง,실제 이름의 금융 시스템입니다.
금융어음,797,tha_Thai,ร่างกฎหมายด้านการเงิน,금융법
금융자산,798,tha_Thai,สินทรัพย์ทางการเงิน,금융 자산입니다.
금융장세,799,tha_Thai,สภาพตลาดการเงิน,금융시장 상황
금융지주회사,426,tha_Thai,บริษัทโฮลดิ้งด้านการเงิน,금융 지주회사
금융채,1117,tha_Thai,พันธบัตรทางการเงิน,금융채권
금융통화운영위원회,181,tha_Thai,คณะกรรมการนโยบายการเงิน,금융정책위원회
금전신탁,800,tha_Thai,แคช ทรัสต์,캐시 트러스트
기간구조,801,tha_Thai,โครงสร้างที่ขึ้นอยู่กับเวลา,시간에 의존하는 구조입니다.
기간물 repo,239,tha_Thai,สัญญาเรโปแบบกำหนดระยะเวลา,리모델링 계약은 기간을 정합니다.
기관결제제도,427,tha_Thai,ระบบการชำระเงินของสถาบัน,기관의 결제 시스템
기관투자가 결제제도,142,tha_Thai,ระบบการชำระบัญชีสำหรับนักลงทุนสถาบัน,기관투자자에 대한 회계 시스템
기관투자가,597,tha_Thai,นักลงทุนสถาบัน,기관 투자자
기관화현상,598,tha_Thai,การนำเข้าสู่ระบบสถาบัน,교육 체계에 도입
기대수익률,599,tha_Thai,อัตราผลตอบแทนที่คาดการณ์,예측된 수익률
기대이론,802,tha_Thai,ทฤษฎีความคาดหวัง,기대론.
기말계속예탁제도,240,tha_Thai,ระบบผู้รับฝากต่อเนื่องเมื่อสิ้นสุดวาระ,보좌관 체계는 임기가 끝나면 계속됩니다.
기명날인,803,tha_Thai,ลงนามและประทับตรา,서명하고 우표 찍어
기명사채,804,tha_Thai,พันธบัตรจดทะเบียน,등록증
기명주식,805,tha_Thai,หุ้นจดทะเบียน,등록된 주식
기본적분석,600,tha_Thai,การวิเคราะห์พื้นฐาน,기본 분석
기세,1265,tha_Thai,โมเมนตัม,모멘텀
기술적분석,601,tha_Thai,การวิเคราะห์ทางเทคนิค,기술 분석
기어링 레이쇼,319,tha_Thai,อัตราทดเกียร์,기어 속도
기업공개,806,tha_Thai,การเสนอขายหุ้นต่อประชาชนครั้งแรก,1차 주식공개
기업회계기준,428,tha_Thai,มาตรฐานการบัญชีสำหรับบริษัท,회사 회계 기준
기준일,1118,tha_Thai,วันที่บันทึก,기록된 날
기채시장,807,tha_Thai,ตลาดพันธบัตร,채권시장
기초자산,808,tha_Thai,สินทรัพย์พื้นฐาน,기본 자산
기축통화,809,tha_Thai,สกุลเงินสำรอง,보금자금
기한부어음,602,tha_Thai,ใบสัญญาหนี้ที่มีวันครบกำหนดชำระที่แน่นอน,유예기간이 정해진 채권이라
기회비용,810,tha_Thai,ต้นทุนโอกาส,기회 투자
나스닥,1119,tha_Thai,แนสแด็ก,나스닥
납입자본금,603,tha_Thai,ทุนจดทะเบียนที่ชำระแล้ว,등록금은 이미 지불됐어요
납회,1266,tha_Thai,พิธีปิด,행사는 끝났습니다.
내부결제,811,tha_Thai,การโอนเงินภายใน,내부 송금
내부금융,812,tha_Thai,การจัดหาเงินทุนภายใน,내부 자금 조달
내부수익률,604,tha_Thai,อัตราผลตอบแทนภายใน,내적 수익률
내부유보,813,tha_Thai,กำไรที่เก็บไว้,이윤은 저축됩니다.
내부자거래,605,tha_Thai,การซื้อขายข้อมูลภายใน,내부 정보 거래
내재가치,814,tha_Thai,มูลค่าภายใน,내적 가치
누적적 우선주,320,tha_Thai,หุ้นสิทธิพิเศษแบบสะสม,누적 특권 주식
누적적참가우선주,241,tha_Thai,หุ้นสิทธิพิเศษแบบสะสม,누적 특권 주식
누적투표제,606,tha_Thai,ระบบการลงคะแนนแบบสะสม,누적 투표 시스템
뉴라운드,815,tha_Thai,รอบใหม่,다시 한 번
뉴욕증권거래소,321,tha_Thai,ตลาดหลักทรัพย์นิวยอร์ก,뉴욕 증권 거래소
니케이 평균지수,242,tha_Thai,ดัชนีนิเคอิ,다치니 니키
다자간 차감,429,tha_Thai,การหักลดหย่อนแบบหลายฝ่าย,다방면적인 침략입니다.
다지수모형,607,tha_Thai,แบบจำลองหลายตัวแปร,다양한 모델들이 있습니다.
단기금융시장 상호기금,110,tha_Thai,กองทุนรวมตลาดเงินระยะสั้น,단기 투자자금
단기금융시장,430,tha_Thai,ตลาดเงินระยะสั้น,단기 금융시장
단기채,1120,tha_Thai,พันธบัตรระยะสั้น,단기채권
단독주주권,608,tha_Thai,สิทธิของผู้ถือหุ้นรายเดียว,주주들의 권리
단순보관연계,431,tha_Thai,ระบบเชื่อมต่อสำหรับการจัดเก็บแบบเรียบง่าย,간편하게 저장할 수 있는 연결 시스템
단순주가지수,432,tha_Thai,ดัชนีราคาหุ้นแบบง่าย,간단한 주식 가격 지표
단순주가평균,433,tha_Thai,ราคาหุ้นเฉลี่ยแบบธรรมดา,보통의 평균 주식 가격입니다.
단위형 투자신탁,243,tha_Thai,กองทุนลงทุนแบบหน่วย,유닛 투자 기금
단일지수모형,434,tha_Thai,แบบจำลองดัชนีเดียว,단 하나의 모형입니다.
단주,1267,tha_Thai,การงดเว้น,배제
단주매각대금,435,tha_Thai,รายได้จากการขายหุ้น,주식 판매 수익
담보거래,816,tha_Thai,การซื้อขายที่มีสินทรัพย์ค้ำประกัน,보험에 담긴 거래
담보관리제도,436,tha_Thai,ระบบจัดการสินทรัพย์ค้ำประกัน,보험자산 관리 시스템
담보물,1121,tha_Thai,หลักประกัน,보험
담보부사채,609,tha_Thai,พันธบัตรที่มีหลักประกัน,보너스증권
담보유가증권,437,tha_Thai,หลักทรัพย์ที่มีหลักประกัน,자금보험입니다.
담보유지비율,438,tha_Thai,อัตราส่วนการรักษามาร์จิ้น,마진 보존 비율
당일결제거래,439,tha_Thai,ธุรกรรมชำระเงินในวันเดียวกัน,동일 결제 거래
당일자금,817,tha_Thai,การโอนเงินในวันเดียวกัน,같은 날 송금
당좌대월,818,tha_Thai,การเบิกเกินบัญชี,계산을 초과하는 것
당좌차월,819,tha_Thai,การเบิกเกินบัญชี,계산을 초과하는 것
대권,1268,tha_Thai,การเลือกตั้งประธานาธิบดี,대통령 선거
대금지급보증시스템,182,tha_Thai,ระบบรับประกันการชำระเงิน,결제 보증 시스템
대기시스템,610,tha_Thai,ระบบจัดการอากาศ,공기 관리 시스템
대량매매,820,tha_Thai,การซื้อขายแบบบล็อก,블록 매매
대량주식보유상황공시제도,73,tha_Thai,ระบบการเปิดเผยข้อมูลการถือหุ้นในปริมาณมาก,엄청난 양의 주식정보를 공개하는 시스템입니다.
대량주식소유의 제한,143,tha_Thai,ข้อจำกัดในการถือหุ้นในปริมาณมาก,많은 양의 주식을 보유하는 데 제한이 있습니다
대변이체시스템,322,tha_Thai,ระบบถ่ายโอนอุจจาระ,전력 전송 시스템
대용가격,821,tha_Thai,ราคาทดแทน,그 대가
대용증거금 필요액,183,tha_Thai,จำนวนมาร์จิ้นทดแทนที่จำเป็น,필요한 대체 마진 수
대용증권,822,tha_Thai,หลักทรัพย์แทน,주식입니다.
대주,1269,tha_Thai,ผู้ถือหุ้นหลัก,주요 주주
대주비율,823,tha_Thai,อัตราส่วนหนี้ต่อทุน,융자비율
대주주,1122,tha_Thai,ผู้ถือหุ้นหลัก,주요 주주
대차수수료,611,tha_Thai,ค่าธรรมเนียมสินเชื่อ,대출 수수료
대체거래시스템,323,tha_Thai,ระบบซื้อขายทางเลือก,대안 매매 시스템
대체결제제도,440,tha_Thai,ระบบการชำระเงินทางเลือก,대안 결제 시스템
대체물/대체성,324,tha_Thai,สินค้าทดแทน/ความสามารถในการทดแทน,대안 상품/ 대안 능력
대체비용위험,441,tha_Thai,ความเสี่ยงด้านต้นทุนการทดแทน,대체 비용의 위험성
대표소송,824,tha_Thai,คดีแบบกลุ่ม,집단 사건
대표채권,825,tha_Thai,พันธบัตรตัวแทน,대리인 자격증
대행업무 수탁계약,184,tha_Thai,สัญญาบริการตัวแทน,대리인 서비스 계약
데드크로스,612,tha_Thai,เดด ครอส,데드 크로스
독일증권시장의 주가지수,74,tha_Thai,ดัชนีตลาดหุ้นของตลาดหุ้นเยอรมัน,독일 주식 시장의 지표
동시호가,826,tha_Thai,การประมูลพร้อมกัน,함께 경매
동일주주,827,tha_Thai,ผู้ถือหุ้นเดียวกัน,같은 주주
동증주가지수,442,tha_Thai,ดัชนีตลาดหุ้นเกาหลี,한국의 주식 시장
듀레이션,828,tha_Thai,ระยะเวลา,시간
등가수익률,613,tha_Thai,ผลผลิตที่เทียบเท่า,이산화탄소 생산량은
등록기관,829,tha_Thai,องค์กรที่จดทะเบียน,등록된 단체
등록대리인,614,tha_Thai,ตัวแทนจดทะเบียน,등록 대리인
등록법인,830,tha_Thai,บริษัทที่จดทะเบียน,등록된 회사
등록질,1123,tha_Thai,คำถามเกี่ยวกับการลงทะเบียน,등록에 대한 질문
등록채권,831,tha_Thai,หนี้ที่จดทะเบียน,등록된 빚
"등록필증, 등록필통지서",75,tha_Thai,"ใบรับรองการจดทะเบียน, ประกาศการจดทะเบียน","등록증, 등록신고"
디스카운트 브로커,185,tha_Thai,โบรกเกอร์ค่าคอมมิชชันต่ำ,저 수수료 브로커
딜러,1270,tha_Thai,ผู้จำหน่าย,판매자
랜덤워크가설,443,tha_Thai,สมมติฐานการเดินแบบสุ่ม,무작위 행진을 가정합니다.
랩 어카운트,444,tha_Thai,บัญชีห้องปฏิบัติการ,연구실 계산서
런던은행간 대출금리,144,tha_Thai,อัตราดอกเบี้ยระหว่างธนาคารในลอนดอน (LIBOR),런던 은행 간 이자율 (LIBOR)
런던은행간 예금금리,145,tha_Thai,อัตราดอกเบี้ยระหว่างธนาคารในลอนดอน (LIBOR),런던 은행 간 이자율 (LIBOR)
레버리지 효과,325,tha_Thai,ผลของเลเวอเรจ,레버리지의 결과
마코위츠 이론,326,tha_Thai,ทฤษฎีของมาร์คโอวิทซ์,마크 오비츠의 이론
마크다운,832,tha_Thai,Markdown,마크다운
마팅게일모형,445,tha_Thai,แบบจำลองมาร์ติงเกล,마틴겔 모델입니다.
만기,1271,tha_Thai,ความสุกงอม,혼란스럽다
만기보유전략,446,tha_Thai,กลยุทธ์ถือจนครบกำหนด,전략은 미루어집니다.
만기수익률,615,tha_Thai,อัตราผลตอบแทนจนถึงวันครบกำหนด,정해진 기간까지의 수익률
매매거래정지,447,tha_Thai,การระงับการซื้อขาย,매매를 억제하는 것
매매거래중단,448,tha_Thai,การระงับการซื้อขาย,매매를 억제하는 것
매매보고서,616,tha_Thai,รายงานการขาย,판매 보고서
매매상대방,617,tha_Thai,ฝ่ายตรงข้าม,반대편입니다.
매매심리,833,tha_Thai,อารมณ์ตลาด,시장 분위기
매매입회장,618,tha_Thai,ห้องซื้อขาย,영업실
매매중지장치,449,tha_Thai,กลไกการระงับการซื้อขาย,구매를 억제하는 메커니즘
매매확인,834,tha_Thai,การยืนยันการขาย,영업 확정
매출,1272,tha_Thai,มูลค่าการขาย,판매가치
멀티미디어금융시대,186,tha_Thai,ยุคของการเงินมัลติมีเดีย,멀티미디어 돈의 시대입니다.
명령상장,835,tha_Thai,จัดเรียงตามลำดับ,순서대로
명목이자율,619,tha_Thai,อัตราดอกเบี้ยตามชื่อ,이산화탄소
명의개서 대행회사,187,tha_Thai,บริษัทรับโอนกรรมสิทธิ์,저작권 이전 회사
명의개서 정지기간,188,tha_Thai,ระยะเวลาการระงับการโอนสิทธิ์ในชื่อ,명칭의 권리 이전 기간
명의개서,836,tha_Thai,การโอนกรรมสิทธิ์,저작권 이전
명의개서대리인,327,tha_Thai,ตัวแทนในการโอนกรรมสิทธิ์,저작권 이전 대리인
명의개서대행업무,244,tha_Thai,บริการของสำนักงานโอนกรรมสิทธิ์,저작권 변신청의 서비스입니다.
모기지담보부증권,245,tha_Thai,หลักทรัพย์ที่ได้รับการค้ำประกันด้วยสินเชื่อที่อยู่อาศัย,주택담보증권에 담긴 자산입니다.
모듈기업,837,tha_Thai,บริษัทโมดูล,모듈 회사
모집,1273,tha_Thai,การรับสมัคร,신청서
모집설립,838,tha_Thai,การรับสมัครและจัดตั้ง,지원 및 조직
무권화,1124,tha_Thai,การยกเลิกการอนุญาต,면허 취소
무기명주식,620,tha_Thai,หุ้นผู้ถือ,주주
무기명채권,621,tha_Thai,พันธบัตรผู้ถือ,채권자
무담보사채,622,tha_Thai,พันธบัตรบริษัทแบบไม่มีหลักประกัน,보험이 없는 회사채권
무배당,1125,tha_Thai,ไม่มีเงินปันผล,배당은 없습니다.
무배주,1126,tha_Thai,โซจูไม่มีแอลกอฮอล์,소조는 알코올이 없어요
무보증사채,623,tha_Thai,พันธบัตรไม่มีหลักประกัน,증권에는 보장이 없습니다.
무상증자,839,tha_Thai,ฉบับพิเศษ,특별판입니다.
무액면주식,624,tha_Thai,หุ้นไม่มีมูลค่าที่ตราไว้,주식에는 가치가 없습니다.
무위험 이자율,328,tha_Thai,อัตราดอกเบี้ยที่ไม่มีความเสี่ยง,위험 없는 금리입니다.
무의결권주,625,tha_Thai,หุ้นไม่มีสิทธิลงเสียง,주식은 투표권이 없습니다.
무츄얼펀드,626,tha_Thai,กองทุนรวม,전체 자금
물상대위,840,tha_Thai,การรับสิทธิแทนจากฝ่ายที่สาม,제3자를 대신해서
물적담보,841,tha_Thai,สินทรัพย์ค้ำประกันแบบสิ่งของ,물체보험자산
뮤추얼펀드 관리회사,146,tha_Thai,บริษัทจัดการกองทุนรวม,펀드 매니지먼트
뮤추얼펀드 인수회사,147,tha_Thai,บริษัทที่เชี่ยวชาญในการซื้อกองทุนรวม,자금 조달 전문 회사입니다.
미국형옵션,627,tha_Thai,ตัวเลือกแบบอเมริกัน,미국식 선택이죠.
미발행증권거래,329,tha_Thai,การซื้อขายหลักทรัพย์ที่ยังไม่ได้ออก,아직 발행되지 않은 증권 거래
미청산계약,628,tha_Thai,สัญญาที่ยังเปิดอยู่,계약은 아직 유효합니다.
바벨형 만기구성전략,148,tha_Thai,กลยุทธ์การจัดตั้งอุปกรณ์แบบ Babel,바벨 장치 배치 전략
바스켓방식,629,tha_Thai,วิธีตะกร้า,은 방법.
바흐만보고서,450,tha_Thai,รายงานบาคแมนน์,백맨 보고서
반대매매,842,tha_Thai,การขายชอร์ต,쇼트 판매
발기설립,843,tha_Thai,การจดทะเบียนบริษัท,회사 등록
발기인,1127,tha_Thai,ผู้จัดงาน,행사의 주최자
발기인조합,630,tha_Thai,สมาคมผู้จัดงาน,주최자 협회
발행가액,844,tha_Thai,ราคาออกจำหน่าย,판매가격
발행시장,845,tha_Thai,ตลาดแรก,첫 번째 시장
배당,1274,tha_Thai,เงินปันผล,배당금
배당가능이익,451,tha_Thai,กำไรที่มีสิทธิ์จ่ายปันผล,이윤은 보상받을 수 있습니다.
배당금지급청구권,246,tha_Thai,สิทธิในการขอรับเงินปันผล,보상받을 권리가 있습니다.
배당기산일,631,tha_Thai,วันที่กำหนดสิทธิรับเงินปันผล,이산화탄소배출권 결제일
배당락,1128,tha_Thai,วันที่ตัดสิทธิ์รับเงินปันผล,배당금을 받을 수 없는 날입니다.
배당성향,846,tha_Thai,อัตราส่วนการจ่ายปันผล,수익률은
배당소득,847,tha_Thai,รายได้จากเงินปันผล,이산화탄소 수입
배당소득세,632,tha_Thai,ภาษีเงินได้จากเงินปันผล,세금은 수익금으로 이루어집니다.
배당의 정보효과,247,tha_Thai,ผลกระทบทางข้อมูลของเงินปันผล,이산화탄소의 정보효과
배당정책,848,tha_Thai,นโยบายการจ่ายปันผล,보상 정책
배당평가모형,452,tha_Thai,แบบจำลองการประเมินมูลค่าจากเงินปันผล,수익률 평가 모델입니다.
배서,1275,tha_Thai,การรับรอง,인증
백워데이션,633,tha_Thai,ภาวะราคาล่วงหน้าต่ำกว่าราคาปัจจุบัน,현재 가격보다 낮은 전면 가격입니다.
벌처펀드,849,tha_Thai,กองทุนนักล่า,사냥꾼 기금
법정과실,850,tha_Thai,ความประมาททางกฎหมาย,법적인 문제입니다.
법정관리,851,tha_Thai,การบริหารภายใต้การกำกับดูแลของศาล,법원의 관리를 받는 행정부
법정담보물권,453,tha_Thai,สิทธิการประกันตามกฎหมาย,법적으로 보장받을 권리가 있습니다.
법정대위,852,tha_Thai,การรับสิทธิแทนตามกฎหมาย,법적인 대리권
법정청산,853,tha_Thai,การชำระบัญชีตามกฎหมาย,법적인 결제
베이시스,854,tha_Thai,พื้นฐาน,기본
베타계수,855,tha_Thai,สัมประสิทธิ์เบตา,베타 팩토리
베타위험,856,tha_Thai,ความเสี่ยงเบต้า,베타 위험
병행증자,857,tha_Thai,การออกหุ้นแบบขนาน,평행 주식 거래
보관기관,858,tha_Thai,ผู้รับฝาก,대리인
보관원장,859,tha_Thai,ทะเบียนเอกสาร,문서를 작성하세요
보관위험,860,tha_Thai,ความเสี่ยงในการจัดเก็บ,재고에 대한 위험
보유기간수익률,330,tha_Thai,ผลตอบแทนในช่วงระยะเวลาถือครอง,소유 기간 동안의 수익
보유비용,861,tha_Thai,ค่าใช้จ่ายในการเป็นเจ้าของ,소유의 비용은
보증사채,862,tha_Thai,พันธบัตรที่มีการรับประกัน,보증증권
보통거래,863,tha_Thai,ธุรกรรมมาตรฐาน,표준 사업
보통결의,864,tha_Thai,มติทั่วไป,일반적인 관점
보통주,1129,tha_Thai,หุ้นสามัญ,주식
보호예수,865,tha_Thai,ช่วงห้ามขาย,금기시절
보호예수증서,454,tha_Thai,ใบรับรองการเก็บรักษา,보관 증명서
복리채,1130,tha_Thai,ดอกเบี้ยทบต้น,꽃이 달리고
복수통화대출,455,tha_Thai,สินเชื่อหลายสกุลเงิน,많은 돈을 믿어요
복수통화표시채,331,tha_Thai,พันธบัตรที่ระบุมูลค่าในหลายสกุลเงิน,여러 화폐에 해당하는 증권입니다.
본질가치,866,tha_Thai,มูลค่าภายใน,내적 가치
부당권유행위의 금지,149,tha_Thai,การห้ามการปฏิบัติในการชักชวนลูกค้าที่ไม่เป็นธรรม,불공정한 고객 유치를 금지합니다.
부도방지협약,456,tha_Thai,ข้อตกลงเกี่ยวกับการป้องกันการล้มละลาย,파산 방지 협정
부도처리유예,457,tha_Thai,การเลื่อนการดำเนินการตามกฎหมายล้มละลาย,법적으로 파기된 사건
부동담보제도,458,tha_Thai,ระบบสินเชื่ออสังหาริมทรัพย์,부동산 대출 시스템입니다.
부동산 투자신탁,248,tha_Thai,กองทุนลงทุนอสังหาริมทรัพย์,부동산 투자 기금
부동주,1131,tha_Thai,บูดูงจู,부두롱주
부동화,1132,tha_Thai,การตรึง,추출
부보관기관,634,tha_Thai,สถาบันรับฝากย่อย,부담당 기관
부실채권 정리기금,189,tha_Thai,กองทุนแก้ไขปัญหาสินเชื่อที่ไม่ก่อให้เกิดรายได้,이 기금은 수익을 창출하지 않는 대출 문제를 해결합니다.
부실채권,867,tha_Thai,สินเชื่อที่ไม่ก่อให้เกิดรายได้,수익을 창출하지 않는 믿음입니다.
부실채권정리기금채권,150,tha_Thai,พันธบัตรที่ออกโดยกองทุนจัดการสินเชื่อที่ไม่ก่อให้เกิดรายได้,수익을 창출하지 않는 신용기금에서 발행된 채권입니다.
부전환대리인,459,tha_Thai,ตัวแทนที่ไม่สามารถแปลงได้,변할 수 없는 대리인
분리결제,868,tha_Thai,การแบ่งการชำระเงิน,지불을 나누는 것
분리과세,869,tha_Thai,การเก็บภาษีแบบแยกต่างหาก,이것은 세금을 분리하는 방식입니다.
분리형증권,635,tha_Thai,หลักทรัพย์ที่แยกได้,분할 가능한 자산입니다.
분매기관,870,tha_Thai,บริษัทตัวแทนจำหน่าย,대리인 회사
분배락조치,636,tha_Thai,มาตรการจำกัดการกระจายสินค้า,유통을 제한하는 조치
분산투자,871,tha_Thai,การลงทุนที่หลากหลาย,다양한 투자
분할납입채,637,tha_Thai,หนี้แบบผ่อนชำระ,빚을 갚기 위해
불독채,1133,tha_Thai,บูลด็อก แช, buldog 
불릿채,1134,tha_Thai,บูลเล็ต แช,발레트 
브래디채권,638,tha_Thai,พันธบัตรเบรดี้,브래디 카드
브로커,1135,tha_Thai,ผู้ค้า,거래자
브로커스 론,460,tha_Thai,สินเชื่อผ่านผู้กลาง,중개인을 통해 신뢰합니다.
브릿지,1136,tha_Thai,สะพาน,다리!
브릿지론,872,tha_Thai,เงินกู้สะพาน,다리 대출
블루 리스트,461,tha_Thai,รายชื่อสีฟ้า,파란색 목록
비가격경쟁,639,tha_Thai,การแข่งขันที่ไม่เกี่ยวข้องกับราคา,경쟁은 가격과 관련이 없습니다.
비거주자,873,tha_Thai,ผู้ไม่พักอาศัย,노숙자
비과세소득,640,tha_Thai,รายได้ที่ได้รับการยกเว้นภาษี,세금이 없는 수입입니다.
비상장증권,641,tha_Thai,หลักทรัพย์ที่ไม่ได้จดทะเบียน,등록되지 않은 자산
비전형계약,642,tha_Thai,สัญญาที่ไม่เป็นมาตรฐาน,비정형 계약
비체계적 위험,332,tha_Thai,ความเสี่ยงที่ไม่เป็นระบบ,비시스템적 위험
비통화금융기관,333,tha_Thai,สถาบันการเงินที่ไม่ใช้เงินเป็นสื่อกลาง,금융 기관은 돈을 매개체로 사용하지 않습니다.
비회원증권회사,334,tha_Thai,บริษัทหลักทรัพย์ที่ไม่ใช่สมาชิก,비회원 투자회사
빅뱅,1276,tha_Thai,บิ๊กแบง,빅뱅
빅보오드,874,tha_Thai,บอร์ดใหญ่,큰 보드
빗더마켓 전략,335,tha_Thai,กลยุทธ์ Bitdermarket,비터마켓 전략
사고신고,875,tha_Thai,รายงานอุบัติเหตุ,사고 보고
사고증권 가신고제도,151,tha_Thai,ระบบรายงานเบื้องต้นสำหรับหลักทรัพย์ที่ถูกขโมย,도둑맞은 자산에 대한 초기 보고 시스템
사고증권,876,tha_Thai,หลักทรัพย์ที่เกี่ยวข้องกับเหตุการณ์นี้,이 사건에 관련된 자산
사내유보,877,tha_Thai,กำไรที่เก็บไว้,이윤은 저축됩니다.
사다리형 만기구성전략,111,tha_Thai,กลยุทธ์การจัดพอร์ตโฟลิโอแบบบันได,계단형 포트폴리오 전략입니다.
사모,1277,tha_Thai,การเสนอขายหุ้นแบบส่วนตัว,개인 주식 판매 제안
사모펀드,878,tha_Thai,กองทุนทุนส่วนตัว,개인 자금
사무라이본드,462,tha_Thai,ซามูไร บอนด์,사모라이 본드
사설증권시장,463,tha_Thai,ตลาดหลักทรัพย์แบบซื้อขายนอกตลาด,오프마켓 증권시장
사업보고서,643,tha_Thai,รายงานประจำปี,연례 보고서
사업설명서,644,tha_Thai,ข้อเสนอโครงการ,프로젝트 제안
사이또리회원,464,tha_Thai,สมาชิก Saitori,사이토리 멤버
사이버 주주총회,249,tha_Thai,การประชุมผู้ถือหุ้นทั่วไปแบบออนไลน์,온라인 주주총회
사전매매대조과정,250,tha_Thai,กระบวนการตรวจสอบความสอดคล้องก่อนการซื้อขาย,구매 전의 적합성 검사 과정
사채권,1137,tha_Thai,บอนด์,본드
사채발행,879,tha_Thai,การออกพันธบัตรบริษัท,회사 채권 발급
사채원부,880,tha_Thai,ทะเบียนเงินกู้ส่วนตัว,개인 대출을 신청합니다.
산업금융채권,465,tha_Thai,พันธบัตรอุตสาหกรรมและพันธบัตรการเงิน,산업계 채권과 금융채권
상계적 차감,466,tha_Thai,การหักลดหย่อนเพื่อชดเชย,보복을 위해 절단하는 것
상대매매,881,tha_Thai,การซื้อขายที่ตรงกัน,맞춤식 거래
상대매매,882,tha_Thai,การซื้อขายที่ตรงกัน,맞춤식 거래
상쇄거래,883,tha_Thai,ธุรกรรมออฟเซ็ต,오프셋 사업
상임대리인,645,tha_Thai,ผู้แทนถาวร,상임대표
상장,1278,tha_Thai,รายชื่อ,목록
상장심사기준,467,tha_Thai,เกณฑ์การประเมินรายการ,프로그램 평가 기준
상장회사협의회,336,tha_Thai,สมาคมบริษัทจดทะเบียน,등록된 회사 협회
상품유가증권,468,tha_Thai,การซื้อขายหลักทรัพย์,주식 거래
상호결제제도,469,tha_Thai,ระบบการชำระเงินร่วมกัน,공동 결제 시스템
상호다중연계,470,tha_Thai,การเชื่อมต่อกันแบบสองทาง,두 가지 연결입니다.
상호단일연계,471,tha_Thai,การเชื่อมโยงแบบเดี่ยวแบบสองทาง,단 하나의 쌍방향 연결입니다.
상호동시거래,472,tha_Thai,การซื้อขายแบบพร้อมกันและร่วมกัน,함께 구매하고 공동으로 판매합니다.
상호동시거래,473,tha_Thai,การซื้อขายแบบพร้อมกันและร่วมกัน,함께 구매하고 공동으로 판매합니다.
상호연계,884,tha_Thai,การเชื่อมต่อกัน,그 연결은
상호주,1138,tha_Thai,สมาคมการช่วยเหลือซึ่งกันและกัน,상호지원단체
상환,1279,tha_Thai,การชำระหนี้,빚을 갚는 것
상환주,1139,tha_Thai,หุ้นไถ่ถอน,주식 인출
서면투표제,646,tha_Thai,ระบบการลงคะแนนทางไปรษณีย์,우편 투표 시스템
선도거래,885,tha_Thai,การวิ่งนำหน้า,선두를 달리고
선도계약,886,tha_Thai,ข้อตกลงกรอบงาน,업무계약
선물거래,887,tha_Thai,การซื้อขายสัญญาซื้อขายล่วงหน้า,전속 거래 계약
선물거래위원회,337,tha_Thai,คณะกรรมการการซื้อขายสินค้าโภคภัณฑ์และสัญญาซื้อขายล่วงหน้า,소비자품 구매위원회와 사전 계약
선물계약,888,tha_Thai,สัญญาฟิวเจอร์ส,피우저스 조약
선물시장,889,tha_Thai,ตลาดสัญญาซื้อขายล่วงหน้า,전속 거래시장
선물중개상,647,tha_Thai,ผู้ค้าสัญญาซื้อขายล่วงหน้า,거래자는 사전에 구매합니다.
선물환,1140,tha_Thai,สัญญาซื้อขายเงินตราต่างประเทศล่วงหน้า,외환 거래 계약은 앞당겨집니다.
선물환마진,648,tha_Thai,มาร์จิ้นการแลกเปลี่ยนเงินตราต่างประเทศแบบฟอร์เวิร์ด,파워드 외환 마진
선의취득,890,tha_Thai,การซื้อด้วยเจตนาดี,좋은 의도로 구매하는 것
성장주,1141,tha_Thai,หุ้นเติบโต,주가가 증가했습니다.
소비대차,891,tha_Thai,สินเชื่อผู้บริโภค,소비자를 신뢰합니다.
소비임치,892,tha_Thai,เงินมัดจำ,보증금
소수주주권,649,tha_Thai,สิทธิของผู้ถือหุ้นส่วนน้อย,소상공인의 권리
소액주주,893,tha_Thai,ผู้ถือหุ้นส่วนน้อย,소상공인
송금이체,894,tha_Thai,การโอนเงิน,송금
수권자본제도,474,tha_Thai,ระบบทุนจดทะเบียน,등록금 시스템
수도부족분<결제부족분>,76,tha_Thai,การขาดแคลนน้ำ <การขาดแคลนการชำระเงิน>,물 부족. 돈 부족.
수량우선의 원칙,251,tha_Thai,"หลักการ ""ปริมาณก่อน""",양이 먼저라는 원칙입니다.
수요예측방식,475,tha_Thai,วิธีการคาดการณ์ความต้องการ,요구사항을 예측하는 방법
수의상환<임의상환>,152,tha_Thai,การชำระหนี้ก่อนกำหนด <การชำระหนี้ตามความเห็นชอบ>,사전 결제 (예약 결제)
수의상환사채,476,tha_Thai,พันธบัตรแปลงสภาพ,이 증권은 상황을 변화시킵니다.
수익률,1142,tha_Thai,ผลผลิต,생산성
수익률곡선,650,tha_Thai,เส้นโค้งผลตอบแทน,보너스 곡선
수익률곡선타기전략,190,tha_Thai,กลยุทธ์การซื้อขายตามเส้นโค้งผลตอบแทน,수익곡선을 따라 매매 전략
수익률스프레드,338,tha_Thai,ส่วนต่างอัตราผลตอบแทน,이산화탄소배출액은
수익자,1143,tha_Thai,ผู้รับประโยชน์,이득자
수익증권,895,tha_Thai,หลักทรัพย์หนี้,부채 증권
수정주가평균,477,tha_Thai,ราคาหุ้นเฉลี่ยที่ปรับแล้ว,주식의 평균값이 조정되었습니다.
수탁계약준칙,478,tha_Thai,หลักปฏิบัติสำหรับสัญญาทรัสต์,신탁계약의 원칙
수탁자,1144,tha_Thai,ผู้รับมอบหมาย,대리인
수탁회사,896,tha_Thai,ผู้รับมอบหมาย,대리인
순수무액면주식,339,tha_Thai,หุ้นไม่มีมูลค่าที่ตราไว้,주식에는 가치가 없습니다.
순운전자본,651,tha_Thai,ทุนหมุนเวียนสุทธิ,회전 자본
순자산가치,652,tha_Thai,มูลค่าสินทรัพย์สุทธิ,자산의 가치
순차변·순대변잔고포지션,77,tha_Thai,ตำแหน่งสมดุลตามลำดับและตำแหน่งสมดุลสุทธิ,순차적인 균형 위치와 올바른 균형 위치
스왑거래,897,tha_Thai,ธุรกรรมแลกเปลี่ยน,거래 사업
스왑션,1145,tha_Thai,สลับ,돌리세요
스위스옵션 금융선물거래소,60,tha_Thai,ตลาดสัญญาซื้อขายล่วงหน้าและสัญญาออปชันของสวิส,스위스 선물과 옵션 시장
스칼퍼,1146,tha_Thai,ผู้เก็งกำไรระยะสั้น,단기 수익 투자자
스톡옵션,898,tha_Thai,ตัวเลือกการแบ่งปัน,공유 옵션
스트래들,899,tha_Thai,สแตรดเดิล,스트래들
스트랩,1147,tha_Thai,สาย,라인
스트립,1148,tha_Thai,แถบ,이봐요
스페셜리스트,479,tha_Thai,ผู้เชี่ยวชาญ,전문가입니다.
스폿펀드,900,tha_Thai,กองทุนสปอต,스팟 펀드
스프레드,901,tha_Thai,การกระจาย,배포
스프레드거래,480,tha_Thai,การเดิมพันแบบสเปรด,스프레드 베팅
스프레드운용,481,tha_Thai,การจัดการการกระจาย,배포 관리
스프리트,902,tha_Thai,จิตวิญญาณ,영혼.
시가발행제도,482,tha_Thai,โครงการออกพันธบัตรเทศบาล,시립 채권 사업
시가총액,903,tha_Thai,มูลค่าตลาด,시장 가치
시가총액식 주가지수,153,tha_Thai,ดัชนีหุ้นที่ปรับตามมูลค่าตลาด,시장 가치에 맞게 조정된 주식 지표
시간외 종가매매,252,tha_Thai,การซื้อขายตามราคาปิดหลังเวลาทำการ,영업시간이 지나면 거래가 종료됩니다.
시간우선의 원칙,253,tha_Thai,หลักการของลำดับความสำคัญตามเวลา,시간적 우선 순위의 원칙
시스템위험,653,tha_Thai,ความเสี่ยงระบบ,시스템적 위험
시장분할이론,483,tha_Thai,ทฤษฎีการแบ่งส่วนตลาด,시장 점유율 이론
시장위험,904,tha_Thai,ความเสี่ยงทางตลาด,시장의 위험성
시장주문,905,tha_Thai,คำสั่งซื้อขายตามราคาตลาด,시장 가격에 매각 주문
시장타이밍수입,340,tha_Thai,รายได้จากกลยุทธ์จับจังหวะตลาด,시장의 리듬을 잡는 전략의 수익
시장포트폴리오,341,tha_Thai,พอร์ตโฟลิโอตลาด,시장 포트폴리오
시차유동성위험,342,tha_Thai,ความเสี่ยงด้านสภาพคล่องแบบล่าช้า,지연된 상태의 위험이 있습니다.
신규상장,906,tha_Thai,ประกาศใหม่,새로운 발표
신디케이트,654,tha_Thai,ซินดิเคท,신디케이트
신용거래,907,tha_Thai,การซื้อขายด้วยมาร์จิ้น,마진 거래
신용위험,908,tha_Thai,ความเสี่ยงด้านเครดิต,신용위험
신용평가기관,484,tha_Thai,บริษัทจัดอันดับเครดิต,신용등급 업체는
신주인수권,655,tha_Thai,สิทธิในการจองซื้อหุ้น,주식권
신주인수권부사채,254,tha_Thai,พันธบัตรที่มีสิทธิซื้อหุ้น,주식권 증권
신주인수권증권,343,tha_Thai,หมายจับ,체포영장
신주인수권증서,344,tha_Thai,หมายจับ,체포영장
신탁,1280,tha_Thai,ความเชื่อมั่น,믿음
신탁계정,909,tha_Thai,บัญชีรับฝาก,보증금
신탁법,1149,tha_Thai,พระราชบัญญัติความไว้วางใจ,신뢰의 법령
신탁보수,910,tha_Thai,ค่าธรรมเนียมการจัดการกองทุน,펀드 관리 요금
신탁자,1150,tha_Thai,ผู้มอบหมาย,대리인
신탁재산,911,tha_Thai,ทรัพย์สินที่ไว้วางใจ,신탁 재산을
신탁재산표시 말소,191,tha_Thai,การยกเลิกการกำหนดทรัพย์สินในความไว้วางใจ,신탁에 있는 재산을 폐지합니다.
신탁회사,912,tha_Thai,บริษัททรัสต์,트러스트 회사
실권주,1151,tha_Thai,หุ้นไม่มีสิทธิลงเสียง,주식은 투표권이 없습니다.
실기주,1152,tha_Thai,หุ้นสามัญ,주식
실기주과실,656,tha_Thai,การละเลยในการปฏิบัติหน้าที่,직무에 대한 부주의
실물거래,913,tha_Thai,การซื้อขายแบบกายภาพ,물리적인 거래입니다.
실물결제,914,tha_Thai,จ่ายเมื่อรับสินค้า,물품 받을 때 지불합니다.
실시간 총액(량)결제시스템,53,tha_Thai,ระบบการชำระยอดรวม (ปริมาณ) แบบเรียลไทม์,실시간 결제 시스템입니다.
실적배당신탁,485,tha_Thai,กองทุนปันผลตามผลการดำเนินงาน,이 기금은 운영 결과에 따라 배분됩니다.
실질이자율,657,tha_Thai,อัตราดอกเบี้ยจริง,이자율은
실질주주 권리배정 명세표,61,tha_Thai,คำชี้แจงเกี่ยวกับการจัดสรรสิทธิให้แก่ผู้ถือหุ้นที่มีสิทธิประโยชน์,유리한 주주들에 대한 배당에 대한 지침
실질주주,915,tha_Thai,ผู้ถือประโยชน์จริง,진정한 수혜자
실질주주증명서제도,192,tha_Thai,โครงการรับรองผู้ถือกรรมสิทธิ์จริง,진짜 저작권자 인증 프로그램입니다.
실현수익률,658,tha_Thai,อัตราผลตอบแทนที่แท้จริง,진정한 수익률
실효이자율,659,tha_Thai,อัตราดอกเบี้ยจริง,이자율은
쌍방연계방식,486,tha_Thai,วิธีเชื่อมโยงสองทาง,두 가지 연결 방식입니다.
써클결제,916,tha_Thai,Circle Payments,Circle Payments
아리랑본드,660,tha_Thai,พันธบัตรอาริรัง,그라운드
아시아·태평양 중앙예탁기관협의회,28,tha_Thai,สภาศูนย์รับฝากหลักทรัพย์ภูมิภาคเอเชีย-แปซิฟิก,아시아·태평양 지역 증권거래센터
아시안달러본드,345,tha_Thai,พันธบัตรดอลลาร์เอเชีย,아시아 달러 증권
액면가,1153,tha_Thai,มูลค่าหน้าตั๋ว,티켓 표가
액면발행,917,tha_Thai,ออกหุ้นตามราคาหน้า,앞으로의 가격에 매입하세요
액면분할,918,tha_Thai,การแบ่งหุ้น,주식분할
양도담보,919,tha_Thai,ความปลอดภัยผ่านทางการมอบหมาย,위탁을 통해 보안
양도성예금증서,346,tha_Thai,ใบฝากเงินที่มีเงื่อนไขการถอนได้,환불이 가능한 보증금
양키달러시장,487,tha_Thai,ตลาดดอลลาร์ยังกี,달러 시장은 여전히
양키본드,920,tha_Thai,พันธบัตรแยงกี้,양키 채권
어카운트 결제,347,tha_Thai,การชำระเงินบัญชี,청구서 결제
언더라이터,661,tha_Thai,ผู้รับประกัน,보증자
역금리,1154,tha_Thai,อัตราดอกเบี้ยผกผัน,이산화탄소
역레포,1155,tha_Thai,รีเวอร์ส รีโป,리버스 리포
역분식결산,662,tha_Thai,การบัญชีแบบย้อนหลัง,회계
역외금융,921,tha_Thai,การเงินนอกชายฝั่ง,해외 금융
역외시장,922,tha_Thai,ตลาดนอกชายฝั่ง,해안에서 물고기를 잡습니다.
역외자금,923,tha_Thai,กองทุนนอกประเทศ,해외 자금
역외펀드,924,tha_Thai,กองทุนนอกประเทศ,해외 자금
연기금,1156,tha_Thai,กองทุนบำนาญ,퇴직금
연방준비은행,488,tha_Thai,ธนาคารกลางสหรัฐ,미국 중앙은행
연방준비제도,489,tha_Thai,ระบบธนาคารกลางสหรัฐฯ,미국 중앙은행
연속결제,925,tha_Thai,การชำระเงินแบบประจำ,정규 결제
연속차감결제,490,tha_Thai,การหักบัญชีอัตโนมัติแบบประจำ,일반적인 자동 해킹입니다.
연쇄거래,926,tha_Thai,ธุรกรรมแบบโซ่,체인 사업입니다.
영구사채,927,tha_Thai,พันธบัตรไม่มีวันครบกำหนด,계약서는 만료되지 않습니다.
영시조항,928,tha_Thai,ข้อกำหนดเกี่ยวกับภาษาอังกฤษ,영어에 대한 규정입니다.
예납조치,929,tha_Thai,ข้อตกลงเกี่ยวกับการชำระเงินล่วงหน้า,전금에 대한 계약
예비증권,930,tha_Thai,หลักทรัพย์ชั่วคราว,유가증권
예탁,1281,tha_Thai,เงินฝาก,예금
예탁계좌,931,tha_Thai,บัญชีรับฝาก,보증금
예탁대상유가증권,255,tha_Thai,หลักทรัพย์ที่รับฝากได้,담보 자산입니다.
예탁자,1157,tha_Thai,ผู้ฝากเงิน,보금자
예탁자계좌부,491,tha_Thai,ทะเบียนบัญชีผู้ฝากเงิน,은행 계좌를 기록하세요.
예탁자기금,663,tha_Thai,กองทุนผู้ฝากเงิน,보금자금
예탁증명서제도,348,tha_Thai,โครงการใบรับฝากหลักทรัพย์,증권증권사업
예탁증서,932,tha_Thai,ใบรับฝากหลักทรัพย์,증권증서
옐로우칩,933,tha_Thai,Yellow Chip,황색 칩
오버나이트 repo,154,tha_Thai,รีโปข้ามคืน,밤의 리포
온라인 리얼타임 시스템,78,tha_Thai,ระบบออนไลน์แบบเรียลไทม์,실시간 온라인 시스템입니다.
온라인 증권거래,256,tha_Thai,การซื้อขายหุ้นออนไลน์,온라인 주식 거래
온라인 투자은행,257,tha_Thai,ธนาคารการลงทุนออนไลน์,온라인 투자 은행
옵션,1282,tha_Thai,ตัวเลือก,선택
옵션가격결정모형,258,tha_Thai,แบบจำลองการกำหนดราคาออปชัน,옵션 가격 모델
옵션거래,934,tha_Thai,การซื้อขายออปชัน,옵션 거래
옵션부사채,664,tha_Thai,พันธบัตรให้คำปรึกษา,상담증권
외국보관기관,492,tha_Thai,สถาบันรับฝากหลักทรัพย์ต่างประเทศ,해외 증권 기금 기관
외국시장거래,493,tha_Thai,การซื้อขายในตลาดต่างประเทศ,해외시장에서의 거래
외국인 투자등록번호,155,tha_Thai,หมายเลขทะเบียนการลงทุนจากต่างประเทศ,외국 투자 등록번호
외국채,1158,tha_Thai,พันธบัตรต่างประเทศ,해외 채권
외국환거래법,494,tha_Thai,พระราชบัญญัติการซื้อขายเงินตราต่างประเทศ,외환거래법
외부금융,935,tha_Thai,แหล่งเงินทุนจากภายนอก,외부에서 자금을 조달합니다.
외수펀드,936,tha_Thai,กองทุนลงทุนต่างประเทศ,외환투자기금
외평채,1159,tha_Thai,พันธบัตรเพื่อรักษาเสถียรภาพอัตราแลกเปลี่ยน,환율을 유지하기 위한 채권입니다.
외화증권,937,tha_Thai,หลักทรัพย์ต่างประเทศ,외환 증권
외화차입 담보관리제,156,tha_Thai,ระบบบริหารจัดการหลักประกันการกู้เงินสกุลเงินต่างประเทศ,외환채권보험 관리 시스템
외환시장,938,tha_Thai,ตลาดเงินตราต่างประเทศ,외환시장
우량주,1160,tha_Thai,หุ้นบลูชิป,블루칩 주식
우리사주조합,495,tha_Thai,โครงการให้พนักงานถือหุ้น,직원들의 주주제도는
우선주,1161,tha_Thai,หุ้นสิทธิพิเศษ,특권 주식
운영위험,939,tha_Thai,ความเสี่ยงในการดำเนินงาน,운영의 위험성
운영위험,940,tha_Thai,ความเสี่ยงในการดำเนินงาน,운영의 위험성
워크아웃,941,tha_Thai,การออกกำลังกาย,운동
원본위험,942,tha_Thai,ความเสี่ยงของฉบับต้นฉบับ,오리지널 버전의 위험
원천과세,943,tha_Thai,ภาษีหัก ณ ที่จ่าย,세금을 지불해야 합니다.
원천징수,944,tha_Thai,ระบบหักภาษี ณ ที่จ่าย,세금 감면제도
원화표시채권,496,tha_Thai,พันธบัตรที่ระบุมูลค่าเป็นวอนเกาหลี,이 증권은 한국 원입니다.
웹거래시스템,497,tha_Thai,ระบบซื้อขายออนไลน์,온라인 쇼핑 시스템
위약손해배상공동기금,157,tha_Thai,กองทุนร่วมเพื่อชดเชยกรณีละเมิดสัญญา,계약 위반에 대한 배상금
위임장,1162,tha_Thai,หนังสือมอบอำนาจ,이 책은 우리에게 힘을 줍니다.
위임장경쟁,665,tha_Thai,การต่อสู้เพื่อควบคุมบริษัท,기업을 통제하기 위한 싸움
위탁매매,945,tha_Thai,การซื้อขายตามดุลยพินิจ,두루마리 거래
위탁수수료,666,tha_Thai,ค่าคอมมิชชัน,수수료
위탁자,1163,tha_Thai,ผู้อำนวยการ,이사장님
위탁자청산서비스,259,tha_Thai,บริการชำระบัญชีโดยผู้รับมอบหมาย,대리인의 결제 서비스
위탁증거금,667,tha_Thai,เงินฝากหลักประกัน,보험금
위탁회사,946,tha_Thai,บริษัทรับจ้าง,고용 회사
위험프리미엄,498,tha_Thai,ค่าพรีเมียมความเสี่ยง,리스크 프리미엄
유가증권 현송,349,tha_Thai,การโอนหลักทรัพย์,자금 이전
유가증권,947,tha_Thai,หลักทรัพย์,증권
유가증권신고서,350,tha_Thai,หนังสือชี้ชวน,안내서
유동성,1164,tha_Thai,สภาพคล่อง,위기상황
유동성위험,668,tha_Thai,ความเสี่ยงด้านสภาพคล่อง,그 위험은
유동화 중개기관,260,tha_Thai,ผู้กลางในการแปลงสินทรัพย์เป็นหลักทรัพย์,자산을 증권으로 전환하는 중개인
유럽중앙예탁기관협의회,112,tha_Thai,สมาคมศูนย์รับฝากหลักทรัพย์กลางยุโรป,유럽 중앙 증권거래소 협회
유럽중앙은행,499,tha_Thai,ธนาคารกลางยุโรป,유럽 중앙은행
유럽통화단위,500,tha_Thai,หน่วยเงินยุโรป,유럽 통화
유럽통화제도,501,tha_Thai,ระบบการเงินยุโรป,유럽 금융 시스템
유럽형 옵션,502,tha_Thai,ตัวเลือกแบบยุโรป,유럽식 선택이죠.
유로,1283,tha_Thai,ยูโร,유로
유로달러,948,tha_Thai,ยูโรดอลลาร์,유로 달러
유로머니,949,tha_Thai,Euromoney,유로 머니
유로본드,950,tha_Thai,ยูโรบอนด์,유로 채권
유로시장,951,tha_Thai,ตลาดยูโร,유로 시장
유로통화,952,tha_Thai,ยูโร,유로
유보율,1165,tha_Thai,อัตราการรักษาลูกค้า,고객 회수율
유상증자,953,tha_Thai,การเพิ่มทุนจดทะเบียน,등록 자본 증가
유지증거금,669,tha_Thai,ส่วนเผื่อการบำรุงรักษา,치료에 의존하는 경우
유지청구권,670,tha_Thai,สิทธิในการเรียกร้องค่าเลี้ยงดู,양육비를 청구할 권리가 있습니다.
유치권,1166,tha_Thai,สิทธิยึดหน่วง,영유권
유통시장,954,tha_Thai,ตลาดค้าปลีก,소매시장
유통DR,955,tha_Thai,การแจกจ่าย DR,DR 분배
의결권 대리인,351,tha_Thai,ผู้ถือสิทธิ์แทน,권리자 대신
의결권 불통일행사,193,tha_Thai,การใช้สิทธิลงคะแนนเสียงแบบไม่รวมเป็นหนึ่งเดียว,통일되지 않은 투표권을 행사합니다.
의결권,1167,tha_Thai,สิทธิในการลงคะแนน,투표권
의결권대리행사 권유,158,tha_Thai,การเชิญชวนให้มอบสิทธิ์ลงคะแนนผ่านผู้แทน,대리인을 통해 투표권을 부여하는 초대
의결권대리행사 권유,159,tha_Thai,การเชิญชวนให้มอบสิทธิ์ลงคะแนนผ่านผู้แทน,대리인을 통해 투표권을 부여하는 초대
의결권신탁,671,tha_Thai,มูลนิธิสิทธิการลงคะแนน,투표권 재단
의결권주,956,tha_Thai,หุ้นที่มีสิทธิลงเสียง,투표할 수 있는 주식
의결권행사의 제한,194,tha_Thai,ข้อจำกัดในการใช้สิทธิลงเสียง,투표권 제한
의제배당,957,tha_Thai,การแจกจ่ายระเบียบวาระการประชุม,회의를 진행할 예정입니다.
의제예탁,958,tha_Thai,การยื่นวาระการประชุม,회의 연기
이머징 마켓,503,tha_Thai,ตลาดเกิดใหม่,새로운 시장이 탄생했습니다.
이익배당,959,tha_Thai,การแจกจ่ายกำไร,이윤 분배
이익잉여금,672,tha_Thai,กำไรที่เก็บไว้,이윤은 저축됩니다.
이익잉여금처분계산서,160,tha_Thai,รายงานการจัดสรรกำไรที่เก็บไว้,이윤 분배 보고서를 보관합니다.
이익준비금,673,tha_Thai,ทุนสำรองกำไร,이윤보조자금
이익참가부사채,352,tha_Thai,พันธบัตรชั้นรองที่มีส่วนร่วม,부채는 주식입니다.
이자 계산일수,353,tha_Thai,จำนวนวันที่ใช้ในการคำนวณดอกเบี้ย,이율을 계산하는 데 걸리는 날 수
이자락,1168,tha_Thai,อิซารัก,이즈라크
이자소득,960,tha_Thai,รายได้จากดอกเบี้ย,이산화탄소
이자율위험,674,tha_Thai,ความเสี่ยงจากอัตราดอกเบี้ย,이자율의 위험성
이중과세,961,tha_Thai,การเก็บภาษีซ้ำซ้อน,반복적인 세금
이중청약,962,tha_Thai,การใช้งานสองทาง,두 가지 용도입니다.
이표채,1169,tha_Thai,ลี พโย-เช,리 피오-쉐
이행보증기관,504,tha_Thai,ผู้ให้บริการรับประกันประสิทธิภาพ,성능보증사업자
익일자금결제,505,tha_Thai,การชำระบัญชีในวันถัดไป,다음 날 청구서
인덱세이션,675,tha_Thai,การปรับดัชนี,더치니 수정
인덱스펀드,676,tha_Thai,กองทุนดัชนี,듀치니 기구
인덴추어,963,tha_Thai,สัญญา,약속해
인도형 repo,261,tha_Thai,การขายคืนแบบอินเดีย,인도식 재매매
인수,1284,tha_Thai,การเข้าซื้อกิจการ,인수합병
인수단,1170,tha_Thai,ทีมการเข้าซื้อกิจการ,인수팀이 움직이고 있습니다.
인터넷 인수업자,262,tha_Thai,ผู้จำหน่ายต่อทางออนไลน์,온라인 판매자
인터페이스,677,tha_Thai,อินเทอร์เฟซ,인터페이스
인트라넷,964,tha_Thai,อินทราเน็ต,인터넷
일괄등록,965,tha_Thai,การลงทะเบียนแบบกลุ่ม,그룹 등록
일괄예탁,966,tha_Thai,ศูนย์เก็บรักษาแบบรวม,복합 저장소
일괄처리방식,506,tha_Thai,วิธีการประมวลผลแบบกลุ่ม,집단 처리 방식입니다.
일반균형이론,507,tha_Thai,ทฤษฎีสมดุลทั่วไป,공평성 이론
일반담보물,678,tha_Thai,หลักประกันทั่วไป,일반 보험
일반사무수탁회사,263,tha_Thai,ผู้ให้บริการด้านบริหารจัดการทั่วไป,일반 관리 서비스 제공자
일방매매확인,508,tha_Thai,การยืนยันธุรกรรมแบบฝ่ายเดียว,일방적인 거래 확인
일방연계방식,509,tha_Thai,วิธีการเชื่อมโยงแบบทิศทางเดียว,단방향 연결 방식입니다.
일본증권결제회사,264,tha_Thai,บริษัทเคลียร์ริ่งหลักทรัพย์ญี่ปุ่น,일본 증권 청산 회사
일본증권보관대체기구,161,tha_Thai,ศูนย์รับฝากหลักทรัพย์กลางของญี่ปุ่น,일본 중앙 증권거래소
일일정산,967,tha_Thai,การปรับยอดรายวัน,매일 업그레이드
일일차감,968,tha_Thai,การหักเงินรายวัน,매일 돈을 벌고
일임매매,969,tha_Thai,การซื้อขายตามดุลยพินิจ,두루마리 거래
일중대월,970,tha_Thai,หนึ่งวัน หนึ่งเดือน หนึ่งปี,"하루, 한 달, 한 해"
임시주주총회,510,tha_Thai,การประชุมผู้ถือหุ้นวิสามัญ,주주총회
임의준비금,679,tha_Thai,ทุนสำรองตามดุลยพินิจ,부양자금은 두 배로 계산됩니다.
임치,1285,tha_Thai,เงินฝาก,예금
임퓨테이션,680,tha_Thai,การประมาณค่า,가치 추산
잉여금,1171,tha_Thai,เงินเหลือ,남은 돈이야
자기매매,971,tha_Thai,การซื้อขายเพื่อตนเอง,자기 자신을 위한 쇼핑
자동계좌이체,511,tha_Thai,การหักบัญชีอัตโนมัติ,자동 해킹
자동교환결제제도,265,tha_Thai,ระบบหักบัญชีอัตโนมัติ,자동 회계 시스템
자동명의개서제도,266,tha_Thai,โครงการโอนกรรมสิทธิ์อัตโนมัติ,자동 저작권 이전 프로젝트
자동호가전달시스템,195,tha_Thai,ระบบส่งที่อยู่อัตโนมัติ,자동 위치 전송 시스템
자본금,1172,tha_Thai,ทุนหุ้น,주식
자본시장,972,tha_Thai,ตลาดทุน,자본시장
자본시장선,681,tha_Thai,ฝ่ายตลาดทุน,자본시장
자본이득,973,tha_Thai,กำไรจากทุน,투자 수익
자본이익계획,512,tha_Thai,แผนกำไรจากทุน,투자 수익 계획
자본잉여금,682,tha_Thai,ส่วนเกินทุน,초과자본
자본자산가격결정모형,162,tha_Thai,โมเดลการกำหนดราคาสินทรัพย์ทุน (CAPM),자본 자산가치 모델 (CAPM)
자본준비금,683,tha_Thai,ทุนสำรอง,예비 자금
자사주 취득,513,tha_Thai,การซื้อหุ้นของบริษัทเอง,회사 주식을 직접 구매하는 겁니다.
자산담보부증권,354,tha_Thai,หลักทรัพย์ที่มีสินทรัพย์เป็นหลักประกัน,자금이 담보가 되는 자산입니다.
자산운용회사,514,tha_Thai,บริษัทจัดการสินทรัพย์,자산 관리 회사
자산의 유동화,355,tha_Thai,การแปลงสินทรัพย์เป็นหลักทรัพย์,자산을 증권으로 전환합니다.
자산재평가,684,tha_Thai,การประเมินมูลค่าสินทรัพย์ใหม่,새로운 자산 평가
자산주,1173,tha_Thai,หุ้นที่มีสินทรัพย์เป็นหลักประกัน,자산을 담보로 하는 주식
자율규제기관,515,tha_Thai,องค์กรกำกับดูแลตนเอง,조직은 스스로 관리합니다.
자전거래,974,tha_Thai,การซื้อขายแบบวงกลม,순환적인 거래입니다.
잔액인수,975,tha_Thai,การโอนยอดคงเหลือ,이송은 계속될 겁니다.
잔존가액,976,tha_Thai,มูลค่าคงเหลือ,가치는 남아있죠.
잠정이체,977,tha_Thai,การโอนชั่วคราว,임시로 옮겼어
장기채,1174,tha_Thai,พันธบัตรระยะยาว,장기채권
장내결제,978,tha_Thai,การชำระเงินที่ร้าน,가게에서 지불
장외거래,979,tha_Thai,การซื้อขายนอกตลาด,시장에서 구매하는 것
장외결제,980,tha_Thai,การชำระบัญชีแบบไม่ผ่านตลาด,비시장 결제
장외시장,981,tha_Thai,ตลาดซื้อขายนอกตลาดหลักทรัพย์,주식 시장에서 거래
재담보,1175,tha_Thai,มาตรการรักษาความปลอดภัยเพิ่มเติม,추가적인 보안 조치
재발행,1176,tha_Thai,พิมพ์ใหม่,다시 발간
재정가격결정이론,267,tha_Thai,ทฤษฎีการกำหนดราคาทางการเงิน,금융 가격 결정 이론
재투자수익률,516,tha_Thai,อัตราผลตอบแทนจากการลงทุนซ้ำ,재투자 수익률은
재투자수익률,517,tha_Thai,อัตราผลตอบแทนจากการลงทุนซ้ำ,재투자 수익률은
재투자위험,685,tha_Thai,ความเสี่ยงจากการลงทุนซ้ำ,재투자의 위험성
저당권,1177,tha_Thai,สินเชื่อบ้าน,집을 믿어요
저당대출담보부채권,196,tha_Thai,หลักทรัพย์ที่ได้รับการค้ำประกันด้วยสินเชื่อที่อยู่อาศัย,주택담보증권에 담긴 자산입니다.
저당대출원리금이체채권,113,tha_Thai,หนี้รับจากการโอนเงินต้นและดอกเบี้ยของสินเชื่อที่อยู่อาศัย,대출금과 주택담보대출금
적격증권,982,tha_Thai,หลักทรัพย์ที่ตรงตามเงื่อนไข,조건에 맞는 자산입니다.
전량결제,983,tha_Thai,ชำระเต็มจำนวน,세탁실이 꽉 차 있어요
전미증권업협회,356,tha_Thai,สมาคมผู้ค้าหลักทรัพย์แห่งชาติ,국가 증권 거래자 협회
전업주의,984,tha_Thai,งานเต็มเวลา,풀타임
전자공시제도,518,tha_Thai,ระบบเปิดเผยข้อมูลทางอิเล็กทรอนิกส์,전자적으로 공개된 시스템입니다.
전자매매확인,519,tha_Thai,การยืนยันธุรกรรมทางอิเล็กทรอนิกส์,전자 거래 확인
전자자금이체제도,268,tha_Thai,ระบบโอนเงินทางอิเล็กทรอนิกส์,전자 송금 시스템
전자증권,985,tha_Thai,หลักทรัพย์อิเล็กทรอนิกส์,전자적 자산
전환사채,986,tha_Thai,พันธบัตรแปลงสภาพ,이 증권은 상황을 변화시킵니다.
전환신주이자,520,tha_Thai,หุ้นแปลงสภาพได้ และ,"주식을 바꿀 수 있고,"
전환주식,987,tha_Thai,หุ้นแปลงสภาพ,주식환경
전환청구권,686,tha_Thai,สิทธิในการแปลงสภาพ,상황을 바꿀 권리가 있습니다.
점두매매,988,tha_Thai,การซื้อขายนอกตลาด,시장에서 구매하는 것
점유,1286,tha_Thai,การครอบครอง,점령
점유개정형 repo,163,tha_Thai,การขายคืนพร้อมการเปลี่ยนเจ้าของ,소유자가 바뀌면서 다시 팔립니다.
정시상환,989,tha_Thai,การชำระหนี้ตามกำหนด,정해진 기간에 납부
정크본드,990,tha_Thai,พันธบัตรเสี่ยงสูง,고위험 증권입니다.
제3시장,991,tha_Thai,ตลาดที่สาม,제3시장
제4시장,992,tha_Thai,ตลาดหมายเลข 4,마켓 4번
제권판결,993,tha_Thai,คำพิพากษาในคดีนี้,이 사건의 판결은
제로베타 포트폴리오,164,tha_Thai,พอร์ตโฟลิโอ ZeroBeta,제로베타 포트폴리오
제로쿠폰채,687,tha_Thai,พันธบัตรไม่มีคูปอง,증권은 쿠폰이 없습니다.
조건부보관계좌,357,tha_Thai,บัญชีการเก็บรักษาตามเงื่อนไข,조건부 보관 계좌
종업원지주제도,358,tha_Thai,โครงการให้พนักงานถือหุ้น,직원들의 주주제도는
종합주가지수,521,tha_Thai,ดัชนีราคาหุ้นรวม,전체 주식 가격 지표
주가수익비율,522,tha_Thai,อัตราส่วนราคาต่อกำไร,가격/이익 비율
주가이동평균선,359,tha_Thai,ค่าเฉลี่ยเคลื่อนที่ของราคาหุ้น,주식 가격의 이동 평균입니다.
주가지수,994,tha_Thai,ดัชนีตลาดหุ้น,주식 지표
주가지수선물거래,269,tha_Thai,การซื้อขายสัญญาซื้อขายล่วงหน้าดัชนีหุ้น,주식 시장에 대한 거래
주가평균,995,tha_Thai,ราคาหุ้นเฉลี่ย,평균 주가입니다.
주간사회사,688,tha_Thai,ประวัติศาสตร์สังคมรายสัปดาห์,주간 사회 역사
주권,1287,tha_Thai,อธิปไตย,아티피아
주권계속예탁제도,270,tha_Thai,ระบบเก็บรักษาใบหุ้นแบบต่อเนื่อง,주식증권 보관시스템
주권기번호,689,tha_Thai,หมายเลขใบรับรองอธิปไตย,인증 번호가 필요해요
주권불소지,690,tha_Thai,การขาดอำนาจอธิปไตย,독재의 부족
주권수령증,691,tha_Thai,ใบรับรองการรับหุ้น,주식 인수증서
주당 순자산가치,271,tha_Thai,มูลค่าสินทรัพย์สุทธิต่อหุ้น,주식당 자산가치
주당순이익,692,tha_Thai,กำไรต่อหุ้น,주식 수익
주당순자산비율,360,tha_Thai,อัตราส่วนราคาต่อมูลค่าบัญชี,가격대회계액의 비율
주식매수청구권,361,tha_Thai,สิทธิในการเรียกร้องให้ซื้อหุ้น,주식을 요구할 권리가 있습니다.
주식발행차액,523,tha_Thai,ส่วนเกินจากราคาหุ้น,주식 가격 부가가치입니다.
주식배당,996,tha_Thai,แบ่งปันเงินปันผล,이산화탄소 분배
주식배당예고제,362,tha_Thai,ระบบแจ้งล่วงหน้าเกี่ยวกับเงินปันผลหุ้น,주식 거래에 대한 예측 시스템입니다.
주식병합,997,tha_Thai,การรวมหุ้น,주식 합병
주식분할,998,tha_Thai,การแบ่งหุ้น,주식분할
주식소각,999,tha_Thai,การยกเลิกหุ้น,주식 폐지
주식스왑,1000,tha_Thai,การแลกเปลี่ยนหุ้น,주식 거래
주식의 공유,524,tha_Thai,การแบ่งปันหุ้น,주식 공유
주식청약,1001,tha_Thai,สมัครรับข่าวสาร,뉴스에 가입하세요.
주식형투자신탁,363,tha_Thai,กองทุนลงทุนในหุ้น,펀드는 주식에 투자합니다.
주주,1288,tha_Thai,ผู้ถือหุ้น,주주
주주권,1178,tha_Thai,สิทธิของผู้ถือหุ้น,주주들의 권리
주주명부,1002,tha_Thai,ทะเบียนผู้ถือหุ้น,주주 목록
주주명부폐쇄,525,tha_Thai,การปิดทะเบียนผู้ถือหุ้น,주주 등록을 폐쇄
주주명부폐쇄기간,272,tha_Thai,ช่วงเวลาปิดการจดทะเบียนหุ้น,상장 마감 시점
주주명부폐쇄기준일,197,tha_Thai,วันที่บันทึกในทะเบียนหุ้น,주식회사에 등록된 날짜
주주제안제도,526,tha_Thai,โครงการข้อเสนอจากผู้ถือหุ้น,주주들의 제안서
주주총회 참석장,273,tha_Thai,ประกาศการเข้าร่วมประชุมสามัญประจำปี,연례총회에 참석한다고 선언합니다.
주주총회,1003,tha_Thai,การประชุมสามัญประจำปี,연례총회
주주평등의 원칙,274,tha_Thai,หลักการความเท่าเทียมของผู้ถือหุ้น,주주 평등의 원칙
준공유,1179,tha_Thai,กึ่งสาธารณะ,반 공개
준비금의 자본전입,198,tha_Thai,การโอนเงินสำรองเข้าทุน,자금을 투자합니다.
준점유,1180,tha_Thai,การถือครองแบบกึ่ง,반 점유
준회원,1181,tha_Thai,สมาชิกสมทบ,가족 구성원
중·동유럽 중앙예탁기관협의회,41,tha_Thai,สภาศูนย์รับฝากหลักทรัพย์ยุโรปกลางและยุโรปตะวันออก,중앙 유럽과 동유럽의 증권거래센터
중간배당,1004,tha_Thai,เงินปันผลระหว่างปี,연간 수익
중개회사,1005,tha_Thai,บริษัทอสังหาริมทรัพย์,부동산 회사
증거금,1182,tha_Thai,เงินฝาก,예금
증거증권,1006,tha_Thai,ใบรับรองสิทธิในทรัพย์สิน,소유권 증명서
증권·대금 동시결제,165,tha_Thai,การชำระบัญชีหลักทรัพย์และเงินพร้อมกัน,자본과 화폐를 동시에 지불합니다.
증권거래법,693,tha_Thai,พระราชบัญญัติหลักทรัพย์และตลาดหลักทรัพย์,증권 및 증권시장 법령
증권거래세,694,tha_Thai,ภาษีการซื้อขายหลักทรัพย์,주식세입니다.
증권거래준비금,364,tha_Thai,ทุนสำรองสำหรับการซื้อขายหลักทรัพย์,주식 거래에 필요한 예비 자금
증권공동 온라인시스템,114,tha_Thai,ระบบหลักทรัพย์ออนไลน์ร่วม,온라인 공유자본 시스템
증권금융,1007,tha_Thai,การเงินหลักทรัพย์,자본금입니다.
증권담보금융,527,tha_Thai,การจัดหาเงินทุนที่มีหลักทรัพย์ค้ำประกัน,자금 조달은
증권대위,1008,tha_Thai,การรับสิทธิแทนในหลักทรัพย์,자금에 대한 대리권
증권대차제도,528,tha_Thai,โครงการให้กู้และยืมหลักทรัพย์,자금 대출 프로그램
증권대행업무,529,tha_Thai,บริการของสำนักงานหลักทรัพย์,미국 증권사 서비스
증권분석사,695,tha_Thai,นักวิเคราะห์หลักทรัพย์,금융분석가
증권선물위원회,365,tha_Thai,คณะกรรมการกำกับดูแลหลักทรัพย์และสัญญาซื้อขายล่วงหน้า,이 위원회는 증권거래협약에 관한 위원회입니다.
증권시장,1009,tha_Thai,ตลาดหุ้น,주식 시장
증권시장선,696,tha_Thai,ในตลาดหุ้น,주식 시장에서
증권예탁원,697,tha_Thai,ศูนย์รับฝากหลักทรัพย์เกาหลี,한국 증권거래소
증권용지 관리번호,199,tha_Thai,หมายเลขการจัดการเอกสารหลักทรัพย์,증권 거래소 번호
증권유통금융,530,tha_Thai,การจำหน่ายหลักทรัพย์และการเงิน,자본과 금융의 유통
증권인수금융,531,tha_Thai,การเงินในการรับประกันการออกหลักทรัพย์,자금보험에 대한 자금
증권자본주의,532,tha_Thai,ระบบทุนนิยมหลักทรัพย์,자본주의
증권투자신탁,533,tha_Thai,กองทุนลงทุนในหลักทรัพย์,이 자금은 주식 투자입니다.
증권특성선,698,tha_Thai,บรรทัดลักษณะของหลักทรัพย์,자금의 특성
증권화 현상,534,tha_Thai,การแปลงสินทรัพย์เป็นหลักทรัพย์,자산을 증권으로 전환합니다.
증권회사 역외펀드,200,tha_Thai,กองทุนนอกประเทศที่บริหารจัดการโดยบริษัทหลักทรัพย์,투자 회사에서 관리하는 해외 자금입니다.
증자,1289,tha_Thai,การเพิ่มทุน,자금 증대
지방채,1183,tha_Thai,พันธบัตรของรัฐบาลท้องถิ่น,지방 정부 증권
지배주주,1010,tha_Thai,ผู้ถือหุ้นหลัก,주요 주주
지분권,1184,tha_Thai,ส่วนได้ส่วนเสียในทุน,자본의 손익분기입니다.
지분법,1185,tha_Thai,วิธีส่วนทุน,어떻게 투자할까요?
지수법,1186,tha_Thai,วิธีเลขชี้กำลัง,어떻게 숫자가 지표가 되고
지시증권,1011,tha_Thai,หลักทรัพย์แบบผู้ถือ,소지자 자산입니다.
지정가주문,699,tha_Thai,คำสั่งซื้อแบบจำกัด,한정된 주문
지정시점결제시스템,201,tha_Thai,ระบบการชำระเงินตามกำหนด,정해진 결제 시스템
지주회사,1012,tha_Thai,บริษัทโฮลดิ้ง,지주회사
지체보상금,700,tha_Thai,ค่าชดเชยเนื่องจากความล่าช้า,지연 보상
직상장,1187,tha_Thai,การจดทะเบียนโดยตรง,직접 등록
직접공시,1013,tha_Thai,การเปิดเผยข้อมูลโดยตรง,정보를 공개하는 것.
직접금융,1014,tha_Thai,การจัดหาเงินทุนโดยตรง,직접적인 자금 조달입니다.
직접발행,1015,tha_Thai,การออกพิมพ์ด้วยตนเอง,독자적인 출판
직접점유,1016,tha_Thai,การครอบครองโดยตรง,직접적인 소유
직접참가자,701,tha_Thai,ผู้เข้าร่วมโดยตรง,직접적인 참여자
직접청약,1017,tha_Thai,สมัครสมาชิกโดยตรง,직접 회원가입
직접투자,1018,tha_Thai,การลงทุนโดยตรง,직접 투자입니다.
질권,1290,tha_Thai,คำสัญญา,약속해
질권설정자,702,tha_Thai,ผู้ให้คำสัญญาจำนำ,유죄 판결을 내린 사람
질권자,1188,tha_Thai,ผู้รับจำนำ,대장님
집단경쟁매매,535,tha_Thai,การซื้อขายแบบบล็อก,블록 매매
집중결제,1019,tha_Thai,การชำระเงินแบบกลุ่ม,그룹 결제
집중예탁,1020,tha_Thai,การเก็บรักษาแบบรวมศูนย์,중앙 저장소
차감,1291,tha_Thai,การหักลดหย่อน,헐떡거리는
차감결제,1021,tha_Thai,การชำระเงินโดยการหักจากเงินเดือน,월급을 빼서 지불합니다.
차금결제,1022,tha_Thai,การชำระยอดคงเหลือ,예금도 남았어
차등배당,1023,tha_Thai,เงินปันผลแบบต่างกัน,다른 종류의 배당입니다.
차변 대변,703,tha_Thai,เดบิต เครดิต,"데비트, 신용"
차변이체 또는 추심시스템,62,tha_Thai,ระบบโอนเงินหรือระบบเก็บเงิน,송금 시스템이나 저장 시스템
차익거래,1024,tha_Thai,การเก็งกำไรจากความแตกต่างของราคา,가격의 차이로 수익을 창출하는 것입니다.
차입매수,1025,tha_Thai,การซื้อกิจการด้วยเงินกู้,대출을 통해 사업을 구매합니다.
차주,1292,tha_Thai,เจ้าของรถ,차 소유자
차환,1293,tha_Thai,การรีไฟแนนซ์,재금융
참가적우선주,536,tha_Thai,หุ้นบุริมสิทธิแบบมีส่วนร่วม,주식 소유권
창고증권,1026,tha_Thai,หลักทรัพย์ในคลังสินค้า,재고에 있는 증권
창립총회,1027,tha_Thai,การประชุมจัดตั้งบริษัท,창업 회의
창업비,1189,tha_Thai,ค่าใช้จ่ายเริ่มต้น,비용이 시작됩니다.
채권,1294,tha_Thai,พันธบัตร,계약서
채권가격지수,537,tha_Thai,ดัชนีราคาพันธบัตร,채권 가격 지표
채권등급평가,538,tha_Thai,การประเมินอันดับเครดิต,신용등급 평가
채권딜러제도,539,tha_Thai,โครงการผู้จำหน่ายพันธบัตร,채권사업자 프로젝트
채권면역전략,540,tha_Thai,กลยุทธ์การยกเว้นหนี้,부채 면제 전략
채권상장심사기준,275,tha_Thai,เกณฑ์การจดทะเบียนพันธบัตร,채권 등록 기준
채권상장폐지기준,276,tha_Thai,เกณฑ์การถอดถอนพันธบัตรออกจากรายชื่อ,채권 삭제 기준은 목록에서 삭제됩니다.
채권선물거래,541,tha_Thai,การซื้อขายสัญญาฟิวเจอร์สพันธบัตร,퓨저스 채권 거래
채권수익률,704,tha_Thai,อัตราผลตอบแทนพันธบัตร,채권 수익률
채권수익률의 기간구조,115,tha_Thai,โครงสร้างอัตราผลตอบแทนตามระยะเวลาของพันธบัตร,유가증권의 기간상 수익률 구조입니다.
채권수익률의 위험구조,116,tha_Thai,โครงสร้างความเสี่ยงของอัตราผลตอบแทนพันธบัตร,채권 수익률의 위험 구조입니다.
채권시가평가제,366,tha_Thai,ระบบประเมินมูลค่าตลาดสำหรับพันธบัตร,채권에 대한 시장 가치 평가 시스템
채권시장안정기금,277,tha_Thai,กองทุนรักษาเสถียรภาพตลาดพันธบัตร,채권시장안정기금
채권양도,1028,tha_Thai,การโอนสิทธิเรียกร้อง,권리 이전 요구
채권원리금상환,367,tha_Thai,การชำระคืนเงินต้นและดอกเบี้ยของพันธบัตร,유가증권에 대한 보증금과 이자금
채무불이행,705,tha_Thai,ค่าเริ่มต้น,시작값
채무불이행위험,368,tha_Thai,ความเสี่ยงในการผิดสัญญา,계약 위반의 위험
책임재산,1029,tha_Thai,สินทรัพย์ที่รับผิดชอบ,책임있는 자산
청산,1295,tha_Thai,การชำระบัญชี,청구서 지불
청산거래,1030,tha_Thai,ธุรกรรมชำระบัญชี,회계사업
청산결제시스템,369,tha_Thai,ระบบการหักบัญชีและชำระบัญชี,회계 및 결제 시스템
청산회사,1031,tha_Thai,บริษัทรับจัดการชำระบัญชี,회계회사
청산회원,1032,tha_Thai,สมาชิกในกระบวนการชำระบัญชี,결제 과정의 일원
청약증거금,706,tha_Thai,เงินมัดจำสำหรับการสมัครเช่าบ้าน,집 임대 신청에 대한 보증금
체결시점매매확인 시스템,79,tha_Thai,ระบบยืนยันการซื้อขาย ณ เวลาที่ดำเนินการ,거래가 완료되는 시점의 확인 시스템입니다.
체계적 위험,542,tha_Thai,ความเสี่ยงเชิงระบบ,시스템적 위험성
초과담보율,707,tha_Thai,อัตราส่วนหลักประกันเกิน,보험료가 너무 높습니다.
총계정원장,708,tha_Thai,หนังสือบัญชีหลัก,주요 회계 책
총액인수,1033,tha_Thai,การรับประกันแบบจ่ายครั้งเดียว,일회성 보증금입니다.
총액지급증권,543,tha_Thai,หลักทรัพย์แบบจ่ายครั้งเดียว,일회용 증권입니다.
총유,1296,tha_Thai,ทรัพย์สินร่วม,공동 재산
최소분산포트폴리오,202,tha_Thai,พอร์ตโฟลิโอที่มีความแปรปรวนต่ำสุด,가장 변동성이 낮은 포트폴리오입니다.
최소증거금,709,tha_Thai,เงินฝากขั้นต่ำ,최소한의 예금
최적규모,1034,tha_Thai,ขนาดที่เหมาะสมที่สุด,가장 적합한 크기입니다.
최적포트폴리오,370,tha_Thai,พอร์ตโฟลิโอที่เหมาะสมที่สุด,가장 적합한 포트폴리오
최종이체,1035,tha_Thai,การโอนเงินครั้งสุดท้าย,마지막 송금
추가상장,1036,tha_Thai,การจดทะเบียนรอง,제2등록
추가증거금 납부요구,166,tha_Thai,คำขอชำระเงินหลักประกันเพิ่มเติม,추가 보험금을 요구합니다.
추가증거금,710,tha_Thai,มาร์จิ้นเพิ่มเติม,더 많은 마진
추정이익,1037,tha_Thai,กำไรคาดการณ์,예측 수익
추정재무제표,544,tha_Thai,รายงานการเงินแบบจำลอง,모형 재무보고서
출입직원등록제도,278,tha_Thai,โครงการลงทะเบียนการเข้าถึงของพนักงาน,직원 접근 등록 프로그램
출자,1297,tha_Thai,การนำทุนมาลงทุน,자금을 투자합니다.
출자인수권,711,tha_Thai,สิทธิในการสมัครสมาชิก,회원을 신청할 권리가 있습니다.
출자전환,1038,tha_Thai,การแลกเปลี่ยนหนี้เป็นทุน,부채를 자본으로 교환합니다.
출자증권,1039,tha_Thai,หลักทรัพย์ประเภทหุ้น,주식증권
출자총액제한,545,tha_Thai,วงเงินลงทุนรวม,전체 투자자금
충당금,1190,tha_Thai,ข้อกำหนด,규정
충분성,1191,tha_Thai,ความเพียงพอ,충분함
카멜레온펀드,546,tha_Thai,กองทุน Chameleon,카멜레온 재단
컨트리 펀드,547,tha_Thai,กองทุนประเทศ,국가 기금
코레스은행,712,tha_Thai,ธนาคารคอร์ส,은행 코스
코리아유로펀드,371,tha_Thai,กองทุนเกาหลี-ยูโร,한국기금-유로
코리아펀드,713,tha_Thai,กองทุนเกาหลี,한국기금
코스닥 등록법인,279,tha_Thai,บริษัทที่จดทะเบียนในตลาด KOSDAQ,코스닥에 상장된 회사입니다.
코스닥 등록주식,280,tha_Thai,หุ้นที่จดทะเบียนในตลาด KOSDAQ,코스닥에 상장된 주식
코스닥,1192,tha_Thai,KOSDAQ,코스닥
콘탱고,1193,tha_Thai,คอนทังโก,콘타고
콜,1307,tha_Thai,โทร,전화해
콜레이트,1040,tha_Thai,จัดเรียง,정렬해
쿠폰부사채,714,tha_Thai,พันธบัตรชั้นรองที่มีคูปอง,쿠폰이 있는 부채권
타이거펀드,715,tha_Thai,กองทุนไทเกอร์,타이거 사령관
탈중개화현상,548,tha_Thai,ปรากฏการณ์การตัดตัวกลาง,중간에 절단 현상
텀론,1298,tha_Thai,เทอร์มลอน,테르멜론
테크노스트럭처,372,tha_Thai,โครงสร้างทางเทคโนโลยี,기술적인 구조입니다
토론토선물거래소,281,tha_Thai,ตลาดสัญญาซื้อขายล่วงหน้าโตรอนโต,토론토의 전속 거래소
토론토증권거래소,282,tha_Thai,ตลาดหลักทรัพย์โตรอนโต,토론토 증권시장
토빈의 분리정리,283,tha_Thai,ทฤษฎีบทการแยกของโทบิน,토빈의 분할성 이론
통일규격유가증권 관리현황보고서,34,tha_Thai,รายงานเกี่ยวกับสถานะการบริหารจัดการหลักทรัพย์มาตรฐาน,표준 증권 관리 관리 상태에 대한 보고서
통일규격유가증권,284,tha_Thai,หลักทรัพย์มาตรฐาน,표준 증권
통일상사법,716,tha_Thai,พระราชบัญญัติบริษัทการค้า Unification,통일 무역 회사 법령
통정매매,1041,tha_Thai,การซื้อขายแบบสมรู้ร่วมคิด,의식적인 구매를 합니다.
통합결제,1042,tha_Thai,ระบบการชำระเงินแบบบูรณาการ,완전 결제 시스템입니다.
통합결제기구협의회,203,tha_Thai,สภาองค์กรการชำระเงินแบบบูรณาการ,국제결제기구 이사회
통합계좌,1043,tha_Thai,บัญชีรวม,전체 회계
통화선물,1044,tha_Thai,สัญญาซื้อขายล่วงหน้าสกุลเงิน,화폐에 대한 사전 계약
통화선물옵션,549,tha_Thai,สัญญาซื้อขายล่วงหน้าและสัญญาออปชันสกุลเงิน,전속 계약과 화폐 옵션 계약
통화스왑,1045,tha_Thai,การแลกเปลี่ยนสกุลเงิน,화폐 교환
통화안정증권,550,tha_Thai,พันธบัตรเพื่อรักษาเสถียรภาพของค่าเงิน,금전적 가치를 유지하기 위한 채권입니다.
통화옵션,1046,tha_Thai,ตัวเลือกสกุลเงิน,화폐 옵션
통화지표,1047,tha_Thai,ตัวชี้วัดทางการเงิน,금융 지표입니다.
통화채권투자신탁수익증권,80,tha_Thai,ใบรับรองรายได้ของกองทุนลงทุนในพันธบัตรสกุลเงิน,유가증권에 투자한 기금의 수입 증명서
투자등록,1048,tha_Thai,การจดทะเบียนการลงทุน,투자 등록
투자신탁,1049,tha_Thai,กองทุนลงทุน,투자 기금
투자신탁협회,551,tha_Thai,สมาคมกองทุนลงทุน,투자 기금 협회
투자자문업,717,tha_Thai,บริการให้คำปรึกษาด้านการลงทุน,투자 자문 서비스
특별결의,1050,tha_Thai,มติพิเศษ,특별한 의견입니다.
특별담보물,718,tha_Thai,หลักประกันพิเศษ,특별보험
특별인출권,719,tha_Thai,สิทธิการถอนเงินพิเศษ,특별 환불권
특수채,1194,tha_Thai,พันธบัตรเฉพาะทาง,전용 상품권
파생금융상품,552,tha_Thai,เครื่องมือการเงินอนุพันธ์,파생 금융 도구
파생적예금,720,tha_Thai,เงินฝากแบบอนุพันธ์,파생적 예금
파생증권,1051,tha_Thai,หลักทรัพย์อนุพันธ์,파생상품
파생통화,1052,tha_Thai,สกุลเงินอนุพันธ์,파생 화폐
패리티,1195,tha_Thai,ความเท่าเทียม,평등입니다.
팩터,1299,tha_Thai,ปัจจัย,요인
퍼포먼스 펀드,373,tha_Thai,กองทุนประสิทธิภาพ,효율성 기금
펀드매니저,721,tha_Thai,ผู้จัดการกองทุน,펀드 매니저
페니스탁,1053,tha_Thai,สต็อกอวัยวะเพศชาย,성기 뇌졸중
펠드스타인이론,374,tha_Thai,ทฤษฎีของเฟลด์สไตน์,펠드슈타인의 이론
평가절하,1054,tha_Thai,การลดค่าเงิน,돈의 부가가치
폐기증권,1055,tha_Thai,หลักทรัพย์ที่ถูกยกเลิก,유출된 증권
폐쇄식 담보부사채,204,tha_Thai,พันธบัตรมีหลักประกันแบบปิด,이 증권은 안전보장이 있습니다.
폐쇄형 투자신탁,285,tha_Thai,กองทุนลงทุนแบบปิด,투자자금입니다.
포괄주의,1056,tha_Thai,วิธีการแบบบูรณาการ,완벽한 방법이죠.
포괄증자,1057,tha_Thai,การเพิ่มทุนแบบครบวงจร,전체적인 자본 증대
포뮬러 플랜,553,tha_Thai,แผนสูตร,계획.
포스트,1196,tha_Thai,โพสต์,포스트
포트폴리오 관리,286,tha_Thai,การบริหารพอร์ตโฟลิโอ,포트폴리오 관리
포트폴리오 선택,287,tha_Thai,การเลือกพอร์ตโฟลิโอ,포트폴리오 선택
포트폴리오 인슈어런스,117,tha_Thai,ประกันพอร์ตโฟลิโอ,포트폴리오 보험
폭포효과,1058,tha_Thai,ผลลูกโซ่,사슬의 결과
표면이율,1059,tha_Thai,อัตราการเคลื่อนที่บนพื้นผิว,표면 이동 속도
풀서비스 브로커,288,tha_Thai,บริษัทนายหน้าให้บริการครบวงจร,사장님 회사에서 모든 서비스를 제공합니다.
풋 옵션,1060,tha_Thai,สัญญาขาย,계약서
풋-콜 패리티,375,tha_Thai,ความสมดุลระหว่างราคาพุทและคอล,투과 콜의 균형입니다.
프로그램매매,554,tha_Thai,การซื้อขายด้วยอัลกอริทึม,알고리즘으로 거래하는 겁니다.
플라워본드,722,tha_Thai,Flowerbond,플라워본드
플로어 브로커,376,tha_Thai,ผู้กลางการซื้อขายในตลาดเปิด,오픈마켓에서 거래 중개자
필터기법,1061,tha_Thai,เทคนิคการกรอง,필터링 기술
핑크 쉬트,723,tha_Thai,Pink Sheet,핑크 시트
한국선물거래소,377,tha_Thai,ตลาดสัญญาซื้อขายล่วงหน้าเกาหลี,한국의 사전 계약 시장
한국선물협회,555,tha_Thai,สมาคมสัญญาซื้อขายล่วงหน้าเกาหลี,조선예약협회
한국예탁증서,556,tha_Thai,ใบรับฝากหลักทรัพย์เกาหลี,한국 증권증권증서
한국자금중개주식회사,167,tha_Thai,"บริษัท Korea Financial Intermediary Co., Ltd.",한국금융중개사
한국주택저당금융주식회사,81,tha_Thai,บริษัทการเงินสินเชื่อที่อยู่อาศัยเกาหลี,한국 주택담보대출 회사
한국증권금융주식회사,168,tha_Thai,บริษัทการเงินหลักทรัพย์เกาหลี,한국증권금융회사
한국증권대체결제주식회사,82,tha_Thai,"บริษัท Korea Securities Alternative Settlement Co., Ltd.",한국보증대안결정회사
한국증권업협회,378,tha_Thai,สมาคมหลักทรัพย์เกาหลี,한국증권협회
한국증권연구원,379,tha_Thai,สถาบันวิจัยหลักทรัพย์เกาหลี,한국투자증권연구원
한국증권전산주식회사,169,tha_Thai,"บริษัท Korea Securities Information Systems Co., Ltd.",한국보증정보시스템 (주)
할인발행,1062,tha_Thai,ฉบับลดราคา,할인된 버전
할인상사,1063,tha_Thai,ร้านขายปลีกราคาถูก,소매는 저렴합니다.
할인율,1197,tha_Thai,อัตราส่วนลด,감소율
할인채,1198,tha_Thai,พันธบัตรลดราคา,할인증권
합병교부금,724,tha_Thai,เงินสนับสนุนการควบรวมกิจการ,합병금을 지원합니다.
합병기일,1064,tha_Thai,วันที่รวมกิจการ,합병일
합병비율,1065,tha_Thai,อัตราส่วนการควบรวม,합률입니다.
합병차익,1066,tha_Thai,กำไรจากการควบรวมกิจการ,합병의 이익
합산주주,1067,tha_Thai,ผู้ถือหุ้นรวม,총주주
합유,1300,tha_Thai,ผสม,섞어
핫머니,1199,tha_Thai,เงินร้อน,뜨거운 돈
항상성장모형,557,tha_Thai,แบบจำลองการเติบโตอย่างต่อเนื่อง,지속적인 성장 모델입니다.
해외증권 관련주식,205,tha_Thai,หุ้นที่เกี่ยวข้องกับหลักทรัพย์ต่างประเทศ,외환 유가증권 관련 주식
해외증권,1068,tha_Thai,หลักทรัพย์ต่างประเทศ,외환 증권
헤지펀드,1069,tha_Thai,กองทุนเฮดจ์,헤지펀드
헤징,1301,tha_Thai,การป้องกันความเสี่ยง,위험 예방
현금관리계좌,558,tha_Thai,บัญชีบริหารเงินสด,현금 관리 계좌
현물채,1200,tha_Thai,พันธบัตรสปอต,스팟 채권
현물출자,1070,tha_Thai,การบริจาคด้วยสิ่งของ,재물을 기부하는 것입니다.
현물환거래,725,tha_Thai,ธุรกรรมแลกเปลี่ยนเงินตราต่างประเทศแบบสปอต,외환 거래는 스팟입니다.
현선매매,1071,tha_Thai,การซื้อขายแบบสปอต,스포트 쇼핑
현지대리인,726,tha_Thai,ตัวแทนท้องถิ่น,지역 대표
현지보관기관,559,tha_Thai,สถาบันรับฝากเงินท้องถิ่น,이 기관은 지역 기금을 받고 있습니다.
호가구동시장,560,tha_Thai,ตลาดฮอกากู-ดง,호가쿠동 시장
호가전예납,727,tha_Thai,เงินมัดจำสำหรับงานเลี้ยง,파티에 대한 보증금
혼합보관,1072,tha_Thai,พื้นที่เก็บของแบบผสม,복합 저장 공간
혼합주,1201,tha_Thai,เครื่องดื่มผสมแอลกอฮอล์,알코올 혼합 음료
확정금리부증권,380,tha_Thai,หลักทรัพย์อัตราดอกเบี้ยคงที่,고정금리 증권
환 포지션,728,tha_Thai,ตำแหน่งของฮวาน,호반의 위치
환노출,1202,tha_Thai,การสัมผัสกับควัน,연기와 접촉하는 것
환리스크,1073,tha_Thai,ความเสี่ยงด้านอัตราแลกเปลี่ยน,환율의 위험성
환어음,1203,tha_Thai,ตั๋วแลกเงิน,환불 티켓
환취권,1204,tha_Thai,สิทธิในการไถ่ถอน,인수권
회사분할,1074,tha_Thai,การแยกบริษัท,회사 분할
회사정리법,729,tha_Thai,พระราชบัญญัติการจัดโครงสร้างใหม่ของบริษัท,회사 재구성 법령
회사채,1205,tha_Thai,พันธบัตรบริษัท,회사 채권
회사형 투자신탁,289,tha_Thai,กองทุนลงทุนของบริษัท,회사 투자 자금
회원증권회사,561,tha_Thai,บริษัทหลักทรัพย์สมาชิก,주식회사 회원
후배주,1206,tha_Thai,หุ้น Junior,주식 주식 주식
후순위채,1075,tha_Thai,พันธบัตรชั้นรอง,제 2등급 증권
ABMF,1076,tha_Thai,ABMF,ABMF
ABMI,1077,tha_Thai,ABMI,ABMI
ACG,1207,tha_Thai,ACG,ACG
AECSD,730,tha_Thai,AECSD,AECSD
Affirmation,118,tha_Thai,คำยืนยัน,확인
ANNA,1078,tha_Thai,ANNA,안나
ANNA,1079,tha_Thai,ANNA,안나
ASIFMA,562,tha_Thai,ASIFMA,아시프마
ATM,1208,tha_Thai,ATM,ATM
ATS,1209,tha_Thai,ATS,ATS
AUSTRACLEAR,119,tha_Thai,AUSTRACLEAR,오스트라클레어
BA,1302,tha_Thai,BA,B.A.
Bachmann Report,42,tha_Thai,รายงานบาคแมนน์,백맨 보고서
back office,120,tha_Thai,ฝ่ายสนับสนุน,지원부
backwardation,63,tha_Thai,ภาวะราคาล่วงหน้าต่ำกว่าราคาตลาดปัจจุบัน,현재 시장 가격보다 낮은 가격입니다.
bad delivery,83,tha_Thai,การส่งสินค้าผิด,잘못된 배송입니다.
bancassurance,64,tha_Thai,บริการธนาคารและประกันชีวิต,은행과 생명보험
BBS,1210,tha_Thai,BBS,BBS
bear hug,290,tha_Thai,กอดแน่น,포옹해
bear raid,206,tha_Thai,การโจมตีของหมี,곰의 공격
BIC,1211,tha_Thai,BIC,BIC
black monday,84,tha_Thai,วันจันทร์ดำ,검은 월요일
blanket fidelity bond,14,tha_Thai,สัญญาประกันความซื่อสัตย์แบบครอบคลุม,전면적인 충절보험
BLUE SKY LAW,85,tha_Thai,บลู สกาย ลอว์,블루 스카이 로우
BOK-WIRE,291,tha_Thai,BOK-WIRE,BOK-WIRE
bond power,170,tha_Thai,พลังพันธบัตร,동맹의 힘
book entry only,43,tha_Thai,บันทึกในสมุดบัญชีเท่านั้น,책에 기록된 것 뿐이에요
buy/sell-back,65,tha_Thai,ซื้อ/ขายคืน,구매/반수
CAMEL,731,tha_Thai,CAMEL,캄엘
cargo project,66,tha_Thai,โครงการขนส่งสินค้า,물자 운송 프로젝트
cashless society,35,tha_Thai,สังคมไร้เงินสด,현금 없는 사회
CBF,1212,tha_Thai,CBF,CBF
CBL,1213,tha_Thai,CBL,CBL
CCASS,732,tha_Thai,CCASS,CCASS
CDS,1214,tha_Thai,CDS,CDS
CDS,1215,tha_Thai,CDS,CDS
CEDEL,733,tha_Thai,CEDEL,CEDEL
CFA,1216,tha_Thai,CFA,CFA
CFI,1217,tha_Thai,CFI,CFI
CFO,1218,tha_Thai,CFO,CFO
CGIF,1080,tha_Thai,CGIF,CGIF
CGO,1219,tha_Thai,CGO,CGO
CHAPS,734,tha_Thai,CHAPS,CHAPS
checking,292,tha_Thai,ตรวจสอบ,확인해
checkless society,29,tha_Thai,สังคมไร้เงินสด,현금 없는 사회
CHESS,735,tha_Thai,หมากรุก,체스
CHIPS,736,tha_Thai,CHIPS,칩
CIK,1220,tha_Thai,CIK,CIK
CMA,1221,tha_Thai,CMA,CMA
CMI,1222,tha_Thai,CMI,CMI
CMO,1223,tha_Thai,CMO,CMO
commodity financing,19,tha_Thai,การจัดหาเงินทุนสำหรับสินค้าโภคภัณฑ์,식료품에 대한 자금 조달
concentration limit,20,tha_Thai,ค่าขีดจำกัดความเข้มข้น,강도의 한계값
confirmation,86,tha_Thai,การยืนยัน,확인
conglomerate,87,tha_Thai,กลุ่มบริษัท,회사 그룹
"country risk, sovereign risk",3,tha_Thai,"ความเสี่ยงของประเทศ, ความเสี่ยงของรัฐบาล","국가의 위험, 정부의 위험."
coupon rate,121,tha_Thai,อัตราคูปอง,쿠폰 요금
covered warrant,44,tha_Thai,ใบสั่งซื้อที่มีหลักประกัน,보험에 담긴 계약서
CPSS,1081,tha_Thai,CPSS,CPSS
CREST,737,tha_Thai,CREST,크레스트
crossing network,36,tha_Thai,เครือข่ายการเชื่อมต่อ,연결망
crown jewel,122,tha_Thai,อัญมณีล้ำค่า,귀한 보석이야
CSD,1224,tha_Thai,CSD,CSD
CUSIP,738,tha_Thai,CUSIP,CUSIP
D.K.,1082,tha_Thai,D.K.,D.K.
day trading,123,tha_Thai,การซื้อขายในวันเดียว,하루의 거래
DBC,1225,tha_Thai,DBC,DBC
delivery notice,45,tha_Thai,แจ้งการส่งสินค้า,배송신청
dollar usance,67,tha_Thai,เงื่อนไขในสกุลเงินดอลลาร์สหรัฐ,미국 달러의 조건
DTC,1226,tha_Thai,DTC,DTC
Due bill,293,tha_Thai,ใบแจ้งหนี้,신용증명서
dutch auction,68,tha_Thai,การประมูลแบบดัตช์,네덜란드 경매
DVP link,294,tha_Thai,ลิงก์ DVP,DVP 연결
E-TRADE,381,tha_Thai,E-TRADE,전자상거래
ECF,1227,tha_Thai,ECF,ECF
EDR,1228,tha_Thai,EDR,EDR
EMCC,1083,tha_Thai,EMCC,EMCC
EMEA,1084,tha_Thai,EMEA,EMEA
ETF,1229,tha_Thai,ETF,ETF
EURIBOR,382,tha_Thai,EURIBOR,EURIBOR
EUROCLEAR,207,tha_Thai,EUROCLEAR,유로클리어
EVA,1230,tha_Thai,EVA,에바
fallen angel,88,tha_Thai,เทวดาที่ตกสวรรค์,하늘로부터 내려온 여신
FED-WIRE,295,tha_Thai,FED-WIRE,FED-WIRE
fill or kill order,24,tha_Thai,"คำสั่งซื้อแบบ ""เติมหรือยกเลิก""","""충분 또는 취소"" 명령어"
finality of payment,21,tha_Thai,การชำระเงินที่เสร็จสิ้น,결제 완료
five hundred dollar rule,7,tha_Thai,กฎ 500 ดอลลาร์,500달러 규칙
FIX,1231,tha_Thai,แก้ไข,고쳐라
flipping,296,tha_Thai,พลิก,플릭
FORM 10-K,208,tha_Thai,แบบฟอร์ม 10-K,10-K 양식
FORM 10-Q,209,tha_Thai,แบบฟอร์ม 10-Q,10-Q 양식
FORM 3,563,tha_Thai,แบบฟอร์ม 3,제3형
FORM 4,564,tha_Thai,แบบฟอร์ม 4,4번 형식
FORM 8-K,297,tha_Thai,แบบฟอร์ม 8-K,8K 양식
forward pricing,46,tha_Thai,การกำหนดราคาล่วงหน้า,미리 결정된 가격
FUND/NETWORKING,47,tha_Thai,กองทุน/เครือข่าย,자금/네트워크
FUND/SERV,210,tha_Thai,กองทุน/บริการ,자금/서비스
FV/EBITDA,211,tha_Thai,FV/EBITDA,FV/EBITDA
G-30,1085,tha_Thai,G-30,G-30
gilt-edged securities,15,tha_Thai,หลักทรัพย์ที่มีหลักประกัน,자금보험입니다.
giro lombard over draft,9,tha_Thai,บัญชีเงินฝากเกินวงเงิน Giro Lombard,지로 롬바드 은행 계좌가 너무 많아요
GLOBALCLEAR,124,tha_Thai,GLOBALCLEAR,글로벌 클리어
GLOBEX ALLIANCE,48,tha_Thai,GLOBEX ALLIANCE,글로벡스 동맹
GNMA,1086,tha_Thai,GNMA,GNMA
greenmail,212,tha_Thai,กรีนเมล,그린멜
grey market,125,tha_Thai,ตลาดมืด,암시장
gun jumping,126,tha_Thai,การกระโดดก่อนกำหนด,기한이 넘어가고
HKSCC,739,tha_Thai,HKSCC,HKSCC
hub & spokes,89,tha_Thai,ศูนย์และก้านล้อ,중심과 반륜구동
IBAN,1087,tha_Thai,IBAN,IBAN
IID,1232,tha_Thai,IID,IID
IMF 8조국,383,tha_Thai,แผนช่วยเหลือทางการเงินของ IMF มูลค่า 8 ล้านล้านวอน,8조 원에 달하는 IMF 재정 지원 계획입니다.
IMF 구제금융,298,tha_Thai,แผนช่วยเหลือทางการเงินจาก IMF,IMF의 재정 지원 계획입니다.
indenture,213,tha_Thai,สัญญาจ้างงาน,고용 계약서
independent broker,25,tha_Thai,ผู้กลางอิสระ,자유 중개인
infrastructure,54,tha_Thai,โครงสร้างพื้นฐาน,기반시설
INSTINET,299,tha_Thai,INSTINET,본능
interlinker,127,tha_Thai,ตัวเชื่อมโยง,연계자
intermarket trading system,5,tha_Thai,ระบบซื้อขายข้ามตลาด,시장을 넘나드는 거래 시스템입니다.
investment bank,49,tha_Thai,ธนาคารการลงทุน,투자 은행
investment banking,26,tha_Thai,ธนาคารเพื่อการลงทุน,투자 은행
investment company,27,tha_Thai,บริษัทลงทุน,투자 회사
ISDN,1088,tha_Thai,ISDN,ISDN
ISIN,1089,tha_Thai,ISIN,ISIN
ISIN,1090,tha_Thai,ISIN,ISIN
ISMA,1091,tha_Thai,ISMA,ISMA
ISO 20022,214,tha_Thai,ISO 20022,ISO 20022
ISO 7775,300,tha_Thai,ISO 7775,ISO 7775
ISO,1233,tha_Thai,ISO,ISO
ITM,1234,tha_Thai,ITM,ITM
Jobber,565,tha_Thai,ผู้ค้าส่ง,배달원
kassenverein,90,tha_Thai,สมาคมประกันสุขภาพ,건강보험
KELER,740,tha_Thai,KELER,케일러
killer bees,128,tha_Thai,ผึ้งนักฆ่า,살인 벌
know-your customer rule,10,tha_Thai,กฎการรู้จักลูกค้า (Know-Your-Customer),"""고객을 잘 아는 법"""
KOSPI 200,215,tha_Thai,KOSPI 200,KOSPI 200
Lamfalussy기준,91,tha_Thai,กรอบงาน Lamfalussy,램팔루시 행사를 위해
LBO,1235,tha_Thai,LBO,LBO
Link-Up Markets,50,tha_Thai,ตลาด Link-Up,링크업 시장
local trader,92,tha_Thai,ผู้ค้าท้องถิ่น,지역 상인
M&A,1236,tha_Thai,การควบรวมและซื้อกิจการ (M&A),합병 및 인수 (M&A)
"M1, M2, M3",171,tha_Thai,"M1, M2, M3","M1, M2, M3"
MADOFF,566,tha_Thai,MADOFF,마도프
MALONEY ACT,129,tha_Thai,พระราชบัญญัติมาโลนี,말로니 법령
matched book,93,tha_Thai,หนังสือที่ตรงกัน,일치하는 책입니다.
matching fund,69,tha_Thai,เงินสมทบ,돈도 많아요
MIC,1237,tha_Thai,MIC,MIC
MiFID,741,tha_Thai,MiFID,MiFID
MIT,1238,tha_Thai,MIT,MIT
MM의 자본구조 이론,130,tha_Thai,ทฤษฎีโครงสร้างทุนของ MM,MM의 자본 구조 이론
Moddy's investment grade,8,tha_Thai,ระดับเครดิตการลงทุนของ Moody’s,무디스 투자 신용등급
MONTE TITOLI S.P.A.,22,tha_Thai,MONTE TITOLI S.P.A.,몬테 티톨리 스파
MSRB,1092,tha_Thai,MSRB,MSRB
narrow bank,131,tha_Thai,ธนาคารขนาดเล็ก,작은 은행
national market system,12,tha_Thai,ระบบตลาดระดับชาติ,국가시장 시스템
NECIGEF,384,tha_Thai,NECIGEF,필요해요
net credit or net debit position,1,tha_Thai,ตำแหน่งเครดิตสุทธิหรือเดบิตสุทธิ,적립된 신용 또는 적립된 채권
net debit caps,55,tha_Thai,ขีดจำกัดการถอนเงินผ่านเน็ต,온라인 환불 제한
net sender limits,30,tha_Thai,ขีดจำกัดการส่งเงินสุทธิ,적당한 송금 제한
NICRA,742,tha_Thai,NICRA,NICRA
NMPG,1093,tha_Thai,NMPG,NMPG
nominee name,94,tha_Thai,ชื่อผู้ได้รับการเสนอชื่อ,추천자의 이름은
nostro account,56,tha_Thai,บัญชีของเรา,우리 계좌
NSCC,1094,tha_Thai,NSCC,NSCC
NYSE rule 387,70,tha_Thai,กฎข้อ 387 ของ NYSE,NYSE 규칙 387
on-line system,57,tha_Thai,ระบบออนไลน์,온라인 시스템
open position,71,tha_Thai,ตำแหน่งว่าง,공석입니다.
OTM,1239,tha_Thai,OTM,OTM
P&A,1240,tha_Thai,P&A,질문과 답변
pac-man strategy,37,tha_Thai,กลยุทธ์ Pac-Man,팩맨 전략
paper-based credit transfers,4,tha_Thai,การโอนหน่วยกิตแบบกระดาษ,종이용 키트 전송
PB,1303,tha_Thai,PB,PB
PIKS,1095,tha_Thai,PIKS,픽스
plus tick,216,tha_Thai,บวกเครื่องหมายถูก,"네, 맞습니다."
poison pill,132,tha_Thai,กลไกป้องกันการเข้าซื้อกิจการ,접근 방지 메커니즘
POSIT,743,tha_Thai,POSIT,포시트
position,301,tha_Thai,ตำแหน่ง,위치
pre-commitment approach,11,tha_Thai,วิธีการกำหนดล่วงหน้า,전제하는 방법
PTS,1241,tha_Thai,PTS,PTS
QFI,1242,tha_Thai,QFI,QFI
QIB,1243,tha_Thai,QIB,QIB
QuantEX,385,tha_Thai,QuantEX,퀀텍스
registar,302,tha_Thai,ผู้จดทะเบียน,등록자
registered competitive trader,2,tha_Thai,ผู้ค้าที่ได้รับการจดทะเบียนเพื่อแข่งขัน,경기에 등록된 상인
REGULATION A,95,tha_Thai,กฎระเบียบ A,규칙 A
REGULATION D,96,tha_Thai,กฎระเบียบ D,규칙 D
REGULATION G,97,tha_Thai,กฎระเบียบ G,G 규칙
REGULATION Q,98,tha_Thai,กฎระเบียบ Q,Q 규칙
REGULATION T,99,tha_Thai,กฎระเบียบ T,규칙 T.
REGULATION U,100,tha_Thai,กฎระเบียบ U,규칙 U.
RELIT,744,tha_Thai,RELIT,리리트
reorganization,58,tha_Thai,การจัดโครงสร้างใหม่,재구성
repo-to-maturity,38,tha_Thai,อัตราผลตอบแทนจนถึงวันครบกำหนด,정해진 기간까지의 수익률
repo/RP,386,tha_Thai,repo/RP,리포/RP
RGV,1244,tha_Thai,RGV,RGV
round lot,217,tha_Thai,โครงเรื่องแบบวงกลม,원형의 이야기입니다.
RSI,1245,tha_Thai,RSI,RSI
rule OF 72,172,tha_Thai,กฎ 72,72번 규칙
rule of fair practice,16,tha_Thai,หลักการปฏิบัติอย่างยุติธรรม,공정한 행동의 원칙
RVP,1246,tha_Thai,RVP,RVP
S&R,1247,tha_Thai,S&R,S&R
SAFE 21,387,tha_Thai,SAFE 21,안전 21호
Saturday night special,13,tha_Thai,รายการพิเศษคืนวันเสาร์,토요일 밤 특집 프로그램
SCHEDULE 13D,101,tha_Thai,แบบฟอร์ม 13D,13D 형식
SECOM,745,tha_Thai,SECOM,SECOM
SEDOL,746,tha_Thai,SEDOL,SEDOL
SEGA,1096,tha_Thai,SEGA,세가
segregation of securities,6,tha_Thai,การแยกประเภทหลักทรัพย์,자금의 종류를 구분하고
settlement,173,tha_Thai,การตั้งถิ่นฐาน,위치
SIAC,1097,tha_Thai,SIAC,SIAC
SICOVAM,388,tha_Thai,SICOVAM,SICOVAM
SIS SegaIntersettle,23,tha_Thai,SIS SegaIntersettle,SIS 세가인터셋
sleeping beauty,51,tha_Thai,เจ้าหญิงนิทรา,니트라 공주님
SMPG,1098,tha_Thai,SMPG,SMPG
snow balling,102,tha_Thai,ลูกหิมะที่กลิ้งใหญ่ขึ้นเรื่อยๆ,얼음덩어리는 점점 더 커지고 있습니다.
spagetti problem,39,tha_Thai,ปัญหาสปาเก็ตตี้,스파티 문제
stock power,133,tha_Thai,กำลังของสต็อก,스톡의 힘
stock watcher,72,tha_Thai,ติดตามราคาหุ้น,주식 가격을 지켜보세요.
STP,1248,tha_Thai,STP,STP
street name,134,tha_Thai,ชื่อถนน,거리 이름
subparticipation,40,tha_Thai,การมีส่วนร่วมระดับย่อย,소규모 참여
suicide pill,103,tha_Thai,ยาฆ่าตัวตาย,자살약
sunday bank,135,tha_Thai,ธนาคารวันอาทิตย์,일요일 은행
sushi bond,174,tha_Thai,พันธบัตรซูชิ,수시증권
SWIFT,747,tha_Thai,SWIFT,SWIFT
system repo,136,tha_Thai,คลังข้อมูลระบบ,시스템 데이터베이스
T-BILL,567,tha_Thai,T-BILL,T-BILL
T-BOND,568,tha_Thai,T-BOND,T-BOND
T-NOTE,569,tha_Thai,T-NOTE,T-NOTE
T2S,1249,tha_Thai,T2S,T2S
TAKASBANK,218,tha_Thai,TAKASBANK,TAKASBANK
TALISMAN,303,tha_Thai,TALISMAN,기호!
TARGET,570,tha_Thai,เป้าหมาย,목표
TAURUS,571,tha_Thai,ราศีพฤษภ,5월자리
tax call option,52,tha_Thai,สิทธิ์ซื้อภาษี,세금을 받을 수 있는 권리
TELEKURS,304,tha_Thai,TELEKURS,텔레커스
tick,1099,tha_Thai,ติ๊ก,틱
ticker tape,137,tha_Thai,เทปติ๊กเกอร์,테이퍼
TRADEPOINT,175,tha_Thai,TRADEPOINT,트레이드포인트
tranches,305,tha_Thai,ส่วน,부분
TRAX,1100,tha_Thai,TRAX,트랙스
twenty-day period,31,tha_Thai,ช่วงเวลา 20 วัน,20일 동안
two-dollar broker,32,tha_Thai,ผู้กลางที่คิดค่าบริการสองดอลลาร์,중개인은 2달러를 청구합니다.
two-sided comparison,18,tha_Thai,การเปรียบเทียบสองด้าน,두 가지 측면의 비교
UNIFI,748,tha_Thai,UNIFI,UNIFI
uniform practice code,17,tha_Thai,รหัสปฏิบัติมาตรฐาน,표준 코드입니다.
uptick,572,tha_Thai,การเพิ่มขึ้นเล็กน้อย,작은 상승
value broker,104,tha_Thai,ผู้กลางด้านมูลค่า,가치 중개자
value date,176,tha_Thai,วันที่บันทึกมูลค่า,가치 기록 날짜
VAR,1250,tha_Thai,VAR,VAR
VP,1304,tha_Thai,รองประธาน,부회장님
VPC,1251,tha_Thai,VPC,VPC
VPS,1252,tha_Thai,VPS,VPS
WHITE KNIGHT,105,tha_Thai,อัศวินขาว,하얀 기사
WILLIAMS ACT,106,tha_Thai,พระราชบัญญัติวิลเลียมส์,윌리엄스 법령
wire house,177,tha_Thai,บริษัทหลักทรัพย์,자본회사
WIT CAPITAL,138,tha_Thai,WIT CAPITAL,캐피탈과
X-비효율성,573,tha_Thai,X-inefficiency,X 비효율성
X,1308,tha_Thai,X,X
XML,1253,tha_Thai,XML,XML입니다.
XR,1305,tha_Thai,XR,XR
XW,1306,tha_Thai,XW,XW
가쇄,1254,mya_Mymr,ပိတ်ပင်ခြင်း။,금지.
가압류,1101,mya_Mymr,ဖိအားပေးသတ္တဝါများ,압도적인 동물들
가중주가평균,389,mya_Mymr,အဝလွန်သူတွေဟာ ပျမ်းမျှအားဖြင့်,비만 환자는 평균적으로
간사단,1102,mya_Mymr,စောင့်ကြည့်ရေး,감시
간사회사,751,mya_Mymr,စောင့်ရှောက်သူပါ။,저는 보호자입니다.
간접공시,752,mya_Mymr,လျှို့ဝှက်ထုတ်လွှင့်မှုပါ။,이것은 비밀 전송입니다.
간접금융,753,mya_Mymr,တိုက်ရိုက် ငွေကြေးထောက်ပံ့မှု,직접적인 자금 지원
간접모집,754,mya_Mymr,အဆက်မပြတ် စုဆောင်းခြင်း,계속 축적하고 있습니다.
간접발행,755,mya_Mymr,ဘေးထွက်ဆိုးကျိုးတွေ,부작용입니다.
간접점유,756,mya_Mymr,တိုက်ရိုက် ဝယ်ယူခြင်း။,직접 구매입니다.
간접참가자,575,mya_Mymr,အဆက်မပြတ် ပါဝင်သူ,지속적인 참여자입니다.
간주,1255,mya_Mymr,ကြည့်ပါ။,보세요.
감리대상종목,390,mya_Mymr,ဆီးချိုမျိုးစိတ်,당뇨병의 종류
감자차익,757,mya_Mymr,ခရမ်းချဉ်သီး ရလဒ်။,토마토의 결과입니다.
감채기금,758,mya_Mymr,ချေးငွေ,대출
감채기금부채권,306,mya_Mymr,ချေးငွေ ချေးငွေ ချေးငွေ,대출금 대출금
강세장,1103,mya_Mymr,ဗိုလ်ချုပ်ကြီး။,장군님
강제매수,759,mya_Mymr,အတင်းအကျပ် ရောင်းဝယ်သူ။,강제매매자입니다.
개발신탁,760,mya_Mymr,ဖွံ့ဖြိုးတိုးတက်မှု,개발
개방식 담보사채,221,mya_Mymr,ပွင့်လင်းတဲ့ ချုပ်ဆိုမှုပါ။,그것은 개방적인 계약입니다.
개방형 리포,391,mya_Mymr,လွတ်လပ်တဲ့ အစီရင်ခံစာ,독립 보고서
개방형 투자신탁,222,mya_Mymr,ပွင့်လင်းတဲ့ ရင်းနှီးမြှုပ်နှံမှု,개방형 투자
개별결제,761,mya_Mymr,တစ်ဦးချင်း ဖြေရှင်းနည်း,개인별 해결방법
개별경쟁매매,392,mya_Mymr,တစ်ဦးချင်း ပြိုင်ပွဲ,개인 경주
개시증거금,576,mya_Mymr,ပွင့်လင်းတဲ့ သက်သေခံငွေ,개방형 인증서입니다.
거래량비율,577,mya_Mymr,ကုန်သွယ်မှု ပမာဏ,무역의 양
거래량회전율,393,mya_Mymr,ငွေလဲလှယ်နှုန်း,환율
거래성립률,578,mya_Mymr,ငွေလဲလှယ်နိုင်မှုနှုန်း,환율
거래소 시장,394,mya_Mymr,ငွေလဲလှယ်စျေးကွက်,외환시장
거래소 회원,395,mya_Mymr,ငွေလဲလှယ်ရေး အဖွဲ့ဝင်,교환 멤버
거래취소,762,mya_Mymr,ရောင်းဝယ်ရေး နေရာပါ။,쇼핑몰입니다.
건설이자,763,mya_Mymr,ဆောက်လုပ်ရေးနဲ့,건축과
겐사끼시장,579,mya_Mymr,ကျားသစ်စျေးကွက်။,호랑이 시장
격탁매매,764,mya_Mymr,အရောင်းအဝယ်,도박
견양증권,765,mya_Mymr,ထောက်ပံ့ရေး လက်မှတ်။,지원 티켓.
결산,1256,mya_Mymr,အချိုးအစား,비율입니다.
결산보고서,580,mya_Mymr,ငွေပေးချေမှု အစီရင်ခံစာမှာ,트랜잭션 보고서는
결제기구,766,mya_Mymr,ငွေပေးချေရေး ကိရိယာ,결제 수단
결제기금,767,mya_Mymr,ငွေပေးချေမှု,결제
결제대금주선제도,223,mya_Mymr,ပိုက်ဆံပေးချေမှုစနစ်,현금 시스템입니다.
결제대용증,581,mya_Mymr,ငွေပေးချေမှု,결제
결제리스크 관리제도,139,mya_Mymr,ငွေပေးချေမှု အရဲစွန့်မှု စီမံခန့်ခွဲမှု,결제 위험 관리
결제불이행거래,307,mya_Mymr,ငွေပေးချေမှုမရှိတဲ့ ကုန်သွယ်မှု,결제 없는 거래입니다.
결제순서조작,396,mya_Mymr,အပြီးသတ် စီမံကိန်း။,최종 프로젝트입니다.
결제시한,768,mya_Mymr,အဆုံးသတ်သွားပြီ။,끝났습니다.
결제시한,769,mya_Mymr,အဆုံးသတ်သွားပြီ။,끝났습니다.
결제위험의 비대칭성,140,mya_Mymr,ငွေပေးချေမှု အရဲစွန့်မှု မညီမျှမှု,결제 위험 불평등
결제은행제도,397,mya_Mymr,ငွေပေးချေရေး ဘဏ်စနစ်ပါ။,이것은 거래 은행입니다.
결제일,1104,mya_Mymr,နောက်ဆုံးရက်ပါ။,마감일입니다.
결제적체현상,398,mya_Mymr,အဆုံးသတ်မှု ဖြစ်စဉ်ပါ။,종식 과정입니다.
결제전 예납,399,mya_Mymr,ငွေပေးချေမှု ကြိုတင်လက်ခံခြင်း,지불을 미리 받는 것
결제후 업무처리,224,mya_Mymr,ငွေပေးချေပြီးတဲ့နောက်မှာ စီမံခန့်ခွဲမှု,"지불이 완료되면,"
결제후 업무처리,225,mya_Mymr,ငွေပေးချေပြီးတဲ့နောက်မှာ စီမံခန့်ခွဲမှု,"지불이 완료되면,"
겸업주의,770,mya_Mymr,အစုရှယ်ယာသမား,주주
경개,1257,mya_Mymr,စွန်ငှက်။,독수리입니다.
경개적 차감,400,mya_Mymr,ဆူညံတဲ့ အေးစက်မှု။,시끄러운 차갑습니다.
경과이자,771,mya_Mymr,ပညာရေးနဲ့,교육과
경기종합지수,401,mya_Mymr,ပြိုင်ပွဲ စုစုပေါင်းကိန်း။,경기의 종합입니다.
경상수지,772,mya_Mymr,အမှတ်တရ ရေချိုးခန်း,기념 욕실
경쟁매매,773,mya_Mymr,ယှဉ်ပြိုင်မှု အရောင်းအဝယ်,경쟁적인 도박
경제통합,774,mya_Mymr,စီးပွားရေး ပေါင်းစည်းမှု,경제 통합
경제협력개발기구,226,mya_Mymr,စီးပွားရေး ပူးပေါင်းဆောင်ရွက်မှု ဖွံ့ဖြိုးရေးအဖွဲ့,경제협력개발위원회
계약,1258,mya_Mymr,သဘောတူညီချက်။,합의입니다.
계약형투자신탁,308,mya_Mymr,ချုပ်ဆိုထားတဲ့ ရင်းနှီးမြှုပ်နှံမှု ယုံကြည်မှုပါ။,이것은 보증금 투자 신뢰입니다.
계절주,1105,mya_Mymr,ရာသီဥတု,기후
계좌대체,775,mya_Mymr,ငွေစာရင်း အစားထိုးပါ။,현금 계좌를 대체하세요.
계좌설정,776,mya_Mymr,အကောင့်ဖွင့်ခြင်း,계좌 개설
고객계좌부,582,mya_Mymr,ဖောက်သည်စာရင်းဌာန။,고객 목록 부서입니다.
고객계좌자동이전서비스,107,mya_Mymr,ဖောက်သည်အကောင့် အလိုအလျောက် ဝန်ဆောင်မှုပါ။,고객 계정 자동화 서비스입니다.
고객예탁금 이용료,178,mya_Mymr,ဖောက်သည်ငွေကြေး သုံးစွဲမှု အခကြေးငွေ,고객금융 사용 수수료
고객예탁분,583,mya_Mymr,ဖောက်သည်များအတွက် ကမ်းလှမ်းချက်။,고객들에게 제안합니다.
고객예탁증권,402,mya_Mymr,ဖောက်သည်လက်မှတ်။,고객증권.
고오든 모형,403,mya_Mymr,Gooden ပုံစံပါ။,굿렌 모델입니다.
고정형 투자신탁,227,mya_Mymr,တည်ငြိမ်တဲ့ ရင်းနှီးမြှုပ်နှံမှု,안정적인 투자
고정환율제도,404,mya_Mymr,ငွေလဲနှုန်း သတ်မှတ်စနစ်,환율 시스템
골든 크로스,405,mya_Mymr,ရွှေလက်ဝါးကပ်တိုင်။,골든 크로스
공개/발성호가,309,mya_Mymr,ပွင့်လင်း/ဖွံ့ဖြိုးတိုးတက်မှု,개방성/개발성
공개매수,777,mya_Mymr,လူသိရှင်ကြား ရောင်းချမှု,공공판매
공개매수설명서,310,mya_Mymr,အရောင်းအဝယ် ကြေညာချက်,경매 발표
공개매수신고서,311,mya_Mymr,လူသိရှင်ကြား ရောင်းချမှုပါ။,공공판매입니다.
공개법인,778,mya_Mymr,ပွင့်လင်းမြင်သာမှု ဥပဒေ,투명성 법
공개시장조작,406,mya_Mymr,ပွင့်လင်းမြင်သာတဲ့ စျေးကွက်ပါ။,그것은 투명한 시장입니다.
공기업,1106,mya_Mymr,လေကြောင်းလုပ်ငန်း,항공업
공동간사회사,407,mya_Mymr,ပူးပေါင်းဆောင်ရွက်သူ,협력자
공동대리,779,mya_Mymr,ပူးပေါင်းဆောင်ရွက်မှု,협업
공동지배인,584,mya_Mymr,ပူးပေါင်းဆောင်ရွက်သူပါ။,저는 협력자입니다.
공매도,1107,mya_Mymr,လူသိရှင်ကြား လေလံတွေလည်း,공매매도 마찬가지죠.
공매수,1108,mya_Mymr,အရောင်းအဝယ်,도박
공모,1259,mya_Mymr,အစုလိုက်အပြုံလိုက်,덩어리덩어리
공모부대서비스회사,179,mya_Mymr,အများသုံး ဝန်ဆောင်မှု ကုမ္ပဏီ။,공공 서비스 회사입니다.
공모증자,780,mya_Mymr,လက်တွဲသက်သေ။,공동 증인입니다.
공모채,1109,mya_Mymr,အစုလိုက်အပြုံလိုက်,덩어리덩어리
공사채등록법,408,mya_Mymr,အများပိုင်စာရင်းအင်း ဥပဒေ။,공공회계법입니다.
공사채형투자신탁,228,mya_Mymr,စီမံကိန်းဆိုင်ရာ ရင်းနှီးမြှုပ်နှံမှု ယုံကြည်မှု။,프로젝트 투자 신뢰.
공시,1260,mya_Mymr,ပွင့်လင်းမြင်သာမှု,투명성
공시최고,781,mya_Mymr,အများသိဆုံးပါ။,가장 잘 알려져 있습니다.
공신의 원칙,409,mya_Mymr,နတ်သမီးရဲ့ မူဝါဒ,요정들의 정책
공인중개인,585,mya_Mymr,လူသိရှင်ကြား,공개적으로요.
공정거래법,586,mya_Mymr,တရားမျှတတဲ့ ကုန်သွယ်မှု ဥပဒေ,공정거래법
공정게임모형,410,mya_Mymr,တရားမျှတတဲ့ ကစားနည်း,공정한 게임입니다.
공정할인율,587,mya_Mymr,တရားမျှတမှုနှုန်း,정의율
공채,1261,mya_Mymr,ချေးငွေ,대출
관계회사,782,mya_Mymr,ဆက်ဆံရေး ကုမ္ပဏီ,관계 회사
관리대상종목,411,mya_Mymr,ထိန်းချုပ်ဖို့ ခြိမ်းခြောက်ခံရတဲ့ မျိုးစိတ်,멸종위기종
관세 및 무역에 관한 일반협정,33,mya_Mymr,ကုန်စည်နဲ့ ကုန်သွယ်မှုဆိုင်ရာ အထွေထွေ သဘောတူညီချက်,조세와 무역에 관한 일반 협약
관할권,1110,mya_Mymr,တရားစီရင်ခွင့်။,사법권입니다.
교차담보금제도,312,mya_Mymr,အပြန်အလှန်ပေးချေမှုစနစ်ပါ။,상호 결제 시스템입니다.
교차증거금제도,313,mya_Mymr,အပြန်အလှန် သက်သေပြမှု ပိတ်ပင်မှုပါ။,상호확인 금지라고 합니다.
교차헤징,783,mya_Mymr,လမ်းဆုံအတားအဆီး,교차로 장벽
교체발행,784,mya_Mymr,အပြောင်းအလဲ ထွက်ခွာ,변화를 떠나세요.
교환사채,785,mya_Mymr,ငွေလဲလှယ်ကြေး,환율
구상권,1111,mya_Mymr,မူပိုင်ခွင့်။,특허입니다.
구주,1262,mya_Mymr,ကယ်တင်ရှင်။,구원자!
국가신인도,588,mya_Mymr,နိုင်ငံရေး နတ်ဘုရား။,정치의 신입니다.
국내장외거래,412,mya_Mymr,ပြည်တွင်း၊ ပြည်ပ ကုန်သွယ်မှု,내·외교 무역
국민주,1112,mya_Mymr,နိုင်ငံတော်သမ္မတ။,국무장관입니다.
국민주택채권,413,mya_Mymr,ပြည်သူ့အိမ်ရာ ချေးငွေ,공공 주택 대출
국민총생산,589,mya_Mymr,တစ်နိုင်ငံလုံး GDP,국내총생산 (GDP)
국제간 거래,414,mya_Mymr,နိုင်ငံတကာ ကုန်သွယ်မှုပါ။,국제 무역입니다.
국제간 대금지급,229,mya_Mymr,နိုင်ငံတကာ ပိတ်ဆို့မှုနှုန်း,세계적 폐쇄율
국제간 대체결제,230,mya_Mymr,နိုင်ငံတကာ အစားထိုး ဖြေရှင်းနည်း,국제적 대안적 해결책
국제결제은행,415,mya_Mymr,နိုင်ငံတကာ ဆုံးဖြတ်ချက် ဘဏ်,국제결정은행
국제결제은행규제,231,mya_Mymr,နိုင်ငံတကာ စီမံခန့်ခွဲမှု ဘဏ် စည်းမျဉ်းစည်းကမ်း,국제행정은행의 규정
국제금융공사,416,mya_Mymr,နိုင်ငံတကာ ဘဏ္ဍာရေးလုပ်ငန်း,국제 금융업
국제금융센타,417,mya_Mymr,နိုင်ငံတကာ ငွေကြေးစင်တာ,국제통화센터
국제금융시장,418,mya_Mymr,နိုင်ငံတကာ ငွေကြေးစျေးကွက်,국제 금융 시장
국제보관기관,419,mya_Mymr,နိုင်ငံတကာ စောင့်ကြည့်ရေးအဖွဲ့,국제 감시 기구
국제부흥개발은행,232,mya_Mymr,နိုင်ငံတကာ ပြန်လည်ထူထောင်ရေး ဖွံ့ဖြိုးရေးဘဏ်,국제재건개발은행
국제분산투자,420,mya_Mymr,နိုင်ငံတကာ ရင်းနှီးမြှုပ်နှံမှု,국제적 투자
국제유가증권관리자협회,108,mya_Mymr,နိုင်ငံတကာ စက္ကူစီမံခန့်ခွဲမှုအသင်း,국제 종이 관리 협회
국제전문가시장,314,mya_Mymr,နိုင်ငံတကာ ကျွမ်းကျင်တဲ့ စျေးကွက်ပါ။,국제적인 전문 시장입니다.
국제정합성,590,mya_Mymr,နိုင်ငံတကာ ညီညွတ်မှု,국제적 연대
국제증권,786,mya_Mymr,နိုင်ငံတကာ လက်မှတ်,국제 서명
국제증권거래소연맹,180,mya_Mymr,နိုင်ငံတကာ စတော့အိတ်ချိန်းအဖွဲ့ချုပ်,국제 증권 연합
국제증권관리위원회연맹,109,mya_Mymr,နိုင်ငံတကာ ငွေကြေးစီမံခန့်ခွဲမှု ကော်မတီ,국제금융운용위원회
국제증권예탁결제기관,141,mya_Mymr,နိုင်ငံတကာ ငွေကြေးပေးချေရေး အဖွဲ့အစည်း။,국제금융조합입니다.
국제통화기금,421,mya_Mymr,နိုင်ငံတကာ ငွေကြေးရန်ပုံငွေ,국제통화기금
국제투자신탁,422,mya_Mymr,နိုင်ငံတကာ ရင်းနှီးမြှုပ်နှံမှုအဖွဲ့,국제 투자 기구
국채,1263,mya_Mymr,နိုင်ငံတော် ကြွေးမြီ,국가 부채
국채전문딜러,423,mya_Mymr,နိုင်ငံတော် ကြွေးမြီ ရောင်းဝယ်သူ,국가채권 거래자
국채집합등록제도,233,mya_Mymr,နိုင်ငံတော် ကြွေးမြီ စုစည်းရေး အစီအစဉ်,국가 부채 조성 계획
권리락,1113,mya_Mymr,ရပိုင်ခွင့်,저작권
권리락주가,591,mya_Mymr,လူ့အခွင့်အရေးသမား,인권 운동가
권리예탁,787,mya_Mymr,ရပိုင်ခွင့် အာမခံချက်,저작권 보장
권리예탁계좌부,315,mya_Mymr,ရပိုင်ခွင့် ထိန်းသိမ်းရေး စာရင်းကိုင်,저작권 보유 회계
권리주,1114,mya_Mymr,အခွင့်အရေးရှင်။,좋습니다.
권종,1264,mya_Mymr,ခွင့်ပြုချက်။,허가.
규정재정,788,mya_Mymr,စည်းမျဉ်းစည်းကမ်း ပြင်ဆင်ခြင်း,법규 개정
그라함 도드모형,234,mya_Mymr,ဂရာဟမ် ဒော့ဒမ်ပုံစံပါ။,그레이엄 도담 형태입니다.
근저당,1115,mya_Mymr,အဆိုးဆုံးပါ။,최악의 상황이죠.
글래머주식,592,mya_Mymr,ချောမောမှုပါ။,아름다움입니다.
글래스 스티걸법,235,mya_Mymr,Glass Steagall နည်း။,글래스 스티걸 식이요법?
글로벌 트레이딩,236,mya_Mymr,ကမ္ဘာ့ကုန်သွယ်ရေး,세계 무역
글로벌라이제이션,237,mya_Mymr,ကမ္ဘာလုံးဆိုင်ရာဖြစ်စဉ်,전세계적인 현상입니다.
글로벌본드,593,mya_Mymr,ကမ္ဘာလုံးဆိုင်ရာ ချေးငွေ,세계적 부채
글로컬리제이션,316,mya_Mymr,Glocalization ဆိုတာက,세계화는
금고주,1116,mya_Mymr,ပိတ်ပင်ထားတယ်။,금지되어 있습니다.
금리선물,789,mya_Mymr,အတိုးအလျှော့ပေးခြင်း,이자율 감면
금리선물옵션,424,mya_Mymr,အတိုးနှုန်း ရွေးချယ်မှု,이자율 선택
금리스왑,790,mya_Mymr,ရွှေမွှေး။,금입니다.
금리연동부사채,317,mya_Mymr,ငွေကြေးဆိုင်ရာ ချေးငွေပါ။,이것은 금융 대출입니다.
금리확정부사채,318,mya_Mymr,အတိုးချဲ့ ချေးငွေပါ။,이것은 연대 대출입니다.
금외신탁,791,mya_Mymr,အချိုးမကျတဲ့ ယုံကြည်မှုပါ။,비대칭적인 신뢰입니다.
금융감독위원회/금융감독원,59,mya_Mymr,ဘဏ္ဍာရေး ကြီးကြပ်ရေး ကော်မတီ/ဘဏ္ဍာရေး ကြီးကြပ်ရေးမှူး,재무감독위원회/재무감독
금융결제원,594,mya_Mymr,ဘဏ္ဍာရေး ဆုံးဖြတ်သူ။,재정적 의사결정자입니다.
금융공학,792,mya_Mymr,ဘဏ္ဍာရေး အင်ဂျင်နီယာ,금융 엔지니어입니다.
금융기관,793,mya_Mymr,ဘဏ္ဍာရေး အဖွဲ့အစည်း,금융 기관
금융리스,794,mya_Mymr,ဘဏ္ဍာရေးသမား။,재무사입니다.
금융비용,795,mya_Mymr,ငွေကြေး ကုန်ကျစရိတ်,금전적 비용
금융선물거래,425,mya_Mymr,ငွေကြေး လက်ဆောင် ရောင်းဝယ်မှု,현금 선물 거래
금융소득종합과세,238,mya_Mymr,ဘဏ္ဍာရေး ဝင်ငွေ အခွန်,자금 소득세
금융쇼핑몰,595,mya_Mymr,ဘဏ္ဍာရေး စျေးဝယ်စင်တာ,금융 쇼핑센터
금융시장,796,mya_Mymr,ငွေကြေးစျေးကွက်,금융시장
금융실명제,596,mya_Mymr,ငွေကြေးဆိုင်ရာ ပွင့်လင်းမြင်သာမှု။,금융 투명성.
금융어음,797,mya_Mymr,ဘဏ္ဍာရေးစကား,경제적인 말이지요.
금융자산,798,mya_Mymr,ငွေကြေး အရင်းအမြစ်,자금자원
금융장세,799,mya_Mymr,ဘဏ္ဍာရေးဝန်ကြီး။,재무장관입니다.
금융지주회사,426,mya_Mymr,ဘဏ္ဍာရေး ပိုင်ဆိုင်မှု ကုမ္ပဏီ။,금융투자회사입니다.
금융채,1117,mya_Mymr,ငွေကြေး ချေးငွေ,금전적 대출
금융통화운영위원회,181,mya_Mymr,ငွေလဲလှယ်မှု ထိန်းချုပ်ရေး ကော်မတီ,거래소 규제 위원회
금전신탁,800,mya_Mymr,ငွေပေးချေမှု။,거래입니다.
기간구조,801,mya_Mymr,အချိန်ဇယား,시간표
기간물 repo,239,mya_Mymr,အချိန်ကာလ ရင်းနှီးမြှုပ်နှံမှု,시간 투자입니다.
기관결제제도,427,mya_Mymr,ကိုယ်အင်္ဂါဆိုင်ရာ ဆုံးဖြတ်ချက် ချမှတ်ရေး စနစ်ပါ။,이것은 신체적 의사결정 시스템입니다.
기관투자가 결제제도,142,mya_Mymr,အဖွဲ့အစည်းဆိုင်ရာ ရင်းနှီးမြှုပ်နှံမှုတွေ၊ ငွေပေးချေမှုစနစ်တွေ၊,"제도적 투자, 결제 시스템,"
기관투자가,597,mya_Mymr,အဖွဲ့အစည်း ရင်းနှီးမြှုပ်နှံသူ,기관투자자
기관화현상,598,mya_Mymr,စက်မှုဖြစ်စဉ်ပါ။,이것은 산업적인 과정입니다.
기대수익률,599,mya_Mymr,မျှော်မှန်းထားတဲ့ အမြတ်နှုန်း,기대 수익률
기대이론,802,mya_Mymr,မျှော်လင့်ချက်ပါ။,희망입니다.
기말계속예탁제도,240,mya_Mymr,အပြီးသတ် စာရင်းပေးသွင်းမှုလည်း ရှိတယ်။,최종적인 구독도 있습니다.
기명날인,803,mya_Mymr,မွေးနေ့ပါ။,생일입니다.
기명사채,804,mya_Mymr,အမည်မဖော်လိုပါ။,익명입니다.
기명주식,805,mya_Mymr,နာမ်စားအက္ခရာ,대명사
기본적분석,600,mya_Mymr,အခြေခံ ဆန်းစစ်မှု,기본 분석
기세,1265,mya_Mymr,စေ့ဆော်မှု။,영감을 얻습니다.
기술적분석,601,mya_Mymr,နည်းပညာ ဆန်းစစ်ချက်,기술 분석
기어링 레이쇼,319,mya_Mymr,Gearing Rays ကို ကြည့်ပါ။,지어링 레이스를 보세요.
기업공개,806,mya_Mymr,ကုမ္ပဏီရဲ့ ကြေညာချက်,회사 선언문
기업회계기준,428,mya_Mymr,ကုမ္ပဏီစာရင်းအင်း စံနှုန်း,회사 회계 표준
기준일,1118,mya_Mymr,စံချိန်တင်ရက်,기록적인 날짜
기채시장,807,mya_Mymr,ချေးငွေစျေးကွက်,채권 시장
기초자산,808,mya_Mymr,အခြေခံ အရင်းအမြစ်,기초자원
기축통화,809,mya_Mymr,စိတ်ဓာတ်ကျခြင်း,우울증
기한부어음,602,mya_Mymr,နောက်ဆုံးအချိန်။,마지막 시점입니다.
기회비용,810,mya_Mymr,အခွင့်အလမ်း ကုန်ကျစရိတ်,기회 비용은
나스닥,1119,mya_Mymr,Nasdaq ပါ။,나스닥입니다.
납입자본금,603,mya_Mymr,ရင်းနှီးမြှုပ်နှံမှု,투자입니다.
납회,1266,mya_Mymr,ဖမ်းဆီးခံရတယ်။,체포되었습니다.
내부결제,811,mya_Mymr,အတွင်းပိုင်း ဖြေရှင်းနည်း,내면의 해결책
내부금융,812,mya_Mymr,ပြည်တွင်း ဘဏ္ဍာရေး,국내 재무
내부수익률,604,mya_Mymr,ပြည်တွင်း အမြတ်နှုန်း,국내 수익률
내부유보,813,mya_Mymr,အတွင်းပိုင်း ယိုဘို,내면의 요보
내부자거래,605,mya_Mymr,အတွင်းရေးမှူး,비서
내재가치,814,mya_Mymr,ကိုယ်တွင်းတန်ဖိုး,내면의 가치
누적적 우선주,320,mya_Mymr,စုစုပေါင်း ဦးစားပေးမှု။,집단적 우선순위입니다.
누적적참가우선주,241,mya_Mymr,စုစုပေါင်း ပူးပေါင်းဆောင်ရွက်မှု,집단적 협력
누적투표제,606,mya_Mymr,စုပေါင်းမဲပေးခြင်း,집단 투표
뉴라운드,815,mya_Mymr,နယူးရော့ဒ်,뉴로드
뉴욕증권거래소,321,mya_Mymr,နယူးယောက် စတော့အိတ်ချိန်း,뉴욕 증권거래소에서
니케이 평균지수,242,mya_Mymr,Nike ပျမ်းမျှ။,나이키 평균입니다.
다자간 차감,429,mya_Mymr,အိပ်ရာမဝင်တဲ့ အေးဆေးမှု,수면이 없는 차분함
다지수모형,607,mya_Mymr,ကြမ်းပြင်ပုံစံပါ။,바닥 모양입니다.
단기금융시장 상호기금,110,mya_Mymr,ရေတို ငွေကြေး စျေးကွက် ရင်းနှီးမြှုပ်နှံမှု,단기 금융시장 투자
단기금융시장,430,mya_Mymr,ရေတို ငွေကြေးစျေးကွက်ပါ။,단기 금융 시장입니다.
단기채,1120,mya_Mymr,ရေတိုချေးငွေပါ။,단기 대출입니다.
단독주주권,608,mya_Mymr,တစ်နိုင်ငံတည်း အချုပ်အခြာအာဏာ,"하나의 국가, 하나의 주권"
단순보관연계,431,mya_Mymr,ရိုးရှင်းတဲ့ ဆက်နွယ်မှုစနစ်ပါ။,단순한 연결 체계입니다.
단순주가지수,432,mya_Mymr,ရိုးရှင်းတဲ့ ကိန်းဂဏန်းပါ။,간단한 숫자입니다.
단순주가평균,433,mya_Mymr,သာမန်တစ်ပတ်မှာ ပျမ်းမျှ,보통 주간 평균입니다.
단위형 투자신탁,243,mya_Mymr,တစ်စိတ်တစ်ပိုင်း ရင်းနှီးမြှုပ်နှံမှု,부분적인 투자입니다.
단일지수모형,434,mya_Mymr,တစ်ခုတည်းသော ကိန်းဂဏန်းပုံစံပါ။,유일한 수치 모델입니다.
단주,1267,mya_Mymr,တစ်ပတ်။,1주일.
단주매각대금,435,mya_Mymr,တစ်ပတ်စာ လစာပါ။,이것은 일주일의 월급입니다.
담보거래,816,mya_Mymr,အကာအကွယ်ပေးတယ်။,보호합니다.
담보관리제도,436,mya_Mymr,အာမခံစနစ်ပါ။,보험 시스템입니다.
담보물,1121,mya_Mymr,ပံ့ပိုးမှု,지원
담보부사채,609,mya_Mymr,အာမခံစာချုပ်။,보험계약
담보유가증권,437,mya_Mymr,အာမခံစာချုပ်,보험계약
담보유지비율,438,mya_Mymr,ချုပ်ဆိုမှုနှုန်း,결제율
당일결제거래,439,mya_Mymr,တစ်နေ့တာ စီမံကိန်းပါ။,하루일 계획입니다.
당일자금,817,mya_Mymr,နေ့လည်စာ,점심
당좌대월,818,mya_Mymr,လက်ဝဲပါတီ,좌파 정당
당좌차월,819,mya_Mymr,လက်ဝဲဘက်က ကားတစ်စီး,왼쪽에 차가 있습니다.
대권,1268,mya_Mymr,အချုပ်အခြာအာဏာ,주권
대금지급보증시스템,182,mya_Mymr,ငွေကြေးထောက်ပံ့မှု အာမခံစနစ်ပါ။,자금보험제도입니다.
대기시스템,610,mya_Mymr,လေထုစနစ်,공기 시스템
대량매매,820,mya_Mymr,အရောင်းအဝယ် အများအပြား,많은 거래가 있었습니다.
대량주식보유상황공시제도,73,mya_Mymr,အစုလိုက်အပြုံလိုက် ရှယ်ယာတွေကို ထိန်းသိမ်းဖို့,대용량 주식을 유지하기 위해서죠.
대량주식소유의 제한,143,mya_Mymr,အစုရှယ်ယာ ပိုင်ဆိုင်မှု ကန့်သတ်ချက်,주식 소유의 제한
대변이체시스템,322,mya_Mymr,ကိုယ်စားလှယ်စနစ်,대리제도
대용가격,821,mya_Mymr,ကုန်ကျစရိတ်,비용
대용증거금 필요액,183,mya_Mymr,ကိုယ်စားလှယ်လောင်းအတွက် လိုအပ်တဲ့ ပမာဏပါ။,이것은 후보에게 필요한 양입니다.
대용증권,822,mya_Mymr,ခွင့်ပြုချက်,허락을 받았습니다.
대주,1269,mya_Mymr,မဟာမင်းကြီး။,황제님
대주비율,823,mya_Mymr,အိမ်ထောင်စု အမြတ်နှုန်း,가계수익률
대주주,1122,mya_Mymr,ပိုင်ရှင်ကြီး။,주인님.
대차수수료,611,mya_Mymr,ယာဉ်မောင်းခ,운전료
대체거래시스템,323,mya_Mymr,အစားထိုးတဲ့ ကုန်သွယ်ရေး စနစ်ပါ။,대체 무역 시스템입니다.
대체결제제도,440,mya_Mymr,အခြားနည်းလမ်းတွေလည်း ရှိပါတယ်။,다른 방법이 있습니다.
대체물/대체성,324,mya_Mymr,အစားထိုးမှု။,대체입니다.
대체비용위험,441,mya_Mymr,အစားထိုးတဲ့ ကုန်ကျစရိတ် အန္တရာယ်,대체비용의 위험성
대표소송,824,mya_Mymr,ကိုယ်စားပြုပြောဆိုချက်။,대리인 연설:
대표채권,825,mya_Mymr,ကိုယ်စားပြု ချေးငွေ,대리금 대출
대행업무 수탁계약,184,mya_Mymr,ရောင်းဝယ်ရေး လက်ဝယ်စာချုပ်,매매계약
데드크로스,612,mya_Mymr,Deadcross ပါ။,데드크로스입니다.
독일증권시장의 주가지수,74,mya_Mymr,ဂျာမန် စတော့စျေးကွက်ရဲ့ ရှယ်ယာရှင်တွေ,독일 주식 시장의 주주들은
동시호가,826,mya_Mymr,အချိန်ကိုက်,타이밍입니다.
동일주주,827,mya_Mymr,တူညီတဲ့ ပိုင်ရှင်။,공동 소유자입니다.
동증주가지수,442,mya_Mymr,ပူးတွဲ သက်သေခံပါ။,공동 증인이 되세요.
듀레이션,828,mya_Mymr,ဒူရေးရှင်း,두중성
등가수익률,613,mya_Mymr,အပြန်အလှန် အကျိုးအမြတ်နှုန်း,상호이익률
등록기관,829,mya_Mymr,မှတ်ပုံတင်ဌာန,주민등록소
등록대리인,614,mya_Mymr,မှတ်ပုံတင် ကိုယ်စားလှယ်။,등록 에이전트입니다.
등록법인,830,mya_Mymr,မှတ်ပုံတင် ဥပဒေ။,등록법입니다.
등록질,1123,mya_Mymr,မှတ်ပုံတင်ခြင်း,등록
등록채권,831,mya_Mymr,မှတ်ပုံတင် ချေးငွေ,등록금 대출
"등록필증, 등록필통지서",75,mya_Mymr,မှတ်ပုံတင်လက်မှတ်၊ မှတ်ပုံတင်လက်မှတ်။,"주민등록증, 주민등록증"
디스카운트 브로커,185,mya_Mymr,လျှော့စျေးပေးသူပါ။,저는 할인업자입니다.
딜러,1270,mya_Mymr,အရောင်းသမား။,판매자입니다.
랜덤워크가설,443,mya_Mymr,RandomWork ကို တည်ဆောက်ခြင်း။,랜덤워크를 만들고 있습니다.
랩 어카운트,444,mya_Mymr,RAP အကောင့်။,RAP 계정입니다.
런던은행간 대출금리,144,mya_Mymr,လန်ဒန်ဘဏ်အချင်းချင်း ချေးငွေ,런던의 융자입니다.
런던은행간 예금금리,145,mya_Mymr,လန်ဒန် ဘဏ်အချင်းချင်း ချေးငွေပါ။,런던의 은행간 대출입니다.
레버리지 효과,325,mya_Mymr,လွှမ်းမိုးမှု သက်ရောက်မှု။,영향력 효과입니다.
마코위츠 이론,326,mya_Mymr,Markowitz သီအိုရီ,마르코비츠 이론
마크다운,832,mya_Mymr,အမှတ်အသားချ,표기합니다.
마팅게일모형,445,mya_Mymr,မတ်တင်ဂေးလ် ပုံစံပါ။,이것은 마틴게일 모델입니다.
만기,1271,mya_Mymr,ထိတွေ့မှု။,촉각입니다.
만기보유전략,446,mya_Mymr,ထိတွေ့မှု ထိန်းသိမ်းရေး နည်းဗျူဟာ,촉각 보존 전략
만기수익률,615,mya_Mymr,နောက်ဆုံး အမြတ်နှုန်း,최종 수익률
매매거래정지,447,mya_Mymr,ရောင်းဝယ်မှု ရပ်ဆိုင်းမှုပါ။,거래 중단입니다.
매매거래중단,448,mya_Mymr,ရောင်းဝယ်ရေး ကော်မတီ။,마케팅 위원회.
매매보고서,616,mya_Mymr,အရောင်းအဝယ်ကို ကြည့်နေတာပါ။,우리는 거래를 보고 있습니다.
매매상대방,617,mya_Mymr,စျေးဝယ်ခန်း။,쇼핑몰.
매매심리,833,mya_Mymr,အရောင်းအဝယ်,도박
매매입회장,618,mya_Mymr,ရောင်းဝယ်ရေး ဦးစီးဌာန။,마케팅 부서입니다.
매매중지장치,449,mya_Mymr,ရောင်းဝယ်ရေး ကိရိယာပါ။,그것은 거래 도구입니다.
매매확인,834,mya_Mymr,ရောင်းချမှု အတည်ပြုတယ်။,판매가 확정되었습니다.
매출,1272,mya_Mymr,ရောင်းအား,판매
멀티미디어금융시대,186,mya_Mymr,မီဒီယာ ဘဏ္ဍာရေးခေတ်ပါ။,미디어 금융의 시대입니다.
명령상장,835,mya_Mymr,ညွှန်ကြားရေးမှူး,교장님
명목이자율,619,mya_Mymr,အမည်နဲ့နှုန်း,이름과 비율
명의개서 대행회사,187,mya_Mymr,နာမည်နဲ့ ခွေးကုမ္ပဏီပါ။,이름과 개 회사입니다.
명의개서 정지기간,188,mya_Mymr,နာမည်နဲ့ အမည်ကြားမှာ,이름과 이름 사이에
명의개서,836,mya_Mymr,နာမည်စာရင်းပါ။,이름 목록입니다.
명의개서대리인,327,mya_Mymr,နာမည်စာရင်းပေးသူပါ။,저는 등록자입니다.
명의개서대행업무,244,mya_Mymr,နာမည်စာရင်းထုတ်လုပ်ရေး လုပ်ငန်း,명목사업
모기지담보부증권,245,mya_Mymr,အိမ်ခြံမြေ အာမခံလက်မှတ်။,주택보험증입니다.
모듈기업,837,mya_Mymr,မော်ဂျူးကုမ္ပဏီ,모지우 회사
모집,1273,mya_Mymr,စုဆောင်းခြင်း,모집
모집설립,838,mya_Mymr,လူစုဆောင်းမှု,모집
무권화,1124,mya_Mymr,အာဏာမဲ့ခြင်း,무력감
무기명주식,620,mya_Mymr,အမည်မဖော်လိုခြင်း,이름 알려지지 않음
무기명채권,621,mya_Mymr,သက်တမ်းမပြည့်တဲ့ ချေးငွေ,단기 대출
무담보사채,622,mya_Mymr,စကားမပြောပါနဲ့။,말하지 마세요.
무배당,1125,mya_Mymr,အချိုးမချိုးပါ။,비대칭입니다.
무배주,1126,mya_Mymr,မူးယစ်ဆေးဝါး,마약
무보증사채,623,mya_Mymr,အာမခံမဲ့ ချေးငွေပါ။,보험이 없는 대출입니다.
무상증자,839,mya_Mymr,ဆုမရတဲ့ သက်သေ။,수상 경력이 없는 증인입니다.
무액면주식,624,mya_Mymr,ငွေကြေးမဲ့ ရှယ်ယာ,현금 없는 주식
무위험 이자율,328,mya_Mymr,အန္တရာယ်ကင်းတဲ့ အတိုးနှုန်း,위험 없는 금리
무의결권주,625,mya_Mymr,မဆုံးဖြတ်နိုင်သူပါ။,저는 의사결정을 하지 못합니다.
무츄얼펀드,626,mya_Mymr,ငွေကြေးရန်ပုံငွေ,자금 기금
물상대위,840,mya_Mymr,ရေတပ်။,해군입니다.
물적담보,841,mya_Mymr,ပစ္စည်းဆိုင်ရာ သတင်းအချက်အလက်။,물질적인 정보입니다.
뮤추얼펀드 관리회사,146,mya_Mymr,ရင်းနှီးမြှုပ်နှံမှု စီမံခန့်ခွဲရေး ကုမ္ပဏီပါ။,투자 관리 회사입니다.
뮤추얼펀드 인수회사,147,mya_Mymr,ရင်းနှီးမြှုပ်နှံမှု ရယူရေး ကုမ္ပဏီပါ။,투자 모집 회사입니다.
미국형옵션,627,mya_Mymr,အမေရိကန် ရွေးချယ်မှုပါ။,이것은 미국의 선택입니다.
미발행증권거래,329,mya_Mymr,စျေးကွက်မဝင်တဲ့ စက္ကူတွေ,시장에 팔리지 않는 종이입니다.
미청산계약,628,mya_Mymr,မိုက်ခရိုအာဆီဂျင် စာချုပ်။,미세 산소 계약
바벨형 만기구성전략,148,mya_Mymr,ဗာဗုလုန်ရဲ့ ရေရှည်တည်တံ့မှု နည်းဗျူဟာပါ။,이것은 바빌론의 지속가능성 전략이었습니다.
바스켓방식,629,mya_Mymr,ဘတ်စကက်ပုံစံပါ။,바구니 모양입니다.
바흐만보고서,450,mya_Mymr,Bach ကို ကြည့်နေတာပါ။,저는 바흐를 보고 있습니다.
반대매매,842,mya_Mymr,ဆန့်ကျင်ဘက် အရောင်း,반대로 판매합니다.
발기설립,843,mya_Mymr,ရုတ်တရက် ရုတ်တရက် ရုတ်တရက်,"갑자기, 갑자기, 갑자기."
발기인,1127,mya_Mymr,ရောင်ရမ်းမှု။,염증입니다.
발기인조합,630,mya_Mymr,ရောင်ရမ်းမှု ပေါင်းစပ်မှု။,염증의 조합입니다.
발행가액,844,mya_Mymr,ထုတ်ဝေမှု ပမာဏ,출판량
발행시장,845,mya_Mymr,ထုတ်ဝေမှု စျေးကွက်,출판 시장
배당,1274,mya_Mymr,အချိုးအစား,비율입니다.
배당가능이익,451,mya_Mymr,ဖြန့်ဝေလို့ရတဲ့ အကျိုးအမြတ်,분산된 이익입니다.
배당금지급청구권,246,mya_Mymr,အခကြေးငွေ ထောက်ပံ့မှု တောင်းဆိုခွင့်,지원금을 신청할 수 있는 권리
배당기산일,631,mya_Mymr,ခွဲဝေတဲ့နေ့။,분배일입니다.
배당락,1128,mya_Mymr,ကွဲပြားမှု။,다양성입니다.
배당성향,846,mya_Mymr,ဘက်လိုက်မှု။,편견입니다.
배당소득,847,mya_Mymr,အကျိုးခံစားမှု ရလာဒ်,그 결과로
배당소득세,632,mya_Mymr,အပိုဆုရငွေပါ။,그것은 보너스입니다.
배당의 정보효과,247,mya_Mymr,စာရင်းပေးခြင်းရဲ့ သတင်းအချက်အလက် သက်ရောက်မှု,등록의 정보화 효과
배당정책,848,mya_Mymr,ခွဲဝေရေး မူဝါဒ,차별화 정책
배당평가모형,452,mya_Mymr,အကဲဖြတ်မှု ပုံစံ,평가 패턴
배서,1275,mya_Mymr,နောက်ကျောမှာ,뒤쪽에 있습니다.
백워데이션,633,mya_Mymr,Backwardation ဆိုတာက,배후화란
벌처펀드,849,mya_Mymr,ဘဲလ်ချ်ဖောင်ဒ်။,벨치펀드입니다.
법정과실,850,mya_Mymr,တရားရုံးခန်း,법정
법정관리,851,mya_Mymr,တရားရေးဝန်ထမ်း။,공무원.
법정담보물권,453,mya_Mymr,တရားရုံးမှာ တာဝန်ယူခွင့်။,법정에서 책임을 져야 합니다.
법정대위,852,mya_Mymr,တရားရုံးမှာ,법정에서
법정청산,853,mya_Mymr,တရားရုံးချိန်း,법정 약속
베이시스,854,mya_Mymr,ဘေ့စ်စ်,베이스
베타계수,855,mya_Mymr,ဘီတာ ကိန်းဂဏန်း,비타 수입니다.
베타위험,856,mya_Mymr,ဗီတာ အန္တရာယ်ပါ။,비타 위험입니다.
병행증자,857,mya_Mymr,ဘေးထွက်ဆိုးကျိုးပါ။,부작용입니다.
보관기관,858,mya_Mymr,သိုလှောင်ရေး,저장소
보관원장,859,mya_Mymr,သိုလှောင်ရေးမှူး။,창고장님.
보관위험,860,mya_Mymr,ထိန်းသိမ်းမှု အန္တရာယ်။,보존의 위험이 있습니다.
보유기간수익률,330,mya_Mymr,ထိန်းသိမ်းမှု ကာလ အမြတ်နှုန်း,유지 기간 수익률
보유비용,861,mya_Mymr,ထိန်းသိမ်းမှု ကုန်ကျစရိတ်,유지비용
보증사채,862,mya_Mymr,အာမခံချက်။,보증입니다.
보통거래,863,mya_Mymr,ပုံမှန်အတိုင်းပါ။,평소처럼요.
보통결의,864,mya_Mymr,ပုံမှန်ဆုံးဖြတ်ချက်က,일반적인 결정은
보통주,1129,mya_Mymr,သာမန်နေ့ပါ။,평범한 하루였죠.
보호예수,865,mya_Mymr,ကိုယ်ခန္ဓာကို ကာကွယ်ပါ။,몸을 보호하세요.
보호예수증서,454,mya_Mymr,ခွင့်ပြုချက်။,허가.
복리채,1130,mya_Mymr,အဝတ်လျှော်စက်ပါ။,세탁기입니다.
복수통화대출,455,mya_Mymr,အပြန်အလှန် ရောင်းဝယ်မှု,상호 거래
복수통화표시채,331,mya_Mymr,လက်စားချေမှု အမှတ်အသားပါ။,복수의 상징입니다.
본질가치,866,mya_Mymr,ပင်ကိုယ်တန်ဖိုး,본질적인 가치
부당권유행위의 금지,149,mya_Mymr,တရားမျှတမှုမရှိတဲ့ လုပ်ရပ်တွေကို တားမြစ်တယ်။,불공정한 행위를 금지합니다.
부도방지협약,456,mya_Mymr,အန္တရာယ်ကင်းစင်ရေး သဘောတူစာချုပ်။,안전성 조약
부도처리유예,457,mya_Mymr,အဝတ်လျှော်စက်ပါ။,세탁기입니다.
부동담보제도,458,mya_Mymr,မျောနေတဲ့ အာမခံစနစ်ပါ။,그것은 떠있는 보험 시스템입니다.
부동산 투자신탁,248,mya_Mymr,အိမ်ခြံမြေ ရင်းနှီးမြှုပ်နှံမှု,부동산 투자
부동주,1131,mya_Mymr,မျောလွင့်နေတာပါ။,떠다니고 있습니다.
부동화,1132,mya_Mymr,မျောနေခြင်း,떠다니는 것
부보관기관,634,mya_Mymr,ထောက်ပံ့စောင့်ရှောက်ရေးဌာန,지원 서비스
부실채권 정리기금,189,mya_Mymr,ချေးငွေချေးငွေ,"대출, 대출"
부실채권,867,mya_Mymr,ချေးငွေ ချိုးဖောက်မှု,부실한 채권
부실채권정리기금채권,150,mya_Mymr,ချေးငွေမဲ့ ချေးငွေမဲ့ ချေးငွေမဲ့,신용없이 신용없이 신용없이 신용없이
부전환대리인,459,mya_Mymr,ငွေလဲလှယ်မှု အပိုင်းပါ။,교환의 부분입니다.
분리결제,868,mya_Mymr,ခွဲခြားရေး ဖြေရှင်းရေး,인종차별에 대한 해결책
분리과세,869,mya_Mymr,ကွဲပြားမှုပါ။,그것은 차이입니다.
분리형증권,635,mya_Mymr,ကွဲပြားတဲ့ လက်မှတ်ပါ။,다른 서명입니다.
분매기관,870,mya_Mymr,ဖြန့်ဖြူးရေး ကိရိယာ,배포장치
분배락조치,636,mya_Mymr,ဖြန့်ဖြူးမှု အချိုးအစား,분포율
분산투자,871,mya_Mymr,ဖြန့်ဖြူးထားတဲ့ ရင်းနှီးမြှုပ်နှံမှု,분산된 투자입니다.
분할납입채,637,mya_Mymr,ပိုင်းခြားထားတဲ့ ဝင်ငွေ။,분산된 소득입니다.
불독채,1133,mya_Mymr,စာမတတ်ဘူး။,문맹이었습니다.
불릿채,1134,mya_Mymr,မိုက်မဲတယ်။,바보같습니다.
브래디채권,638,mya_Mymr,Brady ချေးငွေ,브레이디 대출
브로커,1135,mya_Mymr,ရောင်းဝယ်သူ,판매자
브로커스 론,460,mya_Mymr,ဘရိုကာစ် Ron,브로커스 론
브릿지,1136,mya_Mymr,တံတား။,다리입니다.
브릿지론,872,mya_Mymr,ဘရစ်ဂျီရွန်,브리지런
블루 리스트,461,mya_Mymr,အပြာစာရင်းပါ။,파란 목록입니다.
비가격경쟁,639,mya_Mymr,မိုးရွာသွန်းမှု ပြိုင်ပွဲ။,비가 오는 경주입니다.
비거주자,873,mya_Mymr,ဒုက္ခသည်တွေ,난민들.
비과세소득,640,mya_Mymr,အခွန်မဲ့ ဝင်ငွေ,세금 없는 소득
비상장증권,641,mya_Mymr,အရေးပေါ်လက်မှတ်။,응급권입니다.
비전형계약,642,mya_Mymr,လျှပ်စစ်မဟုတ်တဲ့ စာချုပ်ပါ။,이것은 비전자적인 계약입니다.
비체계적 위험,332,mya_Mymr,စနစ်မကျတဲ့ အန္တရာယ်ပါ။,이것은 비 체계적인 위험입니다.
비통화금융기관,333,mya_Mymr,ငွေကြေးမဟုတ်တဲ့ ငွေကြေးအဖွဲ့အစည်းတွေ,비금융 기관
비회원증권회사,334,mya_Mymr,အဖွဲ့ဝင်မဟုတ်တဲ့ စက္ကူကုမ္ပဏီပါ။,비회사적인 종이 회사입니다.
빅뱅,1276,mya_Mymr,မဟာပေါက်ကွဲမှုပါ။,빅뱅입니다.
빅보오드,874,mya_Mymr,ဘုတ်ကြီး။,보드입니다.
빗더마켓 전략,335,mya_Mymr,မိတ်ကပ်စျေးကွက် မဟာဗျူဟာ,메이크업 마케팅 전략
사고신고,875,mya_Mymr,မတော်တဆဖြစ်ခဲ့တယ်။,사고가 있었습니다.
사고증권 가신고제도,151,mya_Mymr,ယာဉ်မတော်တဆမှု လိုင်စင်နဲ့ ထောင်ဒဏ်,운전면허증과 감옥살이
사고증권,876,mya_Mymr,မတော်တဆမှု လက်မှတ်,교통사고 시인서
사내유보,877,mya_Mymr,ယောကျ်ားလေး။,남자입니다.
사다리형 만기구성전략,111,mya_Mymr,လှေခါးထစ် အရှည်ခံ နည်းဗျူဟာပါ။,이것은 지속가능한 전략입니다.
사모,1277,mya_Mymr,မောင်နှမ။,형제자매들
사모펀드,878,mya_Mymr,SAMOFOND ပါ။,이건 SAMOFOND입니다.
사무라이본드,462,mya_Mymr,Samurai Bond ပါ။,'사무라이 본드'입니다.
사설증권시장,463,mya_Mymr,ပိုင်ဆိုင်မှု စျေးကွက်,부동산 시장
사업보고서,643,mya_Mymr,စီးပွားရေး အစီရင်ခံစာမှာ,경제 보고서는
사업설명서,644,mya_Mymr,လုပ်ငန်း အစီရင်ခံစာ။,사업보고서.
사이또리회원,464,mya_Mymr,Saitori အဖွဲ့ဝင်။,사이토리 팀원입니다.
사이버 주주총회,249,mya_Mymr,ဆိုက်ဘာ ရှယ်ယာရှင်များ အစည်းအဝေး,사이버 주주총회
사전매매대조과정,250,mya_Mymr,အရောင်းအဝယ် ကြိုတင် ညှိနှိုင်းမှု,매매를 위한 사전 협상
사채권,1137,mya_Mymr,ချေးငွေ,대출
사채발행,879,mya_Mymr,ချေးငွေချေမှု,빚을 갚는 것
사채원부,880,mya_Mymr,ဘဏ္ဍာရေး ဝန်ကြီး။,재무장관입니다.
산업금융채권,465,mya_Mymr,စက်မှု ဘဏ္ဍာရေး ချေးငွေ,산업 금융 대출
상계적 차감,466,mya_Mymr,မြင့်မားတဲ့ အေးချမ်းမှုပါ။,더 큰 평화입니다.
상대매매,881,mya_Mymr,အပြန်အလှန် ရောင်းဝယ်ခြင်း,서로 거래하는 것.
상대매매,882,mya_Mymr,အပြန်အလှန် ရောင်းဝယ်ခြင်း,서로 거래하는 것.
상쇄거래,883,mya_Mymr,ရောင်းဝယ်မှု,매거진
상임대리인,645,mya_Mymr,အမြဲတမ်း ကိုယ်စားလှယ်ပါ။,항상 대리인입니다.
상장,1278,mya_Mymr,မန်နေဂျာ။,매니저:
상장심사기준,467,mya_Mymr,စျေးကွက်ဆိုင်ရာ စံနှုန်းပါ။,그것은 시장의 표준입니다.
상장회사협의회,336,mya_Mymr,ရင်းနှီးမြှုပ်နှံမှု ကောင်စီ,투자협의회
상품유가증권,468,mya_Mymr,ကုန်စည်ပိုင်ဆိုင်မှု လက်မှတ်,물품 소유권 증명서
상호결제제도,469,mya_Mymr,အပြန်အလှန် ဖြေရှင်းရေး စနစ်ပါ။,이것은 상호 결제 시스템입니다.
상호다중연계,470,mya_Mymr,အပြန်အလှန်ဆက်သွယ်မှု,상호작용입니다.
상호단일연계,471,mya_Mymr,အပြန်အလှန်ဆက်သွယ်မှု,상호작용입니다.
상호동시거래,472,mya_Mymr,အပြန်အလှန် ကုန်သွယ်မှု,상호 무역
상호동시거래,473,mya_Mymr,အပြန်အလှန် ကုန်သွယ်မှု,상호 무역
상호연계,884,mya_Mymr,အပြန်အလှန် ဆက်သွယ်မှု,상호작용입니다.
상호주,1138,mya_Mymr,အပြန်အလှန် ပိုင်ရှင်။,공동 소유자입니다.
상환,1279,mya_Mymr,ပြန်ဆပ်ပေးပါ။,갚으세요.
상환주,1139,mya_Mymr,ပြန်ပေးသူ။,보답자입니다.
서면투표제,646,mya_Mymr,စာရေးမဲပေးခြင်း,서면 투표
선도거래,885,mya_Mymr,လမ်းညွှန်ပေးတယ်။,지도합니다.
선도계약,886,mya_Mymr,ရှေ့ဆောင် စာချုပ်။,계약서입니다.
선물거래,887,mya_Mymr,လက်ဆောင်တွေ လဲလှယ်တယ်။,그들은 선물을 주고받습니다.
선물거래위원회,337,mya_Mymr,လက်ဆောင်ရောင်းဝယ်ရေး ကော်မတီ,선물 판매 위원회
선물계약,888,mya_Mymr,လက်ဆောင်စာချုပ်။,선물 계약서
선물시장,889,mya_Mymr,လက်ဆောင်စျေးပါ။,선물 가격입니다.
선물중개상,647,mya_Mymr,လက်ဆောင်အလှူရှင်,기증자
선물환,1140,mya_Mymr,လက်ဆောင်တွေ ပြန်ပေးတယ်။,저는 선물을 돌려주었습니다.
선물환마진,648,mya_Mymr,လက်ဆောင်တွေ လဲလှယ်ဖို့ပါ။,선물 교환을 위해서죠.
선의취득,890,mya_Mymr,အကောင်းမြင်မှု ရယူခြင်း,낙관적인 태도를 가지세요.
성장주,1141,mya_Mymr,ကြီးထွားမှု,성장
소비대차,891,mya_Mymr,စားသုံးသူကားတွေ,소비자 자동차입니다.
소비임치,892,mya_Mymr,စားသုံးမှု,소비
소수주주권,649,mya_Mymr,အနည်းစုပိုင်ဆိုင်မှု,소수자 소유
소액주주,893,mya_Mymr,ရှယ်ယာရှင် အသေးစားတွေ,작은 주주들이죠.
송금이체,894,mya_Mymr,ငွေလွှဲစက်။,현금 송금기
수권자본제도,474,mya_Mymr,မူပိုင်ခွင့် အရင်းရှင်စနစ်ပါ။,특허자본주의입니다.
수도부족분<결제부족분>,76,mya_Mymr,အချုပ်အခြာအာဏာရှင်။,주권자입니다.
수량우선의 원칙,251,mya_Mymr,အရေအတွက် ဦးစားပေးမှု မူဝါဒ,우선 순위 정책입니다.
수요예측방식,475,mya_Mymr,ဝယ်လိုအား ခန့်မှန်းနည်း,수요를 예측하는 방법
수의상환<임의상환>,152,mya_Mymr,ဗီတာမင် ကုသမှု။,비타민 치료.
수의상환사채,476,mya_Mymr,ဗီတာမင်ကုသမှုအတွက်,비타민 치료를 위해
수익률,1142,mya_Mymr,အမြတ်နှုန်း,수익률
수익률곡선,650,mya_Mymr,အမြတ်နှုန်း မျဉ်းကွေး,수익률 곡선
수익률곡선타기전략,190,mya_Mymr,အကျိုးအမြတ် မျဉ်းကွေးကို ကျော်လွှားဖို့ နည်းဗျူဟာပါ။,이윤곡선을 넘어서기 위한 전략입니다.
수익률스프레드,338,mya_Mymr,အမြတ်နှုန်း ပျံ့နှံ့မှု,이윤의 분포
수익자,1143,mya_Mymr,ဝင်ငွေရှာသူ။,돈을 버는 사람입니다.
수익증권,895,mya_Mymr,ဝင်ငွေလက်မှတ်တွေ,수입증서
수정주가평균,477,mya_Mymr,သန္ဓေသား ပျမ်းမျှက,태아의 평균은
수탁계약준칙,478,mya_Mymr,လက်ဝယ်စာချုပ် စည်းမျဉ်း။,계약 조건입니다.
수탁자,1144,mya_Mymr,လက်ခံသူ။,수신자
수탁회사,896,mya_Mymr,လက်ဝယ်ကုမ္ပဏီပါ။,이것은 거래 회사입니다.
순수무액면주식,339,mya_Mymr,ပကတိ ငွေကြေးမဲ့ ရှယ်ယာ,완전히 현금 없는 주식입니다.
순운전자본,651,mya_Mymr,သန့်ရှင်းတဲ့ လျှပ်စစ်ဓာတ်ပုံ။,순수한 전기 사진입니다.
순자산가치,652,mya_Mymr,ပိုက်ဆံတန်ဖိုး,금전적 가치
순차변·순대변잔고포지션,77,mya_Mymr,အတန်းလိုက်၊ အတန်းလိုက်၊ အတန်းလိုက်၊ အတန်းလိုက်၊ အတန်းလိုက်,"줄지어, 줄지어, 줄지어, 줄지어"
스왑거래,897,mya_Mymr,စကော့ ဂါလာပါ။,스코트 갈라입니다.
스왑션,1145,mya_Mymr,စကန့်ရှန်,스칸샤인
스위스옵션 금융선물거래소,60,mya_Mymr,ဆွစ်ရွေးချယ်မှု ငွေကြေးလက်ဆောင် ရောင်းဝယ်ရေး,스위스 옵션 선물 거래
스칼퍼,1146,mya_Mymr,စကယ်ဖာ။,스케일퍼.
스톡옵션,898,mya_Mymr,စတော့ ရွေးချယ်မှု,주식 선택
스트래들,899,mya_Mymr,Straddle တွေ။,스트래들.
스트랩,1147,mya_Mymr,ခါးပတ်ပါ။,벨트입니다.
스트립,1148,mya_Mymr,Strip ပါ။,스트립입니다.
스페셜리스트,479,mya_Mymr,ကျွမ်းကျင်သူ,전문가
스폿펀드,900,mya_Mymr,စပိန်ငွေကြေး,스페인 화폐
스프레드,901,mya_Mymr,ပျံ့နှံ့မှု။,전염성입니다.
스프레드거래,480,mya_Mymr,စပရင်ဒ် ကုန်သွယ်မှု,스프링트 무역
스프레드운용,481,mya_Mymr,ပျံ့နှံ့မှု လုပ်ဆောင်ချက်,퍼져나가는 기능
스프리트,902,mya_Mymr,စပရစ်။,스피리트.
시가발행제도,482,mya_Mymr,စျေးကွက်ကို မောင်းနှင်တဲ့ စနစ်ပါ။,이것이 시장을 움직이는 시스템입니다.
시가총액,903,mya_Mymr,အစုရှယ်ယာ,주식
시가총액식 주가지수,153,mya_Mymr,စျေးကွက် အစုရှယ်ယာ,주식 시장
시간외 종가매매,252,mya_Mymr,အချိန်ပိုရောင်းတယ်,더 많은 시간을 팔았습니다.
시간우선의 원칙,253,mya_Mymr,အချိန်ရဲ့ ရှေ့ဆက်မှု မူဝါဒ,시간의 흐름의 법칙입니다.
시스템위험,653,mya_Mymr,စနစ် အန္တရာယ်။,시스템 위기
시장분할이론,483,mya_Mymr,စျေးကွက်ခွဲဝေမှုပါ။,바로 마케팅입니다.
시장위험,904,mya_Mymr,စျေးကွက် အန္တရာယ်,시장의 위험성
시장주문,905,mya_Mymr,စျေးကွက် မေးခွန်း,시장의 질문입니다.
시장타이밍수입,340,mya_Mymr,စျေးကွက် အချိန်သွင်းခြင်း,시장 타이밍
시장포트폴리오,341,mya_Mymr,စျေးကွက် ပိုင်ဆိုင်မှု,시장 소유
시차유동성위험,342,mya_Mymr,အချိန်ကိုက် ရွေ့ရှားမှု အန္တရာယ်ပါ။,타임 모션의 위험입니다.
신규상장,906,mya_Mymr,စျေးကွက်သစ်ပါ။,새로운 시장입니다.
신디케이트,654,mya_Mymr,Syndicate ပါ။,'시니케이트'입니다.
신용거래,907,mya_Mymr,ငွေပေးချေမှု,결제
신용위험,908,mya_Mymr,ခရက်ဒစ် အန္တရာယ်,신용위험
신용평가기관,484,mya_Mymr,ခရက်ဒစ် အဆင့်သတ်မှတ်ရေးဌာန,신용등급 기관
신주인수권,655,mya_Mymr,ပိုင်ရှင်သစ် အခွင့်အရေး,새로운 소유자의 권리
신주인수권부사채,254,mya_Mymr,ပိုင်ရှင်သစ်ပိုင်ဆိုင်မှု ချေးငွေ,새로운 소유자 대출
신주인수권증권,343,mya_Mymr,အိမ်ရှင်လိုင်စင် လက်မှတ်,주인의 면허증
신주인수권증서,344,mya_Mymr,အိမ်ရှင်လိုင်စင် လက်မှတ်။,주인의 면허증입니다.
신탁,1280,mya_Mymr,ယုံကြည်မှုပါ။,자신감입니다.
신탁계정,909,mya_Mymr,ယုံကြည်မှု သဘောတူညီချက်။,신뢰 협정입니다.
신탁법,1149,mya_Mymr,ယုံကြည်မှု ဥပဒေ။,신뢰의 법칙
신탁보수,910,mya_Mymr,ကိုယ်စားလှယ်။,에이전트입니다.
신탁자,1150,mya_Mymr,ကိုယ်စားလှယ်။,에이전트입니다.
신탁재산,911,mya_Mymr,ယုံကြည်မှု ပိုင်ဆိုင်မှု။,신뢰와 소유입니다.
신탁재산표시 말소,191,mya_Mymr,ယုံကြည်မှုအမှတ်တံဆိပ် မဟုတ်ဘူး။,그것은 신뢰의 표지판이 아닙니다.
신탁회사,912,mya_Mymr,ယုံကြည်မှု ကုမ္ပဏီပါ။,우리는 신뢰 기업입니다.
실권주,1151,mya_Mymr,အာဏာရှင်။,독재자입니다.
실기주,1152,mya_Mymr,လေ့ကျင့်ခန်း,운동.
실기주과실,656,mya_Mymr,လက်တွေ့ဆေးခန်း။,실험실입니다.
실물거래,913,mya_Mymr,တကယ့် ကုန်သွယ်မှုပါ။,이건 진짜 거래입니다.
실물결제,914,mya_Mymr,လက်တွေ့ ဖြေရှင်းနည်း,실용적인 해결책
실시간 총액(량)결제시스템,53,mya_Mymr,အချိန်နဲ့တပြေးညီ စုစုပေါင်း (သို့) ပမာဏ ဆုံးဖြတ်ချက်စနစ်,실시간 집합적 또는 양적 의사결정 시스템입니다.
실적배당신탁,485,mya_Mymr,တကယ်က သင့်စားပွဲပါ။,물론 여러분의 책상입니다.
실질이자율,657,mya_Mymr,လက်တွေ့နဲ့ အချိုးအစား,현실과 연대성
실질주주 권리배정 명세표,61,mya_Mymr,ပိုင်ရှင်ပိုင်ဆိုင်မှု စာရင်း,소유자 목록
실질주주,915,mya_Mymr,လက်တွေ့ ရှယ်ယာရှင်,실질적인 주주
실질주주증명서제도,192,mya_Mymr,တကယ့် ရှယ်ယာရှင် လက်မှတ်စနစ်ပါ။,이것은 실제 주주 서명 시스템입니다.
실현수익률,658,mya_Mymr,အကျိုးအမြတ်ရရှိမှုနှုန်း,수익률
실효이자율,659,mya_Mymr,ထိရောက်မှုနှုန်းနဲ့,효율성입니다.
쌍방연계방식,486,mya_Mymr,နှစ်ဖက်ဆက်သွယ်မှု ပုံစံပါ။,이것은 양방향 커뮤니케이션 모델입니다.
써클결제,916,mya_Mymr,စက်ဝန်း ဖြေရှင်းရေး,고리를 풀고 있습니다.
아리랑본드,660,mya_Mymr,အာရီလန်းဘွန်ဒ်။,아릴랜드 본드.
아시아·태평양 중앙예탁기관협의회,28,mya_Mymr,အာရှ-ပစိဖိတ် ဗဟိုစီမံခန့်ခွဲရေးကောင်စီ,아시아-태평양 중앙 집행위원회
아시안달러본드,345,mya_Mymr,အာရှဒေါ်လာဘဏ်,아시아 달러 은행
액면가,1153,mya_Mymr,အရည်မျက်နှာပြင်,액체의 표면
액면발행,917,mya_Mymr,ရေစီးဆင်းမှု,물의 흐름
액면분할,918,mya_Mymr,အရည်ကို ခွဲလိုက်ပါ,액체를 분리합니다.
양도담보,919,mya_Mymr,လက်လျှော့ဖို့ ပြောတယ်။,포기하라고 했습니다.
양도성예금증서,346,mya_Mymr,ငွေပေးချေမှု လက်မှတ်,결제증서
양키달러시장,487,mya_Mymr,Yankee ဒေါ်လာ စျေးကွက်။,양키 달러 시장.
양키본드,920,mya_Mymr,ဂျန်ကီဘွန်,젠키본
어카운트 결제,347,mya_Mymr,ငွေပေးချေမှု,결제
언더라이터,661,mya_Mymr,အူဒါရိုက်တာ။,저는 감독입니다.
역금리,1154,mya_Mymr,ဆန့်ကျင်ဘက် အတားအဆီးပါ။,반대편의 장벽입니다.
역레포,1155,mya_Mymr,အပြန်အလှန် ထိန်းချုပ်မှု။,상호 제어입니다.
역분식결산,662,mya_Mymr,ဆန့်ကျင်ဘက် အချိုးအစား,역비례입니다.
역외금융,921,mya_Mymr,ငွေလဲလှယ်ငွေလဲလှယ်,교환 교환
역외시장,922,mya_Mymr,ဆန့်ကျင်ဘက် စျေးကွက်,반대 시장입니다.
역외자금,923,mya_Mymr,ငွေကြေးအလွန်အကျွံ,돈이 너무 많았어요.
역외펀드,924,mya_Mymr,ဆန့်ကျင်ဘက် ရံပုံငွေ။,대립기금입니다.
연기금,1156,mya_Mymr,နောက်ဆုတ်ငွေ,추출금
연방준비은행,488,mya_Mymr,Fed ဘဏ်ပါ။,미국 연방은행입니다.
연방준비제도,489,mya_Mymr,ဖက်ဒရယ် ငွေကြေးထောက်ပံ့ရေးစနစ်,연방금융시스템입니다.
연속결제,925,mya_Mymr,ဆက်တိုက် ဖြေရှင်းခြင်း။,연속적인 해결입니다.
연속차감결제,490,mya_Mymr,အဆက်မပြတ် ဆုံးဖြတ်ချက်ချခြင်း,계속 결정을 내립니다.
연쇄거래,926,mya_Mymr,ဆက်စပ်ရောင်းချမှု။,컨텍스트 판매입니다.
영구사채,927,mya_Mymr,အမြဲတမ်း ချေးငွေပါ။,보통은 대출입니다.
영시조항,928,mya_Mymr,အင်္ဂလိပ် ဥပဒေ။,영국 법입니다.
예납조치,929,mya_Mymr,ငွေပေးချေမှု,결제
예비증권,930,mya_Mymr,အာမခံစာရင်း,보험계약
예탁,1281,mya_Mymr,ကမ်းလှမ်းချက်။,제안입니다.
예탁계좌,931,mya_Mymr,ငွေပေးချေမှု,결제
예탁대상유가증권,255,mya_Mymr,လက်ဝယ်လက်မှတ်။,상품권.
예탁자,1157,mya_Mymr,စောင့်ရှောက်သူ။,보호자입니다.
예탁자계좌부,491,mya_Mymr,စာရင်းကိုင်ဌာန။,회계부
예탁자기금,663,mya_Mymr,အပ်နှံငွေပါ။,예금입니다.
예탁증명서제도,348,mya_Mymr,အပ်နှံစာရွက်စာတမ်းစနစ်ပါ။,이것은 신뢰기록 시스템입니다.
예탁증서,932,mya_Mymr,လက်မှတ်။,서명하세요.
옐로우칩,933,mya_Mymr,ခရမ်းချဉ်သီး,토마토.
오버나이트 repo,154,mya_Mymr,ညတွင်းချင်း ပြန်ပို့ခြင်း။,밤새 배송됩니다.
온라인 리얼타임 시스템,78,mya_Mymr,အွန်လိုင်း အချိန်နဲ့တပြေးညီ စနစ်ပါ။,실시간 온라인 시스템입니다.
온라인 증권거래,256,mya_Mymr,အွန်လိုင်း စတော့စျေးကွက်,온라인 주식시장
온라인 투자은행,257,mya_Mymr,အွန်လိုင်း ရင်းနှီးမြှုပ်နှံမှု ဘဏ်,온라인 투자은행
옵션,1282,mya_Mymr,ရွေးချယ်မှု,선택
옵션가격결정모형,258,mya_Mymr,ရွေးချယ်မှု ဈေးနှုန်း ဆုံးဖြတ်မှု ပုံစံ,선택 가격 결정 모델
옵션거래,934,mya_Mymr,ရွေးချယ်မှု စျေးကွက်,선택의 시장
옵션부사채,664,mya_Mymr,ရွေးချယ်မှု ချေးငွေ,선택적 대출
외국보관기관,492,mya_Mymr,နိုင်ငံခြား လုံခြုံရေးဌာန,국무안보부
외국시장거래,493,mya_Mymr,နိုင်ငံခြားစျေးကွက် ရောင်းဝယ်မှု,해외 시장에서의 거래
외국인 투자등록번호,155,mya_Mymr,နိုင်ငံခြားရင်းနှီးမြှုပ်နှံမှု မှတ်ပုံတင် နံပါတ်ပါ။,이 번호는 외국인 투자자등록번호입니다.
외국채,1158,mya_Mymr,နိုင်ငံခြား ငွေကြေး,외환 통화
외국환거래법,494,mya_Mymr,နိုင်ငံခြားငွေလဲလှယ် ဥပဒေ,외환법
외부금융,935,mya_Mymr,ပြင်ပ ရံပုံငွေ,외부 자금
외수펀드,936,mya_Mymr,အပြင်ပ ရံပုံငွေ။,외부 자금.
외평채,1159,mya_Mymr,ပွင့်လင်းမြင်သာတယ်။,투명합니다.
외화증권,937,mya_Mymr,ငွေကြေးလက်မှတ်တွေ,장본입니다.
외화차입 담보관리제,156,mya_Mymr,နိုင်ငံခြားငွေလဲလှယ်မှု ထိန်းချုပ်ရေးစနစ်။,외환통화 시스템입니다.
외환시장,938,mya_Mymr,ငွေလဲလှယ်စျေးကွက်,외환시장
우량주,1160,mya_Mymr,ကျေးဇူးတင်ပါတယ်။,감사합니다.
우리사주조합,495,mya_Mymr,ကျွန်တော်တို့ရဲ့ အစုရှယ်ယာရှင် အဖွဲ့အစည်းပါ။,우리 주식회사입니다.
우선주,1161,mya_Mymr,ဦးစားပေးပါ။,우선순위를 정하세요.
운영위험,939,mya_Mymr,လည်ပတ်မှု အန္တရာယ်။,운용 위험.
운영위험,940,mya_Mymr,လည်ပတ်မှု အန္တရာယ်။,운용 위험.
워크아웃,941,mya_Mymr,လေ့ကျင့်ခန်း။,운동하세요.
원본위험,942,mya_Mymr,မူလ အန္တရာယ်ပါ။,근본적인 위험입니다.
원천과세,943,mya_Mymr,အရင်းအမြစ်နဲ့ အခွန်,출처와 세금
원천징수,944,mya_Mymr,အရင်းအမြစ် ဖမ်းယူခြင်း,자원을 포착합니다.
원화표시채권,496,mya_Mymr,ငွေကြေးအမှတ်တံဆိပ် ချေးငွေ,토큰 대출
웹거래시스템,497,mya_Mymr,အွန်လိုင်း ကုန်သွယ်ရေး စနစ်,온라인 상거래 시스템
위약손해배상공동기금,157,mya_Mymr,အတုအယောင် အပျက်အစီးအတွက် အစုလိုက်အပြုံလိုက် လျော်ကြေး။,가상의 피해에 대한 집단적 보상입니다.
위임장,1162,mya_Mymr,တာဝန်ရှိသူ။,책임감 있는 사람입니다.
위임장경쟁,665,mya_Mymr,ကိုယ်စားလှယ်လောင်းပြိုင်ပွဲ,대선 경선
위탁매매,945,mya_Mymr,အပ်နှံရောင်းချမှု။,매매입니다.
위탁수수료,666,mya_Mymr,အပ်နှံမှု အခကြေးငွေ,기증금
위탁자,1163,mya_Mymr,တာဝန်ရှိသူ။,책임감 있는 사람입니다.
위탁자청산서비스,259,mya_Mymr,အပ်နှင်းသူ သန့်ရှင်းရေး ဝန်ဆောင်မှု,위탁 청소 서비스
위탁증거금,667,mya_Mymr,အာမခံစာရွက်စာတမ်း။,보험 서류입니다.
위탁회사,946,mya_Mymr,အပ်နှံကုမ္ပဏီပါ။,이것은 투자회사입니다.
위험프리미엄,498,mya_Mymr,အရဲစွန့်မှု အပိုဆုပါ။,그것은 위험 보너스입니다.
유가증권 현송,349,mya_Mymr,အိမ်ခြံမြေ လက်မှတ်လွှဲပြောင်းခြင်း,재산을 양도하는 것
유가증권,947,mya_Mymr,အိမ်ခြံမြေလက်မှတ်,토지 지점
유가증권신고서,350,mya_Mymr,အမိန့်စာရွက်စာတမ်းမှာ,이 명령은
유동성,1164,mya_Mymr,အရည်အသွေး,자질
유동성위험,668,mya_Mymr,ငွေလွှဲပြောင်းမှု အန္တရာယ်ပါ။,금융위험입니다.
유동화 중개기관,260,mya_Mymr,အရည်အသွေးမြှင့်တင်ရေး ကြားခံစနစ်။,품질 향상 인터페이스입니다.
유럽중앙예탁기관협의회,112,mya_Mymr,ဥရောပ ဗဟိုအလေးထားမှု အဖွဲ့ချုပ်,유럽중심주의연합
유럽중앙은행,499,mya_Mymr,ဥရောပဗဟိုဘဏ်,유럽 중앙은행
유럽통화단위,500,mya_Mymr,ဥရောပငွေကြေးအဖွဲ့,유럽 금융 기구
유럽통화제도,501,mya_Mymr,ဥရောပငွေကြေးစနစ်,유럽 금융 시스템
유럽형 옵션,502,mya_Mymr,ဥရောပပုံစံ ရွေးချယ်မှု,유럽 모델 선택
유로,1283,mya_Mymr,ယူရို,유로
유로달러,948,mya_Mymr,ယူရိုဒေါ်လာ,유로 달러
유로머니,949,mya_Mymr,ယူရိုငွေ။,유로입니다.
유로본드,950,mya_Mymr,ယူရိုဘောင်,유로 프레임
유로시장,951,mya_Mymr,ယူရိုစျေးကွက်,유로 시장
유로통화,952,mya_Mymr,ယူရိုငွေကြေး,유로화폐
유보율,1165,mya_Mymr,မွေးဖွားမှုနှုန်း,출산율
유상증자,953,mya_Mymr,မျက်မြင်သက်သေ,목격자
유지증거금,669,mya_Mymr,ထောက်ပံ့မှု ထောက်ပံ့မှု,지원 지원
유지청구권,670,mya_Mymr,ထိန်းသိမ်းခွင့် တောင်းဆိုချက်,보존청구
유치권,1166,mya_Mymr,ကလေးထိန်းခွင့်,자녀 양육권
유통시장,954,mya_Mymr,ဖြန့်ဖြူးရေး စျေးကွက်,유통시장
유통DR,955,mya_Mymr,ဖြန့်ဖြူးမှု DR,분포 DR
의결권 대리인,351,mya_Mymr,ရွေးချယ်ခွင့် ကိုယ်စားလှယ်ပါ။,선택의 대리인입니다.
의결권 불통일행사,193,mya_Mymr,ဆုံးဖြတ်ချက်ချခွင့် ပဋိပက္ခ,의사결정권 갈등
의결권,1167,mya_Mymr,ဆုံးဖြတ်ပိုင်ခွင့်,의사결정권
의결권대리행사 권유,158,mya_Mymr,ဆုံးဖြတ်ချက်ချတဲ့ ကိုယ်စားလှယ်တွေကို တိုက်တွန်းတယ်။,우리는 의사결정 기관에 힘을 실어줍니다.
의결권대리행사 권유,159,mya_Mymr,ဆုံးဖြတ်ချက်ချတဲ့ ကိုယ်စားလှယ်တွေကို တိုက်တွန်းတယ်။,우리는 의사결정 기관에 힘을 실어줍니다.
의결권신탁,671,mya_Mymr,ဆုံးဖြတ်ချက်ချပိုင်ခွင့် ယုံကြည်မှု။,의사결정권에 대한 믿음
의결권주,956,mya_Mymr,ဆုံးဖြတ်ချက်ချသူ,의사결정자
의결권행사의 제한,194,mya_Mymr,ဆုံးဖြတ်ချက်ချသူတွေရဲ့ ကန့်သတ်ချက်,의사결정자의 한계
의제배당,957,mya_Mymr,ပွဲစားပွဲမှာ,연회 테이블에서
의제예탁,958,mya_Mymr,ပရိုဂျက်စာရင်း,프로젝트 목록
이머징 마켓,503,mya_Mymr,အံ့ဩစရာ စျေးပါ။,놀라운 가격입니다.
이익배당,959,mya_Mymr,အကျိုးအမြတ် ခွဲဝေခြင်း။,이익의 분배.
이익잉여금,672,mya_Mymr,အကျိုးအမြတ်တိုးမြှင့်မှု။,이윤 증대
이익잉여금처분계산서,160,mya_Mymr,အကျိုးအမြတ်နဲ့ အပိုငွေ ကောက်ခံစာ။,이윤과 과금 요금입니다.
이익준비금,673,mya_Mymr,အကျိုးအမြတ်စုဆောင်းမှု။,이윤 창출입니다.
이익참가부사채,352,mya_Mymr,အကျိုးခံစားခွင့် ချေးငွေပါ။,이것은 혜택 대출입니다.
이자 계산일수,353,mya_Mymr,အတိုးကို တွက်ချက်ပါ။,이자를 계산하세요.
이자락,1168,mya_Mymr,အချိုးအစား,비율입니다.
이자소득,960,mya_Mymr,အတိုးငွေ,이자
이자율위험,674,mya_Mymr,အတိုးနှုန်း အန္တရာယ်ပါ။,이자율 위험입니다.
이중과세,961,mya_Mymr,နှစ်ဆ၊ သုံးဆ။,"2배, 3배"
이중청약,962,mya_Mymr,နှစ်ထပ်သန့်စင်မှုပါ။,이중 정화입니다.
이표채,1169,mya_Mymr,ဒီတံဆိပ်က,이 상표는
이행보증기관,504,mya_Mymr,အကောင်အထည်ဖော်မှု အာမခံဌာန,집행보장청
익일자금결제,505,mya_Mymr,တစ်ရက်စာ ငွေပေးချေမှု,하루의 월급
인덱세이션,675,mya_Mymr,အညွှန်းကိန်းပေးခြင်း,인덱싱
인덱스펀드,676,mya_Mymr,အညွှန်းငွေ။,지수화입니다.
인덴추어,963,mya_Mymr,အင်ဒင်ချူး။,앵무새입니다.
인도형 repo,261,mya_Mymr,အိန္ဒိယပုံစံ repo,인도 모델의 리포
인수,1284,mya_Mymr,ဝယ်ယူခြင်း,구매
인수단,1170,mya_Mymr,လက်ဝယ်ယူမှု,구매
인터넷 인수업자,262,mya_Mymr,အင်တာနက် ဝယ်ယူသူ,인터넷 구매자
인터페이스,677,mya_Mymr,ကြားခံစနစ်,인터페이스
인트라넷,964,mya_Mymr,အင်တာနက်ပါ။,인터넷입니다.
일괄등록,965,mya_Mymr,စာရင်းအင်း,통계
일괄예탁,966,mya_Mymr,အစုလိုက်အပြုံလိုက်,덩어리덩어리
일괄처리방식,506,mya_Mymr,အစုလိုက် စီမံခန့်ခွဲမှု,집단 관리
일반균형이론,507,mya_Mymr,ယေဘုယျ ညီမျှမှု သီအိုရီက,일반 방정식 이론은
일반담보물,678,mya_Mymr,ယေဘုယျ သတင်းပါ။,일반적인 정보입니다.
일반사무수탁회사,263,mya_Mymr,အထွေထွေ ဝန်ဆောင်မှု ကုမ္ပဏီ,일반 서비스 회사
일방매매확인,508,mya_Mymr,တစ်ဖက်သတ် ရောင်းချမှု အတည်ပြုချက်။,일방적인 판매 확인입니다.
일방연계방식,509,mya_Mymr,တစ်ဖက်ဆက်သွယ်မှု ပုံစံပါ။,한방향 커뮤니케이션 모델입니다.
일본증권결제회사,264,mya_Mymr,ဂျပန် စက္ကူဖြေရှင်းရေး ကုမ္ပဏီ,일본의 종이 처리 회사
일본증권보관대체기구,161,mya_Mymr,ဂျပန် စက္ကူအထောက်အပံ့ပေးရေး အေဂျင်စီ,일본의 종이 공급 기관
일일정산,967,mya_Mymr,တစ်နေ့တာ ရာသီဥတု,하루의 날씨
일일차감,968,mya_Mymr,နေ့စဉ်လိုလိုပါ။,거의 매일입니다.
일임매매,969,mya_Mymr,တစ်နေ့တာ,하루 동안
일중대월,970,mya_Mymr,တစ်လအတွင်းမှာ,한 달 안에
임시주주총회,510,mya_Mymr,ယာယီ ရှယ်ယာရှင်များ အစည်းအဝေး,임시 주주총회
임의준비금,679,mya_Mymr,ကြိုတင်ပြင်ဆင်ထားမှု။,미리 준비해야 합니다.
임치,1285,mya_Mymr,မန်ချက်စတာ,맨체스터
임퓨테이션,680,mya_Mymr,တင်သွင်းခြင်း။,수입입니다.
잉여금,1171,mya_Mymr,အပိုငွေ။,더 많은 돈.
자기매매,971,mya_Mymr,ကိုယ့်ကိုကိုယ် ရောင်းတာပါ။,우리는 우리 자신을 팔고 있습니다.
자동계좌이체,511,mya_Mymr,အလိုအလျောက် အပြောင်းအလဲ,자율적인 변화입니다.
자동교환결제제도,265,mya_Mymr,အလိုအလျောက် အပြောင်းအလဲ ဖြေရှင်းရေး စနစ်ပါ။,자동화 시스템입니다.
자동명의개서제도,266,mya_Mymr,အလိုအလျောက် အမည်ပေးစနစ်ပါ။,자동 명칭 시스템입니다.
자동호가전달시스템,195,mya_Mymr,အလိုအလျောက် ဓာတ်အားပေးစနစ်။,자동 충전 시스템입니다.
자본금,1172,mya_Mymr,အရင်းအမြစ်,소스
자본시장,972,mya_Mymr,အရင်းရှင်စျေးကွက်,자본시장
자본시장선,681,mya_Mymr,အရင်းအနှီး စျေးကွက်,주식시장
자본이득,973,mya_Mymr,ရင်းနှီးမြှုပ်နှံမှု ဝင်ငွေ,투자 수익
자본이익계획,512,mya_Mymr,ရင်းနှီးမြှုပ်နှံမှု အကျိုးအမြတ် အစီအစဉ်,투자 수익 계획
자본잉여금,682,mya_Mymr,ရင်းနှီးမြှုပ်နှံမှု တိုးမြှင့်မှု,투자 증진
자본자산가격결정모형,162,mya_Mymr,ရင်းနှီးမြှုပ်နှံမှု အရင်းအမြစ် စျေးနှုန်း ဆုံးဖြတ်မှု ပုံစံ,투자자본 가격 결정 모델
자본준비금,683,mya_Mymr,ရင်းနှီးမြှုပ်နှံမှု ဘဏ္ဍာငွေ,투자 자금
자사주 취득,513,mya_Mymr,ကိုယ်ပိုင် ရှယ်ယာရယူခြင်း,자사 주식을 매입했습니다.
자산담보부증권,354,mya_Mymr,ပိုင်ဆိုင်မှု အာမခံစာချုပ်။,소유권보험입니다.
자산운용회사,514,mya_Mymr,အရင်းအမြစ် စီမံခန့်ခွဲရေး ကုမ္ပဏီပါ။,자금 관리 회사입니다.
자산의 유동화,355,mya_Mymr,အရင်းအမြစ် အရောင်းအဝယ်,자금 거래
자산재평가,684,mya_Mymr,အရင်းအမြစ် အကဲဖြတ်မှု,자원의 평가
자산주,1173,mya_Mymr,အရင်းရှင်။,자본가입니다.
자율규제기관,515,mya_Mymr,အလိုအလျောက် ထိန်းချုပ်ရေး အဖွဲ့ပါ။,자동 제어 그룹입니다.
자전거래,974,mya_Mymr,စက်ဘီးပါ။,자전거입니다.
잔액인수,975,mya_Mymr,ချန်ထားမှု ကိန်းဂဏန်း,유학률
잔존가액,976,mya_Mymr,ကျန်တဲ့ငွေကြေး,나머지 금액은
잠정이체,977,mya_Mymr,အတားအဆီးပါ။,장애물입니다.
장기채,1174,mya_Mymr,ရေရှည် ချေးငွေပါ။,장기적인 대출입니다.
장내결제,978,mya_Mymr,အူလမ်းကြောင်း ဖြေရှင်းနည်း,소화기 치료법
장외거래,979,mya_Mymr,အပြင်ထွက်ကုန်သွယ်ရေး,대외 무역
장외결제,980,mya_Mymr,အပြင်ဘက် ဖြေရှင်းနည်း,외부의 해결책
장외시장,981,mya_Mymr,ပြင်ပစျေးကွက်,해외 시장
재담보,1175,mya_Mymr,ပြန်ပြောပါရစေ။,다시 말씀드리겠습니다.
재발행,1176,mya_Mymr,ပြန်လည်ထုတ်ဝေခြင်း,재출판
재정가격결정이론,267,mya_Mymr,ဘဏ္ဍာရေးဆိုင်ရာ ဆုံးဖြတ်ချက်တွေက,재정적 결정은
재투자수익률,516,mya_Mymr,ပြန်လည်ရင်းနှီးမြှုပ်နှံမှု အမြတ်နှုန်း,재투자 수익률
재투자수익률,517,mya_Mymr,ပြန်လည်ရင်းနှီးမြှုပ်နှံမှု အမြတ်နှုန်း,재투자 수익률
재투자위험,685,mya_Mymr,ပြန်လည် ရင်းနှီးမြှုပ်နှံမှု အန္တရာယ်,재투자 위험
저당권,1177,mya_Mymr,အခြင့္အေရး,권리
저당대출담보부채권,196,mya_Mymr,အငှားအငှား ချေးငွေ,임대금 대출
저당대출원리금이체채권,113,mya_Mymr,ကိုယ်စားလှယ်လောင်းအထောက်အပံ့၊ ချေးငွေ၊,"후보 지원, 대출,"
적격증권,982,mya_Mymr,အရည်အချင်းဆိုင်ရာ လက်မှတ်။,자격증입니다.
전량결제,983,mya_Mymr,လျှပ်စစ်ပမာဏ လျှပ်စစ်ပမာဏ,"전력, 전력, 전력"
전미증권업협회,356,mya_Mymr,အာမခံကုမ္ပဏီအသင်းပါ။,보험회사 팀입니다.
전업주의,984,mya_Mymr,အပြည့်အဝ အလုပ်သမား။,전직 노동자입니다.
전자공시제도,518,mya_Mymr,အီလက်ထရောနစ် ကြော်ငြာစနစ်ပါ။,이것은 전자 광고 시스템입니다.
전자매매확인,519,mya_Mymr,အီလက်ထရောနစ် အရောင်းအဝယ် အတည်ပြုချက်,전자적인 거래 확인
전자자금이체제도,268,mya_Mymr,အီလက်ထရောနစ် ငွေကြေးစနစ်က,전자 화폐 시스템은
전자증권,985,mya_Mymr,အီလက်ထရောနစ် လက်မှတ်,전자 서명
전환사채,986,mya_Mymr,အပြောင်းအလဲ ချေးငွေ,환불 대출
전환신주이자,520,mya_Mymr,အပြောင်းအလဲသမားပါ။,저는 변혁주의자입니다.
전환주식,987,mya_Mymr,အပြောင်းအလဲရှယ်ယာ,환율입니다.
전환청구권,686,mya_Mymr,အပြောင်းအလဲ လုပ်ပိုင်ခွင့်။,변화의 힘입니다.
점두매매,988,mya_Mymr,စျေးဝယ်တယ်။,쇼핑을 합니다.
점유,1286,mya_Mymr,သိမ်းပိုက်ထားတယ်။,점령당하고 있습니다.
점유개정형 repo,163,mya_Mymr,ရင်းနှီးမြှုပ်နှံမှု ပြန်လည်ပြုပြင်မှု,투자 회복
정시상환,989,mya_Mymr,အချိန်ကိုက် အခြေအနေပါ။,이것은 실시간 상황입니다.
정크본드,990,mya_Mymr,Junk Bond ပါ။,쓰레기 채권입니다.
제3시장,991,mya_Mymr,တတိယ စျေးကွက်,세 번째 시장입니다.
제4시장,992,mya_Mymr,စတုတ္ထ စျေးကွက်,네 번째 시장입니다.
제권판결,993,mya_Mymr,အချုပ်အခြာအာဏာ,주권
제로베타 포트폴리오,164,mya_Mymr,ဂျီရိုဗီတာ ပရိုဖိုင်လိုင်း,제로비타 프로필
제로쿠폰채,687,mya_Mymr,Zero Coupon ဆိုတာက,제로 쿠폰은
조건부보관계좌,357,mya_Mymr,အခြေအနေဆိုင်ရာ စောင့်ရှောက်မှု အကောင့်ပါ။,이것은 조건부 치료 계좌입니다.
종업원지주제도,358,mya_Mymr,အလုပ်သမား ထောက်ပံ့မှု စနစ်လည်း ရှိတယ်။,우리는 노동자 지원 시스템을 가지고 있습니다.
종합주가지수,521,mya_Mymr,ပေါင်းစပ်ကိန်း။,합수입니다.
주가수익비율,522,mya_Mymr,အစုရှယ်ယာ အမြတ်နှုန်း,주식 수익률
주가이동평균선,359,mya_Mymr,အရှေ့နဲ့အလယ် အလျား,동쪽과 중간에 있는 길이가
주가지수,994,mya_Mymr,အံဝင်ခွင်ကျပါ။,딱 맞습니다.
주가지수선물거래,269,mya_Mymr,ရှယ်ယာရွေးချယ်မှု အရောင်းအဝယ်,주식 옵션 거래
주가평균,995,mya_Mymr,ပြည်နယ် ပျမ်းမျှက,주 평균은
주간사회사,688,mya_Mymr,အပတ်စဉ် လူမှုရေးဝန်ထမ်း,매주 사회복지사
주권,1287,mya_Mymr,အာဏာပိုင်မှု,권력은
주권계속예탁제도,270,mya_Mymr,အချုပ်အခြာအာဏာ ဆက်နွယ်မှု အစီအစဉ်က,주권관계 계획은
주권기번호,689,mya_Mymr,အချုပ်အခြာအာဏာ နံပါတ်။,주권 제1호
주권불소지,690,mya_Mymr,အချုပ်အခြာအာဏာ စွပ်စွဲချက်။,주권적 주장입니다.
주권수령증,691,mya_Mymr,အချုပ်အခြာအာဏာ,주권
주당 순자산가치,271,mya_Mymr,တစ်ဦးချင်း ပိုင်ဆိုင်မှု တန်ဖိုး,개인 소유의 가치
주당순이익,692,mya_Mymr,တစ်ပတ်ကို အမြတ်ရတယ်,일주일에 수익을 올립니다.
주당순자산비율,360,mya_Mymr,တစ်ပတ်လျှင် ပိုက်ဆံစုဆောင်းမှုနှုန်း,주간 저축률
주식매수청구권,361,mya_Mymr,ရှယ်ယာရောင်းဝယ်ခွင့်,주식을 거래할 수 있는 권한
주식발행차액,523,mya_Mymr,အစုရှယ်ယာ စျေးနှုန်း,주식 가격
주식배당,996,mya_Mymr,အစုရှယ်ယာရှင်,주주
주식배당예고제,362,mya_Mymr,အစုရှယ်ယာ ကန့်သတ်ချက်။,주식 제한입니다.
주식병합,997,mya_Mymr,ရှယ်ယာစုစည်းမှု။,주식 집합.
주식분할,998,mya_Mymr,အစုရှယ်ယာတွေကို,주식입니다.
주식소각,999,mya_Mymr,အစုရှယ်ယာ,주식
주식스왑,1000,mya_Mymr,ရှယ်ယာရှယ်ယာ,주식입니다.
주식의 공유,524,mya_Mymr,ရှယ်ယာ မျှဝေခြင်း,주식 공유
주식청약,1001,mya_Mymr,အစုရှယ်ယာ ရှင်းလင်းခြင်း,주식 청산
주식형투자신탁,363,mya_Mymr,အစုရှယ်ယာ ရင်းနှီးမြှုပ်နှံမှု,주식 투자
주주,1288,mya_Mymr,ရှယ်ယာရှင်။,주주:
주주권,1178,mya_Mymr,ပိုင်ဆိုင်မှု။,소유권입니다.
주주명부,1002,mya_Mymr,အိမ်ရှင်အမည်,호스트의 이름
주주명부폐쇄,525,mya_Mymr,ပိုင်ရှင်အမည်ကို ပိတ်လိုက်တယ်,소유자 이름을 차단했습니다.
주주명부폐쇄기간,272,mya_Mymr,ပိုင်ရှင်အမည်ကို ပိတ်ထားတဲ့အချိန်,소유자 이름이 차단된 시점
주주명부폐쇄기준일,197,mya_Mymr,ပိုင်ရှင်အမည်က ပိတ်ဖို့ အသင့်ပါ။,소유자 이름은 닫을 준비가 되었습니다.
주주제안제도,526,mya_Mymr,ရှယ်ယာရှင် စီမံကိန်းပါ။,이것은 주주 프로젝트입니다.
주주총회 참석장,273,mya_Mymr,ရှယ်ယာရှင်များ အစည်းအဝေး တက်ရောက်သူ,주주총회 참석자
주주총회,1003,mya_Mymr,ရှယ်ယာရှင်များ အစည်းအဝေး,주주총회
주주평등의 원칙,274,mya_Mymr,ရှယ်ယာရှင် မျှတမှု မူဝါဒ,주주 공정성 정책
준공유,1179,mya_Mymr,လျှပ်စစ်ဓာတ်ငွေ့,전기 가스
준비금의 자본전입,198,mya_Mymr,ရင်းနှီးမြှုပ်နှံမှု,투자입니다.
준점유,1180,mya_Mymr,ပိုင်ဆိုင်မှုအောက်မှာ,소유권입니다.
준회원,1181,mya_Mymr,ဒုဥက္ကဋ္ဌ,부회장님
중·동유럽 중앙예탁기관협의회,41,mya_Mymr,ဗဟိုအရှေ့ဥရောပ ဗဟိုစီမံခန့်ခွဲရေးကောင်စီ,중앙동부 유럽 중앙집행위원회
중간배당,1004,mya_Mymr,အလယ်အလတ်စားပါ။,중간 정도입니다.
중개회사,1005,mya_Mymr,ရောင်းဝယ်ရေး ကုမ္ပဏီ,마케팅 회사
증거금,1182,mya_Mymr,အထောက်အထားပါ။,증거입니다.
증거증권,1006,mya_Mymr,သက်သေခံလက်မှတ်။,신분증.
증권·대금 동시결제,165,mya_Mymr,စက္ကူ၊ ငွေကြေးနဲ့ တစ်ပြိုင်နက် ချုပ်ဆိုမှု,"종이, 현금, 동시 채권"
증권거래법,693,mya_Mymr,စတော့စျေးကွက် ဥပဒေ,주식시장 법
증권거래세,694,mya_Mymr,ဒါက စတော့စျေးကွက်ပါ။,이것은 주식 시장입니다.
증권거래준비금,364,mya_Mymr,စတော့အိတ်ချေးငွေ,주식 대출입니다.
증권공동 온라인시스템,114,mya_Mymr,အွန်လိုင်း Stock Exchange စနစ်,온라인 증권 거래소
증권금융,1007,mya_Mymr,စက္ကူငွေကြေး,종이통화는
증권담보금융,527,mya_Mymr,စတော့အိတ်ချေးငွေ,주식 대출입니다.
증권대위,1008,mya_Mymr,စတော့အစုရှယ်ယာ,주식입니다.
증권대차제도,528,mya_Mymr,စတော့အိတ်တွေ အပြောင်းအလဲ,주식 시장의 변동
증권대행업무,529,mya_Mymr,စတော့အိတ်ကုမ္ပဏီ,주식회사
증권분석사,695,mya_Mymr,စတော့ရှယ်ယာလေ့လာသူ။,주식 전문가입니다.
증권선물위원회,365,mya_Mymr,စတော့အိတ်ချိန်းကော်မတီ,증권거래위원회.
증권시장,1009,mya_Mymr,စတော့စျေးကွက်,주식 시장
증권시장선,696,mya_Mymr,စတော့စျေးကွက်,주식 시장
증권예탁원,697,mya_Mymr,စတော့အကောင့်မှူး။,주식회계사입니다.
증권용지 관리번호,199,mya_Mymr,စတော့အကောင့် စီမံခန့်ခွဲရေး နံပါတ်။,주식 계좌 관리자 번호입니다.
증권유통금융,530,mya_Mymr,ငွေကြေးဖြန့်ချိမှု,돈의 유통
증권인수금융,531,mya_Mymr,စက္ကူအစုရှယ်ယာငွေကြေး,종이 주식화폐
증권자본주의,532,mya_Mymr,စက္ကူ အရင်းရှင်ဝါဒ,종이자본주의
증권투자신탁,533,mya_Mymr,စတော့ရင်းနှီးမြှုပ်နှံမှု,주식 투자
증권특성선,698,mya_Mymr,ငွေကြေးဆိုင်ရာ လက္ခဏာများ,금전적 특징
증권화 현상,534,mya_Mymr,ငွေကြေးအထောက်အပံ့ပေးမှု,자금 지원
증권회사 역외펀드,200,mya_Mymr,စတော့ကုမ္ပဏီ အပြင်ဘက် ရင်းနှီးမြှုပ်နှံမှု,"주식회사, 외부 투자"
증자,1289,mya_Mymr,သက်သေတွေ။,증인들.
지방채,1183,mya_Mymr,အဆီတွေ,지방.
지배주주,1010,mya_Mymr,အချုပ်အခြာပိုင်ရှင်,주권자
지분권,1184,mya_Mymr,ပိုင်ဆိုင်ခွင့်။,소유권입니다.
지분법,1185,mya_Mymr,အချိုးအစား ဥပဒေ,비례의 법칙
지수법,1186,mya_Mymr,အညွှန်းကိန်းစနစ်,인덱스 시스템
지시증권,1011,mya_Mymr,ညွှန်ကြားချက် လက်မှတ်။,명령서에 서명하세요.
지정가주문,699,mya_Mymr,သတ်မှတ်သူ မေးခွန်း။,결정적인 질문입니다.
지정시점결제시스템,201,mya_Mymr,အချိန်ကိုက် ဆုံးဖြတ်ချက်ချတဲ့ စနစ်ပါ။,실시간 의사결정 시스템입니다.
지주회사,1012,mya_Mymr,ပိုင်ဆိုင်မှု ကုမ္ပဏီပါ။,소유회사입니다.
지체보상금,700,mya_Mymr,နှောင့်နှေးကြေး။,지연금입니다.
직상장,1187,mya_Mymr,တိုက်ရိုက် နေရာပါ။,직접적인 공간입니다.
직접공시,1013,mya_Mymr,လူသိရှင်ကြားပါ။,공공장소입니다.
직접금융,1014,mya_Mymr,တိုက်ရိုက် ငွေကြေးထောက်ပံ့မှု,직접적인 자금 지원
직접발행,1015,mya_Mymr,တိုက်ရိုက် ထွက်ပါ။,바로 나가세요.
직접점유,1016,mya_Mymr,တိုက်ရိုက် ပိုင်ဆိုင်မှု။,직접적인 소유입니다.
직접참가자,701,mya_Mymr,တိုက်ရိုက် ပါဝင်ကြပါ။,직접 참여하세요.
직접청약,1017,mya_Mymr,တိုက်ရိုက် ဆေးကြောခြင်းပါ။,바로 세탁입니다.
직접투자,1018,mya_Mymr,တိုက်ရိုက် ရင်းနှီးမြှုပ်နှံမှု။,직접 투자입니다.
질권,1290,mya_Mymr,အရည်အသွေး,자질
질권설정자,702,mya_Mymr,အရည်အသွေး ထိန်းချုပ်သူ။,품질 관리자입니다.
질권자,1188,mya_Mymr,လက်ခံသူ။,수신자
집단경쟁매매,535,mya_Mymr,အုပ်စုလိုက် ပြိုင်ဆိုင်မှု,집단 경쟁
집중결제,1019,mya_Mymr,အာရုံစိုက်မှု ဖြေရှင်းနည်း,주의를 기울여야 합니다.
집중예탁,1020,mya_Mymr,အာရုံစိုက်ထားပါ။,집중하세요.
차감,1291,mya_Mymr,အေးချမ်းမှု။,평화입니다.
차감결제,1021,mya_Mymr,အေးဆေးတဲ့ ဖြေရှင်းနည်း,차분한 해결책입니다.
차금결제,1022,mya_Mymr,ငွေကြေး ဖြေရှင်းချက်။,금융 솔루션입니다.
차등배당,1023,mya_Mymr,အနည်းဆုံး စားသုံးသူပါ။,적어도 우리는 소비자입니다.
차변 대변,703,mya_Mymr,ကားဘေးက အစာအိမ်။,차 옆의 위장입니다.
차변이체 또는 추심시스템,62,mya_Mymr,အပြောင်းအလဲ (သို့) အာရုံစိုက်မှုစနစ်ပါ။,이것은 변화 또는 집중 시스템입니다.
차익거래,1024,mya_Mymr,စျေးဝယ်ပါ။,쇼핑을 하세요.
차입매수,1025,mya_Mymr,ရောင်းဝယ်မှု,매거진
차주,1292,mya_Mymr,ချိုချို။,귀여워요.
차환,1293,mya_Mymr,အပြောင်းအလဲပါ။,변화입니다.
참가적우선주,536,mya_Mymr,ပါဝင်သူ ဦးစားပေးပါ။,참여자를 최우선으로 두세요.
창고증권,1026,mya_Mymr,သိုလှောင်ရေး လက်မှတ်။,물품 영수증
창립총회,1027,mya_Mymr,တည်ထောင်ရေး အစည်းအဝေး,창립 회의
창업비,1189,mya_Mymr,တည်ထောင်မှု စရိတ်,설치비용
채권,1294,mya_Mymr,ချေးငွေ,대출
채권가격지수,537,mya_Mymr,ကြွေးမြီ စျေးနှုန်း အညွှန်းကိန်း,부채 가격 지수
채권등급평가,538,mya_Mymr,ကြွေးမြီ အဆင့်သတ်မှတ်ချက်,신용등급
채권딜러제도,539,mya_Mymr,ချေးငွေရောင်းဝယ်ရေးစနစ်ပါ။,이것은 신용 거래 시스템입니다.
채권면역전략,540,mya_Mymr,ကြွေးမြီစျေးကွက် မဟာဗျူဟာ,채권 시장의 전략
채권상장심사기준,275,mya_Mymr,ချေးငွေ စျေးကွက် စံသတ်မှတ်ချက်။,신용 시장의 기준입니다.
채권상장폐지기준,276,mya_Mymr,စက္ကူစျေးကွက် ပိတ်ဖို့,종이시장을 폐쇄해야 합니다.
채권선물거래,541,mya_Mymr,ကြွေးမြီ ရွေးချယ်မှု အရောင်းအဝယ်,채권 옵션 거래
채권수익률,704,mya_Mymr,ကြွေးမြီ အမြတ်နှုန်း,부채 수익률
채권수익률의 기간구조,115,mya_Mymr,ကြွေးမြီ အမြတ်နှုန်းရဲ့ ကာလတည်ဆောက်မှု,부채 수익률의 시간적 구조
채권수익률의 위험구조,116,mya_Mymr,ကြွေးမြီ အမြတ်နှုန်းရဲ့ အန္တရာယ် တည်ဆောက်မှု,부채 수익률의 위험 구조
채권시가평가제,366,mya_Mymr,ကြွေးမြီ စျေးကွက် အကဲဖြတ်သူ,채권시장 평가는
채권시장안정기금,277,mya_Mymr,ကြွေးမြီစျေးကွက် ထိန်းချုပ်ရေး ရံပုံငွေပါ။,이것은 채권시장 규제 기금입니다.
채권양도,1028,mya_Mymr,ငွေကြေးချေးငွေ,금전적 대출
채권원리금상환,367,mya_Mymr,ကြွေးမြီ မူရင်းငွေ ပြန်ပေးချေမှု,부채 원금 납부
채무불이행,705,mya_Mymr,ချေးငွေချေမှု,빚을 갚는 것
채무불이행위험,368,mya_Mymr,အကြွေးချေမှု စွန့်စားမှု,부채의 위험성
책임재산,1029,mya_Mymr,တာဝန်ယူမှု,책임감
청산,1295,mya_Mymr,စင်ကြယ်တယ်။,순수합니다.
청산거래,1030,mya_Mymr,ပိုက်ဆံရောင်းချမှု။,돈의 판매입니다.
청산결제시스템,369,mya_Mymr,သန့်ရှင်းရေး စနစ်ပါ။,정화 시스템입니다.
청산회사,1031,mya_Mymr,သန့်စင်ရေး ကုမ္ပဏီ။,세탁 회사입니다.
청산회원,1032,mya_Mymr,လွှတ်တော်ကိုယ်စားလှယ်,국회의원
청약증거금,706,mya_Mymr,ကမ်းလှမ်းချက်ရဲ့ အထောက်အထား,제안의 증거
체결시점매매확인 시스템,79,mya_Mymr,လက်မှတ်ထိုးတဲ့ အချိန်မှာ လက်မှတ်ထိုးတဲ့ စနစ်ပါ။,로그인시스템은 로그인시스템입니다.
체계적 위험,542,mya_Mymr,စနစ်ကျတဲ့ အန္တရာယ်ပါ။,체계적인 위험입니다.
초과담보율,707,mya_Mymr,အပိုသုံးနှုန်း,초과비용
총계정원장,708,mya_Mymr,ဗိုလ်ချုပ်မှူးကြီး။,장군님
총액인수,1033,mya_Mymr,စုစုပေါင်း ပမာဏ,전체적으로
총액지급증권,543,mya_Mymr,စုစုပေါင်း ထောက်ပံ့မှု စာရွက်စာတမ်း,집단 지원 문서입니다.
총유,1296,mya_Mymr,သေနတ်ဆီ။,총으로!
최소분산포트폴리오,202,mya_Mymr,အနည်းဆုံး ဖြန့်ဝေထားတဲ့ ရုံးစု,적어도 분산된 사무실은요.
최소증거금,709,mya_Mymr,အနည်းဆုံး သက်သေခံငွေပါ။,최소한 신분증입니다.
최적규모,1034,mya_Mymr,အကောင်းဆုံး အရွယ်အစားပါ။,최적의 크기입니다.
최적포트폴리오,370,mya_Mymr,အကောင်းဆုံး ပရိုဖိုင်ပါ။,완벽한 프로필입니다.
최종이체,1035,mya_Mymr,နောက်ဆုံး အစိတ်အပိုင်းပါ။,마지막 부분입니다.
추가상장,1036,mya_Mymr,အပိုစျေး,부가가치
추가증거금 납부요구,166,mya_Mymr,အထောက်အထားတွေ ထပ်ပေးရမယ်။,더 많은 증거가 필요합니다.
추가증거금,710,mya_Mymr,အထောက်အထား ထပ်ဖြည့်ပါ။,증거를 더하세요.
추정이익,1037,mya_Mymr,ခန့်မှန်းချက်က,예측에 따르면
추정재무제표,544,mya_Mymr,ဘဏ္ဍာရေး ခန့်မှန်းချက်။,재무 예측입니다.
출입직원등록제도,278,mya_Mymr,ဝန်ထမ်းဝင်စာရင်းမှာလည်း,직원 목록에도 있습니다.
출자,1297,mya_Mymr,ထွက်ပါ။,나가세요.
출자인수권,711,mya_Mymr,စာရင်းသွင်းခွင့်,회원가입
출자전환,1038,mya_Mymr,အပြန်အလှန် ပြောင်းလဲခြင်း။,상호 변화입니다.
출자증권,1039,mya_Mymr,နိုင်ငံကူးလက်မှတ်။,여권.
출자총액제한,545,mya_Mymr,ပံ့ပိုးမှု ကန့်သတ်ချက်ပါ။,공급의 한계입니다.
충당금,1190,mya_Mymr,အခကြေးငွေပါ။,수수료입니다.
충분성,1191,mya_Mymr,လုံလောက်မှု။,충분함.
카멜레온펀드,546,mya_Mymr,ကမ်မီလီယံ ရံပုံငွေပါ။,이것은 캄밀리언 펀드입니다.
컨트리 펀드,547,mya_Mymr,ကောင်တီဖောင်ဒေးရှင်း,카운티 재단
코레스은행,712,mya_Mymr,ကိုရက်စ်ဘဏ်,한국 은행
코리아유로펀드,371,mya_Mymr,ကိုရီးယား ဥရောပရန်ပုံငွေ,한국 유럽기금
코리아펀드,713,mya_Mymr,ကိုရီးယား ရန်ပုံငွေ,한국기금
코스닥 등록법인,279,mya_Mymr,Costco မှတ်ပုံတင် ဥပဒေ။,코스트코 등록법입니다.
코스닥 등록주식,280,mya_Mymr,Co-Stock မှတ်ပုံတင်ရှယ်ယာ,코스톡 주식
코스닥,1192,mya_Mymr,ကော့စတိတ်,코스타이트
콘탱고,1193,mya_Mymr,ကွန်တန်ဂို။,콘텐고
콜,1307,mya_Mymr,ကိုလ်။,콜:
콜레이트,1040,mya_Mymr,ကိုလက်ရက်။,콜레드
쿠폰부사채,714,mya_Mymr,ကွပ်ကဲမှု ကွပ်ကဲမှု,"관리, 관리."
타이거펀드,715,mya_Mymr,ကျားဖောင်ဒေးရှင်း,젠더 재단
탈중개화현상,548,mya_Mymr,အလေးချိန်လျှော့ချမှု ဖြစ်စဉ်ပါ။,체중 감량 과정입니다.
텀론,1298,mya_Mymr,တူရွန်။,튀룬.
테크노스트럭처,372,mya_Mymr,နည်းပညာ တည်ဆောက်မှု။,기술 구조입니다.
토론토선물거래소,281,mya_Mymr,Toronto ကုန်စည်စျေးကွက်။,토론토 재화 시장입니다.
토론토증권거래소,282,mya_Mymr,တိုရွန်တို စတော့စျေးကွက်။,토론토 증권거래소
토빈의 분리정리,283,mya_Mymr,Tobin ရဲ့ ခွဲခြားမှု နိယာမ။,토빈의 분리 법칙
통일규격유가증권 관리현황보고서,34,mya_Mymr,တစ်နေ့တာ စည်းမျဉ်းစည်းကမ်း ချိုးဖောက်မှု အစီရင်ခံစာ,하루의 위반 보고서
통일규격유가증권,284,mya_Mymr,တစ်နေ့တာ စည်းမျဉ်းစည်းကမ်းတွေ,하루의 규칙입니다.
통일상사법,716,mya_Mymr,တစ်နေ့တာ ကုန်သွယ်မှု ဥပဒေ။,하루의 무역 법칙.
통정매매,1041,mya_Mymr,ရောင်းဝယ်မှု,매거진
통합결제,1042,mya_Mymr,ပေါင်းစည်းမှု ဖြေရှင်းနည်း,융합의 해결책
통합결제기구협의회,203,mya_Mymr,တစ်သားတည်း ဖြေရှင်းရေး အဖွဲ့အစည်း ကောင်စီ,통일해결기구 이사회
통합계좌,1043,mya_Mymr,စုပေါင်းစာရင်း,전체 목록
통화선물,1044,mya_Mymr,ငွေကြေး လက်ဆောင်,금전적 선물
통화선물옵션,549,mya_Mymr,ငွေပေးချေမှု ရွေးချယ်မှု,결제 선택
통화스왑,1045,mya_Mymr,ဖုန်းခေါ်ဆိုမှု။,전화 통화입니다.
통화안정증권,550,mya_Mymr,ငွေကြေး လုံခြုံရေး လက်မှတ်။,금융 보안 인증서입니다.
통화옵션,1046,mya_Mymr,ဖုန်းခေါ်ဆိုမှု ရွေးချယ်မှု,전화 선택
통화지표,1047,mya_Mymr,ဖုန်းမှတ်ပုံတင်။,전화번호를 등록하세요.
통화채권투자신탁수익증권,80,mya_Mymr,ငွေကြေးချေးငွေ၊ ရင်းနှီးမြှုပ်နှံမှု၊ ယုံကြည်မှု၊ အကျိုးအမြတ်ပေးစာရင်း,"금융 대출, 투자, 신뢰, 수익금"
투자등록,1048,mya_Mymr,ရင်းနှီးမြှုပ်နှံမှု မှတ်တမ်း,투자 기록
투자신탁,1049,mya_Mymr,ရင်းနှီးမြှုပ်နှံမှု,투자입니다.
투자신탁협회,551,mya_Mymr,ရင်းနှီးမြှုပ်နှံမှု ယုံကြည်မှုအသင်း,투자 자금 협회
투자자문업,717,mya_Mymr,ရင်းနှီးမြှုပ်နှံသူ လုပ်ငန်း,투자자 업계
특별결의,1050,mya_Mymr,အထူး ဆုံးဖြတ်ချက်,특별한 결정
특별담보물,718,mya_Mymr,အထူးသတင်း,특별 뉴스
특별인출권,719,mya_Mymr,အထူး မူပိုင်ခွင့်,독점 특허
특수채,1194,mya_Mymr,အထူးချေးငွေပါ။,특별 대출입니다.
파생금융상품,552,mya_Mymr,ရင်းနှီးမြှုပ်နှံမှု ထုတ်ကုန်များ,투자 상품
파생적예금,720,mya_Mymr,အကျိုးဆက်ငွေကြေး။,수익금입니다.
파생증권,1051,mya_Mymr,ရှေးဆက်လက်မှတ်။,낡은 카드입니다.
파생통화,1052,mya_Mymr,မျိုးရိုးဗီဇ,유전자는
패리티,1195,mya_Mymr,ညီမျှမှု။,평등입니다.
팩터,1299,mya_Mymr,အကြောင်းရင်း။,그 이유는?
퍼포먼스 펀드,373,mya_Mymr,စွမ်းဆောင်မှု ရန်ပုံငွေပါ။,퍼포먼스 펀드입니다.
펀드매니저,721,mya_Mymr,ရံပုံငွေ စီမံခန့်ခွဲသူ။,자금 관리자입니다.
페니스탁,1053,mya_Mymr,လိင်တံ စားပွဲ။,음경 테이블입니다.
펠드스타인이론,374,mya_Mymr,ဒါက Feldstein ပါ။,이건 펠드스타인입니다.
평가절하,1054,mya_Mymr,အကဲဖြတ်ပါ။,판단하세요.
폐기증권,1055,mya_Mymr,စွန့်ပစ်မှု လက်မှတ်။,버림서에 서명합니다.
폐쇄식 담보부사채,204,mya_Mymr,ပိတ်သိမ်းထားတဲ့ ချေးငွေ,유예된 대출입니다.
폐쇄형 투자신탁,285,mya_Mymr,ပိတ်ထားတဲ့ ရင်းနှီးမြှုပ်နှံမှု,자금 투자입니다.
포괄주의,1056,mya_Mymr,အားလုံးပါဝင်မှုဝါဒ။,포용주의
포괄증자,1057,mya_Mymr,အထွေထွေ သက်သေပါ။,저는 종합 증인입니다.
포뮬러 플랜,553,mya_Mymr,ပုံသေအစီအစဉ်,일정한 스케줄
포스트,1196,mya_Mymr,ပို့စ်။,올립니다.
포트폴리오 관리,286,mya_Mymr,Portfolio စီမံခန့်ခွဲမှု,포트폴리오 관리
포트폴리오 선택,287,mya_Mymr,Portfolio ရွေးချယ်မှု,포트폴리오 선택
포트폴리오 인슈어런스,117,mya_Mymr,Portfolio Insurance လို့ခေါ်ပါတယ်။,포트폴리오 보험이라고 합니다.
폭포효과,1058,mya_Mymr,ရေတံခွန် သက်ရောက်မှု,폭포 효과
표면이율,1059,mya_Mymr,မျက်နှာပြင် အတိုးနှုန်း,면적의 금리율
풀서비스 브로커,288,mya_Mymr,အပြည့်အဝ ဝန်ဆောင်မှု ရောင်းဝယ်သူပါ။,저는 종합 서비스 판매자입니다.
풋 옵션,1060,mya_Mymr,ခြေထောက် ရွေးချယ်မှု,다리 선택
풋-콜 패리티,375,mya_Mymr,Foot-Cool ပိုင်းခြားမှု။,풋-쿨 분할.
프로그램매매,554,mya_Mymr,ပရိုဂရမ် ရောင်းဝယ်ခြင်း,소프트웨어 판매
플라워본드,722,mya_Mymr,Flowerbond ပါ။,플라워본드입니다.
플로어 브로커,376,mya_Mymr,ကြမ်းပြင် ရောင်းဝယ်သူ။,바닥 판매자입니다.
필터기법,1061,mya_Mymr,စစ်ဆေးနည်း,검증 방법
핑크 쉬트,723,mya_Mymr,ပန်းရောင် အဝတ်အစားပါ။,핑크색 드레스입니다.
한국선물거래소,377,mya_Mymr,ကိုရီးယား လက်ဆောင်စျေးကွက်,한국의 선물 시장
한국선물협회,555,mya_Mymr,ကိုရီးယား လက်ဆောင်အသင်း,한국 선물 협회
한국예탁증서,556,mya_Mymr,တောင်ကိုရီးယား လက်မှတ်။,한국의 서명입니다.
한국자금중개주식회사,167,mya_Mymr,တောင်ကိုရီးယား ရင်းနှီးမြှုပ်နှံမှု အစုရှယ်ယာ ကုမ္ပဏီ,한국 투자 주식회사
한국주택저당금융주식회사,81,mya_Mymr,တောင်ကိုရီးယား အိမ်ခြံမြေ ချေးငွေ ရှယ်ယာကုမ္ပဏီ,한국 부동산 대출 주식회사
한국증권금융주식회사,168,mya_Mymr,တောင်ကိုရီးယား Securities Finance Co.,한국 증권금융회사
한국증권대체결제주식회사,82,mya_Mymr,ကိုရီးယား ငွေလဲလှယ်ရေးကုမ္ပဏီ,한국거래회사
한국증권업협회,378,mya_Mymr,ကိုရီးယား စက္ကူလုပ်ငန်းအသင်း,한국 종이공업협회
한국증권연구원,379,mya_Mymr,ကိုရီးယား ငွေစာရင်း သုတေသန အဖွဲ့,한국금융연구소
한국증권전산주식회사,169,mya_Mymr,တောင်ကိုရီးယား ငွေကြေးအိတ်ချိန်း ရှယ်ယာကုမ္ပဏီ,한국 지갑 데이트 주식회사
할인발행,1062,mya_Mymr,လျှော့စျေးခရီးစဉ်,저비용 여행
할인상사,1063,mya_Mymr,လျှော့စျေးပေးသူ။,할인업자입니다.
할인율,1197,mya_Mymr,လျှော့စျေးနှုန်း,할인된 가격
할인채,1198,mya_Mymr,လျှော့စျေးပါ။,저렴한 가격입니다.
합병교부금,724,mya_Mymr,ပေါင်းစည်းမှု အလှူငွေပါ။,이것은 통합 자금입니다.
합병기일,1064,mya_Mymr,ပေါင်းစည်းခြင်းနေ့။,통합의 날입니다.
합병비율,1065,mya_Mymr,ပေါင်းစပ်မှုနှုန်း,합성율
합병차익,1066,mya_Mymr,ပေါင်းစည်းမှု အကျိုးအမြတ်,융합의 혜택
합산주주,1067,mya_Mymr,စုပေါင်းရှယ်ယာရှင်,공동 주주
합유,1300,mya_Mymr,ပေါင်းစပ်ပါ။,융합하세요.
핫머니,1199,mya_Mymr,အမိုက်စား မမ။,멋지네요.
항상성장모형,557,mya_Mymr,အမြဲတမ်း ကြီးထွားမှုပုံစံပါ။,그것은 항상 성장의 형태입니다.
해외증권 관련주식,205,mya_Mymr,နိုင်ငံခြားစာချုပ်ဆိုင်ရာ ရှယ်ယာတွေ,외환 증권
해외증권,1068,mya_Mymr,နိုင်ငံခြားစာရွက်စာတမ်း,외국 문서
헤지펀드,1069,mya_Mymr,Hedge Fund တွေပါ။,헤지펀드입니다.
헤징,1301,mya_Mymr,ဟက်ဂျင်း,헤이징
현금관리계좌,558,mya_Mymr,ငွေကြေးစာရင်းပါ။,재무계산입니다.
현물채,1200,mya_Mymr,ငွေသားချေးငွေ။,현금 대출입니다.
현물출자,1070,mya_Mymr,ပွင့်လင်းမြင်သာမှု,투명성
현물환거래,725,mya_Mymr,ငွေလဲလှယ်မှု။,교환입니다.
현선매매,1071,mya_Mymr,လက်ကိုင်ရောင်းချမှု,손매매
현지대리인,726,mya_Mymr,ဒေသခံ ကိုယ်စားလှယ်ပါ။,저는 지역주민의 대표입니다.
현지보관기관,559,mya_Mymr,ဒေသခံ လုံခြုံရေးအဖွဲ့,지역 보안팀
호가구동시장,560,mya_Mymr,ဟိုဂိုဂိုဒေါင် စျေးကွက်,호고고돈 시장
호가전예납,727,mya_Mymr,အိမ်က ငွေကြေးထောက်ပံ့မှု,가정에서 자금을 지원합니다.
혼합보관,1072,mya_Mymr,ရောစပ်ထားတယ်။,섞여 있습니다.
혼합주,1201,mya_Mymr,ရောစပ်ထားတယ်။,섞여 있습니다.
확정금리부증권,380,mya_Mymr,ငွေကြေးထောက်ပံ့မှု အတည်ပြုစာရင်း,자금 지원 확인 목록
환 포지션,728,mya_Mymr,ဒေါင်လိုက်နေရာ,수직 위치
환노출,1202,mya_Mymr,ရောင်ပြန်ဟပ်မှု။,반사입니다.
환리스크,1073,mya_Mymr,ခရမ်းချဉ်သီး။,토마토입니다.
환어음,1203,mya_Mymr,အော်ဟစ်သံ,울음소리
환취권,1204,mya_Mymr,အသက်ရှူခွင့်။,숨을 쉴 수 있습니다.
회사분할,1074,mya_Mymr,ကုမ္ပဏီခွဲဖို့ပါ။,회사를 분할하기 위해서죠.
회사정리법,729,mya_Mymr,ကုမ္ပဏီ မူဝါဒ။,회사 정책입니다.
회사채,1205,mya_Mymr,ကုမ္ပဏီရဲ့ ချေးငွေ,회사 대출입니다.
회사형 투자신탁,289,mya_Mymr,ကုမ္ပဏီပုံစံ ရင်းနှီးမြှုပ်နှံမှု ယုံကြည်မှုပါ။,그것은 기업형 투자 신뢰입니다.
회원증권회사,561,mya_Mymr,အဖွဲ့ဝင်လိုင်စင်ကုမ္ပဏီ,멤버 라이선스 회사
후배주,1206,mya_Mymr,ဆက်ခံသူ။,후계자.
후순위채,1075,mya_Mymr,နောက်ဆက်တွဲ ဖြစ်စဉ်,그 후유증은
ABMF,1076,mya_Mymr,ABMF ပါ။,ABMF입니다.
ABMI,1077,mya_Mymr,ABMI,ABMI입니다.
ACG,1207,mya_Mymr,ACG ပါ။,이것은 ACG입니다.
AECSD,730,mya_Mymr,AECSD ပါ။,AECSD입니다.
Affirmation,118,mya_Mymr,အတည်ပြုချက်,확인합니다.
ANNA,1078,mya_Mymr,ANNA,안나
ANNA,1079,mya_Mymr,ANNA,안나
ASIFMA,562,mya_Mymr,ASIFMA,ASIFMA
ATM,1208,mya_Mymr,ATM ကို,ATM을 사용해서
ATS,1209,mya_Mymr,ATS,ATS
AUSTRACLEAR,119,mya_Mymr,AUSTRACLEAR ဆိုရင်,아우스트라클레어는
BA,1302,mya_Mymr,B.A.,B.A.
Bachmann Report,42,mya_Mymr,Bachmann အစီရင်ခံစာ,바흐만 보고서
back office,120,mya_Mymr,နောက်ဘက်ရုံး။,뒷 사무실입니다.
backwardation,63,mya_Mymr,backwardation ကို,배후화입니다.
bad delivery,83,mya_Mymr,ပို့ဆောင်မှု မကောင်းဘူး။,배송이 좋지 않았습니다.
bancassurance,64,mya_Mymr,ဘဏ်အာမခံ,은행 보험
BBS,1210,mya_Mymr,BBS,BBS
bear hug,290,mya_Mymr,ဝက်ဝံကို ပွေ့ဖက်ပါ။,곰을 안아주세요.
bear raid,206,mya_Mymr,ဝက်ဝံတိုက်ခိုက်မှု။,곰 공격입니다.
BIC,1211,mya_Mymr,BIC,BIC
black monday,84,mya_Mymr,တနင်္လာနေ့,월요일
blanket fidelity bond,14,mya_Mymr,blanket fidelity bond လို့ခေါ်ပါတယ်။,이것은 '전체적인 충실성 채권'이라고 불립니다.
BLUE SKY LAW,85,mya_Mymr,အပြာရောင် ကောင်းကင် ဥပဒေ,파란 하늘의 법칙
BOK-WIRE,291,mya_Mymr,BOK-WIRE ကို,BOK-WIRE는
bond power,170,mya_Mymr,Bond စွမ်းအား,결합의 힘
book entry only,43,mya_Mymr,book entry ကိုသာ သုံးပါ။,책 항목만 사용하세요.
buy/sell-back,65,mya_Mymr,ဝယ်/ရောင်းပြန်,구매/이신용
CAMEL,731,mya_Mymr,CAMEL,낙타
cargo project,66,mya_Mymr,cargo စီမံကိန်း,화물 프로젝트
cashless society,35,mya_Mymr,ငွေကြေးမဲ့ လူ့အဖွဲ့အစည်း,현금 없는 사회
CBF,1212,mya_Mymr,CBF ပါ။,CBF입니다.
CBL,1213,mya_Mymr,CBL ပါ။,CBL입니다.
CCASS,732,mya_Mymr,CCASS ပါ။,CCASS입니다.
CDS,1214,mya_Mymr,CDS ပါ။,CDS입니다.
CDS,1215,mya_Mymr,CDS ပါ။,CDS입니다.
CEDEL,733,mya_Mymr,CEDEL,CEDEL
CFA,1216,mya_Mymr,CFA ပါ။,저는 CFA입니다.
CFI,1217,mya_Mymr,CFI,CFI
CFO,1218,mya_Mymr,ငွေရေးကြေးရေး အကြီးအကဲ။,재무장관입니다.
CGIF,1080,mya_Mymr,CGIF ကို,CGIF라고 불립니다.
CGO,1219,mya_Mymr,CGO ပါ။,CGO입니다.
CHAPS,734,mya_Mymr,CHAPS ကို,CHAPS는
checking,292,mya_Mymr,စစ်ဆေးနေတာပါ။,테스트를 하고 있습니다.
checkless society,29,mya_Mymr,ထိန်းချုပ်မှုမဲ့ လူ့အဖွဲ့အစည်း,통제가 없는 사회
CHESS,735,mya_Mymr,စစ်တုရင်,체스.
CHIPS,736,mya_Mymr,CHIPS ကို,"자, 자, 자, 자."
CIK,1220,mya_Mymr,CIK ပါ။,CIK입니다.
CMA,1221,mya_Mymr,CMA ပါ။,CMA입니다.
CMI,1222,mya_Mymr,CMI ပါ။,CMI입니다.
CMO,1223,mya_Mymr,CMO ပါ။,저는 CMO입니다.
commodity financing,19,mya_Mymr,ကုန်ကြမ်း ငွေကြေးထောက်ပံ့မှု,"자재, 자금"
concentration limit,20,mya_Mymr,အာရုံစိုက်မှု ကန့်သတ်ချက်,주의력 제한
confirmation,86,mya_Mymr,အတည်ပြုချက်။,확인합니다.
conglomerate,87,mya_Mymr,ကွန်ဂလိုမီရက်,콩글로미어 네트워크
"country risk, sovereign risk",3,mya_Mymr,နိုင်ငံအန္တရာယ်၊ နိုင်ငံပိုင်အန္တရာယ်။,"국가적 위험, 국가적 위험."
coupon rate,121,mya_Mymr,coupon rate ကို,쿠폰율은
covered warrant,44,mya_Mymr,Covered Warrant ပါ,보장된 영장입니다.
CPSS,1081,mya_Mymr,CPSS,CPSS
CREST,737,mya_Mymr,CREST,CREST입니다.
crossing network,36,mya_Mymr,ဖြတ်သန်းရေးကွန်ယက်,횡단망
crown jewel,122,mya_Mymr,ထီးနန်းရတနာ,왕좌의 보물
CSD,1224,mya_Mymr,CSD ပါ။,CSD입니다.
CUSIP,738,mya_Mymr,CUSIP ပါ။,CUSIP입니다.
D.K.,1082,mya_Mymr,D.K.,D.K.
day trading,123,mya_Mymr,နေ့စဥ် ကုန်သွယ်မှု,매일매일의 거래
DBC,1225,mya_Mymr,DBC ပါ။,DBC입니다.
delivery notice,45,mya_Mymr,ပို့ဆောင်ရေး အကြောင်းကြားချက်။,배달 통보입니다.
dollar usance,67,mya_Mymr,ဒေါ်လာသုံးစွဲမှု,달러 사용
DTC,1226,mya_Mymr,DTC ပါ။,이것은 DTC입니다.
Due bill,293,mya_Mymr,Due bill ဆိုတာက,"""Due bill""는"
dutch auction,68,mya_Mymr,ဒတ်ခ်ျ လေလံပွဲ,네덜란드 경매
DVP link,294,mya_Mymr,DVP ချိတ်ဆက်မှု,DVP 연결
E-TRADE,381,mya_Mymr,E-TRADE,전자 상거래
ECF,1227,mya_Mymr,ECF ပါ။,이것은 ECF입니다.
EDR,1228,mya_Mymr,EDR ပါ။,이것은 EDR입니다.
EMCC,1083,mya_Mymr,EMCC ပါ။,EMCC입니다.
EMEA,1084,mya_Mymr,EMEA,EMEA 지역
ETF,1229,mya_Mymr,ETF တွေ,ETF입니다.
EURIBOR,382,mya_Mymr,EURIBOR ကို,유리보르는
EUROCLEAR,207,mya_Mymr,EUROCLEAR ကို,유로클레어
EVA,1230,mya_Mymr,EVA ပါ။,이것은 EVA입니다.
fallen angel,88,mya_Mymr,ကျဆုံးသွားတဲ့ ကောင်းကင်တမန်။,타락한 천사입니다.
FED-WIRE,295,mya_Mymr,FED-WIRE,FED-WIRE
fill or kill order,24,mya_Mymr,ဖြည့်ဖို့ (သို့) သတ်ဖို့ အမိန့်ပါ။,부합하거나 죽여야 한다는 명령입니다.
finality of payment,21,mya_Mymr,ငွေပေးချေမှု အဆုံးသတ်မှု,결제 완료
five hundred dollar rule,7,mya_Mymr,ဒေါ်လာ ၅၀၀ စည်းမျဉ်းပါ။,500달러 규칙입니다.
FIX,1231,mya_Mymr,FIX ကို,FIX
flipping,296,mya_Mymr,flipping ကို,뒤집는 것.
FORM 10-K,208,mya_Mymr,FORM 10-K ကို,양식 10K
FORM 10-Q,209,mya_Mymr,FORM 10-Q ကို,양식 10-Q
FORM 3,563,mya_Mymr,FORM သုံး။,FORM를 사용하세요.
FORM 4,564,mya_Mymr,FORM လေး။,네 번째 형태입니다.
FORM 8-K,297,mya_Mymr,FORM 8-K ကို,양식 8-K
forward pricing,46,mya_Mymr,ရှေ့ဆက် ဈေးနှုန်း သတ်မှတ်ခြင်း,앞으로의 가격 결정
FUND/NETWORKING,47,mya_Mymr,FUND/NETWORKING,자금/네트워크
FUND/SERV,210,mya_Mymr,FUND/SERV,FUND/SERV
FV/EBITDA,211,mya_Mymr,FV/EBITDA,FV/EBITDA
G-30,1085,mya_Mymr,G-30 ပါ။,G-30입니다.
gilt-edged securities,15,mya_Mymr,gilt-edged securities တွေပါ။,골드 엣지 증권입니다.
giro lombard over draft,9,mya_Mymr,ဂီရို လမ်ဘာ့ဒ် ကမ်းလှမ်းချက်,지로 롬바르트의 제안
GLOBALCLEAR,124,mya_Mymr,GLOBALCLEAR ကို,GLOBALCLEAR는
GLOBEX ALLIANCE,48,mya_Mymr,GLOBEX ALLIANCE,글로벡스 동맹
GNMA,1086,mya_Mymr,GNMA,GNMA
greenmail,212,mya_Mymr,Greenmail ပါ။,그 이름은 그린메일입니다.
grey market,125,mya_Mymr,မီးခိုးရောင် စျေးကွက်,회색 시장입니다.
gun jumping,126,mya_Mymr,သေနတ်ခုန်တာ,총을 쏘는 거죠.
HKSCC,739,mya_Mymr,HKSCC ပါ။,HKSCC입니다.
hub & spokes,89,mya_Mymr,Hub နဲ့ Spokes,허브와 스포크
IBAN,1087,mya_Mymr,IBAN,IBAN
IID,1232,mya_Mymr,IID ပါ။,IID입니다.
IMF 8조국,383,mya_Mymr,IMF နိုင်ငံ ၈ နိုင်ငံ,IMF 국가 8개국
IMF 구제금융,298,mya_Mymr,IMF ကနေ ငွေကြေးထောက်ပံ့မှု,국제통화국 (IMF) 의 재정 지원
indenture,213,mya_Mymr,လက်မှတ်ထိုးခြင်း,서명
independent broker,25,mya_Mymr,လွတ်လပ်တဲ့ စျေးဝယ်သူ,독립적인 구매자
infrastructure,54,mya_Mymr,အခြေခံအဆောက်အအုံ,인프라
INSTINET,299,mya_Mymr,INSTINET ကို ကြည့်ပါ။,인스티넷을 예로 들어보죠.
interlinker,127,mya_Mymr,အပြန်အလှန်ဆက်သွယ်ရေး,상호작용입니다.
intermarket trading system,5,mya_Mymr,စျေးကွက်အချင်းချင်း ကုန်သွယ်ရေး စနစ်,시장 간 무역 시스템
investment bank,49,mya_Mymr,ရင်းနှီးမြှုပ်နှံမှု ဘဏ်,투자은행
investment banking,26,mya_Mymr,ရင်းနှီးမြှုပ်နှံမှု ဘဏ်လုပ်ငန်း,투자 은행업
investment company,27,mya_Mymr,ရင်းနှီးမြှုပ်နှံမှု ကုမ္ပဏီ,투자 회사입니다.
ISDN,1088,mya_Mymr,ISDN,ISDN
ISIN,1089,mya_Mymr,ISIN,ISIN
ISIN,1090,mya_Mymr,ISIN,ISIN
ISMA,1091,mya_Mymr,ISMA ပါ။,ISMA입니다.
ISO 20022,214,mya_Mymr,ISO ၂၀၀၂၂,ISO 2002
ISO 7775,300,mya_Mymr,ISO ၇၇၇၅,ISO 7775
ISO,1233,mya_Mymr,ISO ကို,ISO는
ITM,1234,mya_Mymr,ITM,ITM
Jobber,565,mya_Mymr,Jobber ပါ။,제 이름은 조버입니다.
kassenverein,90,mya_Mymr,Kassenverein ဆိုတာက,카센베레인은
KELER,740,mya_Mymr,KELER,케일러
killer bees,128,mya_Mymr,လူသတ်ပျားတွေ။,살인 벌입니다.
know-your customer rule,10,mya_Mymr,Know-Your Customer စည်းမျဉ်းပါ။,"""고객을 알라""라는 법칙입니다."
KOSPI 200,215,mya_Mymr,KOSPI ၂၀၀,KOSPI 200
Lamfalussy기준,91,mya_Mymr,Lamfalussy အတွက် ပုံမှန်ပါ။,램팔루시병에서는 정상입니다.
LBO,1235,mya_Mymr,LBO ပါ။,LBO입니다.
Link-Up Markets,50,mya_Mymr,Link-Up စျေးကွက်များ,링크업 시장
local trader,92,mya_Mymr,ဒေသတွင်း ကုန်သည်,지역 상인
M&A,1236,mya_Mymr,M&A တွေ,합병 &amp; 인수
"M1, M2, M3",171,mya_Mymr,"M1, M2, M3","M1, M2, M3"
MADOFF,566,mya_Mymr,MADOFF ပါ,마도프입니다.
MALONEY ACT,129,mya_Mymr,MALONEY ACT ကို,우리는 MALONEY ACT를
matched book,93,mya_Mymr,တူညီတဲ့ စာအုပ်ပါ။,같은 책입니다.
matching fund,69,mya_Mymr,တူညီတဲ့ ရံပုံငွေ,동등한 자금
MIC,1237,mya_Mymr,MIC,MIC
MiFID,741,mya_Mymr,MiFID,MiFID입니다.
MIT,1238,mya_Mymr,MIT ပါ။,MIT입니다.
MM의 자본구조 이론,130,mya_Mymr,MM ရဲ့ အရင်းရှင်တည်ဆောက်မှု သီအိုရီ,MM의 자본구조 이론
Moddy's investment grade,8,mya_Mymr,Moddy ရဲ့ ရင်းနှီးမြှုပ်နှံမှု အဆင့်,모디의 투자 평가
MONTE TITOLI S.P.A.,22,mya_Mymr,MONTE TITOLI S.P.A.,몬테 티톨리 S.P.A.
MSRB,1092,mya_Mymr,MSRB ပါ။,MSRB입니다.
narrow bank,131,mya_Mymr,Narrow Bank,좁은 은행
national market system,12,mya_Mymr,အမျိုးသားစျေးကွက်စနစ်,국가시장 시스템
NECIGEF,384,mya_Mymr,NECIGEF,NECIGEF
net credit or net debit position,1,mya_Mymr,net credit (သို့) net debit အနေအထား,순채권 또는 순채권 상태입니다.
net debit caps,55,mya_Mymr,net debit caps တွေ,자금 채권 대상이 됩니다.
net sender limits,30,mya_Mymr,net sender limit များ,네트 송신자 제한
NICRA,742,mya_Mymr,NICRA ပါ။,NICRA입니다.
NMPG,1093,mya_Mymr,NMPG,NMPG입니다.
nominee name,94,mya_Mymr,Nominee အမည်,후보자의 이름
nostro account,56,mya_Mymr,ကျွန်တော်တို့ရဲ့ အကောင့်,우리의 계정입니다.
NSCC,1094,mya_Mymr,NSCC ပါ။,NSCC입니다.
NYSE rule 387,70,mya_Mymr,NYSE စည်းမျဉ်း ၃၈၇,NYSE 규칙 387
on-line system,57,mya_Mymr,အွန်လိုင်း စနစ်,온라인 시스템
open position,71,mya_Mymr,ပွင့်လင်းတဲ့ နေရာပါ။,그것은 열린 공간입니다.
OTM,1239,mya_Mymr,OTM ပါ။,OTM입니다.
P&A,1240,mya_Mymr,P&A,질문과 답변
pac-man strategy,37,mya_Mymr,Pac-Man မဟာဗျူဟာ,"""패크맨 전략"""
paper-based credit transfers,4,mya_Mymr,စက္ကူအခြေခံ ငွေလွှဲပြောင်းမှု,종이에 기반한 송금
PB,1303,mya_Mymr,PB ပါ။,PB입니다.
PIKS,1095,mya_Mymr,PIKS,PIKS
plus tick,216,mya_Mymr,plus tick ကို,더하기 틱
poison pill,132,mya_Mymr,အဆိပ်ဆေးပါ။,독약입니다.
POSIT,743,mya_Mymr,POSIT,포시트
position,301,mya_Mymr,နေရာ,장소
pre-commitment approach,11,mya_Mymr,pre-commitment ချဉ်းကပ်မှု,전제적 접근법
PTS,1241,mya_Mymr,PTS,PTS
QFI,1242,mya_Mymr,QFI ပါ။,QFI입니다.
QIB,1243,mya_Mymr,QIB ပါ။,QIB입니다.
QuantEX,385,mya_Mymr,QuantEX ကို,퀀트엑스라는
registar,302,mya_Mymr,မှတ်ပုံတင်,등록
registered competitive trader,2,mya_Mymr,Registered Competitive Trader လို့ခေါ်ပါတယ်။,등록된 경쟁상거래자라고 합니다.
REGULATION A,95,mya_Mymr,စည်းမျဉ်း A,규칙 A.
REGULATION D,96,mya_Mymr,စည်းမျဉ်း D,규칙 D.
REGULATION G,97,mya_Mymr,စည်းမျဉ်း G,규칙 G.
REGULATION Q,98,mya_Mymr,စည်းမျဉ်း Q,Q 법칙
REGULATION T,99,mya_Mymr,စည်းမျဉ်းစည်းကမ်း,규칙.
REGULATION U,100,mya_Mymr,စည်းမျဉ်းစည်းကမ်း,규칙.
RELIT,744,mya_Mymr,RELIT,RELIT
reorganization,58,mya_Mymr,ပြန်လည်ဖွဲ့စည်းခြင်း,재구성
repo-to-maturity,38,mya_Mymr,Repo-to-maturity ဆိုတာက,리포-트-메이쳐티는
repo/RP,386,mya_Mymr,repo/RP,리포/RP
RGV,1244,mya_Mymr,RGV ပါ။,RGV입니다.
round lot,217,mya_Mymr,အဝိုင်းအထုပ်,둥근 포장지
RSI,1245,mya_Mymr,RSI ပါ။,이것은 RSI입니다.
rule OF 72,172,mya_Mymr,၇၂ စည်းမျဉ်း,72개의 규칙
rule of fair practice,16,mya_Mymr,Fair Practice ရဲ့ စည်းမျဉ်းပါ။,공정한 실천의 법칙입니다.
RVP,1246,mya_Mymr,RVP,RVP.
S&R,1247,mya_Mymr,S&R,S&R
SAFE 21,387,mya_Mymr,SAFE ၂၁,SAFE 21
Saturday night special,13,mya_Mymr,စနေနေ့ည အထူး,토요일 밤 특집
SCHEDULE 13D,101,mya_Mymr,SCHEDULE ၁၃D,스케줄 13D
SECOM,745,mya_Mymr,SECOM,SECOM
SEDOL,746,mya_Mymr,SEDOL,SEDOL
SEGA,1096,mya_Mymr,SEGA,세가
segregation of securities,6,mya_Mymr,ငွေကြေးဆိုင်ရာ ခွဲခြားဆက်ဆံရေး,금전적 차별
settlement,173,mya_Mymr,settlement ကို,식민지
SIAC,1097,mya_Mymr,SIAC ပါ။,SIAC입니다.
SICOVAM,388,mya_Mymr,SICOVAM,SICOVAM
SIS SegaIntersettle,23,mya_Mymr,SIS ကို SegaIntersettle,세가인터셋
sleeping beauty,51,mya_Mymr,အိပ်ပျော်နေတဲ့ အလှမယ်,잠자는 미녀
SMPG,1098,mya_Mymr,SMPG,SMPG
snow balling,102,mya_Mymr,နှင်းဘောလုံး,눈구름
spagetti problem,39,mya_Mymr,Spagetti ပြဿနာပါ။,스파게티 문제입니다.
stock power,133,mya_Mymr,စတော့ စွမ်းအင်,원자력입니다.
stock watcher,72,mya_Mymr,စတော့ စောင့်ကြည့်သူ။,관측자가 되세요.
STP,1248,mya_Mymr,STP ပါ။,STP입니다.
street name,134,mya_Mymr,လမ်းအမည်,거리 이름
subparticipation,40,mya_Mymr,subparticipation ပါ၀င်မှု,부참가율
suicide pill,103,mya_Mymr,ကိုယ့်ကိုယ်ကို သတ်သေဆေးပါ။,스스로 목숨을 끊으세요.
sunday bank,135,mya_Mymr,Sunday Bank မှာ,저는 일요일 은행에서
sushi bond,174,mya_Mymr,ဆူရှီဘောင်,수시 프레임
SWIFT,747,mya_Mymr,SWIFT ပါ။,SWIFT입니다.
system repo,136,mya_Mymr,system repo ကို,시스템 리포
T-BILL,567,mya_Mymr,T-BILL,T-BILL
T-BOND,568,mya_Mymr,T-BOND,T-BOND
T-NOTE,569,mya_Mymr,T-NOTE,T-NOTE
T2S,1249,mya_Mymr,T2S ပါ။,T2S입니다.
TAKASBANK,218,mya_Mymr,TAKASBANK,타카스뱅크
TALISMAN,303,mya_Mymr,TALISMAN,미륵보살
TARGET,570,mya_Mymr,Target ပါ။,타겟입니다.
TAURUS,571,mya_Mymr,TAURUS,황소
tax call option,52,mya_Mymr,အခွန်ခေါ်ဆိုမှု ရွေးချယ်မှု,세금 징수 선택
TELEKURS,304,mya_Mymr,TELEKURS,텔레쿠르스
tick,1099,mya_Mymr,tick လို့ခေါ်ပါတယ်။,틱 (tick) 이라고 합니다.
ticker tape,137,mya_Mymr,တီကာ တိပ်ပါ။,틱테이프입니다.
TRADEPOINT,175,mya_Mymr,TRADEPOINT ကို ကြည့်ပါ။,트레이드포인트를 보세요.
tranches,305,mya_Mymr,အလှူငွေတွေ,기부금
TRAX,1100,mya_Mymr,TRAX ပါ။,트랙스입니다.
twenty-day period,31,mya_Mymr,(၂၀) ရက်ကာလ,20일 기간
two-dollar broker,32,mya_Mymr,နှစ်ဒေါ်လာ ကုန်သည်,2달러 상인
two-sided comparison,18,mya_Mymr,နှစ်ဖက် နှိုင်းယှဉ်မှု,양방향 비교
UNIFI,748,mya_Mymr,UNIFI,UNIFI
uniform practice code,17,mya_Mymr,ယူနီဖောင်းလေ့ကျင့်မှု ကုဒ်။,유니폼을 입어야 합니다.
uptick,572,mya_Mymr,uptick ကို,상승
value broker,104,mya_Mymr,Value Broker လို့ခေါ်ပါတယ်။,이것은 가치중개자라고 불립니다.
value date,176,mya_Mymr,value date ကို,값은 날짜입니다.
VAR,1250,mya_Mymr,VAR,VAR
VP,1304,mya_Mymr,ဒုဥက္ကဋ္ဌ,부회장님
VPC,1251,mya_Mymr,VPC ပါ။,VPC입니다.
VPS,1252,mya_Mymr,VPS ပါ။,VPS입니다.
WHITE KNIGHT,105,mya_Mymr,WHITE KNIGHT,하얀 기사
WILLIAMS ACT,106,mya_Mymr,WILLIAMS ACT ကို,윌리엄스 법은
wire house,177,mya_Mymr,ဝိုင်ယာအိမ်,유선 집
WIT CAPITAL,138,mya_Mymr,WIT CAPITAL နဲ့ပါ။,WIT 캐피탈과 함께 했습니다.
X-비효율성,573,mya_Mymr,X-ထိရောက်မှုမရှိခြင်း,X: 비효율성
X,1308,mya_Mymr,X ကို,x가 됩니다.
XML,1253,mya_Mymr,XML ကို,XML을
XR,1305,mya_Mymr,XR ပါ။,XR입니다.
XW,1306,mya_Mymr,XW ပါ။,XW입니다.
가쇄,1254,tgl_Latn,Pag-iipon,축적
가압류,1101,tgl_Latn,Mga bituka,장
가중주가평균,389,tgl_Latn,Ang mga taong sobra sa timbang ay,과체중은
간사단,1102,tgl_Latn,Mga Tagapangasiwa,감독자
간사회사,751,tgl_Latn,Mga tagapag-alaga,보호자
간접공시,752,tgl_Latn,Sa pamamagitan ng hindi direktang pagpapakita,간접적으로 보여줌으로써
간접금융,753,tgl_Latn,Hindi direktang pagpopondo,간접적인 자금
간접모집,754,tgl_Latn,Hindi direktang pag-aalaga,간접적인 돌봄
간접발행,755,tgl_Latn,Di-tuwid na pag-akyat,불직한 등반
간접점유,756,tgl_Latn,Hindi direktang pag-inom,간접적인 음주
간접참가자,575,tgl_Latn,Ang mga hindi direktang kasapi,비접속 회원
간주,1255,tgl_Latn,Tumingin,보고
감리대상종목,390,tgl_Latn,Ang mga species ng pandaraya,사기꾼의 종류
감자차익,757,tgl_Latn,Ang mga patatas na tsokolate,초콜릿 감자
감채기금,758,tgl_Latn,Ang mga utang sa utang,부채의 부채
감채기금부채권,306,tgl_Latn,Mga utang na may utang,부채와 부채
강세장,1103,tgl_Latn,Kapamilya.,가족입니다.
강제매수,759,tgl_Latn,Pinipilit na mangangalakal,강제적인 무역
개발신탁,760,tgl_Latn,Pag-aalaga sa pag-unlad,성장에 대한 보살핌
개방식 담보사채,221,tgl_Latn,Bukas na garantiya,공짜 보증
개방형 리포,391,tgl_Latn,Bukas na ulat,공개된 보고서
개방형 투자신탁,222,tgl_Latn,Bukas na Pananampalataya sa Pamumuhunan,투자에 대한 개방적인 믿음
개별결제,761,tgl_Latn,Mga indibidwal na solusyon,개별적인 해결책
개별경쟁매매,392,tgl_Latn,Pagbebenta ng indibidwal na paligsahan,개인 토너먼트 판매
개시증거금,576,tgl_Latn,Ang pambungad na katibayan,첫 번째 증거
거래량비율,577,tgl_Latn,Mga rate ng kalakalan,거래율
거래량회전율,393,tgl_Latn,Ang halaga ng kalakalan,무역의 가치
거래성립률,578,tgl_Latn,Ang pagiging matatag ng kalakalan,무역의 안정성
거래소 시장,394,tgl_Latn,Mga merkado ng palitan,외환 시장
거래소 회원,395,tgl_Latn,Mga kasapi ng palitan,교환의 일원
거래취소,762,tgl_Latn,Mga lugar ng kalakalan.,상업지역.
건설이자,763,tgl_Latn,Ang pagbuo at,개발과
겐사끼시장,579,tgl_Latn,Mercado ng Genes.,유전자 시장
격탁매매,764,tgl_Latn,Pag-aabang ng table.,테이블을 빌려주죠.
견양증권,765,tgl_Latn,Mga sertipiko ng suporta,지원 증명서
결산,1256,tgl_Latn,Ang pagputol,절단
결산보고서,580,tgl_Latn,Mga ulat ng pagbabayad.,결제 보고서
결제기구,766,tgl_Latn,Mga aparato ng pagbabayad,결제 장치
결제기금,767,tgl_Latn,Mga pondo ng pagbabayad,결제 자금
결제대금주선제도,223,tgl_Latn,Ang sistema ng pagbabayad ng utang.,빚을 갚는 시스템
결제대용증,581,tgl_Latn,Pagpapahintulot sa pagbabayad,지불을 허용하는 것
결제리스크 관리제도,139,tgl_Latn,Ang pagmamaneho ng panganib sa pagbabayad,결제 위험을 운용하는 것
결제불이행거래,307,tgl_Latn,Ang pagbabayad ng utang.,빚을 갚는 것
결제순서조작,396,tgl_Latn,Pag-aayos ng mga order ng pagtatapos,종료 명령을 조정하는 것
결제시한,768,tgl_Latn,Nakumpleto na,다 됐어
결제시한,769,tgl_Latn,Nakumpleto na,다 됐어
결제위험의 비대칭성,140,tgl_Latn,Ang hindi pagkakapareho ng panganib sa pagbabayad,결제 위험의 불평등
결제은행제도,397,tgl_Latn,Ang sistema ng pagbabayad.,결제 시스템.
결제일,1104,tgl_Latn,Araw ng pagtatapos,마지막 날
결제적체현상,398,tgl_Latn,Ang pangwakas na bagay,마지막으로
결제전 예납,399,tgl_Latn,Ang pagbabayad.,지불.
결제후 업무처리,224,tgl_Latn,Pagpapatupad ng mga gawain pagkatapos ng pagbabayad,지불 후 작업을 수행합니다
결제후 업무처리,225,tgl_Latn,Pagpapatupad ng mga gawain pagkatapos ng pagbabayad,지불 후 작업을 수행합니다
겸업주의,770,tgl_Latn,Nagtatagumpay sa negosyo,사업에서 성공
경개,1257,tgl_Latn,Ang buwaya.,독수리
경개적 차감,400,tgl_Latn,Ang pag-iipon ng pag-iipon,축적 축적
경과이자,771,tgl_Latn,Ang mga pag-aaral at,연구와
경기종합지수,401,tgl_Latn,Ang total ng mga laro,전체 게임
경상수지,772,tgl_Latn,Ang pag-iingat.,조심스러움
경쟁매매,773,tgl_Latn,Pagbebenta ng kumpetisyon,경쟁을 팔기
경제통합,774,tgl_Latn,Pang-ekonomiyang pagsasama,경제적 결합
경제협력개발기구,226,tgl_Latn,Organisasyon para sa Pang-ekonomiyang Pakikipagtulungan at Pag-unlad,경제협력개발기구
계약,1258,tgl_Latn,Mga kontrata,계약
계약형투자신탁,308,tgl_Latn,Mga kontrata sa pamumuhunan.,투자 계약
계절주,1105,tgl_Latn,Ang mga panahon,시대
계좌대체,775,tgl_Latn,Baguhin ang account.,계좌를 변경하세요.
계좌설정,776,tgl_Latn,Pag-set up ng account,계정 설정
고객계좌부,582,tgl_Latn,Mga customer account.,고객 계정
고객계좌자동이전서비스,107,tgl_Latn,Mga customer account na awtomatikong serbisyo.,자동 서비스 고객 계정
고객예탁금 이용료,178,tgl_Latn,Mga Bayad sa Paggamit ng Customer Deposit,고객 예금 사용 요금
고객예탁분,583,tgl_Latn,Ang mga customer reservation.,고객 예약.
고객예탁증권,402,tgl_Latn,Mga pasilidad ng customer.,고객 시설.
고오든 모형,403,tgl_Latn,Ang modelo ng Gooden.,구든의 모델입니다.
고정형 투자신탁,227,tgl_Latn,Pinakamataas na pananaligang katiwalaan,가장 높은 신뢰성
고정환율제도,404,tgl_Latn,Fixed rate ng palitan,고정된 환율
골든 크로스,405,tgl_Latn,Ang Golden Cross.,골든 크로스
공개/발성호가,309,tgl_Latn,Ang Open Source ay,오픈소스는
공개매수,777,tgl_Latn,Pampublikong pagbebenta,공공판매
공개매수설명서,310,tgl_Latn,Mga pahayag ng pagbebenta.,판매 선언문.
공개매수신고서,311,tgl_Latn,Sa pamamagitan ng pagbebenta sa publiko.,공공판매를 통해서요.
공개법인,778,tgl_Latn,Pangkalahatang Batas,일반적인 규칙
공개시장조작,406,tgl_Latn,Pangkalahatang pagbebenta,전체 판매
공기업,1106,tgl_Latn,Airline,항공사
공동간사회사,407,tgl_Latn,Mga panlipunang panlipunan,사회적 관계
공동대리,779,tgl_Latn,Mga kapareha,배우자
공동지배인,584,tgl_Latn,Ang co-host.,공동 주최자
공매도,1107,tgl_Latn,Ang mga pampublikong alok.,공매물.
공매수,1108,tgl_Latn,Pangkalahatang presyo,전체 가격
공모,1259,tgl_Latn,Ang pakikipagtulungan,협업
공모부대서비스회사,179,tgl_Latn,Kumpanya ng Serbisyong Pampublikong,공무원 회사
공모증자,780,tgl_Latn,Mga saksi ng kasamaan.,악의 목격자
공모채,1109,tgl_Latn,Mga pantay na utang,동등한 부채
공사채등록법,408,tgl_Latn,Ang Batas sa Pagrehistro ng Debate,토론 등록 법
공사채형투자신탁,228,tgl_Latn,Ang mga tungkulin sa pamumuhunan.,투자 책임.
공시,1260,tgl_Latn,Ang pag-uusap,대화
공시최고,781,tgl_Latn,Ang pinaka-publiko,가장 대중적인
공신의 원칙,409,tgl_Latn,Mga Prinsipyo ng Diyos,하느님 의 원칙
공인중개인,585,tgl_Latn,Ang mga pampublikong,공공기관
공정거래법,586,tgl_Latn,Batas ng patas na kalakalan,공정거래법
공정게임모형,410,tgl_Latn,Ang patas na modelo ng laro,공평한 게임 모델
공정할인율,587,tgl_Latn,Ang mga patas na rate,공평한 비율
공채,1261,tgl_Latn,Mga utang,부채
관계회사,782,tgl_Latn,Mga kumpanya ng pakikipag-ugnayan,통신 회사
관리대상종목,411,tgl_Latn,Mga species na pinamamahalaan,관리되는 종
관세 및 무역에 관한 일반협정,33,tgl_Latn,Pangkalahatang kasunduan tungkol sa mga taripa at kalakalan,관세와 무역에 관한 총협정
관할권,1110,tgl_Latn,Karapatan,권리
교차담보금제도,312,tgl_Latn,Ito'y isang sistema ng cross-credit insurance.,이것은 크로스 크레딧 보험 시스템입니다.
교차증거금제도,313,tgl_Latn,Ang mga ban ng cross-examination.,교차 조사를 금지합니다.
교차헤징,783,tgl_Latn,Pag-hack ng crossroads,교차로 해킹
교체발행,784,tgl_Latn,Pag-alis ng kapalit,대가를 치르는 것
교환사채,785,tgl_Latn,Mga palitan,교환
구상권,1111,tgl_Latn,Karapatang Mag-isip,생각할 수 있는 권리
구주,1262,tgl_Latn,Magligtas!,구해!
국가신인도,588,tgl_Latn,Ang mga diyos ng bansa.,나라의 신들
국내장외거래,412,tgl_Latn,Panloob at panlabas na kalakalan,국내외 무역
국민주,1112,tgl_Latn,Pangulo ng Bansa,국가 총리
국민주택채권,413,tgl_Latn,Mga utang sa pambansang tirahan,국가 주택 부채
국민총생산,589,tgl_Latn,Ang PNP,PNP
국제간 거래,414,tgl_Latn,Pangkalahatang kalakalan,일반 무역
국제간 대금지급,229,tgl_Latn,Ang pandaigdigang halaga ng pandaraya,세계적 규모의 사기
국제간 대체결제,230,tgl_Latn,Mga alternatibong solusyon sa internasyonal,국제적 대안
국제결제은행,415,tgl_Latn,Ang International Resolution Bank,국제 결제 은행
국제결제은행규제,231,tgl_Latn,Mga panuntunan ng International Resolution Bank,국제 결제 은행의 규칙
국제금융공사,416,tgl_Latn,Pangkalahatang pinansiyal na kumpanya,일반 금융회사
국제금융센타,417,tgl_Latn,Ang Pangkalahatang Pondo,공동 기금
국제금융시장,418,tgl_Latn,Ang pandaigdigang merkado ng pananalapi,세계 금융 시장
국제보관기관,419,tgl_Latn,Ang International Security Agency.,국제안보국입니다.
국제부흥개발은행,232,tgl_Latn,Ang International Bank for Reconstruction and Development,국제 재건개발은행
국제분산투자,420,tgl_Latn,Pangkalahatang pag-iimbak,일반 저장
국제유가증권관리자협회,108,tgl_Latn,Ang International Association of Securities Administrators.,국제 증권 관리자 협회
국제전문가시장,314,tgl_Latn,Mga pandaigdigang eksperto sa merkado,세계 시장 전문가
국제정합성,590,tgl_Latn,Pangkalahatang pagkakapareho,일반적인 유사성
국제증권,786,tgl_Latn,Mga pandaigdigang dokumento,세계 문서
국제증권거래소연맹,180,tgl_Latn,Ang International Federation of Securities Exchanges.,국제 증권 거래소 연맹.
국제증권관리위원회연맹,109,tgl_Latn,Ang International Securities Regulatory Commission,국제 증권 규제 위원회
국제증권예탁결제기관,141,tgl_Latn,Ang International Securities and Exchange Commission,국제 증권거래위원회
국제통화기금,421,tgl_Latn,Ang International Monetary Fund,국제통화기금
국제투자신탁,422,tgl_Latn,Ang International Investment Trust.,국제투자기금
국채,1263,tgl_Latn,Debate ng Estado,국가 토론
국채전문딜러,423,tgl_Latn,Nagbebenta ng utang ng estado.,국채를 팔고 있어요
국채집합등록제도,233,tgl_Latn,Ang sistema ng pagkolekta ng utang.,부채 회수 시스템
권리락,1113,tgl_Latn,Karapatan,권리
권리락주가,591,tgl_Latn,Ang mga may karapatan,권리자
권리예탁,787,tgl_Latn,Mga pananagutan ng karapatan,권리 책임
권리예탁계좌부,315,tgl_Latn,Mga tagapagtanggol ng mga karapatan,인권 옹호자
권리주,1114,tgl_Latn,Mga may karapatan,권리자
권종,1264,tgl_Latn,Pag-aakyat,등산
규정재정,788,tgl_Latn,Pagbabago ng mga panuntunan,규칙의 변화
그라함 도드모형,234,tgl_Latn,Graham-Dodmo.,그레이엄-도드모
근저당,1115,tgl_Latn,Nakakatakot.,무서운 일이죠.
글래머주식,592,tgl_Latn,Ang Glamour.,글래머.
글래스 스티걸법,235,tgl_Latn,Ang Glass Steagall.,글래스 스테아걸
글로벌 트레이딩,236,tgl_Latn,Global na kalakalan,세계 무역
글로벌라이제이션,237,tgl_Latn,Globalisasyon,세계화
글로벌본드,593,tgl_Latn,Global Bonds,글로벌 채권
글로컬리제이션,316,tgl_Latn,Ang Glocalization,세계화
금고주,1116,tgl_Latn,Pag-iwas sa mga ito.,그들을 피하십시오.
금리선물,789,tgl_Latn,Pagbibigay ng interes,관심
금리선물옵션,424,tgl_Latn,Ang mga pagpipilian sa interes,관심의 선택
금리스왑,790,tgl_Latn,Walang ginto.,금은 없습니다.
금리연동부사채,317,tgl_Latn,Mga utang na may interes.,이자금 대출
금리확정부사채,318,tgl_Latn,Mga utang na may katumbas na interes,적금 대출
금외신탁,791,tgl_Latn,Pagkakatiwala.,신뢰성
금융감독위원회/금융감독원,59,tgl_Latn,Pangkalahatang Pananagutan ng Pangkalahatang Pananagutan / Pangkalahatang Pananagutan,일반 책임 일반 책임 / 일반 책임
금융결제원,594,tgl_Latn,Ang mga pinuno ng pananalapi,금융 지도자들
금융공학,792,tgl_Latn,Ang pinansyal na inhinyeriya,금융 엔지니어링
금융기관,793,tgl_Latn,Mga pinansiyal na institusyon,금융 기관
금융리스,794,tgl_Latn,Hindi pinansyal.,금전적인 것이 아닙니다.
금융비용,795,tgl_Latn,Mga gastos sa pananalapi,재정적 비용
금융선물거래,425,tgl_Latn,Pagbebenta ng mga pinansiyal na regalo,금전적 선물 판매
금융소득종합과세,238,tgl_Latn,Ang pinansiyal na kita at buwis.,금융소득과 세금
금융쇼핑몰,595,tgl_Latn,Ang pinansiyal na shopping mall,금융 쇼핑몰
금융시장,796,tgl_Latn,Mga pamilihan sa pananalapi,금융시장
금융실명제,596,tgl_Latn,Pagkakatiwalaan sa pananalapi,재정적 신뢰
금융어음,797,tgl_Latn,Ang pananalapi,재무
금융자산,798,tgl_Latn,Pinansyal na ari-arian,재무 자산
금융장세,799,tgl_Latn,Pinansyal na Ministro.,재무장관
금융지주회사,426,tgl_Latn,Ang Financial Holding Company,금융 지주회사
금융채,1117,tgl_Latn,Mga utang sa pananalapi,금융 부채
금융통화운영위원회,181,tgl_Latn,Pangkalahatang Pangkalahatang Pangkalahatang Pangkalahatang,일반 일반 일반 일반 일반
금전신탁,800,tgl_Latn,Pag-iwan ng pera,돈을 남기기
기간구조,801,tgl_Latn,Paglalarawan ng panahon,날씨에 대한 설명
기간물 repo,239,tgl_Latn,Ang panahon repo,기
기관결제제도,427,tgl_Latn,Ang sistema ng pagpapasya ng katawan.,신체의 의사결정 체계입니다.
기관투자가 결제제도,142,tgl_Latn,Ang mga institusyonal na mamumuhunan ay,기관투자자들은
기관투자가,597,tgl_Latn,Ang mga institutional investor,기관 투자자들은
기관화현상,598,tgl_Latn,Mga pangyayari ng mekanismo,메커니즘 현상
기대수익률,599,tgl_Latn,Ang mga inaasahan na kita,기대 수익
기대이론,802,tgl_Latn,Ang pag-asa,희망
기말계속예탁제도,240,tgl_Latn,Mag-imbak ka ng mga reserbasyon.,미리 예약해두세요.
기명날인,803,tgl_Latn,Ang araw ng kanyang pagkamatay.,그가 죽은 날
기명사채,804,tgl_Latn,Walang pangalan.,이름은 없습니다.
기명주식,805,tgl_Latn,Pag-uumpisahan,훈련
기본적분석,600,tgl_Latn,Pangunahing Pagsusuri,주요 점검
기세,1265,tgl_Latn,Pag-uusap,대화
기술적분석,601,tgl_Latn,Teknolohikal na pagtatasa,기술 분석
기어링 레이쇼,319,tgl_Latn,Ang gear racing.,기어 레이싱
기업공개,806,tgl_Latn,Pampublikong Pagpapakilala,공개적 인명
기업회계기준,428,tgl_Latn,Mga pamantayan sa accounting ng korporasyon,기업 회계 기준
기준일,1118,tgl_Latn,Batayan ng araw,태양의 근간
기채시장,807,tgl_Latn,Mercado ng utang,부채 시장
기초자산,808,tgl_Latn,Mga pangunahing ari-arian,주요 자산
기축통화,809,tgl_Latn,Pag-aaktresya,연기
기한부어음,602,tgl_Latn,Ang takdang panahon,정해진 시간
기회비용,810,tgl_Latn,Mga gastos ng pagkakataon,기회비용
나스닥,1119,tgl_Latn,Nasdaq,나스닥
납입자본금,603,tgl_Latn,Ang mga kapital na ibinabayad,지불된 자본
납회,1266,tgl_Latn,Ang pag-aalis,떠나는 것
내부결제,811,tgl_Latn,Mga panloob na solusyon,내부적인 해결책
내부금융,812,tgl_Latn,Panloob na pananalapi,국내 재무
내부수익률,604,tgl_Latn,Ang mga panloob na kita,국내 수입
내부유보,813,tgl_Latn,Panloob na pag-aalaga,내적 치료
내부자거래,605,tgl_Latn,Pag-uusap sa loob.,내면의 대화
내재가치,814,tgl_Latn,Pangkalahatang halaga,총액
누적적 우선주,320,tgl_Latn,Kumulatibong Prioridad,우선순위를 높여주는 것
누적적참가우선주,241,tgl_Latn,Kumulatibong kontribusyon,누적 기여
누적투표제,606,tgl_Latn,Pangkalahatang botohan,전체 투표
뉴라운드,815,tgl_Latn,Bagong pag-ikot,새로운 회전
뉴욕증권거래소,321,tgl_Latn,Ang New York Stock Exchange.,뉴욕 증권거래소
니케이 평균지수,242,tgl_Latn,Ang average ng Nike.,나이키 평균입니다.
다자간 차감,429,tgl_Latn,Ang pag-aalala ng pag-aalala.,걱정은 걱정입니다.
다지수모형,607,tgl_Latn,Multipurpose.,다목적입니다.
단기금융시장 상호기금,110,tgl_Latn,Panandaliang pinansiyal na merkado,단기 금융 시장
단기금융시장,430,tgl_Latn,Ang mga short term na merkado ng pananalapi,단기 금융시장
단기채,1120,tgl_Latn,Maikling panahon,짧은 시간
단독주주권,608,tgl_Latn,Pangkalahatang Soberano,세계적 주권자
단순보관연계,431,tgl_Latn,Simpleng sistema ng komunikasyon,간단한 통신 시스템
단순주가지수,432,tgl_Latn,Ang mga simpleng argumento,간단한 주장
단순주가평균,433,tgl_Latn,Ang isang simpleng linggo ay ang average,간단한 주간은 평균입니다
단위형 투자신탁,243,tgl_Latn,Isang unitary investment trust.,유니터리 투자 트러스트.
단일지수모형,434,tgl_Latn,Ang solong bilang ng mga numero,숫자의 단수
단주,1267,tgl_Latn,Isang Linggo,1주일
단주매각대금,435,tgl_Latn,Isang linggong bayad.,일주일에 한 번
담보거래,816,tgl_Latn,Pagpapahintulot.,허락하는 것.
담보관리제도,436,tgl_Latn,Ang sistema ng pag-aalaga ng katiyakan,안전 관리 시스템
담보물,1121,tgl_Latn,Mga panuntunan,원칙
담보부사채,609,tgl_Latn,Pag-aangkin ng utang.,부채를 청구합니다.
담보유가증권,437,tgl_Latn,Mga Tuntunin ng Pag-aangkin,주장의 원칙
담보유지비율,438,tgl_Latn,Ang rate ng pag-iimbak,저장율
당일결제거래,439,tgl_Latn,Pag-aayos ng araw.,태양을 정렬하는 것.
당일자금,817,tgl_Latn,Pang-araw-araw na suporta,매일의 지원
당좌대월,818,tgl_Latn,Tanggapan sa kaliwa,좌측 구석
당좌차월,819,tgl_Latn,Sa kaliwang gilid.,왼쪽에 있어요
대권,1268,tgl_Latn,Ang kapangyarihan,힘
대금지급보증시스템,182,tgl_Latn,Ang sistema ng garantiya sa pagbabayad ng utang,대출 보증 시스템
대기시스템,610,tgl_Latn,Ang sistema ng hangin,공기 시스템
대량매매,820,tgl_Latn,Pagbebenta ng dagdag,추가 판매
대량주식보유상황공시제도,73,tgl_Latn,Ang mas malaking stock exchange ay nag-aalaga ng emergency system.,더 큰 증권거래소는 응급시스템을 운영합니다.
대량주식소유의 제한,143,tgl_Latn,Ang mga limitasyon ng malaking pagmamay-ari,대규모 소유의 한계
대변이체시스템,322,tgl_Latn,Mga sistema ng tagapagpahayag,보급기 시스템
대용가격,821,tgl_Latn,Mga presyo ng pagpapalit,교환 가격
대용증거금 필요액,183,tgl_Latn,Ang halaga na kailangan para sa mga gagamitin,용품에 필요한 금액
대용증권,822,tgl_Latn,Mga pasilidad ng pag-aari,소유 시설
대주,1269,tgl_Latn,Ang mga tao.,사람들이요.
대주비율,823,tgl_Latn,Ang rate ng pagmamay-ari,소유율
대주주,1122,tgl_Latn,Ang mga may-ari,소유자
대차수수료,611,tgl_Latn,Mga Bayad sa Paglalakbay,여행비
대체거래시스템,323,tgl_Latn,Ang mga alternatibong sistema ng kalakalan,대안적인 거래 시스템
대체결제제도,440,tgl_Latn,Mga alternatibong solusyon.,대안적인 해결책.
대체물/대체성,324,tgl_Latn,Mga kapalit / kapalit,대체물 / 대체물
대체비용위험,441,tgl_Latn,Ang mga alternatibong gastos ng panganib,위험의 대안 비용
대표소송,824,tgl_Latn,Pagpapahayag,선언
대표채권,825,tgl_Latn,Ang mga utang na kinakatawan,대표적인 부채
대행업무 수탁계약,184,tgl_Latn,Mga kontrata sa kontrata ng kontrata.,계약에 대한 계약
데드크로스,612,tgl_Latn,Ang Deadcross.,데드크로스
독일증권시장의 주가지수,74,tgl_Latn,Mga may-ari ng stock market sa Alemanya,독일의 주식 시장 소유자
동시호가,826,tgl_Latn,Ang mga ito ay...,그들은...
동일주주,827,tgl_Latn,Parehong may-ari,공동 소유자
동증주가지수,442,tgl_Latn,Magkaroon ng pananagutan.,책임감을 가지세요.
듀레이션,828,tgl_Latn,Duracion,기간
등가수익률,613,tgl_Latn,Ang halaga ng halaga ng kita,소득의 값은
등록기관,829,tgl_Latn,Mga ahensya ng rehistro,등록 기관
등록대리인,614,tgl_Latn,Nagrehistro ng mga representante,대표자 등록
등록법인,830,tgl_Latn,Mga batas ng pagpaparehistro,등록법
등록질,1123,tgl_Latn,Pagpaparehistro,등록
등록채권,831,tgl_Latn,Pagpaparehistro ng utang,부채 등록
"등록필증, 등록필통지서",75,tgl_Latn,"Mga sertipiko ng pagpaparehistro, mga sertipiko ng pagpaparehistro.","등록 증명서, 등록 증명서"
디스카운트 브로커,185,tgl_Latn,Ang diskwento broker,할인 브로커
딜러,1270,tgl_Latn,Ang dealer.,딜러
랜덤워크가설,443,tgl_Latn,Ang RandomWork.,랜덤워크입니다.
랩 어카운트,444,tgl_Latn,Lab account,실험실 계좌
런던은행간 대출금리,144,tgl_Latn,Ang interbank loan sa London.,런던의 은행 간 대출
런던은행간 예금금리,145,tgl_Latn,Ang mga deposito sa London Bank,런던 은행의 예금
레버리지 효과,325,tgl_Latn,Epekto ng Leverage,레버리지 효과
마코위츠 이론,326,tgl_Latn,Ang teorya ni Markowitz,마르코비츠의 이론
마크다운,832,tgl_Latn,Markdown,마크다운
마팅게일모형,445,tgl_Latn,Ang modelo ng Martingale.,마틴게일 모델입니다.
만기,1271,tgl_Latn,Pagtuklas,발견
만기보유전략,446,tgl_Latn,Mga Taktika ng Pag-aalala,걱정의 전략
만기수익률,615,tgl_Latn,Mga rate ng kita sa pagtatapos,종말 수익률
매매거래정지,447,tgl_Latn,Pagbabago ng kalakalan.,무역의 변화.
매매거래중단,448,tgl_Latn,Pagpapalit at pagbebenta.,교환과 판매
매매보고서,616,tgl_Latn,Sa pamamagitan ng paghahanap ng mga benta.,판매를 찾아서요.
매매상대방,617,tgl_Latn,Mga tindahan ng kalakalan,상권
매매심리,833,tgl_Latn,Pagbebenta,판매
매매입회장,618,tgl_Latn,Pangkalahatang direktoryo.,일반 디렉터리
매매중지장치,449,tgl_Latn,Mga kagamitan sa pagbebenta,판매용 장비
매매확인,834,tgl_Latn,Nakumpirma ang pagbebenta,판매가 확정됐다
매출,1272,tgl_Latn,Mga benta,판매
멀티미디어금융시대,186,tgl_Latn,Panahon ng Multimedia Finance,멀티미디어 금융 시대
명령상장,835,tgl_Latn,Pangasiwaan.,관리.
명목이자율,619,tgl_Latn,Pangalan at rate,이름과 비율
명의개서 대행회사,187,tgl_Latn,Ang mga pangalan ng mga aso ng kumpanya ng pagpapadala,택배 회사 개들의 이름
명의개서 정지기간,188,tgl_Latn,Sa pagitan ng pangalan at pangalan.,이름과 이름 사이에
명의개서,836,tgl_Latn,Ang pangalan ng aso,개 이름
명의개서대리인,327,tgl_Latn,Ang mga tagapagsalita ng pangalan.,이름의 스피커들
명의개서대행업무,244,tgl_Latn,Ang mga pangalan ng mga kumpanya ng mga kumpanya ng mga kumpanya,회사 이름 회사 이름
모기지담보부증권,245,tgl_Latn,Mga sertipiko ng hipoteka.,주택담보증서
모듈기업,837,tgl_Latn,Modular na kumpanya,모듈식 회사
모집,1273,tgl_Latn,Pag-recruit,채용
모집설립,838,tgl_Latn,Pagsusumite ng mga tao,사람들이 제출하는 것
무권화,1124,tgl_Latn,Pag-aalis ng kapangyarihan,권력 제거
무기명주식,620,tgl_Latn,Mga pangalan ng mga tao,사람들의 이름
무기명채권,621,tgl_Latn,Mga utang na walang hanggan,영구적인 부채
무담보사채,622,tgl_Latn,Walang pakialam.,신경쓰지 마
무배당,1125,tgl_Latn,Ang walang kabuluhan,무의미한 것
무배주,1126,tgl_Latn,Mga mangangaso.,사냥꾼들
무보증사채,623,tgl_Latn,Mga utang na walang garantiya,보증되지 않은 부채
무상증자,839,tgl_Latn,Mga walang bayad na saksi.,무상 증인들
무액면주식,624,tgl_Latn,Ang mga stock ng cashless,현금 없는 주식
무위험 이자율,328,tgl_Latn,Mga rate ng interes na walang panganib,위험 없는 금리
무의결권주,625,tgl_Latn,Ang walang katapusang kapangyarihan.,무한한 힘
무츄얼펀드,626,tgl_Latn,Ang Pondo ng Pangkalahatan,세계적 기금
물상대위,840,tgl_Latn,Mga Batas ng Tubig,물의 법칙
물적담보,841,tgl_Latn,Mga materyal na balita,물질적 뉴스
뮤추얼펀드 관리회사,146,tgl_Latn,Ito ay isang kumpanya ng pamamahala ng mutual fund.,이것은 상호펀드 관리 회사입니다.
뮤추얼펀드 인수회사,147,tgl_Latn,Ang mutual fund acquiring company.,상호펀드 인수 회사입니다.
미국형옵션,627,tgl_Latn,Mga pagpipilian sa Amerikano,미국인의 선택
미발행증권거래,329,tgl_Latn,Pagbebenta ng di-nagtatagumpay na mga securities,실패한 증권 판매
미청산계약,628,tgl_Latn,Mga kontrata sa asido asido,산소 계약
바벨형 만기구성전략,148,tgl_Latn,Mga Taktika ng Pangmatagalan ng Babel,바벨의 장기적 전략
바스켓방식,629,tgl_Latn,Ang Basketball Style,농구 스타일
바흐만보고서,450,tgl_Latn,Tumingin ako kay Bach.,저는 바흐를 보았습니다.
반대매매,842,tgl_Latn,Ang iba't ibang mga kalakalan,다양한 거래
발기설립,843,tgl_Latn,Paghahanda ng erection,발기 발기 준비
발기인,1127,tgl_Latn,Ang pagtataas.,승진
발기인조합,630,tgl_Latn,Ang pagtitipon ng mga erectile,발기부전
발행가액,844,tgl_Latn,Bilang ng mga nag-isyu,발행자 수
발행시장,845,tgl_Latn,Mga merkado ng pagpapalabas,발매 시장
배당,1274,tgl_Latn,Paghahalo,혼합
배당가능이익,451,tgl_Latn,Mga kabayaran na makukuha,받을 수 있는 지불금
배당금지급청구권,246,tgl_Latn,Karapatan na mag-aplay para sa mga allowance,보조금을 신청할 수 있는 권리
배당기산일,631,tgl_Latn,Araw ng Paghahalo,혼합의 날
배당락,1128,tgl_Latn,Pag-aakyat.,올라와
배당성향,846,tgl_Latn,Pag-aalinlangan,의심
배당소득,847,tgl_Latn,Ang dividend na kita,배당이익
배당소득세,632,tgl_Latn,Ito ay isang dividend.,이것은 배당금입니다.
배당의 정보효과,247,tgl_Latn,Ang mga epekto ng impormasyon ng payout,결제 정보의 영향
배당정책,848,tgl_Latn,Mga patakaran sa alokasyon,할당 정책
배당평가모형,452,tgl_Latn,Modelo ng pag-allocate ng rating,신용등급 할당 모델
배서,1275,tgl_Latn,Sa likuran.,뒤쪽이야
백워데이션,633,tgl_Latn,Backwardation,백워드레이션
벌처펀드,849,tgl_Latn,Ang Bulcher Fund.,불처 펀드
법정과실,850,tgl_Latn,Sa loob ng korte,법정 안에서
법정관리,851,tgl_Latn,Mga Hukom,재판관
법정담보물권,453,tgl_Latn,Karapatan ng Legal na Karapatan,법적인 권리
법정대위,852,tgl_Latn,Mga Hukom,재판관
법정청산,853,tgl_Latn,Pag-aalaga ng korte,법원의 보살핌
베이시스,854,tgl_Latn,Basees.,기지.
베타계수,855,tgl_Latn,Mga bilang ng beta,베타 숫자
베타위험,856,tgl_Latn,Beta panganib.,베타 위험.
병행증자,857,tgl_Latn,Mga parusa.,처벌
보관기관,858,tgl_Latn,Mga imbakan,창고
보관원장,859,tgl_Latn,Pangulo ng Repositorio,저장소 책임자
보관위험,860,tgl_Latn,Mga panganib sa pag-iingat,주의해야 할 위험
보유기간수익률,330,tgl_Latn,Mga rate ng kita sa panahon ng pag-aari,소유 기간 동안의 수익률
보유비용,861,tgl_Latn,Mga gastos sa pag-iingat,관리비용
보증사채,862,tgl_Latn,Ang garantiya,보장은
보통거래,863,tgl_Latn,Karaniwan.,보통입니다.
보통결의,864,tgl_Latn,Ang karaniwang desisyon,일반적인 결정
보통주,1129,tgl_Latn,Karaniwan.,보통입니다.
보호예수,865,tgl_Latn,Banal na Diyos.,거룩하신 하나님
보호예수증서,454,tgl_Latn,Mga Patnubay ni Jesus,예수 의 지침
복리채,1130,tgl_Latn,Ang pag-aalaga.,돌봄.
복수통화대출,455,tgl_Latn,Pagbabalik-tangi,배타성
복수통화표시채,331,tgl_Latn,Ang mga tanda ng pagbabayad ng utang.,빚을 갚는 징후
본질가치,866,tgl_Latn,Katangian ng halaga,가치의 특성
부당권유행위의 금지,149,tgl_Latn,Pagbabawal sa mga gawaing di-katarungan,불의한 행위에 대한 금지
부도방지협약,456,tgl_Latn,Pangkalahatang kasunduan.,일반적 합의.
부도처리유예,457,tgl_Latn,Ang pag-aalaga ng mga tao.,사람들을 돌보는 것.
부동담보제도,458,tgl_Latn,Ang floating deposit system.,떠 있는 매장 시스템입니다.
부동산 투자신탁,248,tgl_Latn,Mga pananagutan sa pamumuhunan sa real estate,부동산 투자 책임
부동주,1131,tgl_Latn,Lumilipad,날아가라
부동화,1132,tgl_Latn,Paglalakbay,여행
부보관기관,634,tgl_Latn,Mga Kagawaran ng Pag-aalaga,돌봄 부서
부실채권 정리기금,189,tgl_Latn,Mga pondo para sa mga utang sa bangko,은행 부채를 위한 자금
부실채권,867,tgl_Latn,Ang mga utang na walang utang,빚 없는 부채
부실채권정리기금채권,150,tgl_Latn,Mga utang sa mga bangko,은행의 부채
부전환대리인,459,tgl_Latn,Ang mga diskarte,방법들
분리결제,868,tgl_Latn,Pag-iwas sa paghihiwalay,단절을 피하는 방법
분리과세,869,tgl_Latn,Paghiwalayin.,분리해
분리형증권,635,tgl_Latn,I-separate ang mga dokumento,서류를 분리하세요
분매기관,870,tgl_Latn,Mga distributor,유통업체
분배락조치,636,tgl_Latn,Pag-aayos ng pamamahagi,배포를 준비하고
분산투자,871,tgl_Latn,Divergent na pamumuhunan,다양성 투자
분할납입채,637,tgl_Latn,Ang paghahati ng utang,부채를 나누는 것
불독채,1133,tgl_Latn,Hindi marunong bumasa.,읽고 쓸 줄 몰랐습니다.
불릿채,1134,tgl_Latn,Ang mga ito ay walang laman.,그들은 아무것도 없습니다.
브래디채권,638,tgl_Latn,Ang Brady Bond,브레이디 본드
브로커,1135,tgl_Latn,Ang broker.,브로커
브로커스 론,460,tgl_Latn,"Brokers, Ron.","브로커, 론"
브릿지,1136,tgl_Latn,Mga tulay.,다리.
브릿지론,872,tgl_Latn,Si Bridgeron.,브리지런
블루 리스트,461,tgl_Latn,Blue listahan,푸른 목록
비가격경쟁,639,tgl_Latn,Ang pag-uumpisa sa ulan,비에 잠자리는 것
비거주자,873,tgl_Latn,Mga hindi residente,비주민
비과세소득,640,tgl_Latn,Mga kita na walang buwis,세금 없는 수익
비상장증권,641,tgl_Latn,Mga sertipiko ng emerhensiya,응급 인증서
비전형계약,642,tgl_Latn,Mga kontrata na walang kuryente,전력 없는 계약
비체계적 위험,332,tgl_Latn,Di-sistemikong panganib,비 체계적인 위험
비통화금융기관,333,tgl_Latn,Mga institusyong pinansyal na walang pera,돈 없는 금융 기관
비회원증권회사,334,tgl_Latn,Ang mga non-member securities company,비회원 증권회사
빅뱅,1276,tgl_Latn,Big Bang.,빅뱅
빅보오드,874,tgl_Latn,Bigboard,빅보드
빗더마켓 전략,335,tgl_Latn,Strategy ng Bitdermarket,Bitdermarket의 전략
사고신고,875,tgl_Latn,Nagkaroon ng aksidente.,사고가 있었습니다.
사고증권 가신고제도,151,tgl_Latn,Ito ay para sa mga taong may lisensya.,이것은 라이선스를 가진 사람들을 위한 것입니다.
사고증권,876,tgl_Latn,Patunay ng aksidente,사고의 증거
사내유보,877,tgl_Latn,Ang lalaki ay Yubo.,그 남자는 유부입니다.
사다리형 만기구성전략,111,tgl_Latn,Ang mga taktika ng mga hagdan,계단 기법
사모,1277,tgl_Latn,Ang aking ina.,내 어머니.
사모펀드,878,tgl_Latn,Sampo Fund,삼포 펀드
사무라이본드,462,tgl_Latn,SamuraiBond,사무라이 본드
사설증권시장,463,tgl_Latn,Pribadong merkado ng securities,개인 증권 시장
사업보고서,643,tgl_Latn,Mga ulat sa negosyo.,비즈니스 보고서.
사업설명서,644,tgl_Latn,Mga pahayag sa negosyo,비즈니스 선언
사이또리회원,464,tgl_Latn,Ang mga miyembro ng Sitoli,스토리의 구성원
사이버 주주총회,249,tgl_Latn,Ang Cyber Shareholder Meeting,사이버 주주총회
사전매매대조과정,250,tgl_Latn,Mga proseso ng pag-aayos ng pagbebenta,판매를 조정하는 과정
사채권,1137,tgl_Latn,Mga panuntunan,원칙
사채발행,879,tgl_Latn,Pag-aalis ng utang,부채 해제
사채원부,880,tgl_Latn,Mga tagapagtanggol.,변호인.
산업금융채권,465,tgl_Latn,Mga utang sa pananalapi sa industriya,산업에 대한 금융 부채
상계적 차감,466,tgl_Latn,Ang pag-iingat sa itaas.,위쪽에서 조심하세요.
상대매매,881,tgl_Latn,Pagpapalitan,교환
상대매매,882,tgl_Latn,Pagpapalitan,교환
상쇄거래,883,tgl_Latn,Pagpapalit ng mga kalakalan,무역 교환
상임대리인,645,tgl_Latn,Ang permanenteng deputy.,상임대표
상장,1278,tgl_Latn,Pangulo.,대통령님
상장심사기준,467,tgl_Latn,Pinakamahusay na stock broker.,최고의 증권거래소
상장회사협의회,336,tgl_Latn,Ang konseho ng mga kumpanya sa merkado,시장 기업 협의회
상품유가증권,468,tgl_Latn,Mga pasilidad sa mga kalakal,상품 시설
상호결제제도,469,tgl_Latn,Ang mga sistema ng inter-resolusyon ay,인터-리조션 시스템은
상호다중연계,470,tgl_Latn,Multiplayer na komunikasyon,멀티 플레이어 통신
상호단일연계,471,tgl_Latn,Pag-uugnay sa pagitan,상호 연관성
상호동시거래,472,tgl_Latn,Pagpaparehistro sa parehong oras,동시에 등록하세요
상호동시거래,473,tgl_Latn,Pagpaparehistro sa parehong oras,동시에 등록하세요
상호연계,884,tgl_Latn,Pag-uugnay,연계
상호주,1138,tgl_Latn,Pagkakapareho,동등함
상환,1279,tgl_Latn,Pagbabayad,결제
상환주,1139,tgl_Latn,Mga tagapagtanggol,옹호자
서면투표제,646,tgl_Latn,Ang pagsulat ng boto.,표를 쓰는 것.
선도거래,885,tgl_Latn,Ang mga pinuno ng kalakalan,무역 지도자들
선도계약,886,tgl_Latn,Pangunahing kontrata,주요 계약
선물거래,887,tgl_Latn,Ang pagpapalit ng regalo.,선물 교환
선물거래위원회,337,tgl_Latn,Komisyon ng Gift Exchange,선물 교환 위원회
선물계약,888,tgl_Latn,Mga kontrata ng regalo,선물 계약
선물시장,889,tgl_Latn,Ang merkado ng regalo,선물 시장
선물중개상,647,tgl_Latn,Ang mga regalo,선물들
선물환,1140,tgl_Latn,Ang mga regalo,선물들
선물환마진,648,tgl_Latn,Ang pagpapalit ng regalo.,선물 교환
선의취득,890,tgl_Latn,Ang pag-aaral ng pag-ibig,사랑을 배우는 것
성장주,1141,tgl_Latn,Ang paglago,성장
소비대차,891,tgl_Latn,Mga sasakyan ng konsumo,소비자 차량
소비임치,892,tgl_Latn,Pagsusuplay,공급
소수주주권,649,tgl_Latn,Pangkalahatang Soberanyo,세계적 주권
소액주주,893,tgl_Latn,Maliit na Shareholder,소규모 주주
송금이체,894,tgl_Latn,Ang mga transfers,이송
수권자본제도,474,tgl_Latn,Ang patente ng kapital.,자본의 특허
수도부족분<결제부족분>,76,tgl_Latn,Mga Kapamilya. Mga Kapamilya.,가족들 가족들
수량우선의 원칙,251,tgl_Latn,Prinsipyo ng Quantum Priority,양자 우선의 원칙
수요예측방식,475,tgl_Latn,Mga pamamaraan ng paghula sa pangangailangan,필요를 예측하는 방법
수의상환<임의상환>,152,tgl_Latn,Pag-aayos ng doktor.,의사의 치료
수의상환사채,476,tgl_Latn,Mga bayarin para sa mga doktor ng hayop.,동물의료료
수익률,1142,tgl_Latn,Mga rate ng kita,소득율
수익률곡선,650,tgl_Latn,Ang kurba ng kita,소득 곡선
수익률곡선타기전략,190,tgl_Latn,Mga diskarte sa pag-ikot ng kurba ng kita,수익곡선을 회전시키는 방법
수익률스프레드,338,tgl_Latn,Ang mga rate ng kita spread,이산율의 확산
수익자,1143,tgl_Latn,Ang mga nakukuha,얻을 수 있는 것
수익증권,895,tgl_Latn,Mga kapaki-pakinabang na dokumento,유용한 문서
수정주가평균,477,tgl_Latn,Ang average ng fertility ay,평균 출산율은
수탁계약준칙,478,tgl_Latn,Mga panuntunan ng kontrata ng pagpapadala,배송 계약의 규칙
수탁자,1144,tgl_Latn,Ang tagapagtanggol.,변호인
수탁회사,896,tgl_Latn,Mga kumpanya ng paghahatid,택배 회사
순수무액면주식,339,tgl_Latn,Ang mga net cash stock.,순금자본입니다.
순운전자본,651,tgl_Latn,Ang malinis na proteksyon.,깨끗한 보호.
순자산가치,652,tgl_Latn,Ang net asset,순자산
순차변·순대변잔고포지션,77,tgl_Latn,"Ang sequential side, simple side at posisyon","순차적인 측면, 단순한 측면 및 위치"
스왑거래,897,tgl_Latn,Ang mga balyena.,고래들.
스왑션,1145,tgl_Latn,Ang pag-iingat.,조심스러움
스위스옵션 금융선물거래소,60,tgl_Latn,Swiss Options pinansiyal na pagpapalit ng mga regalo,스위스 옵션 금융 선물 교환
스칼퍼,1146,tgl_Latn,Ang scalper.,스칼퍼
스톡옵션,898,tgl_Latn,Mga stock option,주식 옵션
스트래들,899,tgl_Latn,Ang Straddle.,스트래들
스트랩,1147,tgl_Latn,Ang strap.,줄기.
스트립,1148,tgl_Latn,Strip,스트립
스페셜리스트,479,tgl_Latn,Mga espesyalista,전문가들
스폿펀드,900,tgl_Latn,Ang Spark Fund.,스파크 펀드
스프레드,901,tgl_Latn,Paglalaganap,확산
스프레드거래,480,tgl_Latn,Pagpapalaganap ng kalakalan,무역 확산
스프레드운용,481,tgl_Latn,Pag-andar ng pagkalat,확산 기능
스프리트,902,tgl_Latn,Ang Sprit.,스프릿.
시가발행제도,482,tgl_Latn,Ito'y isang sistema ng pag-andar sa oras.,이것은 시간 작동 시스템입니다.
시가총액,903,tgl_Latn,Pangkalahatang halaga ng merkado,전체 시장 가치
시가총액식 주가지수,153,tgl_Latn,Pangkalahatang halaga ng stock market,전체 주식 시장 가치
시간외 종가매매,252,tgl_Latn,Pagbebenta ng mga tunog sa labas ng oras,오프타임 음향 판매
시간우선의 원칙,253,tgl_Latn,Prinsipyo ng Paglalakbay sa Oras,시간 여행의 원리
시스템위험,653,tgl_Latn,Mga panganib sa sistema,시스템적 위험
시장분할이론,483,tgl_Latn,Ang teorya ng pamamahagi ng merkado.,시장의 분산 이론입니다.
시장위험,904,tgl_Latn,Panganib sa merkado,시장의 위험
시장주문,905,tgl_Latn,Mga tanong sa merkado,시장의 질문
시장타이밍수입,340,tgl_Latn,Pangkalahatang oras pag-access,전체 접속 시간
시장포트폴리오,341,tgl_Latn,Portfolio ng merkado,시장 포트폴리오
시차유동성위험,342,tgl_Latn,Panganib sa Simultaneous Mobility,동시 이동의 위험
신규상장,906,tgl_Latn,Mga bagong mamimili,새로운 소비자
신디케이트,654,tgl_Latn,Ang Syndicate,노동조합
신용거래,907,tgl_Latn,Mga kalakalan sa kredito,신용 거래
신용위험,908,tgl_Latn,Mga panganib sa kredito,신용 위험
신용평가기관,484,tgl_Latn,Mga rating agency,신용평가 기관
신주인수권,655,tgl_Latn,Pagmamay-ari ng mga bagong tao,새로운 사람들의 소유
신주인수권부사채,254,tgl_Latn,Mga utang sa mga bagong may-ari,새로운 소유자들에 대한 부채
신주인수권증권,343,tgl_Latn,Bagong Patakaran sa Pagmamay-ari,새로운 소유 정책
신주인수권증서,344,tgl_Latn,Bagong pasaporte.,새 여권
신탁,1280,tgl_Latn,Magtiwala.,신뢰하세요.
신탁계정,909,tgl_Latn,Pagtiwala,신뢰
신탁법,1149,tgl_Latn,Batas ng Pagtiwala,신뢰의 법칙
신탁보수,910,tgl_Latn,Mga tagapagtanggol.,변호인.
신탁자,1150,tgl_Latn,Mga tagapagtanggol.,변호인.
신탁재산,911,tgl_Latn,Mga asset sa pagtitiwala,신탁 자산
신탁재산표시 말소,191,tgl_Latn,Ang mga token ng katiwala ay hindi.,신탁증권은 그렇지 않습니다.
신탁회사,912,tgl_Latn,Ang Trust Company,신탁회사
실권주,1151,tgl_Latn,Ang tunay na may kapangyarihan,진정한 권력은
실기주,1152,tgl_Latn,Pag-aaral,공부
실기주과실,656,tgl_Latn,Ang silid ng pag-aalaga,요양실
실물거래,913,tgl_Latn,Tunay na kalakalan,진짜 거래
실물결제,914,tgl_Latn,Ang tunay na solusyon,진정한 해결책
실시간 총액(량)결제시스템,53,tgl_Latn,Real-time na kabuuan ng halaga ng solusyon system,시스템 솔루션 값의 실시간 총액
실적배당신탁,485,tgl_Latn,"Sa totoo lang, ang iyong lamesa.","사실, 당신의 책상입니다."
실질이자율,657,tgl_Latn,Katotohanan at rate,사실과 비율
실질주주 권리배정 명세표,61,tgl_Latn,Ang tunay na shareholder listahan ng mga karapatan,실제 주주 권리 목록
실질주주,915,tgl_Latn,Mga aktwal na may-ari,실제 소유자
실질주주증명서제도,192,tgl_Latn,Ang tunay na Shareholder Certificate System,진정한 주주 인증 시스템
실현수익률,658,tgl_Latn,Realistic rate ng kita,현실적인 수익률
실효이자율,659,tgl_Latn,Epektibo at rate,효과와 비율
쌍방연계방식,486,tgl_Latn,Mga paraan ng pakikipag-ugnayan,의사소통 방법
써클결제,916,tgl_Latn,Paglutas ng Sirklo,원을 풀기
아리랑본드,660,tgl_Latn,Arlan Bond.,아란 본드
아시아·태평양 중앙예탁기관협의회,28,tgl_Latn,Konseho ng mga Sentral na Tuntunin sa Asya-Pasipiko,아시아-태평양 중앙 원칙 협의회
아시안달러본드,345,tgl_Latn,Asian Dollar Bonds,아시아 달러 채권
액면가,1153,tgl_Latn,Ang likido ay,이 액체는
액면발행,917,tgl_Latn,Paglalakbay ng tubig,물의 이동
액면분할,918,tgl_Latn,Paghahati ng tubig.,물 분배
양도담보,919,tgl_Latn,Magpasya na.,결정하라.
양도성예금증서,346,tgl_Latn,Mga sertipiko ng deposito.,예금증서
양키달러시장,487,tgl_Latn,Yankees dolyar merkado,양키스의 달러 시장
양키본드,920,tgl_Latn,Yankees Bond,양키스 본드
어카운트 결제,347,tgl_Latn,Pagbabayad ng account,결제
언더라이터,661,tgl_Latn,Ang mga ito ay...,그들은...
역금리,1154,tgl_Latn,Pag-iwas,피하기
역레포,1155,tgl_Latn,Pag-iwas.,피하는 것
역분식결산,662,tgl_Latn,Pag-aayos ng reverse osmosis,리버스 오스모스 조정
역외금융,921,tgl_Latn,Pagpapalit ng pera,돈 교환
역외시장,922,tgl_Latn,Sa labas ng merkado,시장에서
역외자금,923,tgl_Latn,Ang mga diskwento,할인
역외펀드,924,tgl_Latn,Mga pondo sa labas ng bahay,가정 밖의 자금
연기금,1156,tgl_Latn,Pag-aahon,승강장
연방준비은행,488,tgl_Latn,Ang Pederal Reserve Bank,연방준비은행
연방준비제도,489,tgl_Latn,Ang Federal Reserve.,연방준비제도입니다.
연속결제,925,tgl_Latn,Mga Sumusunod na Solution,다음의 해결책
연속차감결제,490,tgl_Latn,Pagpapatupad ng Sekuenteng Pagpapatupad,순차적인 실행
연쇄거래,926,tgl_Latn,Mga kalakalan sa kadena,체인 무역
영구사채,927,tgl_Latn,Permanenteng kontrata,영구 계약
영시조항,928,tgl_Latn,Mga Batas ng Pranses,프랑스 법
예납조치,929,tgl_Latn,Pag-aayos ng pag-aalaga,돌봄을 준비하는 방법
예비증권,930,tgl_Latn,Mga reservation,예약
예탁,1281,tgl_Latn,Pag-uutos.,명령.
예탁계좌,931,tgl_Latn,Mga account ng pag-aalaga,돌봄 계좌
예탁대상유가증권,255,tgl_Latn,Mga pasilidad sa pag-iingat.,보호 시설
예탁자,1157,tgl_Latn,Mga tagapagtanggol.,변호인.
예탁자계좌부,491,tgl_Latn,Mga katulong sa accounting.,회계 부속사
예탁자기금,663,tgl_Latn,Mga deposito.,예금지
예탁증명서제도,348,tgl_Latn,Ang mga sertipiko ng kontrata.,계약서 증명서
예탁증서,932,tgl_Latn,Pagpapakita ng utang.,빚을 지는 것
옐로우칩,933,tgl_Latn,Ang mga chip ng Yellowstone,록스톤 칩
오버나이트 repo,154,tgl_Latn,Overnight repo,오버나이트 리포
온라인 리얼타임 시스템,78,tgl_Latn,Online na real-time na sistema,온라인 실시간 시스템
온라인 증권거래,256,tgl_Latn,Online na kalakalan,온라인 거래
온라인 투자은행,257,tgl_Latn,Ang online investment banking,온라인 투자 은행
옵션,1282,tgl_Latn,Mga pagpipilian,선택 사항
옵션가격결정모형,258,tgl_Latn,Mga modelo ng pagpapasya sa presyo ng pagpipilian,옵션 가격 결정 모델
옵션거래,934,tgl_Latn,Mga pagpipilian sa pangangalakal,사업 선택
옵션부사채,664,tgl_Latn,Option Debt,채권 옵션
외국보관기관,492,tgl_Latn,Mga Tagapangasiwa ng Banyagang Bansa,외국의 감독자
외국시장거래,493,tgl_Latn,Mga kalakalan sa ibang bansa,해외 무역
외국인 투자등록번호,155,tgl_Latn,Ang numero ng foreign investment register.,외국 투자 등록번호
외국채,1158,tgl_Latn,Mga utang sa ibang bansa,해외 부채
외국환거래법,494,tgl_Latn,Batas ng Pagbabago,변화의 법칙
외부금융,935,tgl_Latn,Panlabas na Pinansiyal,외환 금융
외수펀드,936,tgl_Latn,Pangkalahatang Pondo,총기금
외평채,1159,tgl_Latn,Ang mga panlabas na kulay,외부 색상
외화증권,937,tgl_Latn,Mga pautang sa pananalapi,금융 대출
외화차입 담보관리제,156,tgl_Latn,Pag-iingat sa mga impormasyong dayuhan.,외국의 정보에 주의를 기울여야 합니다.
외환시장,938,tgl_Latn,Mga merkado ng pera,통화 시장
우량주,1160,tgl_Latn,Magandang araw.,좋은 날.
우리사주조합,495,tgl_Latn,Ang aming mga shareholder.,우리 주주들.
우선주,1161,tgl_Latn,Una sa lahat.,"우선,"
운영위험,939,tgl_Latn,Mga panganib sa pagpapatakbo,운전의 위험성
운영위험,940,tgl_Latn,Mga panganib sa pagpapatakbo,운전의 위험성
워크아웃,941,tgl_Latn,Pag-eehersisyo,운동
원본위험,942,tgl_Latn,Ang orihinal na panganib,원래의 위험
원천과세,943,tgl_Latn,Ang pinagmulan at ang impormasyon,출처와 정보
원천징수,944,tgl_Latn,Ang pinagmulan ng pag-aani,수확의 근원
원화표시채권,496,tgl_Latn,Mga utang sa token ng pera,화폐 토큰의 부채
웹거래시스템,497,tgl_Latn,Mga sistema ng pagbebenta sa web,웹 판매 시스템
위약손해배상공동기금,157,tgl_Latn,Ang Pederal na Pondo para sa Pagbabayad ng Pang-aapi sa Pang-aapi.,탄압보상금.
위임장,1162,tgl_Latn,Pangasiwaan,감독
위임장경쟁,665,tgl_Latn,Paglalaban sa Pangulo,대통령과의 싸움
위탁매매,945,tgl_Latn,Pagbebenta ng trustee,위탁자 판매
위탁수수료,666,tgl_Latn,Mga bayarin sa pagtitiwala,신탁 수수료
위탁자,1163,tgl_Latn,Ang tagapagtanggol.,변호인
위탁자청산서비스,259,tgl_Latn,Mga Serbisyong Paglilinis sa Mga Tagapangalaga,관리자 청소 서비스
위탁증거금,667,tgl_Latn,Mga katiwalaang utang.,신용대출
위탁회사,946,tgl_Latn,Mga kumpanya ng trust,트러스트 회사
위험프리미엄,498,tgl_Latn,Ang risgo premium,위험 프리미엄
유가증권 현송,349,tgl_Latn,Pagpapadala ng warranty,보증서 발송
유가증권,947,tgl_Latn,Mga testamento,유언
유가증권신고서,350,tgl_Latn,Mag-sign up para sa isang pasilidad.,시설에 등록하세요.
유동성,1164,tgl_Latn,Liquidity,유동성
유동성위험,668,tgl_Latn,Panganib sa likididad,유동성 위험
유동화 중개기관,260,tgl_Latn,Ang mga broker ng liquidity,유동성 중개업자
유럽중앙예탁기관협의회,112,tgl_Latn,Ang Konseho ng mga Central Depository ng Europa,유럽 중앙 보관소 협의
유럽중앙은행,499,tgl_Latn,Ang European Central Bank,유럽 중앙은행
유럽통화단위,500,tgl_Latn,Ang European Monetary Union,유럽 통화 연합
유럽통화제도,501,tgl_Latn,Ang European Monetary System ay,유럽 통화 시스템은
유럽형 옵션,502,tgl_Latn,Mga pagpipilian sa Europa,유럽에서의 선택
유로,1283,tgl_Latn,Euro,유로
유로달러,948,tgl_Latn,Euro dolyar,유로 달러
유로머니,949,tgl_Latn,Ang euro.,유로입니다.
유로본드,950,tgl_Latn,Ang Eurobond,유로 채권
유로시장,951,tgl_Latn,Ang merkado ng euro,유로 시장
유로통화,952,tgl_Latn,Pagpapalit ng euro,유로 교환
유보율,1165,tgl_Latn,Mga rate ng pagkamayabong,출산율
유상증자,953,tgl_Latn,Mga saksi.,증인들
유지증거금,669,tgl_Latn,Pananaligang katibayan,믿을 수 있는 증거
유지청구권,670,tgl_Latn,Mga karapatan sa pagpapanatili,보존권
유치권,1166,tgl_Latn,Karapatan,권리
유통시장,954,tgl_Latn,Mga merkado ng pamamahagi,유통 시장
유통DR,955,tgl_Latn,Distribusyon DR,분포 DR
의결권 대리인,351,tgl_Latn,Ang tagapagtanggol ng karapatan sa pagpapasya,자율권 옹호자
의결권 불통일행사,193,tgl_Latn,Ang Pagpapasya sa Pagpapasya,결정의 결정
의결권,1167,tgl_Latn,Karapatang Magpasya,의사결정권
의결권대리행사 권유,158,tgl_Latn,Pinapayagan ang mga tagapagtanggol ng karapatan sa pagpapasya,인권 옹호자들은 스스로 결정할 수 있게 되었습니다
의결권대리행사 권유,159,tgl_Latn,Pinapayagan ang mga tagapagtanggol ng karapatan sa pagpapasya,인권 옹호자들은 스스로 결정할 수 있게 되었습니다
의결권신탁,671,tgl_Latn,Pananampalataya sa Kapangyarihan sa Pagpasya,의사결정 능력에 대한 믿음
의결권주,956,tgl_Latn,Mga may kapangyarihang magpasya,의사결정권을 가진 사람
의결권행사의 제한,194,tgl_Latn,Mga Limitasyon ng mga Nagpapasiya,의사결정자의 한계
의제배당,957,tgl_Latn,Pag-uusap,대화
의제예탁,958,tgl_Latn,Pag-order ng mga bagay,물건을 정리하는 것
이머징 마켓,503,tgl_Latn,Ang Amazing Market,놀라운 시장
이익배당,959,tgl_Latn,Pagbabahagi ng kita,수익을 나누는 것
이익잉여금,672,tgl_Latn,Mga bonus ng kita,소득 보너스
이익잉여금처분계산서,160,tgl_Latn,Ang mga accounting ng mga benepisyo.,이윤 회계
이익준비금,673,tgl_Latn,Pag-iingat ng kita,소득보장
이익참가부사채,352,tgl_Latn,Mga utang sa pakinabang,이익의 부채
이자 계산일수,353,tgl_Latn,Magbayad ng interes.,이자를 지불하세요.
이자락,1168,tgl_Latn,Ang mga ito ay,그들은
이자소득,960,tgl_Latn,Mga kita ng interes,이자 수익
이자율위험,674,tgl_Latn,Ang mga panganib ng interes,관심의 위험
이중과세,961,tgl_Latn,Dalawa at tatlong.,2번과 3번
이중청약,962,tgl_Latn,Dalawang pag-aalis.,두번 출퇴근
이표채,1169,tgl_Latn,Ang mga tanda na ito,이 징후들은
이행보증기관,504,tgl_Latn,Mga Ahente ng Pag-iimbak,저장 기관
익일자금결제,505,tgl_Latn,Isang araw na pagbabayad,하루의 지불금
인덱세이션,675,tgl_Latn,Ang indexation,인덱싱
인덱스펀드,676,tgl_Latn,Ang index fund,지수 펀드
인덴추어,963,tgl_Latn,Ang Indenture.,계약서
인도형 repo,261,tgl_Latn,Repo ng India,인도의 리포
인수,1284,tgl_Latn,Pag-aari,소유물
인수단,1170,tgl_Latn,Ang pag-aari,소유
인터넷 인수업자,262,tgl_Latn,Ang Internet Acquirer,인터넷 구매자
인터페이스,677,tgl_Latn,Ang interface,인터페이스
인트라넷,964,tgl_Latn,Intranet,인터넷
일괄등록,965,tgl_Latn,Talaan ng mga listahan,목록 목록
일괄예탁,966,tgl_Latn,Pag-order ng mga order,주문하는 것
일괄처리방식,506,tgl_Latn,Pag-aayos ng grupo,그룹 조직
일반균형이론,507,tgl_Latn,Ang pangkalahatang teorya ng balanse.,일반 균형 이론
일반담보물,678,tgl_Latn,Pangkaraniwang balita,일반 뉴스
일반사무수탁회사,263,tgl_Latn,Ang General Services Company.,일반 서비스 회사입니다.
일방매매확인,508,tgl_Latn,Pinatunayan ang pagbebenta.,판매는 입증되었습니다.
일방연계방식,509,tgl_Latn,Ito ay isang paraan ng pakikipag-ugnayan.,이것은 의사소통의 수단입니다.
일본증권결제회사,264,tgl_Latn,Hapon Securities Resolution Company,일본 증권 결제 회사
일본증권보관대체기구,161,tgl_Latn,Japanese Securities and Exchange Commission,일본 증권거래위원회
일일정산,967,tgl_Latn,Isang Araw ng Pag-iipon,집합의 날
일일차감,968,tgl_Latn,Araw-araw.,매일 매일
일임매매,969,tgl_Latn,Araw-araw,매일매일
일중대월,970,tgl_Latn,Sa loob ng isang buwan,한 달 안에
임시주주총회,510,tgl_Latn,Ang pansamantalang pulong ng mga shareholder,임시 주주총회
임의준비금,679,tgl_Latn,Ang arbitrary reserve,임의의 자금
임치,1285,tgl_Latn,Impiyerno,지옥
임퓨테이션,680,tgl_Latn,Imputasyon,임푸테이션
잉여금,1171,tgl_Latn,Ang mga surplus,초과물
자기매매,971,tgl_Latn,Pagbebenta ng sarili.,자기 자신을 팔기
자동계좌이체,511,tgl_Latn,Automatic na switch.,자동 스위치
자동교환결제제도,265,tgl_Latn,Ang auto-switch solution ay,자동 스위치 솔루션은
자동명의개서제도,266,tgl_Latn,Ito ay isang auto-nomination system.,이것은 자동 지명 시스템입니다.
자동호가전달시스템,195,tgl_Latn,Automatic na sistema ng pagmamaneho.,자동 운전 시스템
자본금,1172,tgl_Latn,Ang kapital,수도
자본시장,972,tgl_Latn,Ang merkado ng kapital,자본 시장
자본시장선,681,tgl_Latn,Ang mga merkado ng kapital,자본시장
자본이득,973,tgl_Latn,Kapitalikong kita,자본 수익
자본이익계획,512,tgl_Latn,Capital Profit Planning,자본 이익 계획
자본잉여금,682,tgl_Latn,Ang mga kapital na dagdag,추가 자본
자본자산가격결정모형,162,tgl_Latn,Modelo ng pagpapasya sa presyo ng kapital,자본 가격 결정 모델
자본준비금,683,tgl_Latn,Ang kapital na reserba,예비 자본
자사주 취득,513,tgl_Latn,Nakakuha ng kanyang sariling bahagi,자신의 몫을 얻었다
자산담보부증권,354,tgl_Latn,Mga Tuntunin ng Pananampalataya,신앙의 원칙
자산운용회사,514,tgl_Latn,Kumpanya ng asset management,자산 관리 회사
자산의 유동화,355,tgl_Latn,Liquidity ng mga asset,자산의 유동성
자산재평가,684,tgl_Latn,Mga asset assessment,자산 평가
자산주,1173,tgl_Latn,Ang mga may-ari,소유자
자율규제기관,515,tgl_Latn,Ang Autonomous Regulatory Agency,자치 규제 기관
자전거래,974,tgl_Latn,Magbisikleta.,자전거를 타세요.
잔액인수,975,tgl_Latn,Bilang ng mga natitirang halaga,부채의 수
잔존가액,976,tgl_Latn,Mga natitirang halaga,잔액
잠정이체,977,tgl_Latn,Ang pag-lock.,잠금.
장기채,1174,tgl_Latn,Ang pangmatagalang utang,장기적인 빚
장내결제,978,tgl_Latn,Mga solusyon sa panloob,내부적인 해결책
장외거래,979,tgl_Latn,Ang panlabas na kalakalan,대외 무역
장외결제,980,tgl_Latn,Mga panlabas na solusyon,외적인 해결책
장외시장,981,tgl_Latn,Ang outdoor market.,야외 시장.
재담보,1175,tgl_Latn,Mag-usap muli.,다시 얘기해보세요.
재발행,1176,tgl_Latn,Pag-reboot,리부팅
재정가격결정이론,267,tgl_Latn,Ang mga desisyon sa presyo ng pananalapi ay,금융 가격 결정은
재투자수익률,516,tgl_Latn,Ang rate ng pagbabalik ng puhunan,투자 수익률
재투자수익률,517,tgl_Latn,Ang rate ng pagbabalik ng puhunan,투자 수익률
재투자위험,685,tgl_Latn,Ang panganib ng muling pamumuhunan,재투자 위험
저당권,1177,tgl_Latn,Karapatan,권리
저당대출담보부채권,196,tgl_Latn,Ang mga utang sa pag-aalis ng mga tao,사람들이 떠나는 빚
저당대출원리금이체채권,113,tgl_Latn,Ang mga ito ay ang mga ito ay ang mga ito ay ang mga ito,그들은 그들은 그들은 그들은 그들은 그들은
적격증권,982,tgl_Latn,Mga sertipiko ng kakayahan,자격증
전량결제,983,tgl_Latn,Pag-aalis ng kuryente,전력 차단
전미증권업협회,356,tgl_Latn,Ang PBS ay isang korporasyon ng securities.,PBS는 증권 회사입니다.
전업주의,984,tgl_Latn,Ang mga full-time worker,풀 타임 노동자
전자공시제도,518,tgl_Latn,Ang mga elektronikong pampublikong sistema,전자 공공 시스템
전자매매확인,519,tgl_Latn,Nakumpirma ang pagbebenta.,판매가 확정되었습니다.
전자자금이체제도,268,tgl_Latn,Ang sistema ng e-money ay,전자 화폐 시스템은
전자증권,985,tgl_Latn,E-ticket,전자 티켓
전환사채,986,tgl_Latn,Mga kondisyon ng paglipat,이주 조건
전환신주이자,520,tgl_Latn,Siya ay isang transformer.,그는 트랜스포머입니다.
전환주식,987,tgl_Latn,Pagbabago ng stock,재고의 변화
전환청구권,686,tgl_Latn,Mga karapatan sa paglipat,이동권
점두매매,988,tgl_Latn,Ang pag-aabang.,의심입니다.
점유,1286,tgl_Latn,Pag-aari,소유물
점유개정형 repo,163,tgl_Latn,Repo ng pag-aari,재산을 매각
정시상환,989,tgl_Latn,Pagbabago ng oras.,날씨가 바뀌고 있어요
정크본드,990,tgl_Latn,Ang Junk Bond.,Junk Bond 입니다.
제3시장,991,tgl_Latn,Ang ikatlong merkado.,세 번째 시장입니다.
제4시장,992,tgl_Latn,Ang ikaapat na merkado.,네 번째 시장입니다.
제권판결,993,tgl_Latn,Ang Paghatol ng Karapatan,정의로운 심판
제로베타 포트폴리오,164,tgl_Latn,Ang Jerobeta Portfolio,제로베타 포트폴리오
제로쿠폰채,687,tgl_Latn,Walang kupon.,쿠폰은 없습니다.
조건부보관계좌,357,tgl_Latn,Mga account ng kondisyunal na pangangalaga,조건부 관리 계좌
종업원지주제도,358,tgl_Latn,Ang sistema ng suporta sa empleyado.,직원 지원 시스템입니다.
종합주가지수,521,tgl_Latn,Ang kabuuan ng mga factor.,요인의 총합입니다.
주가수익비율,522,tgl_Latn,Mga rate ng kita sa mga shareholder,주주들의 수익률
주가이동평균선,359,tgl_Latn,Ang timog-kanlurang equator,남서쪽 적도
주가지수,994,tgl_Latn,Pinakamainam.,최고입니다.
주가지수선물거래,269,tgl_Latn,Pagbebenta ng stock options,주식 옵션 판매
주가평균,995,tgl_Latn,Ang mga estado ay ang average,주들은 평균적으로
주간사회사,688,tgl_Latn,Mga Linggo ng Panlipunan,사회 주간
주권,1287,tgl_Latn,Soberanya,주권
주권계속예탁제도,270,tgl_Latn,Ito'y para sa mga nagmamay-ari,이것은 소유자를 위한 것입니다.
주권기번호,689,tgl_Latn,Mga numero ng pamamahala,관리 번호
주권불소지,690,tgl_Latn,Pag-aakusahan ng Soberanyo,주권자 의 비난
주권수령증,691,tgl_Latn,Pagmamay-ari,소유권
주당 순자산가치,271,tgl_Latn,Ang halaga ng puhunan sa bawat tao,1인당 투자액
주당순이익,692,tgl_Latn,Ang bawat linggo ay may gantimpala.,매주 보상이 있습니다.
주당순자산비율,360,tgl_Latn,Per capita na net asset ratio,1인당 순자산 비율
주식매수청구권,361,tgl_Latn,Mga karapatan sa pagbili at pagbebenta,구매 및 판매권
주식발행차액,523,tgl_Latn,Ang halaga ng pautang,대출금액
주식배당,996,tgl_Latn,Ang mga shareholder,주주들
주식배당예고제,362,tgl_Latn,Pag-iipon ng stock.,재산을 모으는 것.
주식병합,997,tgl_Latn,Ang mga stock corporation,주식회사
주식분할,998,tgl_Latn,Magbahagi ng mga stock.,재료를 나눠주세요.
주식소각,999,tgl_Latn,Ang pag-sign up ng mga stock,주식 사인업
주식스왑,1000,tgl_Latn,Ang stock market.,주식 시장입니다.
주식의 공유,524,tgl_Latn,Ang pagbabahagi ng stock,재산을 나누는 것
주식청약,1001,tgl_Latn,Ang mga stock cleaning,재고 청소
주식형투자신탁,363,tgl_Latn,Ang stock investment trust.,주식투자기금은
주주,1288,tgl_Latn,Ang mga shareholder,주주들
주주권,1178,tgl_Latn,Soberanyo,주권
주주명부,1002,tgl_Latn,Pangalan ng nagmamay-ari,소유자의 이름
주주명부폐쇄,525,tgl_Latn,Ang mga may-ari ng mga pangalan ng pag-aalis,퇴장 이름의 소유자
주주명부폐쇄기간,272,tgl_Latn,Panahon ng pag-iwas sa pagmamay-ari,소유를 피하는 시기
주주명부폐쇄기준일,197,tgl_Latn,Ang mga may-ari ng bahay ay handa na sa pagtatapos.,집주인들은 끝을 준비하고 있습니다.
주주제안제도,526,tgl_Latn,Ang mga shareholder na plano,주주 계획
주주총회 참석장,273,tgl_Latn,Pangulo ng Kapulungan ng mga Shareholder,주주총회 의장
주주총회,1003,tgl_Latn,Kapulungan ng mga Shareholder,주주총회
주주평등의 원칙,274,tgl_Latn,Prinsipyo ng Kapantay-pantay ng Shareholder,주주 평등 원칙
준공유,1179,tgl_Latn,Parehong pampubliko,공중 모두
준비금의 자본전입,198,tgl_Latn,Mga kapital na paglipat ng reserve,리저브의 이전 자본
준점유,1180,tgl_Latn,Pag-aari,소유물
준회원,1181,tgl_Latn,Deputy Pangulo,부회장
중·동유럽 중앙예탁기관협의회,41,tgl_Latn,Konseho ng Central at Silangang Europa ng mga Central Depository,중앙 및 동유럽 중앙 보관소 협의회
중간배당,1004,tgl_Latn,Ang katamtamang bahagi,중간 부분
중개회사,1005,tgl_Latn,Mga broker.,브로커들
증거금,1182,tgl_Latn,Mga ebidensiya,증거
증거증권,1006,tgl_Latn,Mga katibayan,증거
증권·대금 동시결제,165,tgl_Latn,Simultaneous na pag-aayos ng mga securities and bonds,증권과 채권의 동시 처리가
증권거래법,693,tgl_Latn,Batas sa Stock Exchange,증권거래소 법
증권거래세,694,tgl_Latn,Ito ay sa stock market.,이것은 주식 시장에 있습니다.
증권거래준비금,364,tgl_Latn,Ang mga stock exchange reserve.,주식 거래소 자금
증권공동 온라인시스템,114,tgl_Latn,Ang stock exchange online na sistema,증권 거래소 온라인 시스템
증권금융,1007,tgl_Latn,Pinansiyal na securities,금융 증권
증권담보금융,527,tgl_Latn,Pinansiyal na securities.,금융 증권
증권대위,1008,tgl_Latn,Mga tagapagtanggol ng stock,주식 보호자
증권대차제도,528,tgl_Latn,Ang mga stock exchange.,증권거래소
증권대행업무,529,tgl_Latn,Mga Negosyo sa Stock Exchange,증권 거래소
증권분석사,695,tgl_Latn,Mga analyst ng stock,주식 분석가
증권선물위원회,365,tgl_Latn,Ang SEC.,SEC입니다.
증권시장,1009,tgl_Latn,Ang stock market,주식 시장
증권시장선,696,tgl_Latn,Ang merkado ng stock,주식 시장
증권예탁원,697,tgl_Latn,Mga tagapagtanggol ng securities,증권 보호자
증권용지 관리번호,199,tgl_Latn,Ang numero ng pamamahala ng securities.,증권 관리자 번호
증권유통금융,530,tgl_Latn,Pagpapalitan ng securities,증권 교환
증권인수금융,531,tgl_Latn,Pagpapalitan ng securities,증권 교환
증권자본주의,532,tgl_Latn,Ang kapitalista sa securities,증권 자본가
증권투자신탁,533,tgl_Latn,Pag-iimbestigahan sa securities.,증권 조사
증권특성선,698,tgl_Latn,Mga katangian ng securities,증권의 특징
증권화 현상,534,tgl_Latn,Pangyayari ng securitization,증권화 현상
증권회사 역외펀드,200,tgl_Latn,Ang mga stock brokerage outsourcing pondo,주식 중개업 외장 자금
증자,1289,tgl_Latn,Mga saksi,증인들
지방채,1183,tgl_Latn,Ang mga taba,지방
지배주주,1010,tgl_Latn,Nagmamay-ari,소유자
지분권,1184,tgl_Latn,Mga pananagutan,책임
지분법,1185,tgl_Latn,Mga Batas ng Paghahati,분할법칙
지수법,1186,tgl_Latn,Ang pamamaraan ng index,인덱스 방식
지시증권,1011,tgl_Latn,Mga sertipiko ng utos,명령 인증서
지정가주문,699,tgl_Latn,Mga katanungan,질문
지정시점결제시스템,201,tgl_Latn,Pinakamainam na sistema ng pagpapasya.,최고의 의사결정 시스템입니다.
지주회사,1012,tgl_Latn,Ang Holding Company,지주회사
지체보상금,700,tgl_Latn,Mga bayad sa pagkaantala,지연료
직상장,1187,tgl_Latn,Ang tuwid na posisyon,올바른 자세
직접공시,1013,tgl_Latn,Pampublikong direktang,직접 공개
직접금융,1014,tgl_Latn,Direkta na pinansiyal,직접적인 금융
직접발행,1015,tgl_Latn,Direct na pag-alis,직접적인 퇴원
직접점유,1016,tgl_Latn,Tuwid na pagmamay-ari,공정한 소유
직접참가자,701,tgl_Latn,Maging isang direktang kalahok.,직접적인 참여자가 되세요.
직접청약,1017,tgl_Latn,Ito ay isang direktang paggamot.,이것은 직접적인 치료입니다.
직접투자,1018,tgl_Latn,Tuwid na pamumuhunan,올바른 투자
질권,1290,tgl_Latn,Katayuan,상황
질권설정자,702,tgl_Latn,Mga tagabuo ng kalidad,퀄리티 제작자
질권자,1188,tgl_Latn,Mga tagapagtaguyod,지지자
집단경쟁매매,535,tgl_Latn,Paglalaro ng grupo,그룹 놀이
집중결제,1019,tgl_Latn,Pagpokus sa mga solusyon,해결책에 집중하라
집중예탁,1020,tgl_Latn,Mag-focus sa pag-aayos,정비에 집중하세요
차감,1291,tgl_Latn,Ang pag-iisip.,생각입니다.
차감결제,1021,tgl_Latn,Pag-aayos ng malamig.,냉장고 정비.
차금결제,1022,tgl_Latn,Pag-aayos ng pera,돈 관리
차등배당,1023,tgl_Latn,Para sa mga kalahok.,참가자들에게
차변 대변,703,tgl_Latn,Mga titi sa tabi ng kotse.,차 옆에 있는 좆들.
차변이체 또는 추심시스템,62,tgl_Latn,Pagbabago ng mga variable o mga sistema ng pag-iingat,변수 또는 보호 시스템 변경
차익거래,1024,tgl_Latn,Magpalit ng tseke.,수표를 사세요.
차입매수,1025,tgl_Latn,Pagbili at pagbebenta,구매 및 판매
차주,1292,tgl_Latn,Mag-inom ng alak.,와인을 마세요.
차환,1293,tgl_Latn,Pagbabago,변화
참가적우선주,536,tgl_Latn,Participatory na mga priority,참여적 우선순위
창고증권,1026,tgl_Latn,Mga sertipiko ng imbakan,창고 인증서
창립총회,1027,tgl_Latn,Pagtatag ng Kapulungan,의회 설립
창업비,1189,tgl_Latn,Mga presyo ng pagsisimula,시작 가격
채권,1294,tgl_Latn,Mga utang,부채
채권가격지수,537,tgl_Latn,Ang index ng presyo ng mga bono,채권 가격 지수
채권등급평가,538,tgl_Latn,Mga rating ng utang,신용등급
채권딜러제도,539,tgl_Latn,Ang mga negosyante ng bono.,채권 거래자들.
채권면역전략,540,tgl_Latn,Mga diskarte sa mga utang,부채에 대한 전략
채권상장심사기준,275,tgl_Latn,Ang rating ng bond market.,채권 시장의 등급.
채권상장폐지기준,276,tgl_Latn,Ang mga bond market closures.,채권 시장 폐쇄.
채권선물거래,541,tgl_Latn,Pagbebenta ng mga bond option,채권 옵션 판매
채권수익률,704,tgl_Latn,Mga rate ng kita sa mga bono,채권 수익률
채권수익률의 기간구조,115,tgl_Latn,Ang panandaliang istraktura ng mga rate ng kita sa mga bono,채권 금리 비율의 단기 구조
채권수익률의 위험구조,116,tgl_Latn,Ang istraktura ng panganib ng mga rate ng kita ng bono,이자율의 위험 구조
채권시가평가제,366,tgl_Latn,Ang mga bond stock rating,채권 주식 등급
채권시장안정기금,277,tgl_Latn,Ang bond market reinsurance fund,채권 시장 재보험 기금
채권양도,1028,tgl_Latn,Ang mga utang ay,부채는
채권원리금상환,367,tgl_Latn,Pagbabalik ng mga utang,빚을 갚는 것
채무불이행,705,tgl_Latn,Pagbabayad ng utang,빚을 갚는 것
채무불이행위험,368,tgl_Latn,Mga pagsubok sa pagkalugi,패배의 시련
책임재산,1029,tgl_Latn,Responsibilidad,책임
청산,1295,tgl_Latn,Ang pag-aayos,정비
청산거래,1030,tgl_Latn,Pag-aayos ng pag-aayos,정돈의 정돈
청산결제시스템,369,tgl_Latn,Mga sistema ng paglilinis,정화 시스템
청산회사,1031,tgl_Latn,Mga kumpanya ng pagmimina,광업 회사
청산회원,1032,tgl_Latn,Ang mga miyembro ng Senado,상원의원들
청약증거금,706,tgl_Latn,Mga dokumento ng kontrata,계약 문서
체결시점매매확인 시스템,79,tgl_Latn,Mga sistema ng pagpapatunay ng pagbebenta sa oras ng pag-sign up,회원가입 시 판매 확인 시스템
체계적 위험,542,tgl_Latn,Isang sistematikong panganib,체계적인 위험
초과담보율,707,tgl_Latn,Ang rate ng overdosis,과다 복용률
총계정원장,708,tgl_Latn,Pangkalahatang Pangulo.,총재님
총액인수,1033,tgl_Latn,Bilang ng mga halaga,값의 수
총액지급증권,543,tgl_Latn,Pangkalahatang halaga ng mga sertipiko,인증서의 총 가치
총유,1296,tgl_Latn,Ang gasolina ng baril,총 연료
최소분산포트폴리오,202,tgl_Latn,Minimum na pamamahagi ng portfolio,최소 포트폴리오 분배
최소증거금,709,tgl_Latn,Minimum na halaga ng ebidensiya,최소한의 증거
최적규모,1034,tgl_Latn,Ang pinakamainam na sukat,가장 좋은 사이즈
최적포트폴리오,370,tgl_Latn,Pinakamainam na portfolio,최고의 포트폴리오
최종이체,1035,tgl_Latn,Ang huling katawan.,마지막 시체
추가상장,1036,tgl_Latn,Dagdag na presyo,부가가치
추가증거금 납부요구,166,tgl_Latn,Kailangan mong magbayad ng karagdagang katibayan.,당신은 추가 증거를 지불해야합니다.
추가증거금,710,tgl_Latn,Bilang karagdagan sa ebidensiya,증거에 더해서
추정이익,1037,tgl_Latn,Ang mga pagtatantya,추정치
추정재무제표,544,tgl_Latn,Ang mga tinatayang pinansiyal na talaan,추정된 재무 기록
출입직원등록제도,278,tgl_Latn,Ang listahan ng mga kandidato.,후보 명단
출자,1297,tgl_Latn,Lumabas,밖으로 나가
출자인수권,711,tgl_Latn,Karapatan sa Paglabas,출입권
출자전환,1038,tgl_Latn,Pagbabago ng pag-aalis,출퇴근의 변화
출자증권,1039,tgl_Latn,Mga pasaporte,여권
출자총액제한,545,tgl_Latn,Mga limitasyon sa halaga ng pera.,돈의 가치에 대한 한계
충당금,1190,tgl_Latn,Pagbabayad,결제
충분성,1191,tgl_Latn,Sapat na,그만해
카멜레온펀드,546,tgl_Latn,Ang Kameleon Fund.,카멜레온 펀드
컨트리 펀드,547,tgl_Latn,Mga pondo ng bansa,국가 기금
코레스은행,712,tgl_Latn,Ang Kores Bank.,키로스 뱅크
코리아유로펀드,371,tgl_Latn,Ang korean euro fund,한국 유로 펀드
코리아펀드,713,tgl_Latn,Ang Korea Fund,한국기금
코스닥 등록법인,279,tgl_Latn,Ang Cosstock Registration Act.,코스톡 등록법
코스닥 등록주식,280,tgl_Latn,Ang mga listahan ng mga bahagi ng Cosstock,코스스톡의 부분 목록
코스닥,1192,tgl_Latn,Costock,코스토크
콘탱고,1193,tgl_Latn,Ang kontango.,콩쿠르
콜,1307,tgl_Latn,Si Cole.,콜
콜레이트,1040,tgl_Latn,Si Collette.,콜렛
쿠폰부사채,714,tgl_Latn,Pagbabayad ng kupon,쿠폰 지불
타이거펀드,715,tgl_Latn,Ang tiger fund,호랑이 기금
탈중개화현상,548,tgl_Latn,Ang mga pangyayari ng pag-aalis ng timbang,체중 감량 현상
텀론,1298,tgl_Latn,Tumron.,토론
테크노스트럭처,372,tgl_Latn,Teknostruktura,기술 구조
토론토선물거래소,281,tgl_Latn,Ang Toronto Stock Exchange.,토론토 증권거래소
토론토증권거래소,282,tgl_Latn,Ang Toronto Stock Exchange.,토론토 증권거래소
토빈의 분리정리,283,tgl_Latn,Ang teorya ng paghihiwalay ni Tobin.,토빈의 분리 이론.
통일규격유가증권 관리현황보고서,34,tgl_Latn,Ito'y isang ulat tungkol sa pagmamaneho ng mga sertipikadong panuntunan.,이것은 인증된 운전 규칙에 대한 보고서입니다.
통일규격유가증권,284,tgl_Latn,Pangkalahatang Boto ng Pag-aari,소유물 전체 투표
통일상사법,716,tgl_Latn,Pangkalahatang Batas,일반적인 규칙
통정매매,1041,tgl_Latn,Pagbebenta ng mga pasahero,승객들의 판매
통합결제,1042,tgl_Latn,Mga solusyon sa pagsasama-sama,합병 솔루션
통합결제기구협의회,203,tgl_Latn,Pangkalahatang Konseho ng Mga Organisasyong Nagtatagpo ng Integrasyon,통합 조직의 총회
통합계좌,1043,tgl_Latn,Pangkalahatang account,일반 계정
통화선물,1044,tgl_Latn,Mga handog sa salapi,금전적 제물
통화선물옵션,549,tgl_Latn,Mga pagpipilian sa cash gift,현금 기증 옵션
통화스왑,1045,tgl_Latn,Ang tawag ay...,전화는...
통화안정증권,550,tgl_Latn,Mga panuntunan sa pananalapi,재정적 규칙
통화옵션,1046,tgl_Latn,Mga pagpipilian sa tawag,통화 옵션
통화지표,1047,tgl_Latn,Mga contact card,연락 카드
통화채권투자신탁수익증권,80,tgl_Latn,"Mga pautang sa pera, pamumuhunan, pagtitiwala, kapakinabangan.","금전적 대출, 투자, 신뢰, 이윤."
투자등록,1048,tgl_Latn,Mga talaan ng pamumuhunan,투자 기록
투자신탁,1049,tgl_Latn,Pananampalataya sa pamumuhunan,투자에 대한 믿음
투자신탁협회,551,tgl_Latn,Ang Investment Trust Association.,투자신탁협회
투자자문업,717,tgl_Latn,Mga negosyo ng mamumuhunan,투자자의 사업
특별결의,1050,tgl_Latn,Pangkalahatang desisyon,전체적인 결정
특별담보물,718,tgl_Latn,Pangkalahatang Balita,일반 뉴스
특별인출권,719,tgl_Latn,Pangkalahatang Patent,일반 특허
특수채,1194,tgl_Latn,Pangkalahatang utang,전체 부채
파생금융상품,552,tgl_Latn,Mga produkto ng derivative sa pananalapi,금융 파생상품
파생적예금,720,tgl_Latn,Ang mga derivative deposit,파생 매장
파생증권,1051,tgl_Latn,Mga sertipiko ng pinagmulan,원산지 인증서
파생통화,1052,tgl_Latn,Mga derivatives ng pananalita,언어의 파생물
패리티,1195,tgl_Latn,Parity,평등
팩터,1299,tgl_Latn,Factor,요인
퍼포먼스 펀드,373,tgl_Latn,Ang Performance Fund,성능 기금
펀드매니저,721,tgl_Latn,Managers ng pondo.,펀드 매니저들
페니스탁,1053,tgl_Latn,Ang pinggan ng penis.,음반 접시
펠드스타인이론,374,tgl_Latn,Si Feldstein.,펠드스타인
평가절하,1054,tgl_Latn,Iwasan mo na.,그만해
폐기증권,1055,tgl_Latn,Mga sertipiko ng pag-aalis,출국 증명서
폐쇄식 담보부사채,204,tgl_Latn,Ang pag-iwan ng mga utang sa bangko,은행에 빚을 지는 것
폐쇄형 투자신탁,285,tgl_Latn,Isang closed-ended investment trust.,자금투자기금입니다.
포괄주의,1056,tgl_Latn,Pagsasama-sama,함께하는 것
포괄증자,1057,tgl_Latn,Ang lahat ng mga saksi,모든 증인은
포뮬러 플랜,553,tgl_Latn,Ang plano ng formula,공식의 계획
포스트,1196,tgl_Latn,Nag-post,포스팅
포트폴리오 관리,286,tgl_Latn,Pamamahala ng Portfolio,포트폴리오 관리
포트폴리오 선택,287,tgl_Latn,Pagpipili ng portfolio,포트폴리오 선택
포트폴리오 인슈어런스,117,tgl_Latn,Ang Portfolio Insurance,포트폴리오 보험
폭포효과,1058,tgl_Latn,Ang epekto ng waterfall.,폭포의 영향
표면이율,1059,tgl_Latn,Ang rate ng pag-unlad ng lupa,지구의 발전률
풀서비스 브로커,288,tgl_Latn,Isang Full Service Broker,풀 서비스 브로커
풋 옵션,1060,tgl_Latn,Mga pagpipilian sa paa,발의 선택
풋-콜 패리티,375,tgl_Latn,Pagkakapantay ng Foot-Col.,피트 콜 (Foot-Col)
프로그램매매,554,tgl_Latn,Pagbebenta ng mga programa,프로그램 판매
플라워본드,722,tgl_Latn,Ang Flowerbond.,플라워본드
플로어 브로커,376,tgl_Latn,Ang floor broker.,바닥 브로커
필터기법,1061,tgl_Latn,Mga pamamaraan ng pag-filter,필터링 방법
핑크 쉬트,723,tgl_Latn,Ang pink sheet.,핑크색 시트.
한국선물거래소,377,tgl_Latn,Ang Korea Gift Exchange,한국 선물 거래소
한국선물협회,555,tgl_Latn,Ang Korea Gift Association,한국 선물 협회
한국예탁증서,556,tgl_Latn,Mga dokumento ng Korea,한국 문서
한국자금중개주식회사,167,tgl_Latn,Pinasok ng Korea.,한국이 들어왔어
한국주택저당금융주식회사,81,tgl_Latn,Korean Housing Deposit Financing Joint Venture,한국 주택 예금 금융 합작 벤처
한국증권금융주식회사,168,tgl_Latn,Korea Securities Finance Co.,한국보증금융회사
한국증권대체결제주식회사,82,tgl_Latn,"Korea Securities Exchange Co., Ltd.",한국보증거래소
한국증권업협회,378,tgl_Latn,Ang Korea Securities Association,한국보증협회
한국증권연구원,379,tgl_Latn,Ang Korea Securities Research Institute,한국보증연구소
한국증권전산주식회사,169,tgl_Latn,Korea Securities Exchange Co.,한국보증거래소
할인발행,1062,tgl_Latn,Discount pag-alis,퇴장 할인
할인상사,1063,tgl_Latn,Ang diskwento,할인
할인율,1197,tgl_Latn,Mga diskwento,할인
할인채,1198,tgl_Latn,Ang diskwento.,할인.
합병교부금,724,tgl_Latn,Mga bayad sa pagsasama-sama,합병료
합병기일,1064,tgl_Latn,Araw ng pagsasama,결혼식 날
합병비율,1065,tgl_Latn,Mga rate ng pagsasama,결혼율
합병차익,1066,tgl_Latn,Mga kita sa pagsasama,결혼 수입
합산주주,1067,tgl_Latn,Ang pinagsamang mga shareholder,합동 주주
합유,1300,tgl_Latn,Magsama.,함께.
핫머니,1199,tgl_Latn,Hot mommy,뜨거운 엄마
항상성장모형,557,tgl_Latn,Ito ay palaging ang pag-growth matrix.,이것은 항상 성장 행렬입니다.
해외증권 관련주식,205,tgl_Latn,Aktibo na may kinalaman sa foreign securities,외환 증권 관련 활동
해외증권,1068,tgl_Latn,Papers sa ibang bansa,해외 서류
헤지펀드,1069,tgl_Latn,Mga hedge fund.,헤지펀드.
헤징,1301,tgl_Latn,Paghihigpit,제약
현금관리계좌,558,tgl_Latn,Mga account ng cash,현금 계좌
현물채,1200,tgl_Latn,Ang cash.,현금.
현물출자,1070,tgl_Latn,Ang pag-aalis.,떠나는 것.
현물환거래,725,tgl_Latn,Pagpapalit ng cash,현금 교환
현선매매,1071,tgl_Latn,Pagbebenta sa telepono,전화 판매
현지대리인,726,tgl_Latn,Mga lokal na kinatawan.,지역 대표들
현지보관기관,559,tgl_Latn,Mga lokal na ahensya.,지역 기관입니다.
호가구동시장,560,tgl_Latn,Mercado ng Hokkaido,호카이도 시장
호가전예납,727,tgl_Latn,Ang pag-iingat ng bahay.,가정을 지키는 것.
혼합보관,1072,tgl_Latn,Ang halo-halong paningin,혼합된 시력
혼합주,1201,tgl_Latn,Ang halo-halo,혼합물
확정금리부증권,380,tgl_Latn,Mga sertipikasyon ng pustahan.,도박장 인증서
환 포지션,728,tgl_Latn,Mga posisyon ng pantasya,환상의 위치
환노출,1202,tgl_Latn,Pag-alis ng pag-alis,떠나는 떠나는
환리스크,1073,tgl_Latn,Ang lahat ng ito.,이 모든 것.
환어음,1203,tgl_Latn,Pag-uusap.,대화
환취권,1204,tgl_Latn,Mga karapatan sa paghinga,호흡의 권리
회사분할,1074,tgl_Latn,Ibahagi ang kumpanya.,회사를 나누세요.
회사정리법,729,tgl_Latn,Patakaran sa Korporasyon,법인 정책
회사채,1205,tgl_Latn,Mga utang ng kumpanya,회사 부채
회사형 투자신탁,289,tgl_Latn,Mga kumpanyang pananaligang katiwalaan,신뢰할 수 있는 회사
회원증권회사,561,tgl_Latn,Mga Kumpanya ng Mga Sertipiko ng Pagkampanya,캠페인 인증 회사
후배주,1206,tgl_Latn,Ang tagapagmana.,상속자
후순위채,1075,tgl_Latn,Ang pagkakasunod-sunod,순서
"country risk, sovereign risk",3,tgl_Latn,"Panganib sa bansa, panganib sa soberanya.","국가에 대한 위협, 주권에 대한 위협"
hub & spokes,89,tgl_Latn,hub at spokes,허브와 스포크
IMF 8조국,383,tgl_Latn,IMF walong bansa,IMF 8개국
IMF 구제금융,298,tgl_Latn,Ang IMF rescue financing,IMF 구제금융
Lamfalussy기준,91,tgl_Latn,Lamfalussy pamantayan,람팔루시 기준
M&A,1236,tgl_Latn,Mga M&A,M&A
"M1, M2, M3",171,tgl_Latn,"M1, M2, M3.","M1, M2, M3."
MM의 자본구조 이론,130,tgl_Latn,Ang teorya ng istraktura ng kapital ng MM,MM의 자본 구조 이론
Moddy's investment grade,8,tgl_Latn,Ang Moddy's investment grade,모디의 투자 등급
P&A,1240,tgl_Latn,P&A,질문과 답
S&R,1247,tgl_Latn,S&R,S&R
X-비효율성,573,tgl_Latn,X-kapaki-pakinabang,X-이용성
잔액,1309,vie_Latn,Số dư,잔액
거래내역,1310,vie_Latn,Lịch sử giao dịch,거래 역사
계좌번호,1311,vie_Latn,Số tài khoản,계좌 번호
입금,1312,vie_Latn,Nạp tiền,충전
출금,1313,vie_Latn,Rút tiền,돈을 꺼내
계좌해지,1314,vie_Latn,Hủy tài khoản,계정 취소
계좌이체,1315,vie_Latn,Chuyển khoản,송금
이체한도,1316,vie_Latn,Hạn mức chuyển khoản,송금 한계
이체수수료,1317,vie_Latn,Phí chuyển khoản,송금료
자동이체,1318,vie_Latn,Chuyển khoản tự động,자동 송금
예약이체,1319,vie_Latn,Chuyển khoản theo lịch hẹn,일정에 따라 송금
이체취소,1320,vie_Latn,Hủy chuyển khoản,송금 취소
수취인,1321,vie_Latn,Người nhận,수신자
해외송금,1322,vie_Latn,Chuyển tiền ra nước ngoài,해외 송금
해외송금 수수료,1323,vie_Latn,Phí chuyển tiền ra nước ngoài,해외 송금
환율,1324,vie_Latn,Tỷ giá hối đoái,환율
SWIFT 코드,1325,vie_Latn,Mã SWIFT,SWIFT 코드
수취은행,1326,vie_Latn,Ngân hàng thụ hưởng,유치 은행
송금한도,1327,vie_Latn,Giới hạn chuyển tiền,송금 제한
송금상태,1328,vie_Latn,Tình trạng chuyển tiền,송금 상태
환전,1329,vie_Latn,Đổi tiền,돈 교환
잔액,1309,ind_Latn,Saldo,잔액
거래내역,1310,ind_Latn,Riwayat Transaksi,거래 기록
계좌번호,1311,ind_Latn,Nomor rekening,계좌 번호
입금,1312,ind_Latn,Setoran,매장
출금,1313,ind_Latn,Penarikan,철수
계좌해지,1314,ind_Latn,Penutupan Rekening,회계 종료
계좌이체,1315,ind_Latn,Transfer rekening,계좌 송금
이체한도,1316,ind_Latn,Batas transfer,이동 제한
이체수수료,1317,ind_Latn,Biaya transfer,이적료
자동이체,1318,ind_Latn,Pembayaran Otomatis,자동 결제
예약이체,1319,ind_Latn,Transfer terjadwal,이전 예정
이체취소,1320,ind_Latn,Pembatalan Transfer,이송 취소
수취인,1321,ind_Latn,Penerima,수신자
해외송금,1322,ind_Latn,Transfer uang ke luar negeri,해외 송금
해외송금 수수료,1323,ind_Latn,Biaya transfer ke luar negeri,해외로 옮기는 비용
환율,1324,ind_Latn,Nilai tukar,환율
SWIFT 코드,1325,ind_Latn,Kode SWIFT,SWIFT 코드
수취은행,1326,ind_Latn,Bank Penerima,환불 은행
송금한도,1327,ind_Latn,Batas transfer,이동 제한
송금상태,1328,ind_Latn,Status Transfer,이전 상태
환전,1329,ind_Latn,Penukaran mata uang,화폐 교환
잔액,1309,tha_Thai,สมดุล,균형
거래내역,1310,tha_Thai,ประวัติการทำธุรกรรม,사업 기록
계좌번호,1311,tha_Thai,หมายเลขบัญชี,계좌 번호
입금,1312,tha_Thai,เงินฝาก,예금
출금,1313,tha_Thai,การถอน,철수
계좌해지,1314,tha_Thai,การปิดบัญชี,계좌 폐쇄
계좌이체,1315,tha_Thai,การโอนเงินผ่านธนาคาร,은행 송금
이체한도,1316,tha_Thai,ขีดจำกัดการโอนเงิน,송금 제한
이체수수료,1317,tha_Thai,ค่าธรรมเนียมการโอน,이송 관세
자동이체,1318,tha_Thai,การหักบัญชีอัตโนมัติ,자동 해킹
예약이체,1319,tha_Thai,การโอนเงินตามกำหนด,예정대로 송금
이체취소,1320,tha_Thai,ยกเลิกการโอนเงิน,송금 취소
수취인,1321,tha_Thai,ผู้รับ,수신자
해외송금,1322,tha_Thai,การโอนเงินระหว่างประเทศ,국제 송금
해외송금 수수료,1323,tha_Thai,ค่าธรรมเนียมการโอนเงินระหว่างประเทศ,국제 송금 수수료
환율,1324,tha_Thai,อัตราแลกเปลี่ยน,환율
SWIFT 코드,1325,tha_Thai,รหัส SWIFT,SWIFT 암호
수취은행,1326,tha_Thai,ธนาคารที่รับการชำระเงิน,돈을 받는 은행입니다.
송금한도,1327,tha_Thai,ขีดจำกัดการโอนเงิน,송금 제한
송금상태,1328,tha_Thai,สถานะการโอน,이동 상태
환전,1329,tha_Thai,การแลกเปลี่ยนเงินตรา,화폐 교환
잔액,1309,mya_Mymr,ကျန်တဲ့ ပမာဏ,나머지 양은
거래내역,1310,mya_Mymr,ရောင်းဝယ်မှု အစိတ်အပိုင်း,거래의 일부입니다.
계좌번호,1311,mya_Mymr,အကောင့်နံပါတ်ပါ။,계좌 번호입니다.
입금,1312,mya_Mymr,အပ်နှံမှု,헌신
출금,1313,mya_Mymr,တင်သွင်းမှု,수입
계좌해지,1314,mya_Mymr,စာရင်းပေးပါ။,목록을 만들어주세요.
계좌이체,1315,mya_Mymr,ငွေလွှဲပြောင်းမှု။,송금입니다.
이체한도,1316,mya_Mymr,ကိုယ်ခန္ဓာအပြောင်းအလဲ,신체적 변화
이체수수료,1317,mya_Mymr,ကိုယ်ခန္ဓာပြောင်းခြင်း,몸의 변신
자동이체,1318,mya_Mymr,အလိုအလျောက် ပြောင်းလဲမှု။,자동적인 변화입니다.
예약이체,1319,mya_Mymr,ကမ်းလှမ်းချက်,제안
이체취소,1320,mya_Mymr,ခန္ဓာကိုယ်အပြောင်းအလဲ,신체의 변화
수취인,1321,mya_Mymr,မူးယစ်ဆေးဝါး,마약
해외송금,1322,mya_Mymr,နိုင်ငံခြားပို့ဆောင်မှု,해외 배송
해외송금 수수료,1323,mya_Mymr,နိုင်ငံခြားပို့ဆောင်မှု အခွန်,국제 배송 세금
환율,1324,mya_Mymr,ငွေလဲနှုန်း,환율
SWIFT 코드,1325,mya_Mymr,SWIFT ကုဒ်ပါ။,SWIFT 코드입니다.
수취은행,1326,mya_Mymr,ရေစုပ်တဲ့ ဘဏ်ပါ။,펌프 은행입니다.
송금한도,1327,mya_Mymr,ငွေလွှဲတာတောင်မှ,심지어는 송금에도요.
송금상태,1328,mya_Mymr,ငွေလွှဲပြောင်းမှု အခြေအနေ,송금 상태
환전,1329,mya_Mymr,ငွေလဲလှယ်မှု,교환
잔액,1309,tgl_Latn,Ang mga natitirang,남은 사람들은
거래내역,1310,tgl_Latn,Mga panuntunan sa kalakalan,거래 규칙
계좌번호,1311,tgl_Latn,Ang numero ng account.,계좌 번호
입금,1312,tgl_Latn,Mga deposito,매장물
출금,1313,tgl_Latn,Pagpapadala,발송
계좌해지,1314,tgl_Latn,Ang account.,계좌
계좌이체,1315,tgl_Latn,Ang paglilipat ng account,계좌를 옮기는 것
이체한도,1316,tgl_Latn,Kahit na may iba't ibang anyo,다양한 형태에도 불구하고
이체수수료,1317,tgl_Latn,Mga bayad sa transplantasyon,이식 비용
자동이체,1318,tgl_Latn,Mga awtomatikong transistor,자동 트랜지스터
예약이체,1319,tgl_Latn,Reserbasyon,보호 구역
이체취소,1320,tgl_Latn,Ang iba't ibang katawan.,다양한 신체들.
수취인,1321,tgl_Latn,Ang mga ito ay mga tao.,이 사람들은 사람들입니다.
해외송금,1322,tgl_Latn,Pagpapadala sa ibang bansa,해외로 파견
해외송금 수수료,1323,tgl_Latn,Mga bayarin sa pagpapadala sa ibang bansa,해외 배송 비용
환율,1324,tgl_Latn,Mga rate ng palitan,환율
SWIFT 코드,1325,tgl_Latn,Ang SWIFT code,SWIFT 코드
수취은행,1326,tgl_Latn,Ang mga bangko ng tubig,물 은행
송금한도,1327,tgl_Latn,Mag-transfer ka pa rin.,당신은 여전히 전송을 할 것입니다.
송금상태,1328,tgl_Latn,Ang estado ng pagbabayad,지불 상태
환전,1329,tgl_Latn,Pagbabago,변화
