ko_term,lang,term_text,back_translation_ko,similarity,len_ratio,is_short,is_dup,suspicion_score,reasons
간주,tha_Thai,ถือว่า,어떻게 될까요?,0.0,4.0,True,False,80,is_short(2글자 이하); 역번역 유사도 낮음(0.00); 길이비 이상(4.00)
경개,mya_Mymr,စွန်ငှက်။,독수리입니다.,0.0,3.5,True,False,80,is_short(2글자 이하); 역번역 유사도 낮음(0.00); 길이비 이상(3.50)
공모,tha_Thai,เชิญส่งผลงาน,결과물을 보내주세요.,0.0,5.5,True,False,80,is_short(2글자 이하); 역번역 유사도 낮음(0.00); 길이비 이상(5.50)
공채,tha_Thai,รับสมัครงานแบบเปิด,공개된 취업 신청서,0.167,5.0,True,False,80,is_short(2글자 이하); 역번역 유사도 낮음(0.17); 길이비 이상(5.00)
기세,mya_Mymr,စေ့ဆော်မှု။,영감을 얻습니다.,0.0,4.5,True,False,80,is_short(2글자 이하); 역번역 유사도 낮음(0.00); 길이비 이상(4.50)
납회,tha_Thai,พิธีปิด,행사는 끝났습니다.,0.0,5.0,True,False,80,is_short(2글자 이하); 역번역 유사도 낮음(0.00); 길이비 이상(5.00)
납회,mya_Mymr,ဖမ်းဆီးခံရတယ်။,체포되었습니다.,0.0,4.0,True,False,80,is_short(2글자 이하); 역번역 유사도 낮음(0.00); 길이비 이상(4.00)
딜러,mya_Mymr,အရောင်းသမား။,판매자입니다.,0.0,3.5,True,False,80,is_short(2글자 이하); 역번역 유사도 낮음(0.00); 길이비 이상(3.50)
만기,ind_Latn,Jatuh tempo,템포가 떨어졌어요,0.0,4.5,True,False,80,is_short(2글자 이하); 역번역 유사도 낮음(0.00); 길이비 이상(4.50)
배서,mya_Mymr,နောက်ကျောမှာ,뒤쪽에 있습니다.,0.0,4.5,True,False,80,is_short(2글자 이하); 역번역 유사도 낮음(0.00); 길이비 이상(4.50)
사모,vie_Latn,Quỹ đầu tư tư nhân,개인 투자 기금,0.0,4.0,True,False,80,is_short(2글자 이하); 역번역 유사도 낮음(0.00); 길이비 이상(4.00)
사모,tha_Thai,การเสนอขายหุ้นแบบส่วนตัว,개인 주식 판매 제안,0.0,5.5,True,False,80,is_short(2글자 이하); 역번역 유사도 낮음(0.00); 길이비 이상(5.50)
상환,tha_Thai,การชำระหนี้,빚을 갚는 것,0.0,3.5,True,False,80,is_short(2글자 이하); 역번역 유사도 낮음(0.00); 길이비 이상(3.50)
신탁,mya_Mymr,ယုံကြည်မှုပါ။,자신감입니다.,0.222,3.5,True,False,80,is_short(2글자 이하); 역번역 유사도 낮음(0.22); 길이비 이상(3.50)
예탁,vie_Latn,Gửi ký quỹ,보증금을 보내세요,0.0,4.5,True,False,80,is_short(2글자 이하); 역번역 유사도 낮음(0.00); 길이비 이상(4.50)
인수,vie_Latn,Tiếp nhận,받아들여집니다,0.0,3.5,True,False,80,is_short(2글자 이하); 역번역 유사도 낮음(0.00); 길이비 이상(3.50)
잔액,tgl_Latn,Ang mga natitirang,남은 사람들은,0.0,3.5,True,False,80,is_short(2글자 이하); 역번역 유사도 낮음(0.00); 길이비 이상(3.50)
점유,mya_Mymr,သိမ်းပိုက်ထားတယ်။,점령당하고 있습니다.,0.154,5.5,True,False,80,is_short(2글자 이하); 역번역 유사도 낮음(0.15); 길이비 이상(5.50)
차주,tgl_Latn,Mag-inom ng alak.,와인을 마세요.,0.0,4.0,True,False,80,is_short(2글자 이하); 역번역 유사도 낮음(0.00); 길이비 이상(4.00)
출자,tha_Thai,การนำทุนมาลงทุน,자금을 투자합니다.,0.167,5.0,True,False,80,is_short(2글자 이하); 역번역 유사도 낮음(0.17); 길이비 이상(5.00)
가쇄,vie_Latn,Chuỗi,사슬,0.0,1.0,True,False,70,is_short(2글자 이하); 역번역 유사도 낮음(0.00)
가쇄,ind_Latn,pengait,접착기,0.0,1.5,True,False,70,is_short(2글자 이하); 역번역 유사도 낮음(0.00)
가쇄,tha_Thai,ล็อค,잠그고,0.0,1.5,True,False,70,is_short(2글자 이하); 역번역 유사도 낮음(0.00)
가쇄,mya_Mymr,ပိတ်ပင်ခြင်း။,금지.,0.0,1.5,True,False,70,is_short(2글자 이하); 역번역 유사도 낮음(0.00)
가쇄,tgl_Latn,Pag-iipon,축적,0.0,1.0,True,False,70,is_short(2글자 이하); 역번역 유사도 낮음(0.00)
간주,vie_Latn,coi là,,0.0,1.5,True,False,70,is_short(2글자 이하); 역번역 유사도 낮음(0.00)
간주,ind_Latn,Anggapan,가설,0.0,1.0,True,False,70,is_short(2글자 이하); 역번역 유사도 낮음(0.00)
간주,mya_Mymr,ကြည့်ပါ။,보세요.,0.0,2.0,True,False,70,is_short(2글자 이하); 역번역 유사도 낮음(0.00)
간주,tgl_Latn,Tumingin,보고,0.0,1.0,True,False,70,is_short(2글자 이하); 역번역 유사도 낮음(0.00)
결산,vie_Latn,Báo cáo tài chính,재무보고서,0.0,2.5,True,False,70,is_short(2글자 이하); 역번역 유사도 낮음(0.00)
결산,ind_Latn,Laporan Keuangan,재무 보고서,0.0,3.0,True,False,70,is_short(2글자 이하); 역번역 유사도 낮음(0.00)
결산,tha_Thai,รายงานการเงิน,재무보고서,0.0,2.5,True,False,70,is_short(2글자 이하); 역번역 유사도 낮음(0.00)
결산,mya_Mymr,အချိုးအစား,비율입니다.,0.0,3.0,True,False,70,is_short(2글자 이하); 역번역 유사도 낮음(0.00)
결산,tgl_Latn,Ang pagputol,절단,0.0,1.0,True,False,70,is_short(2글자 이하); 역번역 유사도 낮음(0.00)
결제시한,tha_Thai,วันสุดท้ายสำหรับการชำระเงิน,지불의 마지막 날입니다.,0.0,3.25,False,True,70,is_dup(다의어); 역번역 유사도 낮음(0.00); 길이비 이상(3.25)
결제시한,tha_Thai,วันสุดท้ายสำหรับการชำระเงิน,지불의 마지막 날입니다.,0.0,3.25,False,True,70,is_dup(다의어); 역번역 유사도 낮음(0.00); 길이비 이상(3.25)
경개,tgl_Latn,Ang buwaya.,독수리,0.0,1.5,True,False,70,is_short(2글자 이하); 역번역 유사도 낮음(0.00)
계약,mya_Mymr,သဘောတူညီချက်။,합의입니다.,0.0,3.0,True,False,70,is_short(2글자 이하); 역번역 유사도 낮음(0.00)
공모,vie_Latn,Cuộc thi,경연,0.0,1.0,True,False,70,is_short(2글자 이하); 역번역 유사도 낮음(0.00)
공모,ind_Latn,Pengumuman,발표,0.0,1.0,True,False,70,is_short(2글자 이하); 역번역 유사도 낮음(0.00)
공모,mya_Mymr,အစုလိုက်အပြုံလိုက်,덩어리덩어리,0.0,3.0,True,False,70,is_short(2글자 이하); 역번역 유사도 낮음(0.00)
공모,tgl_Latn,Ang pakikipagtulungan,협업,0.0,1.0,True,False,70,is_short(2글자 이하); 역번역 유사도 낮음(0.00)
공시,vie_Latn,Thông báo,알림,0.0,1.0,True,False,70,is_short(2글자 이하); 역번역 유사도 낮음(0.00)
공시,ind_Latn,Pengumuman,발표,0.0,1.0,True,False,70,is_short(2글자 이하); 역번역 유사도 낮음(0.00)
공시,tha_Thai,ประกาศสาธารณะ,공개 선언,0.286,2.5,True,False,70,is_short(2글자 이하); 역번역 유사도 낮음(0.29)
공시,mya_Mymr,ပွင့်လင်းမြင်သာမှု,투명성,0.0,1.5,True,False,70,is_short(2글자 이하); 역번역 유사도 낮음(0.00)
공시,tgl_Latn,Ang pag-uusap,대화,0.0,1.0,True,False,70,is_short(2글자 이하); 역번역 유사도 낮음(0.00)
공채,ind_Latn,Perekrutan Umum,일반 채용,0.286,2.5,True,False,70,is_short(2글자 이하); 역번역 유사도 낮음(0.29)
공채,mya_Mymr,ချေးငွေ,대출,0.0,1.0,True,False,70,is_short(2글자 이하); 역번역 유사도 낮음(0.00)
구주,ind_Latn,Tuhan,"오, 하느님",0.0,3.0,True,False,70,is_short(2글자 이하); 역번역 유사도 낮음(0.00)
국채,vie_Latn,Trái phiếu chính phủ,정부 채권,0.286,2.5,True,False,70,is_short(2글자 이하); 역번역 유사도 낮음(0.29)
국채,ind_Latn,Obligasi pemerintah,정부 채권,0.286,2.5,True,False,70,is_short(2글자 이하); 역번역 유사도 낮음(0.29)
국채,tha_Thai,พันธบัตรรัฐบาล,정부 조약,0.0,2.5,True,False,70,is_short(2글자 이하); 역번역 유사도 낮음(0.00)
국채,tgl_Latn,Debate ng Estado,국가 토론,0.286,2.5,True,False,70,is_short(2글자 이하); 역번역 유사도 낮음(0.29)
권종,mya_Mymr,ခွင့်ပြုချက်။,허가.,0.0,1.5,True,False,70,is_short(2글자 이하); 역번역 유사도 낮음(0.00)
권종,tgl_Latn,Pag-aakyat,등산,0.0,1.0,True,False,70,is_short(2글자 이하); 역번역 유사도 낮음(0.00)
기세,vie_Latn,Sức mạnh,힘,0.0,0.5,True,False,70,is_short(2글자 이하); 역번역 유사도 낮음(0.00)
기세,ind_Latn,semangat,정신,0.0,1.0,True,False,70,is_short(2글자 이하); 역번역 유사도 낮음(0.00)
기세,tha_Thai,โมเมนตัม,모멘텀,0.0,1.5,True,False,70,is_short(2글자 이하); 역번역 유사도 낮음(0.00)
기세,tgl_Latn,Pag-uusap,대화,0.0,1.0,True,False,70,is_short(2글자 이하); 역번역 유사도 낮음(0.00)
납회,vie_Latn,Buổi họp cuối năm,연말 회의,0.286,2.5,True,False,70,is_short(2글자 이하); 역번역 유사도 낮음(0.29)
납회,ind_Latn,Pertemuan Akhir Tahun,연말 모임,0.0,2.5,True,False,70,is_short(2글자 이하); 역번역 유사도 낮음(0.00)
납회,tgl_Latn,Ang pag-aalis,떠나는 것,0.0,2.5,True,False,70,is_short(2글자 이하); 역번역 유사도 낮음(0.00)
단주,vie_Latn,Một ly,한 잔,0.0,1.5,True,False,70,is_short(2글자 이하); 역번역 유사도 낮음(0.00)
단주,ind_Latn,Tanpa alkohol,알코올 없이,0.0,3.0,True,False,70,is_short(2글자 이하); 역번역 유사도 낮음(0.00)
단주,tha_Thai,การงดเว้น,배제,0.0,1.0,True,False,70,is_short(2글자 이하); 역번역 유사도 낮음(0.00)
대권,vie_Latn,Cuộc đua vào Nhà Trắng,백악관 경쟁,0.0,3.0,True,False,70,is_short(2글자 이하); 역번역 유사도 낮음(0.00)
대권,tha_Thai,การเลือกตั้งประธานาธิบดี,대통령 선거,0.25,3.0,True,False,70,is_short(2글자 이하); 역번역 유사도 낮음(0.25)
대권,tgl_Latn,Ang kapangyarihan,힘,0.0,0.5,True,False,70,is_short(2글자 이하); 역번역 유사도 낮음(0.00)
대주,ind_Latn,utang utama,주요 부채,0.286,2.5,True,False,70,is_short(2글자 이하); 역번역 유사도 낮음(0.29)
대주,tha_Thai,ผู้ถือหุ้นหลัก,주요 주주,0.286,2.5,True,False,70,is_short(2글자 이하); 역번역 유사도 낮음(0.29)
대주,mya_Mymr,မဟာမင်းကြီး။,황제님,0.0,1.5,True,False,70,is_short(2글자 이하); 역번역 유사도 낮음(0.00)
대주,tgl_Latn,Ang mga tao.,사람들이요.,0.0,3.0,True,False,70,is_short(2글자 이하); 역번역 유사도 낮음(0.00)
딜러,vie_Latn,Người chia bài,카드 분담자,0.0,3.0,True,False,70,is_short(2글자 이하); 역번역 유사도 낮음(0.00)
딜러,tha_Thai,ผู้จำหน่าย,판매자,0.0,1.5,True,False,70,is_short(2글자 이하); 역번역 유사도 낮음(0.00)
만기,vie_Latn,Hạn thanh toán,결제 기간,0.286,2.5,True,False,70,is_short(2글자 이하); 역번역 유사도 낮음(0.29)
만기,tha_Thai,ความสุกงอม,혼란스럽다,0.0,2.5,True,False,70,is_short(2글자 이하); 역번역 유사도 낮음(0.00)
만기,mya_Mymr,ထိတွေ့မှု။,촉각입니다.,0.0,3.0,True,False,70,is_short(2글자 이하); 역번역 유사도 낮음(0.00)
만기,tgl_Latn,Pagtuklas,발견,0.0,1.0,True,False,70,is_short(2글자 이하); 역번역 유사도 낮음(0.00)
매출,ind_Latn,Pendapatan,수입,0.0,1.0,True,False,70,is_short(2글자 이하); 역번역 유사도 낮음(0.00)
모집,vie_Latn,Tuyển dụng,채용,0.0,1.0,True,False,70,is_short(2글자 이하); 역번역 유사도 낮음(0.00)
모집,ind_Latn,Perekrutan,채용,0.0,1.0,True,False,70,is_short(2글자 이하); 역번역 유사도 낮음(0.00)
모집,tha_Thai,การรับสมัคร,신청서,0.0,1.5,True,False,70,is_short(2글자 이하); 역번역 유사도 낮음(0.00)
모집,tgl_Latn,Pag-recruit,채용,0.0,1.0,True,False,70,is_short(2글자 이하); 역번역 유사도 낮음(0.00)
배당,mya_Mymr,အချိုးအစား,비율입니다.,0.0,3.0,True,False,70,is_short(2글자 이하); 역번역 유사도 낮음(0.00)
배당,tgl_Latn,Paghahalo,혼합,0.0,1.0,True,False,70,is_short(2글자 이하); 역번역 유사도 낮음(0.00)
배서,tha_Thai,การรับรอง,인증,0.0,1.0,True,False,70,is_short(2글자 이하); 역번역 유사도 낮음(0.00)
배서,tgl_Latn,Sa likuran.,뒤쪽이야,0.0,2.0,True,False,70,is_short(2글자 이하); 역번역 유사도 낮음(0.00)
사모,ind_Latn,investasi swasta,민간 투자,0.0,2.5,True,False,70,is_short(2글자 이하); 역번역 유사도 낮음(0.00)
사모,mya_Mymr,မောင်နှမ။,형제자매들,0.0,2.5,True,False,70,is_short(2글자 이하); 역번역 유사도 낮음(0.00)
사모,tgl_Latn,Ang aking ina.,내 어머니.,0.0,3.0,True,False,70,is_short(2글자 이하); 역번역 유사도 낮음(0.00)
상장,vie_Latn,Niêm yết,등록,0.0,1.0,True,False,70,is_short(2글자 이하); 역번역 유사도 낮음(0.00)
상장,ind_Latn,Penawaran umum perdana,첫 공모전,0.0,2.5,True,False,70,is_short(2글자 이하); 역번역 유사도 낮음(0.00)
상장,tha_Thai,รายชื่อ,목록,0.0,1.0,True,False,70,is_short(2글자 이하); 역번역 유사도 낮음(0.00)
상장,mya_Mymr,မန်နေဂျာ။,매니저:,0.0,2.0,True,False,70,is_short(2글자 이하); 역번역 유사도 낮음(0.00)
상장,tgl_Latn,Pangulo.,대통령님,0.0,2.0,True,False,70,is_short(2글자 이하); 역번역 유사도 낮음(0.00)
상호동시거래,tha_Thai,การซื้อขายแบบพร้อมกันและร่วมกัน,함께 구매하고 공동으로 판매합니다.,0.08,3.17,False,True,70,is_dup(다의어); 역번역 유사도 낮음(0.08); 길이비 이상(3.17)
상호동시거래,tha_Thai,การซื้อขายแบบพร้อมกันและร่วมกัน,함께 구매하고 공동으로 판매합니다.,0.08,3.17,False,True,70,is_dup(다의어); 역번역 유사도 낮음(0.08); 길이비 이상(3.17)
상환,ind_Latn,Pelunasan,속죄,0.0,1.0,True,False,70,is_short(2글자 이하); 역번역 유사도 낮음(0.00)
상환,mya_Mymr,ပြန်ဆပ်ပေးပါ။,갚으세요.,0.0,2.5,True,False,70,is_short(2글자 이하); 역번역 유사도 낮음(0.00)
상환,tgl_Latn,Pagbabayad,결제,0.0,1.0,True,False,70,is_short(2글자 이하); 역번역 유사도 낮음(0.00)
신탁,ind_Latn,Perwalian,유언장,0.0,1.5,True,False,70,is_short(2글자 이하); 역번역 유사도 낮음(0.00)
신탁,tha_Thai,ความเชื่อมั่น,믿음,0.0,1.0,True,False,70,is_short(2글자 이하); 역번역 유사도 낮음(0.00)
신탁,tgl_Latn,Magtiwala.,신뢰하세요.,0.25,3.0,True,False,70,is_short(2글자 이하); 역번역 유사도 낮음(0.25)
예탁,ind_Latn,Penitipan,유치원,0.0,1.5,True,False,70,is_short(2글자 이하); 역번역 유사도 낮음(0.00)
예탁,mya_Mymr,ကမ်းလှမ်းချက်။,제안입니다.,0.0,3.0,True,False,70,is_short(2글자 이하); 역번역 유사도 낮음(0.00)
예탁,tgl_Latn,Pag-uutos.,명령.,0.0,1.5,True,False,70,is_short(2글자 이하); 역번역 유사도 낮음(0.00)
옵션,vie_Latn,Tùy chọn,선택,0.0,1.0,True,False,70,is_short(2글자 이하); 역번역 유사도 낮음(0.00)
옵션,tha_Thai,ตัวเลือก,선택,0.0,1.0,True,False,70,is_short(2글자 이하); 역번역 유사도 낮음(0.00)
옵션,mya_Mymr,ရွေးချယ်မှု,선택,0.0,1.0,True,False,70,is_short(2글자 이하); 역번역 유사도 낮음(0.00)
옵션,tgl_Latn,Mga pagpipilian,선택 사항,0.0,2.5,True,False,70,is_short(2글자 이하); 역번역 유사도 낮음(0.00)
인수,mya_Mymr,ဝယ်ယူခြင်း,구매,0.0,1.0,True,False,70,is_short(2글자 이하); 역번역 유사도 낮음(0.00)
인수,tgl_Latn,Pag-aari,소유물,0.0,1.5,True,False,70,is_short(2글자 이하); 역번역 유사도 낮음(0.00)
임치,tha_Thai,เงินฝาก,예금,0.0,1.0,True,False,70,is_short(2글자 이하); 역번역 유사도 낮음(0.00)
임치,mya_Mymr,မန်ချက်စတာ,맨체스터,0.0,2.0,True,False,70,is_short(2글자 이하); 역번역 유사도 낮음(0.00)
임치,tgl_Latn,Impiyerno,지옥,0.0,1.0,True,False,70,is_short(2글자 이하); 역번역 유사도 낮음(0.00)
입금,vie_Latn,Nạp tiền,충전,0.0,1.0,True,False,70,is_short(2글자 이하); 역번역 유사도 낮음(0.00)
입금,ind_Latn,Setoran,매장,0.0,1.0,True,False,70,is_short(2글자 이하); 역번역 유사도 낮음(0.00)
입금,mya_Mymr,အပ်နှံမှု,헌신,0.0,1.0,True,False,70,is_short(2글자 이하); 역번역 유사도 낮음(0.00)
입금,tgl_Latn,Mga deposito,매장물,0.0,1.5,True,False,70,is_short(2글자 이하); 역번역 유사도 낮음(0.00)
잔액,tha_Thai,สมดุล,균형,0.0,1.0,True,False,70,is_short(2글자 이하); 역번역 유사도 낮음(0.00)
잔액,mya_Mymr,ကျန်တဲ့ ပမာဏ,나머지 양은,0.0,3.0,True,False,70,is_short(2글자 이하); 역번역 유사도 낮음(0.00)
점유,ind_Latn,Penguasaan,지배,0.0,1.0,True,False,70,is_short(2글자 이하); 역번역 유사도 낮음(0.00)
주권,tha_Thai,อธิปไตย,아티피아,0.0,2.0,True,False,70,is_short(2글자 이하); 역번역 유사도 낮음(0.00)
증자,vie_Latn,Tăng vốn,자본 증대,0.286,2.5,True,False,70,is_short(2글자 이하); 역번역 유사도 낮음(0.29)
증자,ind_Latn,Penambahan modal,자본 추가,0.286,2.5,True,False,70,is_short(2글자 이하); 역번역 유사도 낮음(0.29)
증자,tha_Thai,การเพิ่มทุน,자금 증대,0.286,2.5,True,False,70,is_short(2글자 이하); 역번역 유사도 낮음(0.29)
질권,tha_Thai,คำสัญญา,약속해,0.0,1.5,True,False,70,is_short(2글자 이하); 역번역 유사도 낮음(0.00)
질권,tgl_Latn,Katayuan,상황,0.0,1.0,True,False,70,is_short(2글자 이하); 역번역 유사도 낮음(0.00)
차감,vie_Latn,Khấu trừ,마이너스,0.0,2.0,True,False,70,is_short(2글자 이하); 역번역 유사도 낮음(0.00)
차감,tha_Thai,การหักลดหย่อน,헐떡거리는,0.0,2.5,True,False,70,is_short(2글자 이하); 역번역 유사도 낮음(0.00)
차감,mya_Mymr,အေးချမ်းမှု။,평화입니다.,0.0,3.0,True,False,70,is_short(2글자 이하); 역번역 유사도 낮음(0.00)
차감,tgl_Latn,Ang pag-iisip.,생각입니다.,0.0,3.0,True,False,70,is_short(2글자 이하); 역번역 유사도 낮음(0.00)
차주,vie_Latn,Chủ xe,운전자,0.0,1.5,True,False,70,is_short(2글자 이하); 역번역 유사도 낮음(0.00)
차주,ind_Latn,pemilik kendaraan,차량 소유자,0.25,3.0,True,False,70,is_short(2글자 이하); 역번역 유사도 낮음(0.25)
차주,tha_Thai,เจ้าของรถ,차 소유자,0.286,2.5,True,False,70,is_short(2글자 이하); 역번역 유사도 낮음(0.29)
차주,mya_Mymr,ချိုချို။,귀여워요.,0.0,2.5,True,False,70,is_short(2글자 이하); 역번역 유사도 낮음(0.00)
차환,vie_Latn,Tái cấp vốn,재자금,0.0,1.5,True,False,70,is_short(2글자 이하); 역번역 유사도 낮음(0.00)
차환,ind_Latn,Refinancing,재금융,0.0,1.5,True,False,70,is_short(2글자 이하); 역번역 유사도 낮음(0.00)
차환,tha_Thai,การรีไฟแนนซ์,재금융,0.0,1.5,True,False,70,is_short(2글자 이하); 역번역 유사도 낮음(0.00)
차환,mya_Mymr,အပြောင်းအလဲပါ။,변화입니다.,0.0,3.0,True,False,70,is_short(2글자 이하); 역번역 유사도 낮음(0.00)
차환,tgl_Latn,Pagbabago,변화,0.0,1.0,True,False,70,is_short(2글자 이하); 역번역 유사도 낮음(0.00)
채권,tha_Thai,พันธบัตร,계약서,0.0,1.5,True,False,70,is_short(2글자 이하); 역번역 유사도 낮음(0.00)
채권,mya_Mymr,ချေးငွေ,대출,0.0,1.0,True,False,70,is_short(2글자 이하); 역번역 유사도 낮음(0.00)
청산,vie_Latn,Thanh toán,결제,0.0,1.0,True,False,70,is_short(2글자 이하); 역번역 유사도 낮음(0.00)
청산,tha_Thai,การชำระบัญชี,청구서 지불,0.25,3.0,True,False,70,is_short(2글자 이하); 역번역 유사도 낮음(0.25)
청산,mya_Mymr,စင်ကြယ်တယ်။,순수합니다.,0.0,3.0,True,False,70,is_short(2글자 이하); 역번역 유사도 낮음(0.00)
청산,tgl_Latn,Ang pag-aayos,정비,0.0,1.0,True,False,70,is_short(2글자 이하); 역번역 유사도 낮음(0.00)
총유,vie_Latn,Tổng hợp,종합,0.0,1.0,True,False,70,is_short(2글자 이하); 역번역 유사도 낮음(0.00)
총유,ind_Latn,Kepemilikan Bersama,공동 소유,0.286,2.5,True,False,70,is_short(2글자 이하); 역번역 유사도 낮음(0.29)
총유,tha_Thai,ทรัพย์สินร่วม,공동 재산,0.0,2.5,True,False,70,is_short(2글자 이하); 역번역 유사도 낮음(0.00)
출금,vie_Latn,Rút tiền,돈을 꺼내,0.0,2.5,True,False,70,is_short(2글자 이하); 역번역 유사도 낮음(0.00)
출금,ind_Latn,Penarikan,철수,0.0,1.0,True,False,70,is_short(2글자 이하); 역번역 유사도 낮음(0.00)
출금,tha_Thai,การถอน,철수,0.0,1.0,True,False,70,is_short(2글자 이하); 역번역 유사도 낮음(0.00)
출금,mya_Mymr,တင်သွင်းမှု,수입,0.0,1.0,True,False,70,is_short(2글자 이하); 역번역 유사도 낮음(0.00)
출금,tgl_Latn,Pagpapadala,발송,0.0,1.0,True,False,70,is_short(2글자 이하); 역번역 유사도 낮음(0.00)
출자,vie_Latn,Vốn góp,기부금,0.0,1.5,True,False,70,is_short(2글자 이하); 역번역 유사도 낮음(0.00)
출자,ind_Latn,Penanaman Modal,자본 투자,0.286,2.5,True,False,70,is_short(2글자 이하); 역번역 유사도 낮음(0.29)
출자,mya_Mymr,ထွက်ပါ။,나가세요.,0.0,2.5,True,False,70,is_short(2글자 이하); 역번역 유사도 낮음(0.00)
출자,tgl_Latn,Lumabas,밖으로 나가,0.0,3.0,True,False,70,is_short(2글자 이하); 역번역 유사도 낮음(0.00)
콜,vie_Latn,Cuộc gọi,전화,0.0,2.0,True,False,70,is_short(2글자 이하); 역번역 유사도 낮음(0.00)
콜,ind_Latn,Panggilan,전화,0.0,2.0,True,False,70,is_short(2글자 이하); 역번역 유사도 낮음(0.00)
콜,tha_Thai,โทร,전화해,0.0,3.0,True,False,70,is_short(2글자 이하); 역번역 유사도 낮음(0.00)
텀론,ind_Latn,Termon,테르몬,0.0,1.5,True,False,70,is_short(2글자 이하); 역번역 유사도 낮음(0.00)
텀론,mya_Mymr,တူရွန်။,튀룬.,0.0,1.5,True,False,70,is_short(2글자 이하); 역번역 유사도 낮음(0.00)
팩터,vie_Latn,Yếu tố,요인,0.0,1.0,True,False,70,is_short(2글자 이하); 역번역 유사도 낮음(0.00)
팩터,ind_Latn,Faktor,요인,0.0,1.0,True,False,70,is_short(2글자 이하); 역번역 유사도 낮음(0.00)
팩터,tha_Thai,ปัจจัย,요인,0.0,1.0,True,False,70,is_short(2글자 이하); 역번역 유사도 낮음(0.00)
팩터,mya_Mymr,အကြောင်းရင်း။,그 이유는?,0.0,3.0,True,False,70,is_short(2글자 이하); 역번역 유사도 낮음(0.00)
팩터,tgl_Latn,Factor,요인,0.0,1.0,True,False,70,is_short(2글자 이하); 역번역 유사도 낮음(0.00)
합유,ind_Latn,campuran susu,우유 혼합물,0.25,3.0,True,False,70,is_short(2글자 이하); 역번역 유사도 낮음(0.25)
합유,tha_Thai,ผสม,섞어,0.0,1.0,True,False,70,is_short(2글자 이하); 역번역 유사도 낮음(0.00)
합유,mya_Mymr,ပေါင်းစပ်ပါ။,융합하세요.,0.25,3.0,True,False,70,is_short(2글자 이하); 역번역 유사도 낮음(0.25)
합유,tgl_Latn,Magsama.,함께.,0.0,1.5,True,False,70,is_short(2글자 이하); 역번역 유사도 낮음(0.00)
헤징,vie_Latn,Phòng ngừa rủi ro,위험 예방,0.0,2.5,True,False,70,is_short(2글자 이하); 역번역 유사도 낮음(0.00)
헤징,tha_Thai,การป้องกันความเสี่ยง,위험 예방,0.0,2.5,True,False,70,is_short(2글자 이하); 역번역 유사도 낮음(0.00)
헤징,tgl_Latn,Paghihigpit,제약,0.0,1.0,True,False,70,is_short(2글자 이하); 역번역 유사도 낮음(0.00)
환전,ind_Latn,Penukaran mata uang,화폐 교환,0.286,2.5,True,False,70,is_short(2글자 이하); 역번역 유사도 낮음(0.29)
환전,tha_Thai,การแลกเปลี่ยนเงินตรา,화폐 교환,0.286,2.5,True,False,70,is_short(2글자 이하); 역번역 유사도 낮음(0.29)
환전,tgl_Latn,Pagbabago,변화,0.0,1.0,True,False,70,is_short(2글자 이하); 역번역 유사도 낮음(0.00)
ANNA,vie_Latn,ANNA,안나,0.0,0.5,False,True,60,is_dup(다의어); 역번역 유사도 낮음(0.00)
ANNA,vie_Latn,ANNA,안나,0.0,0.5,False,True,60,is_dup(다의어); 역번역 유사도 낮음(0.00)
ANNA,ind_Latn,ANNA,안나,0.0,0.5,False,True,60,is_dup(다의어); 역번역 유사도 낮음(0.00)
ANNA,ind_Latn,ANNA,안나,0.0,0.5,False,True,60,is_dup(다의어); 역번역 유사도 낮음(0.00)
ANNA,tha_Thai,ANNA,안나,0.0,0.5,False,True,60,is_dup(다의어); 역번역 유사도 낮음(0.00)
ANNA,tha_Thai,ANNA,안나,0.0,0.5,False,True,60,is_dup(다의어); 역번역 유사도 낮음(0.00)
ANNA,mya_Mymr,ANNA,안나,0.0,0.5,False,True,60,is_dup(다의어); 역번역 유사도 낮음(0.00)
ANNA,mya_Mymr,ANNA,안나,0.0,0.5,False,True,60,is_dup(다의어); 역번역 유사도 낮음(0.00)
ISIN,ind_Latn,ISIN,부끄러움,0.0,1.0,False,True,60,is_dup(다의어); 역번역 유사도 낮음(0.00)
ISIN,ind_Latn,ISIN,부끄러움,0.0,1.0,False,True,60,is_dup(다의어); 역번역 유사도 낮음(0.00)
결제시한,mya_Mymr,အဆုံးသတ်သွားပြီ။,끝났습니다.,0.0,1.5,False,True,60,is_dup(다의어); 역번역 유사도 낮음(0.00)
결제시한,mya_Mymr,အဆုံးသတ်သွားပြီ။,끝났습니다.,0.0,1.5,False,True,60,is_dup(다의어); 역번역 유사도 낮음(0.00)
결제시한,tgl_Latn,Nakumpleto na,다 됐어,0.0,1.0,False,True,60,is_dup(다의어); 역번역 유사도 낮음(0.00)
결제시한,tgl_Latn,Nakumpleto na,다 됐어,0.0,1.0,False,True,60,is_dup(다의어); 역번역 유사도 낮음(0.00)
결제후 업무처리,mya_Mymr,ငွေပေးချေပြီးတဲ့နောက်မှာ စီမံခန့်ခွဲမှု,"지불이 완료되면,",0.118,1.12,False,True,60,is_dup(다의어); 역번역 유사도 낮음(0.12)
결제후 업무처리,mya_Mymr,ငွေပေးချေပြီးတဲ့နောက်မှာ စီမံခန့်ခွဲမှု,"지불이 완료되면,",0.118,1.12,False,True,60,is_dup(다의어); 역번역 유사도 낮음(0.12)
결제후 업무처리,tgl_Latn,Pagpapatupad ng mga gawain pagkatapos ng pagbabayad,지불 후 작업을 수행합니다,0.273,1.75,False,True,60,is_dup(다의어); 역번역 유사도 낮음(0.27)
결제후 업무처리,tgl_Latn,Pagpapatupad ng mga gawain pagkatapos ng pagbabayad,지불 후 작업을 수행합니다,0.273,1.75,False,True,60,is_dup(다의어); 역번역 유사도 낮음(0.27)
대권,ind_Latn,Perebutan kursi kepresidenan,대통령 직권 경쟁,0.364,4.5,True,False,60,is_short(2글자 이하); 역번역 유사도 다소낮음(0.36); 길이비 이상(4.50)
상대매매,vie_Latn,Giao dịch đối ứng,대조 거래,0.222,1.25,False,True,60,is_dup(다의어); 역번역 유사도 낮음(0.22)
상대매매,vie_Latn,Giao dịch đối ứng,대조 거래,0.222,1.25,False,True,60,is_dup(다의어); 역번역 유사도 낮음(0.22)
상대매매,tha_Thai,การซื้อขายที่ตรงกัน,맞춤식 거래,0.0,1.5,False,True,60,is_dup(다의어); 역번역 유사도 낮음(0.00)
상대매매,tha_Thai,การซื้อขายที่ตรงกัน,맞춤식 거래,0.0,1.5,False,True,60,is_dup(다의어); 역번역 유사도 낮음(0.00)
상대매매,mya_Mymr,အပြန်အလှန် ရောင်းဝယ်ခြင်း,서로 거래하는 것.,0.0,2.5,False,True,60,is_dup(다의어); 역번역 유사도 낮음(0.00)
상대매매,mya_Mymr,အပြန်အလှန် ရောင်းဝယ်ခြင်း,서로 거래하는 것.,0.0,2.5,False,True,60,is_dup(다의어); 역번역 유사도 낮음(0.00)
상대매매,tgl_Latn,Pagpapalitan,교환,0.0,0.5,False,True,60,is_dup(다의어); 역번역 유사도 낮음(0.00)
상대매매,tgl_Latn,Pagpapalitan,교환,0.0,0.5,False,True,60,is_dup(다의어); 역번역 유사도 낮음(0.00)
상호동시거래,tgl_Latn,Pagpaparehistro sa parehong oras,동시에 등록하세요,0.267,1.5,False,True,60,is_dup(다의어); 역번역 유사도 낮음(0.27)
상호동시거래,tgl_Latn,Pagpaparehistro sa parehong oras,동시에 등록하세요,0.267,1.5,False,True,60,is_dup(다의어); 역번역 유사도 낮음(0.27)
의결권대리행사 권유,vie_Latn,Kêu gọi ủy quyền biểu quyết,투표권 요청,0.25,0.6,False,True,60,is_dup(다의어); 역번역 유사도 낮음(0.25)
의결권대리행사 권유,vie_Latn,Kêu gọi ủy quyền biểu quyết,투표권 요청,0.25,0.6,False,True,60,is_dup(다의어); 역번역 유사도 낮음(0.25)
의결권대리행사 권유,ind_Latn,Ajakan untuk Menyerahkan Hak Suara,투표권을 포기하라,0.211,0.9,False,True,60,is_dup(다의어); 역번역 유사도 낮음(0.21)
의결권대리행사 권유,ind_Latn,Ajakan untuk Menyerahkan Hak Suara,투표권을 포기하라,0.211,0.9,False,True,60,is_dup(다의어); 역번역 유사도 낮음(0.21)
의결권대리행사 권유,tha_Thai,การเชิญชวนให้มอบสิทธิ์ลงคะแนนผ่านผู้แทน,대리인을 통해 투표권을 부여하는 초대,0.267,2.0,False,True,60,is_dup(다의어); 역번역 유사도 낮음(0.27)
의결권대리행사 권유,tha_Thai,การเชิญชวนให้มอบสิทธิ์ลงคะแนนผ่านผู้แทน,대리인을 통해 투표권을 부여하는 초대,0.267,2.0,False,True,60,is_dup(다의어); 역번역 유사도 낮음(0.27)
의결권대리행사 권유,mya_Mymr,ဆုံးဖြတ်ချက်ချတဲ့ ကိုယ်စားလှယ်တွေကို တိုက်တွန်းတယ်။,우리는 의사결정 기관에 힘을 실어줍니다.,0.188,2.2,False,True,60,is_dup(다의어); 역번역 유사도 낮음(0.19)
의결권대리행사 권유,mya_Mymr,ဆုံးဖြတ်ချက်ချတဲ့ ကိုယ်စားလှယ်တွေကို တိုက်တွန်းတယ်။,우리는 의사결정 기관에 힘을 실어줍니다.,0.188,2.2,False,True,60,is_dup(다의어); 역번역 유사도 낮음(0.19)
의결권대리행사 권유,tgl_Latn,Pinapayagan ang mga tagapagtanggol ng karapatan sa pagpapasya,인권 옹호자들은 스스로 결정할 수 있게 되었습니다,0.108,2.7,False,True,60,is_dup(다의어); 역번역 유사도 낮음(0.11)
의결권대리행사 권유,tgl_Latn,Pinapayagan ang mga tagapagtanggol ng karapatan sa pagpapasya,인권 옹호자들은 스스로 결정할 수 있게 되었습니다,0.108,2.7,False,True,60,is_dup(다의어); 역번역 유사도 낮음(0.11)
Affirmation,vie_Latn,Lời khẳng định,공약,0.0,0.18,False,False,50,역번역 유사도 낮음(0.00); 길이비 이상(0.18)
Affirmation,ind_Latn,Penegasan,확인,0.0,0.18,False,False,50,역번역 유사도 낮음(0.00); 길이비 이상(0.18)
Affirmation,tha_Thai,คำยืนยัน,확인,0.0,0.18,False,False,50,역번역 유사도 낮음(0.00); 길이비 이상(0.18)
CHIPS,vie_Latn,CHIPS,칩,0.0,0.2,False,False,50,역번역 유사도 낮음(0.00); 길이비 이상(0.20)
CHIPS,ind_Latn,CHIPS,칩,0.0,0.2,False,False,50,역번역 유사도 낮음(0.00); 길이비 이상(0.20)
CHIPS,tha_Thai,CHIPS,칩,0.0,0.2,False,False,50,역번역 유사도 낮음(0.00); 길이비 이상(0.20)
FORM 3,vie_Latn,MẪU 3,3번,0.25,0.33,False,False,50,역번역 유사도 낮음(0.25); 길이비 이상(0.33)
FORM 4,vie_Latn,MẪU 4,4번,0.25,0.33,False,False,50,역번역 유사도 낮음(0.25); 길이비 이상(0.33)
FUND/NETWORKING,vie_Latn,QUỸ/MẠNG LƯỚI,국가/국가,0.1,0.33,False,False,50,역번역 유사도 낮음(0.10); 길이비 이상(0.33)
IMF 8조국,tha_Thai,แผนช่วยเหลือทางการเงินของ IMF มูลค่า 8 ล้านล้านวอน,8조 원에 달하는 IMF 재정 지원 계획입니다.,0.242,3.71,False,False,50,역번역 유사도 낮음(0.24); 길이비 이상(3.71)
INSTINET,vie_Latn,INSTINET,본능,0.0,0.25,False,False,50,역번역 유사도 낮음(0.00); 길이비 이상(0.25)
INSTINET,ind_Latn,INSTINET,본능,0.0,0.25,False,False,50,역번역 유사도 낮음(0.00); 길이비 이상(0.25)
INSTINET,tha_Thai,INSTINET,본능,0.0,0.25,False,False,50,역번역 유사도 낮음(0.00); 길이비 이상(0.25)
Jobber,vie_Latn,Jobber,조버,0.0,0.33,False,False,50,역번역 유사도 낮음(0.00); 길이비 이상(0.33)
Jobber,ind_Latn,Jobber,조버,0.0,0.33,False,False,50,역번역 유사도 낮음(0.00); 길이비 이상(0.33)
M&A,mya_Mymr,M&A တွေ,합병 &amp; 인수,0.143,3.67,False,False,50,역번역 유사도 낮음(0.14); 길이비 이상(3.67)
REGULATION A,vie_Latn,QUY ĐỊNH A,질문 A,0.25,0.33,False,False,50,역번역 유사도 낮음(0.25); 길이비 이상(0.33)
REGULATION A,ind_Latn,PERATURAN A,규칙 A,0.25,0.33,False,False,50,역번역 유사도 낮음(0.25); 길이비 이상(0.33)
REGULATION A,tha_Thai,กฎระเบียบ A,규칙 A,0.25,0.33,False,False,50,역번역 유사도 낮음(0.25); 길이비 이상(0.33)
REGULATION D,vie_Latn,QUY ĐỊNH D,D조,0.143,0.17,False,False,50,역번역 유사도 낮음(0.14); 길이비 이상(0.17)
REGULATION D,ind_Latn,PERATURAN D,규칙 D,0.25,0.33,False,False,50,역번역 유사도 낮음(0.25); 길이비 이상(0.33)
REGULATION D,tha_Thai,กฎระเบียบ D,규칙 D,0.25,0.33,False,False,50,역번역 유사도 낮음(0.25); 길이비 이상(0.33)
REGULATION G,vie_Latn,QUY ĐỊNH G,G조,0.143,0.17,False,False,50,역번역 유사도 낮음(0.14); 길이비 이상(0.17)
REGULATION G,ind_Latn,PERATURAN G,규칙 G,0.25,0.33,False,False,50,역번역 유사도 낮음(0.25); 길이비 이상(0.33)
REGULATION G,tha_Thai,กฎระเบียบ G,G 규칙,0.25,0.33,False,False,50,역번역 유사도 낮음(0.25); 길이비 이상(0.33)
REGULATION Q,vie_Latn,QUY ĐỊNH Q,질문 Q,0.25,0.33,False,False,50,역번역 유사도 낮음(0.25); 길이비 이상(0.33)
REGULATION Q,ind_Latn,PERATURAN Q,Q 규칙,0.125,0.33,False,False,50,역번역 유사도 낮음(0.12); 길이비 이상(0.33)
REGULATION Q,tha_Thai,กฎระเบียบ Q,Q 규칙,0.125,0.33,False,False,50,역번역 유사도 낮음(0.12); 길이비 이상(0.33)
REGULATION Q,mya_Mymr,စည်းမျဉ်း Q,Q 법칙,0.125,0.33,False,False,50,역번역 유사도 낮음(0.12); 길이비 이상(0.33)
REGULATION T,vie_Latn,QUY ĐỊNH T,이봐요,0.0,0.25,False,False,50,역번역 유사도 낮음(0.00); 길이비 이상(0.25)
REGULATION T,ind_Latn,PERATURAN T,규칙 T,0.25,0.33,False,False,50,역번역 유사도 낮음(0.25); 길이비 이상(0.33)
REGULATION T,mya_Mymr,စည်းမျဉ်းစည်းကမ်း,규칙.,0.0,0.25,False,False,50,역번역 유사도 낮음(0.00); 길이비 이상(0.25)
REGULATION U,ind_Latn,PERATURAN U,규칙 U,0.25,0.33,False,False,50,역번역 유사도 낮음(0.25); 길이비 이상(0.33)
REGULATION U,mya_Mymr,စည်းမျဉ်းစည်းကမ်း,규칙.,0.0,0.25,False,False,50,역번역 유사도 낮음(0.00); 길이비 이상(0.25)
SIS SegaIntersettle,mya_Mymr,SIS ကို SegaIntersettle,세가인터셋,0.0,0.26,False,False,50,역번역 유사도 낮음(0.00); 길이비 이상(0.26)
TALISMAN,ind_Latn,TALISMAN,신장,0.0,0.25,False,False,50,역번역 유사도 낮음(0.00); 길이비 이상(0.25)
TARGET,ind_Latn,TARGET,타겟,0.0,0.33,False,False,50,역번역 유사도 낮음(0.00); 길이비 이상(0.33)
TARGET,tha_Thai,เป้าหมาย,목표,0.0,0.33,False,False,50,역번역 유사도 낮음(0.00); 길이비 이상(0.33)
TAURUS,vie_Latn,TAURUS,황소,0.0,0.33,False,False,50,역번역 유사도 낮음(0.00); 길이비 이상(0.33)
TAURUS,ind_Latn,TAURUS,황소,0.0,0.33,False,False,50,역번역 유사도 낮음(0.00); 길이비 이상(0.33)
TAURUS,mya_Mymr,TAURUS,황소,0.0,0.33,False,False,50,역번역 유사도 낮음(0.00); 길이비 이상(0.33)
TELEKURS,ind_Latn,TELEKURS,전신,0.0,0.25,False,False,50,역번역 유사도 낮음(0.00); 길이비 이상(0.25)
X,mya_Mymr,X ကို,x가 됩니다.,0.0,7.0,False,False,50,역번역 유사도 낮음(0.00); 길이비 이상(7.00)
back office,tha_Thai,ฝ่ายสนับสนุน,지원부,0.0,0.27,False,False,50,역번역 유사도 낮음(0.00); 길이비 이상(0.27)
backwardation,ind_Latn,backwardation,배후화,0.0,0.23,False,False,50,역번역 유사도 낮음(0.00); 길이비 이상(0.23)
bancassurance,vie_Latn,bancassurance,은행보험,0.0,0.31,False,False,50,역번역 유사도 낮음(0.00); 길이비 이상(0.31)
bancassurance,ind_Latn,bancassurance,은행보험,0.0,0.31,False,False,50,역번역 유사도 낮음(0.00); 길이비 이상(0.31)
black monday,mya_Mymr,တနင်္လာနေ့,월요일,0.0,0.25,False,False,50,역번역 유사도 낮음(0.00); 길이비 이상(0.25)
blanket fidelity bond,vie_Latn,trái phiếu bảo lãnh toàn diện,전면보증채권,0.0,0.29,False,False,50,역번역 유사도 낮음(0.00); 길이비 이상(0.29)
book entry only,vie_Latn,chỉ ghi sổ,책만 써,0.105,0.27,False,False,50,역번역 유사도 낮음(0.11); 길이비 이상(0.27)
buy/sell-back,ind_Latn,beli/jual kembali,재구매,0.0,0.23,False,False,50,역번역 유사도 낮음(0.00); 길이비 이상(0.23)
checking,vie_Latn,kiểm tra,확인,0.0,0.25,False,False,50,역번역 유사도 낮음(0.00); 길이비 이상(0.25)
checking,ind_Latn,pemeriksaan,검사,0.0,0.25,False,False,50,역번역 유사도 낮음(0.00); 길이비 이상(0.25)
commodity financing,vie_Latn,tài trợ hàng hóa,물품 자금,0.083,0.26,False,False,50,역번역 유사도 낮음(0.08); 길이비 이상(0.26)
commodity financing,ind_Latn,pembiayaan komoditas,상품 금융,0.083,0.26,False,False,50,역번역 유사도 낮음(0.08); 길이비 이상(0.26)
commodity financing,mya_Mymr,ကုန်ကြမ်း ငွေကြေးထောက်ပံ့မှု,"자재, 자금",0.08,0.32,False,False,50,역번역 유사도 낮음(0.08); 길이비 이상(0.32)
concentration limit,vie_Latn,giới hạn nồng độ,농도 제한,0.083,0.26,False,False,50,역번역 유사도 낮음(0.08); 길이비 이상(0.26)
concentration limit,ind_Latn,batas konsentrasi,농도 제한,0.083,0.26,False,False,50,역번역 유사도 낮음(0.08); 길이비 이상(0.26)
concentration limit,mya_Mymr,အာရုံစိုက်မှု ကန့်သတ်ချက်,주의력 제한,0.08,0.32,False,False,50,역번역 유사도 낮음(0.08); 길이비 이상(0.32)
confirmation,vie_Latn,xác nhận,확인,0.0,0.17,False,False,50,역번역 유사도 낮음(0.00); 길이비 이상(0.17)
confirmation,ind_Latn,konfirmasi,확인,0.0,0.17,False,False,50,역번역 유사도 낮음(0.00); 길이비 이상(0.17)
confirmation,tha_Thai,การยืนยัน,확인,0.0,0.17,False,False,50,역번역 유사도 낮음(0.00); 길이비 이상(0.17)
coupon rate,vie_Latn,tỷ suất chiết khấu,할인율,0.0,0.27,False,False,50,역번역 유사도 낮음(0.00); 길이비 이상(0.27)
crossing network,vie_Latn,mạng lưới giao thông,교통망,0.0,0.19,False,False,50,역번역 유사도 낮음(0.00); 길이비 이상(0.19)
crossing network,tha_Thai,เครือข่ายการเชื่อมต่อ,연결망,0.0,0.19,False,False,50,역번역 유사도 낮음(0.00); 길이비 이상(0.19)
crossing network,mya_Mymr,ဖြတ်သန်းရေးကွန်ယက်,횡단망,0.0,0.19,False,False,50,역번역 유사도 낮음(0.00); 길이비 이상(0.19)
delivery notice,vie_Latn,thông báo giao hàng,배송신고,0.0,0.27,False,False,50,역번역 유사도 낮음(0.00); 길이비 이상(0.27)
delivery notice,ind_Latn,pemberitahuan pengiriman,배송 통지,0.1,0.33,False,False,50,역번역 유사도 낮음(0.10); 길이비 이상(0.33)
delivery notice,tha_Thai,แจ้งการส่งสินค้า,배송신청,0.0,0.27,False,False,50,역번역 유사도 낮음(0.00); 길이비 이상(0.27)
finality of payment,ind_Latn,kepastian pembayaran,결제 보증,0.083,0.26,False,False,50,역번역 유사도 낮음(0.08); 길이비 이상(0.26)
finality of payment,tha_Thai,การชำระเงินที่เสร็จสิ้น,결제 완료,0.083,0.26,False,False,50,역번역 유사도 낮음(0.08); 길이비 이상(0.26)
finality of payment,mya_Mymr,ငွေပေးချေမှု အဆုံးသတ်မှု,결제 완료,0.083,0.26,False,False,50,역번역 유사도 낮음(0.08); 길이비 이상(0.26)
five hundred dollar rule,vie_Latn,quy tắc 500 đô la,500달러 규칙,0.062,0.33,False,False,50,역번역 유사도 낮음(0.06); 길이비 이상(0.33)
five hundred dollar rule,ind_Latn,aturan lima ratus dolar,500달러 규칙,0.062,0.33,False,False,50,역번역 유사도 낮음(0.06); 길이비 이상(0.33)
five hundred dollar rule,tha_Thai,กฎ 500 ดอลลาร์,500달러 규칙,0.062,0.33,False,False,50,역번역 유사도 낮음(0.06); 길이비 이상(0.33)
flipping,tha_Thai,พลิก,플릭,0.0,0.25,False,False,50,역번역 유사도 낮음(0.00); 길이비 이상(0.25)
greenmail,tha_Thai,กรีนเมล,그린멜,0.0,0.33,False,False,50,역번역 유사도 낮음(0.00); 길이비 이상(0.33)
grey market,ind_Latn,pasar gelap,암시장,0.0,0.27,False,False,50,역번역 유사도 낮음(0.00); 길이비 이상(0.27)
grey market,tha_Thai,ตลาดมืด,암시장,0.0,0.27,False,False,50,역번역 유사도 낮음(0.00); 길이비 이상(0.27)
gun jumping,ind_Latn,gun jumping,총뛰기,0.0,0.27,False,False,50,역번역 유사도 낮음(0.00); 길이비 이상(0.27)
indenture,vie_Latn,hợp đồng,계약,0.0,0.22,False,False,50,역번역 유사도 낮음(0.00); 길이비 이상(0.22)
indenture,ind_Latn,perjanjian,협약,0.0,0.22,False,False,50,역번역 유사도 낮음(0.00); 길이비 이상(0.22)
indenture,mya_Mymr,လက်မှတ်ထိုးခြင်း,서명,0.0,0.22,False,False,50,역번역 유사도 낮음(0.00); 길이비 이상(0.22)
independent broker,vie_Latn,nhà môi giới độc lập,독립중개사,0.0,0.28,False,False,50,역번역 유사도 낮음(0.00); 길이비 이상(0.28)
independent broker,ind_Latn,broker independen,독립 브로커,0.083,0.33,False,False,50,역번역 유사도 낮음(0.08); 길이비 이상(0.33)
independent broker,tha_Thai,ผู้กลางอิสระ,자유 중개인,0.083,0.33,False,False,50,역번역 유사도 낮음(0.08); 길이비 이상(0.33)
infrastructure,vie_Latn,cơ sở hạ tầng,인프라,0.0,0.21,False,False,50,역번역 유사도 낮음(0.00); 길이비 이상(0.21)
infrastructure,ind_Latn,infrastruktur,인프라,0.0,0.21,False,False,50,역번역 유사도 낮음(0.00); 길이비 이상(0.21)
infrastructure,tha_Thai,โครงสร้างพื้นฐาน,기반시설,0.0,0.29,False,False,50,역번역 유사도 낮음(0.00); 길이비 이상(0.29)
infrastructure,mya_Mymr,အခြေခံအဆောက်အအုံ,인프라,0.0,0.21,False,False,50,역번역 유사도 낮음(0.00); 길이비 이상(0.21)
interlinker,ind_Latn,penghubung,연결,0.0,0.18,False,False,50,역번역 유사도 낮음(0.00); 길이비 이상(0.18)
interlinker,tha_Thai,ตัวเชื่อมโยง,연계자,0.0,0.27,False,False,50,역번역 유사도 낮음(0.00); 길이비 이상(0.27)
investment bank,vie_Latn,ngân hàng đầu tư,투자 은행,0.1,0.33,False,False,50,역번역 유사도 낮음(0.10); 길이비 이상(0.33)
investment bank,ind_Latn,bank investasi,투자 은행,0.1,0.33,False,False,50,역번역 유사도 낮음(0.10); 길이비 이상(0.33)
investment bank,tha_Thai,ธนาคารการลงทุน,투자 은행,0.1,0.33,False,False,50,역번역 유사도 낮음(0.10); 길이비 이상(0.33)
investment bank,mya_Mymr,ရင်းနှီးမြှုပ်နှံမှု ဘဏ်,투자은행,0.0,0.27,False,False,50,역번역 유사도 낮음(0.00); 길이비 이상(0.27)
investment banking,vie_Latn,ngân hàng đầu tư,투자 은행,0.087,0.28,False,False,50,역번역 유사도 낮음(0.09); 길이비 이상(0.28)
investment banking,ind_Latn,perbankan investasi,투자 은행,0.087,0.28,False,False,50,역번역 유사도 낮음(0.09); 길이비 이상(0.28)
investment banking,tha_Thai,ธนาคารเพื่อการลงทุน,투자 은행,0.087,0.28,False,False,50,역번역 유사도 낮음(0.09); 길이비 이상(0.28)
investment banking,mya_Mymr,ရင်းနှီးမြှုပ်နှံမှု ဘဏ်လုပ်ငန်း,투자 은행업,0.083,0.33,False,False,50,역번역 유사도 낮음(0.08); 길이비 이상(0.33)
investment company,vie_Latn,công ty đầu tư,투자 회사,0.087,0.28,False,False,50,역번역 유사도 낮음(0.09); 길이비 이상(0.28)
investment company,ind_Latn,perusahaan investasi,투자 회사,0.087,0.28,False,False,50,역번역 유사도 낮음(0.09); 길이비 이상(0.28)
investment company,tha_Thai,บริษัทลงทุน,투자 회사,0.087,0.28,False,False,50,역번역 유사도 낮음(0.09); 길이비 이상(0.28)
kassenverein,tha_Thai,สมาคมประกันสุขภาพ,건강보험,0.0,0.33,False,False,50,역번역 유사도 낮음(0.00); 길이비 이상(0.33)
net credit or net debit position,vie_Latn,vị thế tín dụng ròng hoặc vị thế nợ ròng,순채권 또는 순채권,0.095,0.31,False,False,50,역번역 유사도 낮음(0.10); 길이비 이상(0.31)
open position,ind_Latn,lowongan pekerjaan,일자리,0.0,0.23,False,False,50,역번역 유사도 낮음(0.00); 길이비 이상(0.23)
pac-man strategy,vie_Latn,Chiến lược Pac-Man,팩맨 전략,0.095,0.31,False,False,50,역번역 유사도 낮음(0.10); 길이비 이상(0.31)
pac-man strategy,ind_Latn,strategi Pac-Man,팩맨 전략,0.095,0.31,False,False,50,역번역 유사도 낮음(0.10); 길이비 이상(0.31)
pac-man strategy,tha_Thai,กลยุทธ์ Pac-Man,팩맨 전략,0.095,0.31,False,False,50,역번역 유사도 낮음(0.10); 길이비 이상(0.31)
paper-based credit transfers,tha_Thai,การโอนหน่วยกิตแบบกระดาษ,종이용 키트 전송,0.108,0.32,False,False,50,역번역 유사도 낮음(0.11); 길이비 이상(0.32)
plus tick,vie_Latn,dấu cộng,더하기,0.0,0.33,False,False,50,역번역 유사도 낮음(0.00); 길이비 이상(0.33)
poison pill,ind_Latn,poison pill,독약,0.0,0.18,False,False,50,역번역 유사도 낮음(0.00); 길이비 이상(0.18)
position,vie_Latn,vị trí,위치,0.0,0.25,False,False,50,역번역 유사도 낮음(0.00); 길이비 이상(0.25)
position,ind_Latn,posisi,위치,0.0,0.25,False,False,50,역번역 유사도 낮음(0.00); 길이비 이상(0.25)
position,tha_Thai,ตำแหน่ง,위치,0.0,0.25,False,False,50,역번역 유사도 낮음(0.00); 길이비 이상(0.25)
position,mya_Mymr,နေရာ,장소,0.0,0.25,False,False,50,역번역 유사도 낮음(0.00); 길이비 이상(0.25)
pre-commitment approach,tha_Thai,วิธีการกำหนดล่วงหน้า,전제하는 방법,0.067,0.3,False,False,50,역번역 유사도 낮음(0.07); 길이비 이상(0.30)
pre-commitment approach,mya_Mymr,pre-commitment ချဉ်းကပ်မှု,전제적 접근법,0.067,0.3,False,False,50,역번역 유사도 낮음(0.07); 길이비 이상(0.30)
registar,ind_Latn,registar,등록,0.0,0.25,False,False,50,역번역 유사도 낮음(0.00); 길이비 이상(0.25)
registar,mya_Mymr,မှတ်ပုံတင်,등록,0.0,0.25,False,False,50,역번역 유사도 낮음(0.00); 길이비 이상(0.25)
reorganization,vie_Latn,tái cơ cấu,재구성,0.0,0.21,False,False,50,역번역 유사도 낮음(0.00); 길이비 이상(0.21)
reorganization,ind_Latn,reorganisasi,재구성,0.0,0.21,False,False,50,역번역 유사도 낮음(0.00); 길이비 이상(0.21)
reorganization,tha_Thai,การจัดโครงสร้างใหม่,재구성,0.0,0.21,False,False,50,역번역 유사도 낮음(0.00); 길이비 이상(0.21)
reorganization,mya_Mymr,ပြန်လည်ဖွဲ့စည်းခြင်း,재구성,0.0,0.21,False,False,50,역번역 유사도 낮음(0.00); 길이비 이상(0.21)
repo-to-maturity,vie_Latn,repo đến ngày đáo hạn,연산일까지,0.0,0.31,False,False,50,역번역 유사도 낮음(0.00); 길이비 이상(0.31)
segregation of securities,vie_Latn,phân loại chứng khoán,증권 분류,0.067,0.2,False,False,50,역번역 유사도 낮음(0.07); 길이비 이상(0.20)
segregation of securities,ind_Latn,pemisahan sekuritas,증권 분할,0.067,0.2,False,False,50,역번역 유사도 낮음(0.07); 길이비 이상(0.20)
segregation of securities,mya_Mymr,ငွေကြေးဆိုင်ရာ ခွဲခြားဆက်ဆံရေး,금전적 차별,0.065,0.24,False,False,50,역번역 유사도 낮음(0.06); 길이비 이상(0.24)
settlement,vie_Latn,thỏa thuận,협약,0.0,0.2,False,False,50,역번역 유사도 낮음(0.00); 길이비 이상(0.20)
settlement,ind_Latn,penyelesaian,해결,0.0,0.2,False,False,50,역번역 유사도 낮음(0.00); 길이비 이상(0.20)
settlement,tha_Thai,การตั้งถิ่นฐาน,위치,0.0,0.2,False,False,50,역번역 유사도 낮음(0.00); 길이비 이상(0.20)
settlement,mya_Mymr,settlement ကို,식민지,0.0,0.3,False,False,50,역번역 유사도 낮음(0.00); 길이비 이상(0.30)
snow balling,mya_Mymr,နှင်းဘောလုံး,눈구름,0.0,0.25,False,False,50,역번역 유사도 낮음(0.00); 길이비 이상(0.25)
stock power,ind_Latn,daya saham,주식력,0.0,0.27,False,False,50,역번역 유사도 낮음(0.00); 길이비 이상(0.27)
subparticipation,ind_Latn,subpartisipasi,하위 참여,0.0,0.31,False,False,50,역번역 유사도 낮음(0.00); 길이비 이상(0.31)
subparticipation,mya_Mymr,subparticipation ပါ၀င်မှု,부참가율,0.0,0.25,False,False,50,역번역 유사도 낮음(0.00); 길이비 이상(0.25)
suicide pill,vie_Latn,viên thuốc tự tử,자살약,0.0,0.25,False,False,50,역번역 유사도 낮음(0.00); 길이비 이상(0.25)
suicide pill,ind_Latn,pil bunuh diri,자살약,0.0,0.25,False,False,50,역번역 유사도 낮음(0.00); 길이비 이상(0.25)
suicide pill,tha_Thai,ยาฆ่าตัวตาย,자살약,0.0,0.25,False,False,50,역번역 유사도 낮음(0.00); 길이비 이상(0.25)
tick,vie_Latn,tick,틱,0.0,0.25,False,False,50,역번역 유사도 낮음(0.00); 길이비 이상(0.25)
tick,ind_Latn,tick,틱,0.0,0.25,False,False,50,역번역 유사도 낮음(0.00); 길이비 이상(0.25)
tick,tha_Thai,ติ๊ก,틱,0.0,0.25,False,False,50,역번역 유사도 낮음(0.00); 길이비 이상(0.25)
ticker tape,vie_Latn,băng tin,전신,0.0,0.18,False,False,50,역번역 유사도 낮음(0.00); 길이비 이상(0.18)
ticker tape,tha_Thai,เทปติ๊กเกอร์,테이퍼,0.0,0.27,False,False,50,역번역 유사도 낮음(0.00); 길이비 이상(0.27)
tranches,vie_Latn,các đợt,파동,0.0,0.25,False,False,50,역번역 유사도 낮음(0.00); 길이비 이상(0.25)
tranches,tha_Thai,ส่วน,부분,0.0,0.25,False,False,50,역번역 유사도 낮음(0.00); 길이비 이상(0.25)
two-sided comparison,ind_Latn,perbandingan dua sisi,양쪽의 비교,0.077,0.3,False,False,50,역번역 유사도 낮음(0.08); 길이비 이상(0.30)
two-sided comparison,mya_Mymr,နှစ်ဖက် နှိုင်းယှဉ်မှု,양방향 비교,0.077,0.3,False,False,50,역번역 유사도 낮음(0.08); 길이비 이상(0.30)
uptick,ind_Latn,kenaikan,상승,0.0,0.33,False,False,50,역번역 유사도 낮음(0.00); 길이비 이상(0.33)
uptick,mya_Mymr,uptick ကို,상승,0.0,0.33,False,False,50,역번역 유사도 낮음(0.00); 길이비 이상(0.33)
value date,vie_Latn,ngày giá trị,유효일,0.0,0.3,False,False,50,역번역 유사도 낮음(0.00); 길이비 이상(0.30)
가격제한폭,tha_Thai,ช่วงราคาสูงสุดและต่ำสุด,가장 높은 가격대와 가장 낮은 가격대,0.16,4.0,False,False,50,역번역 유사도 낮음(0.16); 길이비 이상(4.00)
가압류,tgl_Latn,Mga bituka,장,0.0,0.33,False,False,50,역번역 유사도 낮음(0.00); 길이비 이상(0.33)
간접공시,mya_Mymr,လျှို့ဝှက်ထုတ်လွှင့်မှုပါ။,이것은 비밀 전송입니다.,0.0,3.25,False,False,50,역번역 유사도 낮음(0.00); 길이비 이상(3.25)
간접모집,mya_Mymr,အဆက်မပြတ် စုဆောင်းခြင်း,계속 축적하고 있습니다.,0.0,3.25,False,False,50,역번역 유사도 낮음(0.00); 길이비 이상(3.25)
간접발행,tha_Thai,การออกหุ้นแบบไม่โดยตรง,직접적인 거래가 아닙니다.,0.111,3.5,False,False,50,역번역 유사도 낮음(0.11); 길이비 이상(3.50)
감자차익,tha_Thai,การเก็งกำไรจากความแตกต่างของราคาของมันฝรั่ง,그 가격의 차이에서 이익을 얻습니다.,0.167,5.0,False,False,50,역번역 유사도 낮음(0.17); 길이비 이상(5.00)
강세장,tha_Thai,ตลาดขาขึ้น,시장은 상승하고 있습니다.,0.118,4.67,False,False,50,역번역 유사도 낮음(0.12); 길이비 이상(4.67)
거래량회전율,mya_Mymr,ငွေလဲလှယ်နှုန်း,환율,0.25,0.33,False,False,50,역번역 유사도 낮음(0.25); 길이비 이상(0.33)
건설이자,tha_Thai,ความสนใจด้านก่อสร้าง,건축에 관심이 있습니다.,0.235,3.25,False,False,50,역번역 유사도 낮음(0.24); 길이비 이상(3.25)
결제전 예납,tha_Thai,การชำระเงินล่วงหน้าก่อนการชำระบัญชี,전금을 지불하기 전에 청구서를 지불합니다.,0.138,3.83,False,False,50,역번역 유사도 낮음(0.14); 길이비 이상(3.83)
경상수지,ind_Latn,Neraca Transaksi Berjalan,트랜잭션 계산이 시작됩니다.,0.0,3.75,False,False,50,역번역 유사도 낮음(0.00); 길이비 이상(3.75)
계약,tha_Thai,สัญญา,약속해,0.4,1.5,True,False,50,is_short(2글자 이하); 역번역 유사도 다소낮음(0.40)
고객예탁증권,ind_Latn,Surat Berharga yang Disimpan atas Nama Nasabah,고객들의 이름으로 보관된 귀중한 편지,0.154,3.33,False,False,50,역번역 유사도 낮음(0.15); 길이비 이상(3.33)
공모채,tha_Thai,การเสนอขายหุ้นต่อประชาชนทั่วไป,주식을 일반인에게 판매합니다.,0.0,5.33,False,False,50,역번역 유사도 낮음(0.00); 길이비 이상(5.33)
공시최고,mya_Mymr,အများသိဆုံးပါ။,가장 잘 알려져 있습니다.,0.0,3.5,False,False,50,역번역 유사도 낮음(0.00); 길이비 이상(3.50)
교차담보금제도,tgl_Latn,Ito'y isang sistema ng cross-credit insurance.,이것은 크로스 크레딧 보험 시스템입니다.,0.069,3.14,False,False,50,역번역 유사도 낮음(0.07); 길이비 이상(3.14)
교차헤징,tha_Thai,การป้องกันความเสี่ยงแบบข้าม,다른 종류의 위험을 방지하는 것입니다.,0.0,5.25,False,False,50,역번역 유사도 낮음(0.00); 길이비 이상(5.25)
교환사채,tha_Thai,พันธบัตรที่สามารถแลกเปลี่ยนได้,거래 가능한 채권입니다.,0.118,3.25,False,False,50,역번역 유사도 낮음(0.12); 길이비 이상(3.25)
구상권,tgl_Latn,Karapatang Mag-isip,생각할 수 있는 권리,0.143,3.67,False,False,50,역번역 유사도 낮음(0.14); 길이비 이상(3.67)
구주,tha_Thai,ผู้ช่วยให้รอด,구해줘요,0.333,2.0,True,False,50,is_short(2글자 이하); 역번역 유사도 다소낮음(0.33)
구주,mya_Mymr,ကယ်တင်ရှင်။,구원자!,0.333,2.0,True,False,50,is_short(2글자 이하); 역번역 유사도 다소낮음(0.33)
구주,tgl_Latn,Magligtas!,구해!,0.4,1.5,True,False,50,is_short(2글자 이하); 역번역 유사도 다소낮음(0.40)
권리락,ind_Latn,Kwon Ri-rak,Kwon Ri-rak,0.0,3.67,False,False,50,역번역 유사도 낮음(0.00); 길이비 이상(3.67)
권리락주가,tha_Thai,หุ้นที่ตัดเงินปันผลแล้ว,이산화탄소배출액을 줄이는 주식,0.095,3.2,False,False,50,역번역 유사도 낮음(0.10); 길이비 이상(3.20)
권리주,vie_Latn,Chú thích về quyền tác giả,저는 저작권을 좋아합니다.,0.118,4.67,False,False,50,역번역 유사도 낮음(0.12); 길이비 이상(4.67)
근저당,vie_Latn,Thế chấp bất động sản,부동산에도 불구하고,0.0,3.33,False,False,50,역번역 유사도 낮음(0.00); 길이비 이상(3.33)
근저당,ind_Latn,Hak gadai atas tanah,토지에 대한 보증금,0.0,3.33,False,False,50,역번역 유사도 낮음(0.00); 길이비 이상(3.33)
금고주,mya_Mymr,ပိတ်ပင်ထားတယ်။,금지되어 있습니다.,0.154,3.33,False,False,50,역번역 유사도 낮음(0.15); 길이비 이상(3.33)
금고주,tgl_Latn,Pag-iwas sa mga ito.,그들을 피하십시오.,0.0,3.33,False,False,50,역번역 유사도 낮음(0.00); 길이비 이상(3.33)
금융결제원,tha_Thai,สถาบันการเงิน โทรคมนาคม และการหักบัญชีของเกาหลี,"금융 기관, 통신, 그리고 한국의 은행 계좌",0.138,4.8,False,False,50,역번역 유사도 낮음(0.14); 길이비 이상(4.80)
금융리스,tgl_Latn,Hindi pinansyal.,금전적인 것이 아닙니다.,0.118,3.25,False,False,50,역번역 유사도 낮음(0.12); 길이비 이상(3.25)
금융쇼핑몰,tha_Thai,เว็บไซต์เปรียบเทียบบริการทางการเงิน,금융기관과 비교하는 웹사이트입니다.,0.167,3.8,False,False,50,역번역 유사도 낮음(0.17); 길이비 이상(3.80)
금융실명제,ind_Latn,Sistem Identitas Pemegang Rekening di Sektor Keuangan,금융분야의 계정 소유자 식별 시스템,0.167,3.8,False,False,50,역번역 유사도 낮음(0.17); 길이비 이상(3.80)
금융실명제,tha_Thai,ระบบการเงินที่ใช้ชื่อจริง,실제 이름의 금융 시스템입니다.,0.182,3.4,False,False,50,역번역 유사도 낮음(0.18); 길이비 이상(3.40)
기간물 repo,tgl_Latn,Ang panahon repo,기,0.222,0.12,False,False,50,역번역 유사도 낮음(0.22); 길이비 이상(0.12)
기관결제제도,mya_Mymr,ကိုယ်အင်္ဂါဆိုင်ရာ ဆုံးဖြတ်ချက် ချမှတ်ရေး စနစ်ပါ။,이것은 신체적 의사결정 시스템입니다.,0.077,3.33,False,False,50,역번역 유사도 낮음(0.08); 길이비 이상(3.33)
단순보관연계,tha_Thai,ระบบเชื่อมต่อสำหรับการจัดเก็บแบบเรียบง่าย,간편하게 저장할 수 있는 연결 시스템,0.077,3.33,False,False,50,역번역 유사도 낮음(0.08); 길이비 이상(3.33)
단주,mya_Mymr,တစ်ပတ်။,1주일.,0.333,2.0,True,False,50,is_short(2글자 이하); 역번역 유사도 다소낮음(0.33)
단주,tgl_Latn,Isang Linggo,1주일,0.4,1.5,True,False,50,is_short(2글자 이하); 역번역 유사도 다소낮음(0.40)
당좌대월,vie_Latn,Vay vượt hạn mức tài khoản vãng lai,부채가 회계수준을 넘어서면,0.0,3.5,False,False,50,역번역 유사도 낮음(0.00); 길이비 이상(3.50)
당좌차월,vie_Latn,Vay qua kỳ hạn tài khoản vãng lai,이산화탄소 (이산화탄소),0.0,3.25,False,False,50,역번역 유사도 낮음(0.00); 길이비 이상(3.25)
대량매매,mya_Mymr,အရောင်းအဝယ် အများအပြား,많은 거래가 있었습니다.,0.0,3.25,False,False,50,역번역 유사도 낮음(0.00); 길이비 이상(3.25)
대주,vie_Latn,Cổ đông lớn,큰 주식,0.333,2.0,True,False,50,is_short(2글자 이하); 역번역 유사도 다소낮음(0.33)
매매보고서,mya_Mymr,အရောင်းအဝယ်ကို ကြည့်နေတာပါ။,우리는 거래를 보고 있습니다.,0.19,3.2,False,False,50,역번역 유사도 낮음(0.19); 길이비 이상(3.20)
매출,tha_Thai,มูลค่าการขาย,판매가치,0.333,2.0,True,False,50,is_short(2글자 이하); 역번역 유사도 다소낮음(0.33)
무배주,tha_Thai,โซจูไม่มีแอลกอฮอล์,소조는 알코올이 없어요,0.0,4.0,False,False,50,역번역 유사도 낮음(0.00); 길이비 이상(4.00)
무보증사채,vie_Latn,Trái phiếu không có bảo đảm,유가증권은 보장되지 않습니다.,0.095,3.2,False,False,50,역번역 유사도 낮음(0.10); 길이비 이상(3.20)
무상증자,ind_Latn,Penambahan modal tanpa imbalan,대가 없이 자본을 증축하는 것,0.1,4.0,False,False,50,역번역 유사도 낮음(0.10); 길이비 이상(4.00)
무상증자,mya_Mymr,ဆုမရတဲ့ သက်သေ။,수상 경력이 없는 증인입니다.,0.2,4.0,False,False,50,역번역 유사도 낮음(0.20); 길이비 이상(4.00)
무의결권주,mya_Mymr,မဆုံးဖြတ်နိုင်သူပါ။,저는 의사결정을 하지 못합니다.,0.182,3.4,False,False,50,역번역 유사도 낮음(0.18); 길이비 이상(3.40)
발기설립,mya_Mymr,ရုတ်တရက် ရုတ်တရက် ရုတ်တရက်,"갑자기, 갑자기, 갑자기.",0.111,3.5,False,False,50,역번역 유사도 낮음(0.11); 길이비 이상(3.50)
배당락,tha_Thai,วันที่ตัดสิทธิ์รับเงินปันผล,배당금을 받을 수 없는 날입니다.,0.19,6.0,False,False,50,역번역 유사도 낮음(0.19); 길이비 이상(6.00)
배당소득세,tha_Thai,ภาษีเงินได้จากเงินปันผล,세금은 수익금으로 이루어집니다.,0.091,3.4,False,False,50,역번역 유사도 낮음(0.09); 길이비 이상(3.40)
배서,ind_Latn,Penandatangan,서명자,0.4,1.5,True,False,50,is_short(2글자 이하); 역번역 유사도 다소낮음(0.40)
백워데이션,tha_Thai,ภาวะราคาล่วงหน้าต่ำกว่าราคาปัจจุบัน,현재 가격보다 낮은 전면 가격입니다.,0.0,4.0,False,False,50,역번역 유사도 낮음(0.00); 길이비 이상(4.00)
법정담보물권,tha_Thai,สิทธิการประกันตามกฎหมาย,법적으로 보장받을 권리가 있습니다.,0.24,3.17,False,False,50,역번역 유사도 낮음(0.24); 길이비 이상(3.17)
부동주,mya_Mymr,မျောလွင့်နေတာပါ။,떠다니고 있습니다.,0.0,3.33,False,False,50,역번역 유사도 낮음(0.00); 길이비 이상(3.33)
부실채권,tha_Thai,สินเชื่อที่ไม่ก่อให้เกิดรายได้,수익을 창출하지 않는 믿음입니다.,0.0,4.5,False,False,50,역번역 유사도 낮음(0.00); 길이비 이상(4.50)
부실채권 정리기금,tha_Thai,กองทุนแก้ไขปัญหาสินเชื่อที่ไม่ก่อให้เกิดรายได้,이 기금은 수익을 창출하지 않는 대출 문제를 해결합니다.,0.15,3.44,False,False,50,역번역 유사도 낮음(0.15); 길이비 이상(3.44)
분리과세,tha_Thai,การเก็บภาษีแบบแยกต่างหาก,이것은 세금을 분리하는 방식입니다.,0.174,4.75,False,False,50,역번역 유사도 낮음(0.17); 길이비 이상(4.75)
불독채,tgl_Latn,Hindi marunong bumasa.,읽고 쓸 줄 몰랐습니다.,0.0,4.33,False,False,50,역번역 유사도 낮음(0.00); 길이비 이상(4.33)
불릿채,tgl_Latn,Ang mga ito ay walang laman.,그들은 아무것도 없습니다.,0.0,4.67,False,False,50,역번역 유사도 낮음(0.00); 길이비 이상(4.67)
비가격경쟁,tha_Thai,การแข่งขันที่ไม่เกี่ยวข้องกับราคา,경쟁은 가격과 관련이 없습니다.,0.182,3.4,False,False,50,역번역 유사도 낮음(0.18); 길이비 이상(3.40)
비통화금융기관,tha_Thai,สถาบันการเงินที่ไม่ใช้เงินเป็นสื่อกลาง,금융 기관은 돈을 매개체로 사용하지 않습니다.,0.25,3.57,False,False,50,역번역 유사도 낮음(0.25); 길이비 이상(3.57)
사내유보,vie_Latn,Lợi nhuận giữ lại trong công ty,이윤은 회사에서 유지됩니다.,0.211,3.75,False,False,50,역번역 유사도 낮음(0.21); 길이비 이상(3.75)
사모펀드,mya_Mymr,SAMOFOND ပါ။,이건 SAMOFOND입니다.,0.0,3.75,False,False,50,역번역 유사도 낮음(0.00); 길이비 이상(3.75)
사채원부,tha_Thai,ทะเบียนเงินกู้ส่วนตัว,개인 대출을 신청합니다.,0.0,3.25,False,False,50,역번역 유사도 낮음(0.00); 길이비 이상(3.25)
상호주,mya_Mymr,အပြန်အလှန် ပိုင်ရှင်။,공동 소유자입니다.,0.0,3.33,False,False,50,역번역 유사도 낮음(0.00); 길이비 이상(3.33)
상환주,ind_Latn,Saham yang dapat ditebus,회수할 수 있는 주식,0.143,3.67,False,False,50,역번역 유사도 낮음(0.14); 길이비 이상(3.67)
선물거래,mya_Mymr,လက်ဆောင်တွေ လဲလှယ်တယ်။,그들은 선물을 주고받습니다.,0.211,3.75,False,False,50,역번역 유사도 낮음(0.21); 길이비 이상(3.75)
선물환,tha_Thai,สัญญาซื้อขายเงินตราต่างประเทศล่วงหน้า,외환 거래 계약은 앞당겨집니다.,0.1,5.67,False,False,50,역번역 유사도 낮음(0.10); 길이비 이상(5.67)
선물환,mya_Mymr,လက်ဆောင်တွေ ပြန်ပေးတယ်။,저는 선물을 돌려주었습니다.,0.222,5.0,False,False,50,역번역 유사도 낮음(0.22); 길이비 이상(5.00)
선의취득,tha_Thai,การซื้อด้วยเจตนาดี,좋은 의도로 구매하는 것,0.118,3.25,False,False,50,역번역 유사도 낮음(0.12); 길이비 이상(3.25)
선의취득,mya_Mymr,အကောင်းမြင်မှု ရယူခြင်း,낙관적인 태도를 가지세요.,0.0,3.5,False,False,50,역번역 유사도 낮음(0.00); 길이비 이상(3.50)
성장주,tha_Thai,หุ้นเติบโต,주가가 증가했습니다.,0.143,3.67,False,False,50,역번역 유사도 낮음(0.14); 길이비 이상(3.67)
송금한도,tgl_Latn,Mag-transfer ka pa rin.,당신은 여전히 전송을 할 것입니다.,0.087,4.75,False,False,50,역번역 유사도 낮음(0.09); 길이비 이상(4.75)
수의상환사채,vie_Latn,Trái phiếu có thể chuyển đổi thành cổ phiếu,채권은 주식으로 전환될 수 있습니다.,0.077,3.33,False,False,50,역번역 유사도 낮음(0.08); 길이비 이상(3.33)
수익자,mya_Mymr,ဝင်ငွေရှာသူ။,돈을 버는 사람입니다.,0.0,4.0,False,False,50,역번역 유사도 낮음(0.00); 길이비 이상(4.00)
수취인,tgl_Latn,Ang mga ito ay mga tao.,이 사람들은 사람들입니다.,0.0,4.67,False,False,50,역번역 유사도 낮음(0.00); 길이비 이상(4.67)
수탁회사,mya_Mymr,လက်ဝယ်ကုမ္ပဏီပါ။,이것은 거래 회사입니다.,0.235,3.25,False,False,50,역번역 유사도 낮음(0.24); 길이비 이상(3.25)
스트립,vie_Latn,Dải,띠,0.0,0.33,False,False,50,역번역 유사도 낮음(0.00); 길이비 이상(0.33)
시가발행제도,mya_Mymr,စျေးကွက်ကို မောင်းနှင်တဲ့ စနစ်ပါ။,이것이 시장을 움직이는 시스템입니다.,0.077,3.33,False,False,50,역번역 유사도 낮음(0.08); 길이비 이상(3.33)
신주인수권,vie_Latn,Quyền mua cổ phiếu mới,새로운 주식을 구매할 수 있는 권한,0.25,3.8,False,False,50,역번역 유사도 낮음(0.25); 길이비 이상(3.80)
신주인수권,ind_Latn,Hak untuk membeli saham baru,새로운 주식을 구매할 수 있는 권리,0.25,3.8,False,False,50,역번역 유사도 낮음(0.25); 길이비 이상(3.80)
신탁,vie_Latn,Quỹ ủy thác,위탁기금,0.333,2.0,True,False,50,is_short(2글자 이하); 역번역 유사도 다소낮음(0.33)
신탁회사,mya_Mymr,ယုံကြည်မှု ကုမ္ပဏီပါ။,우리는 신뢰 기업입니다.,0.118,3.25,False,False,50,역번역 유사도 낮음(0.12); 길이비 이상(3.25)
실권주,vie_Latn,Cổ phiếu không có quyền biểu quyết,주식에는 투표권이 없습니다.,0.111,5.0,False,False,50,역번역 유사도 낮음(0.11); 길이비 이상(5.00)
실권주,tha_Thai,หุ้นไม่มีสิทธิลงเสียง,주식은 투표권이 없습니다.,0.118,4.67,False,False,50,역번역 유사도 낮음(0.12); 길이비 이상(4.67)
실기주,ind_Latn,Saham yang diperdagangkan secara aktif,활발하게 거래되는 주식,0.133,4.0,False,False,50,역번역 유사도 낮음(0.13); 길이비 이상(4.00)
실물결제,tha_Thai,จ่ายเมื่อรับสินค้า,물품 받을 때 지불합니다.,0.111,3.5,False,False,50,역번역 유사도 낮음(0.11); 길이비 이상(3.50)
실적배당신탁,tha_Thai,กองทุนปันผลตามผลการดำเนินงาน,이 기금은 운영 결과에 따라 배분됩니다.,0.071,3.67,False,False,50,역번역 유사도 낮음(0.07); 길이비 이상(3.67)
쌍방연계방식,mya_Mymr,နှစ်ဖက်ဆက်သွယ်မှု ပုံစံပါ။,이것은 양방향 커뮤니케이션 모델입니다.,0.074,3.5,False,False,50,역번역 유사도 낮음(0.07); 길이비 이상(3.50)
써클결제,tha_Thai,Circle Payments,Circle Payments,0.0,3.75,False,False,50,역번역 유사도 낮음(0.00); 길이비 이상(3.75)
액면발행,tha_Thai,ออกหุ้นตามราคาหน้า,앞으로의 가격에 매입하세요,0.0,3.5,False,False,50,역번역 유사도 낮음(0.00); 길이비 이상(3.50)
역금리,mya_Mymr,ဆန့်ကျင်ဘက် အတားအဆီးပါ။,반대편의 장벽입니다.,0.0,3.67,False,False,50,역번역 유사도 낮음(0.00); 길이비 이상(3.67)
역분식결산,ind_Latn,Penyusunan Laporan Keuangan Terbalik,재무 보고서를 뒤집어 작성하는 방법,0.0,3.8,False,False,50,역번역 유사도 낮음(0.00); 길이비 이상(3.80)
역외시장,tha_Thai,ตลาดนอกชายฝั่ง,해안에서 물고기를 잡습니다.,0.0,3.75,False,False,50,역번역 유사도 낮음(0.00); 길이비 이상(3.75)
영구사채,tha_Thai,พันธบัตรไม่มีวันครบกำหนด,계약서는 만료되지 않습니다.,0.0,3.75,False,False,50,역번역 유사도 낮음(0.00); 길이비 이상(3.75)
영시조항,tha_Thai,ข้อกำหนดเกี่ยวกับภาษาอังกฤษ,영어에 대한 규정입니다.,0.118,3.25,False,False,50,역번역 유사도 낮음(0.12); 길이비 이상(3.25)
옵션부사채,vie_Latn,Trái phiếu có quyền chọn,채권은 선택권을 가지고 있습니다.,0.087,3.6,False,False,50,역번역 유사도 낮음(0.09); 길이비 이상(3.60)
외평채,tha_Thai,พันธบัตรเพื่อรักษาเสถียรภาพอัตราแลกเปลี่ยน,환율을 유지하기 위한 채권입니다.,0.095,6.0,False,False,50,역번역 유사도 낮음(0.10); 길이비 이상(6.00)
우선주,mya_Mymr,ဦးစားပေးပါ။,우선순위를 정하세요.,0.286,3.67,False,False,50,역번역 유사도 낮음(0.29); 길이비 이상(3.67)
원천과세,tha_Thai,ภาษีหัก ณ ที่จ่าย,세금을 지불해야 합니다.,0.118,3.25,False,False,50,역번역 유사도 낮음(0.12); 길이비 이상(3.25)
위임장,tha_Thai,หนังสือมอบอำนาจ,이 책은 우리에게 힘을 줍니다.,0.0,5.67,False,False,50,역번역 유사도 낮음(0.00); 길이비 이상(5.67)
위임장,mya_Mymr,တာဝန်ရှိသူ။,책임감 있는 사람입니다.,0.125,4.33,False,False,50,역번역 유사도 낮음(0.12); 길이비 이상(4.33)
위탁자,mya_Mymr,တာဝန်ရှိသူ။,책임감 있는 사람입니다.,0.0,4.33,False,False,50,역번역 유사도 낮음(0.00); 길이비 이상(4.33)
유상증자,vie_Latn,Phát hành cổ phiếu ra công chúng để huy động vốn,자본을 모금하기 위해 주식을 공개합니다.,0.077,5.5,False,False,50,역번역 유사도 낮음(0.08); 길이비 이상(5.50)
유상증자,ind_Latn,Penambahan modal melalui penerbitan saham baru,새로운 주식 발행을 통한 자본 증대,0.087,4.75,False,False,50,역번역 유사도 낮음(0.09); 길이비 이상(4.75)
유지청구권,ind_Latn,Hak untuk menuntut pemeliharaan,양육권을 청구할 수 있는 권리,0.286,3.2,False,False,50,역번역 유사도 낮음(0.29); 길이비 이상(3.20)
유지청구권,tha_Thai,สิทธิในการเรียกร้องค่าเลี้ยงดู,양육비를 청구할 권리가 있습니다.,0.261,3.6,False,False,50,역번역 유사도 낮음(0.26); 길이비 이상(3.60)
유치권,vie_Latn,Quyền giữ lại tài sản,재산을 보유할 수 있는 권리,0.222,5.0,False,False,50,역번역 유사도 낮음(0.22); 길이비 이상(5.00)
의결권주,vie_Latn,Cổ phiếu có quyền biểu quyết,주식에는 투표권이 있습니다.,0.105,3.75,False,False,50,역번역 유사도 낮음(0.11); 길이비 이상(3.75)
의제배당,tha_Thai,การแจกจ่ายระเบียบวาระการประชุม,회의를 진행할 예정입니다.,0.111,3.5,False,False,50,역번역 유사도 낮음(0.11); 길이비 이상(3.50)
의제예탁,vie_Latn,Gửi chứng khoán vào tài khoản ký quỹ,보증금으로 증권을 송금합니다.,0.0,4.0,False,False,50,역번역 유사도 낮음(0.00); 길이비 이상(4.00)
이체한도,tgl_Latn,Kahit na may iba't ibang anyo,다양한 형태에도 불구하고,0.235,3.25,False,False,50,역번역 유사도 낮음(0.24); 길이비 이상(3.25)
이표채,vie_Latn,Lee Pyo-chae,Lee Pyo-chae,0.0,4.0,False,False,50,역번역 유사도 낮음(0.00); 길이비 이상(4.00)
이표채,ind_Latn,Lee Pyo-chae,Lee Pyo-chae,0.0,4.0,False,False,50,역번역 유사도 낮음(0.00); 길이비 이상(4.00)
인수단,tha_Thai,ทีมการเข้าซื้อกิจการ,인수팀이 움직이고 있습니다.,0.222,5.0,False,False,50,역번역 유사도 낮음(0.22); 길이비 이상(5.00)
임의준비금,tha_Thai,ทุนสำรองตามดุลยพินิจ,부양자금은 두 배로 계산됩니다.,0.091,3.4,False,False,50,역번역 유사도 낮음(0.09); 길이비 이상(3.40)
임치,ind_Latn,Penitipan,유치원,0.4,1.5,True,False,50,is_short(2글자 이하); 역번역 유사도 다소낮음(0.40)
자기매매,mya_Mymr,ကိုယ့်ကိုကိုယ် ရောင်းတာပါ။,우리는 우리 자신을 팔고 있습니다.,0.087,4.75,False,False,50,역번역 유사도 낮음(0.09); 길이비 이상(4.75)
자사주 취득,tha_Thai,การซื้อหุ้นของบริษัทเอง,회사 주식을 직접 구매하는 겁니다.,0.24,3.17,False,False,50,역번역 유사도 낮음(0.24); 길이비 이상(3.17)
장기채,mya_Mymr,ရေရှည် ချေးငွေပါ။,장기적인 대출입니다.,0.286,3.67,False,False,50,역번역 유사도 낮음(0.29); 길이비 이상(3.67)
재담보,tha_Thai,มาตรการรักษาความปลอดภัยเพิ่มเติม,추가적인 보안 조치,0.154,3.33,False,False,50,역번역 유사도 낮음(0.15); 길이비 이상(3.33)
재담보,mya_Mymr,ပြန်ပြောပါရစေ။,다시 말씀드리겠습니다.,0.0,4.0,False,False,50,역번역 유사도 낮음(0.00); 길이비 이상(4.00)
재담보,tgl_Latn,Mag-usap muli.,다시 얘기해보세요.,0.154,3.33,False,False,50,역번역 유사도 낮음(0.15); 길이비 이상(3.33)
적격증권,tha_Thai,หลักทรัพย์ที่ตรงตามเงื่อนไข,조건에 맞는 자산입니다.,0.0,3.25,False,False,50,역번역 유사도 낮음(0.00); 길이비 이상(3.25)
전환사채,tha_Thai,พันธบัตรแปลงสภาพ,이 증권은 상황을 변화시킵니다.,0.0,4.25,False,False,50,역번역 유사도 낮음(0.00); 길이비 이상(4.25)
전환청구권,tha_Thai,สิทธิในการแปลงสภาพ,상황을 바꿀 권리가 있습니다.,0.095,3.2,False,False,50,역번역 유사도 낮음(0.10); 길이비 이상(3.20)
점유,tgl_Latn,Pag-aari,소유물,0.4,1.5,True,False,50,is_short(2글자 이하); 역번역 유사도 다소낮음(0.40)
정시상환,mya_Mymr,အချိန်ကိုက် အခြေအနေပါ။,이것은 실시간 상황입니다.,0.222,3.5,False,False,50,역번역 유사도 낮음(0.22); 길이비 이상(3.50)
정크본드,tgl_Latn,Ang Junk Bond.,Junk Bond 입니다.,0.0,3.5,False,False,50,역번역 유사도 낮음(0.00); 길이비 이상(3.50)
종업원지주제도,mya_Mymr,အလုပ်သမား ထောက်ပံ့မှု စနစ်လည်း ရှိတယ်။,우리는 노동자 지원 시스템을 가지고 있습니다.,0.125,3.57,False,False,50,역번역 유사도 낮음(0.12); 길이비 이상(3.57)
주권,mya_Mymr,အာဏာပိုင်မှု,권력은,0.4,1.5,True,False,50,is_short(2글자 이하); 역번역 유사도 다소낮음(0.40)
증권거래세,tgl_Latn,Ito ay sa stock market.,이것은 주식 시장에 있습니다.,0.0,3.2,False,False,50,역번역 유사도 낮음(0.00); 길이비 이상(3.20)
증권선물위원회,tha_Thai,คณะกรรมการกำกับดูแลหลักทรัพย์และสัญญาซื้อขายล่วงหน้า,이 위원회는 증권거래협약에 관한 위원회입니다.,0.188,3.57,False,False,50,역번역 유사도 낮음(0.19); 길이비 이상(3.57)
증자,mya_Mymr,သက်သေတွေ။,증인들.,0.333,2.0,True,False,50,is_short(2글자 이하); 역번역 유사도 다소낮음(0.33)
증자,tgl_Latn,Mga saksi,증인들,0.4,1.5,True,False,50,is_short(2글자 이하); 역번역 유사도 다소낮음(0.40)
지분권,tha_Thai,ส่วนได้ส่วนเสียในทุน,자본의 손익분기입니다.,0.133,4.0,False,False,50,역번역 유사도 낮음(0.13); 길이비 이상(4.00)
지분법,tha_Thai,วิธีส่วนทุน,어떻게 투자할까요?,0.0,3.33,False,False,50,역번역 유사도 낮음(0.00); 길이비 이상(3.33)
지수법,tha_Thai,วิธีเลขชี้กำลัง,어떻게 숫자가 지표가 되고,0.118,4.67,False,False,50,역번역 유사도 낮음(0.12); 길이비 이상(4.67)
직상장,mya_Mymr,တိုက်ရိုက် နေရာပါ။,직접적인 공간입니다.,0.143,3.67,False,False,50,역번역 유사도 낮음(0.14); 길이비 이상(3.67)
직접청약,tgl_Latn,Ito ay isang direktang paggamot.,이것은 직접적인 치료입니다.,0.211,3.75,False,False,50,역번역 유사도 낮음(0.21); 길이비 이상(3.75)
질권,vie_Latn,Quyền cầm cố,집권권,0.4,1.5,True,False,50,is_short(2글자 이하); 역번역 유사도 다소낮음(0.40)
질권,ind_Latn,Hak gadai,담보권,0.4,1.5,True,False,50,is_short(2글자 이하); 역번역 유사도 다소낮음(0.40)
집중결제,mya_Mymr,အာရုံစိုက်မှု ဖြေရှင်းနည်း,주의를 기울여야 합니다.,0.0,3.25,False,False,50,역번역 유사도 낮음(0.00); 길이비 이상(3.25)
차감결제,tha_Thai,การชำระเงินโดยการหักจากเงินเดือน,월급을 빼서 지불합니다.,0.0,3.25,False,False,50,역번역 유사도 낮음(0.00); 길이비 이상(3.25)
차등배당,vie_Latn,Chia cổ tức theo tỷ lệ khác nhau,이윤을 다른 비율로 분배합니다,0.1,4.0,False,False,50,역번역 유사도 낮음(0.10); 길이비 이상(4.00)
차등배당,tha_Thai,เงินปันผลแบบต่างกัน,다른 종류의 배당입니다.,0.235,3.25,False,False,50,역번역 유사도 낮음(0.24); 길이비 이상(3.25)
차등배당,mya_Mymr,အနည်းဆုံး စားသုံးသူပါ။,적어도 우리는 소비자입니다.,0.0,3.75,False,False,50,역번역 유사도 낮음(0.00); 길이비 이상(3.75)
차익거래,tha_Thai,การเก็งกำไรจากความแตกต่างของราคา,가격의 차이로 수익을 창출하는 것입니다.,0.154,5.5,False,False,50,역번역 유사도 낮음(0.15); 길이비 이상(5.50)
차입매수,tha_Thai,การซื้อกิจการด้วยเงินกู้,대출을 통해 사업을 구매합니다.,0.095,4.25,False,False,50,역번역 유사도 낮음(0.10); 길이비 이상(4.25)
창업비,tha_Thai,ค่าใช้จ่ายเริ่มต้น,비용이 시작됩니다.,0.154,3.33,False,False,50,역번역 유사도 낮음(0.15); 길이비 이상(3.33)
총유,mya_Mymr,သေနတ်ဆီ။,총으로!,0.333,2.0,True,False,50,is_short(2글자 이하); 역번역 유사도 다소낮음(0.33)
총유,tgl_Latn,Ang gasolina ng baril,총 연료,0.333,2.0,True,False,50,is_short(2글자 이하); 역번역 유사도 다소낮음(0.33)
최적규모,tha_Thai,ขนาดที่เหมาะสมที่สุด,가장 적합한 크기입니다.,0.118,3.25,False,False,50,역번역 유사도 낮음(0.12); 길이비 이상(3.25)
출자인수권,tha_Thai,สิทธิในการสมัครสมาชิก,회원을 신청할 권리가 있습니다.,0.091,3.4,False,False,50,역번역 유사도 낮음(0.09); 길이비 이상(3.40)
출자전환,vie_Latn,Chuyển đổi nợ thành vốn góp,부채를 기금으로 바꾸는 것,0.0,3.5,False,False,50,역번역 유사도 낮음(0.00); 길이비 이상(3.50)
출자전환,ind_Latn,Konversi utang menjadi ekuitas,부채를 주식으로 전환합니다,0.222,3.5,False,False,50,역번역 유사도 낮음(0.22); 길이비 이상(3.50)
출자전환,tha_Thai,การแลกเปลี่ยนหนี้เป็นทุน,부채를 자본으로 교환합니다.,0.211,3.75,False,False,50,역번역 유사도 낮음(0.21); 길이비 이상(3.75)
텀론,tha_Thai,เทอร์มลอน,테르멜론,0.333,2.0,True,False,50,is_short(2글자 이하); 역번역 유사도 다소낮음(0.33)
통정매매,tha_Thai,การซื้อขายแบบสมรู้ร่วมคิด,의식적인 구매를 합니다.,0.118,3.25,False,False,50,역번역 유사도 낮음(0.12); 길이비 이상(3.25)
통합결제,tha_Thai,ระบบการชำระเงินแบบบูรณาการ,완전 결제 시스템입니다.,0.235,3.25,False,False,50,역번역 유사도 낮음(0.24); 길이비 이상(3.25)
통화안정증권,tha_Thai,พันธบัตรเพื่อรักษาเสถียรภาพของค่าเงิน,금전적 가치를 유지하기 위한 채권입니다.,0.071,3.67,False,False,50,역번역 유사도 낮음(0.07); 길이비 이상(3.67)
폐기증권,ind_Latn,Surat berharga yang telah ditarik,유가증권은 철수되었습니다,0.235,3.25,False,False,50,역번역 유사도 낮음(0.24); 길이비 이상(3.25)
할인채,mya_Mymr,လျှော့စျေးပါ။,저렴한 가격입니다.,0.0,3.33,False,False,50,역번역 유사도 낮음(0.00); 길이비 이상(3.33)
합유,vie_Latn,Hap-yu,하프유,0.4,1.5,True,False,50,is_short(2글자 이하); 역번역 유사도 다소낮음(0.40)
현물출자,tha_Thai,การบริจาคด้วยสิ่งของ,재물을 기부하는 것입니다.,0.111,3.5,False,False,50,역번역 유사도 낮음(0.11); 길이비 이상(3.50)
현지보관기관,tha_Thai,สถาบันรับฝากเงินท้องถิ่น,이 기관은 지역 기금을 받고 있습니다.,0.148,3.5,False,False,50,역번역 유사도 낮음(0.15); 길이비 이상(3.50)
환노출,tha_Thai,การสัมผัสกับควัน,연기와 접촉하는 것,0.0,3.33,False,False,50,역번역 유사도 낮음(0.00); 길이비 이상(3.33)
환전,vie_Latn,Đổi tiền,돈 교환,0.333,2.0,True,False,50,is_short(2글자 이하); 역번역 유사도 다소낮음(0.33)
환취권,mya_Mymr,အသက်ရှူခွင့်။,숨을 쉴 수 있습니다.,0.0,4.0,False,False,50,역번역 유사도 낮음(0.00); 길이비 이상(4.00)
ASIFMA,ind_Latn,ASIFMA,아시프마,0.0,0.67,False,False,40,역번역 유사도 낮음(0.00)
ASIFMA,tha_Thai,ASIFMA,아시프마,0.0,0.67,False,False,40,역번역 유사도 낮음(0.00)
AUSTRACLEAR,vie_Latn,AUSTRACLEAR,아우스트라클레어,0.0,0.73,False,False,40,역번역 유사도 낮음(0.00)
AUSTRACLEAR,ind_Latn,AUSTRACLEAR,아우스트라클레어,0.0,0.73,False,False,40,역번역 유사도 낮음(0.00)
AUSTRACLEAR,tha_Thai,AUSTRACLEAR,오스트라클레어,0.0,0.64,False,False,40,역번역 유사도 낮음(0.00)
AUSTRACLEAR,mya_Mymr,AUSTRACLEAR ဆိုရင်,아우스트라클레어는,0.0,0.82,False,False,40,역번역 유사도 낮음(0.00)
Affirmation,mya_Mymr,အတည်ပြုချက်,확인합니다.,0.0,0.55,False,False,40,역번역 유사도 낮음(0.00)
BLUE SKY LAW,vie_Latn,BLUE SKY LAW,블루 스카이 법,0.2,0.67,False,False,40,역번역 유사도 낮음(0.20)
BLUE SKY LAW,ind_Latn,BLUE SKY LAW,블루 스카이 법,0.2,0.67,False,False,40,역번역 유사도 낮음(0.20)
BLUE SKY LAW,tha_Thai,บลู สกาย ลอว์,블루 스카이 로우,0.19,0.75,False,False,40,역번역 유사도 낮음(0.19)
BLUE SKY LAW,mya_Mymr,အပြာရောင် ကောင်းကင် ဥပဒေ,파란 하늘의 법칙,0.19,0.75,False,False,40,역번역 유사도 낮음(0.19)
Bachmann Report,vie_Latn,Báo cáo Bachmann,바흐만 보고서,0.091,0.47,False,False,40,역번역 유사도 낮음(0.09)
Bachmann Report,ind_Latn,Laporan Bachmann,바흐만 보고서,0.091,0.47,False,False,40,역번역 유사도 낮음(0.09)
Bachmann Report,tha_Thai,รายงานบาคแมนน์,백맨 보고서,0.095,0.4,False,False,40,역번역 유사도 낮음(0.10)
Bachmann Report,mya_Mymr,Bachmann အစီရင်ခံစာ,바흐만 보고서,0.091,0.47,False,False,40,역번역 유사도 낮음(0.09)
CAMEL,tha_Thai,CAMEL,캄엘,0.0,0.4,False,False,40,역번역 유사도 낮음(0.00)
CAMEL,mya_Mymr,CAMEL,낙타,0.0,0.4,False,False,40,역번역 유사도 낮음(0.00)
CFO,mya_Mymr,ငွေရေးကြေးရေး အကြီးအကဲ။,재무장관입니다.,0.0,2.67,False,False,40,역번역 유사도 낮음(0.00)
CHESS,vie_Latn,CỜ VUA,맙소사,0.0,0.6,False,False,40,역번역 유사도 낮음(0.00)
CHESS,ind_Latn,Catur,체스,0.0,0.4,False,False,40,역번역 유사도 낮음(0.00)
CHESS,tha_Thai,หมากรุก,체스,0.0,0.4,False,False,40,역번역 유사도 낮음(0.00)
CHESS,mya_Mymr,စစ်တုရင်,체스.,0.0,0.6,False,False,40,역번역 유사도 낮음(0.00)
CHIPS,mya_Mymr,CHIPS ကို,"자, 자, 자, 자.",0.0,2.2,False,False,40,역번역 유사도 낮음(0.00)
CREST,ind_Latn,CREST,크레스트,0.0,0.8,False,False,40,역번역 유사도 낮음(0.00)
CREST,tha_Thai,CREST,크레스트,0.0,0.8,False,False,40,역번역 유사도 낮음(0.00)
Due bill,vie_Latn,Hóa đơn đến hạn thanh toán,청구서 결제 기간,0.118,1.12,False,False,40,역번역 유사도 낮음(0.12)
Due bill,ind_Latn,Tagihan yang jatuh tempo,적립된 청구서,0.133,0.88,False,False,40,역번역 유사도 낮음(0.13)
Due bill,tha_Thai,ใบแจ้งหนี้,신용증명서,0.0,0.62,False,False,40,역번역 유사도 낮음(0.00)
E-TRADE,ind_Latn,E-TRADE,전자상거래,0.0,0.71,False,False,40,역번역 유사도 낮음(0.00)
E-TRADE,tha_Thai,E-TRADE,전자상거래,0.0,0.71,False,False,40,역번역 유사도 낮음(0.00)
E-TRADE,mya_Mymr,E-TRADE,전자 상거래,0.0,0.86,False,False,40,역번역 유사도 낮음(0.00)
EURIBOR,vie_Latn,EURIBOR,유리보,0.0,0.43,False,False,40,역번역 유사도 낮음(0.00)
EURIBOR,mya_Mymr,EURIBOR ကို,유리보르는,0.0,0.71,False,False,40,역번역 유사도 낮음(0.00)
EUROCLEAR,vie_Latn,EUROCLEAR,유로클레어,0.0,0.56,False,False,40,역번역 유사도 낮음(0.00)
EUROCLEAR,ind_Latn,EUROCLEAR,유로클레어,0.0,0.56,False,False,40,역번역 유사도 낮음(0.00)
EUROCLEAR,tha_Thai,EUROCLEAR,유로클리어,0.0,0.56,False,False,40,역번역 유사도 낮음(0.00)
EUROCLEAR,mya_Mymr,EUROCLEAR ကို,유로클레어,0.0,0.56,False,False,40,역번역 유사도 낮음(0.00)
EVA,ind_Latn,EVA,에바,0.0,0.67,False,False,40,역번역 유사도 낮음(0.00)
EVA,tha_Thai,EVA,에바,0.0,0.67,False,False,40,역번역 유사도 낮음(0.00)
FIX,tha_Thai,แก้ไข,고쳐라,0.0,1.0,False,False,40,역번역 유사도 낮음(0.00)
FORM 3,tha_Thai,แบบฟอร์ม 3,제3형,0.222,0.5,False,False,40,역번역 유사도 낮음(0.22)
FORM 4,tha_Thai,แบบฟอร์ม 4,4번 형식,0.182,0.83,False,False,40,역번역 유사도 낮음(0.18)
FORM 4,mya_Mymr,FORM လေး။,네 번째 형태입니다.,0.118,1.83,False,False,40,역번역 유사도 낮음(0.12)
FORM 8-K,tha_Thai,แบบฟอร์ม 8-K,8K 양식,0.154,0.62,False,False,40,역번역 유사도 낮음(0.15)
FUND/NETWORKING,ind_Latn,DANA/JARINGAN,DANA/네트워크,0.167,0.6,False,False,40,역번역 유사도 낮음(0.17)
FUND/NETWORKING,tha_Thai,กองทุน/เครือข่าย,자금/네트워크,0.091,0.47,False,False,40,역번역 유사도 낮음(0.09)
FUND/NETWORKING,mya_Mymr,FUND/NETWORKING,자금/네트워크,0.091,0.47,False,False,40,역번역 유사도 낮음(0.09)
FUND/SERV,tha_Thai,กองทุน/บริการ,자금/서비스,0.133,0.67,False,False,40,역번역 유사도 낮음(0.13)
GLOBALCLEAR,ind_Latn,GLOBALCLEAR,글로벌클레어,0.0,0.55,False,False,40,역번역 유사도 낮음(0.00)
GLOBALCLEAR,tha_Thai,GLOBALCLEAR,글로벌 클리어,0.0,0.64,False,False,40,역번역 유사도 낮음(0.00)
GLOBEX ALLIANCE,vie_Latn,GLOBEX ALLIANCE,글로벡스 동맹,0.091,0.47,False,False,40,역번역 유사도 낮음(0.09)
GLOBEX ALLIANCE,ind_Latn,GLOBEX ALLIANCE,글로벡스 동맹,0.091,0.47,False,False,40,역번역 유사도 낮음(0.09)
GLOBEX ALLIANCE,tha_Thai,GLOBEX ALLIANCE,글로벡스 동맹,0.091,0.47,False,False,40,역번역 유사도 낮음(0.09)
GLOBEX ALLIANCE,mya_Mymr,GLOBEX ALLIANCE,글로벡스 동맹,0.091,0.47,False,False,40,역번역 유사도 낮음(0.09)
IMF 구제금융,mya_Mymr,IMF ကနေ ငွေကြေးထောက်ပံ့မှု,국제통화국 (IMF) 의 재정 지원,0.296,2.38,False,False,40,역번역 유사도 낮음(0.30)
INSTINET,mya_Mymr,INSTINET ကို ကြည့်ပါ။,인스티넷을 예로 들어보죠.,0.0,1.75,False,False,40,역번역 유사도 낮음(0.00)
Jobber,tha_Thai,ผู้ค้าส่ง,배달원,0.0,0.5,False,False,40,역번역 유사도 낮음(0.00)
Jobber,mya_Mymr,Jobber ပါ။,제 이름은 조버입니다.,0.0,2.0,False,False,40,역번역 유사도 낮음(0.00)
KELER,vie_Latn,KELER,케일러,0.0,0.6,False,False,40,역번역 유사도 낮음(0.00)
KELER,ind_Latn,KELER,켈러,0.0,0.4,False,False,40,역번역 유사도 낮음(0.00)
KELER,tha_Thai,KELER,케일러,0.0,0.6,False,False,40,역번역 유사도 낮음(0.00)
KELER,mya_Mymr,KELER,케일러,0.0,0.6,False,False,40,역번역 유사도 낮음(0.00)
Lamfalussy기준,vie_Latn,Tiêu chuẩn Lamfalussy,램팔루시 표준,0.105,0.58,False,False,40,역번역 유사도 낮음(0.11)
Lamfalussy기준,ind_Latn,Standar Lamfalussy,램팔루시 표준,0.105,0.58,False,False,40,역번역 유사도 낮음(0.11)
Lamfalussy기준,tha_Thai,กรอบงาน Lamfalussy,램팔루시 행사를 위해,0.0,0.92,False,False,40,역번역 유사도 낮음(0.00)
Lamfalussy기준,mya_Mymr,Lamfalussy အတွက် ပုံမှန်ပါ။,램팔루시병에서는 정상입니다.,0.0,1.25,False,False,40,역번역 유사도 낮음(0.00)
Lamfalussy기준,tgl_Latn,Lamfalussy pamantayan,람팔루시 기준,0.211,0.58,False,False,40,역번역 유사도 낮음(0.21)
Link-Up Markets,vie_Latn,Link-Up Markets,링크업 시장,0.095,0.4,False,False,40,역번역 유사도 낮음(0.10)
Link-Up Markets,ind_Latn,Link-Up Markets,링크업 시장,0.095,0.4,False,False,40,역번역 유사도 낮음(0.10)
Link-Up Markets,tha_Thai,ตลาด Link-Up,링크업 시장,0.095,0.4,False,False,40,역번역 유사도 낮음(0.10)
Link-Up Markets,mya_Mymr,Link-Up စျေးကွက်များ,링크업 시장,0.095,0.4,False,False,40,역번역 유사도 낮음(0.10)
MADOFF,vie_Latn,MADOFF,마도프,0.0,0.5,False,False,40,역번역 유사도 낮음(0.00)
MADOFF,ind_Latn,MADOFF,마도프,0.0,0.5,False,False,40,역번역 유사도 낮음(0.00)
MADOFF,tha_Thai,MADOFF,마도프,0.0,0.5,False,False,40,역번역 유사도 낮음(0.00)
MADOFF,mya_Mymr,MADOFF ပါ,마도프입니다.,0.0,1.17,False,False,40,역번역 유사도 낮음(0.00)
MALONEY ACT,vie_Latn,Đạo luật Maloney,말로니 법,0.125,0.45,False,False,40,역번역 유사도 낮음(0.12)
MALONEY ACT,tha_Thai,พระราชบัญญัติมาโลนี,말로니 법령,0.118,0.55,False,False,40,역번역 유사도 낮음(0.12)
MONTE TITOLI S.P.A.,ind_Latn,MONTE TITOLI S.P.A.,몬테 티톨리 스파,0.143,0.47,False,False,40,역번역 유사도 낮음(0.14)
MONTE TITOLI S.P.A.,tha_Thai,MONTE TITOLI S.P.A.,몬테 티톨리 스파,0.143,0.47,False,False,40,역번역 유사도 낮음(0.14)
Moddy's investment grade,vie_Latn,Xếp hạng đầu tư của Moody's,모디의 투자 등급,0.121,0.38,False,False,40,역번역 유사도 낮음(0.12)
Moddy's investment grade,ind_Latn,Peringkat investasi Moody's,모디의 투자 평가,0.121,0.38,False,False,40,역번역 유사도 낮음(0.12)
Moddy's investment grade,tha_Thai,ระดับเครดิตการลงทุนของ Moody’s,무디스 투자 신용등급,0.114,0.46,False,False,40,역번역 유사도 낮음(0.11)
Moddy's investment grade,mya_Mymr,Moddy ရဲ့ ရင်းနှီးမြှုပ်နှံမှု အဆင့်,모디의 투자 평가,0.121,0.38,False,False,40,역번역 유사도 낮음(0.12)
Moddy's investment grade,tgl_Latn,Ang Moddy's investment grade,모디의 투자 등급,0.121,0.38,False,False,40,역번역 유사도 낮음(0.12)
NECIGEF,vie_Latn,NECIGEF,필요함,0.0,0.43,False,False,40,역번역 유사도 낮음(0.00)
NECIGEF,tha_Thai,NECIGEF,필요해요,0.0,0.57,False,False,40,역번역 유사도 낮음(0.00)
P&A,ind_Latn,P&A,질문과 답변,0.0,2.0,False,False,40,역번역 유사도 낮음(0.00)
P&A,tha_Thai,P&A,질문과 답변,0.0,2.0,False,False,40,역번역 유사도 낮음(0.00)
P&A,mya_Mymr,P&A,질문과 답변,0.0,2.0,False,False,40,역번역 유사도 낮음(0.00)
P&A,tgl_Latn,P&A,질문과 답,0.0,1.67,False,False,40,역번역 유사도 낮음(0.00)
PIKS,vie_Latn,PIKS,픽스,0.0,0.5,False,False,40,역번역 유사도 낮음(0.00)
PIKS,ind_Latn,PIKS,픽스,0.0,0.5,False,False,40,역번역 유사도 낮음(0.00)
PIKS,tha_Thai,PIKS,픽스,0.0,0.5,False,False,40,역번역 유사도 낮음(0.00)
POSIT,vie_Latn,POSIT,포시트,0.0,0.6,False,False,40,역번역 유사도 낮음(0.00)
POSIT,ind_Latn,POSIT,포시트,0.0,0.6,False,False,40,역번역 유사도 낮음(0.00)
POSIT,tha_Thai,POSIT,포시트,0.0,0.6,False,False,40,역번역 유사도 낮음(0.00)
POSIT,mya_Mymr,POSIT,포시트,0.0,0.6,False,False,40,역번역 유사도 낮음(0.00)
QuantEX,vie_Latn,QuantEX,퀸텍스,0.0,0.43,False,False,40,역번역 유사도 낮음(0.00)
QuantEX,ind_Latn,QuantEX,퀀트엑스,0.0,0.57,False,False,40,역번역 유사도 낮음(0.00)
QuantEX,tha_Thai,QuantEX,퀀텍스,0.0,0.43,False,False,40,역번역 유사도 낮음(0.00)
QuantEX,mya_Mymr,QuantEX ကို,퀀트엑스라는,0.0,0.86,False,False,40,역번역 유사도 낮음(0.00)
REGULATION A,mya_Mymr,စည်းမျဉ်း A,규칙 A.,0.235,0.42,False,False,40,역번역 유사도 낮음(0.24)
REGULATION D,mya_Mymr,စည်းမျဉ်း D,규칙 D.,0.235,0.42,False,False,40,역번역 유사도 낮음(0.24)
REGULATION G,mya_Mymr,စည်းမျဉ်း G,규칙 G.,0.235,0.42,False,False,40,역번역 유사도 낮음(0.24)
REGULATION T,tha_Thai,กฎระเบียบ T,규칙 T.,0.235,0.42,False,False,40,역번역 유사도 낮음(0.24)
REGULATION U,vie_Latn,QUY ĐỊNH U,문제입니다,0.0,0.42,False,False,40,역번역 유사도 낮음(0.00)
REGULATION U,tha_Thai,กฎระเบียบ U,규칙 U.,0.235,0.42,False,False,40,역번역 유사도 낮음(0.24)
RELIT,tha_Thai,RELIT,리리트,0.0,0.6,False,False,40,역번역 유사도 낮음(0.00)
SEGA,vie_Latn,SEGA,세가,0.0,0.5,False,False,40,역번역 유사도 낮음(0.00)
SEGA,ind_Latn,SEGA,세가,0.0,0.5,False,False,40,역번역 유사도 낮음(0.00)
SEGA,tha_Thai,SEGA,세가,0.0,0.5,False,False,40,역번역 유사도 낮음(0.00)
SEGA,mya_Mymr,SEGA,세가,0.0,0.5,False,False,40,역번역 유사도 낮음(0.00)
SIS SegaIntersettle,vie_Latn,SIS SegaIntersettle,세가 인터셋 SIS,0.207,0.53,False,False,40,역번역 유사도 낮음(0.21)
SIS SegaIntersettle,ind_Latn,SIS SegaIntersettle,S.I.S.와 인테르세틀,0.25,0.68,False,False,40,역번역 유사도 낮음(0.25)
SIS SegaIntersettle,tha_Thai,SIS SegaIntersettle,SIS 세가인터셋,0.286,0.47,False,False,40,역번역 유사도 낮음(0.29)
Saturday night special,vie_Latn,Chương trình đặc biệt tối thứ Bảy,토요일 밤 특별 프로그램,0.114,0.59,False,False,40,역번역 유사도 낮음(0.11)
Saturday night special,ind_Latn,Acara Spesial Sabtu Malam,토요일 밤 특별 프로그램,0.114,0.59,False,False,40,역번역 유사도 낮음(0.11)
Saturday night special,tha_Thai,รายการพิเศษคืนวันเสาร์,토요일 밤 특집 프로그램,0.114,0.59,False,False,40,역번역 유사도 낮음(0.11)
Saturday night special,mya_Mymr,စနေနေ့ည အထူး,토요일 밤 특집,0.133,0.36,False,False,40,역번역 유사도 낮음(0.13)
TAKASBANK,vie_Latn,TAKASBANK,타카스뱅크,0.0,0.56,False,False,40,역번역 유사도 낮음(0.00)
TAKASBANK,ind_Latn,TAKASBANK,카스뱅크,0.0,0.44,False,False,40,역번역 유사도 낮음(0.00)
TAKASBANK,mya_Mymr,TAKASBANK,타카스뱅크,0.0,0.56,False,False,40,역번역 유사도 낮음(0.00)
TALISMAN,tha_Thai,TALISMAN,기호!,0.0,0.38,False,False,40,역번역 유사도 낮음(0.00)
TALISMAN,mya_Mymr,TALISMAN,미륵보살,0.0,0.5,False,False,40,역번역 유사도 낮음(0.00)
TARGET,vie_Latn,MỤC TIÊU,돈을 읽으십시오.,0.0,1.5,False,False,40,역번역 유사도 낮음(0.00)
TARGET,mya_Mymr,Target ပါ။,타겟입니다.,0.0,1.0,False,False,40,역번역 유사도 낮음(0.00)
TAURUS,tha_Thai,ราศีพฤษภ,5월자리,0.0,0.67,False,False,40,역번역 유사도 낮음(0.00)
TELEKURS,vie_Latn,TELEKURS,텔레커스,0.0,0.5,False,False,40,역번역 유사도 낮음(0.00)
TELEKURS,tha_Thai,TELEKURS,텔레커스,0.0,0.5,False,False,40,역번역 유사도 낮음(0.00)
TELEKURS,mya_Mymr,TELEKURS,텔레쿠르스,0.0,0.62,False,False,40,역번역 유사도 낮음(0.00)
TRADEPOINT,vie_Latn,TRADEPOINT,트레이드포인트,0.0,0.7,False,False,40,역번역 유사도 낮음(0.00)
TRADEPOINT,ind_Latn,TRADEPOINT,트레이드포인트,0.0,0.7,False,False,40,역번역 유사도 낮음(0.00)
TRADEPOINT,tha_Thai,TRADEPOINT,트레이드포인트,0.0,0.7,False,False,40,역번역 유사도 낮음(0.00)
TRADEPOINT,mya_Mymr,TRADEPOINT ကို ကြည့်ပါ။,트레이드포인트를 보세요.,0.0,1.3,False,False,40,역번역 유사도 낮음(0.00)
TRAX,vie_Latn,TRAX,트랙스,0.0,0.75,False,False,40,역번역 유사도 낮음(0.00)
TRAX,ind_Latn,TRAX,트랙스,0.0,0.75,False,False,40,역번역 유사도 낮음(0.00)
TRAX,tha_Thai,TRAX,트랙스,0.0,0.75,False,False,40,역번역 유사도 낮음(0.00)
TRAX,mya_Mymr,TRAX ပါ။,트랙스입니다.,0.0,1.75,False,False,40,역번역 유사도 낮음(0.00)
VP,vie_Latn,VP,부사장,0.0,1.5,False,False,40,역번역 유사도 낮음(0.00)
VP,tha_Thai,รองประธาน,부회장님,0.0,2.0,False,False,40,역번역 유사도 낮음(0.00)
VP,mya_Mymr,ဒုဥက္ကဋ္ဌ,부회장님,0.0,2.0,False,False,40,역번역 유사도 낮음(0.00)
WHITE KNIGHT,vie_Latn,WHITE KNIGHT,하얀 기사,0.118,0.42,False,False,40,역번역 유사도 낮음(0.12)
WHITE KNIGHT,ind_Latn,WHITE KNIGHT,하얀 기사,0.118,0.42,False,False,40,역번역 유사도 낮음(0.12)
WHITE KNIGHT,tha_Thai,อัศวินขาว,하얀 기사,0.118,0.42,False,False,40,역번역 유사도 낮음(0.12)
WHITE KNIGHT,mya_Mymr,WHITE KNIGHT,하얀 기사,0.118,0.42,False,False,40,역번역 유사도 낮음(0.12)
WILLIAMS ACT,vie_Latn,Đạo luật Williams,윌리엄스 법,0.111,0.5,False,False,40,역번역 유사도 낮음(0.11)
WILLIAMS ACT,ind_Latn,UNDANG-UNDANG WILLIAMS,윌리엄스 말들,0.105,0.58,False,False,40,역번역 유사도 낮음(0.11)
WILLIAMS ACT,tha_Thai,พระราชบัญญัติวิลเลียมส์,윌리엄스 법령,0.105,0.58,False,False,40,역번역 유사도 낮음(0.11)
WILLIAMS ACT,mya_Mymr,WILLIAMS ACT ကို,윌리엄스 법은,0.105,0.58,False,False,40,역번역 유사도 낮음(0.11)
WIT CAPITAL,vie_Latn,WIT CAPITAL,위트 캐피탈,0.118,0.55,False,False,40,역번역 유사도 낮음(0.12)
WIT CAPITAL,ind_Latn,WIT CAPITAL,위트 캐피탈,0.118,0.55,False,False,40,역번역 유사도 낮음(0.12)
WIT CAPITAL,tha_Thai,WIT CAPITAL,캐피탈과,0.0,0.36,False,False,40,역번역 유사도 낮음(0.00)
WIT CAPITAL,mya_Mymr,WIT CAPITAL နဲ့ပါ။,WIT 캐피탈과 함께 했습니다.,0.286,1.55,False,False,40,역번역 유사도 낮음(0.29)
back office,vie_Latn,bộ phận hậu cần,물류 부문,0.125,0.45,False,False,40,역번역 유사도 낮음(0.12)
back office,ind_Latn,back office,백오피스,0.0,0.36,False,False,40,역번역 유사도 낮음(0.00)
back office,mya_Mymr,နောက်ဘက်ရုံး။,뒷 사무실입니다.,0.1,0.82,False,False,40,역번역 유사도 낮음(0.10)
backwardation,vie_Latn,tình trạng giá kỳ hạn thấp hơn giá giao ngay,임시 가격보다 낮은 조건,0.0,1.0,False,False,40,역번역 유사도 낮음(0.00)
backwardation,tha_Thai,ภาวะราคาล่วงหน้าต่ำกว่าราคาตลาดปัจจุบัน,현재 시장 가격보다 낮은 가격입니다.,0.0,1.54,False,False,40,역번역 유사도 낮음(0.00)
backwardation,mya_Mymr,backwardation ကို,배후화입니다.,0.0,0.54,False,False,40,역번역 유사도 낮음(0.00)
bad delivery,vie_Latn,giao hàng không đúng quy định,배달이 잘못되었습니다.,0.083,1.0,False,False,40,역번역 유사도 낮음(0.08)
bad delivery,ind_Latn,pengiriman yang buruk,배포가 안됐어,0.105,0.58,False,False,40,역번역 유사도 낮음(0.11)
bad delivery,tha_Thai,การส่งสินค้าผิด,잘못된 배송입니다.,0.091,0.83,False,False,40,역번역 유사도 낮음(0.09)
bad delivery,mya_Mymr,ပို့ဆောင်မှု မကောင်းဘူး။,배송이 좋지 않았습니다.,0.08,1.08,False,False,40,역번역 유사도 낮음(0.08)
bancassurance,tha_Thai,บริการธนาคารและประกันชีวิต,은행과 생명보험,0.0,0.62,False,False,40,역번역 유사도 낮음(0.00)
bancassurance,mya_Mymr,ဘဏ်အာမခံ,은행 보험,0.0,0.38,False,False,40,역번역 유사도 낮음(0.00)
bear hug,vie_Latn,cái ôm siết chặt,꽉 잡은 포옹,0.133,0.88,False,False,40,역번역 유사도 낮음(0.13)
bear hug,ind_Latn,pelukan erat,꽉 잡고,0.167,0.5,False,False,40,역번역 유사도 낮음(0.17)
bear hug,tha_Thai,กอดแน่น,포옹해,0.0,0.38,False,False,40,역번역 유사도 낮음(0.00)
bear hug,mya_Mymr,ဝက်ဝံကို ပွေ့ဖက်ပါ။,곰을 안아주세요.,0.118,1.12,False,False,40,역번역 유사도 낮음(0.12)
bear raid,vie_Latn,cuộc tấn công bear,곰의 공격,0.143,0.56,False,False,40,역번역 유사도 낮음(0.14)
bear raid,ind_Latn,serangan bear,곰의 공격,0.143,0.56,False,False,40,역번역 유사도 낮음(0.14)
bear raid,tha_Thai,การโจมตีของหมี,곰의 공격,0.143,0.56,False,False,40,역번역 유사도 낮음(0.14)
bear raid,mya_Mymr,ဝက်ဝံတိုက်ခိုက်မှု။,곰 공격입니다.,0.118,0.89,False,False,40,역번역 유사도 낮음(0.12)
black monday,vie_Latn,Thứ Hai Đen,검은 월요일,0.111,0.5,False,False,40,역번역 유사도 낮음(0.11)
black monday,ind_Latn,Senin Hitam,블랙 월요일,0.111,0.5,False,False,40,역번역 유사도 낮음(0.11)
black monday,tha_Thai,วันจันทร์ดำ,검은 월요일,0.111,0.5,False,False,40,역번역 유사도 낮음(0.11)
blanket fidelity bond,ind_Latn,jaminan kesetiaan menyeluruh,전적인 충성을 보장합니다.,0.114,0.67,False,False,40,역번역 유사도 낮음(0.11)
blanket fidelity bond,tha_Thai,สัญญาประกันความซื่อสัตย์แบบครอบคลุม,전면적인 충절보험,0.067,0.43,False,False,40,역번역 유사도 낮음(0.07)
blanket fidelity bond,mya_Mymr,blanket fidelity bond လို့ခေါ်ပါတယ်။,이것은 '전체적인 충실성 채권'이라고 불립니다.,0.085,1.24,False,False,40,역번역 유사도 낮음(0.09)
bond power,vie_Latn,sức mạnh của trái phiếu,부채의 힘,0.133,0.5,False,False,40,역번역 유사도 낮음(0.13)
bond power,ind_Latn,kekuatan ikatan,결합의 힘,0.133,0.5,False,False,40,역번역 유사도 낮음(0.13)
bond power,tha_Thai,พลังพันธบัตร,동맹의 힘,0.133,0.5,False,False,40,역번역 유사도 낮음(0.13)
bond power,mya_Mymr,Bond စွမ်းအား,결합의 힘,0.133,0.5,False,False,40,역번역 유사도 낮음(0.13)
book entry only,ind_Latn,hanya pencatatan buku,그냥 기록일 뿐이야,0.16,0.67,False,False,40,역번역 유사도 낮음(0.16)
book entry only,tha_Thai,บันทึกในสมุดบัญชีเท่านั้น,책에 기록된 것 뿐이에요,0.143,0.87,False,False,40,역번역 유사도 낮음(0.14)
book entry only,mya_Mymr,book entry ကိုသာ သုံးပါ။,책 항목만 사용하세요.,0.148,0.8,False,False,40,역번역 유사도 낮음(0.15)
buy/sell-back,vie_Latn,mua/bán lại,구매/반매,0.111,0.38,False,False,40,역번역 유사도 낮음(0.11)
buy/sell-back,tha_Thai,ซื้อ/ขายคืน,구매/반수,0.111,0.38,False,False,40,역번역 유사도 낮음(0.11)
buy/sell-back,mya_Mymr,ဝယ်/ရောင်းပြန်,구매/이신용,0.105,0.46,False,False,40,역번역 유사도 낮음(0.11)
cargo project,vie_Latn,Dự án Cargo,카고 프로젝트,0.1,0.54,False,False,40,역번역 유사도 낮음(0.10)
cargo project,ind_Latn,proyek cargo,화물 프로젝트,0.1,0.54,False,False,40,역번역 유사도 낮음(0.10)
cargo project,tha_Thai,โครงการขนส่งสินค้า,물자 운송 프로젝트,0.087,0.77,False,False,40,역번역 유사도 낮음(0.09)
cargo project,mya_Mymr,cargo စီမံကိန်း,화물 프로젝트,0.1,0.54,False,False,40,역번역 유사도 낮음(0.10)
cashless society,vie_Latn,xã hội không dùng tiền mặt,우리 사회는 현금을 사용하지 않습니다.,0.054,1.31,False,False,40,역번역 유사도 낮음(0.05)
cashless society,ind_Latn,masyarakat tanpa uang tunai,현금 없는 사회,0.083,0.5,False,False,40,역번역 유사도 낮음(0.08)
cashless society,tha_Thai,สังคมไร้เงินสด,현금 없는 사회,0.083,0.5,False,False,40,역번역 유사도 낮음(0.08)
cashless society,mya_Mymr,ငွေကြေးမဲ့ လူ့အဖွဲ့အစည်း,현금 없는 사회,0.083,0.5,False,False,40,역번역 유사도 낮음(0.08)
checking,tha_Thai,ตรวจสอบ,확인해,0.0,0.38,False,False,40,역번역 유사도 낮음(0.00)
checking,mya_Mymr,စစ်ဆေးနေတာပါ။,테스트를 하고 있습니다.,0.0,1.62,False,False,40,역번역 유사도 낮음(0.00)
checkless society,vie_Latn,xã hội không cần séc,사회는 수표를 필요로 하지 않습니다.,0.054,1.18,False,False,40,역번역 유사도 낮음(0.05)
checkless society,ind_Latn,masyarakat tanpa cek,체크 없는 사회,0.08,0.47,False,False,40,역번역 유사도 낮음(0.08)
checkless society,tha_Thai,สังคมไร้เงินสด,현금 없는 사회,0.08,0.47,False,False,40,역번역 유사도 낮음(0.08)
checkless society,mya_Mymr,ထိန်းချုပ်မှုမဲ့ လူ့အဖွဲ့အစည်း,통제가 없는 사회,0.077,0.53,False,False,40,역번역 유사도 낮음(0.08)
commodity financing,tha_Thai,การจัดหาเงินทุนสำหรับสินค้าโภคภัณฑ์,식료품에 대한 자금 조달,0.062,0.68,False,False,40,역번역 유사도 낮음(0.06)
concentration limit,tha_Thai,ค่าขีดจำกัดความเข้มข้น,강도의 한계값,0.077,0.37,False,False,40,역번역 유사도 낮음(0.08)
confirmation,mya_Mymr,အတည်ပြုချက်။,확인합니다.,0.0,0.5,False,False,40,역번역 유사도 낮음(0.00)
conglomerate,vie_Latn,tập đoàn đa ngành,다분야 기업,0.0,0.5,False,False,40,역번역 유사도 낮음(0.00)
conglomerate,ind_Latn,konglomerat,컨글로메이트,0.0,0.5,False,False,40,역번역 유사도 낮음(0.00)
conglomerate,tha_Thai,กลุ่มบริษัท,회사 그룹,0.0,0.42,False,False,40,역번역 유사도 낮음(0.00)
conglomerate,mya_Mymr,ကွန်ဂလိုမီရက်,콩글로미어 네트워크,0.0,0.83,False,False,40,역번역 유사도 낮음(0.00)
"country risk, sovereign risk",vie_Latn,"rủi ro quốc gia, rủi ro chủ quyền","국가적 위험, 주권적 위험",0.19,0.5,False,False,40,역번역 유사도 낮음(0.19)
"country risk, sovereign risk",ind_Latn,"risiko negara, risiko suverén","국가 위험, 주권 위험",0.2,0.43,False,False,40,역번역 유사도 낮음(0.20)
"country risk, sovereign risk",tha_Thai,"ความเสี่ยงของประเทศ, ความเสี่ยงของรัฐบาล","국가의 위험, 정부의 위험.",0.186,0.54,False,False,40,역번역 유사도 낮음(0.19)
"country risk, sovereign risk",mya_Mymr,နိုင်ငံအန္တရာယ်၊ နိုင်ငံပိုင်အန္တရာယ်။,"국가적 위험, 국가적 위험.",0.186,0.54,False,False,40,역번역 유사도 낮음(0.19)
"country risk, sovereign risk",tgl_Latn,"Panganib sa bansa, panganib sa soberanya.","국가에 대한 위협, 주권에 대한 위협",0.167,0.71,False,False,40,역번역 유사도 낮음(0.17)
coupon rate,ind_Latn,tingkat kupon,쿠폰 요금,0.125,0.45,False,False,40,역번역 유사도 낮음(0.12)
coupon rate,tha_Thai,อัตราคูปอง,쿠폰 요금,0.125,0.45,False,False,40,역번역 유사도 낮음(0.12)
coupon rate,mya_Mymr,coupon rate ကို,쿠폰율은,0.0,0.36,False,False,40,역번역 유사도 낮음(0.00)
covered warrant,vie_Latn,chứng quyền được bảo đảm,자격증은 보장됩니다.,0.077,0.73,False,False,40,역번역 유사도 낮음(0.08)
covered warrant,ind_Latn,warrant tertutup,영장이 닫혔습니다.,0.08,0.67,False,False,40,역번역 유사도 낮음(0.08)
covered warrant,tha_Thai,ใบสั่งซื้อที่มีหลักประกัน,보험에 담긴 계약서,0.08,0.67,False,False,40,역번역 유사도 낮음(0.08)
covered warrant,mya_Mymr,Covered Warrant ပါ,보장된 영장입니다.,0.08,0.67,False,False,40,역번역 유사도 낮음(0.08)
crossing network,ind_Latn,jaringan persimpangan,교차로 네트워크,0.083,0.5,False,False,40,역번역 유사도 낮음(0.08)
crown jewel,vie_Latn,viên ngọc quý nhất,가장 귀한 진주,0.105,0.73,False,False,40,역번역 유사도 낮음(0.11)
crown jewel,ind_Latn,mahakarya,위대한 작품,0.118,0.55,False,False,40,역번역 유사도 낮음(0.12)
crown jewel,tha_Thai,อัญมณีล้ำค่า,귀한 보석이야,0.111,0.64,False,False,40,역번역 유사도 낮음(0.11)
crown jewel,mya_Mymr,ထီးနန်းရတနာ,왕좌의 보물,0.118,0.55,False,False,40,역번역 유사도 낮음(0.12)
day trading,vie_Latn,giao dịch trong ngày,하루 거래,0.125,0.45,False,False,40,역번역 유사도 낮음(0.12)
day trading,ind_Latn,perdagangan harian,일일 거래,0.125,0.45,False,False,40,역번역 유사도 낮음(0.12)
day trading,tha_Thai,การซื้อขายในวันเดียว,하루의 거래,0.118,0.55,False,False,40,역번역 유사도 낮음(0.12)
day trading,mya_Mymr,နေ့စဥ် ကုန်သွယ်မှု,매일매일의 거래,0.105,0.73,False,False,40,역번역 유사도 낮음(0.11)
delivery notice,mya_Mymr,ပို့ဆောင်ရေး အကြောင်းကြားချက်။,배달 통보입니다.,0.083,0.6,False,False,40,역번역 유사도 낮음(0.08)
dollar usance,vie_Latn,thói quen sử dụng đồng đô la,달러의 사용 습관을,0.087,0.77,False,False,40,역번역 유사도 낮음(0.09)
dollar usance,ind_Latn,kurs dolar,달러 환율,0.111,0.38,False,False,40,역번역 유사도 낮음(0.11)
dollar usance,tha_Thai,เงื่อนไขในสกุลเงินดอลลาร์สหรัฐ,미국 달러의 조건,0.091,0.69,False,False,40,역번역 유사도 낮음(0.09)
dollar usance,mya_Mymr,ဒေါ်လာသုံးစွဲမှု,달러 사용,0.111,0.38,False,False,40,역번역 유사도 낮음(0.11)
dutch auction,vie_Latn,đấu giá kiểu Hà Lan,네덜란드식 경매,0.095,0.62,False,False,40,역번역 유사도 낮음(0.10)
dutch auction,ind_Latn,lelang Belanda,네덜란드 경매,0.1,0.54,False,False,40,역번역 유사도 낮음(0.10)
dutch auction,tha_Thai,การประมูลแบบดัตช์,네덜란드 경매,0.1,0.54,False,False,40,역번역 유사도 낮음(0.10)
dutch auction,mya_Mymr,ဒတ်ခ်ျ လေလံပွဲ,네덜란드 경매,0.1,0.54,False,False,40,역번역 유사도 낮음(0.10)
fallen angel,vie_Latn,thiên thần sa ngã,천사가 쓰러졌어,0.1,0.67,False,False,40,역번역 유사도 낮음(0.10)
fallen angel,ind_Latn,malaikat yang jatuh,낙하한 천사,0.111,0.5,False,False,40,역번역 유사도 낮음(0.11)
fallen angel,tha_Thai,เทวดาที่ตกสวรรค์,하늘로부터 내려온 여신,0.083,1.0,False,False,40,역번역 유사도 낮음(0.08)
fallen angel,mya_Mymr,ကျဆုံးသွားတဲ့ ကောင်းကင်တမန်။,타락한 천사입니다.,0.091,0.83,False,False,40,역번역 유사도 낮음(0.09)
fill or kill order,vie_Latn,lệnh mua hoặc bán ngay,바로 구매하거나 판매하는 명령,0.176,0.89,False,False,40,역번역 유사도 낮음(0.18)
fill or kill order,ind_Latn,"pesanan ""isi atau batalkan""","""충분 또는 취소"" 명령",0.194,0.72,False,False,40,역번역 유사도 낮음(0.19)
fill or kill order,tha_Thai,"คำสั่งซื้อแบบ ""เติมหรือยกเลิก""","""충분 또는 취소"" 명령어",0.188,0.78,False,False,40,역번역 유사도 낮음(0.19)
fill or kill order,mya_Mymr,ဖြည့်ဖို့ (သို့) သတ်ဖို့ အမိန့်ပါ။,부합하거나 죽여야 한다는 명령입니다.,0.158,1.11,False,False,40,역번역 유사도 낮음(0.16)
finality of payment,vie_Latn,tính cuối cùng của khoản thanh toán,지불의 최종 계산,0.143,0.47,False,False,40,역번역 유사도 낮음(0.14)
five hundred dollar rule,mya_Mymr,ဒေါ်လာ ၅၀၀ စည်းမျဉ်းပါ။,500달러 규칙입니다.,0.056,0.5,False,False,40,역번역 유사도 낮음(0.06)
flipping,vie_Latn,flipping,플리핑,0.0,0.38,False,False,40,역번역 유사도 낮음(0.00)
flipping,ind_Latn,flipping,뒤집어,0.0,0.38,False,False,40,역번역 유사도 낮음(0.00)
flipping,mya_Mymr,flipping ကို,뒤집는 것.,0.0,0.75,False,False,40,역번역 유사도 낮음(0.00)
forward pricing,vie_Latn,định giá trước,미리 평가합니다.,0.083,0.6,False,False,40,역번역 유사도 낮음(0.08)
forward pricing,ind_Latn,penetapan harga di muka,앞당겨진 가격,0.091,0.47,False,False,40,역번역 유사도 낮음(0.09)
forward pricing,tha_Thai,การกำหนดราคาล่วงหน้า,미리 결정된 가격,0.083,0.6,False,False,40,역번역 유사도 낮음(0.08)
forward pricing,mya_Mymr,ရှေ့ဆက် ဈေးနှုန်း သတ်မှတ်ခြင်း,앞으로의 가격 결정,0.08,0.67,False,False,40,역번역 유사도 낮음(0.08)
gilt-edged securities,vie_Latn,các chứng khoán có độ an toàn cao,높은 보안을 가진 증권입니다.,0.054,0.76,False,False,40,역번역 유사도 낮음(0.05)
gilt-edged securities,ind_Latn,surat berharga yang sangat aman,매우 안전한 증권,0.067,0.43,False,False,40,역번역 유사도 낮음(0.07)
gilt-edged securities,tha_Thai,หลักทรัพย์ที่มีหลักประกัน,자금보험입니다.,0.0,0.38,False,False,40,역번역 유사도 낮음(0.00)
gilt-edged securities,mya_Mymr,gilt-edged securities တွေပါ။,골드 엣지 증권입니다.,0.061,0.57,False,False,40,역번역 유사도 낮음(0.06)
giro lombard over draft,ind_Latn,giro lombard overdraft,롬바드 오버드래프트,0.061,0.43,False,False,40,역번역 유사도 낮음(0.06)
giro lombard over draft,tha_Thai,บัญชีเงินฝากเกินวงเงิน Giro Lombard,지로 롬바드 은행 계좌가 너무 많아요,0.14,0.87,False,False,40,역번역 유사도 낮음(0.14)
giro lombard over draft,mya_Mymr,ဂီရို လမ်ဘာ့ဒ် ကမ်းလှမ်းချက်,지로 롬바르트의 제안,0.118,0.48,False,False,40,역번역 유사도 낮음(0.12)
greenmail,vie_Latn,greenmail,그린메일,0.0,0.44,False,False,40,역번역 유사도 낮음(0.00)
greenmail,ind_Latn,greenmail,그린메일,0.0,0.44,False,False,40,역번역 유사도 낮음(0.00)
greenmail,mya_Mymr,Greenmail ပါ။,그 이름은 그린메일입니다.,0.0,1.56,False,False,40,역번역 유사도 낮음(0.00)
grey market,vie_Latn,thị trường xám,회색 시장,0.125,0.45,False,False,40,역번역 유사도 낮음(0.12)
grey market,mya_Mymr,မီးခိုးရောင် စျေးကွက်,회색 시장입니다.,0.1,0.82,False,False,40,역번역 유사도 낮음(0.10)
gun jumping,vie_Latn,bắn trước khi ra hiệu,신호를 내기 전에 총을 쏴,0.08,1.27,False,False,40,역번역 유사도 낮음(0.08)
gun jumping,tha_Thai,การกระโดดก่อนกำหนด,기한이 넘어가고,0.105,0.73,False,False,40,역번역 유사도 낮음(0.11)
gun jumping,mya_Mymr,သေနတ်ခုန်တာ,총을 쏘는 거죠.,0.1,0.82,False,False,40,역번역 유사도 낮음(0.10)
hub & spokes,vie_Latn,mô hình trung tâm và các nhánh,중앙 모델과 지부,0.19,0.75,False,False,40,역번역 유사도 낮음(0.19)
hub & spokes,ind_Latn,hub & spokes,허브와 스포크,0.105,0.58,False,False,40,역번역 유사도 낮음(0.11)
hub & spokes,tha_Thai,ศูนย์และก้านล้อ,중심과 반륜구동,0.1,0.67,False,False,40,역번역 유사도 낮음(0.10)
hub & spokes,mya_Mymr,Hub နဲ့ Spokes,허브와 스포크,0.105,0.58,False,False,40,역번역 유사도 낮음(0.11)
hub & spokes,tgl_Latn,hub at spokes,허브와 스포크,0.105,0.58,False,False,40,역번역 유사도 낮음(0.11)
indenture,tha_Thai,สัญญาจ้างงาน,고용 계약서,0.0,0.67,False,False,40,역번역 유사도 낮음(0.00)
independent broker,mya_Mymr,လွတ်လပ်တဲ့ စျေးဝယ်သူ,독립적인 구매자,0.077,0.44,False,False,40,역번역 유사도 낮음(0.08)
interlinker,vie_Latn,interlinker,인터링커,0.0,0.36,False,False,40,역번역 유사도 낮음(0.00)
interlinker,mya_Mymr,အပြန်အလှန်ဆက်သွယ်ရေး,상호작용입니다.,0.0,0.73,False,False,40,역번역 유사도 낮음(0.00)
intermarket trading system,vie_Latn,hệ thống giao dịch liên thị trường,시장 간 거래 시스템,0.108,0.42,False,False,40,역번역 유사도 낮음(0.11)
intermarket trading system,ind_Latn,sistem perdagangan antar pasar,시장 간 무역 시스템,0.108,0.42,False,False,40,역번역 유사도 낮음(0.11)
intermarket trading system,tha_Thai,ระบบซื้อขายข้ามตลาด,시장을 넘나드는 거래 시스템입니다.,0.089,0.73,False,False,40,역번역 유사도 낮음(0.09)
intermarket trading system,mya_Mymr,စျေးကွက်အချင်းချင်း ကုန်သွယ်ရေး စနစ်,시장 간 무역 시스템,0.108,0.42,False,False,40,역번역 유사도 낮음(0.11)
investment company,mya_Mymr,ရင်းနှီးမြှုပ်နှံမှု ကုမ္ပဏီ,투자 회사입니다.,0.074,0.5,False,False,40,역번역 유사도 낮음(0.07)
kassenverein,vie_Latn,kassenverein,카센베레인,0.0,0.42,False,False,40,역번역 유사도 낮음(0.00)
kassenverein,ind_Latn,kassenverein,카센베레인,0.0,0.42,False,False,40,역번역 유사도 낮음(0.00)
kassenverein,mya_Mymr,Kassenverein ဆိုတာက,카센베레인은,0.0,0.5,False,False,40,역번역 유사도 낮음(0.00)
killer bees,vie_Latn,ong sát thủ,살인 벌,0.133,0.36,False,False,40,역번역 유사도 낮음(0.13)
killer bees,ind_Latn,lebah pembunuh,살인 벌,0.133,0.36,False,False,40,역번역 유사도 낮음(0.13)
killer bees,tha_Thai,ผึ้งนักฆ่า,살인 벌,0.133,0.36,False,False,40,역번역 유사도 낮음(0.13)
killer bees,mya_Mymr,လူသတ်ပျားတွေ။,살인 벌입니다.,0.105,0.73,False,False,40,역번역 유사도 낮음(0.11)
know-your customer rule,vie_Latn,quy tắc “hiểu rõ khách hàng”,고객에 대한 이해의 규칙,0.111,0.57,False,False,40,역번역 유사도 낮음(0.11)
know-your customer rule,ind_Latn,aturan kenali nasabah Anda,고객 인식 규칙,0.129,0.35,False,False,40,역번역 유사도 낮음(0.13)
know-your customer rule,tha_Thai,กฎการรู้จักลูกค้า (Know-Your-Customer),"""고객을 잘 아는 법""",0.114,0.52,False,False,40,역번역 유사도 낮음(0.11)
know-your customer rule,mya_Mymr,Know-Your Customer စည်းမျဉ်းပါ။,"""고객을 알라""라는 법칙입니다.",0.1,0.74,False,False,40,역번역 유사도 낮음(0.10)
local trader,vie_Latn,nhà giao dịch địa phương,지역 상인,0.118,0.42,False,False,40,역번역 유사도 낮음(0.12)
local trader,ind_Latn,pedagang lokal,지역 상인,0.118,0.42,False,False,40,역번역 유사도 낮음(0.12)
local trader,tha_Thai,ผู้ค้าท้องถิ่น,지역 상인,0.118,0.42,False,False,40,역번역 유사도 낮음(0.12)
local trader,mya_Mymr,ဒေသတွင်း ကုန်သည်,지역 상인,0.118,0.42,False,False,40,역번역 유사도 낮음(0.12)
matched book,vie_Latn,cuốn sách trùng khớp,책과 일치합니다.,0.095,0.75,False,False,40,역번역 유사도 낮음(0.10)
matched book,ind_Latn,buku yang cocok,적절한 책입니다.,0.095,0.75,False,False,40,역번역 유사도 낮음(0.10)
matched book,tha_Thai,หนังสือที่ตรงกัน,일치하는 책입니다.,0.091,0.83,False,False,40,역번역 유사도 낮음(0.09)
matched book,mya_Mymr,တူညီတဲ့ စာအုပ်ပါ။,같은 책입니다.,0.1,0.67,False,False,40,역번역 유사도 낮음(0.10)
matching fund,vie_Latn,quỹ đối ứng,대조 기금,0.111,0.38,False,False,40,역번역 유사도 낮음(0.11)
matching fund,ind_Latn,dana pendamping,동반자 기금,0.105,0.46,False,False,40,역번역 유사도 낮음(0.11)
matching fund,tha_Thai,เงินสมทบ,돈도 많아요,0.105,0.46,False,False,40,역번역 유사도 낮음(0.11)
matching fund,mya_Mymr,တူညီတဲ့ ရံပုံငွေ,동등한 자금,0.105,0.46,False,False,40,역번역 유사도 낮음(0.11)
narrow bank,vie_Latn,ngân hàng quy mô nhỏ,소규모 은행,0.118,0.55,False,False,40,역번역 유사도 낮음(0.12)
narrow bank,ind_Latn,bank khusus,특수 은행,0.125,0.45,False,False,40,역번역 유사도 낮음(0.12)
narrow bank,tha_Thai,ธนาคารขนาดเล็ก,작은 은행,0.125,0.45,False,False,40,역번역 유사도 낮음(0.12)
narrow bank,mya_Mymr,Narrow Bank,좁은 은행,0.125,0.45,False,False,40,역번역 유사도 낮음(0.12)
national market system,vie_Latn,hệ thống thị trường quốc gia,국가 시장 시스템,0.129,0.41,False,False,40,역번역 유사도 낮음(0.13)
national market system,ind_Latn,sistem pasar nasional,국가 시장 시스템,0.129,0.41,False,False,40,역번역 유사도 낮음(0.13)
national market system,tha_Thai,ระบบตลาดระดับชาติ,국가시장 시스템,0.067,0.36,False,False,40,역번역 유사도 낮음(0.07)
national market system,mya_Mymr,အမျိုးသားစျေးကွက်စနစ်,국가시장 시스템,0.067,0.36,False,False,40,역번역 유사도 낮음(0.07)
net credit or net debit position,ind_Latn,posisi kredit bersih atau posisi debit bersih,순채권 위치 또는 순채권 위치,0.167,0.5,False,False,40,역번역 유사도 낮음(0.17)
net credit or net debit position,tha_Thai,ตำแหน่งเครดิตสุทธิหรือเดบิตสุทธิ,적립된 신용 또는 적립된 채권,0.167,0.5,False,False,40,역번역 유사도 낮음(0.17)
net credit or net debit position,mya_Mymr,net credit (သို့) net debit အနေအထား,순채권 또는 순채권 상태입니다.,0.122,0.53,False,False,40,역번역 유사도 낮음(0.12)
net debit caps,vie_Latn,giới hạn rút tiền ròng,자금 인출 제한,0.182,0.57,False,False,40,역번역 유사도 낮음(0.18)
net debit caps,ind_Latn,batas debit bersih,순수 유출 제한,0.182,0.57,False,False,40,역번역 유사도 낮음(0.18)
net debit caps,tha_Thai,ขีดจำกัดการถอนเงินผ่านเน็ต,온라인 환불 제한,0.174,0.64,False,False,40,역번역 유사도 낮음(0.17)
net debit caps,mya_Mymr,net debit caps တွေ,자금 채권 대상이 됩니다.,0.143,1.0,False,False,40,역번역 유사도 낮음(0.14)
net sender limits,vie_Latn,Giới hạn người gửi trên mạng,온라인 전송자 제한,0.148,0.59,False,False,40,역번역 유사도 낮음(0.15)
net sender limits,ind_Latn,batas pengirim jaringan,네트워크 송신자 제한,0.143,0.65,False,False,40,역번역 유사도 낮음(0.14)
net sender limits,tha_Thai,ขีดจำกัดการส่งเงินสุทธิ,적당한 송금 제한,0.154,0.53,False,False,40,역번역 유사도 낮음(0.15)
net sender limits,mya_Mymr,net sender limit များ,네트 송신자 제한,0.154,0.53,False,False,40,역번역 유사도 낮음(0.15)
nominee name,vie_Latn,tên người được đề cử,후보자의 이름,0.105,0.58,False,False,40,역번역 유사도 낮음(0.11)
nominee name,ind_Latn,nama calon,후보자의 이름,0.105,0.58,False,False,40,역번역 유사도 낮음(0.11)
nominee name,tha_Thai,ชื่อผู้ได้รับการเสนอชื่อ,추천자의 이름은,0.1,0.67,False,False,40,역번역 유사도 낮음(0.10)
nominee name,mya_Mymr,Nominee အမည်,후보자의 이름,0.105,0.58,False,False,40,역번역 유사도 낮음(0.11)
nostro account,vie_Latn,tài khoản của chúng tôi,우리 계좌,0.105,0.36,False,False,40,역번역 유사도 낮음(0.11)
nostro account,ind_Latn,akun kami,우리 계좌,0.105,0.36,False,False,40,역번역 유사도 낮음(0.11)
nostro account,tha_Thai,บัญชีของเรา,우리 계좌,0.105,0.36,False,False,40,역번역 유사도 낮음(0.11)
nostro account,mya_Mymr,ကျွန်တော်တို့ရဲ့ အကောင့်,우리의 계정입니다.,0.083,0.71,False,False,40,역번역 유사도 낮음(0.08)
on-line system,vie_Latn,hệ thống trực tuyến,온라인 시스템,0.095,0.5,False,False,40,역번역 유사도 낮음(0.10)
on-line system,ind_Latn,sistem daring,온라인 시스템,0.095,0.5,False,False,40,역번역 유사도 낮음(0.10)
on-line system,tha_Thai,ระบบออนไลน์,온라인 시스템,0.095,0.5,False,False,40,역번역 유사도 낮음(0.10)
on-line system,mya_Mymr,အွန်လိုင်း စနစ်,온라인 시스템,0.095,0.5,False,False,40,역번역 유사도 낮음(0.10)
open position,vie_Latn,vị trí tuyển dụng,채용 위치,0.111,0.38,False,False,40,역번역 유사도 낮음(0.11)
open position,tha_Thai,ตำแหน่งว่าง,공석입니다.,0.0,0.46,False,False,40,역번역 유사도 낮음(0.00)
open position,mya_Mymr,ပွင့်လင်းတဲ့ နေရာပါ။,그것은 열린 공간입니다.,0.077,1.0,False,False,40,역번역 유사도 낮음(0.08)
pac-man strategy,mya_Mymr,Pac-Man မဟာဗျူဟာ,"""패크맨 전략""",0.083,0.5,False,False,40,역번역 유사도 낮음(0.08)
paper-based credit transfers,vie_Latn,chuyển đổi tín chỉ trên giấy,종이로 신용을 전환,0.105,0.36,False,False,40,역번역 유사도 낮음(0.11)
paper-based credit transfers,ind_Latn,transfer kredit berbasis kertas,종이에 기반한 신용 송금,0.098,0.46,False,False,40,역번역 유사도 낮음(0.10)
paper-based credit transfers,mya_Mymr,စက္ကူအခြေခံ ငွေလွှဲပြောင်းမှု,종이에 기반한 송금,0.105,0.36,False,False,40,역번역 유사도 낮음(0.11)
plus tick,ind_Latn,plus centang,+ 체크,0.154,0.44,False,False,40,역번역 유사도 낮음(0.15)
plus tick,tha_Thai,บวกเครื่องหมายถูก,"네, 맞습니다.",0.118,0.89,False,False,40,역번역 유사도 낮음(0.12)
plus tick,mya_Mymr,plus tick ကို,더하기 틱,0.143,0.56,False,False,40,역번역 유사도 낮음(0.14)
poison pill,vie_Latn,"chiến thuật ""viên thuốc độc""","""독약 처방전"" 전략",0.091,1.0,False,False,40,역번역 유사도 낮음(0.09)
poison pill,tha_Thai,กลไกป้องกันการเข้าซื้อกิจการ,접근 방지 메커니즘,0.095,0.91,False,False,40,역번역 유사도 낮음(0.10)
poison pill,mya_Mymr,အဆိပ်ဆေးပါ။,독약입니다.,0.0,0.55,False,False,40,역번역 유사도 낮음(0.00)
pre-commitment approach,vie_Latn,phương pháp cam kết trước,사전 약속 방법,0.065,0.35,False,False,40,역번역 유사도 낮음(0.06)
pre-commitment approach,ind_Latn,pendekatan pra-komitmen,사전 약속의 접근,0.062,0.39,False,False,40,역번역 유사도 낮음(0.06)
registar,vie_Latn,registar,레지스터,0.0,0.5,False,False,40,역번역 유사도 낮음(0.00)
registar,tha_Thai,ผู้จดทะเบียน,등록자,0.0,0.38,False,False,40,역번역 유사도 낮음(0.00)
registered competitive trader,vie_Latn,nhà giao dịch cạnh tranh đã đăng ký,경쟁 거래자가 등록되었습니다.,0.089,0.55,False,False,40,역번역 유사도 낮음(0.09)
registered competitive trader,ind_Latn,pedagang terdaftar yang berkompetisi,경쟁하는 등록 상인,0.103,0.34,False,False,40,역번역 유사도 낮음(0.10)
registered competitive trader,tha_Thai,ผู้ค้าที่ได้รับการจดทะเบียนเพื่อแข่งขัน,경기에 등록된 상인,0.103,0.34,False,False,40,역번역 유사도 낮음(0.10)
registered competitive trader,mya_Mymr,Registered Competitive Trader လို့ခေါ်ပါတယ်။,등록된 경쟁상거래자라고 합니다.,0.087,0.59,False,False,40,역번역 유사도 낮음(0.09)
repo-to-maturity,ind_Latn,repo hingga jatuh tempo,매장기간까지요,0.0,0.44,False,False,40,역번역 유사도 낮음(0.00)
repo-to-maturity,tha_Thai,อัตราผลตอบแทนจนถึงวันครบกำหนด,정해진 기간까지의 수익률,0.0,0.81,False,False,40,역번역 유사도 낮음(0.00)
repo-to-maturity,mya_Mymr,Repo-to-maturity ဆိုတာက,리포-트-메이쳐티는,0.154,0.62,False,False,40,역번역 유사도 낮음(0.15)
round lot,vie_Latn,lô đất hình tròn,원형의 토지,0.133,0.67,False,False,40,역번역 유사도 낮음(0.13)
round lot,ind_Latn,lahan berbentuk bulat,원형의 토지,0.133,0.67,False,False,40,역번역 유사도 낮음(0.13)
round lot,tha_Thai,โครงเรื่องแบบวงกลม,원형의 이야기입니다.,0.1,1.22,False,False,40,역번역 유사도 낮음(0.10)
round lot,mya_Mymr,အဝိုင်းအထုပ်,둥근 포장지,0.133,0.67,False,False,40,역번역 유사도 낮음(0.13)
rule OF 72,vie_Latn,Quy tắc 72,72번 규칙,0.25,0.6,False,False,40,역번역 유사도 낮음(0.25)
rule OF 72,ind_Latn,Aturan 72,72번 규칙,0.25,0.6,False,False,40,역번역 유사도 낮음(0.25)
rule OF 72,tha_Thai,กฎ 72,72번 규칙,0.25,0.6,False,False,40,역번역 유사도 낮음(0.25)
rule OF 72,mya_Mymr,၇၂ စည်းမျဉ်း,72개의 규칙,0.235,0.7,False,False,40,역번역 유사도 낮음(0.24)
rule of fair practice,vie_Latn,nguyên tắc thực hành công bằng,공정한 관행의 원칙,0.129,0.48,False,False,40,역번역 유사도 낮음(0.13)
rule of fair practice,ind_Latn,prinsip praktik yang adil,공평한 원칙의 실천,0.129,0.48,False,False,40,역번역 유사도 낮음(0.13)
rule of fair practice,tha_Thai,หลักการปฏิบัติอย่างยุติธรรม,공정한 행동의 원칙,0.129,0.48,False,False,40,역번역 유사도 낮음(0.13)
rule of fair practice,mya_Mymr,Fair Practice ရဲ့ စည်းမျဉ်းပါ။,공정한 실천의 법칙입니다.,0.114,0.67,False,False,40,역번역 유사도 낮음(0.11)
segregation of securities,tha_Thai,การแยกประเภทหลักทรัพย์,자금의 종류를 구분하고,0.108,0.48,False,False,40,역번역 유사도 낮음(0.11)
sleeping beauty,vie_Latn,Người đẹp ngủ trong rừng,숲에서 자고 있는 아름다운 여자,0.062,1.13,False,False,40,역번역 유사도 낮음(0.06)
sleeping beauty,ind_Latn,putri tidur,딸은 자고 있어요,0.083,0.6,False,False,40,역번역 유사도 낮음(0.08)
sleeping beauty,tha_Thai,เจ้าหญิงนิทรา,니트라 공주님,0.091,0.47,False,False,40,역번역 유사도 낮음(0.09)
sleeping beauty,mya_Mymr,အိပ်ပျော်နေတဲ့ အလှမယ်,잠자는 미녀,0.095,0.4,False,False,40,역번역 유사도 낮음(0.10)
snow balling,vie_Latn,hiệu ứng quả cầu tuyết,눈덩어리 효과,0.105,0.58,False,False,40,역번역 유사도 낮음(0.11)
snow balling,ind_Latn,efek bola salju,스노우볼 효과,0.105,0.58,False,False,40,역번역 유사도 낮음(0.11)
snow balling,tha_Thai,ลูกหิมะที่กลิ้งใหญ่ขึ้นเรื่อยๆ,얼음덩어리는 점점 더 커지고 있습니다.,0.061,1.75,False,False,40,역번역 유사도 낮음(0.06)
spagetti problem,vie_Latn,vấn đề mì spaghetti,스파게티 문제,0.087,0.44,False,False,40,역번역 유사도 낮음(0.09)
spagetti problem,ind_Latn,masalah spageti,스파게티 문제,0.087,0.44,False,False,40,역번역 유사도 낮음(0.09)
spagetti problem,tha_Thai,ปัญหาสปาเก็ตตี้,스파티 문제,0.091,0.38,False,False,40,역번역 유사도 낮음(0.09)
spagetti problem,mya_Mymr,Spagetti ပြဿနာပါ။,스파게티 문제입니다.,0.074,0.69,False,False,40,역번역 유사도 낮음(0.07)
stock power,vie_Latn,sức mạnh cổ phiếu,주식 힘,0.133,0.36,False,False,40,역번역 유사도 낮음(0.13)
stock power,tha_Thai,กำลังของสต็อก,스톡의 힘,0.125,0.45,False,False,40,역번역 유사도 낮음(0.12)
stock power,mya_Mymr,စတော့ စွမ်းအင်,원자력입니다.,0.0,0.64,False,False,40,역번역 유사도 낮음(0.00)
stock watcher,vie_Latn,công cụ theo dõi cổ phiếu,주식 추적 도구,0.095,0.62,False,False,40,역번역 유사도 낮음(0.10)
stock watcher,ind_Latn,pengamat saham,주식 관찰자,0.105,0.46,False,False,40,역번역 유사도 낮음(0.11)
stock watcher,tha_Thai,ติดตามราคาหุ้น,주식 가격을 지켜보세요.,0.077,1.0,False,False,40,역번역 유사도 낮음(0.08)
stock watcher,mya_Mymr,စတော့ စောင့်ကြည့်သူ။,관측자가 되세요.,0.091,0.69,False,False,40,역번역 유사도 낮음(0.09)
street name,vie_Latn,tên đường,거리의 이름,0.118,0.55,False,False,40,역번역 유사도 낮음(0.12)
street name,ind_Latn,nama jalan,거리 이름,0.125,0.45,False,False,40,역번역 유사도 낮음(0.12)
street name,tha_Thai,ชื่อถนน,거리 이름,0.125,0.45,False,False,40,역번역 유사도 낮음(0.12)
street name,mya_Mymr,လမ်းအမည်,거리 이름,0.125,0.45,False,False,40,역번역 유사도 낮음(0.12)
subparticipation,vie_Latn,sự tham gia gián tiếp,간접적인 참여,0.0,0.44,False,False,40,역번역 유사도 낮음(0.00)
subparticipation,tha_Thai,การมีส่วนร่วมระดับย่อย,소규모 참여,0.0,0.38,False,False,40,역번역 유사도 낮음(0.00)
suicide pill,mya_Mymr,ကိုယ့်ကိုယ်ကို သတ်သေဆေးပါ။,스스로 목숨을 끊으세요.,0.08,1.08,False,False,40,역번역 유사도 낮음(0.08)
sunday bank,vie_Latn,Ngân hàng Sunday,일요일 은행,0.118,0.55,False,False,40,역번역 유사도 낮음(0.12)
sunday bank,ind_Latn,bank hari Minggu,은행 일요일,0.118,0.55,False,False,40,역번역 유사도 낮음(0.12)
sunday bank,tha_Thai,ธนาคารวันอาทิตย์,일요일 은행,0.118,0.55,False,False,40,역번역 유사도 낮음(0.12)
sunday bank,mya_Mymr,Sunday Bank မှာ,저는 일요일 은행에서,0.091,1.0,False,False,40,역번역 유사도 낮음(0.09)
sushi bond,vie_Latn,trái phiếu sushi,수시 채권,0.133,0.5,False,False,40,역번역 유사도 낮음(0.13)
sushi bond,ind_Latn,sushi bond,수시 본드,0.133,0.5,False,False,40,역번역 유사도 낮음(0.13)
sushi bond,tha_Thai,พันธบัตรซูชิ,수시증권,0.0,0.4,False,False,40,역번역 유사도 낮음(0.00)
sushi bond,mya_Mymr,ဆူရှီဘောင်,수시 프레임,0.125,0.6,False,False,40,역번역 유사도 낮음(0.12)
system repo,vie_Latn,kho hệ thống,시스템 저장소,0.111,0.64,False,False,40,역번역 유사도 낮음(0.11)
system repo,ind_Latn,repositori sistem,시스템 저장소,0.111,0.64,False,False,40,역번역 유사도 낮음(0.11)
system repo,tha_Thai,คลังข้อมูลระบบ,시스템 데이터베이스,0.095,0.91,False,False,40,역번역 유사도 낮음(0.10)
system repo,mya_Mymr,system repo ကို,시스템 리포,0.118,0.55,False,False,40,역번역 유사도 낮음(0.12)
tax call option,vie_Latn,quyền chọn mua thuế,세금 구매 옵션,0.174,0.53,False,False,40,역번역 유사도 낮음(0.17)
tax call option,ind_Latn,opsi beli pajak,세금 구매 옵션,0.174,0.53,False,False,40,역번역 유사도 낮음(0.17)
tax call option,tha_Thai,สิทธิ์ซื้อภาษี,세금을 받을 수 있는 권리,0.138,0.93,False,False,40,역번역 유사도 낮음(0.14)
tax call option,mya_Mymr,အခွန်ခေါ်ဆိုမှု ရွေးချယ်မှု,세금 징수 선택,0.174,0.53,False,False,40,역번역 유사도 낮음(0.17)
ticker tape,ind_Latn,pita ticker,티커 테이퍼,0.118,0.55,False,False,40,역번역 유사도 낮음(0.12)
ticker tape,mya_Mymr,တီကာ တိပ်ပါ။,틱테이프입니다.,0.0,0.73,False,False,40,역번역 유사도 낮음(0.00)
tranches,ind_Latn,tranche,트랜치,0.0,0.38,False,False,40,역번역 유사도 낮음(0.00)
tranches,mya_Mymr,အလှူငွေတွေ,기부금,0.0,0.38,False,False,40,역번역 유사도 낮음(0.00)
twenty-day period,vie_Latn,thời hạn 20 ngày,기간 20일,0.087,0.35,False,False,40,역번역 유사도 낮음(0.09)
twenty-day period,ind_Latn,periode dua puluh hari,20일 기간,0.087,0.35,False,False,40,역번역 유사도 낮음(0.09)
twenty-day period,tha_Thai,ช่วงเวลา 20 วัน,20일 동안,0.087,0.35,False,False,40,역번역 유사도 낮음(0.09)
twenty-day period,mya_Mymr,(၂၀) ရက်ကာလ,20일 기간,0.087,0.35,False,False,40,역번역 유사도 낮음(0.09)
two-dollar broker,vie_Latn,nhà môi giới hai đô la,중개인 2달러,0.083,0.41,False,False,40,역번역 유사도 낮음(0.08)
two-dollar broker,ind_Latn,broker dua dolar,브로커 2달러,0.083,0.41,False,False,40,역번역 유사도 낮음(0.08)
two-dollar broker,tha_Thai,ผู้กลางที่คิดค่าบริการสองดอลลาร์,중개인은 2달러를 청구합니다.,0.061,0.94,False,False,40,역번역 유사도 낮음(0.06)
two-dollar broker,mya_Mymr,နှစ်ဒေါ်လာ ကုန်သည်,2달러 상인,0.087,0.35,False,False,40,역번역 유사도 낮음(0.09)
two-sided comparison,vie_Latn,so sánh hai mặt,두 면을 비교합니다.,0.065,0.55,False,False,40,역번역 유사도 낮음(0.06)
two-sided comparison,tha_Thai,การเปรียบเทียบสองด้าน,두 가지 측면의 비교,0.065,0.55,False,False,40,역번역 유사도 낮음(0.06)
uniform practice code,vie_Latn,bộ quy tắc thực hành thống nhất,통일된 행동 규칙,0.133,0.43,False,False,40,역번역 유사도 낮음(0.13)
uniform practice code,ind_Latn,kode praktik seragam,유니폼 연습 코드,0.133,0.43,False,False,40,역번역 유사도 낮음(0.13)
uniform practice code,tha_Thai,รหัสปฏิบัติมาตรฐาน,표준 코드입니다.,0.067,0.43,False,False,40,역번역 유사도 낮음(0.07)
uniform practice code,mya_Mymr,ယူနီဖောင်းလေ့ကျင့်မှု ကုဒ်။,유니폼을 입어야 합니다.,0.118,0.62,False,False,40,역번역 유사도 낮음(0.12)
uptick,vie_Latn,sự tăng nhẹ,가벼운 상승,0.0,1.0,False,False,40,역번역 유사도 낮음(0.00)
uptick,tha_Thai,การเพิ่มขึ้นเล็กน้อย,작은 상승,0.0,0.83,False,False,40,역번역 유사도 낮음(0.00)
value broker,vie_Latn,nhà môi giới giá trị,가치 브로커,0.111,0.5,False,False,40,역번역 유사도 낮음(0.11)
value broker,ind_Latn,broker nilai,가치 브로커,0.111,0.5,False,False,40,역번역 유사도 낮음(0.11)
value broker,tha_Thai,ผู้กลางด้านมูลค่า,가치 중개자,0.111,0.5,False,False,40,역번역 유사도 낮음(0.11)
value broker,mya_Mymr,Value Broker လို့ခေါ်ပါတယ်။,이것은 가치중개자라고 불립니다.,0.069,1.42,False,False,40,역번역 유사도 낮음(0.07)
value date,ind_Latn,tanggal nilai,가치 날짜,0.133,0.5,False,False,40,역번역 유사도 낮음(0.13)
value date,tha_Thai,วันที่บันทึกมูลค่า,가치 기록 날짜,0.111,0.8,False,False,40,역번역 유사도 낮음(0.11)
value date,mya_Mymr,value date ကို,값은 날짜입니다.,0.105,0.9,False,False,40,역번역 유사도 낮음(0.11)
wire house,vie_Latn,công ty chứng khoán lớn,큰 주식회사,0.125,0.6,False,False,40,역번역 유사도 낮음(0.12)
wire house,ind_Latn,perusahaan sekuritas besar,큰 증권 회사,0.118,0.7,False,False,40,역번역 유사도 낮음(0.12)
wire house,tha_Thai,บริษัทหลักทรัพย์,자본회사,0.0,0.4,False,False,40,역번역 유사도 낮음(0.00)
wire house,mya_Mymr,ဝိုင်ယာအိမ်,유선 집,0.143,0.4,False,False,40,역번역 유사도 낮음(0.14)
가격역지정 주문,mya_Mymr,ကုန်ကျစရိတ် သတ်မှတ်ချက်။,비용입니다.,0.0,0.75,False,False,40,역번역 유사도 낮음(0.00)
가격우선의 원칙,tha_Thai,หลักการให้ความสำคัญกับราคา,이 원칙은 가격에 초점을 맞추고 있습니다.,0.194,2.88,False,False,40,역번역 유사도 낮음(0.19)
가격우선의 원칙,mya_Mymr,ဈေးနှုန်း မြင့်မားမှု မူဝါဒ,물가 상승 정책,0.25,1.0,False,False,40,역번역 유사도 낮음(0.25)
가교은행,ind_Latn,Bank Jembatan,브리지 뱅크,0.0,1.5,False,False,40,역번역 유사도 낮음(0.00)
가교은행,tgl_Latn,Ang mga bangko ng sasakyan,차량의 좌석,0.0,1.5,False,False,40,역번역 유사도 낮음(0.00)
가산금리,vie_Latn,Lãi suất cộng thêm,이산화탄소,0.222,1.25,False,False,40,역번역 유사도 낮음(0.22)
가산금리,tha_Thai,อัตราดอกเบี้ยเพิ่มเติม,이자율을 높여서,0.0,2.0,False,False,40,역번역 유사도 낮음(0.00)
가산금리,mya_Mymr,အိမ်မွေးတိရစ္ဆာန်,애완동물,0.0,1.0,False,False,40,역번역 유사도 낮음(0.00)
가산금리,tgl_Latn,Pag-aalaga ng mga hayop,동물 보호,0.0,1.25,False,False,40,역번역 유사도 낮음(0.00)
가압류,vie_Latn,Tạm giữ tài sản,재산 감금,0.0,1.67,False,False,40,역번역 유사도 낮음(0.00)
가압류,tha_Thai,ไฟล์แนบ,밀접한 파일,0.0,2.0,False,False,40,역번역 유사도 낮음(0.00)
가압류,mya_Mymr,ဖိအားပေးသတ္တဝါများ,압도적인 동물들,0.182,2.67,False,False,40,역번역 유사도 낮음(0.18)
가중주가평균,vie_Latn,Trung bình giá trị gia quyền,평균 소유 가치,0.286,1.33,False,False,40,역번역 유사도 낮음(0.29)
가중주가평균,tha_Thai,ค่าเฉลี่ยเคลื่อนที่ถ่วงน้ำหนัก,무게가 움직이는 평균입니다.,0.286,2.5,False,False,40,역번역 유사도 낮음(0.29)
가중주가평균,mya_Mymr,အဝလွန်သူတွေဟာ ပျမ်းမျှအားဖြင့်,비만 환자는 평균적으로,0.222,2.0,False,False,40,역번역 유사도 낮음(0.22)
가중주가평균,tgl_Latn,Ang mga taong sobra sa timbang ay,과체중은,0.2,0.67,False,False,40,역번역 유사도 낮음(0.20)
간사단,vie_Latn,Ban thư ký,비서실,0.0,1.0,False,False,40,역번역 유사도 낮음(0.00)
간사단,ind_Latn,Tim Sekretariat,사무국 팀,0.25,1.67,False,False,40,역번역 유사도 낮음(0.25)
간사단,mya_Mymr,စောင့်ကြည့်ရေး,감시,0.0,0.67,False,False,40,역번역 유사도 낮음(0.00)
간사단,tgl_Latn,Mga Tagapangasiwa,감독자,0.0,1.0,False,False,40,역번역 유사도 낮음(0.00)
간사회사,tha_Thai,คณะกรรมการจัดงาน,기획위원회,0.222,1.25,False,False,40,역번역 유사도 낮음(0.22)
간사회사,mya_Mymr,စောင့်ရှောက်သူပါ။,저는 보호자입니다.,0.0,2.5,False,False,40,역번역 유사도 낮음(0.00)
간사회사,tgl_Latn,Mga tagapag-alaga,보호자,0.0,0.75,False,False,40,역번역 유사도 낮음(0.00)
간접공시,tha_Thai,การเปิดเผยข้อมูลแบบอ้อม,비공개적인 정보공개,0.143,2.5,False,False,40,역번역 유사도 낮음(0.14)
간접공시,tgl_Latn,Sa pamamagitan ng hindi direktang pagpapakita,간접적으로 보여줌으로써,0.25,3.0,False,False,40,역번역 유사도 낮음(0.25)
간접금융,mya_Mymr,တိုက်ရိုက် ငွေကြေးထောက်ပံ့မှု,직접적인 자금 지원,0.286,2.5,False,False,40,역번역 유사도 낮음(0.29)
간접모집,tha_Thai,การรับสมัครแบบไม่โดยตรง,비공식 지원,0.0,1.5,False,False,40,역번역 유사도 낮음(0.00)
간접발행,mya_Mymr,ဘေးထွက်ဆိုးကျိုးတွေ,부작용입니다.,0.0,1.75,False,False,40,역번역 유사도 낮음(0.00)
간접발행,tgl_Latn,Di-tuwid na pag-akyat,불직한 등반,0.0,1.5,False,False,40,역번역 유사도 낮음(0.00)
간접점유,mya_Mymr,တိုက်ရိုက် ဝယ်ယူခြင်း။,직접 구매입니다.,0.154,2.25,False,False,40,역번역 유사도 낮음(0.15)
간접참가자,mya_Mymr,အဆက်မပြတ် ပါဝင်သူ,지속적인 참여자입니다.,0.235,2.4,False,False,40,역번역 유사도 낮음(0.24)
간접참가자,tgl_Latn,Ang mga hindi direktang kasapi,비접속 회원,0.182,1.2,False,False,40,역번역 유사도 낮음(0.18)
감리대상종목,ind_Latn,Sektor yang Diawasi,감시 구역,0.182,0.83,False,False,40,역번역 유사도 낮음(0.18)
감리대상종목,tha_Thai,รายการที่อยู่ภายใต้การกำกับดูแล,관리하에 있는 프로그램,0.111,2.0,False,False,40,역번역 유사도 낮음(0.11)
감리대상종목,mya_Mymr,ဆီးချိုမျိုးစိတ်,당뇨병의 종류,0.154,1.17,False,False,40,역번역 유사도 낮음(0.15)
감리대상종목,tgl_Latn,Ang mga species ng pandaraya,사기꾼의 종류,0.154,1.17,False,False,40,역번역 유사도 낮음(0.15)
감자차익,mya_Mymr,ခရမ်းချဉ်သီး ရလဒ်။,토마토의 결과입니다.,0.0,2.75,False,False,40,역번역 유사도 낮음(0.00)
감채기금,vie_Latn,Quỹ Gamchae,Gamchae 재단,0.0,2.5,False,False,40,역번역 유사도 낮음(0.00)
감채기금,mya_Mymr,ချေးငွေ,대출,0.0,0.5,False,False,40,역번역 유사도 낮음(0.00)
감채기금,tgl_Latn,Ang mga utang sa utang,부채의 부채,0.2,1.5,False,False,40,역번역 유사도 낮음(0.20)
감채기금부채권,tha_Thai,หลักทรัพย์หนี้ที่มีกองทุนไถ่ถอนเป็นหลักประกัน,부채가 담보로 인출된 채권,0.286,2.0,False,False,40,역번역 유사도 낮음(0.29)
감채기금부채권,mya_Mymr,ချေးငွေ ချေးငွေ ချေးငွေ,대출금 대출금,0.143,1.0,False,False,40,역번역 유사도 낮음(0.14)
강세장,vie_Latn,Thị trường tăng giá,시장의 가격 상승,0.167,3.0,False,False,40,역번역 유사도 낮음(0.17)
강세장,ind_Latn,Pasar bullish,시장이 상승하고,0.182,2.67,False,False,40,역번역 유사도 낮음(0.18)
강세장,tgl_Latn,Kapamilya.,가족입니다.,0.0,2.0,False,False,40,역번역 유사도 낮음(0.00)
강제매수,vie_Latn,Mua bắt buộc,필수 구매,0.222,1.25,False,False,40,역번역 유사도 낮음(0.22)
강제매수,tha_Thai,การเวนคืน,복귀,0.0,0.5,False,False,40,역번역 유사도 낮음(0.00)
개발신탁,ind_Latn,Perwalian Pembangunan,건설기탁,0.25,1.0,False,False,40,역번역 유사도 낮음(0.25)
개발신탁,tgl_Latn,Pag-aalaga sa pag-unlad,성장에 대한 보살핌,0.0,2.5,False,False,40,역번역 유사도 낮음(0.00)
개방식 담보사채,vie_Latn,Trái phiếu có bảo đảm mở,유가증권은 공개됩니다.,0.1,1.5,False,False,40,역번역 유사도 낮음(0.10)
개방식 담보사채,ind_Latn,Obligasi dengan jaminan terbuka,공개보증증권,0.286,0.75,False,False,40,역번역 유사도 낮음(0.29)
개방식 담보사채,tha_Thai,พันธบัตรที่มีหลักประกันแบบเปิด,공인중개증권,0.143,0.75,False,False,40,역번역 유사도 낮음(0.14)
개방식 담보사채,mya_Mymr,ပွင့်လင်းတဲ့ ချုပ်ဆိုမှုပါ။,그것은 개방적인 계약입니다.,0.261,1.88,False,False,40,역번역 유사도 낮음(0.26)
개방형 리포,mya_Mymr,လွတ်လပ်တဲ့ အစီရင်ခံစာ,독립 보고서,0.167,1.0,False,False,40,역번역 유사도 낮음(0.17)
개방형 투자신탁,vie_Latn,Quỹ đầu tư mở,오픈투자펀드,0.286,0.75,False,False,40,역번역 유사도 낮음(0.29)
개방형 투자신탁,ind_Latn,Reksa Dana Terbuka,오픈 머쉬펀드,0.133,0.88,False,False,40,역번역 유사도 낮음(0.13)
개방형 투자신탁,tgl_Latn,Bukas na Pananampalataya sa Pamumuhunan,투자에 대한 개방적인 믿음,0.273,1.75,False,False,40,역번역 유사도 낮음(0.27)
개별결제,ind_Latn,Pembayaran per transaksi,거래당 지불,0.0,1.5,False,False,40,역번역 유사도 낮음(0.00)
개별경쟁매매,tgl_Latn,Pagbebenta ng indibidwal na paligsahan,개인 토너먼트 판매,0.25,1.67,False,False,40,역번역 유사도 낮음(0.25)
개시증거금,ind_Latn,Setoran Awal,초기 예금,0.2,1.0,False,False,40,역번역 유사도 낮음(0.20)
개시증거금,tha_Thai,เงินประกันเริ่มต้น,보험금이 시작됩니다.,0.125,2.2,False,False,40,역번역 유사도 낮음(0.12)
개시증거금,mya_Mymr,ပွင့်လင်းတဲ့ သက်သေခံငွေ,개방형 인증서입니다.,0.25,2.2,False,False,40,역번역 유사도 낮음(0.25)
거래내역,tha_Thai,ประวัติการทำธุรกรรม,사업 기록,0.0,1.25,False,False,40,역번역 유사도 낮음(0.00)
거래내역,mya_Mymr,ရောင်းဝယ်မှု အစိတ်အပိုင်း,거래의 일부입니다.,0.286,2.5,False,False,40,역번역 유사도 낮음(0.29)
거래량비율,mya_Mymr,ကုန်သွယ်မှု ပမာဏ,무역의 양,0.0,1.0,False,False,40,역번역 유사도 낮음(0.00)
거래량회전율,tha_Thai,อัตราการลาออก,퇴직률,0.0,0.5,False,False,40,역번역 유사도 낮음(0.00)
거래량회전율,tgl_Latn,Ang halaga ng kalakalan,무역의 가치,0.0,1.0,False,False,40,역번역 유사도 낮음(0.00)
거래성립률,mya_Mymr,ငွေလဲလှယ်နိုင်မှုနှုန်း,환율,0.0,0.4,False,False,40,역번역 유사도 낮음(0.00)
거래성립률,tgl_Latn,Ang pagiging matatag ng kalakalan,무역의 안정성,0.167,1.4,False,False,40,역번역 유사도 낮음(0.17)
거래소 회원,tha_Thai,สมาชิก Exchange,교환원,0.222,0.5,False,False,40,역번역 유사도 낮음(0.22)
거래소 회원,mya_Mymr,ငွေလဲလှယ်ရေး အဖွဲ့ဝင်,교환 멤버,0.182,0.83,False,False,40,역번역 유사도 낮음(0.18)
거래취소,tha_Thai,การยกเลิกธุรกรรม,사업 중단,0.0,1.25,False,False,40,역번역 유사도 낮음(0.00)
거래취소,mya_Mymr,ရောင်းဝယ်ရေး နေရာပါ။,쇼핑몰입니다.,0.0,1.75,False,False,40,역번역 유사도 낮음(0.00)
거래취소,tgl_Latn,Mga lugar ng kalakalan.,상업지역.,0.0,1.25,False,False,40,역번역 유사도 낮음(0.00)
건설이자,mya_Mymr,ဆောက်လုပ်ရေးနဲ့,건축과,0.286,0.75,False,False,40,역번역 유사도 낮음(0.29)
건설이자,tgl_Latn,Ang pagbuo at,개발과,0.0,0.75,False,False,40,역번역 유사도 낮음(0.00)
겐사끼시장,tha_Thai,ตลาดเกนซากิ,겐자키 마켓,0.182,1.2,False,False,40,역번역 유사도 낮음(0.18)
격탁매매,vie_Latn,Giao dịch chênh lệch giá,가격 차이 거래,0.167,2.0,False,False,40,역번역 유사도 낮음(0.17)
격탁매매,ind_Latn,Transaksi dengan harga tetap,일정한 가격의 거래,0.143,2.5,False,False,40,역번역 유사도 낮음(0.14)
격탁매매,mya_Mymr,အရောင်းအဝယ်,도박,0.0,0.5,False,False,40,역번역 유사도 낮음(0.00)
격탁매매,tgl_Latn,Pag-aabang ng table.,테이블을 빌려주죠.,0.0,2.5,False,False,40,역번역 유사도 낮음(0.00)
견양증권,mya_Mymr,ထောက်ပံ့ရေး လက်မှတ်။,지원 티켓.,0.0,1.5,False,False,40,역번역 유사도 낮음(0.00)
견양증권,tgl_Latn,Mga sertipiko ng suporta,지원 증명서,0.2,1.5,False,False,40,역번역 유사도 낮음(0.20)
결제대금주선제도,vie_Latn,Chế độ hỗ trợ thanh toán,지불 지원 모드,0.0,1.0,False,False,40,역번역 유사도 낮음(0.00)
결제대금주선제도,tha_Thai,โครงการรับประกันการชำระเงิน,지불 보증 프로그램,0.0,1.25,False,False,40,역번역 유사도 낮음(0.00)
결제대금주선제도,mya_Mymr,ပိုက်ဆံပေးချေမှုစနစ်,현금 시스템입니다.,0.111,1.25,False,False,40,역번역 유사도 낮음(0.11)
결제대금주선제도,tgl_Latn,Ang sistema ng pagbabayad ng utang.,빚을 갚는 시스템,0.0,1.12,False,False,40,역번역 유사도 낮음(0.00)
결제대용증,tha_Thai,ใบรับรองการชำระแทน,환불 증명서,0.182,1.2,False,False,40,역번역 유사도 낮음(0.18)
결제대용증,tgl_Latn,Pagpapahintulot sa pagbabayad,지불을 허용하는 것,0.133,2.0,False,False,40,역번역 유사도 낮음(0.13)
결제리스크 관리제도,tgl_Latn,Ang pagmamaneho ng panganib sa pagbabayad,결제 위험을 운용하는 것,0.261,1.3,False,False,40,역번역 유사도 낮음(0.26)
결제불이행거래,tha_Thai,ธุรกรรมที่มียอดค้างชำระ,높은 수익률의 사업입니다.,0.0,2.0,False,False,40,역번역 유사도 낮음(0.00)
결제불이행거래,tgl_Latn,Ang pagbabayad ng utang.,빚을 갚는 것,0.0,1.0,False,False,40,역번역 유사도 낮음(0.00)
결제순서조작,mya_Mymr,အပြီးသတ် စီမံကိန်း။,최종 프로젝트입니다.,0.0,1.83,False,False,40,역번역 유사도 낮음(0.00)
결제순서조작,tgl_Latn,Pag-aayos ng mga order ng pagtatapos,종료 명령을 조정하는 것,0.105,2.17,False,False,40,역번역 유사도 낮음(0.11)
결제시한,vie_Latn,Hạn chót thanh toán,결제 기간,0.444,1.25,False,True,40,is_dup(다의어); 역번역 유사도 다소낮음(0.44)
결제시한,vie_Latn,Hạn chót thanh toán,결제 기간,0.444,1.25,False,True,40,is_dup(다의어); 역번역 유사도 다소낮음(0.44)
결제시한,ind_Latn,Batas waktu pembayaran,결제 기간,0.444,1.25,False,True,40,is_dup(다의어); 역번역 유사도 다소낮음(0.44)
결제시한,ind_Latn,Batas waktu pembayaran,결제 기간,0.444,1.25,False,True,40,is_dup(다의어); 역번역 유사도 다소낮음(0.44)
결제은행제도,tha_Thai,ระบบธนาคารสำหรับการชำระบัญชี,계좌를 지불하는 은행 시스템,0.19,2.5,False,False,40,역번역 유사도 낮음(0.19)
결제은행제도,mya_Mymr,ငွေပေးချေရေး ဘဏ်စနစ်ပါ။,이것은 거래 은행입니다.,0.211,2.17,False,False,40,역번역 유사도 낮음(0.21)
결제일,mya_Mymr,နောက်ဆုံးရက်ပါ။,마감일입니다.,0.2,2.33,False,False,40,역번역 유사도 낮음(0.20)
결제일,tgl_Latn,Araw ng pagtatapos,마지막 날,0.0,1.67,False,False,40,역번역 유사도 낮음(0.00)
결제적체현상,tha_Thai,ยอดค้างชำระ,순수하게 처리해,0.0,1.33,False,False,40,역번역 유사도 낮음(0.00)
결제적체현상,mya_Mymr,အဆုံးသတ်မှု ဖြစ်စဉ်ပါ။,종식 과정입니다.,0.0,1.5,False,False,40,역번역 유사도 낮음(0.00)
결제적체현상,tgl_Latn,Ang pangwakas na bagay,마지막으로,0.0,0.83,False,False,40,역번역 유사도 낮음(0.00)
결제전 예납,vie_Latn,Thanh toán trước khi thanh toán,지불하기 전에 지불,0.25,1.67,False,False,40,역번역 유사도 낮음(0.25)
결제전 예납,ind_Latn,Pembayaran di muka sebelum transaksi,거래 전에 미리 지불,0.235,1.83,False,False,40,역번역 유사도 낮음(0.24)
결제전 예납,mya_Mymr,ငွေပေးချေမှု ကြိုတင်လက်ခံခြင်း,지불을 미리 받는 것,0.118,1.83,False,False,40,역번역 유사도 낮음(0.12)
결제전 예납,tgl_Latn,Ang pagbabayad.,지불.,0.0,0.5,False,False,40,역번역 유사도 낮음(0.00)
결제후 업무처리,tha_Thai,ขั้นตอนการดำเนินการหลังการชำระเงิน,지불 후의 처리 단계,0.421,1.38,False,True,40,is_dup(다의어); 역번역 유사도 다소낮음(0.42)
결제후 업무처리,tha_Thai,ขั้นตอนการดำเนินการหลังการชำระเงิน,지불 후의 처리 단계,0.421,1.38,False,True,40,is_dup(다의어); 역번역 유사도 다소낮음(0.42)
겸업주의,vie_Latn,Nguyên tắc kiêm nhiệm,원칙과 임무,0.0,1.5,False,False,40,역번역 유사도 낮음(0.00)
겸업주의,ind_Latn,Prinsip Kegiatansampingan,부활동의 원칙,0.182,1.75,False,False,40,역번역 유사도 낮음(0.18)
겸업주의,tha_Thai,ความขัดแย้งทางผลประโยชน์,이해의 충돌,0.2,1.5,False,False,40,역번역 유사도 낮음(0.20)
겸업주의,tgl_Latn,Nagtatagumpay sa negosyo,사업에서 성공,0.182,1.75,False,False,40,역번역 유사도 낮음(0.18)
경개적 차감,vie_Latn,Khấu trừ theo tỷ lệ cố định,일정한 비율로 마감,0.25,1.67,False,False,40,역번역 유사도 낮음(0.25)
경개적 차감,ind_Latn,Pengurangan berdasarkan kondisi,조건에 따른 감면,0.267,1.5,False,False,40,역번역 유사도 낮음(0.27)
경개적 차감,tha_Thai,การหักลดหย่อนตามดุลยพินิจ,불순종에 따른 낙담,0.125,1.67,False,False,40,역번역 유사도 낮음(0.12)
경개적 차감,mya_Mymr,ဆူညံတဲ့ အေးစက်မှု။,시끄러운 차갑습니다.,0.235,1.83,False,False,40,역번역 유사도 낮음(0.24)
경과이자,vie_Latn,Lãi suất lũy tiến,이산화탄소,0.222,1.25,False,False,40,역번역 유사도 낮음(0.22)
경과이자,ind_Latn,bunga tertunda,꽃은 늦어졌어,0.0,1.75,False,False,40,역번역 유사도 낮음(0.00)
경과이자,tha_Thai,ดอกเบี้ยที่ยังไม่จ่าย,지불되지 않은 이자,0.286,2.5,False,False,40,역번역 유사도 낮음(0.29)
경과이자,mya_Mymr,ပညာရေးနဲ့,교육과,0.286,0.75,False,False,40,역번역 유사도 낮음(0.29)
경과이자,tgl_Latn,Ang mga pag-aaral at,연구와,0.0,0.75,False,False,40,역번역 유사도 낮음(0.00)
경기종합지수,tgl_Latn,Ang total ng mga laro,전체 게임,0.0,0.83,False,False,40,역번역 유사도 낮음(0.00)
경상수지,vie_Latn,Cán cân vãng lai,융복합 계측,0.0,1.5,False,False,40,역번역 유사도 낮음(0.00)
경상수지,tha_Thai,ยอดเงินในบัญชีเดินสะพัด,횡단보도 계좌의 최고액,0.0,3.0,False,False,40,역번역 유사도 낮음(0.00)
경상수지,mya_Mymr,အမှတ်တရ ရေချိုးခန်း,기념 욕실,0.0,1.25,False,False,40,역번역 유사도 낮음(0.00)
경상수지,tgl_Latn,Ang pag-iingat.,조심스러움,0.0,1.25,False,False,40,역번역 유사도 낮음(0.00)
계약형투자신탁,ind_Latn,Reksa Dana Berbasis Kontrak,계약에 기반한 펀드,0.235,1.43,False,False,40,역번역 유사도 낮음(0.24)
계약형투자신탁,mya_Mymr,ချုပ်ဆိုထားတဲ့ ရင်းနှီးမြှုပ်နှံမှု ယုံကြည်မှုပါ။,이것은 보증금 투자 신뢰입니다.,0.25,2.43,False,False,40,역번역 유사도 낮음(0.25)
계절주,mya_Mymr,ရာသီဥတု,기후,0.0,0.67,False,False,40,역번역 유사도 낮음(0.00)
계절주,tgl_Latn,Ang mga panahon,시대,0.0,0.67,False,False,40,역번역 유사도 낮음(0.00)
계좌대체,vie_Latn,Thay đổi tài khoản,계정 변경,0.222,1.25,False,False,40,역번역 유사도 낮음(0.22)
계좌대체,ind_Latn,Penggantian Rekening,회계 상환,0.222,1.25,False,False,40,역번역 유사도 낮음(0.22)
계좌대체,tgl_Latn,Baguhin ang account.,계좌를 변경하세요.,0.286,2.5,False,False,40,역번역 유사도 낮음(0.29)
계좌이체,vie_Latn,Chuyển khoản,송금,0.0,0.5,False,False,40,역번역 유사도 낮음(0.00)
계좌이체,tha_Thai,การโอนเงินผ่านธนาคาร,은행 송금,0.0,1.25,False,False,40,역번역 유사도 낮음(0.00)
계좌이체,mya_Mymr,ငွေလွှဲပြောင်းမှု။,송금입니다.,0.0,1.5,False,False,40,역번역 유사도 낮음(0.00)
계좌해지,vie_Latn,Hủy tài khoản,계정 취소,0.222,1.25,False,False,40,역번역 유사도 낮음(0.22)
계좌해지,ind_Latn,Penutupan Rekening,회계 종료,0.222,1.25,False,False,40,역번역 유사도 낮음(0.22)
계좌해지,mya_Mymr,စာရင်းပေးပါ။,목록을 만들어주세요.,0.0,2.75,False,False,40,역번역 유사도 낮음(0.00)
고객예탁분,ind_Latn,Dana yang disimpan oleh nasabah,고객들이 저축한 자금,0.25,2.2,False,False,40,역번역 유사도 낮음(0.25)
고객예탁분,mya_Mymr,ဖောက်သည်များအတွက် ကမ်းလှမ်းချက်။,고객들에게 제안합니다.,0.235,2.4,False,False,40,역번역 유사도 낮음(0.24)
고객예탁증권,tha_Thai,หลักทรัพย์ที่ลูกค้าฝากไว้,고객들이 보유한 자산입니다.,0.19,2.5,False,False,40,역번역 유사도 낮음(0.19)
고오든 모형,mya_Mymr,Gooden ပုံစံပါ။,굿렌 모델입니다.,0.267,1.5,False,False,40,역번역 유사도 낮음(0.27)
고정형 투자신탁,ind_Latn,Reksa Dana Investasi Tetap,주식투자펀드,0.286,0.75,False,False,40,역번역 유사도 낮음(0.29)
고정형 투자신탁,tha_Thai,กองทุนลงทุนแบบกำหนดระยะเวลา,투자자금입니다.,0.25,1.0,False,False,40,역번역 유사도 낮음(0.25)
고정형 투자신탁,tgl_Latn,Pinakamataas na pananaligang katiwalaan,가장 높은 신뢰성,0.235,1.12,False,False,40,역번역 유사도 낮음(0.24)
골든 크로스,tha_Thai,กางเขนทอง,황금 십자가,0.167,1.0,False,False,40,역번역 유사도 낮음(0.17)
공개/발성호가,tha_Thai,ผู้จัดพิมพ์/เบ ซอง-โฮ,출판사 / 베 송 호,0.222,1.57,False,False,40,역번역 유사도 낮음(0.22)
공개/발성호가,tgl_Latn,Ang Open Source ay,오픈소스는,0.0,0.71,False,False,40,역번역 유사도 낮음(0.00)
공개매수,ind_Latn,Penawaran Umum untuk Membeli Saham,주식 매매,0.222,1.25,False,False,40,역번역 유사도 낮음(0.22)
공개매수,tha_Thai,ข้อเสนอซื้อหุ้น,주식 구매 제안,0.167,2.0,False,False,40,역번역 유사도 낮음(0.17)
공개매수설명서,tha_Thai,หนังสือชี้ชวนในการเสนอซื้อหุ้น,주식 제안서 안내서,0.118,1.43,False,False,40,역번역 유사도 낮음(0.12)
공개매수설명서,mya_Mymr,အရောင်းအဝယ် ကြေညာချက်,경매 발표,0.167,0.71,False,False,40,역번역 유사도 낮음(0.17)
공개매수설명서,tgl_Latn,Mga pahayag ng pagbebenta.,판매 선언문.,0.143,1.0,False,False,40,역번역 유사도 낮음(0.14)
공개매수신고서,tha_Thai,เอกสารเสนอซื้อหุ้น,주식 제안서,0.154,0.86,False,False,40,역번역 유사도 낮음(0.15)
공개매수신고서,mya_Mymr,လူသိရှင်ကြား ရောင်းချမှုပါ။,공공판매입니다.,0.267,1.14,False,False,40,역번역 유사도 낮음(0.27)
공개법인,vie_Latn,Tổ chức công,공공 조직,0.222,1.25,False,False,40,역번역 유사도 낮음(0.22)
공개법인,tha_Thai,บริษัทจำกัด,주식회사,0.0,1.0,False,False,40,역번역 유사도 낮음(0.00)
공개법인,mya_Mymr,ပွင့်လင်းမြင်သာမှု ဥပဒေ,투명성 법,0.222,1.25,False,False,40,역번역 유사도 낮음(0.22)
공개법인,tgl_Latn,Pangkalahatang Batas,일반적인 규칙,0.182,1.75,False,False,40,역번역 유사도 낮음(0.18)
공개시장조작,vie_Latn,Các hoạt động can thiệp thị trường mở,오픈 마켓 개입 활동,0.118,1.83,False,False,40,역번역 유사도 낮음(0.12)
공개시장조작,ind_Latn,Operasi Pasar Terbuka,오픈 마켓 운영,0.0,1.33,False,False,40,역번역 유사도 낮음(0.00)
공개시장조작,tha_Thai,การดำเนินการในตลาดเปิด,오픈마켓 운영,0.0,1.17,False,False,40,역번역 유사도 낮음(0.00)
공개시장조작,mya_Mymr,ပွင့်လင်းမြင်သာတဲ့ စျေးကွက်ပါ။,그것은 투명한 시장입니다.,0.2,2.33,False,False,40,역번역 유사도 낮음(0.20)
공개시장조작,tgl_Latn,Pangkalahatang pagbebenta,전체 판매,0.0,0.83,False,False,40,역번역 유사도 낮음(0.00)
공기업,ind_Latn,Perusahaan milik negara,주식회사,0.0,1.33,False,False,40,역번역 유사도 낮음(0.00)
공기업,tha_Thai,รัฐวิสาหกิจ,산업국가,0.286,1.33,False,False,40,역번역 유사도 낮음(0.29)
공동간사회사,mya_Mymr,ပူးပေါင်းဆောင်ရွက်သူ,협력자,0.0,0.5,False,False,40,역번역 유사도 낮음(0.00)
공동대리,mya_Mymr,ပူးပေါင်းဆောင်ရွက်မှု,협업,0.0,0.5,False,False,40,역번역 유사도 낮음(0.00)
공동대리,tgl_Latn,Mga kapareha,배우자,0.0,0.75,False,False,40,역번역 유사도 낮음(0.00)
공동지배인,mya_Mymr,ပူးပေါင်းဆောင်ရွက်သူပါ။,저는 협력자입니다.,0.0,2.0,False,False,40,역번역 유사도 낮음(0.00)
공매도,vie_Latn,Bán khống,사기꾼,0.0,1.0,False,False,40,역번역 유사도 낮음(0.00)
공매도,ind_Latn,Penjualan kosong,판매가 무산,0.222,2.0,False,False,40,역번역 유사도 낮음(0.22)
공매도,tha_Thai,การขายชอร์ต,쇼트 판매,0.25,1.67,False,False,40,역번역 유사도 낮음(0.25)
공매수,vie_Latn,Mua khống,사기꾼,0.0,1.0,False,False,40,역번역 유사도 낮음(0.00)
공매수,ind_Latn,Pembelian terbuka,오픈 구매,0.25,1.67,False,False,40,역번역 유사도 낮음(0.25)
공매수,tha_Thai,ตำแหน่งซื้อ,구매 위치,0.25,1.67,False,False,40,역번역 유사도 낮음(0.25)
공매수,mya_Mymr,အရောင်းအဝယ်,도박,0.0,0.67,False,False,40,역번역 유사도 낮음(0.00)
공매수,tgl_Latn,Pangkalahatang presyo,전체 가격,0.0,1.67,False,False,40,역번역 유사도 낮음(0.00)
공모부대서비스회사,tha_Thai,บริษัทให้บริการสนับสนุนการประมูล,경매를 지원하는 회사입니다.,0.167,1.67,False,False,40,역번역 유사도 낮음(0.17)
공모증자,vie_Latn,Phát hành cổ phiếu ra công chúng,주식을 공개합니다.,0.143,2.5,False,False,40,역번역 유사도 낮음(0.14)
공모증자,ind_Latn,Penawaran Umum Saham Baru,새로운 주식공개,0.167,2.0,False,False,40,역번역 유사도 낮음(0.17)
공모증자,tha_Thai,การเสนอขายหุ้นต่อสาธารณะ,주식공개,0.25,1.0,False,False,40,역번역 유사도 낮음(0.25)
공모증자,tgl_Latn,Mga saksi ng kasamaan.,악의 목격자,0.2,1.5,False,False,40,역번역 유사도 낮음(0.20)
공모채,ind_Latn,Obligasi Penawaran Umum,공매장 의무,0.222,2.0,False,False,40,역번역 유사도 낮음(0.22)
공모채,mya_Mymr,အစုလိုက်အပြုံလိုက်,덩어리덩어리,0.0,2.0,False,False,40,역번역 유사도 낮음(0.00)
공모채,tgl_Latn,Mga pantay na utang,동등한 부채,0.222,2.0,False,False,40,역번역 유사도 낮음(0.22)
공사채등록법,mya_Mymr,အများပိုင်စာရင်းအင်း ဥပဒေ။,공공회계법입니다.,0.267,1.5,False,False,40,역번역 유사도 낮음(0.27)
공사채형투자신탁,ind_Latn,Reksa Dana Obligasi Perusahaan,회사 채권 펀드,0.25,1.0,False,False,40,역번역 유사도 낮음(0.25)
공사채형투자신탁,tgl_Latn,Ang mga tungkulin sa pamumuhunan.,투자 책임.,0.286,0.75,False,False,40,역번역 유사도 낮음(0.29)
공시최고,vie_Latn,Thông báo chính thức,공식 발표,0.222,1.25,False,False,40,역번역 유사도 낮음(0.22)
공시최고,tha_Thai,ประกาศสาธารณะ,공개 선언,0.222,1.25,False,False,40,역번역 유사도 낮음(0.22)
공시최고,tgl_Latn,Ang pinaka-publiko,가장 대중적인,0.0,1.75,False,False,40,역번역 유사도 낮음(0.00)
공인중개인,ind_Latn,Agen Properti Berlisensi,면허가 있는 부동산 중개사,0.211,2.8,False,False,40,역번역 유사도 낮음(0.21)
공인중개인,tgl_Latn,Ang mga pampublikong,공공기관,0.222,0.8,False,False,40,역번역 유사도 낮음(0.22)
공정거래법,ind_Latn,Undang-Undang Persaingan Usaha yang Sehat,건전한 기업 경쟁법,0.133,2.0,False,False,40,역번역 유사도 낮음(0.13)
공정게임모형,tha_Thai,แบบจำลองการเล่นอย่างยุติธรรม,공평한 놀이 모델입니다.,0.211,2.17,False,False,40,역번역 유사도 낮음(0.21)
공정할인율,tha_Thai,อัตราส่วนลดที่ยุติธรรม,이 비율은 공정합니다.,0.235,2.4,False,False,40,역번역 유사도 낮음(0.24)
관리대상종목,vie_Latn,Các mã chứng khoán thuộc diện giám sát,감시권에 속하는 증권 코드,0.0,2.33,False,False,40,역번역 유사도 낮음(0.00)
관리대상종목,ind_Latn,Saham yang Dipantau,통제된 주식,0.0,1.0,False,False,40,역번역 유사도 낮음(0.00)
관리대상종목,mya_Mymr,ထိန်းချုပ်ဖို့ ခြိမ်းခြောက်ခံရတဲ့ မျိုးစိတ်,멸종위기종,0.182,0.83,False,False,40,역번역 유사도 낮음(0.18)
관할권,mya_Mymr,တရားစီရင်ခွင့်။,사법권입니다.,0.2,2.33,False,False,40,역번역 유사도 낮음(0.20)
교차담보금제도,vie_Latn,Hệ thống thế chấp chéo,이중 모기지 시스템,0.0,1.43,False,False,40,역번역 유사도 낮음(0.00)
교차담보금제도,ind_Latn,Sistem Jaminan Silang,횡단보증 시스템,0.133,1.14,False,False,40,역번역 유사도 낮음(0.13)
교차담보금제도,mya_Mymr,အပြန်အလှန်ပေးချေမှုစနစ်ပါ။,상호 결제 시스템입니다.,0.1,1.86,False,False,40,역번역 유사도 낮음(0.10)
교차증거금제도,vie_Latn,Hệ thống ký quỹ chéo,수직 기하계,0.0,0.86,False,False,40,역번역 유사도 낮음(0.00)
교차증거금제도,ind_Latn,Sistem Margin Silang,크로스 마진 시스템,0.0,1.43,False,False,40,역번역 유사도 낮음(0.00)
교차증거금제도,tha_Thai,ระบบมาร์จิ้นข้ามบัญชี,이산화탄소,0.0,0.71,False,False,40,역번역 유사도 낮음(0.00)
교차증거금제도,mya_Mymr,အပြန်အလှန် သက်သေပြမှု ပိတ်ပင်မှုပါ။,상호확인 금지라고 합니다.,0.095,2.0,False,False,40,역번역 유사도 낮음(0.10)
교차헤징,vie_Latn,Phòng ngừa rủi ro chéo,크로스 리스크 예방,0.0,2.5,False,False,40,역번역 유사도 낮음(0.00)
교차헤징,ind_Latn,Hedging silang,크로스 헤딩,0.2,1.5,False,False,40,역번역 유사도 낮음(0.20)
교체발행,vie_Latn,Phát hành thay thế,대체 배포,0.222,1.25,False,False,40,역번역 유사도 낮음(0.22)
교체발행,ind_Latn,Penerbitan pengganti,대체 출판,0.222,1.25,False,False,40,역번역 유사도 낮음(0.22)
교체발행,tha_Thai,ปัญหาการเปลี่ยนชิ้นส่วน,부품 교체 문제입니다.,0.25,3.0,False,False,40,역번역 유사도 낮음(0.25)
교체발행,mya_Mymr,အပြောင်းအလဲ ထွက်ခွာ,변화를 떠나세요.,0.0,2.25,False,False,40,역번역 유사도 낮음(0.00)
교체발행,tgl_Latn,Pag-alis ng kapalit,대가를 치르는 것,0.0,2.25,False,False,40,역번역 유사도 낮음(0.00)
구상권,ind_Latn,Hak ganti rugi,손해배상,0.286,1.33,False,False,40,역번역 유사도 낮음(0.29)
구상권,mya_Mymr,မူပိုင်ခွင့်။,특허입니다.,0.0,2.0,False,False,40,역번역 유사도 낮음(0.00)
국가신인도,mya_Mymr,နိုင်ငံရေး နတ်ဘုရား။,정치의 신입니다.,0.143,1.8,False,False,40,역번역 유사도 낮음(0.14)
국가신인도,tgl_Latn,Ang mga diyos ng bansa.,나라의 신들,0.182,1.2,False,False,40,역번역 유사도 낮음(0.18)
국민주,tha_Thai,สภาผู้แทนราษฎร,국회의원님,0.25,1.67,False,False,40,역번역 유사도 낮음(0.25)
국민주,mya_Mymr,နိုင်ငံတော်သမ္မတ။,국무장관입니다.,0.182,2.67,False,False,40,역번역 유사도 낮음(0.18)
국민주,tgl_Latn,Pangulo ng Bansa,국가 총리,0.25,1.67,False,False,40,역번역 유사도 낮음(0.25)
국민주택채권,mya_Mymr,ပြည်သူ့အိမ်ရာ ချေးငွေ,공공 주택 대출,0.286,1.33,False,False,40,역번역 유사도 낮음(0.29)
국민총생산,tgl_Latn,Ang PNP,PNP,0.0,0.6,False,False,40,역번역 유사도 낮음(0.00)
국제간 거래,tgl_Latn,Pangkalahatang kalakalan,일반 무역,0.182,0.83,False,False,40,역번역 유사도 낮음(0.18)
국제간 대금지급,mya_Mymr,နိုင်ငံတကာ ပိတ်ဆို့မှုနှုန်း,세계적 폐쇄율,0.133,0.88,False,False,40,역번역 유사도 낮음(0.13)
국제간 대금지급,tgl_Latn,Ang pandaigdigang halaga ng pandaraya,세계적 규모의 사기,0.111,1.25,False,False,40,역번역 유사도 낮음(0.11)
국제금융센타,tgl_Latn,Ang Pangkalahatang Pondo,공동 기금,0.182,0.83,False,False,40,역번역 유사도 낮음(0.18)
국제보관기관,tha_Thai,ศูนย์รับฝากหลักทรัพย์ระดับนานาชาติ,국제 증권거래센터,0.267,1.5,False,False,40,역번역 유사도 낮음(0.27)
국제분산투자,tgl_Latn,Pangkalahatang pag-iimbak,일반 저장,0.0,0.83,False,False,40,역번역 유사도 낮음(0.00)
국제정합성,tgl_Latn,Pangkalahatang pagkakapareho,일반적인 유사성,0.154,1.6,False,False,40,역번역 유사도 낮음(0.15)
국제증권,tgl_Latn,Mga pandaigdigang dokumento,세계 문서,0.0,1.25,False,False,40,역번역 유사도 낮음(0.00)
국제증권예탁결제기관,tha_Thai,ศูนย์รับฝากหลักทรัพย์กลางระดับนานาชาติ,국제중앙투자센터,0.222,0.8,False,False,40,역번역 유사도 낮음(0.22)
국제증권예탁결제기관,mya_Mymr,နိုင်ငံတကာ ငွေကြေးပေးချေရေး အဖွဲ့အစည်း။,국제금융조합입니다.,0.2,1.0,False,False,40,역번역 유사도 낮음(0.20)
국채전문딜러,vie_Latn,Nhà giao dịch chuyên về trái phiếu chính phủ,정부 채권 거래자,0.133,1.5,False,False,40,역번역 유사도 낮음(0.13)
국채전문딜러,mya_Mymr,နိုင်ငံတော် ကြွေးမြီ ရောင်းဝယ်သူ,국가채권 거래자,0.286,1.33,False,False,40,역번역 유사도 낮음(0.29)
국채전문딜러,tgl_Latn,Nagbebenta ng utang ng estado.,국채를 팔고 있어요,0.25,1.67,False,False,40,역번역 유사도 낮음(0.25)
국채집합등록제도,vie_Latn,Hệ thống đăng ký tập trung trái phiếu chính phủ,중앙 정부 채권 등록 시스템,0.261,1.88,False,False,40,역번역 유사도 낮음(0.26)
국채집합등록제도,tha_Thai,ระบบการจดทะเบียนพันธบัตรรัฐบาลแบบรวมศูนย์,중앙 집중식 정부 채권 등록 시스템,0.222,2.38,False,False,40,역번역 유사도 낮음(0.22)
국채집합등록제도,mya_Mymr,နိုင်ငံတော် ကြွေးမြီ စုစည်းရေး အစီအစဉ်,국가 부채 조성 계획,0.211,1.38,False,False,40,역번역 유사도 낮음(0.21)
국채집합등록제도,tgl_Latn,Ang sistema ng pagkolekta ng utang.,부채 회수 시스템,0.118,1.12,False,False,40,역번역 유사도 낮음(0.12)
권리락,vie_Latn,Hạn chế quyền,권한 제한,0.25,1.67,False,False,40,역번역 유사도 낮음(0.25)
권리락주가,vie_Latn,Cổ phiếu bị hạn chế quyền lợi,지분 제한 주식,0.154,1.6,False,False,40,역번역 유사도 낮음(0.15)
권리락주가,ind_Latn,Saham yang haknya telah jatuh tempo,주식이 만료되었습니다.,0.118,2.4,False,False,40,역번역 유사도 낮음(0.12)
권리예탁,vie_Latn,Lưu ký quyền sở hữu,소유권 기록,0.2,1.5,False,False,40,역번역 유사도 낮음(0.20)
권리예탁,mya_Mymr,ရပိုင်ခွင့် အာမခံချက်,저작권 보장,0.2,1.5,False,False,40,역번역 유사도 낮음(0.20)
권리예탁계좌부,mya_Mymr,ရပိုင်ခွင့် ထိန်းသိမ်းရေး စာရင်းကိုင်,저작권 보유 회계,0.25,1.29,False,False,40,역번역 유사도 낮음(0.25)
권리예탁계좌부,tgl_Latn,Mga tagapagtanggol ng mga karapatan,인권 옹호자,0.154,0.86,False,False,40,역번역 유사도 낮음(0.15)
권리주,ind_Latn,Catatan Hak Cipta,저작권자료,0.25,1.67,False,False,40,역번역 유사도 낮음(0.25)
권리주,tha_Thai,เครดิต,크레딧,0.0,1.0,False,False,40,역번역 유사도 낮음(0.00)
권리주,mya_Mymr,အခွင့်အရေးရှင်။,좋습니다.,0.0,1.67,False,False,40,역번역 유사도 낮음(0.00)
규정재정,vie_Latn,Xây dựng quy định,규제를 만드는 것,0.154,2.25,False,False,40,역번역 유사도 낮음(0.15)
규정재정,tha_Thai,การปฏิรูปกฎระเบียบ,법규개혁,0.25,1.0,False,False,40,역번역 유사도 낮음(0.25)
규정재정,tgl_Latn,Pagbabago ng mga panuntunan,규칙의 변화,0.2,1.5,False,False,40,역번역 유사도 낮음(0.20)
근저당,tha_Thai,สินเชื่อบ้าน,집을 믿어요,0.0,2.0,False,False,40,역번역 유사도 낮음(0.00)
근저당,mya_Mymr,အဆိုးဆုံးပါ။,최악의 상황이죠.,0.0,3.0,False,False,40,역번역 유사도 낮음(0.00)
근저당,tgl_Latn,Nakakatakot.,무서운 일이죠.,0.0,2.67,False,False,40,역번역 유사도 낮음(0.00)
글래머주식,mya_Mymr,ချောမောမှုပါ။,아름다움입니다.,0.0,1.6,False,False,40,역번역 유사도 낮음(0.00)
글로벌 트레이딩,vie_Latn,Giao dịch toàn cầu,세계 무역,0.154,0.62,False,False,40,역번역 유사도 낮음(0.15)
글로벌 트레이딩,ind_Latn,Perdagangan Global,세계 무역,0.154,0.62,False,False,40,역번역 유사도 낮음(0.15)
글로벌 트레이딩,tha_Thai,การค้าโลก,세계 무역,0.154,0.62,False,False,40,역번역 유사도 낮음(0.15)
글로벌 트레이딩,mya_Mymr,ကမ္ဘာ့ကုန်သွယ်ရေး,세계 무역,0.154,0.62,False,False,40,역번역 유사도 낮음(0.15)
글로벌 트레이딩,tgl_Latn,Global na kalakalan,세계 무역,0.154,0.62,False,False,40,역번역 유사도 낮음(0.15)
글로벌라이제이션,vie_Latn,Toàn cầu hóa,세계화,0.0,0.38,False,False,40,역번역 유사도 낮음(0.00)
글로벌라이제이션,ind_Latn,Globalisasi,세계화,0.0,0.38,False,False,40,역번역 유사도 낮음(0.00)
글로벌라이제이션,tha_Thai,การโลกาภิวัตน์,세계화는,0.0,0.5,False,False,40,역번역 유사도 낮음(0.00)
글로벌라이제이션,mya_Mymr,ကမ္ဘာလုံးဆိုင်ရာဖြစ်စဉ်,전세계적인 현상입니다.,0.0,1.5,False,False,40,역번역 유사도 낮음(0.00)
글로벌라이제이션,tgl_Latn,Globalisasyon,세계화,0.0,0.38,False,False,40,역번역 유사도 낮음(0.00)
글로벌본드,tha_Thai,พันธบัตรระดับโลก,세계 최고 수준의 채권,0.0,2.4,False,False,40,역번역 유사도 낮음(0.00)
글로벌본드,mya_Mymr,ကမ္ဘာလုံးဆိုင်ရာ ချေးငွေ,세계적 부채,0.0,1.2,False,False,40,역번역 유사도 낮음(0.00)
글로컬리제이션,vie_Latn,Toàn cầu hóa và địa phương hóa,세계화와 지역화,0.0,1.14,False,False,40,역번역 유사도 낮음(0.00)
글로컬리제이션,ind_Latn,Glokalisasi,지역화,0.0,0.43,False,False,40,역번역 유사도 낮음(0.00)
글로컬리제이션,tha_Thai,การผสมผสานระหว่างท้องถิ่นและสากล,지역과 세계 사이의 결합입니다.,0.083,2.43,False,False,40,역번역 유사도 낮음(0.08)
글로컬리제이션,mya_Mymr,Glocalization ဆိုတာက,세계화는,0.0,0.57,False,False,40,역번역 유사도 낮음(0.00)
글로컬리제이션,tgl_Latn,Ang Glocalization,세계화,0.0,0.43,False,False,40,역번역 유사도 낮음(0.00)
금고주,vie_Latn,Cổ phiếu quỹ,펀드 주식,0.25,1.67,False,False,40,역번역 유사도 낮음(0.25)
금고주,tha_Thai,เจ้าของที่ปลอดภัย,안전 소유자,0.0,2.0,False,False,40,역번역 유사도 낮음(0.00)
금리선물,vie_Latn,Hợp đồng kỳ hạn lãi suất,유가 기간 계약,0.0,2.0,False,False,40,역번역 유사도 낮음(0.00)
금리선물,ind_Latn,Kontrak Berjangka Suku Bunga,꽃의 미래에 대한 계약,0.0,3.0,False,False,40,역번역 유사도 낮음(0.00)
금리선물,mya_Mymr,အတိုးအလျှော့ပေးခြင်း,이자율 감면,0.0,1.5,False,False,40,역번역 유사도 낮음(0.00)
금리선물,tgl_Latn,Pagbibigay ng interes,관심,0.0,0.5,False,False,40,역번역 유사도 낮음(0.00)
금리선물옵션,mya_Mymr,အတိုးနှုန်း ရွေးချယ်မှု,이자율 선택,0.167,1.0,False,False,40,역번역 유사도 낮음(0.17)
금리선물옵션,tgl_Latn,Ang mga pagpipilian sa interes,관심의 선택,0.167,1.0,False,False,40,역번역 유사도 낮음(0.17)
금리스왑,vie_Latn,Hoán đổi lãi suất,이산화탄소,0.0,1.25,False,False,40,역번역 유사도 낮음(0.00)
금리스왑,ind_Latn,Swap suku bunga,이자율 교환,0.0,1.5,False,False,40,역번역 유사도 낮음(0.00)
금리스왑,tha_Thai,สัญญาแลกเปลี่ยนอัตราดอกเบี้ย,이자율 거래 계약,0.0,2.25,False,False,40,역번역 유사도 낮음(0.00)
금리스왑,mya_Mymr,ရွှေမွှေး။,금입니다.,0.222,1.25,False,False,40,역번역 유사도 낮음(0.22)
금리스왑,tgl_Latn,Walang ginto.,금은 없습니다.,0.167,2.0,False,False,40,역번역 유사도 낮음(0.17)
금리연동부사채,vie_Latn,Trái phiếu có lãi suất thả nổi,이자율이 낮은 채권,0.118,1.43,False,False,40,역번역 유사도 낮음(0.12)
금리연동부사채,ind_Latn,Obligasi dengan Suku Bunga Terikat,꽃과 결합된 채권,0.125,1.29,False,False,40,역번역 유사도 낮음(0.12)
금리연동부사채,mya_Mymr,ငွေကြေးဆိုင်ရာ ချေးငွေပါ။,이것은 금융 대출입니다.,0.1,1.86,False,False,40,역번역 유사도 낮음(0.10)
금리연동부사채,tgl_Latn,Mga utang na may interes.,이자금 대출,0.154,0.86,False,False,40,역번역 유사도 낮음(0.15)
금리확정부사채,ind_Latn,Obligasi tanpa bunga dengan suku bunga tetap,"금리 없는 채권, 고정금리",0.286,2.0,False,False,40,역번역 유사도 낮음(0.29)
금리확정부사채,mya_Mymr,အတိုးချဲ့ ချေးငွေပါ။,이것은 연대 대출입니다.,0.0,1.86,False,False,40,역번역 유사도 낮음(0.00)
금리확정부사채,tgl_Latn,Mga utang na may katumbas na interes,적금 대출,0.167,0.71,False,False,40,역번역 유사도 낮음(0.17)
금외신탁,vie_Latn,Quỹ ủy thác ngoài nước,해외 위탁기금,0.182,1.75,False,False,40,역번역 유사도 낮음(0.18)
금외신탁,ind_Latn,Perwalian Non-Emas,금이 아닌 보증금,0.154,2.25,False,False,40,역번역 유사도 낮음(0.15)
금외신탁,tha_Thai,Geumoe Trust,Geumoe 트러스트,0.0,2.75,False,False,40,역번역 유사도 낮음(0.00)
금외신탁,mya_Mymr,အချိုးမကျတဲ့ ယုံကြည်မှုပါ။,비대칭적인 신뢰입니다.,0.125,3.0,False,False,40,역번역 유사도 낮음(0.12)
금외신탁,tgl_Latn,Pagkakatiwala.,신뢰성,0.286,0.75,False,False,40,역번역 유사도 낮음(0.29)
금융감독위원회/금융감독원,tgl_Latn,Pangkalahatang Pananagutan ng Pangkalahatang Pananagutan / Pangkalahatang Pananagutan,일반 책임 일반 책임 / 일반 책임,0.062,1.46,False,False,40,역번역 유사도 낮음(0.06)
금융결제원,ind_Latn,Lembaga Kliring dan Pembayaran,청산 및 결제 기관,0.267,2.0,False,False,40,역번역 유사도 낮음(0.27)
금융결제원,mya_Mymr,ဘဏ္ဍာရေး ဆုံးဖြတ်သူ။,재정적 의사결정자입니다.,0.111,2.6,False,False,40,역번역 유사도 낮음(0.11)
금융공학,mya_Mymr,ဘဏ္ဍာရေး အင်ဂျင်နီယာ,금융 엔지니어입니다.,0.267,2.75,False,False,40,역번역 유사도 낮음(0.27)
금융리스,vie_Latn,Cho thuê tài chính,재정적 임대,0.0,1.5,False,False,40,역번역 유사도 낮음(0.00)
금융리스,ind_Latn,Sewa Guna Usaha,사업용 임대,0.0,1.5,False,False,40,역번역 유사도 낮음(0.00)
금융리스,mya_Mymr,ဘဏ္ဍာရေးသမား။,재무사입니다.,0.0,1.75,False,False,40,역번역 유사도 낮음(0.00)
금융비용,tha_Thai,ค่าใช้จ่ายทางการเงิน,경제적인 비용입니다.,0.267,2.75,False,False,40,역번역 유사도 낮음(0.27)
금융실명제,tgl_Latn,Pagkakatiwalaan sa pananalapi,재정적 신뢰,0.0,1.2,False,False,40,역번역 유사도 낮음(0.00)
금융어음,mya_Mymr,ဘဏ္ဍာရေးစကား,경제적인 말이지요.,0.0,2.5,False,False,40,역번역 유사도 낮음(0.00)
금융어음,tgl_Latn,Ang pananalapi,재무,0.0,0.5,False,False,40,역번역 유사도 낮음(0.00)
금융장세,mya_Mymr,ဘဏ္ဍာရေးဝန်ကြီး။,재무장관입니다.,0.167,2.0,False,False,40,역번역 유사도 낮음(0.17)
금융장세,tgl_Latn,Pinansyal na Ministro.,재무장관,0.25,1.0,False,False,40,역번역 유사도 낮음(0.25)
금융채,mya_Mymr,ငွေကြေး ချေးငွေ,금전적 대출,0.222,2.0,False,False,40,역번역 유사도 낮음(0.22)
금융통화운영위원회,tgl_Latn,Pangkalahatang Pangkalahatang Pangkalahatang Pangkalahatang,일반 일반 일반 일반 일반,0.0,1.56,False,False,40,역번역 유사도 낮음(0.00)
금전신탁,ind_Latn,Perwalian Uang,기증금,0.286,0.75,False,False,40,역번역 유사도 낮음(0.29)
금전신탁,tha_Thai,แคช ทรัสต์,캐시 트러스트,0.0,1.75,False,False,40,역번역 유사도 낮음(0.00)
금전신탁,mya_Mymr,ငွေပေးချေမှု။,거래입니다.,0.0,1.5,False,False,40,역번역 유사도 낮음(0.00)
금전신탁,tgl_Latn,Pag-iwan ng pera,돈을 남기기,0.0,1.5,False,False,40,역번역 유사도 낮음(0.00)
기간구조,mya_Mymr,အချိန်ဇယား,시간표,0.286,0.75,False,False,40,역번역 유사도 낮음(0.29)
기간구조,tgl_Latn,Paglalarawan ng panahon,날씨에 대한 설명,0.0,2.25,False,False,40,역번역 유사도 낮음(0.00)
기간물 repo,vie_Latn,Hợp đồng repo kỳ hạn,연장 리포 계약,0.125,1.0,False,False,40,역번역 유사도 낮음(0.12)
기간물 repo,ind_Latn,Repo berjangka,미래에셋대우,0.0,0.75,False,False,40,역번역 유사도 낮음(0.00)
기간물 repo,tha_Thai,สัญญาเรโปแบบกำหนดระยะเวลา,리모델링 계약은 기간을 정합니다.,0.231,2.25,False,False,40,역번역 유사도 낮음(0.23)
기간물 repo,mya_Mymr,အချိန်ကာလ ရင်းနှီးမြှုပ်နှံမှု,시간 투자입니다.,0.235,1.12,False,False,40,역번역 유사도 낮음(0.24)
기관결제제도,vie_Latn,Hệ thống thanh toán qua tổ chức,조직적 결제 시스템,0.25,1.67,False,False,40,역번역 유사도 낮음(0.25)
기관결제제도,ind_Latn,Sistem Pembayaran Institusional,제도적 결제 시스템,0.25,1.67,False,False,40,역번역 유사도 낮음(0.25)
기관결제제도,tgl_Latn,Ang sistema ng pagpapasya ng katawan.,신체의 의사결정 체계입니다.,0.095,2.5,False,False,40,역번역 유사도 낮음(0.10)
기관화현상,tha_Thai,การนำเข้าสู่ระบบสถาบัน,교육 체계에 도입,0.0,1.8,False,False,40,역번역 유사도 낮음(0.00)
기관화현상,mya_Mymr,စက်မှုဖြစ်စဉ်ပါ။,이것은 산업적인 과정입니다.,0.0,3.0,False,False,40,역번역 유사도 낮음(0.00)
기대이론,mya_Mymr,မျှော်လင့်ချက်ပါ။,희망입니다.,0.0,1.5,False,False,40,역번역 유사도 낮음(0.00)
기대이론,tgl_Latn,Ang pag-asa,희망,0.0,0.5,False,False,40,역번역 유사도 낮음(0.00)
기말계속예탁제도,vie_Latn,Chế độ lưu ký liên tục đến cuối kỳ,기간이 끝날 때까지 계속된 저장 모드,0.214,2.5,False,False,40,역번역 유사도 낮음(0.21)
기말계속예탁제도,ind_Latn,Sistem Penitipan Akhir Periode,생리후 보육시스템,0.0,1.12,False,False,40,역번역 유사도 낮음(0.00)
기말계속예탁제도,tha_Thai,ระบบผู้รับฝากต่อเนื่องเมื่อสิ้นสุดวาระ,보좌관 체계는 임기가 끝나면 계속됩니다.,0.2,2.75,False,False,40,역번역 유사도 낮음(0.20)
기말계속예탁제도,mya_Mymr,အပြီးသတ် စာရင်းပေးသွင်းမှုလည်း ရှိတယ်။,최종적인 구독도 있습니다.,0.091,1.75,False,False,40,역번역 유사도 낮음(0.09)
기말계속예탁제도,tgl_Latn,Mag-imbak ka ng mga reserbasyon.,미리 예약해두세요.,0.111,1.25,False,False,40,역번역 유사도 낮음(0.11)
기명날인,ind_Latn,Tanda tangan dan cap,서명과 우표,0.2,1.5,False,False,40,역번역 유사도 낮음(0.20)
기명날인,tha_Thai,ลงนามและประทับตรา,서명하고 우표 찍어,0.143,2.5,False,False,40,역번역 유사도 낮음(0.14)
기명날인,mya_Mymr,မွေးနေ့ပါ။,생일입니다.,0.0,1.5,False,False,40,역번역 유사도 낮음(0.00)
기명날인,tgl_Latn,Ang araw ng kanyang pagkamatay.,그가 죽은 날,0.182,1.75,False,False,40,역번역 유사도 낮음(0.18)
기명사채,ind_Latn,Obligasi atas nama,부채는,0.286,0.75,False,False,40,역번역 유사도 낮음(0.29)
기명사채,tha_Thai,พันธบัตรจดทะเบียน,등록증,0.0,0.75,False,False,40,역번역 유사도 낮음(0.00)
기명사채,mya_Mymr,အမည်မဖော်လိုပါ။,익명입니다.,0.2,1.5,False,False,40,역번역 유사도 낮음(0.20)
기명사채,tgl_Latn,Walang pangalan.,이름은 없습니다.,0.0,2.25,False,False,40,역번역 유사도 낮음(0.00)
기명주식,mya_Mymr,နာမ်စားအက္ခရာ,대명사,0.286,0.75,False,False,40,역번역 유사도 낮음(0.29)
기명주식,tgl_Latn,Pag-uumpisahan,훈련,0.0,0.5,False,False,40,역번역 유사도 낮음(0.00)
기본적분석,tgl_Latn,Pangunahing Pagsusuri,주요 점검,0.0,1.0,False,False,40,역번역 유사도 낮음(0.00)
기어링 레이쇼,vie_Latn,Tỷ số truyền,전송 비율,0.167,0.71,False,False,40,역번역 유사도 낮음(0.17)
기어링 레이쇼,ind_Latn,Rasio Penggerak,동력 비율,0.167,0.71,False,False,40,역번역 유사도 낮음(0.17)
기업공개,vie_Latn,Phát hành cổ phiếu ra công chúng,주식을 공개합니다.,0.286,2.5,False,False,40,역번역 유사도 낮음(0.29)
기업공개,ind_Latn,Penawaran Umum Perdana,1차 공모전,0.2,1.5,False,False,40,역번역 유사도 낮음(0.20)
기업공개,mya_Mymr,ကုမ္ပဏီရဲ့ ကြေညာချက်,회사 선언문,0.0,1.5,False,False,40,역번역 유사도 낮음(0.00)
기준일,vie_Latn,Ngày tham chiếu,참고 날짜,0.0,1.67,False,False,40,역번역 유사도 낮음(0.00)
기준일,ind_Latn,Tanggal acuan,참고 날짜,0.0,1.67,False,False,40,역번역 유사도 낮음(0.00)
기준일,tha_Thai,วันที่บันทึก,기록된 날,0.25,1.67,False,False,40,역번역 유사도 낮음(0.25)
기준일,mya_Mymr,စံချိန်တင်ရက်,기록적인 날짜,0.2,2.33,False,False,40,역번역 유사도 낮음(0.20)
기준일,tgl_Latn,Batayan ng araw,태양의 근간,0.0,2.0,False,False,40,역번역 유사도 낮음(0.00)
기축통화,tha_Thai,สกุลเงินสำรอง,보금자금,0.0,1.0,False,False,40,역번역 유사도 낮음(0.00)
기축통화,mya_Mymr,စိတ်ဓာတ်ကျခြင်း,우울증,0.0,0.75,False,False,40,역번역 유사도 낮음(0.00)
기한부어음,vie_Latn,Hối phiếu có thời hạn,유권자의 기간,0.167,1.4,False,False,40,역번역 유사도 낮음(0.17)
기한부어음,ind_Latn,wesel berjangka,유월절,0.0,0.6,False,False,40,역번역 유사도 낮음(0.00)
기한부어음,tha_Thai,ใบสัญญาหนี้ที่มีวันครบกำหนดชำระที่แน่นอน,유예기간이 정해진 채권이라,0.105,2.8,False,False,40,역번역 유사도 낮음(0.11)
기한부어음,mya_Mymr,နောက်ဆုံးအချိန်။,마지막 시점입니다.,0.0,2.0,False,False,40,역번역 유사도 낮음(0.00)
기한부어음,tgl_Latn,Ang takdang panahon,정해진 시간,0.0,1.2,False,False,40,역번역 유사도 낮음(0.00)
납입자본금,vie_Latn,Vốn góp,기부금,0.25,0.6,False,False,40,역번역 유사도 낮음(0.25)
납입자본금,tha_Thai,ทุนจดทะเบียนที่ชำระแล้ว,등록금은 이미 지불됐어요,0.111,2.6,False,False,40,역번역 유사도 낮음(0.11)
납입자본금,mya_Mymr,ရင်းနှီးမြှုပ်နှံမှု,투자입니다.,0.182,1.2,False,False,40,역번역 유사도 낮음(0.18)
내부금융,vie_Latn,Tài chính nội bộ,국내 재무,0.222,1.25,False,False,40,역번역 유사도 낮음(0.22)
내부금융,mya_Mymr,ပြည်တွင်း ဘဏ္ဍာရေး,국내 재무,0.222,1.25,False,False,40,역번역 유사도 낮음(0.22)
내부금융,tgl_Latn,Panloob na pananalapi,국내 재무,0.222,1.25,False,False,40,역번역 유사도 낮음(0.22)
내부유보,vie_Latn,Lợi nhuận giữ lại,이윤을 유지하세요,0.154,2.25,False,False,40,역번역 유사도 낮음(0.15)
내부유보,ind_Latn,Laba ditahan,수익금지,0.0,1.0,False,False,40,역번역 유사도 낮음(0.00)
내부유보,tha_Thai,กำไรที่เก็บไว้,이윤은 저축됩니다.,0.0,2.5,False,False,40,역번역 유사도 낮음(0.00)
내부유보,tgl_Latn,Panloob na pag-aalaga,내적 치료,0.222,1.25,False,False,40,역번역 유사도 낮음(0.22)
내부자거래,mya_Mymr,အတွင်းရေးမှူး,비서,0.0,0.4,False,False,40,역번역 유사도 낮음(0.00)
내부자거래,tgl_Latn,Pag-uusap sa loob.,내면의 대화,0.182,1.2,False,False,40,역번역 유사도 낮음(0.18)
내재가치,tgl_Latn,Pangkalahatang halaga,총액,0.0,0.5,False,False,40,역번역 유사도 낮음(0.00)
누적적참가우선주,mya_Mymr,စုစုပေါင်း ပူးပေါင်းဆောင်ရွက်မှု,집단적 협력,0.143,0.75,False,False,40,역번역 유사도 낮음(0.14)
뉴라운드,tha_Thai,รอบใหม่,다시 한 번,0.0,1.5,False,False,40,역번역 유사도 낮음(0.00)
뉴라운드,tgl_Latn,Bagong pag-ikot,새로운 회전,0.2,1.5,False,False,40,역번역 유사도 낮음(0.20)
니케이 평균지수,tha_Thai,ดัชนีนิเคอิ,다치니 니키,0.286,0.75,False,False,40,역번역 유사도 낮음(0.29)
다자간 차감,vie_Latn,Khấu trừ đa phương,다면적 마이너스,0.286,1.33,False,False,40,역번역 유사도 낮음(0.29)
다자간 차감,tha_Thai,การหักลดหย่อนแบบหลายฝ่าย,다방면적인 침략입니다.,0.222,2.0,False,False,40,역번역 유사도 낮음(0.22)
다자간 차감,mya_Mymr,အိပ်ရာမဝင်တဲ့ အေးဆေးမှု,수면이 없는 차분함,0.25,1.67,False,False,40,역번역 유사도 낮음(0.25)
다자간 차감,tgl_Latn,Ang pag-aalala ng pag-aalala.,걱정은 걱정입니다.,0.125,1.67,False,False,40,역번역 유사도 낮음(0.12)
다지수모형,ind_Latn,Model Indeks,인덱스 모델,0.182,1.2,False,False,40,역번역 유사도 낮음(0.18)
다지수모형,tha_Thai,แบบจำลองหลายตัวแปร,다양한 모델들이 있습니다.,0.211,2.8,False,False,40,역번역 유사도 낮음(0.21)
다지수모형,mya_Mymr,ကြမ်းပြင်ပုံစံပါ။,바닥 모양입니다.,0.143,1.8,False,False,40,역번역 유사도 낮음(0.14)
다지수모형,tgl_Latn,Multipurpose.,다목적입니다.,0.167,1.4,False,False,40,역번역 유사도 낮음(0.17)
단기채,tgl_Latn,Maikling panahon,짧은 시간,0.0,1.67,False,False,40,역번역 유사도 낮음(0.00)
단독주주권,mya_Mymr,တစ်နိုင်ငံတည်း အချုပ်အခြာအာဏာ,"하나의 국가, 하나의 주권",0.211,2.8,False,False,40,역번역 유사도 낮음(0.21)
단순보관연계,vie_Latn,Liên kết lưu trữ đơn thuần,단순 저장 링크,0.286,1.33,False,False,40,역번역 유사도 낮음(0.29)
단순보관연계,ind_Latn,Terkait Penyimpanan Sederhana,간편하게 보관할 수 있습니다.,0.182,2.67,False,False,40,역번역 유사도 낮음(0.18)
단순보관연계,tgl_Latn,Simpleng sistema ng komunikasyon,간단한 통신 시스템,0.125,1.67,False,False,40,역번역 유사도 낮음(0.12)
단순주가지수,mya_Mymr,ရိုးရှင်းတဲ့ ကိန်းဂဏန်းပါ။,간단한 숫자입니다.,0.125,1.67,False,False,40,역번역 유사도 낮음(0.12)
단순주가평균,tha_Thai,ราคาหุ้นเฉลี่ยแบบธรรมดา,보통의 평균 주식 가격입니다.,0.182,2.67,False,False,40,역번역 유사도 낮음(0.18)
단위형 투자신탁,ind_Latn,Reksa Dana Tipe Unit,유닛 펀드,0.154,0.62,False,False,40,역번역 유사도 낮음(0.15)
단위형 투자신탁,tgl_Latn,Isang unitary investment trust.,유니터리 투자 트러스트.,0.286,1.62,False,False,40,역번역 유사도 낮음(0.29)
단주매각대금,tha_Thai,รายได้จากการขายหุ้น,주식 판매 수익,0.286,1.33,False,False,40,역번역 유사도 낮음(0.29)
단주매각대금,mya_Mymr,တစ်ပတ်စာ လစာပါ။,이것은 일주일의 월급입니다.,0.095,2.5,False,False,40,역번역 유사도 낮음(0.10)
단주매각대금,tgl_Latn,Isang linggong bayad.,일주일에 한 번,0.143,1.33,False,False,40,역번역 유사도 낮음(0.14)
담보거래,vie_Latn,Giao dịch có bảo đảm,거래가 보장됩니다.,0.286,2.5,False,False,40,역번역 유사도 낮음(0.29)
담보거래,mya_Mymr,အကာအကွယ်ပေးတယ်။,보호합니다.,0.2,1.5,False,False,40,역번역 유사도 낮음(0.20)
담보거래,tgl_Latn,Pagpapahintulot.,허락하는 것.,0.0,1.75,False,False,40,역번역 유사도 낮음(0.00)
담보관리제도,vie_Latn,Hệ thống quản lý tài sản thế chấp,모기지 자산 관리 시스템,0.211,2.17,False,False,40,역번역 유사도 낮음(0.21)
담보관리제도,mya_Mymr,အာမခံစနစ်ပါ။,보험 시스템입니다.,0.125,1.67,False,False,40,역번역 유사도 낮음(0.12)
담보관리제도,tgl_Latn,Ang sistema ng pag-aalaga ng katiyakan,안전 관리 시스템,0.267,1.5,False,False,40,역번역 유사도 낮음(0.27)
담보물,vie_Latn,Tài sản thế chấp,모기지 자산,0.0,2.0,False,False,40,역번역 유사도 낮음(0.00)
담보물,mya_Mymr,ပံ့ပိုးမှု,지원,0.0,0.67,False,False,40,역번역 유사도 낮음(0.00)
담보물,tgl_Latn,Mga panuntunan,원칙,0.0,0.67,False,False,40,역번역 유사도 낮음(0.00)
담보부사채,vie_Latn,Trái phiếu có bảo đảm,유가증권은 보장됩니다,0.125,2.2,False,False,40,역번역 유사도 낮음(0.12)
담보부사채,tha_Thai,พันธบัตรที่มีหลักประกัน,보너스증권,0.2,1.0,False,False,40,역번역 유사도 낮음(0.20)
담보부사채,mya_Mymr,အာမခံစာချုပ်။,보험계약,0.222,0.8,False,False,40,역번역 유사도 낮음(0.22)
담보부사채,tgl_Latn,Pag-aangkin ng utang.,부채를 청구합니다.,0.267,2.0,False,False,40,역번역 유사도 낮음(0.27)
담보유가증권,tha_Thai,หลักทรัพย์ที่มีหลักประกัน,자금보험입니다.,0.143,1.33,False,False,40,역번역 유사도 낮음(0.14)
담보유가증권,mya_Mymr,အာမခံစာချုပ်,보험계약,0.2,0.67,False,False,40,역번역 유사도 낮음(0.20)
담보유가증권,tgl_Latn,Mga Tuntunin ng Pag-aangkin,주장의 원칙,0.0,1.0,False,False,40,역번역 유사도 낮음(0.00)
담보유지비율,mya_Mymr,ချုပ်ဆိုမှုနှုန်း,결제율,0.222,0.5,False,False,40,역번역 유사도 낮음(0.22)
담보유지비율,tgl_Latn,Ang rate ng pag-iimbak,저장율,0.222,0.5,False,False,40,역번역 유사도 낮음(0.22)
당일결제거래,ind_Latn,Transaksi dengan pembayaran pada hari yang sama,같은 날 지불과 거래,0.235,1.83,False,False,40,역번역 유사도 낮음(0.24)
당일결제거래,mya_Mymr,တစ်နေ့တာ စီမံကိန်းပါ။,하루일 계획입니다.,0.125,1.67,False,False,40,역번역 유사도 낮음(0.12)
당일결제거래,tgl_Latn,Pag-aayos ng araw.,태양을 정렬하는 것.,0.0,1.83,False,False,40,역번역 유사도 낮음(0.00)
당일자금,ind_Latn,Dana Hari Ini,오늘 기금,0.222,1.25,False,False,40,역번역 유사도 낮음(0.22)
당일자금,tha_Thai,การโอนเงินในวันเดียวกัน,같은 날 송금,0.182,1.75,False,False,40,역번역 유사도 낮음(0.18)
당일자금,mya_Mymr,နေ့လည်စာ,점심,0.0,0.5,False,False,40,역번역 유사도 낮음(0.00)
당일자금,tgl_Latn,Pang-araw-araw na suporta,매일의 지원,0.2,1.5,False,False,40,역번역 유사도 낮음(0.20)
당좌대월,ind_Latn,Cek kosong,빈 체크,0.0,1.0,False,False,40,역번역 유사도 낮음(0.00)
당좌대월,tha_Thai,การเบิกเกินบัญชี,계산을 초과하는 것,0.0,2.5,False,False,40,역번역 유사도 낮음(0.00)
당좌대월,mya_Mymr,လက်ဝဲပါတီ,좌파 정당,0.222,1.25,False,False,40,역번역 유사도 낮음(0.22)
당좌대월,tgl_Latn,Tanggapan sa kaliwa,좌측 구석,0.222,1.25,False,False,40,역번역 유사도 낮음(0.22)
당좌차월,ind_Latn,Kredit giro,현금 대출,0.0,1.25,False,False,40,역번역 유사도 낮음(0.00)
당좌차월,tha_Thai,การเบิกเกินบัญชี,계산을 초과하는 것,0.0,2.5,False,False,40,역번역 유사도 낮음(0.00)
당좌차월,mya_Mymr,လက်ဝဲဘက်က ကားတစ်စီး,왼쪽에 차가 있습니다.,0.125,3.0,False,False,40,역번역 유사도 낮음(0.12)
당좌차월,tgl_Latn,Sa kaliwang gilid.,왼쪽에 있어요,0.0,1.75,False,False,40,역번역 유사도 낮음(0.00)
대금지급보증시스템,mya_Mymr,ငွေကြေးထောက်ပံ့မှု အာမခံစနစ်ပါ။,자금보험제도입니다.,0.211,1.11,False,False,40,역번역 유사도 낮음(0.21)
대량매매,tgl_Latn,Pagbebenta ng dagdag,추가 판매,0.222,1.25,False,False,40,역번역 유사도 낮음(0.22)
대량주식보유상황공시제도,tha_Thai,ระบบการเปิดเผยข้อมูลการถือหุ้นในปริมาณมาก,엄청난 양의 주식정보를 공개하는 시스템입니다.,0.27,2.08,False,False,40,역번역 유사도 낮음(0.27)
대량주식보유상황공시제도,tgl_Latn,Ang mas malaking stock exchange ay nag-aalaga ng emergency system.,더 큰 증권거래소는 응급시스템을 운영합니다.,0.056,2.0,False,False,40,역번역 유사도 낮음(0.06)
대변이체시스템,mya_Mymr,ကိုယ်စားလှယ်စနစ်,대리제도,0.182,0.57,False,False,40,역번역 유사도 낮음(0.18)
대용증거금 필요액,vie_Latn,Số tiền ký quỹ thay thế cần thiết,필요한 대안 보증금,0.211,1.11,False,False,40,역번역 유사도 낮음(0.21)
대용증거금 필요액,ind_Latn,Jumlah Jaminan Pengganti yang Diperlukan,필요한 대체 보증금의 수,0.182,1.44,False,False,40,역번역 유사도 낮음(0.18)
대용증거금 필요액,tha_Thai,จำนวนมาร์จิ้นทดแทนที่จำเป็น,필요한 대체 마진 수,0.2,1.22,False,False,40,역번역 유사도 낮음(0.20)
대용증거금 필요액,mya_Mymr,ကိုယ်စားလှယ်လောင်းအတွက် လိုအပ်တဲ့ ပမာဏပါ။,이것은 후보에게 필요한 양입니다.,0.222,2.0,False,False,40,역번역 유사도 낮음(0.22)
대용증권,tha_Thai,หลักทรัพย์แทน,주식입니다.,0.0,1.5,False,False,40,역번역 유사도 낮음(0.00)
대용증권,mya_Mymr,ခွင့်ပြုချက်,허락을 받았습니다.,0.0,2.5,False,False,40,역번역 유사도 낮음(0.00)
대용증권,tgl_Latn,Mga pasilidad ng pag-aari,소유 시설,0.0,1.25,False,False,40,역번역 유사도 낮음(0.00)
대주비율,mya_Mymr,အိမ်ထောင်စု အမြတ်နှုန်း,가계수익률,0.0,1.25,False,False,40,역번역 유사도 낮음(0.00)
대주비율,tgl_Latn,Ang rate ng pagmamay-ari,소유율,0.286,0.75,False,False,40,역번역 유사도 낮음(0.29)
대주주,vie_Latn,Cổ đông lớn,큰 주식,0.286,1.33,False,False,40,역번역 유사도 낮음(0.29)
대주주,mya_Mymr,ပိုင်ရှင်ကြီး။,주인님.,0.286,1.33,False,False,40,역번역 유사도 낮음(0.29)
대주주,tgl_Latn,Ang mga may-ari,소유자,0.0,1.0,False,False,40,역번역 유사도 낮음(0.00)
대차수수료,vie_Latn,Phí cho vay,대출금,0.25,0.6,False,False,40,역번역 유사도 낮음(0.25)
대차수수료,ind_Latn,Biaya peminjaman,대출 비용,0.2,1.0,False,False,40,역번역 유사도 낮음(0.20)
대차수수료,mya_Mymr,ယာဉ်မောင်းခ,운전료,0.25,0.6,False,False,40,역번역 유사도 낮음(0.25)
대차수수료,tgl_Latn,Mga Bayad sa Paglalakbay,여행비,0.0,0.6,False,False,40,역번역 유사도 낮음(0.00)
대체결제제도,mya_Mymr,အခြားနည်းလမ်းတွေလည်း ရှိပါတယ်။,다른 방법이 있습니다.,0.0,2.0,False,False,40,역번역 유사도 낮음(0.00)
대체결제제도,tgl_Latn,Mga alternatibong solusyon.,대안적인 해결책.,0.267,1.5,False,False,40,역번역 유사도 낮음(0.27)
대표소송,tha_Thai,คดีแบบกลุ่ม,집단 사건,0.0,1.25,False,False,40,역번역 유사도 낮음(0.00)
대표소송,mya_Mymr,ကိုယ်စားပြုပြောဆိုချက်။,대리인 연설:,0.182,1.75,False,False,40,역번역 유사도 낮음(0.18)
대표소송,tgl_Latn,Pagpapahayag,선언,0.0,0.5,False,False,40,역번역 유사도 낮음(0.00)
대표채권,ind_Latn,Obligasi Utama,주요 의무,0.0,1.25,False,False,40,역번역 유사도 낮음(0.00)
대표채권,tha_Thai,พันธบัตรตัวแทน,대리인 자격증,0.182,1.75,False,False,40,역번역 유사도 낮음(0.18)
대표채권,mya_Mymr,ကိုယ်စားပြု ချေးငွေ,대리금 대출,0.2,1.5,False,False,40,역번역 유사도 낮음(0.20)
대행업무 수탁계약,tgl_Latn,Mga kontrata sa kontrata ng kontrata.,계약에 대한 계약,0.222,1.0,False,False,40,역번역 유사도 낮음(0.22)
동시호가,ind_Latn,Penawaran Sekaligus,한꺼번에 제안,0.0,1.75,False,False,40,역번역 유사도 낮음(0.00)
동시호가,tha_Thai,การประมูลพร้อมกัน,함께 경매,0.0,1.25,False,False,40,역번역 유사도 낮음(0.00)
동시호가,mya_Mymr,အချိန်ကိုက်,타이밍입니다.,0.0,1.75,False,False,40,역번역 유사도 낮음(0.00)
동시호가,tgl_Latn,Ang mga ito ay...,그들은...,0.0,1.5,False,False,40,역번역 유사도 낮음(0.00)
동일주주,mya_Mymr,တူညီတဲ့ ပိုင်ရှင်။,공동 소유자입니다.,0.143,2.5,False,False,40,역번역 유사도 낮음(0.14)
동일주주,tgl_Latn,Parehong may-ari,공동 소유자,0.2,1.5,False,False,40,역번역 유사도 낮음(0.20)
동증주가지수,tha_Thai,ดัชนีตลาดหุ้นเกาหลี,한국의 주식 시장,0.133,1.5,False,False,40,역번역 유사도 낮음(0.13)
동증주가지수,mya_Mymr,ပူးတွဲ သက်သေခံပါ။,공동 증인이 되세요.,0.235,1.83,False,False,40,역번역 유사도 낮음(0.24)
동증주가지수,tgl_Latn,Magkaroon ng pananagutan.,책임감을 가지세요.,0.25,1.67,False,False,40,역번역 유사도 낮음(0.25)
듀레이션,vie_Latn,Thời lượng,기간,0.0,0.5,False,False,40,역번역 유사도 낮음(0.00)
듀레이션,ind_Latn,Durasi,기간,0.0,0.5,False,False,40,역번역 유사도 낮음(0.00)
듀레이션,tha_Thai,ระยะเวลา,시간,0.0,0.5,False,False,40,역번역 유사도 낮음(0.00)
듀레이션,mya_Mymr,ဒူရေးရှင်း,두중성,0.0,0.75,False,False,40,역번역 유사도 낮음(0.00)
듀레이션,tgl_Latn,Duracion,기간,0.0,0.5,False,False,40,역번역 유사도 낮음(0.00)
등가수익률,tha_Thai,ผลผลิตที่เทียบเท่า,이산화탄소 생산량은,0.0,2.0,False,False,40,역번역 유사도 낮음(0.00)
등가수익률,tgl_Latn,Ang halaga ng halaga ng kita,소득의 값은,0.0,1.2,False,False,40,역번역 유사도 낮음(0.00)
등록대리인,mya_Mymr,မှတ်ပုံတင် ကိုယ်စားလှယ်။,등록 에이전트입니다.,0.25,2.2,False,False,40,역번역 유사도 낮음(0.25)
디스카운트 브로커,vie_Latn,Công ty môi giới chiết khấu,할인중개회사,0.0,0.67,False,False,40,역번역 유사도 낮음(0.00)
디스카운트 브로커,ind_Latn,Pialang dengan biaya rendah,저비용 중개업자,0.118,0.89,False,False,40,역번역 유사도 낮음(0.12)
디스카운트 브로커,mya_Mymr,လျှော့စျေးပေးသူပါ။,저는 할인업자입니다.,0.1,1.22,False,False,40,역번역 유사도 낮음(0.10)
랜덤워크가설,vie_Latn,Giả thuyết đi bộ ngẫu nhiên,무작위 걸음걸이 이론,0.0,1.83,False,False,40,역번역 유사도 낮음(0.00)
랜덤워크가설,ind_Latn,Hipotesis Perjalanan Acak,무작위 여행 가설,0.267,1.5,False,False,40,역번역 유사도 낮음(0.27)
랜덤워크가설,tha_Thai,สมมติฐานการเดินแบบสุ่ม,무작위 행진을 가정합니다.,0.1,2.33,False,False,40,역번역 유사도 낮음(0.10)
랩 어카운트,vie_Latn,Tài khoản Lab,연구소 계좌,0.167,1.0,False,False,40,역번역 유사도 낮음(0.17)
랩 어카운트,ind_Latn,Rekening Lab,실험실 계좌,0.167,1.0,False,False,40,역번역 유사도 낮음(0.17)
랩 어카운트,tha_Thai,บัญชีห้องปฏิบัติการ,연구실 계산서,0.154,1.17,False,False,40,역번역 유사도 낮음(0.15)
랩 어카운트,mya_Mymr,RAP အကောင့်။,RAP 계정입니다.,0.125,1.67,False,False,40,역번역 유사도 낮음(0.12)
랩 어카운트,tgl_Latn,Lab account,실험실 계좌,0.167,1.0,False,False,40,역번역 유사도 낮음(0.17)
마크다운,mya_Mymr,အမှတ်အသားချ,표기합니다.,0.2,1.5,False,False,40,역번역 유사도 낮음(0.20)
마팅게일모형,tha_Thai,แบบจำลองมาร์ติงเกล,마틴겔 모델입니다.,0.25,1.67,False,False,40,역번역 유사도 낮음(0.25)
만기보유전략,ind_Latn,Strategi Memegang Sampai Jatuh Tempo,테모가 떨어질 때까지 버티는 전략,0.167,3.0,False,False,40,역번역 유사도 낮음(0.17)
만기보유전략,tha_Thai,กลยุทธ์ถือจนครบกำหนด,전략은 미루어집니다.,0.235,1.83,False,False,40,역번역 유사도 낮음(0.24)
만기수익률,ind_Latn,Imbal hasil jatuh tempo,정해진 시간에 보상하라,0.0,2.4,False,False,40,역번역 유사도 낮음(0.00)
매매거래정지,ind_Latn,Penangguhan Transaksi Jual Beli,매매가 중단됐습니다,0.25,1.67,False,False,40,역번역 유사도 낮음(0.25)
매매거래정지,tha_Thai,การระงับการซื้อขาย,매매를 억제하는 것,0.25,1.67,False,False,40,역번역 유사도 낮음(0.25)
매매거래정지,mya_Mymr,ရောင်းဝယ်မှု ရပ်ဆိုင်းမှုပါ။,거래 중단입니다.,0.267,1.5,False,False,40,역번역 유사도 낮음(0.27)
매매거래정지,tgl_Latn,Pagbabago ng kalakalan.,무역의 변화.,0.0,1.17,False,False,40,역번역 유사도 낮음(0.00)
매매거래중단,tha_Thai,การระงับการซื้อขาย,매매를 억제하는 것,0.25,1.67,False,False,40,역번역 유사도 낮음(0.25)
매매거래중단,mya_Mymr,ရောင်းဝယ်ရေး ကော်မတီ။,마케팅 위원회.,0.0,1.33,False,False,40,역번역 유사도 낮음(0.00)
매매거래중단,tgl_Latn,Pagpapalit at pagbebenta.,교환과 판매,0.167,1.0,False,False,40,역번역 유사도 낮음(0.17)
매매보고서,tgl_Latn,Sa pamamagitan ng paghahanap ng mga benta.,판매를 찾아서요.,0.286,1.8,False,False,40,역번역 유사도 낮음(0.29)
매매상대방,vie_Latn,Bên giao dịch,거래자,0.0,0.6,False,False,40,역번역 유사도 낮음(0.00)
매매상대방,ind_Latn,Pihak yang melakukan transaksi,거래 당사자,0.0,1.2,False,False,40,역번역 유사도 낮음(0.00)
매매상대방,tha_Thai,ฝ่ายตรงข้าม,반대편입니다.,0.167,1.4,False,False,40,역번역 유사도 낮음(0.17)
매매상대방,mya_Mymr,စျေးဝယ်ခန်း။,쇼핑몰.,0.0,0.8,False,False,40,역번역 유사도 낮음(0.00)
매매상대방,tgl_Latn,Mga tindahan ng kalakalan,상권,0.286,0.4,False,False,40,역번역 유사도 낮음(0.29)
매매심리,ind_Latn,Sentimen pasar,시장 정서,0.0,1.25,False,False,40,역번역 유사도 낮음(0.00)
매매심리,tha_Thai,อารมณ์ตลาด,시장 분위기,0.0,1.5,False,False,40,역번역 유사도 낮음(0.00)
매매심리,mya_Mymr,အရောင်းအဝယ်,도박,0.0,0.5,False,False,40,역번역 유사도 낮음(0.00)
매매입회장,vie_Latn,Hội trường giao dịch mua bán,거래소,0.0,0.6,False,False,40,역번역 유사도 낮음(0.00)
매매입회장,ind_Latn,Ruang Transaksi,거래실,0.0,0.6,False,False,40,역번역 유사도 낮음(0.00)
매매입회장,tha_Thai,ห้องซื้อขาย,영업실,0.0,0.6,False,False,40,역번역 유사도 낮음(0.00)
매매입회장,mya_Mymr,ရောင်းဝယ်ရေး ဦးစီးဌာန။,마케팅 부서입니다.,0.133,2.0,False,False,40,역번역 유사도 낮음(0.13)
매매입회장,tgl_Latn,Pangkalahatang direktoryo.,일반 디렉터리,0.0,1.4,False,False,40,역번역 유사도 낮음(0.00)
매매중지장치,ind_Latn,Sistem Penghentian Perdagangan,무역 중단 시스템,0.133,1.5,False,False,40,역번역 유사도 낮음(0.13)
매매중지장치,tha_Thai,กลไกการระงับการซื้อขาย,구매를 억제하는 메커니즘,0.105,2.17,False,False,40,역번역 유사도 낮음(0.11)
매매중지장치,mya_Mymr,ရောင်းဝယ်ရေး ကိရိယာပါ။,그것은 거래 도구입니다.,0.0,2.17,False,False,40,역번역 유사도 낮음(0.00)
매매확인,tha_Thai,การยืนยันการขาย,영업 확정,0.222,1.25,False,False,40,역번역 유사도 낮음(0.22)
매매확인,mya_Mymr,ရောင်းချမှု အတည်ပြုတယ်။,판매가 확정되었습니다.,0.25,3.0,False,False,40,역번역 유사도 낮음(0.25)
명령상장,vie_Latn,Niêm yết theo lệnh,명령대로 등록하세요,0.286,2.5,False,False,40,역번역 유사도 낮음(0.29)
명령상장,tha_Thai,จัดเรียงตามลำดับ,순서대로,0.0,1.0,False,False,40,역번역 유사도 낮음(0.00)
명령상장,mya_Mymr,ညွှန်ကြားရေးမှူး,교장님,0.286,0.75,False,False,40,역번역 유사도 낮음(0.29)
명령상장,tgl_Latn,Pangasiwaan.,관리.,0.0,0.75,False,False,40,역번역 유사도 낮음(0.00)
명목이자율,vie_Latn,Lãi suất danh nghĩa,이산화탄소,0.2,1.0,False,False,40,역번역 유사도 낮음(0.20)
명목이자율,tha_Thai,อัตราดอกเบี้ยตามชื่อ,이산화탄소,0.2,1.0,False,False,40,역번역 유사도 낮음(0.20)
명의개서,vie_Latn,Chuyển nhượng quyền sở hữu,소유권 이전,0.0,1.5,False,False,40,역번역 유사도 낮음(0.00)
명의개서,ind_Latn,Peralihan Hak Milik,소유권 전환,0.0,1.5,False,False,40,역번역 유사도 낮음(0.00)
명의개서,tha_Thai,การโอนกรรมสิทธิ์,저작권 이전,0.0,1.5,False,False,40,역번역 유사도 낮음(0.00)
명의개서,mya_Mymr,နာမည်စာရင်းပါ။,이름 목록입니다.,0.0,2.25,False,False,40,역번역 유사도 낮음(0.00)
명의개서,tgl_Latn,Ang pangalan ng aso,개 이름,0.25,1.0,False,False,40,역번역 유사도 낮음(0.25)
명의개서 대행회사,vie_Latn,Công ty đại diện làm thủ tục chuyển nhượng quyền sở hữu,대표회사가 소유권 이전 절차를 수행합니다.,0.188,2.56,False,False,40,역번역 유사도 낮음(0.19)
명의개서 대행회사,tgl_Latn,Ang mga pangalan ng mga aso ng kumpanya ng pagpapadala,택배 회사 개들의 이름,0.286,1.33,False,False,40,역번역 유사도 낮음(0.29)
명의개서 정지기간,vie_Latn,Thời gian tạm ngừng chuyển nhượng quyền sở hữu,소유권 양도 중단 기간,0.286,1.33,False,False,40,역번역 유사도 낮음(0.29)
명의개서 정지기간,mya_Mymr,နာမည်နဲ့ အမည်ကြားမှာ,이름과 이름 사이에,0.105,1.11,False,False,40,역번역 유사도 낮음(0.11)
명의개서 정지기간,tgl_Latn,Sa pagitan ng pangalan at pangalan.,이름과 이름 사이에,0.105,1.11,False,False,40,역번역 유사도 낮음(0.11)
명의개서대리인,ind_Latn,Wakil untuk Pengalihan Hak Milik,소유권 이전을 위한 대리인,0.286,2.0,False,False,40,역번역 유사도 낮음(0.29)
명의개서대리인,mya_Mymr,နာမည်စာရင်းပေးသူပါ။,저는 등록자입니다.,0.0,1.43,False,False,40,역번역 유사도 낮음(0.00)
명의개서대리인,tgl_Latn,Ang mga tagapagsalita ng pangalan.,이름의 스피커들,0.133,1.14,False,False,40,역번역 유사도 낮음(0.13)
명의개서대행업무,vie_Latn,Dịch vụ đại diện chuyển nhượng quyền sở hữu,소유권 이전 대리점 서비스,0.091,1.75,False,False,40,역번역 유사도 낮음(0.09)
명의개서대행업무,ind_Latn,Layanan Pengurusan Akta Pemindahan Hak Milik,소유권 이전 관리 서비스,0.095,1.62,False,False,40,역번역 유사도 낮음(0.10)
명의개서대행업무,tha_Thai,บริการของสำนักงานโอนกรรมสิทธิ์,저작권 변신청의 서비스입니다.,0.167,2.0,False,False,40,역번역 유사도 낮음(0.17)
명의개서대행업무,tgl_Latn,Ang mga pangalan ng mga kumpanya ng mga kumpanya ng mga kumpanya,회사 이름 회사 이름,0.0,1.38,False,False,40,역번역 유사도 낮음(0.00)
모기지담보부증권,vie_Latn,Chứng khoán được bảo đảm bằng thế chấp,증권은 담보로 보장됩니다.,0.182,1.75,False,False,40,역번역 유사도 낮음(0.18)
모기지담보부증권,mya_Mymr,အိမ်ခြံမြေ အာမခံလက်မှတ်။,주택보험증입니다.,0.235,1.12,False,False,40,역번역 유사도 낮음(0.24)
모듈기업,mya_Mymr,မော်ဂျူးကုမ္ပဏီ,모지우 회사,0.2,1.5,False,False,40,역번역 유사도 낮음(0.20)
모집설립,tha_Thai,การรับสมัครและจัดตั้ง,지원 및 조직,0.0,1.75,False,False,40,역번역 유사도 낮음(0.00)
모집설립,tgl_Latn,Pagsusumite ng mga tao,사람들이 제출하는 것,0.0,2.75,False,False,40,역번역 유사도 낮음(0.00)
무권화,ind_Latn,Dekontaminasi,오염 제거,0.0,1.67,False,False,40,역번역 유사도 낮음(0.00)
무권화,tha_Thai,การยกเลิกการอนุญาต,면허 취소,0.0,1.67,False,False,40,역번역 유사도 낮음(0.00)
무권화,tgl_Latn,Pag-aalis ng kapangyarihan,권력 제거,0.25,1.67,False,False,40,역번역 유사도 낮음(0.25)
무기명주식,tha_Thai,หุ้นผู้ถือ,주주,0.286,0.4,False,False,40,역번역 유사도 낮음(0.29)
무기명주식,mya_Mymr,အမည်မဖော်လိုခြင်း,이름 알려지지 않음,0.0,2.0,False,False,40,역번역 유사도 낮음(0.00)
무기명주식,tgl_Latn,Mga pangalan ng mga tao,사람들의 이름,0.0,1.4,False,False,40,역번역 유사도 낮음(0.00)
무기명채권,mya_Mymr,သက်တမ်းမပြည့်တဲ့ ချေးငွေ,단기 대출,0.2,1.0,False,False,40,역번역 유사도 낮음(0.20)
무기명채권,tgl_Latn,Mga utang na walang hanggan,영구적인 부채,0.167,1.4,False,False,40,역번역 유사도 낮음(0.17)
무담보사채,vie_Latn,Trái phiếu không có tài sản đảm bảo,자금이 없는 채권,0.143,1.8,False,False,40,역번역 유사도 낮음(0.14)
무담보사채,ind_Latn,Obligasi tanpa jaminan,보증되지 않은 채권,0.267,2.0,False,False,40,역번역 유사도 낮음(0.27)
무담보사채,mya_Mymr,စကားမပြောပါနဲ့။,말하지 마세요.,0.0,1.6,False,False,40,역번역 유사도 낮음(0.00)
무담보사채,tgl_Latn,Walang pakialam.,신경쓰지 마,0.0,1.2,False,False,40,역번역 유사도 낮음(0.00)
무배당,mya_Mymr,အချိုးမချိုးပါ။,비대칭입니다.,0.0,2.33,False,False,40,역번역 유사도 낮음(0.00)
무배당,tgl_Latn,Ang walang kabuluhan,무의미한 것,0.222,2.0,False,False,40,역번역 유사도 낮음(0.22)
무배주,vie_Latn,Rượu không cồn,알코올 없는 술,0.0,2.67,False,False,40,역번역 유사도 낮음(0.00)
무배주,ind_Latn,Minuman tanpa alkohol,비알코올 음료,0.0,2.33,False,False,40,역번역 유사도 낮음(0.00)
무배주,mya_Mymr,မူးယစ်ဆေးဝါး,마약,0.0,0.67,False,False,40,역번역 유사도 낮음(0.00)
무배주,tgl_Latn,Mga mangangaso.,사냥꾼들,0.0,1.33,False,False,40,역번역 유사도 낮음(0.00)
무보증사채,tha_Thai,พันธบัตรไม่มีหลักประกัน,증권에는 보장이 없습니다.,0.105,2.8,False,False,40,역번역 유사도 낮음(0.11)
무보증사채,mya_Mymr,အာမခံမဲ့ ချေးငွေပါ။,보험이 없는 대출입니다.,0.111,2.6,False,False,40,역번역 유사도 낮음(0.11)
무상증자,vie_Latn,Phát hành cổ phiếu miễn phí,무료 주식 발행,0.167,2.0,False,False,40,역번역 유사도 낮음(0.17)
무상증자,tha_Thai,ฉบับพิเศษ,특별판입니다.,0.0,1.75,False,False,40,역번역 유사도 낮음(0.00)
무액면주식,vie_Latn,Cổ phiếu không có mệnh giá,주식에는 가치가 없습니다.,0.211,2.8,False,False,40,역번역 유사도 낮음(0.21)
무액면주식,ind_Latn,Saham tanpa nilai nominal,부가가치 없는 주식,0.267,2.0,False,False,40,역번역 유사도 낮음(0.27)
무액면주식,tha_Thai,หุ้นไม่มีมูลค่าที่ตราไว้,주식에는 가치가 없습니다.,0.211,2.8,False,False,40,역번역 유사도 낮음(0.21)
무의결권주,vie_Latn,Cổ phiếu không có quyền biểu quyết,주식에는 투표권이 없습니다.,0.1,3.0,False,False,40,역번역 유사도 낮음(0.10)
무의결권주,ind_Latn,Saham tanpa hak suara,투표권이 없는 주식,0.267,2.0,False,False,40,역번역 유사도 낮음(0.27)
무의결권주,tha_Thai,หุ้นไม่มีสิทธิลงเสียง,주식은 투표권이 없습니다.,0.105,2.8,False,False,40,역번역 유사도 낮음(0.11)
무의결권주,tgl_Latn,Ang walang katapusang kapangyarihan.,무한한 힘,0.2,1.0,False,False,40,역번역 유사도 낮음(0.20)
무츄얼펀드,vie_Latn,Quỹ đầu tư chung,공동 투자 기금,0.0,1.6,False,False,40,역번역 유사도 낮음(0.00)
무츄얼펀드,tha_Thai,กองทุนรวม,전체 자금,0.0,1.0,False,False,40,역번역 유사도 낮음(0.00)
무츄얼펀드,mya_Mymr,ငွေကြေးရန်ပုံငွေ,자금 기금,0.0,1.0,False,False,40,역번역 유사도 낮음(0.00)
무츄얼펀드,tgl_Latn,Ang Pondo ng Pangkalahatan,세계적 기금,0.0,1.2,False,False,40,역번역 유사도 낮음(0.00)
물상대위,tha_Thai,การรับสิทธิแทนจากฝ่ายที่สาม,제3자를 대신해서,0.154,2.25,False,False,40,역번역 유사도 낮음(0.15)
물상대위,mya_Mymr,ရေတပ်။,해군입니다.,0.0,1.5,False,False,40,역번역 유사도 낮음(0.00)
물상대위,tgl_Latn,Mga Batas ng Tubig,물의 법칙,0.222,1.25,False,False,40,역번역 유사도 낮음(0.22)
물적담보,vie_Latn,Tài sản thế chấp,모기지 자산,0.0,1.5,False,False,40,역번역 유사도 낮음(0.00)
물적담보,ind_Latn,Jaminan riil,진정한 보장은,0.182,1.75,False,False,40,역번역 유사도 낮음(0.18)
뮤추얼펀드 인수회사,tha_Thai,บริษัทที่เชี่ยวชาญในการซื้อกองทุนรวม,자금 조달 전문 회사입니다.,0.24,1.5,False,False,40,역번역 유사도 낮음(0.24)
뮤추얼펀드 인수회사,mya_Mymr,ရင်းနှီးမြှုပ်နှံမှု ရယူရေး ကုမ္ပဏီပါ။,투자 모집 회사입니다.,0.273,1.2,False,False,40,역번역 유사도 낮음(0.27)
미국형옵션,tha_Thai,ตัวเลือกแบบอเมริกัน,미국식 선택이죠.,0.286,1.8,False,False,40,역번역 유사도 낮음(0.29)
미국형옵션,mya_Mymr,အမေရိကန် ရွေးချယ်မှုပါ။,이것은 미국의 선택입니다.,0.211,2.8,False,False,40,역번역 유사도 낮음(0.21)
미발행증권거래,ind_Latn,Perdagangan Surat Berharga yang Belum Diterbitkan,출판되지 않은 귀중한 편지 거래,0.167,2.43,False,False,40,역번역 유사도 낮음(0.17)
미발행증권거래,mya_Mymr,စျေးကွက်မဝင်တဲ့ စက္ကူတွေ,시장에 팔리지 않는 종이입니다.,0.0,2.43,False,False,40,역번역 유사도 낮음(0.00)
미발행증권거래,tgl_Latn,Pagbebenta ng di-nagtatagumpay na mga securities,실패한 증권 판매,0.25,1.29,False,False,40,역번역 유사도 낮음(0.25)
미청산계약,tha_Thai,สัญญาที่ยังเปิดอยู่,계약은 아직 유효합니다.,0.222,2.6,False,False,40,역번역 유사도 낮음(0.22)
바스켓방식,tha_Thai,วิธีตะกร้า,은 방법.,0.2,1.0,False,False,40,역번역 유사도 낮음(0.20)
바스켓방식,mya_Mymr,ဘတ်စကက်ပုံစံပါ။,바구니 모양입니다.,0.133,2.0,False,False,40,역번역 유사도 낮음(0.13)
바스켓방식,tgl_Latn,Ang Basketball Style,농구 스타일,0.182,1.2,False,False,40,역번역 유사도 낮음(0.18)
반대매매,vie_Latn,Giao dịch ngược chiều,거꾸로 거래,0.0,1.5,False,False,40,역번역 유사도 낮음(0.00)
반대매매,ind_Latn,Transaksi berlawanan arah,역방향 거래,0.0,1.5,False,False,40,역번역 유사도 낮음(0.00)
반대매매,tha_Thai,การขายชอร์ต,쇼트 판매,0.222,1.25,False,False,40,역번역 유사도 낮음(0.22)
반대매매,tgl_Latn,Ang iba't ibang mga kalakalan,다양한 거래,0.0,1.5,False,False,40,역번역 유사도 낮음(0.00)
발기설립,tha_Thai,การจดทะเบียนบริษัท,회사 등록,0.0,1.25,False,False,40,역번역 유사도 낮음(0.00)
발기인,vie_Latn,Người sáng lập,창업자,0.0,1.0,False,False,40,역번역 유사도 낮음(0.00)
발기인,ind_Latn,Pendiri,창업자,0.0,1.0,False,False,40,역번역 유사도 낮음(0.00)
발기인,tha_Thai,ผู้จัดงาน,행사의 주최자,0.0,2.33,False,False,40,역번역 유사도 낮음(0.00)
발기인,mya_Mymr,ရောင်ရမ်းမှု။,염증입니다.,0.0,2.0,False,False,40,역번역 유사도 낮음(0.00)
발기인,tgl_Latn,Ang pagtataas.,승진,0.0,0.67,False,False,40,역번역 유사도 낮음(0.00)
발기인조합,vie_Latn,Hiệp hội các nhà sáng lập,창업자 협회,0.0,1.2,False,False,40,역번역 유사도 낮음(0.00)
발기인조합,ind_Latn,Kelompok Pendiri,창립자 그룹,0.0,1.2,False,False,40,역번역 유사도 낮음(0.00)
발기인조합,tha_Thai,สมาคมผู้จัดงาน,주최자 협회,0.0,1.2,False,False,40,역번역 유사도 낮음(0.00)
발기인조합,mya_Mymr,ရောင်ရမ်းမှု ပေါင်းစပ်မှု။,염증의 조합입니다.,0.267,2.0,False,False,40,역번역 유사도 낮음(0.27)
발행가액,ind_Latn,Nilai nominal,부가가치,0.25,1.0,False,False,40,역번역 유사도 낮음(0.25)
발행가액,tha_Thai,ราคาออกจำหน่าย,판매가격,0.25,1.0,False,False,40,역번역 유사도 낮음(0.25)
발행가액,mya_Mymr,ထုတ်ဝေမှု ပမာဏ,출판량,0.0,0.75,False,False,40,역번역 유사도 낮음(0.00)
배당가능이익,vie_Latn,Lợi nhuận có thể chia cổ tức,이윤은 배당할 수 있습니다.,0.19,2.5,False,False,40,역번역 유사도 낮음(0.19)
배당가능이익,ind_Latn,Laba yang Dapat Dibagikan,나눌 수 있는 이익,0.25,1.67,False,False,40,역번역 유사도 낮음(0.25)
배당가능이익,tha_Thai,กำไรที่มีสิทธิ์จ่ายปันผล,이윤은 보상받을 수 있습니다.,0.091,2.67,False,False,40,역번역 유사도 낮음(0.09)
배당가능이익,mya_Mymr,ဖြန့်ဝေလို့ရတဲ့ အကျိုးအမြတ်,분산된 이익입니다.,0.25,1.67,False,False,40,역번역 유사도 낮음(0.25)
배당가능이익,tgl_Latn,Mga kabayaran na makukuha,받을 수 있는 지불금,0.0,1.83,False,False,40,역번역 유사도 낮음(0.00)
배당금지급청구권,tha_Thai,สิทธิในการขอรับเงินปันผล,보상받을 권리가 있습니다.,0.091,1.75,False,False,40,역번역 유사도 낮음(0.09)
배당금지급청구권,mya_Mymr,အခကြေးငွေ ထောက်ပံ့မှု တောင်းဆိုခွင့်,지원금을 신청할 수 있는 권리,0.25,2.0,False,False,40,역번역 유사도 낮음(0.25)
배당금지급청구권,tgl_Latn,Karapatan na mag-aplay para sa mga allowance,보조금을 신청할 수 있는 권리,0.25,2.0,False,False,40,역번역 유사도 낮음(0.25)
배당기산일,tha_Thai,วันที่กำหนดสิทธิรับเงินปันผล,이산화탄소배출권 결제일,0.235,2.4,False,False,40,역번역 유사도 낮음(0.24)
배당기산일,tgl_Latn,Araw ng Paghahalo,혼합의 날,0.0,1.0,False,False,40,역번역 유사도 낮음(0.00)
배당락,ind_Latn,Hari ex-dividen,이분배 전날,0.222,2.0,False,False,40,역번역 유사도 낮음(0.22)
배당락,mya_Mymr,ကွဲပြားမှု။,다양성입니다.,0.0,2.33,False,False,40,역번역 유사도 낮음(0.00)
배당락,tgl_Latn,Pag-aakyat.,올라와,0.0,1.0,False,False,40,역번역 유사도 낮음(0.00)
배당성향,tha_Thai,อัตราส่วนการจ่ายปันผล,수익률은,0.0,1.0,False,False,40,역번역 유사도 낮음(0.00)
배당성향,mya_Mymr,ဘက်လိုက်မှု။,편견입니다.,0.0,1.5,False,False,40,역번역 유사도 낮음(0.00)
배당성향,tgl_Latn,Pag-aalinlangan,의심,0.0,0.5,False,False,40,역번역 유사도 낮음(0.00)
배당소득,tha_Thai,รายได้จากเงินปันผล,이산화탄소 수입,0.167,2.0,False,False,40,역번역 유사도 낮음(0.17)
배당소득,mya_Mymr,အကျိုးခံစားမှု ရလာဒ်,그 결과로,0.0,1.25,False,False,40,역번역 유사도 낮음(0.00)
배당소득세,ind_Latn,Pajak Penghasilan atas Dividen,이산화탄소 수입세,0.286,1.8,False,False,40,역번역 유사도 낮음(0.29)
배당소득세,mya_Mymr,အပိုဆုရငွေပါ။,그것은 보너스입니다.,0.0,2.2,False,False,40,역번역 유사도 낮음(0.00)
배당소득세,tgl_Latn,Ito ay isang dividend.,이것은 배당금입니다.,0.25,2.2,False,False,40,역번역 유사도 낮음(0.25)
배당평가모형,tgl_Latn,Modelo ng pag-allocate ng rating,신용등급 할당 모델,0.25,1.67,False,False,40,역번역 유사도 낮음(0.25)
백워데이션,vie_Latn,Đảo ngược,뒤집은 섬,0.0,1.0,False,False,40,역번역 유사도 낮음(0.00)
백워데이션,mya_Mymr,Backwardation ဆိုတာက,배후화란,0.0,0.8,False,False,40,역번역 유사도 낮음(0.00)
벌처펀드,ind_Latn,Dana Vulture,비둘기 기금,0.0,1.5,False,False,40,역번역 유사도 낮음(0.00)
벌처펀드,tha_Thai,กองทุนนักล่า,사냥꾼 기금,0.0,1.5,False,False,40,역번역 유사도 낮음(0.00)
법정과실,vie_Latn,Sai sót theo quy định của pháp luật,법에 의한 오류,0.167,2.0,False,False,40,역번역 유사도 낮음(0.17)
법정과실,ind_Latn,Kelalaian hukum,법의 방치,0.222,1.25,False,False,40,역번역 유사도 낮음(0.22)
법정과실,tha_Thai,ความประมาททางกฎหมาย,법적인 문제입니다.,0.143,2.5,False,False,40,역번역 유사도 낮음(0.14)
법정관리,ind_Latn,Pengawasan Pengadilan,법원의 감시,0.2,1.5,False,False,40,역번역 유사도 낮음(0.20)
법정관리,mya_Mymr,တရားရေးဝန်ထမ်း။,공무원.,0.0,1.0,False,False,40,역번역 유사도 낮음(0.00)
법정관리,tgl_Latn,Mga Hukom,재판관,0.286,0.75,False,False,40,역번역 유사도 낮음(0.29)
법정담보물권,mya_Mymr,တရားရုံးမှာ တာဝန်ယူခွင့်။,법정에서 책임을 져야 합니다.,0.182,2.67,False,False,40,역번역 유사도 낮음(0.18)
법정대위,tgl_Latn,Mga Hukom,재판관,0.0,0.75,False,False,40,역번역 유사도 낮음(0.00)
법정청산,vie_Latn,Thanh lý theo pháp luật,법적인 순결성,0.182,1.75,False,False,40,역번역 유사도 낮음(0.18)
법정청산,ind_Latn,Likuidasi Pengadilan,법원의 폐지,0.2,1.5,False,False,40,역번역 유사도 낮음(0.20)
법정청산,tha_Thai,การชำระบัญชีตามกฎหมาย,법적인 결제,0.2,1.5,False,False,40,역번역 유사도 낮음(0.20)
법정청산,tgl_Latn,Pag-aalaga ng korte,법원의 보살핌,0.182,1.75,False,False,40,역번역 유사도 낮음(0.18)
베이시스,ind_Latn,Basis,기지,0.0,0.5,False,False,40,역번역 유사도 낮음(0.00)
베이시스,tha_Thai,พื้นฐาน,기본,0.0,0.5,False,False,40,역번역 유사도 낮음(0.00)
베이시스,tgl_Latn,Basees.,기지.,0.0,0.75,False,False,40,역번역 유사도 낮음(0.00)
병행증자,vie_Latn,Phát hành cổ phiếu tăng vốn song song,자금 증대 주식 발행,0.133,2.75,False,False,40,역번역 유사도 낮음(0.13)
병행증자,tha_Thai,การออกหุ้นแบบขนาน,평행 주식 거래,0.167,2.0,False,False,40,역번역 유사도 낮음(0.17)
병행증자,mya_Mymr,ဘေးထွက်ဆိုးကျိုးပါ။,부작용입니다.,0.0,1.75,False,False,40,역번역 유사도 낮음(0.00)
병행증자,tgl_Latn,Mga parusa.,처벌,0.0,0.5,False,False,40,역번역 유사도 낮음(0.00)
보관기관,ind_Latn,Lembaga Penyimpanan,저장소,0.0,0.75,False,False,40,역번역 유사도 낮음(0.00)
보관기관,tha_Thai,ผู้รับฝาก,대리인,0.0,0.75,False,False,40,역번역 유사도 낮음(0.00)
보관기관,mya_Mymr,သိုလှောင်ရေး,저장소,0.0,0.75,False,False,40,역번역 유사도 낮음(0.00)
보관기관,tgl_Latn,Mga imbakan,창고,0.0,0.5,False,False,40,역번역 유사도 낮음(0.00)
보관원장,vie_Latn,Sổ đăng ký lưu trữ,아카이브 레지스터,0.0,2.25,False,False,40,역번역 유사도 낮음(0.00)
보관원장,ind_Latn,Buku Besar Penyimpanan,저장용 책자,0.2,1.5,False,False,40,역번역 유사도 낮음(0.20)
보관원장,tha_Thai,ทะเบียนเอกสาร,문서를 작성하세요,0.0,2.25,False,False,40,역번역 유사도 낮음(0.00)
보관원장,mya_Mymr,သိုလှောင်ရေးမှူး။,창고장님.,0.222,1.25,False,False,40,역번역 유사도 낮음(0.22)
보관원장,tgl_Latn,Pangulo ng Repositorio,저장소 책임자,0.182,1.75,False,False,40,역번역 유사도 낮음(0.18)
보증사채,vie_Latn,Trái phiếu có bảo đảm,유가증권은 보장됩니다,0.133,2.75,False,False,40,역번역 유사도 낮음(0.13)
보증사채,tgl_Latn,Ang garantiya,보장은,0.286,0.75,False,False,40,역번역 유사도 낮음(0.29)
보통거래,tha_Thai,ธุรกรรมมาตรฐาน,표준 사업,0.0,1.25,False,False,40,역번역 유사도 낮음(0.00)
보통거래,mya_Mymr,ပုံမှန်အတိုင်းပါ။,평소처럼요.,0.0,1.5,False,False,40,역번역 유사도 낮음(0.00)
보통결의,ind_Latn,Keputusan Biasa,평범한 결정,0.2,1.5,False,False,40,역번역 유사도 낮음(0.20)
보통결의,tha_Thai,มติทั่วไป,일반적인 관점,0.0,1.75,False,False,40,역번역 유사도 낮음(0.00)
보통결의,mya_Mymr,ပုံမှန်ဆုံးဖြတ်ချက်က,일반적인 결정은,0.167,2.0,False,False,40,역번역 유사도 낮음(0.17)
보통결의,tgl_Latn,Ang karaniwang desisyon,일반적인 결정,0.182,1.75,False,False,40,역번역 유사도 낮음(0.18)
보통주,mya_Mymr,သာမန်နေ့ပါ။,평범한 하루였죠.,0.0,3.0,False,False,40,역번역 유사도 낮음(0.00)
보호예수,vie_Latn,Thời gian khóa cổ phiếu,주식 폐쇄 시간,0.0,2.0,False,False,40,역번역 유사도 낮음(0.00)
보호예수,ind_Latn,Periode pembekuan,냉각기,0.0,0.75,False,False,40,역번역 유사도 낮음(0.00)
보호예수,tha_Thai,ช่วงห้ามขาย,금기시절,0.0,1.0,False,False,40,역번역 유사도 낮음(0.00)
보호예수,tgl_Latn,Banal na Diyos.,거룩하신 하나님,0.0,2.0,False,False,40,역번역 유사도 낮음(0.00)
보호예수증서,vie_Latn,Giấy chứng nhận cổ phiếu bị hạn chế chuyển nhượng,유통 제한된 주식증권,0.118,1.83,False,False,40,역번역 유사도 낮음(0.12)
보호예수증서,mya_Mymr,ခွင့်ပြုချက်။,허가.,0.0,0.5,False,False,40,역번역 유사도 낮음(0.00)
복리채,vie_Latn,Trái phiếu lãi kép,이중 이자 채권,0.182,2.67,False,False,40,역번역 유사도 낮음(0.18)
복리채,tha_Thai,ดอกเบี้ยทบต้น,꽃이 달리고,0.222,2.0,False,False,40,역번역 유사도 낮음(0.22)
복리채,mya_Mymr,အဝတ်လျှော်စက်ပါ။,세탁기입니다.,0.0,2.33,False,False,40,역번역 유사도 낮음(0.00)
복리채,tgl_Latn,Ang pag-aalaga.,돌봄.,0.0,1.0,False,False,40,역번역 유사도 낮음(0.00)
복수통화대출,tha_Thai,สินเชื่อหลายสกุลเงิน,많은 돈을 믿어요,0.0,1.5,False,False,40,역번역 유사도 낮음(0.00)
복수통화대출,mya_Mymr,အပြန်အလှန် ရောင်းဝယ်မှု,상호 거래,0.0,0.83,False,False,40,역번역 유사도 낮음(0.00)
복수통화대출,tgl_Latn,Pagbabalik-tangi,배타성,0.0,0.5,False,False,40,역번역 유사도 낮음(0.00)
복수통화표시채,ind_Latn,Obligasi dengan Penunjukan Mata Uang Ganda,이중화폐 지정을 가진 채권,0.19,2.0,False,False,40,역번역 유사도 낮음(0.19)
복수통화표시채,tha_Thai,พันธบัตรที่ระบุมูลค่าในหลายสกุลเงิน,여러 화폐에 해당하는 증권입니다.,0.08,2.57,False,False,40,역번역 유사도 낮음(0.08)
복수통화표시채,mya_Mymr,လက်စားချေမှု အမှတ်အသားပါ။,복수의 상징입니다.,0.235,1.43,False,False,40,역번역 유사도 낮음(0.24)
복수통화표시채,tgl_Latn,Ang mga tanda ng pagbabayad ng utang.,빚을 갚는 징후,0.0,1.14,False,False,40,역번역 유사도 낮음(0.00)
부당권유행위의 금지,tha_Thai,การห้ามการปฏิบัติในการชักชวนลูกค้าที่ไม่เป็นธรรม,불공정한 고객 유치를 금지합니다.,0.286,1.8,False,False,40,역번역 유사도 낮음(0.29)
부도방지협약,mya_Mymr,အန္တရာယ်ကင်းစင်ရေး သဘောတူစာချုပ်။,안전성 조약,0.167,1.0,False,False,40,역번역 유사도 낮음(0.17)
부도방지협약,tgl_Latn,Pangkalahatang kasunduan.,일반적 합의.,0.0,1.17,False,False,40,역번역 유사도 낮음(0.00)
부도처리유예,vie_Latn,Hoãn xử lý phá sản,파산 취소,0.0,0.83,False,False,40,역번역 유사도 낮음(0.00)
부도처리유예,ind_Latn,Penangguhan Penanganan Kebangkrutan,파산 처리 연기,0.286,1.33,False,False,40,역번역 유사도 낮음(0.29)
부도처리유예,tha_Thai,การเลื่อนการดำเนินการตามกฎหมายล้มละลาย,법적으로 파기된 사건,0.0,1.83,False,False,40,역번역 유사도 낮음(0.00)
부도처리유예,mya_Mymr,အဝတ်လျှော်စက်ပါ။,세탁기입니다.,0.0,1.17,False,False,40,역번역 유사도 낮음(0.00)
부도처리유예,tgl_Latn,Ang pag-aalaga ng mga tao.,사람들을 돌보는 것.,0.0,1.83,False,False,40,역번역 유사도 낮음(0.00)
부동담보제도,ind_Latn,Sistem Jaminan Tidak Bergerak,보증 시스템은 움직이지 않습니다.,0.083,3.0,False,False,40,역번역 유사도 낮음(0.08)
부동담보제도,tha_Thai,ระบบสินเชื่ออสังหาริมทรัพย์,부동산 대출 시스템입니다.,0.2,2.33,False,False,40,역번역 유사도 낮음(0.20)
부동담보제도,mya_Mymr,မျောနေတဲ့ အာမခံစနစ်ပါ။,그것은 떠있는 보험 시스템입니다.,0.083,3.0,False,False,40,역번역 유사도 낮음(0.08)
부동담보제도,tgl_Latn,Ang floating deposit system.,떠 있는 매장 시스템입니다.,0.0,2.5,False,False,40,역번역 유사도 낮음(0.00)
부동주,vie_Latn,Budoongju,Budoongju,0.0,3.0,False,False,40,역번역 유사도 낮음(0.00)
부동주,ind_Latn,Budoongju,Budoongju,0.0,3.0,False,False,40,역번역 유사도 낮음(0.00)
부동주,tgl_Latn,Lumilipad,날아가라,0.0,1.33,False,False,40,역번역 유사도 낮음(0.00)
부동화,vie_Latn,Khóa chặt,꽉 막아,0.0,1.33,False,False,40,역번역 유사도 낮음(0.00)
부동화,ind_Latn,Imobilisasi,움직이지 않는,0.0,2.33,False,False,40,역번역 유사도 낮음(0.00)
부동화,tha_Thai,การตรึง,추출,0.0,0.67,False,False,40,역번역 유사도 낮음(0.00)
부동화,mya_Mymr,မျောနေခြင်း,떠다니는 것,0.0,2.0,False,False,40,역번역 유사도 낮음(0.00)
부동화,tgl_Latn,Paglalakbay,여행,0.0,0.67,False,False,40,역번역 유사도 낮음(0.00)
부보관기관,mya_Mymr,ထောက်ပံ့စောင့်ရှောက်ရေးဌာန,지원 서비스,0.0,1.2,False,False,40,역번역 유사도 낮음(0.00)
부보관기관,tgl_Latn,Mga Kagawaran ng Pag-aalaga,돌봄 부서,0.2,1.0,False,False,40,역번역 유사도 낮음(0.20)
부실채권,vie_Latn,Nợ xấu,나쁜 빚,0.0,1.0,False,False,40,역번역 유사도 낮음(0.00)
부실채권,ind_Latn,Kredit macet,신용 고장,0.0,1.25,False,False,40,역번역 유사도 낮음(0.00)
부실채권 정리기금,mya_Mymr,ချေးငွေချေးငွေ,"대출, 대출",0.133,0.67,False,False,40,역번역 유사도 낮음(0.13)
부실채권정리기금채권,ind_Latn,Obligasi Dana Penanganan Kredit Bermasalah,신용기금 채권 문제,0.2,1.0,False,False,40,역번역 유사도 낮음(0.20)
부실채권정리기금채권,tha_Thai,พันธบัตรที่ออกโดยกองทุนจัดการสินเชื่อที่ไม่ก่อให้เกิดรายได้,수익을 창출하지 않는 신용기금에서 발행된 채권입니다.,0.103,2.9,False,False,40,역번역 유사도 낮음(0.10)
부실채권정리기금채권,mya_Mymr,ချေးငွေမဲ့ ချေးငွေမဲ့ ချေးငွေမဲ့,신용없이 신용없이 신용없이 신용없이,0.0,1.9,False,False,40,역번역 유사도 낮음(0.00)
부실채권정리기금채권,tgl_Latn,Mga utang sa mga bangko,은행의 부채,0.25,0.6,False,False,40,역번역 유사도 낮음(0.25)
부전환대리인,vie_Latn,Đại lý không chuyển đổi,에이전트는 전환되지 않습니다.,0.182,2.67,False,False,40,역번역 유사도 낮음(0.18)
부전환대리인,mya_Mymr,ငွေလဲလှယ်မှု အပိုင်းပါ။,교환의 부분입니다.,0.125,1.67,False,False,40,역번역 유사도 낮음(0.12)
부전환대리인,tgl_Latn,Ang mga diskarte,방법들,0.0,0.5,False,False,40,역번역 유사도 낮음(0.00)
분리결제,vie_Latn,Thanh toán riêng biệt,별도의 지불,0.0,1.5,False,False,40,역번역 유사도 낮음(0.00)
분리결제,ind_Latn,Pembayaran Terpisah,별도의 지불,0.0,1.5,False,False,40,역번역 유사도 낮음(0.00)
분리결제,tha_Thai,การแบ่งการชำระเงิน,지불을 나누는 것,0.0,2.25,False,False,40,역번역 유사도 낮음(0.00)
분리결제,mya_Mymr,ခွဲခြားရေး ဖြေရှင်းရေး,인종차별에 대한 해결책,0.125,3.0,False,False,40,역번역 유사도 낮음(0.12)
분리결제,tgl_Latn,Pag-iwas sa paghihiwalay,단절을 피하는 방법,0.0,2.5,False,False,40,역번역 유사도 낮음(0.00)
분리과세,vie_Latn,Đánh thuế riêng biệt,별도의 세금,0.2,1.5,False,False,40,역번역 유사도 낮음(0.20)
분리과세,ind_Latn,Pajak Terpisah,별도의 세금,0.2,1.5,False,False,40,역번역 유사도 낮음(0.20)
분리과세,mya_Mymr,ကွဲပြားမှုပါ။,그것은 차이입니다.,0.0,2.5,False,False,40,역번역 유사도 낮음(0.00)
분리형증권,tha_Thai,หลักทรัพย์ที่แยกได้,분할 가능한 자산입니다.,0.111,2.6,False,False,40,역번역 유사도 낮음(0.11)
분리형증권,mya_Mymr,ကွဲပြားတဲ့ လက်မှတ်ပါ။,다른 서명입니다.,0.0,1.8,False,False,40,역번역 유사도 낮음(0.00)
분리형증권,tgl_Latn,I-separate ang mga dokumento,서류를 분리하세요,0.286,1.8,False,False,40,역번역 유사도 낮음(0.29)
분매기관,tha_Thai,บริษัทตัวแทนจำหน่าย,대리인 회사,0.0,1.5,False,False,40,역번역 유사도 낮음(0.00)
분매기관,mya_Mymr,ဖြန့်ဖြူးရေး ကိရိယာ,배포장치,0.0,1.0,False,False,40,역번역 유사도 낮음(0.00)
분매기관,tgl_Latn,Mga distributor,유통업체,0.0,1.0,False,False,40,역번역 유사도 낮음(0.00)
분배락조치,tha_Thai,มาตรการจำกัดการกระจายสินค้า,유통을 제한하는 조치,0.25,2.2,False,False,40,역번역 유사도 낮음(0.25)
분배락조치,mya_Mymr,ဖြန့်ဖြူးမှု အချိုးအစား,분포율,0.25,0.6,False,False,40,역번역 유사도 낮음(0.25)
분배락조치,tgl_Latn,Pag-aayos ng pamamahagi,배포를 준비하고,0.154,1.6,False,False,40,역번역 유사도 낮음(0.15)
분할납입채,vie_Latn,Nợ trả góp,빚을 갚고,0.0,1.0,False,False,40,역번역 유사도 낮음(0.00)
분할납입채,ind_Latn,Utang dengan Pembayaran Bertahap,단계적으로 갚는 빚,0.0,2.0,False,False,40,역번역 유사도 낮음(0.00)
분할납입채,tha_Thai,หนี้แบบผ่อนชำระ,빚을 갚기 위해,0.0,1.6,False,False,40,역번역 유사도 낮음(0.00)
분할납입채,mya_Mymr,ပိုင်းခြားထားတဲ့ ဝင်ငွေ။,분산된 소득입니다.,0.267,2.0,False,False,40,역번역 유사도 낮음(0.27)
분할납입채,tgl_Latn,Ang paghahati ng utang,부채를 나누는 것,0.143,1.8,False,False,40,역번역 유사도 낮음(0.14)
불독채,ind_Latn,Daun Bulldog,불도그 잎,0.25,1.67,False,False,40,역번역 유사도 낮음(0.25)
불독채,tha_Thai,บูลด็อก แช, buldog ,0.0,2.67,False,False,40,역번역 유사도 낮음(0.00)
불독채,mya_Mymr,စာမတတ်ဘူး။,문맹이었습니다.,0.0,2.67,False,False,40,역번역 유사도 낮음(0.00)
불릿채,vie_Latn,Cây bông lau,나무,0.0,0.67,False,False,40,역번역 유사도 낮음(0.00)
불릿채,ind_Latn,Sapu peluru,총알 청소,0.0,1.67,False,False,40,역번역 유사도 낮음(0.00)
불릿채,tha_Thai,บูลเล็ต แช,발레트 ,0.0,1.33,False,False,40,역번역 유사도 낮음(0.00)
불릿채,mya_Mymr,မိုက်မဲတယ်။,바보같습니다.,0.0,2.33,False,False,40,역번역 유사도 낮음(0.00)
브로커,vie_Latn,Môi giới,환경,0.0,0.67,False,False,40,역번역 유사도 낮음(0.00)
브로커,ind_Latn,Pialang,중개업자,0.0,1.33,False,False,40,역번역 유사도 낮음(0.00)
브로커,tha_Thai,ผู้ค้า,거래자,0.0,1.0,False,False,40,역번역 유사도 낮음(0.00)
브로커,mya_Mymr,ရောင်းဝယ်သူ,판매자,0.0,1.0,False,False,40,역번역 유사도 낮음(0.00)
브로커스 론,vie_Latn,Khoản vay qua môi giới,중개자 대출,0.167,1.0,False,False,40,역번역 유사도 낮음(0.17)
브로커스 론,ind_Latn,Pinjaman Broker,대출 중개자,0.167,1.0,False,False,40,역번역 유사도 낮음(0.17)
브로커스 론,tha_Thai,สินเชื่อผ่านผู้กลาง,중개인을 통해 신뢰합니다.,0.1,2.33,False,False,40,역번역 유사도 낮음(0.10)
브릿지,vie_Latn,Cầu,다리,0.0,0.67,False,False,40,역번역 유사도 낮음(0.00)
브릿지,ind_Latn,Jembatan,다리,0.0,0.67,False,False,40,역번역 유사도 낮음(0.00)
브릿지,tha_Thai,สะพาน,다리!,0.0,1.0,False,False,40,역번역 유사도 낮음(0.00)
브릿지,mya_Mymr,တံတား။,다리입니다.,0.0,2.0,False,False,40,역번역 유사도 낮음(0.00)
브릿지,tgl_Latn,Mga tulay.,다리.,0.0,1.0,False,False,40,역번역 유사도 낮음(0.00)
브릿지론,vie_Latn,Khoản vay cầu nối,연결금 대출,0.0,1.5,False,False,40,역번역 유사도 낮음(0.00)
브릿지론,ind_Latn,Pinjaman Jembatan,다리 대출,0.0,1.25,False,False,40,역번역 유사도 낮음(0.00)
브릿지론,tha_Thai,เงินกู้สะพาน,다리 대출,0.0,1.25,False,False,40,역번역 유사도 낮음(0.00)
블루 리스트,vie_Latn,Danh sách Xanh,녹색 목록,0.182,0.83,False,False,40,역번역 유사도 낮음(0.18)
블루 리스트,tha_Thai,รายชื่อสีฟ้า,파란색 목록,0.167,1.0,False,False,40,역번역 유사도 낮음(0.17)
블루 리스트,mya_Mymr,အပြာစာရင်းပါ။,파란 목록입니다.,0.133,1.5,False,False,40,역번역 유사도 낮음(0.13)
블루 리스트,tgl_Latn,Blue listahan,푸른 목록,0.182,0.83,False,False,40,역번역 유사도 낮음(0.18)
비가격경쟁,tgl_Latn,Ang pag-uumpisa sa ulan,비에 잠자리는 것,0.143,1.8,False,False,40,역번역 유사도 낮음(0.14)
비거주자,ind_Latn,bukan penduduk,주민이 아닙니다.,0.154,2.25,False,False,40,역번역 유사도 낮음(0.15)
비거주자,tha_Thai,ผู้ไม่พักอาศัย,노숙자,0.286,0.75,False,False,40,역번역 유사도 낮음(0.29)
비거주자,mya_Mymr,ဒုက္ခသည်တွေ,난민들.,0.0,1.0,False,False,40,역번역 유사도 낮음(0.00)
비과세소득,vie_Latn,Thu nhập miễn thuế,세금 없는 수입,0.154,1.6,False,False,40,역번역 유사도 낮음(0.15)
비과세소득,ind_Latn,Penghasilan yang Bebas Pajak,세금 없는 수입,0.154,1.6,False,False,40,역번역 유사도 낮음(0.15)
비과세소득,tha_Thai,รายได้ที่ได้รับการยกเว้นภาษี,세금이 없는 수입입니다.,0.111,2.6,False,False,40,역번역 유사도 낮음(0.11)
비과세소득,tgl_Latn,Mga kita na walang buwis,세금 없는 수익,0.154,1.6,False,False,40,역번역 유사도 낮음(0.15)
비상장증권,tha_Thai,หลักทรัพย์ที่ไม่ได้จดทะเบียน,등록되지 않은 자산,0.0,2.0,False,False,40,역번역 유사도 낮음(0.00)
비상장증권,mya_Mymr,အရေးပေါ်လက်မှတ်။,응급권입니다.,0.167,1.4,False,False,40,역번역 유사도 낮음(0.17)
비상장증권,tgl_Latn,Mga sertipiko ng emerhensiya,응급 인증서,0.182,1.2,False,False,40,역번역 유사도 낮음(0.18)
비회원증권회사,vie_Latn,Công ty chứng khoán không phải là thành viên,주식회사는 회원사가 아닙니다.,0.261,2.29,False,False,40,역번역 유사도 낮음(0.26)
빗더마켓 전략,ind_Latn,Strategi BitderMarket,BitderMarket 전략,0.273,2.14,False,False,40,역번역 유사도 낮음(0.27)
빗더마켓 전략,tgl_Latn,Strategy ng Bitdermarket,Bitdermarket의 전략,0.261,2.29,False,False,40,역번역 유사도 낮음(0.26)
사고신고,mya_Mymr,မတော်တဆဖြစ်ခဲ့တယ်။,사고가 있었습니다.,0.286,2.5,False,False,40,역번역 유사도 낮음(0.29)
사고신고,tgl_Latn,Nagkaroon ng aksidente.,사고가 있었습니다.,0.286,2.5,False,False,40,역번역 유사도 낮음(0.29)
사고증권,tha_Thai,หลักทรัพย์ที่เกี่ยวข้องกับเหตุการณ์นี้,이 사건에 관련된 자산,0.125,3.0,False,False,40,역번역 유사도 낮음(0.12)
사고증권 가신고제도,vie_Latn,Hệ thống đăng ký sơ bộ chứng khoán bị mất,예비 증권 등록 시스템은 사라졌습니다.,0.194,2.1,False,False,40,역번역 유사도 낮음(0.19)
사고증권 가신고제도,ind_Latn,Sistem Pelaporan Awal Efek yang Terlibat dalam Kecelakaan,사고로 인한 영향에 대한 초기 보고 시스템,0.242,2.3,False,False,40,역번역 유사도 낮음(0.24)
사고증권 가신고제도,tha_Thai,ระบบรายงานเบื้องต้นสำหรับหลักทรัพย์ที่ถูกขโมย,도둑맞은 자산에 대한 초기 보고 시스템,0.129,2.1,False,False,40,역번역 유사도 낮음(0.13)
사고증권 가신고제도,mya_Mymr,ယာဉ်မတော်တဆမှု လိုင်စင်နဲ့ ထောင်ဒဏ်,운전면허증과 감옥살이,0.19,1.1,False,False,40,역번역 유사도 낮음(0.19)
사고증권 가신고제도,tgl_Latn,Ito ay para sa mga taong may lisensya.,이것은 라이선스를 가진 사람들을 위한 것입니다.,0.111,2.6,False,False,40,역번역 유사도 낮음(0.11)
사내유보,ind_Latn,Laba ditahan,수익금지,0.0,1.0,False,False,40,역번역 유사도 낮음(0.00)
사내유보,tha_Thai,กำไรที่เก็บไว้,이윤은 저축됩니다.,0.0,2.5,False,False,40,역번역 유사도 낮음(0.00)
사내유보,mya_Mymr,ယောကျ်ားလေး။,남자입니다.,0.0,1.5,False,False,40,역번역 유사도 낮음(0.00)
사내유보,tgl_Latn,Ang lalaki ay Yubo.,그 남자는 유부입니다.,0.125,3.0,False,False,40,역번역 유사도 낮음(0.12)
사다리형 만기구성전략,tha_Thai,กลยุทธ์การจัดพอร์ตโฟลิโอแบบบันได,계단형 포트폴리오 전략입니다.,0.296,1.45,False,False,40,역번역 유사도 낮음(0.30)
사다리형 만기구성전략,mya_Mymr,လှေခါးထစ် အရှည်ခံ နည်းဗျူဟာပါ။,이것은 지속가능한 전략입니다.,0.222,1.45,False,False,40,역번역 유사도 낮음(0.22)
사다리형 만기구성전략,tgl_Latn,Ang mga taktika ng mga hagdan,계단 기법,0.25,0.45,False,False,40,역번역 유사도 낮음(0.25)
사모펀드,vie_Latn,Quỹ đầu tư tư nhân,개인 투자 기금,0.0,2.0,False,False,40,역번역 유사도 낮음(0.00)
사모펀드,ind_Latn,Hutan modal swasta,민간 자본의 숲,0.0,2.0,False,False,40,역번역 유사도 낮음(0.00)
사모펀드,tha_Thai,กองทุนทุนส่วนตัว,개인 자금,0.0,1.25,False,False,40,역번역 유사도 낮음(0.00)
사업설명서,vie_Latn,Tài liệu giới thiệu dự án,프로젝트 소개 문서,0.133,2.0,False,False,40,역번역 유사도 낮음(0.13)
사업설명서,ind_Latn,Brosur Proyek,프로젝트 브로셔,0.0,1.6,False,False,40,역번역 유사도 낮음(0.00)
사업설명서,tha_Thai,ข้อเสนอโครงการ,프로젝트 제안,0.0,1.4,False,False,40,역번역 유사도 낮음(0.00)
사업설명서,tgl_Latn,Mga pahayag sa negosyo,비즈니스 선언,0.0,1.4,False,False,40,역번역 유사도 낮음(0.00)
사이또리회원,tgl_Latn,Ang mga miyembro ng Sitoli,스토리의 구성원,0.286,1.33,False,False,40,역번역 유사도 낮음(0.29)
사전매매대조과정,tha_Thai,กระบวนการตรวจสอบความสอดคล้องก่อนการซื้อขาย,구매 전의 적합성 검사 과정,0.261,1.88,False,False,40,역번역 유사도 낮음(0.26)
사전매매대조과정,mya_Mymr,အရောင်းအဝယ် ကြိုတင် ညှိနှိုင်းမှု,매매를 위한 사전 협상,0.2,1.5,False,False,40,역번역 유사도 낮음(0.20)
사채권,tha_Thai,บอนด์,본드,0.0,0.67,False,False,40,역번역 유사도 낮음(0.00)
사채권,mya_Mymr,ချေးငွေ,대출,0.0,0.67,False,False,40,역번역 유사도 낮음(0.00)
사채권,tgl_Latn,Mga panuntunan,원칙,0.0,0.67,False,False,40,역번역 유사도 낮음(0.00)
사채발행,mya_Mymr,ချေးငွေချေမှု,빚을 갚는 것,0.0,1.75,False,False,40,역번역 유사도 낮음(0.00)
사채발행,tgl_Latn,Pag-aalis ng utang,부채 해제,0.222,1.25,False,False,40,역번역 유사도 낮음(0.22)
사채원부,vie_Latn,Sổ đăng ký trái phiếu tư nhân,개인 채권 등록기록,0.143,2.5,False,False,40,역번역 유사도 낮음(0.14)
사채원부,ind_Latn,Buku Besar Obligasi Swasta,개인 채권 대책,0.167,2.0,False,False,40,역번역 유사도 낮음(0.17)
사채원부,mya_Mymr,ဘဏ္ဍာရေး ဝန်ကြီး။,재무장관입니다.,0.0,2.0,False,False,40,역번역 유사도 낮음(0.00)
사채원부,tgl_Latn,Mga tagapagtanggol.,변호인.,0.0,1.0,False,False,40,역번역 유사도 낮음(0.00)
상계적 차감,vie_Latn,Khấu trừ theo phương pháp bù trừ,오프셋 방식의 감면,0.25,1.67,False,False,40,역번역 유사도 낮음(0.25)
상계적 차감,tha_Thai,การหักลดหย่อนเพื่อชดเชย,보복을 위해 절단하는 것,0.105,2.17,False,False,40,역번역 유사도 낮음(0.11)
상계적 차감,mya_Mymr,မြင့်မားတဲ့ အေးချမ်းမှုပါ။,더 큰 평화입니다.,0.125,1.67,False,False,40,역번역 유사도 낮음(0.12)
상계적 차감,tgl_Latn,Ang pag-iingat sa itaas.,위쪽에서 조심하세요.,0.118,1.83,False,False,40,역번역 유사도 낮음(0.12)
상대매매,ind_Latn,Perdagangan relatif,상대적인 무역,0.364,1.75,False,True,40,is_dup(다의어); 역번역 유사도 다소낮음(0.36)
상대매매,ind_Latn,Perdagangan relatif,상대적인 무역,0.364,1.75,False,True,40,is_dup(다의어); 역번역 유사도 다소낮음(0.36)
상쇄거래,tha_Thai,ธุรกรรมออฟเซ็ต,오프셋 사업,0.0,1.5,False,False,40,역번역 유사도 낮음(0.00)
상쇄거래,mya_Mymr,ရောင်းဝယ်မှု,매거진,0.286,0.75,False,False,40,역번역 유사도 낮음(0.29)
상쇄거래,tgl_Latn,Pagpapalit ng mga kalakalan,무역 교환,0.0,1.25,False,False,40,역번역 유사도 낮음(0.00)
상장심사기준,vie_Latn,Tiêu chuẩn thẩm định niêm yết,등록된 평가 기준,0.267,1.5,False,False,40,역번역 유사도 낮음(0.27)
상장심사기준,ind_Latn,Kriteria Penilaian Pencatatan,기록 평가 기준,0.286,1.33,False,False,40,역번역 유사도 낮음(0.29)
상장심사기준,tha_Thai,เกณฑ์การประเมินรายการ,프로그램 평가 기준,0.25,1.67,False,False,40,역번역 유사도 낮음(0.25)
상장심사기준,mya_Mymr,စျေးကွက်ဆိုင်ရာ စံနှုန်းပါ။,그것은 시장의 표준입니다.,0.2,2.33,False,False,40,역번역 유사도 낮음(0.20)
상장심사기준,tgl_Latn,Pinakamahusay na stock broker.,최고의 증권거래소,0.0,1.5,False,False,40,역번역 유사도 낮음(0.00)
상품유가증권,tha_Thai,การซื้อขายหลักทรัพย์,주식 거래,0.0,0.83,False,False,40,역번역 유사도 낮음(0.00)
상호결제제도,tha_Thai,ระบบการชำระเงินร่วมกัน,공동 결제 시스템,0.267,1.5,False,False,40,역번역 유사도 낮음(0.27)
상호결제제도,tgl_Latn,Ang mga sistema ng inter-resolusyon ay,인터-리조션 시스템은,0.0,1.83,False,False,40,역번역 유사도 낮음(0.00)
상호다중연계,vie_Latn,Liên kết đa chiều lẫn nhau,서로 다차원적인 연결,0.235,1.83,False,False,40,역번역 유사도 낮음(0.24)
상호다중연계,tha_Thai,การเชื่อมต่อกันแบบสองทาง,두 가지 연결입니다.,0.118,1.83,False,False,40,역번역 유사도 낮음(0.12)
상호다중연계,tgl_Latn,Multiplayer na komunikasyon,멀티 플레이어 통신,0.0,1.67,False,False,40,역번역 유사도 낮음(0.00)
상호단일연계,vie_Latn,Liên kết đơn nhất giữa các bên,당사자 사이의 유일한 연결고리,0.182,2.67,False,False,40,역번역 유사도 낮음(0.18)
상호단일연계,ind_Latn,Integrasi Tunggal Antar-Perusahaan,기업 간 단일 통합,0.25,1.67,False,False,40,역번역 유사도 낮음(0.25)
상호단일연계,tha_Thai,การเชื่อมโยงแบบเดี่ยวแบบสองทาง,단 하나의 쌍방향 연결입니다.,0.182,2.67,False,False,40,역번역 유사도 낮음(0.18)
상호단일연계,mya_Mymr,အပြန်အလှန်ဆက်သွယ်မှု,상호작용입니다.,0.286,1.33,False,False,40,역번역 유사도 낮음(0.29)
상호동시거래,mya_Mymr,အပြန်အလှန် ကုန်သွယ်မှု,상호 무역,0.364,0.83,False,True,40,is_dup(다의어); 역번역 유사도 다소낮음(0.36)
상호동시거래,mya_Mymr,အပြန်အလှန် ကုန်သွယ်မှု,상호 무역,0.364,0.83,False,True,40,is_dup(다의어); 역번역 유사도 다소낮음(0.36)
상호연계,tha_Thai,การเชื่อมต่อกัน,그 연결은,0.222,1.25,False,False,40,역번역 유사도 낮음(0.22)
상호주,tgl_Latn,Pagkakapareho,동등함,0.0,1.0,False,False,40,역번역 유사도 낮음(0.00)
상환주,tha_Thai,หุ้นไถ่ถอน,주식 인출,0.25,1.67,False,False,40,역번역 유사도 낮음(0.25)
상환주,mya_Mymr,ပြန်ပေးသူ။,보답자입니다.,0.0,2.33,False,False,40,역번역 유사도 낮음(0.00)
상환주,tgl_Latn,Mga tagapagtanggol,옹호자,0.0,1.0,False,False,40,역번역 유사도 낮음(0.00)
서면투표제,vie_Latn,Hệ thống bỏ phiếu bằng văn bản,문자 투표 시스템,0.286,1.8,False,False,40,역번역 유사도 낮음(0.29)
서면투표제,tha_Thai,ระบบการลงคะแนนทางไปรษณีย์,우편 투표 시스템,0.286,1.8,False,False,40,역번역 유사도 낮음(0.29)
서면투표제,tgl_Latn,Ang pagsulat ng boto.,표를 쓰는 것.,0.154,1.6,False,False,40,역번역 유사도 낮음(0.15)
선도거래,tha_Thai,การวิ่งนำหน้า,선두를 달리고,0.182,1.75,False,False,40,역번역 유사도 낮음(0.18)
선도거래,mya_Mymr,လမ်းညွှန်ပေးတယ်။,지도합니다.,0.2,1.5,False,False,40,역번역 유사도 낮음(0.20)
선도거래,tgl_Latn,Ang mga pinuno ng kalakalan,무역 지도자들,0.182,1.75,False,False,40,역번역 유사도 낮음(0.18)
선물거래위원회,tha_Thai,คณะกรรมการการซื้อขายสินค้าโภคภัณฑ์และสัญญาซื้อขายล่วงหน้า,소비자품 구매위원회와 사전 계약,0.25,2.43,False,False,40,역번역 유사도 낮음(0.25)
선물계약,tha_Thai,สัญญาฟิวเจอร์ส,피우저스 조약,0.182,1.75,False,False,40,역번역 유사도 낮음(0.18)
선물중개상,vie_Latn,Nhà môi giới hợp đồng tương lai,미래에셋대우,0.0,1.2,False,False,40,역번역 유사도 낮음(0.00)
선물중개상,ind_Latn,Pialang Berjangka,미래에 대한 브로커,0.0,2.0,False,False,40,역번역 유사도 낮음(0.00)
선물중개상,tha_Thai,ผู้ค้าสัญญาซื้อขายล่วงหน้า,거래자는 사전에 구매합니다.,0.0,3.0,False,False,40,역번역 유사도 낮음(0.00)
선물중개상,mya_Mymr,လက်ဆောင်အလှူရှင်,기증자,0.0,0.6,False,False,40,역번역 유사도 낮음(0.00)
선물환마진,vie_Latn,Khoản ký quỹ giao dịch ngoại hối kỳ hạn,전속 외환거래 기증기금,0.118,2.4,False,False,40,역번역 유사도 낮음(0.12)
선의취득,tgl_Latn,Ang pag-aaral ng pag-ibig,사랑을 배우는 것,0.0,2.25,False,False,40,역번역 유사도 낮음(0.00)
소비대차,tha_Thai,สินเชื่อผู้บริโภค,소비자를 신뢰합니다.,0.267,2.75,False,False,40,역번역 유사도 낮음(0.27)
소비임치,vie_Latn,Gửi tiền tiêu dùng,소비자 돈을 보내세요,0.267,2.75,False,False,40,역번역 유사도 낮음(0.27)
소비임치,tha_Thai,เงินมัดจำ,보증금,0.0,0.75,False,False,40,역번역 유사도 낮음(0.00)
소비임치,tgl_Latn,Pagsusuplay,공급,0.0,0.5,False,False,40,역번역 유사도 낮음(0.00)
소액주주,tha_Thai,ผู้ถือหุ้นส่วนน้อย,소상공인,0.25,1.0,False,False,40,역번역 유사도 낮음(0.25)
송금한도,ind_Latn,Batas transfer,이동 제한,0.222,1.25,False,False,40,역번역 유사도 낮음(0.22)
수권자본제도,ind_Latn,Sistem Modal Otorisasi,허가된 자본 시스템,0.25,1.67,False,False,40,역번역 유사도 낮음(0.25)
수권자본제도,tha_Thai,ระบบทุนจดทะเบียน,등록금 시스템,0.0,1.17,False,False,40,역번역 유사도 낮음(0.00)
수권자본제도,mya_Mymr,မူပိုင်ခွင့် အရင်းရှင်စနစ်ပါ။,특허자본주의입니다.,0.25,1.67,False,False,40,역번역 유사도 낮음(0.25)
수도부족분<결제부족분>,vie_Latn,Số tiền thiếu trong quỹ thủ đô <Số tiền thiếu trong quỹ thanh toán>,자본금의 적재자금,0.0,0.75,False,False,40,역번역 유사도 낮음(0.00)
수도부족분<결제부족분>,ind_Latn,Kekurangan dana <Kekurangan pembayaran>,자금 부족,0.235,0.42,False,False,40,역번역 유사도 낮음(0.24)
수도부족분<결제부족분>,mya_Mymr,အချုပ်အခြာအာဏာရှင်။,주권자입니다.,0.0,0.58,False,False,40,역번역 유사도 낮음(0.00)
수도부족분<결제부족분>,tgl_Latn,Mga Kapamilya. Mga Kapamilya.,가족들 가족들,0.211,0.58,False,False,40,역번역 유사도 낮음(0.21)
수량우선의 원칙,tha_Thai,"หลักการ ""ปริมาณก่อน""",양이 먼저라는 원칙입니다.,0.273,1.75,False,False,40,역번역 유사도 낮음(0.27)
수의상환<임의상환>,vie_Latn,Hoàn trả theo thỏa thuận <Hoàn trả tự nguyện>,계약에 따라 반환합니다.,0.087,1.3,False,False,40,역번역 유사도 낮음(0.09)
수의상환<임의상환>,ind_Latn,Pelunasan sesuai jadwal <Pelunasan sukarela>,일정에 따라 보상합니다.,0.087,1.3,False,False,40,역번역 유사도 낮음(0.09)
수의상환<임의상환>,tha_Thai,การชำระหนี้ก่อนกำหนด <การชำระหนี้ตามความเห็นชอบ>,사전 결제 (예약 결제),0.0,1.3,False,False,40,역번역 유사도 낮음(0.00)
수의상환<임의상환>,mya_Mymr,ဗီတာမင် ကုသမှု။,비타민 치료.,0.0,0.7,False,False,40,역번역 유사도 낮음(0.00)
수의상환<임의상환>,tgl_Latn,Pag-aayos ng doktor.,의사의 치료,0.25,0.6,False,False,40,역번역 유사도 낮음(0.25)
수의상환사채,ind_Latn,Obligasi yang Dapat Ditukar Kembali,환불 가능한 채권,0.267,1.5,False,False,40,역번역 유사도 낮음(0.27)
수의상환사채,tha_Thai,พันธบัตรแปลงสภาพ,이 증권은 상황을 변화시킵니다.,0.087,2.83,False,False,40,역번역 유사도 낮음(0.09)
수의상환사채,mya_Mymr,ဗီတာမင်ကုသမှုအတွက်,비타민 치료를 위해,0.0,1.67,False,False,40,역번역 유사도 낮음(0.00)
수의상환사채,tgl_Latn,Mga bayarin para sa mga doktor ng hayop.,동물의료료,0.182,0.83,False,False,40,역번역 유사도 낮음(0.18)
수익률,tha_Thai,ผลผลิต,생산성,0.0,1.0,False,False,40,역번역 유사도 낮음(0.00)
수익률,tgl_Latn,Mga rate ng kita,소득율,0.0,1.0,False,False,40,역번역 유사도 낮음(0.00)
수익률스프레드,ind_Latn,Selisih imbal hasil,수익의 차이는,0.286,1.0,False,False,40,역번역 유사도 낮음(0.29)
수익률스프레드,tha_Thai,ส่วนต่างอัตราผลตอบแทน,이산화탄소배출액은,0.0,1.29,False,False,40,역번역 유사도 낮음(0.00)
수익률스프레드,mya_Mymr,အမြတ်နှုန်း ပျံ့နှံ့မှု,이윤의 분포,0.0,0.86,False,False,40,역번역 유사도 낮음(0.00)
수익률스프레드,tgl_Latn,Ang mga rate ng kita spread,이산율의 확산,0.0,1.0,False,False,40,역번역 유사도 낮음(0.00)
수익자,vie_Latn,Người thụ hưởng,누리꾼,0.0,1.0,False,False,40,역번역 유사도 낮음(0.00)
수익자,tgl_Latn,Ang mga nakukuha,얻을 수 있는 것,0.167,3.0,False,False,40,역번역 유사도 낮음(0.17)
수익증권,ind_Latn,Surat berharga,귀중한 서류,0.0,1.5,False,False,40,역번역 유사도 낮음(0.00)
수익증권,tgl_Latn,Mga kapaki-pakinabang na dokumento,유용한 문서,0.0,1.5,False,False,40,역번역 유사도 낮음(0.00)
수정주가평균,tha_Thai,ราคาหุ้นเฉลี่ยที่ปรับแล้ว,주식의 평균값이 조정되었습니다.,0.261,2.83,False,False,40,역번역 유사도 낮음(0.26)
수취은행,tha_Thai,ธนาคารที่รับการชำระเงิน,돈을 받는 은행입니다.,0.25,3.0,False,False,40,역번역 유사도 낮음(0.25)
수취인,mya_Mymr,မူးယစ်ဆေးဝါး,마약,0.0,0.67,False,False,40,역번역 유사도 낮음(0.00)
수탁계약준칙,mya_Mymr,လက်ဝယ်စာချုပ် စည်းမျဉ်း။,계약 조건입니다.,0.267,1.5,False,False,40,역번역 유사도 낮음(0.27)
수탁자,vie_Latn,Người được ủy thác,위탁받은 사람,0.2,2.33,False,False,40,역번역 유사도 낮음(0.20)
수탁자,ind_Latn,Penerima Amanat,위임받은 사람,0.0,2.33,False,False,40,역번역 유사도 낮음(0.00)
수탁자,tha_Thai,ผู้รับมอบหมาย,대리인,0.0,1.0,False,False,40,역번역 유사도 낮음(0.00)
수탁자,tgl_Latn,Ang tagapagtanggol.,변호인,0.0,1.0,False,False,40,역번역 유사도 낮음(0.00)
수탁회사,tha_Thai,ผู้รับมอบหมาย,대리인,0.0,0.75,False,False,40,역번역 유사도 낮음(0.00)
순수무액면주식,vie_Latn,Cổ phiếu không có mệnh giá,주식에는 가치가 없습니다.,0.19,2.0,False,False,40,역번역 유사도 낮음(0.19)
순수무액면주식,ind_Latn,Saham tanpa nilai nominal,부가가치 없는 주식,0.235,1.43,False,False,40,역번역 유사도 낮음(0.24)
순수무액면주식,tha_Thai,หุ้นไม่มีมูลค่าที่ตราไว้,주식에는 가치가 없습니다.,0.19,2.0,False,False,40,역번역 유사도 낮음(0.19)
순수무액면주식,mya_Mymr,ပကတိ ငွေကြေးမဲ့ ရှယ်ယာ,완전히 현금 없는 주식입니다.,0.174,2.29,False,False,40,역번역 유사도 낮음(0.17)
순수무액면주식,tgl_Latn,Ang mga net cash stock.,순금자본입니다.,0.133,1.14,False,False,40,역번역 유사도 낮음(0.13)
순운전자본,mya_Mymr,သန့်ရှင်းတဲ့ လျှပ်စစ်ဓာတ်ပုံ။,순수한 전기 사진입니다.,0.222,2.6,False,False,40,역번역 유사도 낮음(0.22)
순운전자본,tgl_Latn,Ang malinis na proteksyon.,깨끗한 보호.,0.0,1.4,False,False,40,역번역 유사도 낮음(0.00)
순차변·순대변잔고포지션,vie_Latn,Vị thế số dư bên mua và bên bán,구매자 및 판매자 모두,0.0,1.0,False,False,40,역번역 유사도 낮음(0.00)
순차변·순대변잔고포지션,ind_Latn,Posisi Saldo Transaksi Berurutan dan Transaksi Tambahan,순차적인 거래와 추가적인 거래의 균형 위치,0.114,1.92,False,False,40,역번역 유사도 낮음(0.11)
순차변·순대변잔고포지션,tha_Thai,ตำแหน่งสมดุลตามลำดับและตำแหน่งสมดุลสุทธิ,순차적인 균형 위치와 올바른 균형 위치,0.121,1.75,False,False,40,역번역 유사도 낮음(0.12)
순차변·순대변잔고포지션,mya_Mymr,အတန်းလိုက်၊ အတန်းလိုက်၊ အတန်းလိုက်၊ အတန်းလိုက်၊ အတန်းလိုက်,"줄지어, 줄지어, 줄지어, 줄지어",0.067,1.5,False,False,40,역번역 유사도 낮음(0.07)
순차변·순대변잔고포지션,tgl_Latn,"Ang sequential side, simple side at posisyon","순차적인 측면, 단순한 측면 및 위치",0.188,1.67,False,False,40,역번역 유사도 낮음(0.19)
스왑거래,mya_Mymr,စကော့ ဂါလာပါ။,스코트 갈라입니다.,0.143,2.5,False,False,40,역번역 유사도 낮음(0.14)
스왑거래,tgl_Latn,Ang mga balyena.,고래들.,0.25,1.0,False,False,40,역번역 유사도 낮음(0.25)
스왑션,vie_Latn,Swap,교환,0.0,0.67,False,False,40,역번역 유사도 낮음(0.00)
스왑션,ind_Latn,Swapsion,Swapsion,0.0,2.67,False,False,40,역번역 유사도 낮음(0.00)
스왑션,tha_Thai,สลับ,돌리세요,0.0,1.33,False,False,40,역번역 유사도 낮음(0.00)
스왑션,mya_Mymr,စကန့်ရှန်,스칸샤인,0.286,1.33,False,False,40,역번역 유사도 낮음(0.29)
스왑션,tgl_Latn,Ang pag-iingat.,조심스러움,0.25,1.67,False,False,40,역번역 유사도 낮음(0.25)
스칼퍼,vie_Latn,Nhà giao dịch lướt sóng,오징어 거래자,0.0,2.33,False,False,40,역번역 유사도 낮음(0.00)
스칼퍼,tha_Thai,ผู้เก็งกำไรระยะสั้น,단기 수익 투자자,0.0,3.0,False,False,40,역번역 유사도 낮음(0.00)
스톡옵션,mya_Mymr,စတော့ ရွေးချယ်မှု,주식 선택,0.0,1.25,False,False,40,역번역 유사도 낮음(0.00)
스트랩,ind_Latn,tali,로프,0.0,0.67,False,False,40,역번역 유사도 낮음(0.00)
스트랩,tha_Thai,สาย,라인,0.0,0.67,False,False,40,역번역 유사도 낮음(0.00)
스트랩,mya_Mymr,ခါးပတ်ပါ။,벨트입니다.,0.222,2.0,False,False,40,역번역 유사도 낮음(0.22)
스트랩,tgl_Latn,Ang strap.,줄기.,0.0,1.0,False,False,40,역번역 유사도 낮음(0.00)
스트립,tha_Thai,แถบ,이봐요,0.0,1.0,False,False,40,역번역 유사도 낮음(0.00)
스페셜리스트,vie_Latn,Chuyên gia,전문가,0.0,0.5,False,False,40,역번역 유사도 낮음(0.00)
스페셜리스트,ind_Latn,Spesialis,전문가,0.0,0.5,False,False,40,역번역 유사도 낮음(0.00)
스페셜리스트,tha_Thai,ผู้เชี่ยวชาญ,전문가입니다.,0.0,1.17,False,False,40,역번역 유사도 낮음(0.00)
스페셜리스트,mya_Mymr,ကျွမ်းကျင်သူ,전문가,0.0,0.5,False,False,40,역번역 유사도 낮음(0.00)
스페셜리스트,tgl_Latn,Mga espesyalista,전문가들,0.0,0.67,False,False,40,역번역 유사도 낮음(0.00)
스폿펀드,vie_Latn,Quỹ đầu tư ngắn hạn,단기 투자 자금,0.0,2.0,False,False,40,역번역 유사도 낮음(0.00)
스폿펀드,ind_Latn,Dana Spot,파나 스팟,0.222,1.25,False,False,40,역번역 유사도 낮음(0.22)
스폿펀드,mya_Mymr,စပိန်ငွေကြေး,스페인 화폐,0.2,1.5,False,False,40,역번역 유사도 낮음(0.20)
스프레드,vie_Latn,Chênh lệch,격차,0.0,0.5,False,False,40,역번역 유사도 낮음(0.00)
스프레드,ind_Latn,Spread,퍼져,0.0,0.5,False,False,40,역번역 유사도 낮음(0.00)
스프레드,tha_Thai,การกระจาย,배포,0.0,0.5,False,False,40,역번역 유사도 낮음(0.00)
스프레드,mya_Mymr,ပျံ့နှံ့မှု။,전염성입니다.,0.0,1.75,False,False,40,역번역 유사도 낮음(0.00)
스프레드,tgl_Latn,Paglalaganap,확산,0.0,0.5,False,False,40,역번역 유사도 낮음(0.00)
스프레드거래,vie_Latn,Giao dịch chênh lệch giá,가격 차이 거래,0.286,1.33,False,False,40,역번역 유사도 낮음(0.29)
스프레드거래,ind_Latn,Perdagangan Spread,무역 확산,0.0,0.83,False,False,40,역번역 유사도 낮음(0.00)
스프레드거래,tgl_Latn,Pagpapalaganap ng kalakalan,무역 확산,0.0,0.83,False,False,40,역번역 유사도 낮음(0.00)
스프레드운용,vie_Latn,Quản lý chênh lệch giá,가격 차이 관리,0.0,1.33,False,False,40,역번역 유사도 낮음(0.00)
스프레드운용,tha_Thai,การจัดการการกระจาย,배포 관리,0.0,0.83,False,False,40,역번역 유사도 낮음(0.00)
스프레드운용,mya_Mymr,ပျံ့နှံ့မှု လုပ်ဆောင်ချက်,퍼져나가는 기능,0.0,1.33,False,False,40,역번역 유사도 낮음(0.00)
스프레드운용,tgl_Latn,Pag-andar ng pagkalat,확산 기능,0.0,0.83,False,False,40,역번역 유사도 낮음(0.00)
스프리트,vie_Latn,Spirit,정신,0.0,0.5,False,False,40,역번역 유사도 낮음(0.00)
스프리트,ind_Latn,Spirit,영혼,0.0,0.5,False,False,40,역번역 유사도 낮음(0.00)
스프리트,tha_Thai,จิตวิญญาณ,영혼.,0.0,0.75,False,False,40,역번역 유사도 낮음(0.00)
시가발행제도,ind_Latn,Sistem Penerbitan Surat Utang,채권 발행 시스템,0.267,1.5,False,False,40,역번역 유사도 낮음(0.27)
시가발행제도,tha_Thai,โครงการออกพันธบัตรเทศบาล,시립 채권 사업,0.143,1.33,False,False,40,역번역 유사도 낮음(0.14)
시가발행제도,tgl_Latn,Ito'y isang sistema ng pag-andar sa oras.,이것은 시간 작동 시스템입니다.,0.087,2.83,False,False,40,역번역 유사도 낮음(0.09)
시가총액,mya_Mymr,အစုရှယ်ယာ,주식,0.0,0.5,False,False,40,역번역 유사도 낮음(0.00)
시가총액식 주가지수,mya_Mymr,စျေးကွက် အစုရှယ်ယာ,주식 시장,0.267,0.5,False,False,40,역번역 유사도 낮음(0.27)
시가총액식 주가지수,tgl_Latn,Pangkalahatang halaga ng stock market,전체 주식 시장 가치,0.286,1.1,False,False,40,역번역 유사도 낮음(0.29)
시간외 종가매매,vie_Latn,Giao dịch theo giá đóng cửa ngoài giờ,마감 시점에 거래,0.235,1.12,False,False,40,역번역 유사도 낮음(0.24)
시간외 종가매매,ind_Latn,Perdagangan Penutupan di Luar Jam Perdagangan,마감 거래 오프타임 거래,0.095,1.62,False,False,40,역번역 유사도 낮음(0.10)
시간외 종가매매,tha_Thai,การซื้อขายตามราคาปิดหลังเวลาทำการ,영업시간이 지나면 거래가 종료됩니다.,0.286,2.5,False,False,40,역번역 유사도 낮음(0.29)
시간외 종가매매,mya_Mymr,အချိန်ပိုရောင်းတယ်,더 많은 시간을 팔았습니다.,0.261,1.88,False,False,40,역번역 유사도 낮음(0.26)
시간외 종가매매,tgl_Latn,Pagbebenta ng mga tunog sa labas ng oras,오프타임 음향 판매,0.222,1.25,False,False,40,역번역 유사도 낮음(0.22)
시장분할이론,mya_Mymr,စျေးကွက်ခွဲဝေမှုပါ။,바로 마케팅입니다.,0.0,1.67,False,False,40,역번역 유사도 낮음(0.00)
시장타이밍수입,ind_Latn,Pendapatan dari Penentuan Waktu Pasar,시시점의 수익,0.286,1.0,False,False,40,역번역 유사도 낮음(0.29)
시장타이밍수입,tha_Thai,รายได้จากกลยุทธ์จับจังหวะตลาด,시장의 리듬을 잡는 전략의 수익,0.25,2.43,False,False,40,역번역 유사도 낮음(0.25)
시장타이밍수입,tgl_Latn,Pangkalahatang oras pag-access,전체 접속 시간,0.133,1.14,False,False,40,역번역 유사도 낮음(0.13)
시장포트폴리오,vie_Latn,Danh mục đầu tư thị trường,시장 투자 목록,0.267,1.14,False,False,40,역번역 유사도 낮음(0.27)
시차유동성위험,tha_Thai,ความเสี่ยงด้านสภาพคล่องแบบล่าช้า,지연된 상태의 위험이 있습니다.,0.167,2.43,False,False,40,역번역 유사도 낮음(0.17)
시차유동성위험,mya_Mymr,အချိန်ကိုက် ရွေ့ရှားမှု အန္တရာယ်ပါ။,타임 모션의 위험입니다.,0.2,1.86,False,False,40,역번역 유사도 낮음(0.20)
신규상장,vie_Latn,Niêm yết mới,새 목록,0.0,1.0,False,False,40,역번역 유사도 낮음(0.00)
신규상장,ind_Latn,Penawaran Umum Perdana,1차 공모전,0.0,1.5,False,False,40,역번역 유사도 낮음(0.00)
신규상장,tha_Thai,ประกาศใหม่,새로운 발표,0.0,1.5,False,False,40,역번역 유사도 낮음(0.00)
신규상장,mya_Mymr,စျေးကွက်သစ်ပါ။,새로운 시장입니다.,0.143,2.5,False,False,40,역번역 유사도 낮음(0.14)
신규상장,tgl_Latn,Mga bagong mamimili,새로운 소비자,0.0,1.75,False,False,40,역번역 유사도 낮음(0.00)
신디케이트,ind_Latn,Sindikat,노동조합,0.0,0.8,False,False,40,역번역 유사도 낮음(0.00)
신디케이트,tgl_Latn,Ang Syndicate,노동조합,0.0,0.8,False,False,40,역번역 유사도 낮음(0.00)
신용거래,mya_Mymr,ငွေပေးချေမှု,결제,0.0,0.5,False,False,40,역번역 유사도 낮음(0.00)
신용평가기관,tha_Thai,บริษัทจัดอันดับเครดิต,신용등급 업체는,0.286,1.33,False,False,40,역번역 유사도 낮음(0.29)
신주인수권,mya_Mymr,ပိုင်ရှင်သစ် အခွင့်အရေး,새로운 소유자의 권리,0.125,2.2,False,False,40,역번역 유사도 낮음(0.12)
신주인수권,tgl_Latn,Pagmamay-ari ng mga bagong tao,새로운 사람들의 소유,0.0,2.2,False,False,40,역번역 유사도 낮음(0.00)
신주인수권부사채,vie_Latn,Trái phiếu kèm quyền mua cổ phiếu mới,새로운 주식을 구매할 수 있는 권리와 채권,0.258,2.88,False,False,40,역번역 유사도 낮음(0.26)
신주인수권부사채,ind_Latn,Obligasi dengan Hak Pembelian Saham Baru,새로운 주식을 구매할 수 있는 채권,0.222,2.38,False,False,40,역번역 유사도 낮음(0.22)
신주인수권부사채,tha_Thai,พันธบัตรที่มีสิทธิซื้อหุ้น,주식권 증권,0.286,0.75,False,False,40,역번역 유사도 낮음(0.29)
신주인수권부사채,mya_Mymr,ပိုင်ရှင်သစ်ပိုင်ဆိုင်မှု ချေးငွေ,새로운 소유자 대출,0.0,1.25,False,False,40,역번역 유사도 낮음(0.00)
신주인수권부사채,tgl_Latn,Mga utang sa mga bagong may-ari,새로운 소유자들에 대한 부채,0.174,1.88,False,False,40,역번역 유사도 낮음(0.17)
신주인수권증권,ind_Latn,Surat Hak Pembelian Saham Baru,새로운 주식 구매권,0.235,1.43,False,False,40,역번역 유사도 낮음(0.24)
신주인수권증권,tha_Thai,หมายจับ,체포영장,0.0,0.57,False,False,40,역번역 유사도 낮음(0.00)
신주인수권증권,tgl_Latn,Bagong Patakaran sa Pagmamay-ari,새로운 소유 정책,0.0,1.29,False,False,40,역번역 유사도 낮음(0.00)
신주인수권증서,vie_Latn,Giấy chứng nhận quyền mua cổ phiếu mới,새로운 주식을 구매할 수 있는 자격증,0.222,2.86,False,False,40,역번역 유사도 낮음(0.22)
신주인수권증서,tha_Thai,หมายจับ,체포영장,0.0,0.57,False,False,40,역번역 유사도 낮음(0.00)
신주인수권증서,tgl_Latn,Bagong pasaporte.,새 여권,0.182,0.57,False,False,40,역번역 유사도 낮음(0.18)
신탁계정,tha_Thai,บัญชีรับฝาก,보증금,0.0,0.75,False,False,40,역번역 유사도 낮음(0.00)
신탁법,ind_Latn,Undang-Undang Perwalian,유권자 법,0.25,1.67,False,False,40,역번역 유사도 낮음(0.25)
신탁보수,vie_Latn,Phí quản lý quỹ,기금 관리 수수료,0.154,2.25,False,False,40,역번역 유사도 낮음(0.15)
신탁보수,tha_Thai,ค่าธรรมเนียมการจัดการกองทุน,펀드 관리 요금,0.0,2.0,False,False,40,역번역 유사도 낮음(0.00)
신탁보수,mya_Mymr,ကိုယ်စားလှယ်။,에이전트입니다.,0.0,2.0,False,False,40,역번역 유사도 낮음(0.00)
신탁보수,tgl_Latn,Mga tagapagtanggol.,변호인.,0.0,1.0,False,False,40,역번역 유사도 낮음(0.00)
신탁자,vie_Latn,Người ủy thác,대리인,0.0,1.0,False,False,40,역번역 유사도 낮음(0.00)
신탁자,ind_Latn,Pemberi kuasa,힘의 주자,0.25,1.67,False,False,40,역번역 유사도 낮음(0.25)
신탁자,tha_Thai,ผู้มอบหมาย,대리인,0.0,1.0,False,False,40,역번역 유사도 낮음(0.00)
신탁자,mya_Mymr,ကိုယ်စားလှယ်။,에이전트입니다.,0.0,2.67,False,False,40,역번역 유사도 낮음(0.00)
신탁자,tgl_Latn,Mga tagapagtanggol.,변호인.,0.0,1.33,False,False,40,역번역 유사도 낮음(0.00)
신탁재산,ind_Latn,Harta Perwalian,기증물,0.0,0.75,False,False,40,역번역 유사도 낮음(0.00)
신탁재산,mya_Mymr,ယုံကြည်မှု ပိုင်ဆိုင်မှု။,신뢰와 소유입니다.,0.143,2.5,False,False,40,역번역 유사도 낮음(0.14)
신탁재산표시 말소,ind_Latn,Penghapusan Penandaan Harta Perwalian,유가증권 등록을 취소합니다.,0.167,1.67,False,False,40,역번역 유사도 낮음(0.17)
신탁재산표시 말소,mya_Mymr,ယုံကြည်မှုအမှတ်တံဆိပ် မဟုတ်ဘူး။,그것은 신뢰의 표지판이 아닙니다.,0.222,2.0,False,False,40,역번역 유사도 낮음(0.22)
신탁재산표시 말소,tgl_Latn,Ang mga token ng katiwala ay hindi.,신탁증권은 그렇지 않습니다.,0.25,1.67,False,False,40,역번역 유사도 낮음(0.25)
실권주,mya_Mymr,အာဏာရှင်။,독재자입니다.,0.0,2.33,False,False,40,역번역 유사도 낮음(0.00)
실권주,tgl_Latn,Ang tunay na may kapangyarihan,진정한 권력은,0.2,2.33,False,False,40,역번역 유사도 낮음(0.20)
실기주,mya_Mymr,လေ့ကျင့်ခန်း,운동.,0.0,1.0,False,False,40,역번역 유사도 낮음(0.00)
실기주,tgl_Latn,Pag-aaral,공부,0.0,0.67,False,False,40,역번역 유사도 낮음(0.00)
실기주과실,vie_Latn,Lỗi trong phần thi thực hành,실습시험의 오류,0.154,1.6,False,False,40,역번역 유사도 낮음(0.15)
실기주과실,ind_Latn,Kesalahan dalam Ujian Praktik,실습 시험에서 실수,0.267,2.0,False,False,40,역번역 유사도 낮음(0.27)
실기주과실,tha_Thai,การละเลยในการปฏิบัติหน้าที่,직무에 대한 부주의,0.133,2.0,False,False,40,역번역 유사도 낮음(0.13)
실기주과실,tgl_Latn,Ang silid ng pag-aalaga,요양실,0.25,0.6,False,False,40,역번역 유사도 낮음(0.25)
실물거래,mya_Mymr,တကယ့် ကုန်သွယ်မှုပါ။,이건 진짜 거래입니다.,0.25,3.0,False,False,40,역번역 유사도 낮음(0.25)
실물결제,vie_Latn,Thanh toán bằng tiền mặt,현금으로 지불,0.0,1.75,False,False,40,역번역 유사도 낮음(0.00)
실물결제,ind_Latn,Pembayaran tunai,현금 지불,0.0,1.25,False,False,40,역번역 유사도 낮음(0.00)
실물결제,tgl_Latn,Ang tunay na solusyon,진정한 해결책,0.182,1.75,False,False,40,역번역 유사도 낮음(0.18)
실적배당신탁,vie_Latn,Quỹ phân phối lợi nhuận,수익 분배 기금,0.143,1.33,False,False,40,역번역 유사도 낮음(0.14)
실적배당신탁,ind_Latn,Perwalian Dividen Berdasarkan Kinerja,퍼포먼스 기반의 배당,0.235,1.83,False,False,40,역번역 유사도 낮음(0.24)
실적배당신탁,mya_Mymr,တကယ်က သင့်စားပွဲပါ။,물론 여러분의 책상입니다.,0.0,2.33,False,False,40,역번역 유사도 낮음(0.00)
실질이자율,ind_Latn,Suku bunga riil,이산화탄소,0.2,1.0,False,False,40,역번역 유사도 낮음(0.20)
실질이자율,mya_Mymr,လက်တွေ့နဲ့ အချိုးအစား,현실과 연대성,0.167,1.4,False,False,40,역번역 유사도 낮음(0.17)
실질주주,tha_Thai,ผู้ถือประโยชน์จริง,진정한 수혜자,0.0,1.75,False,False,40,역번역 유사도 낮음(0.00)
실질주주,tgl_Latn,Mga aktwal na may-ari,실제 소유자,0.2,1.5,False,False,40,역번역 유사도 낮음(0.20)
실질주주 권리배정 명세표,tha_Thai,คำชี้แจงเกี่ยวกับการจัดสรรสิทธิให้แก่ผู้ถือหุ้นที่มีสิทธิประโยชน์,유리한 주주들에 대한 배당에 대한 지침,0.294,1.62,False,False,40,역번역 유사도 낮음(0.29)
실질주주 권리배정 명세표,mya_Mymr,ပိုင်ရှင်ပိုင်ဆိုင်မှု စာရင်း,소유자 목록,0.105,0.46,False,False,40,역번역 유사도 낮음(0.11)
실질주주증명서제도,tha_Thai,โครงการรับรองผู้ถือกรรมสิทธิ์จริง,진짜 저작권자 인증 프로그램입니다.,0.071,2.11,False,False,40,역번역 유사도 낮음(0.07)
실질주주증명서제도,mya_Mymr,တကယ့် ရှယ်ယာရှင် လက်မှတ်စနစ်ပါ။,이것은 실제 주주 서명 시스템입니다.,0.276,2.22,False,False,40,역번역 유사도 낮음(0.28)
실질주주증명서제도,tgl_Latn,Ang tunay na Shareholder Certificate System,진정한 주주 인증 시스템,0.273,1.44,False,False,40,역번역 유사도 낮음(0.27)
실효이자율,ind_Latn,Suku bunga efektif,효과적 인 금리,0.154,1.6,False,False,40,역번역 유사도 낮음(0.15)
쌍방연계방식,tgl_Latn,Mga paraan ng pakikipag-ugnayan,의사소통 방법,0.154,1.17,False,False,40,역번역 유사도 낮음(0.15)
써클결제,mya_Mymr,စက်ဝန်း ဖြေရှင်းရေး,고리를 풀고 있습니다.,0.0,3.0,False,False,40,역번역 유사도 낮음(0.00)
써클결제,tgl_Latn,Paglutas ng Sirklo,원을 풀기,0.0,1.25,False,False,40,역번역 유사도 낮음(0.00)
아리랑본드,tha_Thai,พันธบัตรอาริรัง,그라운드,0.222,0.8,False,False,40,역번역 유사도 낮음(0.22)
액면가,vie_Latn,Mệnh giá,운명,0.0,0.67,False,False,40,역번역 유사도 낮음(0.00)
액면가,ind_Latn,Nilai nominal,부가가치,0.286,1.33,False,False,40,역번역 유사도 낮음(0.29)
액면가,tha_Thai,มูลค่าหน้าตั๋ว,티켓 표가,0.25,1.67,False,False,40,역번역 유사도 낮음(0.25)
액면가,tgl_Latn,Ang likido ay,이 액체는,0.25,1.67,False,False,40,역번역 유사도 낮음(0.25)
액면발행,mya_Mymr,ရေစီးဆင်းမှု,물의 흐름,0.0,1.25,False,False,40,역번역 유사도 낮음(0.00)
액면발행,tgl_Latn,Paglalakbay ng tubig,물의 이동,0.0,1.25,False,False,40,역번역 유사도 낮음(0.00)
액면분할,mya_Mymr,အရည်ကို ခွဲလိုက်ပါ,액체를 분리합니다.,0.286,2.5,False,False,40,역번역 유사도 낮음(0.29)
액면분할,tgl_Latn,Paghahati ng tubig.,물 분배,0.25,1.0,False,False,40,역번역 유사도 낮음(0.25)
양도담보,ind_Latn,Jaminan pengalihan hak milik,소유권 이전 보증,0.154,2.25,False,False,40,역번역 유사도 낮음(0.15)
양도담보,tha_Thai,ความปลอดภัยผ่านทางการมอบหมาย,위탁을 통해 보안,0.154,2.25,False,False,40,역번역 유사도 낮음(0.15)
양도담보,mya_Mymr,လက်လျှော့ဖို့ ပြောတယ်။,포기하라고 했습니다.,0.0,2.75,False,False,40,역번역 유사도 낮음(0.00)
양도담보,tgl_Latn,Magpasya na.,결정하라.,0.0,1.25,False,False,40,역번역 유사도 낮음(0.00)
양도성예금증서,ind_Latn,Sertifikat Deposito yang Dapat Dipindahtangankan,환불 가능한 보증서,0.235,1.43,False,False,40,역번역 유사도 낮음(0.24)
양도성예금증서,tha_Thai,ใบฝากเงินที่มีเงื่อนไขการถอนได้,환불이 가능한 보증금,0.111,1.57,False,False,40,역번역 유사도 낮음(0.11)
언더라이터,vie_Latn,Người thẩm định rủi ro,위험 평가자,0.0,1.2,False,False,40,역번역 유사도 낮음(0.00)
언더라이터,ind_Latn,Penilai Risiko,위험 평가,0.0,1.0,False,False,40,역번역 유사도 낮음(0.00)
언더라이터,tha_Thai,ผู้รับประกัน,보증자,0.0,0.6,False,False,40,역번역 유사도 낮음(0.00)
언더라이터,mya_Mymr,အူဒါရိုက်တာ။,저는 감독입니다.,0.0,1.8,False,False,40,역번역 유사도 낮음(0.00)
언더라이터,tgl_Latn,Ang mga ito ay...,그들은...,0.0,1.2,False,False,40,역번역 유사도 낮음(0.00)
역금리,ind_Latn,Suku bunga terbalik,이산화탄소,0.0,1.67,False,False,40,역번역 유사도 낮음(0.00)
역금리,tha_Thai,อัตราดอกเบี้ยผกผัน,이산화탄소,0.0,1.67,False,False,40,역번역 유사도 낮음(0.00)
역금리,tgl_Latn,Pag-iwas,피하기,0.0,1.0,False,False,40,역번역 유사도 낮음(0.00)
역레포,vie_Latn,Giao dịch repo ngược,리버스 리포 거래,0.167,3.0,False,False,40,역번역 유사도 낮음(0.17)
역레포,ind_Latn,Repo terbalik,리포는 뒤집어,0.2,2.33,False,False,40,역번역 유사도 낮음(0.20)
역레포,tha_Thai,รีเวอร์ส รีโป,리버스 리포,0.222,2.0,False,False,40,역번역 유사도 낮음(0.22)
역레포,mya_Mymr,အပြန်အလှန် ထိန်းချုပ်မှု။,상호 제어입니다.,0.0,3.0,False,False,40,역번역 유사도 낮음(0.00)
역레포,tgl_Latn,Pag-iwas.,피하는 것,0.0,1.67,False,False,40,역번역 유사도 낮음(0.00)
역분식결산,tha_Thai,การบัญชีแบบย้อนหลัง,회계,0.0,0.4,False,False,40,역번역 유사도 낮음(0.00)
역분식결산,mya_Mymr,ဆန့်ကျင်ဘက် အချိုးအစား,역비례입니다.,0.167,1.4,False,False,40,역번역 유사도 낮음(0.17)
역분식결산,tgl_Latn,Pag-aayos ng reverse osmosis,리버스 오스모스 조정,0.0,2.2,False,False,40,역번역 유사도 낮음(0.00)
역외금융,ind_Latn,Perbankan luar negeri,해외 은행,0.222,1.25,False,False,40,역번역 유사도 낮음(0.22)
역외금융,mya_Mymr,ငွေလဲလှယ်ငွေလဲလှယ်,교환 교환,0.0,1.25,False,False,40,역번역 유사도 낮음(0.00)
역외금융,tgl_Latn,Pagpapalit ng pera,돈 교환,0.0,1.0,False,False,40,역번역 유사도 낮음(0.00)
역외자금,mya_Mymr,ငွေကြေးအလွန်အကျွံ,돈이 너무 많았어요.,0.0,2.75,False,False,40,역번역 유사도 낮음(0.00)
역외자금,tgl_Latn,Ang mga diskwento,할인,0.0,0.5,False,False,40,역번역 유사도 낮음(0.00)
역외펀드,vie_Latn,Quỹ đầu tư ngoài lãnh thổ,해외 투자 기금,0.167,2.0,False,False,40,역번역 유사도 낮음(0.17)
역외펀드,ind_Latn,Dana luar negeri,해외 자금,0.222,1.25,False,False,40,역번역 유사도 낮음(0.22)
역외펀드,tha_Thai,กองทุนนอกประเทศ,해외 자금,0.222,1.25,False,False,40,역번역 유사도 낮음(0.22)
역외펀드,mya_Mymr,ဆန့်ကျင်ဘက် ရံပုံငွေ။,대립기금입니다.,0.0,2.0,False,False,40,역번역 유사도 낮음(0.00)
역외펀드,tgl_Latn,Mga pondo sa labas ng bahay,가정 밖의 자금,0.0,2.0,False,False,40,역번역 유사도 낮음(0.00)
연기금,tgl_Latn,Pag-aahon,승강장,0.0,1.0,False,False,40,역번역 유사도 낮음(0.00)
연방준비제도,tha_Thai,ระบบธนาคารกลางสหรัฐฯ,미국 중앙은행,0.0,1.17,False,False,40,역번역 유사도 낮음(0.00)
연방준비제도,mya_Mymr,ဖက်ဒရယ် ငွေကြေးထောက်ပံ့ရေးစနစ်,연방금융시스템입니다.,0.235,1.83,False,False,40,역번역 유사도 낮음(0.24)
연속결제,vie_Latn,Thanh toán định kỳ,주기적인 지불,0.0,1.75,False,False,40,역번역 유사도 낮음(0.00)
연속결제,ind_Latn,Pembayaran Berkelanjutan,지속적인 지불,0.182,1.75,False,False,40,역번역 유사도 낮음(0.18)
연속결제,tgl_Latn,Mga Sumusunod na Solution,다음의 해결책,0.182,1.75,False,False,40,역번역 유사도 낮음(0.18)
연속차감결제,vie_Latn,Thanh toán trừ dần liên tục,계속적으로 니다.,0.133,1.5,False,False,40,역번역 유사도 낮음(0.13)
연속차감결제,ind_Latn,Pembayaran dengan potongan otomatis berulang,자동으로 반복되는 납부,0.0,2.0,False,False,40,역번역 유사도 낮음(0.00)
연속차감결제,tha_Thai,การหักบัญชีอัตโนมัติแบบประจำ,일반적인 자동 해킹입니다.,0.0,2.33,False,False,40,역번역 유사도 낮음(0.00)
연속차감결제,mya_Mymr,အဆက်မပြတ် ဆုံးဖြတ်ချက်ချခြင်း,계속 결정을 내립니다.,0.222,2.0,False,False,40,역번역 유사도 낮음(0.22)
연속차감결제,tgl_Latn,Pagpapatupad ng Sekuenteng Pagpapatupad,순차적인 실행,0.154,1.17,False,False,40,역번역 유사도 낮음(0.15)
연쇄거래,tha_Thai,ธุรกรรมแบบโซ่,체인 사업입니다.,0.0,2.25,False,False,40,역번역 유사도 낮음(0.00)
연쇄거래,mya_Mymr,ဆက်စပ်ရောင်းချမှု။,컨텍스트 판매입니다.,0.0,2.75,False,False,40,역번역 유사도 낮음(0.00)
연쇄거래,tgl_Latn,Mga kalakalan sa kadena,체인 무역,0.0,1.25,False,False,40,역번역 유사도 낮음(0.00)
영구사채,mya_Mymr,အမြဲတမ်း ချေးငွေပါ။,보통은 대출입니다.,0.0,2.5,False,False,40,역번역 유사도 낮음(0.00)
영시조항,mya_Mymr,အင်္ဂလိပ် ဥပဒေ။,영국 법입니다.,0.167,2.0,False,False,40,역번역 유사도 낮음(0.17)
영시조항,tgl_Latn,Mga Batas ng Pranses,프랑스 법,0.0,1.25,False,False,40,역번역 유사도 낮음(0.00)
예납조치,vie_Latn,Biện pháp nộp trước,사전 접수 방법,0.0,2.0,False,False,40,역번역 유사도 낮음(0.00)
예납조치,ind_Latn,Tindakan pembayaran di muka,선제 결제,0.0,1.25,False,False,40,역번역 유사도 낮음(0.00)
예납조치,tha_Thai,ข้อตกลงเกี่ยวกับการชำระเงินล่วงหน้า,전금에 대한 계약,0.0,2.25,False,False,40,역번역 유사도 낮음(0.00)
예납조치,mya_Mymr,ငွေပေးချေမှု,결제,0.0,0.5,False,False,40,역번역 유사도 낮음(0.00)
예납조치,tgl_Latn,Pag-aayos ng pag-aalaga,돌봄을 준비하는 방법,0.0,2.75,False,False,40,역번역 유사도 낮음(0.00)
예비증권,mya_Mymr,အာမခံစာရင်း,보험계약,0.0,1.0,False,False,40,역번역 유사도 낮음(0.00)
예약이체,vie_Latn,Chuyển khoản theo lịch hẹn,일정에 따라 송금,0.0,2.25,False,False,40,역번역 유사도 낮음(0.00)
예약이체,ind_Latn,Transfer terjadwal,이전 예정,0.222,1.25,False,False,40,역번역 유사도 낮음(0.22)
예약이체,tha_Thai,การโอนเงินตามกำหนด,예정대로 송금,0.182,1.75,False,False,40,역번역 유사도 낮음(0.18)
예약이체,mya_Mymr,ကမ်းလှမ်းချက်,제안,0.0,0.5,False,False,40,역번역 유사도 낮음(0.00)
예약이체,tgl_Latn,Reserbasyon,보호 구역,0.0,1.25,False,False,40,역번역 유사도 낮음(0.00)
예탁계좌,ind_Latn,Rekening Penitipan,보육계산,0.25,1.0,False,False,40,역번역 유사도 낮음(0.25)
예탁계좌,tha_Thai,บัญชีรับฝาก,보증금,0.0,0.75,False,False,40,역번역 유사도 낮음(0.00)
예탁계좌,mya_Mymr,ငွေပေးချေမှု,결제,0.0,0.5,False,False,40,역번역 유사도 낮음(0.00)
예탁대상유가증권,ind_Latn,Surat berharga yang dapat disimpan,보관할 수 있는 보증서,0.1,1.5,False,False,40,역번역 유사도 낮음(0.10)
예탁대상유가증권,tha_Thai,หลักทรัพย์ที่รับฝากได้,담보 자산입니다.,0.0,1.12,False,False,40,역번역 유사도 낮음(0.00)
예탁대상유가증권,tgl_Latn,Mga pasilidad sa pag-iingat.,보호 시설,0.0,0.62,False,False,40,역번역 유사도 낮음(0.00)
예탁자,vie_Latn,Chủ tài khoản ký quỹ,기금 계좌 소유자,0.167,3.0,False,False,40,역번역 유사도 낮음(0.17)
예탁자,mya_Mymr,စောင့်ရှောက်သူ။,보호자입니다.,0.2,2.33,False,False,40,역번역 유사도 낮음(0.20)
예탁자,tgl_Latn,Mga tagapagtanggol.,변호인.,0.0,1.33,False,False,40,역번역 유사도 낮음(0.00)
예탁자계좌부,tha_Thai,ทะเบียนบัญชีผู้ฝากเงิน,은행 계좌를 기록하세요.,0.211,2.17,False,False,40,역번역 유사도 낮음(0.21)
예탁자기금,vie_Latn,Quỹ người gửi ký quỹ,기증자 재단,0.182,1.2,False,False,40,역번역 유사도 낮음(0.18)
예탁증명서제도,vie_Latn,Hệ thống chứng chỉ lưu ký,기록 인증서 시스템,0.235,1.43,False,False,40,역번역 유사도 낮음(0.24)
예탁증명서제도,ind_Latn,Sistem Sertifikat Penitipan,보육 인증 시스템,0.125,1.29,False,False,40,역번역 유사도 낮음(0.12)
예탁증명서제도,tha_Thai,โครงการใบรับฝากหลักทรัพย์,증권증권사업,0.154,0.86,False,False,40,역번역 유사도 낮음(0.15)
예탁증명서제도,mya_Mymr,အပ်နှံစာရွက်စာတမ်းစနစ်ပါ။,이것은 신뢰기록 시스템입니다.,0.0,2.29,False,False,40,역번역 유사도 낮음(0.00)
예탁증서,vie_Latn,Chứng chỉ lưu ký,기증증,0.286,0.75,False,False,40,역번역 유사도 낮음(0.29)
예탁증서,mya_Mymr,လက်မှတ်။,서명하세요.,0.2,1.5,False,False,40,역번역 유사도 낮음(0.20)
예탁증서,tgl_Latn,Pagpapakita ng utang.,빚을 지는 것,0.0,1.75,False,False,40,역번역 유사도 낮음(0.00)
옐로우칩,vie_Latn,Yellow Chip,황색 칩,0.25,1.0,False,False,40,역번역 유사도 낮음(0.25)
옐로우칩,ind_Latn,Yellow Chip,황색 칩,0.25,1.0,False,False,40,역번역 유사도 낮음(0.25)
옐로우칩,tha_Thai,Yellow Chip,황색 칩,0.25,1.0,False,False,40,역번역 유사도 낮음(0.25)
옐로우칩,mya_Mymr,ခရမ်းချဉ်သီး,토마토.,0.0,1.0,False,False,40,역번역 유사도 낮음(0.00)
옐로우칩,tgl_Latn,Ang mga chip ng Yellowstone,록스톤 칩,0.222,1.25,False,False,40,역번역 유사도 낮음(0.22)
오버나이트 repo,vie_Latn,Repo qua đêm,하룻밤 동안 리포,0.105,0.9,False,False,40,역번역 유사도 낮음(0.11)
오버나이트 repo,ind_Latn,Repo semalam,어젯밤 리포,0.125,0.6,False,False,40,역번역 유사도 낮음(0.12)
오버나이트 repo,tha_Thai,รีโปข้ามคืน,밤의 리포,0.133,0.5,False,False,40,역번역 유사도 낮음(0.13)
오버나이트 repo,mya_Mymr,ညတွင်းချင်း ပြန်ပို့ခြင်း။,밤새 배송됩니다.,0.105,0.9,False,False,40,역번역 유사도 낮음(0.11)
옵션거래,mya_Mymr,ရွေးချယ်မှု စျေးကွက်,선택의 시장,0.0,1.5,False,False,40,역번역 유사도 낮음(0.00)
옵션거래,tgl_Latn,Mga pagpipilian sa pangangalakal,사업 선택,0.0,1.25,False,False,40,역번역 유사도 낮음(0.00)
옵션부사채,tha_Thai,พันธบัตรให้คำปรึกษา,상담증권,0.0,0.8,False,False,40,역번역 유사도 낮음(0.00)
옵션부사채,mya_Mymr,ရွေးချယ်မှု ချေးငွေ,선택적 대출,0.0,1.2,False,False,40,역번역 유사도 낮음(0.00)
외국보관기관,ind_Latn,Lembaga penyimpanan di luar negeri,해외 저장소,0.167,1.0,False,False,40,역번역 유사도 낮음(0.17)
외국시장거래,tgl_Latn,Mga kalakalan sa ibang bansa,해외 무역,0.182,0.83,False,False,40,역번역 유사도 낮음(0.18)
외국채,mya_Mymr,နိုင်ငံခြား ငွေကြေး,외환 통화,0.25,1.67,False,False,40,역번역 유사도 낮음(0.25)
외국환거래법,tgl_Latn,Batas ng Pagbabago,변화의 법칙,0.167,1.0,False,False,40,역번역 유사도 낮음(0.17)
외수펀드,vie_Latn,Quỹ đầu tư nước ngoài,외국 투자 기금,0.167,2.0,False,False,40,역번역 유사도 낮음(0.17)
외수펀드,ind_Latn,Dana Investasi Luar Negeri,해외 투자 기금,0.167,2.0,False,False,40,역번역 유사도 낮음(0.17)
외수펀드,tha_Thai,กองทุนลงทุนต่างประเทศ,외환투자기금,0.2,1.5,False,False,40,역번역 유사도 낮음(0.20)
외수펀드,mya_Mymr,အပြင်ပ ရံပုံငွေ။,외부 자금.,0.2,1.5,False,False,40,역번역 유사도 낮음(0.20)
외수펀드,tgl_Latn,Pangkalahatang Pondo,총기금,0.0,0.75,False,False,40,역번역 유사도 낮음(0.00)
외평채,mya_Mymr,ပွင့်လင်းမြင်သာတယ်။,투명합니다.,0.0,2.0,False,False,40,역번역 유사도 낮음(0.00)
외평채,tgl_Latn,Ang mga panlabas na kulay,외부 색상,0.25,1.67,False,False,40,역번역 유사도 낮음(0.25)
외화증권,mya_Mymr,ငွေကြေးလက်မှတ်တွေ,장본입니다.,0.0,1.5,False,False,40,역번역 유사도 낮음(0.00)
외화증권,tgl_Latn,Mga pautang sa pananalapi,금융 대출,0.0,1.25,False,False,40,역번역 유사도 낮음(0.00)
외화차입 담보관리제,mya_Mymr,နိုင်ငံခြားငွေလဲလှယ်မှု ထိန်းချုပ်ရေးစနစ်။,외환통화 시스템입니다.,0.273,1.2,False,False,40,역번역 유사도 낮음(0.27)
외화차입 담보관리제,tgl_Latn,Pag-iingat sa mga impormasyong dayuhan.,외국의 정보에 주의를 기울여야 합니다.,0.194,2.1,False,False,40,역번역 유사도 낮음(0.19)
우량주,vie_Latn,Cổ phiếu blue-chip,블루칩 주식,0.222,2.0,False,False,40,역번역 유사도 낮음(0.22)
우량주,tha_Thai,หุ้นบลูชิป,블루칩 주식,0.222,2.0,False,False,40,역번역 유사도 낮음(0.22)
우량주,mya_Mymr,ကျေးဇူးတင်ပါတယ်။,감사합니다.,0.0,2.0,False,False,40,역번역 유사도 낮음(0.00)
우량주,tgl_Latn,Magandang araw.,좋은 날.,0.0,1.67,False,False,40,역번역 유사도 낮음(0.00)
우리사주조합,vie_Latn,Hiệp hội Cổ đông Nhân viên,직원 주주 협회,0.143,1.33,False,False,40,역번역 유사도 낮음(0.14)
우리사주조합,ind_Latn,Asosiasi Pemegang Saham Karyawan,직원 주주 협회,0.143,1.33,False,False,40,역번역 유사도 낮음(0.14)
우리사주조합,tha_Thai,โครงการให้พนักงานถือหุ้น,직원들의 주주제도는,0.125,1.67,False,False,40,역번역 유사도 낮음(0.12)
우선주,vie_Latn,Cổ phiếu ưu đãi,유리한 주식,0.222,2.0,False,False,40,역번역 유사도 낮음(0.22)
우선주,ind_Latn,Saham preferen,유리한 주식,0.222,2.0,False,False,40,역번역 유사도 낮음(0.22)
우선주,tha_Thai,หุ้นสิทธิพิเศษ,특권 주식,0.25,1.67,False,False,40,역번역 유사도 낮음(0.25)
운영위험,vie_Latn,Rủi ro hoạt động,활동적 위험,0.4,1.5,False,True,40,is_dup(다의어); 역번역 유사도 다소낮음(0.40)
운영위험,vie_Latn,Rủi ro hoạt động,활동적 위험,0.4,1.5,False,True,40,is_dup(다의어); 역번역 유사도 다소낮음(0.40)
워크아웃,vie_Latn,Chương trình tái cơ cấu nợ,부채 재구성 프로그램,0.0,2.75,False,False,40,역번역 유사도 낮음(0.00)
워크아웃,ind_Latn,Workout,운동,0.0,0.5,False,False,40,역번역 유사도 낮음(0.00)
워크아웃,tha_Thai,การออกกำลังกาย,운동,0.0,0.5,False,False,40,역번역 유사도 낮음(0.00)
워크아웃,mya_Mymr,လေ့ကျင့်ခန်း။,운동하세요.,0.0,1.5,False,False,40,역번역 유사도 낮음(0.00)
워크아웃,tgl_Latn,Pag-eehersisyo,운동,0.0,0.5,False,False,40,역번역 유사도 낮음(0.00)
원본위험,tha_Thai,ความเสี่ยงของฉบับต้นฉบับ,오리지널 버전의 위험,0.267,2.75,False,False,40,역번역 유사도 낮음(0.27)
원천과세,ind_Latn,Pemungutan Pajak di Sumber,출처에서 세금을 모으고,0.125,3.0,False,False,40,역번역 유사도 낮음(0.12)
원천과세,mya_Mymr,အရင်းအမြစ်နဲ့ အခွန်,출처와 세금,0.2,1.5,False,False,40,역번역 유사도 낮음(0.20)
원천과세,tgl_Latn,Ang pinagmulan at ang impormasyon,출처와 정보,0.0,1.5,False,False,40,역번역 유사도 낮음(0.00)
원천징수,vie_Latn,Khấu trừ tại nguồn,소스 마감,0.0,1.25,False,False,40,역번역 유사도 낮음(0.00)
원천징수,ind_Latn,Pemotongan Pajak di Sumber,출처에서 세금 감면,0.0,2.5,False,False,40,역번역 유사도 낮음(0.00)
원천징수,tha_Thai,ระบบหักภาษี ณ ที่จ่าย,세금 감면제도,0.0,1.75,False,False,40,역번역 유사도 낮음(0.00)
원천징수,mya_Mymr,အရင်းအမြစ် ဖမ်းယူခြင်း,자원을 포착합니다.,0.143,2.5,False,False,40,역번역 유사도 낮음(0.14)
원천징수,tgl_Latn,Ang pinagmulan ng pag-aani,수확의 근원,0.2,1.5,False,False,40,역번역 유사도 낮음(0.20)
원화표시채권,tha_Thai,พันธบัตรที่ระบุมูลค่าเป็นวอนเกาหลี,이 증권은 한국 원입니다.,0.1,2.33,False,False,40,역번역 유사도 낮음(0.10)
원화표시채권,mya_Mymr,ငွေကြေးအမှတ်တံဆိပ် ချေးငွေ,토큰 대출,0.0,0.83,False,False,40,역번역 유사도 낮음(0.00)
원화표시채권,tgl_Latn,Mga utang sa token ng pera,화폐 토큰의 부채,0.267,1.5,False,False,40,역번역 유사도 낮음(0.27)
위약손해배상공동기금,mya_Mymr,အတုအယောင် အပျက်အစီးအတွက် အစုလိုက်အပြုံလိုက် လျော်ကြေး။,가상의 피해에 대한 집단적 보상입니다.,0.129,2.1,False,False,40,역번역 유사도 낮음(0.13)
위약손해배상공동기금,tgl_Latn,Ang Pederal na Pondo para sa Pagbabayad ng Pang-aapi sa Pang-aapi.,탄압보상금.,0.25,0.6,False,False,40,역번역 유사도 낮음(0.25)
위임장,ind_Latn,Surat Kuasa,권한,0.0,0.67,False,False,40,역번역 유사도 낮음(0.00)
위임장,tgl_Latn,Pangasiwaan,감독,0.0,0.67,False,False,40,역번역 유사도 낮음(0.00)
위임장경쟁,vie_Latn,Cuộc cạnh tranh giành giấy ủy quyền,라이선스 공모전,0.0,1.6,False,False,40,역번역 유사도 낮음(0.00)
위임장경쟁,tha_Thai,การต่อสู้เพื่อควบคุมบริษัท,기업을 통제하기 위한 싸움,0.105,2.8,False,False,40,역번역 유사도 낮음(0.11)
위임장경쟁,mya_Mymr,ကိုယ်စားလှယ်လောင်းပြိုင်ပွဲ,대선 경선,0.2,1.0,False,False,40,역번역 유사도 낮음(0.20)
위임장경쟁,tgl_Latn,Paglalaban sa Pangulo,대통령과의 싸움,0.0,1.6,False,False,40,역번역 유사도 낮음(0.00)
위탁매매,tha_Thai,การซื้อขายตามดุลยพินิจ,두루마리 거래,0.0,1.75,False,False,40,역번역 유사도 낮음(0.00)
위탁수수료,mya_Mymr,အပ်နှံမှု အခကြေးငွေ,기증금,0.0,0.6,False,False,40,역번역 유사도 낮음(0.00)
위탁자,vie_Latn,Chủ ủy thác,대리인,0.0,1.0,False,False,40,역번역 유사도 낮음(0.00)
위탁자,ind_Latn,Pemberi Kuasa,힘을 주는 자,0.2,2.33,False,False,40,역번역 유사도 낮음(0.20)
위탁자,tha_Thai,ผู้อำนวยการ,이사장님,0.0,1.33,False,False,40,역번역 유사도 낮음(0.00)
위탁자,tgl_Latn,Ang tagapagtanggol.,변호인,0.0,1.0,False,False,40,역번역 유사도 낮음(0.00)
위탁증거금,ind_Latn,Margin Penitipan,보육 마인드,0.0,1.2,False,False,40,역번역 유사도 낮음(0.00)
위탁증거금,tha_Thai,เงินฝากหลักประกัน,보험금,0.25,0.6,False,False,40,역번역 유사도 낮음(0.25)
위탁증거금,mya_Mymr,အာမခံစာရွက်စာတမ်း။,보험 서류입니다.,0.0,1.8,False,False,40,역번역 유사도 낮음(0.00)
위탁증거금,tgl_Latn,Mga katiwalaang utang.,신용대출,0.0,0.8,False,False,40,역번역 유사도 낮음(0.00)
위탁회사,mya_Mymr,အပ်နှံကုမ္ပဏီပါ။,이것은 투자회사입니다.,0.25,3.0,False,False,40,역번역 유사도 낮음(0.25)
위험프리미엄,mya_Mymr,အရဲစွန့်မှု အပိုဆုပါ။,그것은 위험 보너스입니다.,0.2,2.33,False,False,40,역번역 유사도 낮음(0.20)
유가증권,ind_Latn,Surat berharga,귀중한 서류,0.0,1.5,False,False,40,역번역 유사도 낮음(0.00)
유가증권,mya_Mymr,အိမ်ခြံမြေလက်မှတ်,토지 지점,0.0,1.25,False,False,40,역번역 유사도 낮음(0.00)
유가증권 현송,tha_Thai,การโอนหลักทรัพย์,자금 이전,0.167,0.71,False,False,40,역번역 유사도 낮음(0.17)
유가증권 현송,mya_Mymr,အိမ်ခြံမြေ လက်မှတ်လွှဲပြောင်းခြင်း,재산을 양도하는 것,0.118,1.43,False,False,40,역번역 유사도 낮음(0.12)
유가증권신고서,vie_Latn,Báo cáo niêm yết chứng khoán,주식 상장 보고서,0.25,1.29,False,False,40,역번역 유사도 낮음(0.25)
유가증권신고서,ind_Latn,Prospek Efek,영향의 전망,0.0,0.86,False,False,40,역번역 유사도 낮음(0.00)
유가증권신고서,tha_Thai,หนังสือชี้ชวน,안내서,0.2,0.43,False,False,40,역번역 유사도 낮음(0.20)
유가증권신고서,mya_Mymr,အမိန့်စာရွက်စာတမ်းမှာ,이 명령은,0.0,0.71,False,False,40,역번역 유사도 낮음(0.00)
유가증권신고서,tgl_Latn,Mag-sign up para sa isang pasilidad.,시설에 등록하세요.,0.0,1.43,False,False,40,역번역 유사도 낮음(0.00)
유동성,vie_Latn,Thanh khoản,현금,0.0,0.67,False,False,40,역번역 유사도 낮음(0.00)
유동성,tha_Thai,สภาพคล่อง,위기상황,0.0,1.33,False,False,40,역번역 유사도 낮음(0.00)
유동성,mya_Mymr,အရည်အသွေး,자질,0.0,0.67,False,False,40,역번역 유사도 낮음(0.00)
유동화 중개기관,tha_Thai,ผู้กลางในการแปลงสินทรัพย์เป็นหลักทรัพย์,자산을 증권으로 전환하는 중개인,0.24,2.12,False,False,40,역번역 유사도 낮음(0.24)
유동화 중개기관,mya_Mymr,အရည်အသွေးမြှင့်တင်ရေး ကြားခံစနစ်။,품질 향상 인터페이스입니다.,0.087,1.88,False,False,40,역번역 유사도 낮음(0.09)
유럽통화단위,mya_Mymr,ဥရောပငွေကြေးအဖွဲ့,유럽 금융 기구,0.286,1.33,False,False,40,역번역 유사도 낮음(0.29)
유럽통화제도,tha_Thai,ระบบการเงินยุโรป,유럽 금융 시스템,0.267,1.5,False,False,40,역번역 유사도 낮음(0.27)
유럽통화제도,mya_Mymr,ဥရောပငွေကြေးစနစ်,유럽 금융 시스템,0.267,1.5,False,False,40,역번역 유사도 낮음(0.27)
유로본드,vie_Latn,Trái phiếu châu Âu,유럽 채권,0.222,1.25,False,False,40,역번역 유사도 낮음(0.22)
유보율,ind_Latn,Tingkat penundaan,지연률,0.0,1.0,False,False,40,역번역 유사도 낮음(0.00)
유보율,tha_Thai,อัตราการรักษาลูกค้า,고객 회수율,0.222,2.0,False,False,40,역번역 유사도 낮음(0.22)
유상증자,tha_Thai,การเพิ่มทุนจดทะเบียน,등록 자본 증가,0.167,2.0,False,False,40,역번역 유사도 낮음(0.17)
유상증자,mya_Mymr,မျက်မြင်သက်သေ,목격자,0.286,0.75,False,False,40,역번역 유사도 낮음(0.29)
유상증자,tgl_Latn,Mga saksi.,증인들,0.286,0.75,False,False,40,역번역 유사도 낮음(0.29)
유지증거금,tha_Thai,ส่วนเผื่อการบำรุงรักษา,치료에 의존하는 경우,0.0,2.2,False,False,40,역번역 유사도 낮음(0.00)
유지증거금,mya_Mymr,ထောက်ပံ့မှု ထောက်ပံ့မှု,지원 지원,0.2,1.0,False,False,40,역번역 유사도 낮음(0.20)
유지증거금,tgl_Latn,Pananaligang katibayan,믿을 수 있는 증거,0.267,2.0,False,False,40,역번역 유사도 낮음(0.27)
유지청구권,tgl_Latn,Mga karapatan sa pagpapanatili,보존권,0.25,0.6,False,False,40,역번역 유사도 낮음(0.25)
유치권,mya_Mymr,ကလေးထိန်းခွင့်,자녀 양육권,0.222,2.0,False,False,40,역번역 유사도 낮음(0.22)
의결권 대리인,tgl_Latn,Ang tagapagtanggol ng karapatan sa pagpapasya,자율권 옹호자,0.286,1.0,False,False,40,역번역 유사도 낮음(0.29)
의결권 불통일행사,vie_Latn,Việc thực hiện quyền biểu quyết không thống nhất,투표권을 행사하는 것은 일치하지 않습니다.,0.25,2.56,False,False,40,역번역 유사도 낮음(0.25)
의결권 불통일행사,tha_Thai,การใช้สิทธิลงคะแนนเสียงแบบไม่รวมเป็นหนึ่งเดียว,통일되지 않은 투표권을 행사합니다.,0.286,2.11,False,False,40,역번역 유사도 낮음(0.29)
의결권 불통일행사,tgl_Latn,Ang Pagpapasya sa Pagpapasya,결정의 결정,0.267,0.67,False,False,40,역번역 유사도 낮음(0.27)
의결권신탁,ind_Latn,Perwalian Hak Suara,투표권 보호자,0.167,1.4,False,False,40,역번역 유사도 낮음(0.17)
의결권신탁,tha_Thai,มูลนิธิสิทธิการลงคะแนน,투표권 재단,0.182,1.2,False,False,40,역번역 유사도 낮음(0.18)
의결권신탁,tgl_Latn,Pananampalataya sa Kapangyarihan sa Pagpasya,의사결정 능력에 대한 믿음,0.211,2.8,False,False,40,역번역 유사도 낮음(0.21)
의결권주,ind_Latn,Saham dengan hak suara,투표권이 있는 주식,0.286,2.5,False,False,40,역번역 유사도 낮음(0.29)
의결권주,tha_Thai,หุ้นที่มีสิทธิลงเสียง,투표할 수 있는 주식,0.133,2.75,False,False,40,역번역 유사도 낮음(0.13)
의제배당,vie_Latn,Phân phối cổ tức theo chương trình,계획에 따라 배분,0.154,2.25,False,False,40,역번역 유사도 낮음(0.15)
의제배당,mya_Mymr,ပွဲစားပွဲမှာ,연회 테이블에서,0.0,2.0,False,False,40,역번역 유사도 낮음(0.00)
의제배당,tgl_Latn,Pag-uusap,대화,0.0,0.5,False,False,40,역번역 유사도 낮음(0.00)
의제예탁,ind_Latn,Penitipan Agenda,일정을 지키는 것,0.0,2.25,False,False,40,역번역 유사도 낮음(0.00)
의제예탁,tha_Thai,การยื่นวาระการประชุม,회의 연기,0.222,1.25,False,False,40,역번역 유사도 낮음(0.22)
의제예탁,mya_Mymr,ပရိုဂျက်စာရင်း,프로젝트 목록,0.0,1.75,False,False,40,역번역 유사도 낮음(0.00)
의제예탁,tgl_Latn,Pag-order ng mga bagay,물건을 정리하는 것,0.0,2.5,False,False,40,역번역 유사도 낮음(0.00)
이머징 마켓,vie_Latn,Thị trường mới nổi,신흥 시장,0.182,0.83,False,False,40,역번역 유사도 낮음(0.18)
이머징 마켓,ind_Latn,Pasar yang sedang berkembang,성장하는 시장,0.154,1.17,False,False,40,역번역 유사도 낮음(0.15)
이머징 마켓,tha_Thai,ตลาดเกิดใหม่,새로운 시장이 탄생했습니다.,0.19,2.5,False,False,40,역번역 유사도 낮음(0.19)
이머징 마켓,mya_Mymr,အံ့ဩစရာ စျေးပါ။,놀라운 가격입니다.,0.125,1.67,False,False,40,역번역 유사도 낮음(0.12)
이머징 마켓,tgl_Latn,Ang Amazing Market,놀라운 시장,0.167,1.0,False,False,40,역번역 유사도 낮음(0.17)
이익배당,tgl_Latn,Pagbabahagi ng kita,수익을 나누는 것,0.154,2.25,False,False,40,역번역 유사도 낮음(0.15)
이익잉여금,vie_Latn,Lợi nhuận chưa phân phối,분배되지 않은 이익,0.267,2.0,False,False,40,역번역 유사도 낮음(0.27)
이익잉여금,tha_Thai,กำไรที่เก็บไว้,이윤은 저축됩니다.,0.133,2.0,False,False,40,역번역 유사도 낮음(0.13)
이익잉여금,mya_Mymr,အကျိုးအမြတ်တိုးမြှင့်မှု။,이윤 증대,0.2,1.0,False,False,40,역번역 유사도 낮음(0.20)
이익잉여금,tgl_Latn,Mga bonus ng kita,소득 보너스,0.0,1.2,False,False,40,역번역 유사도 낮음(0.00)
이익잉여금처분계산서,ind_Latn,Laporan Penggunaan Laba Ditahan,이윤조달 보고서는 기금,0.182,1.2,False,False,40,역번역 유사도 낮음(0.18)
이익잉여금처분계산서,tha_Thai,รายงานการจัดสรรกำไรที่เก็บไว้,이윤 분배 보고서를 보관합니다.,0.222,1.7,False,False,40,역번역 유사도 낮음(0.22)
이익잉여금처분계산서,mya_Mymr,အကျိုးအမြတ်နဲ့ အပိုငွေ ကောက်ခံစာ။,이윤과 과금 요금입니다.,0.174,1.3,False,False,40,역번역 유사도 낮음(0.17)
이익잉여금처분계산서,tgl_Latn,Ang mga accounting ng mga benepisyo.,이윤 회계,0.267,0.5,False,False,40,역번역 유사도 낮음(0.27)
이익준비금,ind_Latn,Cadangan Laba,이윤보유,0.222,0.8,False,False,40,역번역 유사도 낮음(0.22)
이익준비금,mya_Mymr,အကျိုးအမြတ်စုဆောင်းမှု။,이윤 창출입니다.,0.143,1.8,False,False,40,역번역 유사도 낮음(0.14)
이익준비금,tgl_Latn,Pag-iingat ng kita,소득보장,0.0,0.8,False,False,40,역번역 유사도 낮음(0.00)
이익참가부사채,vie_Latn,Trái phiếu có chia lợi nhuận,이산화탄소 채권,0.267,1.14,False,False,40,역번역 유사도 낮음(0.27)
이익참가부사채,tha_Thai,พันธบัตรชั้นรองที่มีส่วนร่วม,부채는 주식입니다.,0.235,1.43,False,False,40,역번역 유사도 낮음(0.24)
이익참가부사채,mya_Mymr,အကျိုးခံစားခွင့် ချေးငွေပါ။,이것은 혜택 대출입니다.,0.1,1.86,False,False,40,역번역 유사도 낮음(0.10)
이자락,vie_Latn,Tia sáng,빛의 빛,0.0,1.33,False,False,40,역번역 유사도 낮음(0.00)
이자락,ind_Latn,ujung rambut,머리 끝,0.0,1.33,False,False,40,역번역 유사도 낮음(0.00)
이자락,tha_Thai,อิซารัก,이즈라크,0.286,1.33,False,False,40,역번역 유사도 낮음(0.29)
이자락,mya_Mymr,အချိုးအစား,비율입니다.,0.0,2.0,False,False,40,역번역 유사도 낮음(0.00)
이자락,tgl_Latn,Ang mga ito ay,그들은,0.0,1.0,False,False,40,역번역 유사도 낮음(0.00)
이자소득,ind_Latn,Pendapatan bunga,금수 수입,0.0,1.25,False,False,40,역번역 유사도 낮음(0.00)
이자율위험,vie_Latn,Rủi ro lãi suất,이산화탄소,0.2,1.0,False,False,40,역번역 유사도 낮음(0.20)
이중과세,vie_Latn,Đánh thuế hai lần,두 번 납세,0.2,1.5,False,False,40,역번역 유사도 낮음(0.20)
이중과세,tha_Thai,การเก็บภาษีซ้ำซ้อน,반복적인 세금,0.182,1.75,False,False,40,역번역 유사도 낮음(0.18)
이중과세,mya_Mymr,နှစ်ဆ၊ သုံးဆ။,"2배, 3배",0.0,1.5,False,False,40,역번역 유사도 낮음(0.00)
이중과세,tgl_Latn,Dalawa at tatlong.,2번과 3번,0.2,1.5,False,False,40,역번역 유사도 낮음(0.20)
이중청약,tha_Thai,การใช้งานสองทาง,두 가지 용도입니다.,0.0,2.75,False,False,40,역번역 유사도 낮음(0.00)
이중청약,tgl_Latn,Dalawang pag-aalis.,두번 출퇴근,0.0,1.5,False,False,40,역번역 유사도 낮음(0.00)
이체수수료,vie_Latn,Phí chuyển khoản,송금료,0.25,0.6,False,False,40,역번역 유사도 낮음(0.25)
이체수수료,tha_Thai,ค่าธรรมเนียมการโอน,이송 관세,0.2,1.0,False,False,40,역번역 유사도 낮음(0.20)
이체수수료,mya_Mymr,ကိုယ်ခန္ဓာပြောင်းခြင်း,몸의 변신,0.0,1.0,False,False,40,역번역 유사도 낮음(0.00)
이체수수료,tgl_Latn,Mga bayad sa transplantasyon,이식 비용,0.2,1.0,False,False,40,역번역 유사도 낮음(0.20)
이체취소,mya_Mymr,ခန္ဓာကိုယ်အပြောင်းအလဲ,신체의 변화,0.2,1.5,False,False,40,역번역 유사도 낮음(0.20)
이체취소,tgl_Latn,Ang iba't ibang katawan.,다양한 신체들.,0.167,2.0,False,False,40,역번역 유사도 낮음(0.17)
이체한도,vie_Latn,Hạn mức chuyển khoản,송금 한계,0.222,1.25,False,False,40,역번역 유사도 낮음(0.22)
이체한도,tha_Thai,ขีดจำกัดการโอนเงิน,송금 제한,0.222,1.25,False,False,40,역번역 유사도 낮음(0.22)
이체한도,mya_Mymr,ကိုယ်ခန္ဓာအပြောင်းအလဲ,신체적 변화,0.2,1.5,False,False,40,역번역 유사도 낮음(0.20)
이표채,tha_Thai,ลี พโย-เช,리 피오-쉐,0.0,2.0,False,False,40,역번역 유사도 낮음(0.00)
이표채,tgl_Latn,Ang mga tanda na ito,이 징후들은,0.222,2.0,False,False,40,역번역 유사도 낮음(0.22)
이행보증기관,vie_Latn,Tổ chức bảo lãnh thực hiện,배타조직,0.0,0.67,False,False,40,역번역 유사도 낮음(0.00)
익일자금결제,vie_Latn,Thanh toán vốn vào ngày hôm sau,다음 날 자본을 지불합니다.,0.095,2.5,False,False,40,역번역 유사도 낮음(0.10)
익일자금결제,tha_Thai,การชำระบัญชีในวันถัดไป,다음 날 청구서,0.0,1.33,False,False,40,역번역 유사도 낮음(0.00)
익일자금결제,mya_Mymr,တစ်ရက်စာ ငွေပေးချေမှု,하루의 월급,0.0,1.0,False,False,40,역번역 유사도 낮음(0.00)
익일자금결제,tgl_Latn,Isang araw na pagbabayad,하루의 지불금,0.154,1.17,False,False,40,역번역 유사도 낮음(0.15)
인덱세이션,tha_Thai,การปรับดัชนี,더치니 수정,0.0,1.2,False,False,40,역번역 유사도 낮음(0.00)
인덱스펀드,vie_Latn,Quỹ chỉ số,지수 재단,0.0,1.0,False,False,40,역번역 유사도 낮음(0.00)
인덱스펀드,tha_Thai,กองทุนดัชนี,듀치니 기구,0.0,1.2,False,False,40,역번역 유사도 낮음(0.00)
인덱스펀드,mya_Mymr,အညွှန်းငွေ။,지수화입니다.,0.0,1.4,False,False,40,역번역 유사도 낮음(0.00)
인덴추어,vie_Latn,Indenture,계약서,0.0,0.75,False,False,40,역번역 유사도 낮음(0.00)
인덴추어,ind_Latn,Indentur,힌두르,0.0,0.75,False,False,40,역번역 유사도 낮음(0.00)
인덴추어,tha_Thai,สัญญา,약속해,0.0,0.75,False,False,40,역번역 유사도 낮음(0.00)
인덴추어,mya_Mymr,အင်ဒင်ချူး။,앵무새입니다.,0.0,1.75,False,False,40,역번역 유사도 낮음(0.00)
인덴추어,tgl_Latn,Ang Indenture.,계약서,0.0,0.75,False,False,40,역번역 유사도 낮음(0.00)
인수단,mya_Mymr,လက်ဝယ်ယူမှု,구매,0.0,0.67,False,False,40,역번역 유사도 낮음(0.00)
인수단,tgl_Latn,Ang pag-aari,소유,0.0,0.67,False,False,40,역번역 유사도 낮음(0.00)
일괄등록,mya_Mymr,စာရင်းအင်း,통계,0.0,0.5,False,False,40,역번역 유사도 낮음(0.00)
일괄등록,tgl_Latn,Talaan ng mga listahan,목록 목록,0.222,1.25,False,False,40,역번역 유사도 낮음(0.22)
일괄예탁,vie_Latn,Gửi ký quỹ hàng loạt,대량 매장,0.0,1.25,False,False,40,역번역 유사도 낮음(0.00)
일괄예탁,ind_Latn,Penitipan Massal,대용량 보육,0.0,1.5,False,False,40,역번역 유사도 낮음(0.00)
일괄예탁,tha_Thai,ศูนย์เก็บรักษาแบบรวม,복합 저장소,0.0,1.5,False,False,40,역번역 유사도 낮음(0.00)
일괄예탁,mya_Mymr,အစုလိုက်အပြုံလိုက်,덩어리덩어리,0.0,1.5,False,False,40,역번역 유사도 낮음(0.00)
일괄예탁,tgl_Latn,Pag-order ng mga order,주문하는 것,0.0,1.5,False,False,40,역번역 유사도 낮음(0.00)
일괄처리방식,mya_Mymr,အစုလိုက် စီမံခန့်ခွဲမှု,집단 관리,0.182,0.83,False,False,40,역번역 유사도 낮음(0.18)
일괄처리방식,tgl_Latn,Pag-aayos ng grupo,그룹 조직,0.0,0.83,False,False,40,역번역 유사도 낮음(0.00)
일반담보물,vie_Latn,Tài sản thế chấp thông thường,일반 모기지 자산,0.286,1.8,False,False,40,역번역 유사도 낮음(0.29)
일반담보물,ind_Latn,Jaminan Umum,국민보험,0.222,0.8,False,False,40,역번역 유사도 낮음(0.22)
일반사무수탁회사,vie_Latn,Công ty nhận ủy thác công việc hành chính thông thường,회사에서 일반적인 행정 업무를 맡습니다.,0.2,2.75,False,False,40,역번역 유사도 낮음(0.20)
일반사무수탁회사,ind_Latn,Perusahaan Penyedia Jasa Administrasi Umum,공공 행정 서비스 제공 회사,0.174,1.88,False,False,40,역번역 유사도 낮음(0.17)
일반사무수탁회사,tha_Thai,ผู้ให้บริการด้านบริหารจัดการทั่วไป,일반 관리 서비스 제공자,0.19,1.62,False,False,40,역번역 유사도 낮음(0.19)
일방매매확인,tgl_Latn,Pinatunayan ang pagbebenta.,판매는 입증되었습니다.,0.111,2.0,False,False,40,역번역 유사도 낮음(0.11)
일방연계방식,mya_Mymr,တစ်ဖက်ဆက်သွယ်မှု ပုံစံပါ။,한방향 커뮤니케이션 모델입니다.,0.087,2.83,False,False,40,역번역 유사도 낮음(0.09)
일방연계방식,tgl_Latn,Ito ay isang paraan ng pakikipag-ugnayan.,이것은 의사소통의 수단입니다.,0.0,2.67,False,False,40,역번역 유사도 낮음(0.00)
일본증권보관대체기구,mya_Mymr,ဂျပန် စက္ကူအထောက်အပံ့ပေးရေး အေဂျင်စီ,일본의 종이 공급 기관,0.273,1.2,False,False,40,역번역 유사도 낮음(0.27)
일일정산,vie_Latn,Thanh toán hàng ngày,매일 지불,0.222,1.25,False,False,40,역번역 유사도 낮음(0.22)
일일정산,ind_Latn,Penutupan Harian,하루 종식,0.0,1.25,False,False,40,역번역 유사도 낮음(0.00)
일일정산,tha_Thai,การปรับยอดรายวัน,매일 업그레이드,0.167,2.0,False,False,40,역번역 유사도 낮음(0.17)
일일정산,mya_Mymr,တစ်နေ့တာ ရာသီဥတု,하루의 날씨,0.0,1.5,False,False,40,역번역 유사도 낮음(0.00)
일일정산,tgl_Latn,Isang Araw ng Pag-iipon,집합의 날,0.0,1.25,False,False,40,역번역 유사도 낮음(0.00)
일일차감,tha_Thai,การหักเงินรายวัน,매일 돈을 벌고,0.167,2.0,False,False,40,역번역 유사도 낮음(0.17)
일일차감,mya_Mymr,နေ့စဉ်လိုလိုပါ။,거의 매일입니다.,0.154,2.25,False,False,40,역번역 유사도 낮음(0.15)
일임매매,vie_Latn,Giao dịch ủy thác,위탁 거래,0.0,1.25,False,False,40,역번역 유사도 낮음(0.00)
일임매매,ind_Latn,Perdagangan dengan Kuasa Penuh,전력있는 무역,0.0,1.75,False,False,40,역번역 유사도 낮음(0.00)
일임매매,tha_Thai,การซื้อขายตามดุลยพินิจ,두루마리 거래,0.0,1.75,False,False,40,역번역 유사도 낮음(0.00)
일임매매,mya_Mymr,တစ်နေ့တာ,하루 동안,0.0,1.25,False,False,40,역번역 유사도 낮음(0.00)
일중대월,vie_Latn,"Một ngày, một đêm, một tháng","하루, 밤, 한 달",0.0,2.5,False,False,40,역번역 유사도 낮음(0.00)
일중대월,ind_Latn,"Satu Hari, Satu Bulan, Satu Bulan","하루, 한 달, 한 달",0.0,3.0,False,False,40,역번역 유사도 낮음(0.00)
일중대월,tha_Thai,หนึ่งวัน หนึ่งเดือน หนึ่งปี,"하루, 한 달, 한 해",0.0,3.0,False,False,40,역번역 유사도 낮음(0.00)
일중대월,mya_Mymr,တစ်လအတွင်းမှာ,한 달 안에,0.0,1.5,False,False,40,역번역 유사도 낮음(0.00)
일중대월,tgl_Latn,Sa loob ng isang buwan,한 달 안에,0.0,1.5,False,False,40,역번역 유사도 낮음(0.00)
임의준비금,vie_Latn,Quỹ dự phòng tự nguyện,자발적인 기금,0.167,1.4,False,False,40,역번역 유사도 낮음(0.17)
임의준비금,ind_Latn,Cadangan sukarela,자발적인 지원,0.0,1.4,False,False,40,역번역 유사도 낮음(0.00)
임의준비금,mya_Mymr,ကြိုတင်ပြင်ဆင်ထားမှု။,미리 준비해야 합니다.,0.235,2.4,False,False,40,역번역 유사도 낮음(0.24)
임퓨테이션,vie_Latn,Suy luận,추론,0.0,0.4,False,False,40,역번역 유사도 낮음(0.00)
임퓨테이션,ind_Latn,Imputasi,추방,0.0,0.4,False,False,40,역번역 유사도 낮음(0.00)
임퓨테이션,tha_Thai,การประมาณค่า,가치 추산,0.0,1.0,False,False,40,역번역 유사도 낮음(0.00)
임퓨테이션,mya_Mymr,တင်သွင်းခြင်း။,수입입니다.,0.0,1.2,False,False,40,역번역 유사도 낮음(0.00)
잉여금,vie_Latn,Khoản thặng dư,초과물,0.0,1.0,False,False,40,역번역 유사도 낮음(0.00)
잉여금,tha_Thai,เงินเหลือ,남은 돈이야,0.0,2.0,False,False,40,역번역 유사도 낮음(0.00)
잉여금,mya_Mymr,အပိုငွေ။,더 많은 돈.,0.0,2.33,False,False,40,역번역 유사도 낮음(0.00)
잉여금,tgl_Latn,Ang mga surplus,초과물,0.0,1.0,False,False,40,역번역 유사도 낮음(0.00)
자기매매,vie_Latn,Giao dịch nội bộ,내부 거래,0.0,1.25,False,False,40,역번역 유사도 낮음(0.00)
자기매매,ind_Latn,Transaksi untuk kepentingan sendiri,자기 이익을 위한 거래,0.25,3.0,False,False,40,역번역 유사도 낮음(0.25)
자기매매,tha_Thai,การซื้อขายเพื่อตนเอง,자기 자신을 위한 쇼핑,0.25,3.0,False,False,40,역번역 유사도 낮음(0.25)
자동계좌이체,mya_Mymr,အလိုအလျောက် အပြောင်းအလဲ,자율적인 변화입니다.,0.118,1.83,False,False,40,역번역 유사도 낮음(0.12)
자동교환결제제도,tha_Thai,ระบบหักบัญชีอัตโนมัติ,자동 회계 시스템,0.235,1.12,False,False,40,역번역 유사도 낮음(0.24)
자동교환결제제도,mya_Mymr,အလိုအလျောက် အပြောင်းအလဲ ဖြေရှင်းရေး စနစ်ပါ။,자동화 시스템입니다.,0.211,1.38,False,False,40,역번역 유사도 낮음(0.21)
자동교환결제제도,tgl_Latn,Ang auto-switch solution ay,자동 스위치 솔루션은,0.211,1.38,False,False,40,역번역 유사도 낮음(0.21)
자동명의개서제도,vie_Latn,Hệ thống chuyển nhượng quyền sở hữu tự động,자동 소유권 이전 시스템,0.19,1.62,False,False,40,역번역 유사도 낮음(0.19)
자동명의개서제도,ind_Latn,Sistem Pengalihan Hak Milik Secara Otomatis,자동 소유권 이전 시스템,0.19,1.62,False,False,40,역번역 유사도 낮음(0.19)
자동명의개서제도,tha_Thai,โครงการโอนกรรมสิทธิ์อัตโนมัติ,자동 저작권 이전 프로젝트,0.182,1.75,False,False,40,역번역 유사도 낮음(0.18)
자동명의개서제도,mya_Mymr,အလိုအလျောက် အမည်ပေးစနစ်ပါ။,자동 명칭 시스템입니다.,0.286,1.62,False,False,40,역번역 유사도 낮음(0.29)
자동명의개서제도,tgl_Latn,Ito ay isang auto-nomination system.,이것은 자동 지명 시스템입니다.,0.24,2.12,False,False,40,역번역 유사도 낮음(0.24)
자동이체,mya_Mymr,အလိုအလျောက် ပြောင်းလဲမှု။,자동적인 변화입니다.,0.267,2.75,False,False,40,역번역 유사도 낮음(0.27)
자본금,tha_Thai,ทุนหุ้น,주식,0.0,0.67,False,False,40,역번역 유사도 낮음(0.00)
자본금,mya_Mymr,အရင်းအမြစ်,소스,0.0,0.67,False,False,40,역번역 유사도 낮음(0.00)
자본금,tgl_Latn,Ang kapital,수도,0.0,0.67,False,False,40,역번역 유사도 낮음(0.00)
자본이득,tha_Thai,กำไรจากทุน,투자 수익,0.222,1.25,False,False,40,역번역 유사도 낮음(0.22)
자본이득,mya_Mymr,ရင်းနှီးမြှုပ်နှံမှု ဝင်ငွေ,투자 수익,0.222,1.25,False,False,40,역번역 유사도 낮음(0.22)
자본잉여금,mya_Mymr,ရင်းနှီးမြှုပ်နှံမှု တိုးမြှင့်မှု,투자 증진,0.2,1.0,False,False,40,역번역 유사도 낮음(0.20)
자사주 취득,vie_Latn,Mua lại cổ phiếu quỹ,펀드 주식을 재구매합니다,0.211,2.17,False,False,40,역번역 유사도 낮음(0.21)
자사주 취득,tgl_Latn,Nakakuha ng kanyang sariling bahagi,자신의 몫을 얻었다,0.25,1.67,False,False,40,역번역 유사도 낮음(0.25)
자산담보부증권,tha_Thai,หลักทรัพย์ที่มีสินทรัพย์เป็นหลักประกัน,자금이 담보가 되는 자산입니다.,0.167,2.43,False,False,40,역번역 유사도 낮음(0.17)
자산담보부증권,mya_Mymr,ပိုင်ဆိုင်မှု အာမခံစာချုပ်။,소유권보험입니다.,0.125,1.29,False,False,40,역번역 유사도 낮음(0.12)
자산담보부증권,tgl_Latn,Mga Tuntunin ng Pananampalataya,신앙의 원칙,0.0,0.86,False,False,40,역번역 유사도 낮음(0.00)
자산의 유동화,tha_Thai,การแปลงสินทรัพย์เป็นหลักทรัพย์,자산을 증권으로 전환합니다.,0.273,2.14,False,False,40,역번역 유사도 낮음(0.27)
자산주,mya_Mymr,အရင်းရှင်။,자본가입니다.,0.2,2.33,False,False,40,역번역 유사도 낮음(0.20)
자율규제기관,tha_Thai,องค์กรกำกับดูแลตนเอง,조직은 스스로 관리합니다.,0.1,2.33,False,False,40,역번역 유사도 낮음(0.10)
자율규제기관,mya_Mymr,အလိုအလျောက် ထိန်းချုပ်ရေး အဖွဲ့ပါ။,자동 제어 그룹입니다.,0.222,2.0,False,False,40,역번역 유사도 낮음(0.22)
자전거래,vie_Latn,Giao dịch tự doanh,자영업,0.286,0.75,False,False,40,역번역 유사도 낮음(0.29)
자전거래,tha_Thai,การซื้อขายแบบวงกลม,순환적인 거래입니다.,0.267,2.75,False,False,40,역번역 유사도 낮음(0.27)
잔액인수,tha_Thai,การโอนยอดคงเหลือ,이송은 계속될 겁니다.,0.0,3.0,False,False,40,역번역 유사도 낮음(0.00)
잔액인수,mya_Mymr,ချန်ထားမှု ကိန်းဂဏန်း,유학률,0.0,0.75,False,False,40,역번역 유사도 낮음(0.00)
잔액인수,tgl_Latn,Bilang ng mga natitirang halaga,부채의 수,0.222,1.25,False,False,40,역번역 유사도 낮음(0.22)
잔존가액,vie_Latn,Giá trị còn lại,나머지 값,0.0,1.25,False,False,40,역번역 유사도 낮음(0.00)
잔존가액,ind_Latn,Nilai sisa,나머지 값,0.0,1.25,False,False,40,역번역 유사도 낮음(0.00)
잔존가액,tha_Thai,มูลค่าคงเหลือ,가치는 남아있죠.,0.154,2.25,False,False,40,역번역 유사도 낮음(0.15)
잔존가액,mya_Mymr,ကျန်တဲ့ငွေကြေး,나머지 금액은,0.182,1.75,False,False,40,역번역 유사도 낮음(0.18)
잠정이체,vie_Latn,Chuyển khoản tạm thời,임시 송금,0.0,1.25,False,False,40,역번역 유사도 낮음(0.00)
잠정이체,ind_Latn,Transfer sementara,임시 이전,0.222,1.25,False,False,40,역번역 유사도 낮음(0.22)
잠정이체,tha_Thai,การโอนชั่วคราว,임시로 옮겼어,0.0,1.75,False,False,40,역번역 유사도 낮음(0.00)
잠정이체,mya_Mymr,အတားအဆီးပါ။,장애물입니다.,0.0,1.75,False,False,40,역번역 유사도 낮음(0.00)
잠정이체,tgl_Latn,Ang pag-lock.,잠금.,0.286,0.75,False,False,40,역번역 유사도 낮음(0.29)
장내결제,vie_Latn,Thanh toán trực tiếp tại cửa hàng,매장에서 직접 지불,0.143,2.5,False,False,40,역번역 유사도 낮음(0.14)
장내결제,ind_Latn,Pembayaran di Tempat,현장에서 지불,0.182,1.75,False,False,40,역번역 유사도 낮음(0.18)
장내결제,tha_Thai,การชำระเงินที่ร้าน,가게에서 지불,0.0,1.75,False,False,40,역번역 유사도 낮음(0.00)
장내결제,mya_Mymr,အူလမ်းကြောင်း ဖြေရှင်းနည်း,소화기 치료법,0.0,1.75,False,False,40,역번역 유사도 낮음(0.00)
장외거래,tha_Thai,การซื้อขายนอกตลาด,시장에서 구매하는 것,0.133,2.75,False,False,40,역번역 유사도 낮음(0.13)
장외거래,mya_Mymr,အပြင်ထွက်ကုန်သွယ်ရေး,대외 무역,0.222,1.25,False,False,40,역번역 유사도 낮음(0.22)
장외거래,tgl_Latn,Ang panlabas na kalakalan,대외 무역,0.222,1.25,False,False,40,역번역 유사도 낮음(0.22)
장외결제,ind_Latn,Penyelesaian di Luar Bursa,거래소 밖의 해결,0.154,2.25,False,False,40,역번역 유사도 낮음(0.15)
장외시장,tha_Thai,ตลาดซื้อขายนอกตลาดหลักทรัพย์,주식 시장에서 거래,0.286,2.5,False,False,40,역번역 유사도 낮음(0.29)
재담보,vie_Latn,Tài sản thế chấp bổ sung,부채 자산,0.0,1.67,False,False,40,역번역 유사도 낮음(0.00)
재담보,ind_Latn,Jaminan tambahan,추가 보증,0.25,1.67,False,False,40,역번역 유사도 낮음(0.25)
재발행,tha_Thai,พิมพ์ใหม่,다시 발간,0.25,1.67,False,False,40,역번역 유사도 낮음(0.25)
재발행,tgl_Latn,Pag-reboot,리부팅,0.0,1.0,False,False,40,역번역 유사도 낮음(0.00)
재정가격결정이론,ind_Latn,Teori Penetapan Harga Keuangan,금융 가격설계,0.267,0.88,False,False,40,역번역 유사도 낮음(0.27)
저당권,tha_Thai,สินเชื่อบ้าน,집을 믿어요,0.0,2.0,False,False,40,역번역 유사도 낮음(0.00)
저당대출담보부채권,vie_Latn,Trái phiếu có tài sản thế chấp là khoản vay thế chấp,부채는 부채 대출입니다.,0.182,1.44,False,False,40,역번역 유사도 낮음(0.18)
저당대출담보부채권,tha_Thai,หลักทรัพย์ที่ได้รับการค้ำประกันด้วยสินเชื่อที่อยู่อาศัย,주택담보증권에 담긴 자산입니다.,0.231,1.89,False,False,40,역번역 유사도 낮음(0.23)
저당대출담보부채권,mya_Mymr,အငှားအငှား ချေးငွေ,임대금 대출,0.267,0.67,False,False,40,역번역 유사도 낮음(0.27)
저당대출담보부채권,tgl_Latn,Ang mga utang sa pag-aalis ng mga tao,사람들이 떠나는 빚,0.0,1.11,False,False,40,역번역 유사도 낮음(0.00)
저당대출원리금이체채권,vie_Latn,Khoản nợ từ khoản vay thế chấp (gốc và lãi),모기지 대출의 부채 (부채와 이자),0.2,1.73,False,False,40,역번역 유사도 낮음(0.20)
저당대출원리금이체채권,ind_Latn,Surat Utang Transfer Pokok dan Bunga Pinjaman Hipotek,이산화탄소 송금증서와 대출금,0.231,1.36,False,False,40,역번역 유사도 낮음(0.23)
저당대출원리금이체채권,tha_Thai,หนี้รับจากการโอนเงินต้นและดอกเบี้ยของสินเชื่อที่อยู่อาศัย,대출금과 주택담보대출금,0.261,1.09,False,False,40,역번역 유사도 낮음(0.26)
저당대출원리금이체채권,mya_Mymr,ကိုယ်စားလှယ်လောင်းအထောက်အပံ့၊ ချေးငွေ၊,"후보 지원, 대출,",0.19,0.91,False,False,40,역번역 유사도 낮음(0.19)
저당대출원리금이체채권,tgl_Latn,Ang mga ito ay ang mga ito ay ang mga ito ay ang mga ito,그들은 그들은 그들은 그들은 그들은 그들은,0.0,2.09,False,False,40,역번역 유사도 낮음(0.00)
전량결제,vie_Latn,Thanh toán toàn bộ,전액 지불,0.222,1.25,False,False,40,역번역 유사도 낮음(0.22)
전량결제,ind_Latn,Pembayaran Seluruh Jumlah,전액 지불,0.222,1.25,False,False,40,역번역 유사도 낮음(0.22)
전량결제,tha_Thai,ชำระเต็มจำนวน,세탁실이 꽉 차 있어요,0.0,3.0,False,False,40,역번역 유사도 낮음(0.00)
전량결제,mya_Mymr,လျှပ်စစ်ပမာဏ လျှပ်စစ်ပမာဏ,"전력, 전력, 전력",0.143,2.5,False,False,40,역번역 유사도 낮음(0.14)
전량결제,tgl_Latn,Pag-aalis ng kuryente,전력 차단,0.222,1.25,False,False,40,역번역 유사도 낮음(0.22)
전미증권업협회,mya_Mymr,အာမခံကုမ္ပဏီအသင်းပါ။,보험회사 팀입니다.,0.118,1.43,False,False,40,역번역 유사도 낮음(0.12)
전미증권업협회,tgl_Latn,Ang PBS ay isang korporasyon ng securities.,PBS는 증권 회사입니다.,0.286,2.0,False,False,40,역번역 유사도 낮음(0.29)
전업주의,ind_Latn,Prinsip Keprofesionalan,전문성 원칙,0.2,1.5,False,False,40,역번역 유사도 낮음(0.20)
전업주의,tha_Thai,งานเต็มเวลา,풀타임,0.0,0.75,False,False,40,역번역 유사도 낮음(0.00)
전업주의,mya_Mymr,အပြည့်အဝ အလုပ်သမား။,전직 노동자입니다.,0.143,2.5,False,False,40,역번역 유사도 낮음(0.14)
전업주의,tgl_Latn,Ang mga full-time worker,풀 타임 노동자,0.0,2.0,False,False,40,역번역 유사도 낮음(0.00)
전자공시제도,mya_Mymr,အီလက်ထရောနစ် ကြော်ငြာစနစ်ပါ။,이것은 전자 광고 시스템입니다.,0.261,2.83,False,False,40,역번역 유사도 낮음(0.26)
전자매매확인,tgl_Latn,Nakumpirma ang pagbebenta.,판매가 확정되었습니다.,0.222,2.0,False,False,40,역번역 유사도 낮음(0.22)
전자자금이체제도,vie_Latn,Hệ thống chuyển tiền điện tử,암호화폐 전송 시스템,0.105,1.38,False,False,40,역번역 유사도 낮음(0.11)
전자자금이체제도,mya_Mymr,အီလက်ထရောနစ် ငွေကြေးစနစ်က,전자 화폐 시스템은,0.222,1.25,False,False,40,역번역 유사도 낮음(0.22)
전자자금이체제도,tgl_Latn,Ang sistema ng e-money ay,전자 화폐 시스템은,0.222,1.25,False,False,40,역번역 유사도 낮음(0.22)
전환사채,vie_Latn,Trái phiếu chuyển đổi,유동채권,0.25,1.0,False,False,40,역번역 유사도 낮음(0.25)
전환사채,ind_Latn,Obligasi Konversi,환원 의무,0.222,1.25,False,False,40,역번역 유사도 낮음(0.22)
전환사채,mya_Mymr,အပြောင်းအလဲ ချေးငွေ,환불 대출,0.222,1.25,False,False,40,역번역 유사도 낮음(0.22)
전환사채,tgl_Latn,Mga kondisyon ng paglipat,이주 조건,0.0,1.25,False,False,40,역번역 유사도 낮음(0.00)
전환신주이자,tha_Thai,หุ้นแปลงสภาพได้ และ,"주식을 바꿀 수 있고,",0.111,2.0,False,False,40,역번역 유사도 낮음(0.11)
전환신주이자,mya_Mymr,အပြောင်းအလဲသမားပါ။,저는 변혁주의자입니다.,0.222,2.0,False,False,40,역번역 유사도 낮음(0.22)
전환신주이자,tgl_Latn,Siya ay isang transformer.,그는 트랜스포머입니다.,0.0,2.0,False,False,40,역번역 유사도 낮음(0.00)
전환주식,mya_Mymr,အပြောင်းအလဲရှယ်ယာ,환율입니다.,0.2,1.5,False,False,40,역번역 유사도 낮음(0.20)
전환주식,tgl_Latn,Pagbabago ng stock,재고의 변화,0.0,1.5,False,False,40,역번역 유사도 낮음(0.00)
전환청구권,ind_Latn,Hak konversi,개종권,0.25,0.6,False,False,40,역번역 유사도 낮음(0.25)
전환청구권,mya_Mymr,အပြောင်းအလဲ လုပ်ပိုင်ခွင့်။,변화의 힘입니다.,0.0,1.8,False,False,40,역번역 유사도 낮음(0.00)
전환청구권,tgl_Latn,Mga karapatan sa paglipat,이동권,0.25,0.6,False,False,40,역번역 유사도 낮음(0.25)
점두매매,vie_Latn,Bán lẻ tại quầy,카운터에서 소매,0.167,2.0,False,False,40,역번역 유사도 낮음(0.17)
점두매매,ind_Latn,Penjualan langsung di toko,직판 판매,0.222,1.25,False,False,40,역번역 유사도 낮음(0.22)
점두매매,tha_Thai,การซื้อขายนอกตลาด,시장에서 구매하는 것,0.133,2.75,False,False,40,역번역 유사도 낮음(0.13)
점두매매,mya_Mymr,စျေးဝယ်တယ်။,쇼핑을 합니다.,0.0,2.0,False,False,40,역번역 유사도 낮음(0.00)
점두매매,tgl_Latn,Ang pag-aabang.,의심입니다.,0.0,1.5,False,False,40,역번역 유사도 낮음(0.00)
점유개정형 repo,ind_Latn,Repo dengan perubahan kepemilikan,소유가 바뀌는 레포,0.2,1.0,False,False,40,역번역 유사도 낮음(0.20)
점유개정형 repo,tha_Thai,การขายคืนพร้อมการเปลี่ยนเจ้าของ,소유자가 바뀌면서 다시 팔립니다.,0.143,1.8,False,False,40,역번역 유사도 낮음(0.14)
점유개정형 repo,mya_Mymr,ရင်းနှီးမြှုပ်နှံမှု ပြန်လည်ပြုပြင်မှု,투자 회복,0.133,0.5,False,False,40,역번역 유사도 낮음(0.13)
점유개정형 repo,tgl_Latn,Repo ng pag-aari,재산을 매각,0.125,0.6,False,False,40,역번역 유사도 낮음(0.12)
정시상환,vie_Latn,Trả nợ đúng hạn,적시에 갚는 것,0.167,2.0,False,False,40,역번역 유사도 낮음(0.17)
정시상환,ind_Latn,Pembayaran Tepat Waktu,적시에 지불,0.2,1.5,False,False,40,역번역 유사도 낮음(0.20)
정시상환,tha_Thai,การชำระหนี้ตามกำหนด,정해진 기간에 납부,0.143,2.5,False,False,40,역번역 유사도 낮음(0.14)
정시상환,tgl_Latn,Pagbabago ng oras.,날씨가 바뀌고 있어요,0.0,2.75,False,False,40,역번역 유사도 낮음(0.00)
정크본드,vie_Latn,Trái phiếu rủi ro cao,고위험 채권,0.0,1.5,False,False,40,역번역 유사도 낮음(0.00)
정크본드,ind_Latn,Obligasi sampah,쓰레기 채권,0.0,1.5,False,False,40,역번역 유사도 낮음(0.00)
정크본드,tha_Thai,พันธบัตรเสี่ยงสูง,고위험 증권입니다.,0.0,2.5,False,False,40,역번역 유사도 낮음(0.00)
정크본드,mya_Mymr,Junk Bond ပါ။,쓰레기 채권입니다.,0.0,2.5,False,False,40,역번역 유사도 낮음(0.00)
제3시장,mya_Mymr,တတိယ စျေးကွက်,세 번째 시장입니다.,0.267,2.75,False,False,40,역번역 유사도 낮음(0.27)
제3시장,tgl_Latn,Ang ikatlong merkado.,세 번째 시장입니다.,0.267,2.75,False,False,40,역번역 유사도 낮음(0.27)
제4시장,tha_Thai,ตลาดหมายเลข 4,마켓 4번,0.222,1.25,False,False,40,역번역 유사도 낮음(0.22)
제4시장,mya_Mymr,စတုတ္ထ စျေးကွက်,네 번째 시장입니다.,0.267,2.75,False,False,40,역번역 유사도 낮음(0.27)
제4시장,tgl_Latn,Ang ikaapat na merkado.,네 번째 시장입니다.,0.267,2.75,False,False,40,역번역 유사도 낮음(0.27)
제권판결,tgl_Latn,Ang Paghatol ng Karapatan,정의로운 심판,0.182,1.75,False,False,40,역번역 유사도 낮음(0.18)
제로쿠폰채,vie_Latn,Trái phiếu không lãi suất,이산화탄소,0.0,1.0,False,False,40,역번역 유사도 낮음(0.00)
제로쿠폰채,tha_Thai,พันธบัตรไม่มีคูปอง,증권은 쿠폰이 없습니다.,0.222,2.6,False,False,40,역번역 유사도 낮음(0.22)
제로쿠폰채,tgl_Latn,Walang kupon.,쿠폰은 없습니다.,0.286,1.8,False,False,40,역번역 유사도 낮음(0.29)
종업원지주제도,vie_Latn,Chế độ sở hữu cổ phần của người lao động,노동자 주식 소유 체제,0.211,1.71,False,False,40,역번역 유사도 낮음(0.21)
종업원지주제도,ind_Latn,Sistem Kepemilikan Saham Karyawan,직원 주식 소유 시스템,0.211,1.71,False,False,40,역번역 유사도 낮음(0.21)
종업원지주제도,tgl_Latn,Ang sistema ng suporta sa empleyado.,직원 지원 시스템입니다.,0.2,1.86,False,False,40,역번역 유사도 낮음(0.20)
종합주가지수,tgl_Latn,Ang kabuuan ng mga factor.,요인의 총합입니다.,0.125,1.67,False,False,40,역번역 유사도 낮음(0.12)
주가이동평균선,mya_Mymr,အရှေ့နဲ့အလယ် အလျား,동쪽과 중간에 있는 길이가,0.095,2.0,False,False,40,역번역 유사도 낮음(0.10)
주가이동평균선,tgl_Latn,Ang timog-kanlurang equator,남서쪽 적도,0.0,0.86,False,False,40,역번역 유사도 낮음(0.00)
주가지수,mya_Mymr,အံဝင်ခွင်ကျပါ။,딱 맞습니다.,0.0,1.75,False,False,40,역번역 유사도 낮음(0.00)
주가지수,tgl_Latn,Pinakamainam.,최고입니다.,0.0,1.5,False,False,40,역번역 유사도 낮음(0.00)
주가지수선물거래,tgl_Latn,Pagbebenta ng stock options,주식 옵션 판매,0.125,1.0,False,False,40,역번역 유사도 낮음(0.12)
주가평균,vie_Latn,Chỉ số giá cổ phiếu trung bình,평균 주식 가격 지수,0.267,2.75,False,False,40,역번역 유사도 낮음(0.27)
주가평균,ind_Latn,Indeks Harga Saham Rata-rata,평균 주식 가격 지수,0.267,2.75,False,False,40,역번역 유사도 낮음(0.27)
주권계속예탁제도,vie_Latn,Hệ thống lưu ký liên tục cổ phiếu,주식 지속적인 보관 시스템,0.182,1.75,False,False,40,역번역 유사도 낮음(0.18)
주권계속예탁제도,ind_Latn,Sistem Penitipan Saham Berkelanjutan,지속가능한 주식 보유 시스템,0.087,1.88,False,False,40,역번역 유사도 낮음(0.09)
주권계속예탁제도,tha_Thai,ระบบเก็บรักษาใบหุ้นแบบต่อเนื่อง,주식증권 보관시스템,0.222,1.25,False,False,40,역번역 유사도 낮음(0.22)
주권계속예탁제도,tgl_Latn,Ito'y para sa mga nagmamay-ari,이것은 소유자를 위한 것입니다.,0.0,2.12,False,False,40,역번역 유사도 낮음(0.00)
주권기번호,tha_Thai,หมายเลขใบรับรองอธิปไตย,인증 번호가 필요해요,0.25,2.2,False,False,40,역번역 유사도 낮음(0.25)
주권불소지,vie_Latn,Không có chủ quyền,주권이 없습니다.,0.286,1.8,False,False,40,역번역 유사도 낮음(0.29)
주권불소지,ind_Latn,Tidak memiliki kedaulatan,주권이 없습니다.,0.286,1.8,False,False,40,역번역 유사도 낮음(0.29)
주권불소지,tha_Thai,การขาดอำนาจอธิปไตย,독재의 부족,0.0,1.2,False,False,40,역번역 유사도 낮음(0.00)
주권불소지,mya_Mymr,အချုပ်အခြာအာဏာ စွပ်စွဲချက်။,주권적 주장입니다.,0.267,2.0,False,False,40,역번역 유사도 낮음(0.27)
주권수령증,ind_Latn,Tanda Terima Kewenangan,권력의 표지판,0.167,1.4,False,False,40,역번역 유사도 낮음(0.17)
주권수령증,tgl_Latn,Pagmamay-ari,소유권,0.25,0.6,False,False,40,역번역 유사도 낮음(0.25)
주당순이익,mya_Mymr,တစ်ပတ်ကို အမြတ်ရတယ်,일주일에 수익을 올립니다.,0.211,2.8,False,False,40,역번역 유사도 낮음(0.21)
주당순이익,tgl_Latn,Ang bawat linggo ay may gantimpala.,매주 보상이 있습니다.,0.235,2.4,False,False,40,역번역 유사도 낮음(0.24)
주당순자산비율,tha_Thai,อัตราส่วนราคาต่อมูลค่าบัญชี,가격대회계액의 비율,0.235,1.43,False,False,40,역번역 유사도 낮음(0.24)
주당순자산비율,mya_Mymr,တစ်ပတ်လျှင် ပိုက်ဆံစုဆောင်းမှုနှုန်း,주간 저축률,0.154,0.86,False,False,40,역번역 유사도 낮음(0.15)
주식매수청구권,tgl_Latn,Mga karapatan sa pagbili at pagbebenta,구매 및 판매권,0.267,1.14,False,False,40,역번역 유사도 낮음(0.27)
주식발행차액,tha_Thai,ส่วนเกินจากราคาหุ้น,주식 가격 부가가치입니다.,0.2,2.33,False,False,40,역번역 유사도 낮음(0.20)
주식발행차액,tgl_Latn,Ang halaga ng pautang,대출금액,0.2,0.67,False,False,40,역번역 유사도 낮음(0.20)
주식배당,tha_Thai,แบ่งปันเงินปันผล,이산화탄소 분배,0.167,2.0,False,False,40,역번역 유사도 낮음(0.17)
주식배당,tgl_Latn,Ang mga shareholder,주주들,0.286,0.75,False,False,40,역번역 유사도 낮음(0.29)
주식배당예고제,vie_Latn,Chế độ thông báo trước về cổ tức,이윤에 대한 사전 알림,0.0,1.71,False,False,40,역번역 유사도 낮음(0.00)
주식배당예고제,tha_Thai,ระบบแจ้งล่วงหน้าเกี่ยวกับเงินปันผลหุ้น,주식 거래에 대한 예측 시스템입니다.,0.222,2.86,False,False,40,역번역 유사도 낮음(0.22)
주식배당예고제,tgl_Latn,Pag-iipon ng stock.,재산을 모으는 것.,0.0,1.43,False,False,40,역번역 유사도 낮음(0.00)
주식분할,tgl_Latn,Magbahagi ng mga stock.,재료를 나눠주세요.,0.143,2.5,False,False,40,역번역 유사도 낮음(0.14)
주식의 공유,tgl_Latn,Ang pagbabahagi ng stock,재산을 나누는 것,0.133,1.5,False,False,40,역번역 유사도 낮음(0.13)
주식청약,tha_Thai,สมัครรับข่าวสาร,뉴스에 가입하세요.,0.0,2.5,False,False,40,역번역 유사도 낮음(0.00)
주식청약,tgl_Latn,Ang mga stock cleaning,재고 청소,0.222,1.25,False,False,40,역번역 유사도 낮음(0.22)
주주권,mya_Mymr,ပိုင်ဆိုင်မှု။,소유권입니다.,0.2,2.33,False,False,40,역번역 유사도 낮음(0.20)
주주명부,mya_Mymr,အိမ်ရှင်အမည်,호스트의 이름,0.0,1.75,False,False,40,역번역 유사도 낮음(0.00)
주주명부,tgl_Latn,Pangalan ng nagmamay-ari,소유자의 이름,0.0,1.75,False,False,40,역번역 유사도 낮음(0.00)
주주명부폐쇄,mya_Mymr,ပိုင်ရှင်အမည်ကို ပိတ်လိုက်တယ်,소유자 이름을 차단했습니다.,0.0,2.5,False,False,40,역번역 유사도 낮음(0.00)
주주명부폐쇄,tgl_Latn,Ang mga may-ari ng mga pangalan ng pag-aalis,퇴장 이름의 소유자,0.0,1.67,False,False,40,역번역 유사도 낮음(0.00)
주주명부폐쇄기간,vie_Latn,Thời gian đóng sổ cổ đông,주식회사 종점 시간,0.222,1.25,False,False,40,역번역 유사도 낮음(0.22)
주주명부폐쇄기간,tha_Thai,ช่วงเวลาปิดการจดทะเบียนหุ้น,상장 마감 시점,0.0,1.0,False,False,40,역번역 유사도 낮음(0.00)
주주명부폐쇄기간,mya_Mymr,ပိုင်ရှင်အမည်ကို ပိတ်ထားတဲ့အချိန်,소유자 이름이 차단된 시점,0.0,1.75,False,False,40,역번역 유사도 낮음(0.00)
주주명부폐쇄기간,tgl_Latn,Panahon ng pag-iwas sa pagmamay-ari,소유를 피하는 시기,0.111,1.25,False,False,40,역번역 유사도 낮음(0.11)
주주명부폐쇄기준일,vie_Latn,Ngày chốt danh sách cổ đông,주식자료 등록 마감일,0.2,1.22,False,False,40,역번역 유사도 낮음(0.20)
주주명부폐쇄기준일,ind_Latn,Tanggal Penutupan Daftar Pemegang Saham,주주 등록 종료 날짜,0.2,1.22,False,False,40,역번역 유사도 낮음(0.20)
주주명부폐쇄기준일,tha_Thai,วันที่บันทึกในทะเบียนหุ้น,주식회사에 등록된 날짜,0.095,1.33,False,False,40,역번역 유사도 낮음(0.10)
주주명부폐쇄기준일,mya_Mymr,ပိုင်ရှင်အမည်က ပိတ်ဖို့ အသင့်ပါ။,소유자 이름은 닫을 준비가 되었습니다.,0.067,2.33,False,False,40,역번역 유사도 낮음(0.07)
주주명부폐쇄기준일,tgl_Latn,Ang mga may-ari ng bahay ay handa na sa pagtatapos.,집주인들은 끝을 준비하고 있습니다.,0.143,2.11,False,False,40,역번역 유사도 낮음(0.14)
주주제안제도,mya_Mymr,ရှယ်ယာရှင် စီမံကိန်းပါ။,이것은 주주 프로젝트입니다.,0.19,2.5,False,False,40,역번역 유사도 낮음(0.19)
준공유,vie_Latn,Bán công cộng,공중 판매,0.25,1.67,False,False,40,역번역 유사도 낮음(0.25)
준공유,tha_Thai,กึ่งสาธารณะ,반 공개,0.286,1.33,False,False,40,역번역 유사도 낮음(0.29)
준공유,mya_Mymr,လျှပ်စစ်ဓာတ်ငွေ့,전기 가스,0.0,1.67,False,False,40,역번역 유사도 낮음(0.00)
준공유,tgl_Latn,Parehong pampubliko,공중 모두,0.25,1.67,False,False,40,역번역 유사도 낮음(0.25)
준비금의 자본전입,mya_Mymr,ရင်းနှီးမြှုပ်နှံမှု,투자입니다.,0.267,0.67,False,False,40,역번역 유사도 낮음(0.27)
준점유,vie_Latn,Sở hữu một phần,일부 소유,0.25,1.67,False,False,40,역번역 유사도 낮음(0.25)
준점유,ind_Latn,Penguasaan sebagian,부분적인 지배,0.0,2.33,False,False,40,역번역 유사도 낮음(0.00)
준점유,mya_Mymr,ပိုင်ဆိုင်မှုအောက်မှာ,소유권입니다.,0.2,2.33,False,False,40,역번역 유사도 낮음(0.20)
준회원,tha_Thai,สมาชิกสมทบ,가족 구성원,0.222,2.0,False,False,40,역번역 유사도 낮음(0.22)
준회원,mya_Mymr,ဒုဥက္ကဋ္ဌ,부회장님,0.286,1.33,False,False,40,역번역 유사도 낮음(0.29)
중간배당,tha_Thai,เงินปันผลระหว่างปี,연간 수익,0.222,1.25,False,False,40,역번역 유사도 낮음(0.22)
중개회사,tgl_Latn,Mga broker.,브로커들,0.0,1.0,False,False,40,역번역 유사도 낮음(0.00)
증거증권,ind_Latn,Surat berharga,귀중한 서류,0.0,1.5,False,False,40,역번역 유사도 낮음(0.00)
증거증권,tha_Thai,ใบรับรองสิทธิในทรัพย์สิน,소유권 증명서,0.182,1.75,False,False,40,역번역 유사도 낮음(0.18)
증거증권,mya_Mymr,သက်သေခံလက်မှတ်။,신분증.,0.25,1.0,False,False,40,역번역 유사도 낮음(0.25)
증권·대금 동시결제,tha_Thai,การชำระบัญชีหลักทรัพย์และเงินพร้อมกัน,자본과 화폐를 동시에 지불합니다.,0.214,1.8,False,False,40,역번역 유사도 낮음(0.21)
증권거래법,ind_Latn,Undang-Undang Pasar Modal,자본시장법,0.2,1.0,False,False,40,역번역 유사도 낮음(0.20)
증권거래법,mya_Mymr,စတော့စျေးကွက် ဥပဒေ,주식시장 법,0.182,1.2,False,False,40,역번역 유사도 낮음(0.18)
증권거래세,tha_Thai,ภาษีการซื้อขายหลักทรัพย์,주식세입니다.,0.167,1.4,False,False,40,역번역 유사도 낮음(0.17)
증권거래세,mya_Mymr,ဒါက စတော့စျေးကွက်ပါ။,이것은 주식 시장입니다.,0.0,2.6,False,False,40,역번역 유사도 낮음(0.00)
증권거래준비금,mya_Mymr,စတော့အိတ်ချေးငွေ,주식 대출입니다.,0.0,1.29,False,False,40,역번역 유사도 낮음(0.00)
증권공동 온라인시스템,mya_Mymr,အွန်လိုင်း Stock Exchange စနစ်,온라인 증권 거래소,0.286,0.91,False,False,40,역번역 유사도 낮음(0.29)
증권금융,tha_Thai,การเงินหลักทรัพย์,자본금입니다.,0.182,1.75,False,False,40,역번역 유사도 낮음(0.18)
증권금융,mya_Mymr,စက္ကူငွေကြေး,종이통화는,0.0,1.25,False,False,40,역번역 유사도 낮음(0.00)
증권담보금융,vie_Latn,Tài chính có bảo đảm bằng chứng khoán,금융은 증권에 의해 보장됩니다.,0.261,2.83,False,False,40,역번역 유사도 낮음(0.26)
증권담보금융,tha_Thai,การจัดหาเงินทุนที่มีหลักทรัพย์ค้ำประกัน,자금 조달은,0.167,1.0,False,False,40,역번역 유사도 낮음(0.17)
증권담보금융,mya_Mymr,စတော့အိတ်ချေးငွေ,주식 대출입니다.,0.0,1.5,False,False,40,역번역 유사도 낮음(0.00)
증권대위,tha_Thai,การรับสิทธิแทนในหลักทรัพย์,자금에 대한 대리권,0.143,2.5,False,False,40,역번역 유사도 낮음(0.14)
증권대위,mya_Mymr,စတော့အစုရှယ်ယာ,주식입니다.,0.0,1.5,False,False,40,역번역 유사도 낮음(0.00)
증권대위,tgl_Latn,Mga tagapagtanggol ng stock,주식 보호자,0.0,1.5,False,False,40,역번역 유사도 낮음(0.00)
증권대차제도,tha_Thai,โครงการให้กู้และยืมหลักทรัพย์,자금 대출 프로그램,0.125,1.67,False,False,40,역번역 유사도 낮음(0.12)
증권대차제도,mya_Mymr,စတော့အိတ်တွေ အပြောင်းအလဲ,주식 시장의 변동,0.0,1.5,False,False,40,역번역 유사도 낮음(0.00)
증권대행업무,tha_Thai,บริการของสำนักงานหลักทรัพย์,미국 증권사 서비스,0.25,1.67,False,False,40,역번역 유사도 낮음(0.25)
증권대행업무,mya_Mymr,စတော့အိတ်ကုမ္ပဏီ,주식회사,0.0,0.67,False,False,40,역번역 유사도 낮음(0.00)
증권분석사,mya_Mymr,စတော့ရှယ်ယာလေ့လာသူ။,주식 전문가입니다.,0.0,2.0,False,False,40,역번역 유사도 낮음(0.00)
증권선물위원회,tgl_Latn,Ang SEC.,SEC입니다.,0.0,1.0,False,False,40,역번역 유사도 낮음(0.00)
증권예탁원,mya_Mymr,စတော့အကောင့်မှူး။,주식회계사입니다.,0.0,1.8,False,False,40,역번역 유사도 낮음(0.00)
증권유통금융,tha_Thai,การจำหน่ายหลักทรัพย์และการเงิน,자본과 금융의 유통,0.25,1.67,False,False,40,역번역 유사도 낮음(0.25)
증권인수금융,ind_Latn,Pembiayaan Penjaminan Emisi Efek,이산화탄소 보증금,0.267,1.5,False,False,40,역번역 유사도 낮음(0.27)
증권인수금융,tha_Thai,การเงินในการรับประกันการออกหลักทรัพย์,자금보험에 대한 자금,0.118,1.83,False,False,40,역번역 유사도 낮음(0.12)
증권인수금융,mya_Mymr,စက္ကူအစုရှယ်ယာငွေကြေး,종이 주식화폐,0.0,1.17,False,False,40,역번역 유사도 낮음(0.00)
증권투자신탁,tha_Thai,กองทุนลงทุนในหลักทรัพย์,이 자금은 주식 투자입니다.,0.19,2.5,False,False,40,역번역 유사도 낮음(0.19)
증권특성선,mya_Mymr,ငွေကြေးဆိုင်ရာ လက္ခဏာများ,금전적 특징,0.182,1.2,False,False,40,역번역 유사도 낮음(0.18)
증권화 현상,tha_Thai,การแปลงสินทรัพย์เป็นหลักทรัพย์,자산을 증권으로 전환합니다.,0.286,2.5,False,False,40,역번역 유사도 낮음(0.29)
증권화 현상,mya_Mymr,ငွေကြေးအထောက်အပံ့ပေးမှု,자금 지원,0.182,0.83,False,False,40,역번역 유사도 낮음(0.18)
증권회사 역외펀드,tha_Thai,กองทุนนอกประเทศที่บริหารจัดการโดยบริษัทหลักทรัพย์,투자 회사에서 관리하는 해외 자금입니다.,0.258,2.44,False,False,40,역번역 유사도 낮음(0.26)
증권회사 역외펀드,tgl_Latn,Ang mga stock brokerage outsourcing pondo,주식 중개업 외장 자금,0.19,1.33,False,False,40,역번역 유사도 낮음(0.19)
지배주주,mya_Mymr,အချုပ်အခြာပိုင်ရှင်,주권자,0.286,0.75,False,False,40,역번역 유사도 낮음(0.29)
지배주주,tgl_Latn,Nagmamay-ari,소유자,0.0,0.75,False,False,40,역번역 유사도 낮음(0.00)
지분권,vie_Latn,Quyền sở hữu cổ phần,주식 소유권,0.222,2.0,False,False,40,역번역 유사도 낮음(0.22)
지분권,ind_Latn,Hak kepemilikan saham,주식 소유권,0.222,2.0,False,False,40,역번역 유사도 낮음(0.22)
지분권,mya_Mymr,ပိုင်ဆိုင်ခွင့်။,소유권입니다.,0.2,2.33,False,False,40,역번역 유사도 낮음(0.20)
지분권,tgl_Latn,Mga pananagutan,책임,0.0,0.67,False,False,40,역번역 유사도 낮음(0.00)
지분법,vie_Latn,Phương pháp vốn chủ sở hữu,소유자 자본 방식,0.0,3.0,False,False,40,역번역 유사도 낮음(0.00)
지분법,ind_Latn,Metode ekuitas,공평성 방법,0.222,2.0,False,False,40,역번역 유사도 낮음(0.22)
지분법,mya_Mymr,အချိုးအစား ဥပဒေ,비례의 법칙,0.222,2.0,False,False,40,역번역 유사도 낮음(0.22)
지수법,ind_Latn,Metode Indeks,인덱스 방법,0.222,2.0,False,False,40,역번역 유사도 낮음(0.22)
지수법,mya_Mymr,အညွှန်းကိန်းစနစ်,인덱스 시스템,0.0,2.33,False,False,40,역번역 유사도 낮음(0.00)
지수법,tgl_Latn,Ang pamamaraan ng index,인덱스 방식,0.0,2.0,False,False,40,역번역 유사도 낮음(0.00)
지시증권,ind_Latn,Surat Perintah,명령서,0.0,0.75,False,False,40,역번역 유사도 낮음(0.00)
지시증권,tha_Thai,หลักทรัพย์แบบผู้ถือ,소지자 자산입니다.,0.143,2.5,False,False,40,역번역 유사도 낮음(0.14)
지시증권,mya_Mymr,ညွှန်ကြားချက် လက်မှတ်။,명령서에 서명하세요.,0.0,2.75,False,False,40,역번역 유사도 낮음(0.00)
지시증권,tgl_Latn,Mga sertipiko ng utos,명령 인증서,0.2,1.5,False,False,40,역번역 유사도 낮음(0.20)
지정가주문,mya_Mymr,သတ်မှတ်သူ မေးခွန်း။,결정적인 질문입니다.,0.25,2.2,False,False,40,역번역 유사도 낮음(0.25)
지정가주문,tgl_Latn,Mga katanungan,질문,0.286,0.4,False,False,40,역번역 유사도 낮음(0.29)
지체보상금,vie_Latn,Tiền bồi thường chậm trễ,손해배상 지연,0.167,1.4,False,False,40,역번역 유사도 낮음(0.17)
지체보상금,tgl_Latn,Mga bayad sa pagkaantala,지연료,0.25,0.6,False,False,40,역번역 유사도 낮음(0.25)
직상장,vie_Latn,Niêm yết trực tiếp,직접 등록,0.25,1.67,False,False,40,역번역 유사도 낮음(0.25)
직상장,ind_Latn,Penawaran Umum Perdana Langsung,1차 공인중개,0.0,2.33,False,False,40,역번역 유사도 낮음(0.00)
직상장,tha_Thai,การจดทะเบียนโดยตรง,직접 등록,0.25,1.67,False,False,40,역번역 유사도 낮음(0.25)
직상장,tgl_Latn,Ang tuwid na posisyon,올바른 자세,0.0,2.0,False,False,40,역번역 유사도 낮음(0.00)
직접공시,vie_Latn,Công bố trực tiếp,생방송,0.0,0.75,False,False,40,역번역 유사도 낮음(0.00)
직접공시,tha_Thai,การเปิดเผยข้อมูลโดยตรง,정보를 공개하는 것.,0.133,2.75,False,False,40,역번역 유사도 낮음(0.13)
직접공시,mya_Mymr,လူသိရှင်ကြားပါ။,공공장소입니다.,0.167,2.0,False,False,40,역번역 유사도 낮음(0.17)
직접발행,vie_Latn,Phát hành trực tiếp,라이브 방송,0.0,1.5,False,False,40,역번역 유사도 낮음(0.00)
직접발행,tha_Thai,การออกพิมพ์ด้วยตนเอง,독자적인 출판,0.0,1.75,False,False,40,역번역 유사도 낮음(0.00)
직접발행,mya_Mymr,တိုက်ရိုက် ထွက်ပါ။,바로 나가세요.,0.0,2.0,False,False,40,역번역 유사도 낮음(0.00)
직접점유,tgl_Latn,Tuwid na pagmamay-ari,공정한 소유,0.2,1.5,False,False,40,역번역 유사도 낮음(0.20)
직접청약,mya_Mymr,တိုက်ရိုက် ဆေးကြောခြင်းပါ။,바로 세탁입니다.,0.0,2.25,False,False,40,역번역 유사도 낮음(0.00)
질권설정자,ind_Latn,Pemberi Hak Gadai,가이드 라이선스,0.0,1.6,False,False,40,역번역 유사도 낮음(0.00)
질권설정자,tha_Thai,ผู้ให้คำสัญญาจำนำ,유죄 판결을 내린 사람,0.0,2.4,False,False,40,역번역 유사도 낮음(0.00)
질권설정자,mya_Mymr,အရည်အသွေး ထိန်းချုပ်သူ။,품질 관리자입니다.,0.267,2.0,False,False,40,역번역 유사도 낮음(0.27)
질권설정자,tgl_Latn,Mga tagabuo ng kalidad,퀄리티 제작자,0.167,1.4,False,False,40,역번역 유사도 낮음(0.17)
질권자,tha_Thai,ผู้รับจำนำ,대장님,0.0,1.0,False,False,40,역번역 유사도 낮음(0.00)
집단경쟁매매,ind_Latn,Transaksi Kompetitif Kelompok,그룹 경쟁 거래,0.286,1.33,False,False,40,역번역 유사도 낮음(0.29)
집단경쟁매매,tgl_Latn,Paglalaro ng grupo,그룹 놀이,0.0,0.83,False,False,40,역번역 유사도 낮음(0.00)
집중예탁,ind_Latn,Penitipan Terpusat,중앙 관리,0.222,1.25,False,False,40,역번역 유사도 낮음(0.22)
집중예탁,tha_Thai,การเก็บรักษาแบบรวมศูนย์,중앙 저장소,0.2,1.5,False,False,40,역번역 유사도 낮음(0.20)
차감결제,ind_Latn,Pembayaran dengan potongan,납부,0.0,0.5,False,False,40,역번역 유사도 낮음(0.00)
차감결제,mya_Mymr,အေးဆေးတဲ့ ဖြေရှင်းနည်း,차분한 해결책입니다.,0.267,2.75,False,False,40,역번역 유사도 낮음(0.27)
차감결제,tgl_Latn,Pag-aayos ng malamig.,냉장고 정비.,0.0,1.75,False,False,40,역번역 유사도 낮음(0.00)
차금결제,vie_Latn,Thanh toán bù trừ,배당금,0.286,0.75,False,False,40,역번역 유사도 낮음(0.29)
차금결제,ind_Latn,Pembayaran selisih,차이점 지불,0.2,1.5,False,False,40,역번역 유사도 낮음(0.20)
차금결제,tha_Thai,การชำระยอดคงเหลือ,예금도 남았어,0.182,1.75,False,False,40,역번역 유사도 낮음(0.18)
차금결제,mya_Mymr,ငွေကြေး ဖြေရှင်းချက်။,금융 솔루션입니다.,0.143,2.5,False,False,40,역번역 유사도 낮음(0.14)
차금결제,tgl_Latn,Pag-aayos ng pera,돈 관리,0.0,1.0,False,False,40,역번역 유사도 낮음(0.00)
차등배당,ind_Latn,Pembagian Dividen Berbeda,이산화탄소 분배,0.167,2.0,False,False,40,역번역 유사도 낮음(0.17)
차등배당,tgl_Latn,Para sa mga kalahok.,참가자들에게,0.0,1.5,False,False,40,역번역 유사도 낮음(0.00)
차변 대변,vie_Latn,Nợ Có,빚은 있어요,0.182,1.2,False,False,40,역번역 유사도 낮음(0.18)
차변 대변,ind_Latn,Debit Kredit,데비트 신용,0.182,1.2,False,False,40,역번역 유사도 낮음(0.18)
차변 대변,tha_Thai,เดบิต เครดิต,"데비트, 신용",0.167,1.4,False,False,40,역번역 유사도 낮음(0.17)
차변 대변,mya_Mymr,ကားဘေးက အစာအိမ်။,차 옆의 위장입니다.,0.25,2.2,False,False,40,역번역 유사도 낮음(0.25)
차변 대변,tgl_Latn,Mga titi sa tabi ng kotse.,차 옆에 있는 좆들.,0.25,2.2,False,False,40,역번역 유사도 낮음(0.25)
차변이체 또는 추심시스템,tha_Thai,ระบบโอนเงินหรือระบบเก็บเงิน,송금 시스템이나 저장 시스템,0.286,1.15,False,False,40,역번역 유사도 낮음(0.29)
차익거래,ind_Latn,Arbitrase,중재,0.0,0.5,False,False,40,역번역 유사도 낮음(0.00)
차익거래,mya_Mymr,စျေးဝယ်ပါ။,쇼핑을 하세요.,0.0,2.0,False,False,40,역번역 유사도 낮음(0.00)
차익거래,tgl_Latn,Magpalit ng tseke.,수표를 사세요.,0.0,2.0,False,False,40,역번역 유사도 낮음(0.00)
차입매수,vie_Latn,Mua bằng vốn vay,부채로 샀어요,0.0,1.75,False,False,40,역번역 유사도 낮음(0.00)
차입매수,ind_Latn,Pembelian dengan Pinjaman,빌려서 구매하는 것,0.143,2.5,False,False,40,역번역 유사도 낮음(0.14)
차입매수,mya_Mymr,ရောင်းဝယ်မှု,매거진,0.286,0.75,False,False,40,역번역 유사도 낮음(0.29)
차입매수,tgl_Latn,Pagbili at pagbebenta,구매 및 판매,0.182,1.75,False,False,40,역번역 유사도 낮음(0.18)
참가적우선주,vie_Latn,Cổ phiếu ưu đãi có quyền tham gia,유권자 주식,0.167,1.0,False,False,40,역번역 유사도 낮음(0.17)
참가적우선주,tha_Thai,หุ้นบุริมสิทธิแบบมีส่วนร่วม,주식 소유권,0.167,1.0,False,False,40,역번역 유사도 낮음(0.17)
참가적우선주,mya_Mymr,ပါဝင်သူ ဦးစားပေးပါ။,참여자를 최우선으로 두세요.,0.286,2.5,False,False,40,역번역 유사도 낮음(0.29)
창고증권,ind_Latn,Surat berharga gudang,보물 보관,0.0,1.25,False,False,40,역번역 유사도 낮음(0.00)
창고증권,mya_Mymr,သိုလှောင်ရေး လက်မှတ်။,물품 영수증,0.2,1.5,False,False,40,역번역 유사도 낮음(0.20)
창립총회,tgl_Latn,Pagtatag ng Kapulungan,의회 설립,0.222,1.25,False,False,40,역번역 유사도 낮음(0.22)
창업비,mya_Mymr,တည်ထောင်မှု စရိတ်,설치비용,0.286,1.33,False,False,40,역번역 유사도 낮음(0.29)
창업비,tgl_Latn,Mga presyo ng pagsisimula,시작 가격,0.0,1.67,False,False,40,역번역 유사도 낮음(0.00)
채권딜러제도,vie_Latn,Hệ thống đại lý trái phiếu,채권 대리점 시스템,0.25,1.67,False,False,40,역번역 유사도 낮음(0.25)
채권딜러제도,ind_Latn,Sistem Pedagang Obligasi,채권 거래 시스템,0.267,1.5,False,False,40,역번역 유사도 낮음(0.27)
채권딜러제도,tha_Thai,โครงการผู้จำหน่ายพันธบัตร,채권사업자 프로젝트,0.25,1.67,False,False,40,역번역 유사도 낮음(0.25)
채권딜러제도,mya_Mymr,ချေးငွေရောင်းဝယ်ရေးစနစ်ပါ။,이것은 신용 거래 시스템입니다.,0.0,2.83,False,False,40,역번역 유사도 낮음(0.00)
채권딜러제도,tgl_Latn,Ang mga negosyante ng bono.,채권 거래자들.,0.286,1.33,False,False,40,역번역 유사도 낮음(0.29)
채권상장심사기준,vie_Latn,Tiêu chuẩn thẩm định niêm yết trái phiếu,유가증권 등록 평가 기준,0.286,1.62,False,False,40,역번역 유사도 낮음(0.29)
채권상장심사기준,mya_Mymr,ချေးငွေ စျေးကွက် စံသတ်မှတ်ချက်။,신용 시장의 기준입니다.,0.286,1.62,False,False,40,역번역 유사도 낮음(0.29)
채권상장폐지기준,vie_Latn,Tiêu chí hủy niêm yết trái phiếu,채권 해제 조건,0.25,1.0,False,False,40,역번역 유사도 낮음(0.25)
채권상장폐지기준,ind_Latn,Kriteria Pencabutan Pencatatan Obligasi,유가증권 등록을 취소하는 기준,0.25,2.0,False,False,40,역번역 유사도 낮음(0.25)
채권상장폐지기준,tha_Thai,เกณฑ์การถอดถอนพันธบัตรออกจากรายชื่อ,채권 삭제 기준은 목록에서 삭제됩니다.,0.276,2.62,False,False,40,역번역 유사도 낮음(0.28)
채권상장폐지기준,mya_Mymr,စက္ကူစျေးကွက် ပိတ်ဖို့,종이시장을 폐쇄해야 합니다.,0.174,1.88,False,False,40,역번역 유사도 낮음(0.17)
채권선물거래,tgl_Latn,Pagbebenta ng mga bond option,채권 옵션 판매,0.286,1.33,False,False,40,역번역 유사도 낮음(0.29)
채권수익률,vie_Latn,Lợi suất trái phiếu,이산화탄소,0.0,1.0,False,False,40,역번역 유사도 낮음(0.00)
채권시가평가제,tgl_Latn,Ang mga bond stock rating,채권 주식 등급,0.267,1.14,False,False,40,역번역 유사도 낮음(0.27)
채권양도,ind_Latn,Pengalihan Hak Tagihan,청구권 전환,0.2,1.5,False,False,40,역번역 유사도 낮음(0.20)
채권양도,tha_Thai,การโอนสิทธิเรียกร้อง,권리 이전 요구,0.167,2.0,False,False,40,역번역 유사도 낮음(0.17)
채권양도,mya_Mymr,ငွေကြေးချေးငွေ,금전적 대출,0.0,1.5,False,False,40,역번역 유사도 낮음(0.00)
채권양도,tgl_Latn,Ang mga utang ay,부채는,0.286,0.75,False,False,40,역번역 유사도 낮음(0.29)
채권원리금상환,ind_Latn,Pembayaran Pokok dan Bunga Obligasi,유가증권과 유가증권,0.118,1.43,False,False,40,역번역 유사도 낮음(0.12)
채권원리금상환,tha_Thai,การชำระคืนเงินต้นและดอกเบี้ยของพันธบัตร,유가증권에 대한 보증금과 이자금,0.167,2.43,False,False,40,역번역 유사도 낮음(0.17)
채권원리금상환,tgl_Latn,Pagbabalik ng mga utang,빚을 갚는 것,0.0,1.0,False,False,40,역번역 유사도 낮음(0.00)
채무불이행,vie_Latn,Vỡ nợ,부채,0.286,0.4,False,False,40,역번역 유사도 낮음(0.29)
채무불이행,ind_Latn,Gagal bayar,결제가 안 됐어,0.0,1.6,False,False,40,역번역 유사도 낮음(0.00)
채무불이행,tha_Thai,ค่าเริ่มต้น,시작값,0.0,0.6,False,False,40,역번역 유사도 낮음(0.00)
채무불이행,mya_Mymr,ချေးငွေချေမှု,빚을 갚는 것,0.0,1.4,False,False,40,역번역 유사도 낮음(0.00)
채무불이행,tgl_Latn,Pagbabayad ng utang,빚을 갚는 것,0.0,1.4,False,False,40,역번역 유사도 낮음(0.00)
채무불이행위험,ind_Latn,Risiko gagal bayar,결제 실패의 위험,0.25,1.29,False,False,40,역번역 유사도 낮음(0.25)
채무불이행위험,tha_Thai,ความเสี่ยงในการผิดสัญญา,계약 위반의 위험,0.25,1.29,False,False,40,역번역 유사도 낮음(0.25)
채무불이행위험,tgl_Latn,Mga pagsubok sa pagkalugi,패배의 시련,0.0,0.86,False,False,40,역번역 유사도 낮음(0.00)
청산거래,tha_Thai,ธุรกรรมชำระบัญชี,회계사업,0.0,1.0,False,False,40,역번역 유사도 낮음(0.00)
청산거래,mya_Mymr,ပိုက်ဆံရောင်းချမှု။,돈의 판매입니다.,0.0,2.25,False,False,40,역번역 유사도 낮음(0.00)
청산거래,tgl_Latn,Pag-aayos ng pag-aayos,정돈의 정돈,0.0,1.5,False,False,40,역번역 유사도 낮음(0.00)
청산회사,vie_Latn,Công ty đang trong quá trình thanh lý,회사는 청산 중입니다.,0.25,3.0,False,False,40,역번역 유사도 낮음(0.25)
청산회원,ind_Latn,Anggota yang telah dihapus,삭제된 멤버,0.0,1.5,False,False,40,역번역 유사도 낮음(0.00)
청산회원,tha_Thai,สมาชิกในกระบวนการชำระบัญชี,결제 과정의 일원,0.154,2.25,False,False,40,역번역 유사도 낮음(0.15)
청산회원,tgl_Latn,Ang mga miyembro ng Senado,상원의원들,0.222,1.25,False,False,40,역번역 유사도 낮음(0.22)
청약증거금,vie_Latn,Tiền đặt cọc đăng ký mua nhà,주택 등록 보증금,0.286,1.8,False,False,40,역번역 유사도 낮음(0.29)
청약증거금,tgl_Latn,Mga dokumento ng kontrata,계약 문서,0.2,1.0,False,False,40,역번역 유사도 낮음(0.20)
체결시점매매확인 시스템,mya_Mymr,လက်မှတ်ထိုးတဲ့ အချိန်မှာ လက်မှတ်ထိုးတဲ့ စနစ်ပါ။,로그인시스템은 로그인시스템입니다.,0.267,1.5,False,False,40,역번역 유사도 낮음(0.27)
초과담보율,tha_Thai,อัตราส่วนหลักประกันเกิน,보험료가 너무 높습니다.,0.111,2.6,False,False,40,역번역 유사도 낮음(0.11)
초과담보율,tgl_Latn,Ang rate ng overdosis,과다 복용률,0.182,1.2,False,False,40,역번역 유사도 낮음(0.18)
총계정원장,vie_Latn,Sổ cái tổng hợp,종합서,0.0,0.6,False,False,40,역번역 유사도 낮음(0.00)
총계정원장,ind_Latn,Buku Besar,큰 책,0.0,0.6,False,False,40,역번역 유사도 낮음(0.00)
총계정원장,tha_Thai,หนังสือบัญชีหลัก,주요 회계 책,0.167,1.4,False,False,40,역번역 유사도 낮음(0.17)
총계정원장,mya_Mymr,ဗိုလ်ချုပ်မှူးကြီး။,장군님,0.25,0.6,False,False,40,역번역 유사도 낮음(0.25)
총계정원장,tgl_Latn,Pangkalahatang Pangulo.,총재님,0.25,0.6,False,False,40,역번역 유사도 낮음(0.25)
총액인수,vie_Latn,Chấp nhận toàn bộ,모든 것을 받아들이고,0.0,2.75,False,False,40,역번역 유사도 낮음(0.00)
총액인수,ind_Latn,Asuransi dengan Pertanggungan Total,전체 보험,0.0,1.25,False,False,40,역번역 유사도 낮음(0.00)
총액인수,tha_Thai,การรับประกันแบบจ่ายครั้งเดียว,일회성 보증금입니다.,0.0,2.75,False,False,40,역번역 유사도 낮음(0.00)
총액인수,mya_Mymr,စုစုပေါင်း ပမာဏ,전체적으로,0.0,1.25,False,False,40,역번역 유사도 낮음(0.00)
총액인수,tgl_Latn,Bilang ng mga halaga,값의 수,0.25,1.0,False,False,40,역번역 유사도 낮음(0.25)
총액지급증권,vie_Latn,Chứng khoán thanh toán một lần,일회 결제 증권,0.286,1.33,False,False,40,역번역 유사도 낮음(0.29)
총액지급증권,ind_Latn,Surat Utang dengan Pembayaran Total,전액 납부된 채권,0.267,1.5,False,False,40,역번역 유사도 낮음(0.27)
총액지급증권,tha_Thai,หลักทรัพย์แบบจ่ายครั้งเดียว,일회용 증권입니다.,0.25,1.67,False,False,40,역번역 유사도 낮음(0.25)
총액지급증권,mya_Mymr,စုစုပေါင်း ထောက်ပံ့မှု စာရွက်စာတမ်း,집단 지원 문서입니다.,0.111,2.0,False,False,40,역번역 유사도 낮음(0.11)
총액지급증권,tgl_Latn,Pangkalahatang halaga ng mga sertipiko,인증서의 총 가치,0.133,1.5,False,False,40,역번역 유사도 낮음(0.13)
최소분산포트폴리오,mya_Mymr,အနည်းဆုံး ဖြန့်ဝေထားတဲ့ ရုံးစု,적어도 분산된 사무실은요.,0.174,1.56,False,False,40,역번역 유사도 낮음(0.17)
최적규모,mya_Mymr,အကောင်းဆုံး အရွယ်အစားပါ။,최적의 크기입니다.,0.286,2.5,False,False,40,역번역 유사도 낮음(0.29)
최적규모,tgl_Latn,Ang pinakamainam na sukat,가장 좋은 사이즈,0.0,2.25,False,False,40,역번역 유사도 낮음(0.00)
최적포트폴리오,vie_Latn,Danh mục đầu tư tối ưu,최적의 투자 목록,0.25,1.29,False,False,40,역번역 유사도 낮음(0.25)
최적포트폴리오,mya_Mymr,အကောင်းဆုံး ပရိုဖိုင်ပါ။,완벽한 프로필입니다.,0.0,1.57,False,False,40,역번역 유사도 낮음(0.00)
최종이체,vie_Latn,Chuyển khoản cuối cùng,마지막 환불,0.0,1.5,False,False,40,역번역 유사도 낮음(0.00)
최종이체,ind_Latn,Transfer terakhir,마지막 이동,0.2,1.5,False,False,40,역번역 유사도 낮음(0.20)
최종이체,tha_Thai,การโอนเงินครั้งสุดท้าย,마지막 송금,0.0,1.5,False,False,40,역번역 유사도 낮음(0.00)
최종이체,mya_Mymr,နောက်ဆုံး အစိတ်အပိုင်းပါ။,마지막 부분입니다.,0.0,2.5,False,False,40,역번역 유사도 낮음(0.00)
최종이체,tgl_Latn,Ang huling katawan.,마지막 시체,0.2,1.5,False,False,40,역번역 유사도 낮음(0.20)
추가상장,tha_Thai,การจดทะเบียนรอง,제2등록,0.0,1.0,False,False,40,역번역 유사도 낮음(0.00)
추가상장,mya_Mymr,အပိုစျေး,부가가치,0.25,1.0,False,False,40,역번역 유사도 낮음(0.25)
추가상장,tgl_Latn,Dagdag na presyo,부가가치,0.25,1.0,False,False,40,역번역 유사도 낮음(0.25)
추가증거금,tha_Thai,มาร์จิ้นเพิ่มเติม,더 많은 마진,0.0,1.4,False,False,40,역번역 유사도 낮음(0.00)
추가증거금,mya_Mymr,အထောက်အထား ထပ်ဖြည့်ပါ။,증거를 더하세요.,0.286,1.8,False,False,40,역번역 유사도 낮음(0.29)
추정이익,vie_Latn,Lợi nhuận dự kiến,예상 수익,0.222,1.25,False,False,40,역번역 유사도 낮음(0.22)
추정이익,ind_Latn,Laba yang Diperkirakan,예상 수익,0.222,1.25,False,False,40,역번역 유사도 낮음(0.22)
추정이익,tha_Thai,กำไรคาดการณ์,예측 수익,0.222,1.25,False,False,40,역번역 유사도 낮음(0.22)
추정이익,mya_Mymr,ခန့်မှန်းချက်က,예측에 따르면,0.0,1.75,False,False,40,역번역 유사도 낮음(0.00)
추정재무제표,vie_Latn,Báo cáo tài chính dự kiến,예상 재무 보고서,0.267,1.5,False,False,40,역번역 유사도 낮음(0.27)
추정재무제표,ind_Latn,Laporan Keuangan Proyeksi,재무 보고서 예측,0.267,1.5,False,False,40,역번역 유사도 낮음(0.27)
추정재무제표,tha_Thai,รายงานการเงินแบบจำลอง,모형 재무보고서,0.286,1.33,False,False,40,역번역 유사도 낮음(0.29)
추정재무제표,mya_Mymr,ဘဏ္ဍာရေး ခန့်မှန်းချက်။,재무 예측입니다.,0.267,1.5,False,False,40,역번역 유사도 낮음(0.27)
출입직원등록제도,vie_Latn,Hệ thống đăng ký nhân viên ra vào,직원 등록 시스템 출입,0.2,1.5,False,False,40,역번역 유사도 낮음(0.20)
출입직원등록제도,tgl_Latn,Ang listahan ng mga kandidato.,후보 명단,0.0,0.62,False,False,40,역번역 유사도 낮음(0.00)
출자인수권,vie_Latn,Quyền mua cổ phần,주식 구매권,0.182,1.2,False,False,40,역번역 유사도 낮음(0.18)
출자인수권,ind_Latn,Hak Penyerahan Saham,주식 양도권,0.182,1.2,False,False,40,역번역 유사도 낮음(0.18)
출자인수권,mya_Mymr,စာရင်းသွင်းခွင့်,회원가입,0.0,0.8,False,False,40,역번역 유사도 낮음(0.00)
출자전환,mya_Mymr,အပြန်အလှန် ပြောင်းလဲခြင်း။,상호 변화입니다.,0.0,2.25,False,False,40,역번역 유사도 낮음(0.00)
출자전환,tgl_Latn,Pagbabago ng pag-aalis,출퇴근의 변화,0.182,1.75,False,False,40,역번역 유사도 낮음(0.18)
출자증권,ind_Latn,Surat Modal,자본금,0.286,0.75,False,False,40,역번역 유사도 낮음(0.29)
출자증권,mya_Mymr,နိုင်ငံကူးလက်မှတ်။,여권.,0.286,0.75,False,False,40,역번역 유사도 낮음(0.29)
출자총액제한,tha_Thai,วงเงินลงทุนรวม,전체 투자자금,0.154,1.17,False,False,40,역번역 유사도 낮음(0.15)
출자총액제한,mya_Mymr,ပံ့ပိုးမှု ကန့်သတ်ချက်ပါ။,공급의 한계입니다.,0.125,1.67,False,False,40,역번역 유사도 낮음(0.12)
출자총액제한,tgl_Latn,Mga limitasyon sa halaga ng pera.,돈의 가치에 대한 한계,0.111,2.0,False,False,40,역번역 유사도 낮음(0.11)
충당금,vie_Latn,Dự phòng,대비해서,0.0,1.33,False,False,40,역번역 유사도 낮음(0.00)
충당금,ind_Latn,Cadangan,보급자,0.0,1.0,False,False,40,역번역 유사도 낮음(0.00)
충당금,tha_Thai,ข้อกำหนด,규정,0.0,0.67,False,False,40,역번역 유사도 낮음(0.00)
충당금,mya_Mymr,အခကြေးငွေပါ။,수수료입니다.,0.0,2.33,False,False,40,역번역 유사도 낮음(0.00)
충당금,tgl_Latn,Pagbabayad,결제,0.0,0.67,False,False,40,역번역 유사도 낮음(0.00)
충분성,tgl_Latn,Sapat na,그만해,0.0,1.0,False,False,40,역번역 유사도 낮음(0.00)
카멜레온펀드,mya_Mymr,ကမ်မီလီယံ ရံပုံငွေပါ။,이것은 캄밀리언 펀드입니다.,0.19,2.5,False,False,40,역번역 유사도 낮음(0.19)
컨트리 펀드,vie_Latn,Quỹ đầu tư vào thị trường các nước đang phát triển,개발도상국 시장에 투자하는 자금,0.087,2.83,False,False,40,역번역 유사도 낮음(0.09)
컨트리 펀드,tha_Thai,กองทุนประเทศ,국가 기금,0.182,0.83,False,False,40,역번역 유사도 낮음(0.18)
컨트리 펀드,mya_Mymr,ကောင်တီဖောင်ဒေးရှင်း,카운티 재단,0.167,1.0,False,False,40,역번역 유사도 낮음(0.17)
컨트리 펀드,tgl_Latn,Mga pondo ng bansa,국가 기금,0.182,0.83,False,False,40,역번역 유사도 낮음(0.18)
코레스은행,tgl_Latn,Ang Kores Bank.,키로스 뱅크,0.182,1.2,False,False,40,역번역 유사도 낮음(0.18)
코리아유로펀드,tha_Thai,กองทุนเกาหลี-ยูโร,한국기금-유로,0.286,1.0,False,False,40,역번역 유사도 낮음(0.29)
코리아유로펀드,mya_Mymr,ကိုရီးယား ဥရောပရန်ပုံငွေ,한국 유럽기금,0.143,1.0,False,False,40,역번역 유사도 낮음(0.14)
코리아펀드,vie_Latn,Quỹ Hàn Quốc,한국기금,0.0,0.8,False,False,40,역번역 유사도 낮음(0.00)
코리아펀드,tha_Thai,กองทุนเกาหลี,한국기금,0.0,0.8,False,False,40,역번역 유사도 낮음(0.00)
코리아펀드,mya_Mymr,ကိုရီးယား ရန်ပုံငွေ,한국기금,0.0,0.8,False,False,40,역번역 유사도 낮음(0.00)
코리아펀드,tgl_Latn,Ang Korea Fund,한국기금,0.0,0.8,False,False,40,역번역 유사도 낮음(0.00)
콘탱고,tgl_Latn,Ang kontango.,콩쿠르,0.0,1.0,False,False,40,역번역 유사도 낮음(0.00)
콜레이트,tha_Thai,จัดเรียง,정렬해,0.0,0.75,False,False,40,역번역 유사도 낮음(0.00)
쿠폰부사채,vie_Latn,Trái phiếu có kèm phiếu giảm giá,유가증권은 할인증권과 함께,0.0,2.8,False,False,40,역번역 유사도 낮음(0.00)
쿠폰부사채,mya_Mymr,ကွပ်ကဲမှု ကွပ်ကဲမှု,"관리, 관리.",0.0,1.4,False,False,40,역번역 유사도 낮음(0.00)
타이거펀드,vie_Latn,Quỹ Tiger,호랑이 재단,0.182,1.2,False,False,40,역번역 유사도 낮음(0.18)
타이거펀드,ind_Latn,Tiger Fund,호랑이 기금,0.182,1.2,False,False,40,역번역 유사도 낮음(0.18)
타이거펀드,mya_Mymr,ကျားဖောင်ဒေးရှင်း,젠더 재단,0.0,1.0,False,False,40,역번역 유사도 낮음(0.00)
타이거펀드,tgl_Latn,Ang tiger fund,호랑이 기금,0.182,1.2,False,False,40,역번역 유사도 낮음(0.18)
탈중개화현상,mya_Mymr,အလေးချိန်လျှော့ချမှု ဖြစ်စဉ်ပါ။,체중 감량 과정입니다.,0.111,2.0,False,False,40,역번역 유사도 낮음(0.11)
테크노스트럭처,tha_Thai,โครงสร้างทางเทคโนโลยี,기술적인 구조입니다,0.0,1.43,False,False,40,역번역 유사도 낮음(0.00)
테크노스트럭처,mya_Mymr,နည်းပညာ တည်ဆောက်မှု။,기술 구조입니다.,0.0,1.29,False,False,40,역번역 유사도 낮음(0.00)
테크노스트럭처,tgl_Latn,Teknostruktura,기술 구조,0.0,0.71,False,False,40,역번역 유사도 낮음(0.00)
토론토선물거래소,mya_Mymr,Toronto ကုန်စည်စျေးကွက်။,토론토 재화 시장입니다.,0.286,1.62,False,False,40,역번역 유사도 낮음(0.29)
통일규격유가증권,vie_Latn,Chứng khoán có tiêu chuẩn thống nhất,주식에는 하나의 표준이 있습니다.,0.0,2.25,False,False,40,역번역 유사도 낮음(0.00)
통일규격유가증권,ind_Latn,Surat Berharga dengan Standar Seragam,유니폼을 입은 귀중한 편지,0.091,1.75,False,False,40,역번역 유사도 낮음(0.09)
통일규격유가증권,mya_Mymr,တစ်နေ့တာ စည်းမျဉ်းစည်းကမ်းတွေ,하루의 규칙입니다.,0.111,1.25,False,False,40,역번역 유사도 낮음(0.11)
통일규격유가증권,tgl_Latn,Pangkalahatang Boto ng Pag-aari,소유물 전체 투표,0.118,1.12,False,False,40,역번역 유사도 낮음(0.12)
통일규격유가증권 관리현황보고서,tgl_Latn,Ito'y isang ulat tungkol sa pagmamaneho ng mga sertipikadong panuntunan.,이것은 인증된 운전 규칙에 대한 보고서입니다.,0.244,1.56,False,False,40,역번역 유사도 낮음(0.24)
통일상사법,mya_Mymr,တစ်နေ့တာ ကုန်သွယ်မှု ဥပဒေ။,하루의 무역 법칙.,0.133,2.0,False,False,40,역번역 유사도 낮음(0.13)
통일상사법,tgl_Latn,Pangkalahatang Batas,일반적인 규칙,0.167,1.4,False,False,40,역번역 유사도 낮음(0.17)
통정매매,vie_Latn,Giao dịch thông đồng,비공개 거래,0.0,1.5,False,False,40,역번역 유사도 낮음(0.00)
통정매매,ind_Latn,Transaksi yang disepakati sebelumnya,미리 합의된 거래,0.0,2.25,False,False,40,역번역 유사도 낮음(0.00)
통정매매,mya_Mymr,ရောင်းဝယ်မှု,매거진,0.286,0.75,False,False,40,역번역 유사도 낮음(0.29)
통정매매,tgl_Latn,Pagbebenta ng mga pasahero,승객들의 판매,0.182,1.75,False,False,40,역번역 유사도 낮음(0.18)
통합결제,tgl_Latn,Mga solusyon sa pagsasama-sama,합병 솔루션,0.2,1.5,False,False,40,역번역 유사도 낮음(0.20)
통합계좌,tha_Thai,บัญชีรวม,전체 회계,0.222,1.25,False,False,40,역번역 유사도 낮음(0.22)
통합계좌,mya_Mymr,စုပေါင်းစာရင်း,전체 목록,0.0,1.25,False,False,40,역번역 유사도 낮음(0.00)
통합계좌,tgl_Latn,Pangkalahatang account,일반 계정,0.222,1.25,False,False,40,역번역 유사도 낮음(0.22)
통화선물,tha_Thai,สัญญาซื้อขายล่วงหน้าสกุลเงิน,화폐에 대한 사전 계약,0.125,3.0,False,False,40,역번역 유사도 낮음(0.12)
통화선물,tgl_Latn,Mga handog sa salapi,금전적 제물,0.2,1.5,False,False,40,역번역 유사도 낮음(0.20)
통화선물옵션,tha_Thai,สัญญาซื้อขายล่วงหน้าและสัญญาออปชันสกุลเงิน,전속 계약과 화폐 옵션 계약,0.286,2.5,False,False,40,역번역 유사도 낮음(0.29)
통화선물옵션,mya_Mymr,ငွေပေးချေမှု ရွေးချယ်မှု,결제 선택,0.182,0.83,False,False,40,역번역 유사도 낮음(0.18)
통화선물옵션,tgl_Latn,Mga pagpipilian sa cash gift,현금 기증 옵션,0.286,1.33,False,False,40,역번역 유사도 낮음(0.29)
통화스왑,tha_Thai,การแลกเปลี่ยนสกุลเงิน,화폐 교환,0.222,1.25,False,False,40,역번역 유사도 낮음(0.22)
통화스왑,tgl_Latn,Ang tawag ay...,전화는...,0.2,1.5,False,False,40,역번역 유사도 낮음(0.20)
통화안정증권,mya_Mymr,ငွေကြေး လုံခြုံရေး လက်မှတ်။,금융 보안 인증서입니다.,0.211,2.17,False,False,40,역번역 유사도 낮음(0.21)
통화안정증권,tgl_Latn,Mga panuntunan sa pananalapi,재정적 규칙,0.167,1.0,False,False,40,역번역 유사도 낮음(0.17)
통화옵션,mya_Mymr,ဖုန်းခေါ်ဆိုမှု ရွေးချယ်မှု,전화 선택,0.222,1.25,False,False,40,역번역 유사도 낮음(0.22)
통화지표,mya_Mymr,ဖုန်းမှတ်ပုံတင်။,전화번호를 등록하세요.,0.125,3.0,False,False,40,역번역 유사도 낮음(0.12)
통화지표,tgl_Latn,Mga contact card,연락 카드,0.0,1.25,False,False,40,역번역 유사도 낮음(0.00)
통화채권투자신탁수익증권,ind_Latn,Surat Berharga Hasil Investasi Reksa Dana Obligasi Mata Uang,유가증서 투자금융자금융채권,0.154,1.17,False,False,40,역번역 유사도 낮음(0.15)
통화채권투자신탁수익증권,tgl_Latn,"Mga pautang sa pera, pamumuhunan, pagtitiwala, kapakinabangan.","금전적 대출, 투자, 신뢰, 이윤.",0.194,1.58,False,False,40,역번역 유사도 낮음(0.19)
투자신탁,ind_Latn,Reksa Dana,펀드,0.0,0.5,False,False,40,역번역 유사도 낮음(0.00)
특별결의,tgl_Latn,Pangkalahatang desisyon,전체적인 결정,0.182,1.75,False,False,40,역번역 유사도 낮음(0.18)
특별담보물,vie_Latn,Tài sản thế chấp đặc biệt,특수 모기지 자산,0.143,1.8,False,False,40,역번역 유사도 낮음(0.14)
특별담보물,tgl_Latn,Pangkalahatang Balita,일반 뉴스,0.0,1.0,False,False,40,역번역 유사도 낮음(0.00)
특별인출권,mya_Mymr,အထူး မူပိုင်ခွင့်,독점 특허,0.2,1.0,False,False,40,역번역 유사도 낮음(0.20)
특별인출권,tgl_Latn,Pangkalahatang Patent,일반 특허,0.2,1.0,False,False,40,역번역 유사도 낮음(0.20)
특수채,vie_Latn,Cây đặc biệt,특별한 나무,0.222,2.0,False,False,40,역번역 유사도 낮음(0.22)
특수채,ind_Latn,Obligasi Khusus,특별한 의무,0.222,2.0,False,False,40,역번역 유사도 낮음(0.22)
특수채,tha_Thai,พันธบัตรเฉพาะทาง,전용 상품권,0.0,2.0,False,False,40,역번역 유사도 낮음(0.00)
특수채,mya_Mymr,အထူးချေးငွေပါ။,특별 대출입니다.,0.167,3.0,False,False,40,역번역 유사도 낮음(0.17)
특수채,tgl_Latn,Pangkalahatang utang,전체 부채,0.25,1.67,False,False,40,역번역 유사도 낮음(0.25)
파생적예금,mya_Mymr,အကျိုးဆက်ငွေကြေး။,수익금입니다.,0.167,1.4,False,False,40,역번역 유사도 낮음(0.17)
파생증권,mya_Mymr,ရှေးဆက်လက်မှတ်။,낡은 카드입니다.,0.0,2.25,False,False,40,역번역 유사도 낮음(0.00)
파생증권,tgl_Latn,Mga sertipiko ng pinagmulan,원산지 인증서,0.182,1.75,False,False,40,역번역 유사도 낮음(0.18)
파생통화,mya_Mymr,မျိုးရိုးဗီဇ,유전자는,0.0,1.0,False,False,40,역번역 유사도 낮음(0.00)
패리티,ind_Latn,paritas,부당성,0.0,1.0,False,False,40,역번역 유사도 낮음(0.00)
패리티,tha_Thai,ความเท่าเทียม,평등입니다.,0.0,2.0,False,False,40,역번역 유사도 낮음(0.00)
패리티,mya_Mymr,ညီမျှမှု။,평등입니다.,0.0,2.0,False,False,40,역번역 유사도 낮음(0.00)
패리티,tgl_Latn,Parity,평등,0.0,0.67,False,False,40,역번역 유사도 낮음(0.00)
퍼포먼스 펀드,vie_Latn,Quỹ đầu tư hiệu suất,성능 투자 기금,0.133,1.14,False,False,40,역번역 유사도 낮음(0.13)
퍼포먼스 펀드,ind_Latn,Dana Kinerja,성능 기금,0.167,0.71,False,False,40,역번역 유사도 낮음(0.17)
퍼포먼스 펀드,tha_Thai,กองทุนประสิทธิภาพ,효율성 기금,0.154,0.86,False,False,40,역번역 유사도 낮음(0.15)
퍼포먼스 펀드,tgl_Latn,Ang Performance Fund,성능 기금,0.167,0.71,False,False,40,역번역 유사도 낮음(0.17)
펀드매니저,vie_Latn,Quản lý quỹ,기금 관리,0.0,1.0,False,False,40,역번역 유사도 낮음(0.00)
펀드매니저,ind_Latn,Manajer dana,기금 관리자,0.0,1.2,False,False,40,역번역 유사도 낮음(0.00)
펀드매니저,mya_Mymr,ရံပုံငွေ စီမံခန့်ခွဲသူ။,자금 관리자입니다.,0.133,2.0,False,False,40,역번역 유사도 낮음(0.13)
페니스탁,tha_Thai,สต็อกอวัยวะเพศชาย,성기 뇌졸중,0.0,1.5,False,False,40,역번역 유사도 낮음(0.00)
페니스탁,mya_Mymr,လိင်တံ စားပွဲ။,음경 테이블입니다.,0.143,2.5,False,False,40,역번역 유사도 낮음(0.14)
페니스탁,tgl_Latn,Ang pinggan ng penis.,음반 접시,0.0,1.25,False,False,40,역번역 유사도 낮음(0.00)
평가절하,vie_Latn,Sự mất giá,부가가치,0.25,1.0,False,False,40,역번역 유사도 낮음(0.25)
평가절하,ind_Latn,depresiasi,우울증,0.0,0.75,False,False,40,역번역 유사도 낮음(0.00)
평가절하,tha_Thai,การลดค่าเงิน,돈의 부가가치,0.182,1.75,False,False,40,역번역 유사도 낮음(0.18)
평가절하,mya_Mymr,အကဲဖြတ်ပါ။,판단하세요.,0.2,1.5,False,False,40,역번역 유사도 낮음(0.20)
평가절하,tgl_Latn,Iwasan mo na.,그만해,0.0,0.75,False,False,40,역번역 유사도 낮음(0.00)
폐기증권,vie_Latn,Chứng khoán đã hủy,증권은 취소되었습니다.,0.25,3.0,False,False,40,역번역 유사도 낮음(0.25)
폐기증권,mya_Mymr,စွန့်ပစ်မှု လက်မှတ်။,버림서에 서명합니다.,0.0,2.75,False,False,40,역번역 유사도 낮음(0.00)
폐기증권,tgl_Latn,Mga sertipiko ng pag-aalis,출국 증명서,0.2,1.5,False,False,40,역번역 유사도 낮음(0.20)
폐쇄식 담보부사채,vie_Latn,Trái phiếu có bảo đảm dạng kín,유가증권은 밀폐되어 있습니다.,0.16,1.78,False,False,40,역번역 유사도 낮음(0.16)
폐쇄식 담보부사채,ind_Latn,Obligasi beragun tertutup,자금 채권,0.286,0.56,False,False,40,역번역 유사도 낮음(0.29)
폐쇄식 담보부사채,tha_Thai,พันธบัตรมีหลักประกันแบบปิด,이 증권은 안전보장이 있습니다.,0.154,1.89,False,False,40,역번역 유사도 낮음(0.15)
폐쇄식 담보부사채,mya_Mymr,ပိတ်သိမ်းထားတဲ့ ချေးငွေ,유예된 대출입니다.,0.105,1.11,False,False,40,역번역 유사도 낮음(0.11)
폐쇄식 담보부사채,tgl_Latn,Ang pag-iwan ng mga utang sa bangko,은행에 빚을 지는 것,0.1,1.22,False,False,40,역번역 유사도 낮음(0.10)
폐쇄형 투자신탁,vie_Latn,Quỹ đầu tư đóng,투자 기금 폐쇄,0.25,1.0,False,False,40,역번역 유사도 낮음(0.25)
폐쇄형 투자신탁,tha_Thai,กองทุนลงทุนแบบปิด,투자자금입니다.,0.25,1.0,False,False,40,역번역 유사도 낮음(0.25)
폐쇄형 투자신탁,tgl_Latn,Isang closed-ended investment trust.,자금투자기금입니다.,0.222,1.25,False,False,40,역번역 유사도 낮음(0.22)
포괄주의,ind_Latn,Pendekatan komprehensif,종합적인 접근,0.0,1.75,False,False,40,역번역 유사도 낮음(0.00)
포괄주의,tha_Thai,วิธีการแบบบูรณาการ,완벽한 방법이죠.,0.0,2.25,False,False,40,역번역 유사도 낮음(0.00)
포괄주의,tgl_Latn,Pagsasama-sama,함께하는 것,0.0,1.5,False,False,40,역번역 유사도 낮음(0.00)
포괄증자,vie_Latn,Tăng vốn cổ phần toàn diện,전체 주식 자본 증대,0.133,2.75,False,False,40,역번역 유사도 낮음(0.13)
포괄증자,tha_Thai,การเพิ่มทุนแบบครบวงจร,전체적인 자본 증대,0.143,2.5,False,False,40,역번역 유사도 낮음(0.14)
포괄증자,mya_Mymr,အထွေထွေ သက်သေပါ။,저는 종합 증인입니다.,0.125,3.0,False,False,40,역번역 유사도 낮음(0.12)
포괄증자,tgl_Latn,Ang lahat ng mga saksi,모든 증인은,0.2,1.5,False,False,40,역번역 유사도 낮음(0.20)
포뮬러 플랜,vie_Latn,Kế hoạch Công thức,식의 계획,0.182,0.83,False,False,40,역번역 유사도 낮음(0.18)
포뮬러 플랜,tha_Thai,แผนสูตร,계획.,0.0,0.5,False,False,40,역번역 유사도 낮음(0.00)
포뮬러 플랜,mya_Mymr,ပုံသေအစီအစဉ်,일정한 스케줄,0.154,1.17,False,False,40,역번역 유사도 낮음(0.15)
포뮬러 플랜,tgl_Latn,Ang plano ng formula,공식의 계획,0.167,1.0,False,False,40,역번역 유사도 낮음(0.17)
포스트,vie_Latn,Bài đăng,게시물,0.0,1.0,False,False,40,역번역 유사도 낮음(0.00)
포스트,mya_Mymr,ပို့စ်။,올립니다.,0.0,1.67,False,False,40,역번역 유사도 낮음(0.00)
폭포효과,tha_Thai,ผลลูกโซ่,사슬의 결과,0.2,1.5,False,False,40,역번역 유사도 낮음(0.20)
표면이율,tgl_Latn,Ang rate ng pag-unlad ng lupa,지구의 발전률,0.0,1.75,False,False,40,역번역 유사도 낮음(0.00)
풀서비스 브로커,tha_Thai,บริษัทนายหน้าให้บริการครบวงจร,사장님 회사에서 모든 서비스를 제공합니다.,0.258,2.88,False,False,40,역번역 유사도 낮음(0.26)
풋 옵션,tha_Thai,สัญญาขาย,계약서,0.0,0.75,False,False,40,역번역 유사도 낮음(0.00)
풋 옵션,mya_Mymr,ခြေထောက် ရွေးချယ်မှု,다리 선택,0.222,1.25,False,False,40,역번역 유사도 낮음(0.22)
풋 옵션,tgl_Latn,Mga pagpipilian sa paa,발의 선택,0.222,1.25,False,False,40,역번역 유사도 낮음(0.22)
풋-콜 패리티,vie_Latn,Nguyên lý tương đương put-call,Put-call와 같은 원칙,0.182,2.14,False,False,40,역번역 유사도 낮음(0.18)
풋-콜 패리티,tha_Thai,ความสมดุลระหว่างราคาพุทและคอล,투과 콜의 균형입니다.,0.211,1.71,False,False,40,역번역 유사도 낮음(0.21)
풋-콜 패리티,tgl_Latn,Pagkakapantay ng Foot-Col.,피트 콜 (Foot-Col),0.182,2.14,False,False,40,역번역 유사도 낮음(0.18)
프로그램매매,tha_Thai,การซื้อขายด้วยอัลกอริทึม,알고리즘으로 거래하는 겁니다.,0.091,2.67,False,False,40,역번역 유사도 낮음(0.09)
프로그램매매,mya_Mymr,ပရိုဂရမ် ရောင်းဝယ်ခြင်း,소프트웨어 판매,0.286,1.33,False,False,40,역번역 유사도 낮음(0.29)
플로어 브로커,vie_Latn,Môi giới sàn giao dịch,거래소 거래소,0.143,1.0,False,False,40,역번역 유사도 낮음(0.14)
플로어 브로커,ind_Latn,Pialang Lantai,바닥 중개인,0.154,0.86,False,False,40,역번역 유사도 낮음(0.15)
플로어 브로커,tha_Thai,ผู้กลางการซื้อขายในตลาดเปิด,오픈마켓에서 거래 중개자,0.1,1.86,False,False,40,역번역 유사도 낮음(0.10)
플로어 브로커,mya_Mymr,ကြမ်းပြင် ရောင်းဝယ်သူ။,바닥 판매자입니다.,0.118,1.43,False,False,40,역번역 유사도 낮음(0.12)
필터기법,mya_Mymr,စစ်ဆေးနည်း,검증 방법,0.222,1.25,False,False,40,역번역 유사도 낮음(0.22)
핑크 쉬트,ind_Latn,Selimut Merah Muda,청색 담요,0.2,1.0,False,False,40,역번역 유사도 낮음(0.20)
한국선물거래소,tha_Thai,ตลาดสัญญาซื้อขายล่วงหน้าเกาหลี,한국의 사전 계약 시장,0.211,1.71,False,False,40,역번역 유사도 낮음(0.21)
한국자금중개주식회사,tgl_Latn,Pinasok ng Korea.,한국이 들어왔어,0.222,0.8,False,False,40,역번역 유사도 낮음(0.22)
할인발행,mya_Mymr,လျှော့စျေးခရီးစဉ်,저비용 여행,0.2,1.5,False,False,40,역번역 유사도 낮음(0.20)
할인상사,vie_Latn,Công ty bán hàng giảm giá,경매회사,0.25,1.0,False,False,40,역번역 유사도 낮음(0.25)
할인상사,tha_Thai,ร้านขายปลีกราคาถูก,소매는 저렴합니다.,0.0,2.5,False,False,40,역번역 유사도 낮음(0.00)
합병교부금,mya_Mymr,ပေါင်းစည်းမှု အလှူငွေပါ။,이것은 통합 자금입니다.,0.222,2.6,False,False,40,역번역 유사도 낮음(0.22)
합병기일,mya_Mymr,ပေါင်းစည်းခြင်းနေ့။,통합의 날입니다.,0.154,2.25,False,False,40,역번역 유사도 낮음(0.15)
합병기일,tgl_Latn,Araw ng pagsasama,결혼식 날,0.0,1.25,False,False,40,역번역 유사도 낮음(0.00)
합병비율,tha_Thai,อัตราส่วนการควบรวม,합률입니다.,0.2,1.5,False,False,40,역번역 유사도 낮음(0.20)
합병비율,tgl_Latn,Mga rate ng pagsasama,결혼율,0.286,0.75,False,False,40,역번역 유사도 낮음(0.29)
합병차익,mya_Mymr,ပေါင်းစည်းမှု အကျိုးအမြတ်,융합의 혜택,0.2,1.5,False,False,40,역번역 유사도 낮음(0.20)
합병차익,tgl_Latn,Mga kita sa pagsasama,결혼 수입,0.0,1.25,False,False,40,역번역 유사도 낮음(0.00)
핫머니,vie_Latn,Tiền nóng,뜨거운 돈,0.0,1.67,False,False,40,역번역 유사도 낮음(0.00)
핫머니,ind_Latn,Uang panas,뜨거운 돈,0.0,1.67,False,False,40,역번역 유사도 낮음(0.00)
핫머니,tha_Thai,เงินร้อน,뜨거운 돈,0.0,1.67,False,False,40,역번역 유사도 낮음(0.00)
핫머니,mya_Mymr,အမိုက်စား မမ။,멋지네요.,0.0,1.67,False,False,40,역번역 유사도 낮음(0.00)
핫머니,tgl_Latn,Hot mommy,뜨거운 엄마,0.0,2.0,False,False,40,역번역 유사도 낮음(0.00)
항상성장모형,vie_Latn,Mô hình phát triển liên tục,계속 발전하는 모델,0.125,1.67,False,False,40,역번역 유사도 낮음(0.12)
해외송금 수수료,mya_Mymr,နိုင်ငံခြားပို့ဆောင်မှု အခွန်,국제 배송 세금,0.25,1.0,False,False,40,역번역 유사도 낮음(0.25)
해외증권,mya_Mymr,နိုင်ငံခြားစာရွက်စာတမ်း,외국 문서,0.222,1.25,False,False,40,역번역 유사도 낮음(0.22)
헤지펀드,vie_Latn,Quỹ đầu cơ,가설기금,0.0,1.0,False,False,40,역번역 유사도 낮음(0.00)
현금관리계좌,mya_Mymr,ငွေကြေးစာရင်းပါ။,재무계산입니다.,0.143,1.33,False,False,40,역번역 유사도 낮음(0.14)
현물채,vie_Latn,Trái phiếu giao ngay,채권 발급,0.25,1.67,False,False,40,역번역 유사도 낮음(0.25)
현물채,tha_Thai,พันธบัตรสปอต,스팟 채권,0.25,1.67,False,False,40,역번역 유사도 낮음(0.25)
현물채,mya_Mymr,ငွေသားချေးငွေ။,현금 대출입니다.,0.167,3.0,False,False,40,역번역 유사도 낮음(0.17)
현물출자,vie_Latn,Đóng góp bằng tài sản hiện vật,재산을 기부하는 것,0.0,2.5,False,False,40,역번역 유사도 낮음(0.00)
현물출자,ind_Latn,Setoran dalam bentuk barang,물품의 형태로 저장,0.143,2.5,False,False,40,역번역 유사도 낮음(0.14)
현물출자,mya_Mymr,ပွင့်လင်းမြင်သာမှု,투명성,0.0,0.75,False,False,40,역번역 유사도 낮음(0.00)
현물출자,tgl_Latn,Ang pag-aalis.,떠나는 것.,0.0,1.5,False,False,40,역번역 유사도 낮음(0.00)
현물환거래,mya_Mymr,ငွေလဲလှယ်မှု။,교환입니다.,0.182,1.2,False,False,40,역번역 유사도 낮음(0.18)
현선매매,vie_Latn,Giao dịch theo giá thị trường,시장 가격에 거래,0.0,2.25,False,False,40,역번역 유사도 낮음(0.00)
현선매매,ind_Latn,Perdagangan Spot,스팟 거래,0.0,1.25,False,False,40,역번역 유사도 낮음(0.00)
현선매매,tha_Thai,การซื้อขายแบบสปอต,스포트 쇼핑,0.0,1.5,False,False,40,역번역 유사도 낮음(0.00)
현선매매,tgl_Latn,Pagbebenta sa telepono,전화 판매,0.222,1.25,False,False,40,역번역 유사도 낮음(0.22)
현지대리인,mya_Mymr,ဒေသခံ ကိုယ်စားလှယ်ပါ။,저는 지역주민의 대표입니다.,0.2,3.0,False,False,40,역번역 유사도 낮음(0.20)
현지보관기관,ind_Latn,Lembaga Penyimpanan Lokal,지역 저장소,0.167,1.0,False,False,40,역번역 유사도 낮음(0.17)
호가전예납,vie_Latn,Tiền đặt cọc trước khi đấu giá,경매 전에 보증금,0.143,1.8,False,False,40,역번역 유사도 낮음(0.14)
호가전예납,ind_Latn,Uang muka untuk pembelian rumah,주택 구매에 대한 보증금,0.0,2.6,False,False,40,역번역 유사도 낮음(0.00)
호가전예납,tha_Thai,เงินมัดจำสำหรับงานเลี้ยง,파티에 대한 보증금,0.0,2.0,False,False,40,역번역 유사도 낮음(0.00)
호가전예납,mya_Mymr,အိမ်က ငွေကြေးထောက်ပံ့မှု,가정에서 자금을 지원합니다.,0.1,3.0,False,False,40,역번역 유사도 낮음(0.10)
호가전예납,tgl_Latn,Ang pag-iingat ng bahay.,가정을 지키는 것.,0.133,2.0,False,False,40,역번역 유사도 낮음(0.13)
혼합보관,tha_Thai,พื้นที่เก็บของแบบผสม,복합 저장 공간,0.167,2.0,False,False,40,역번역 유사도 낮음(0.17)
혼합보관,mya_Mymr,ရောစပ်ထားတယ်။,섞여 있습니다.,0.0,2.0,False,False,40,역번역 유사도 낮음(0.00)
혼합주,mya_Mymr,ရောစပ်ထားတယ်။,섞여 있습니다.,0.0,2.67,False,False,40,역번역 유사도 낮음(0.00)
확정금리부증권,ind_Latn,Surat Utang dengan Suku Bunga Tetap,은 꽃과 채권,0.143,1.0,False,False,40,역번역 유사도 낮음(0.14)
확정금리부증권,mya_Mymr,ငွေကြေးထောက်ပံ့မှု အတည်ပြုစာရင်း,자금 지원 확인 목록,0.111,1.57,False,False,40,역번역 유사도 낮음(0.11)
확정금리부증권,tgl_Latn,Mga sertipikasyon ng pustahan.,도박장 인증서,0.143,1.0,False,False,40,역번역 유사도 낮음(0.14)
환 포지션,vie_Latn,Vị thế mua,구매자,0.0,0.6,False,False,40,역번역 유사도 낮음(0.00)
환 포지션,ind_Latn,Posisi Hwan,Hwan의 위치,0.154,1.6,False,False,40,역번역 유사도 낮음(0.15)
환 포지션,tha_Thai,ตำแหน่งของฮวาน,호반의 위치,0.182,1.2,False,False,40,역번역 유사도 낮음(0.18)
환 포지션,mya_Mymr,ဒေါင်လိုက်နေရာ,수직 위치,0.2,1.0,False,False,40,역번역 유사도 낮음(0.20)
환노출,mya_Mymr,ရောင်ပြန်ဟပ်မှု။,반사입니다.,0.0,2.0,False,False,40,역번역 유사도 낮음(0.00)
환노출,tgl_Latn,Pag-alis ng pag-alis,떠나는 떠나는,0.0,2.33,False,False,40,역번역 유사도 낮음(0.00)
환리스크,vie_Latn,Rủi ro hối đoái,외환 위험,0.222,1.25,False,False,40,역번역 유사도 낮음(0.22)
환리스크,ind_Latn,Risiko fluktuasi nilai tukar,환율 변동의 위험,0.154,2.25,False,False,40,역번역 유사도 낮음(0.15)
환리스크,tha_Thai,ความเสี่ยงด้านอัตราแลกเปลี่ยน,환율의 위험성,0.182,1.75,False,False,40,역번역 유사도 낮음(0.18)
환리스크,mya_Mymr,ခရမ်းချဉ်သီး။,토마토입니다.,0.0,1.75,False,False,40,역번역 유사도 낮음(0.00)
환리스크,tgl_Latn,Ang lahat ng ito.,이 모든 것.,0.0,1.75,False,False,40,역번역 유사도 낮음(0.00)
환어음,vie_Latn,Hối phiếu,유권자,0.0,1.0,False,False,40,역번역 유사도 낮음(0.00)
환어음,ind_Latn,wesel,웨젤,0.0,0.67,False,False,40,역번역 유사도 낮음(0.00)
환어음,tha_Thai,ตั๋วแลกเงิน,환불 티켓,0.25,1.67,False,False,40,역번역 유사도 낮음(0.25)
환어음,mya_Mymr,အော်ဟစ်သံ,울음소리,0.286,1.33,False,False,40,역번역 유사도 낮음(0.29)
환어음,tgl_Latn,Pag-uusap.,대화,0.0,0.67,False,False,40,역번역 유사도 낮음(0.00)
환취권,tgl_Latn,Mga karapatan sa paghinga,호흡의 권리,0.222,2.0,False,False,40,역번역 유사도 낮음(0.22)
회사정리법,tgl_Latn,Patakaran sa Korporasyon,법인 정책,0.2,1.0,False,False,40,역번역 유사도 낮음(0.20)
회사채,vie_Latn,Trái phiếu doanh nghiệp,기업 채권,0.25,1.67,False,False,40,역번역 유사도 낮음(0.25)
회사형 투자신탁,tgl_Latn,Mga kumpanyang pananaligang katiwalaan,신뢰할 수 있는 회사,0.211,1.38,False,False,40,역번역 유사도 낮음(0.21)
회원증권회사,mya_Mymr,အဖွဲ့ဝင်လိုင်စင်ကုမ္ပဏီ,멤버 라이선스 회사,0.25,1.67,False,False,40,역번역 유사도 낮음(0.25)
후배주,vie_Latn,Cổ phiếu của các công ty mới thành lập,신생 기업의 주식,0.167,3.0,False,False,40,역번역 유사도 낮음(0.17)
후배주,ind_Latn,Saham junior,소액 주식,0.25,1.67,False,False,40,역번역 유사도 낮음(0.25)
후배주,tha_Thai,หุ้น Junior,주식 주식 주식,0.182,2.67,False,False,40,역번역 유사도 낮음(0.18)
후배주,mya_Mymr,ဆက်ခံသူ။,후계자.,0.286,1.33,False,False,40,역번역 유사도 낮음(0.29)
후배주,tgl_Latn,Ang tagapagmana.,상속자,0.0,1.0,False,False,40,역번역 유사도 낮음(0.00)
후순위채,vie_Latn,Trái phiếu thứ cấp,2차 채권,0.222,1.25,False,False,40,역번역 유사도 낮음(0.22)
후순위채,ind_Latn,Obligasi subordinasi,부속 채권,0.222,1.25,False,False,40,역번역 유사도 낮음(0.22)
후순위채,tha_Thai,พันธบัตรชั้นรอง,제 2등급 증권,0.0,2.0,False,False,40,역번역 유사도 낮음(0.00)
후순위채,mya_Mymr,နောက်ဆက်တွဲ ဖြစ်စဉ်,그 후유증은,0.2,1.5,False,False,40,역번역 유사도 낮음(0.20)
ACG,mya_Mymr,ACG ပါ။,이것은 ACG입니다.,0.429,3.67,False,False,30,역번역 유사도 다소낮음(0.43); 길이비 이상(3.67)
CFA,mya_Mymr,CFA ပါ။,저는 CFA입니다.,0.462,3.33,False,False,30,역번역 유사도 다소낮음(0.46); 길이비 이상(3.33)
CMO,mya_Mymr,CMO ပါ။,저는 CMO입니다.,0.462,3.33,False,False,30,역번역 유사도 다소낮음(0.46); 길이비 이상(3.33)
DTC,mya_Mymr,DTC ပါ။,이것은 DTC입니다.,0.429,3.67,False,False,30,역번역 유사도 다소낮음(0.43); 길이비 이상(3.67)
ECF,mya_Mymr,ECF ပါ။,이것은 ECF입니다.,0.429,3.67,False,False,30,역번역 유사도 다소낮음(0.43); 길이비 이상(3.67)
EDR,mya_Mymr,EDR ပါ။,이것은 EDR입니다.,0.429,3.67,False,False,30,역번역 유사도 다소낮음(0.43); 길이비 이상(3.67)
EVA,mya_Mymr,EVA ပါ။,이것은 EVA입니다.,0.429,3.67,False,False,30,역번역 유사도 다소낮음(0.43); 길이비 이상(3.67)
IMF 8조국,vie_Latn,Quốc gia có khoản vay 8 nghìn tỷ từ IMF,이 나라는 IMF로부터 8조 달러를 빌렸습니다.,0.364,3.71,False,False,30,역번역 유사도 다소낮음(0.36); 길이비 이상(3.71)
IMF 8조국,ind_Latn,Negara dengan utang sebesar 8 triliun kepada IMF,IMF에 8조 달러의 빚을 지고 있는 나라,0.4,3.29,False,False,30,역번역 유사도 다소낮음(0.40); 길이비 이상(3.29)
M&A,tha_Thai,การควบรวมและซื้อกิจการ (M&A),합병 및 인수 (M&A),0.375,4.33,False,False,30,역번역 유사도 다소낮음(0.38); 길이비 이상(4.33)
RSI,mya_Mymr,RSI ပါ။,이것은 RSI입니다.,0.429,3.67,False,False,30,역번역 유사도 다소낮음(0.43); 길이비 이상(3.67)
tick,mya_Mymr,tick လို့ခေါ်ပါတယ်။,틱 (tick) 이라고 합니다.,0.381,4.25,False,False,30,역번역 유사도 다소낮음(0.38); 길이비 이상(4.25)
감자차익,vie_Latn,Lợi nhuận từ chênh lệch giá khoai tây,감자 가격 차이로부터의 이익,0.421,3.75,False,False,30,역번역 유사도 다소낮음(0.42); 길이비 이상(3.75)
감자차익,ind_Latn,Keuntungan dari selisih harga kentang,감자의 가격 차이의 장점,0.353,3.25,False,False,30,역번역 유사도 다소낮음(0.35); 길이비 이상(3.25)
경개,vie_Latn,Cảnh quan,풍경,0.5,1.0,True,False,30,is_short(2글자 이하)
경개,ind_Latn,Pemandangan,경관,0.5,1.0,True,False,30,is_short(2글자 이하)
경개,tha_Thai,ทัศนียภาพ,풍경,0.5,1.0,True,False,30,is_short(2글자 이하)
계약,vie_Latn,Hợp đồng,계약,1.0,1.0,True,False,30,is_short(2글자 이하)
계약,ind_Latn,Kontrak,계약,1.0,1.0,True,False,30,is_short(2글자 이하)
계약,tgl_Latn,Mga kontrata,계약,1.0,1.0,True,False,30,is_short(2글자 이하)
계좌대체,mya_Mymr,ငွေစာရင်း အစားထိုးပါ။,현금 계좌를 대체하세요.,0.471,3.25,False,False,30,역번역 유사도 다소낮음(0.47); 길이비 이상(3.25)
공개매수,vie_Latn,Chương trình mua lại cổ phiếu công khai,공개 주식 매수 프로그램,0.471,3.25,False,False,30,역번역 유사도 다소낮음(0.47); 길이비 이상(3.25)
공매도,mya_Mymr,လူသိရှင်ကြား လေလံတွေလည်း,공매매도 마찬가지죠.,0.429,3.67,False,False,30,역번역 유사도 다소낮음(0.43); 길이비 이상(3.67)
공채,vie_Latn,Tuyển dụng công khai,공개 채용,0.571,2.5,True,False,30,is_short(2글자 이하)
공채,tgl_Latn,Mga utang,부채,0.5,1.0,True,False,30,is_short(2글자 이하)
구주,vie_Latn,Chúa Cứu Thế,구세주님,0.667,2.0,True,False,30,is_short(2글자 이하)
국내장외거래,tha_Thai,การซื้อขายในตลาดภายในประเทศแบบไม่ผ่านผู้กลาง,중개자가 없는 국내 시장에서의 거래,0.4,3.17,False,False,30,역번역 유사도 다소낮음(0.40); 길이비 이상(3.17)
국채,mya_Mymr,နိုင်ငံတော် ကြွေးမြီ,국가 부채,0.571,2.5,True,False,30,is_short(2글자 이하)
권종,vie_Latn,Loại quyền,권한의 종류,0.5,3.0,True,False,30,is_short(2글자 이하)
권종,ind_Latn,Jenis Hak,권리의 종류,0.5,3.0,True,False,30,is_short(2글자 이하)
권종,tha_Thai,ประเภท,종류,0.5,1.0,True,False,30,is_short(2글자 이하)
기간구조,tha_Thai,โครงสร้างที่ขึ้นอยู่กับเวลา,시간에 의존하는 구조입니다.,0.316,3.75,False,False,30,역번역 유사도 다소낮음(0.32); 길이비 이상(3.75)
대권,mya_Mymr,အချုပ်အခြာအာဏာ,주권,0.5,1.0,True,False,30,is_short(2글자 이하)
대주비율,vie_Latn,Tỷ lệ nợ trên vốn chủ sở hữu,소유자 자본에 대한 부채 비율,0.3,4.0,False,False,30,역번역 유사도 다소낮음(0.30); 길이비 이상(4.00)
딜러,ind_Latn,Dealer,딜러,1.0,1.0,True,False,30,is_short(2글자 이하)
딜러,tgl_Latn,Ang dealer.,딜러,1.0,1.0,True,False,30,is_short(2글자 이하)
매출,vie_Latn,Doanh thu,매출,1.0,1.0,True,False,30,is_short(2글자 이하)
매출,mya_Mymr,ရောင်းအား,판매,0.5,1.0,True,False,30,is_short(2글자 이하)
매출,tgl_Latn,Mga benta,판매,0.5,1.0,True,False,30,is_short(2글자 이하)
모집,mya_Mymr,စုဆောင်းခြင်း,모집,1.0,1.0,True,False,30,is_short(2글자 이하)
배당,vie_Latn,Cổ tức,배당,1.0,1.0,True,False,30,is_short(2글자 이하)
배당,ind_Latn,Pembagian dividen,배당,1.0,1.0,True,False,30,is_short(2글자 이하)
배당,tha_Thai,เงินปันผล,배당금,0.8,1.5,True,False,30,is_short(2글자 이하)
배서,vie_Latn,Chữ ký,서명,0.5,1.0,True,False,30,is_short(2글자 이하)
법정관리,tha_Thai,การบริหารภายใต้การกำกับดูแลของศาล,법원의 관리를 받는 행정부,0.333,3.5,False,False,30,역번역 유사도 다소낮음(0.33); 길이비 이상(3.50)
병행증자,ind_Latn,Penambahan modal secara paralel,병행적으로 자본을 추가합니다.,0.3,4.0,False,False,30,역번역 유사도 다소낮음(0.30); 길이비 이상(4.00)
보관위험,mya_Mymr,ထိန်းသိမ်းမှု အန္တရာယ်။,보존의 위험이 있습니다.,0.353,3.25,False,False,30,역번역 유사도 다소낮음(0.35); 길이비 이상(3.25)
비전형계약,mya_Mymr,လျှပ်စစ်မဟုတ်တဲ့ စာချုပ်ပါ။,이것은 비전자적인 계약입니다.,0.381,3.2,False,False,30,역번역 유사도 다소낮음(0.38); 길이비 이상(3.20)
빅뱅,vie_Latn,Big Bang,빅뱅,1.0,1.0,True,False,30,is_short(2글자 이하)
빅뱅,ind_Latn,Big Bang,빅뱅,1.0,1.0,True,False,30,is_short(2글자 이하)
빅뱅,tha_Thai,บิ๊กแบง,빅뱅,1.0,1.0,True,False,30,is_short(2글자 이하)
빅뱅,mya_Mymr,မဟာပေါက်ကွဲမှုပါ။,빅뱅입니다.,0.5,3.0,True,False,30,is_short(2글자 이하)
빅뱅,tgl_Latn,Big Bang.,빅뱅,1.0,1.0,True,False,30,is_short(2글자 이하)
상환,vie_Latn,Hoàn trả,환불,0.5,1.0,True,False,30,is_short(2글자 이하)
실권주,ind_Latn,Saham tanpa hak suara,투표권이 없는 주식,0.308,3.33,False,False,30,역번역 유사도 다소낮음(0.31); 길이비 이상(3.33)
어카운트 결제,mya_Mymr,ငွေပေးချေမှု,결제,0.444,0.29,False,False,30,역번역 유사도 다소낮음(0.44); 길이비 이상(0.29)
어카운트 결제,tgl_Latn,Pagbabayad ng account,결제,0.444,0.29,False,False,30,역번역 유사도 다소낮음(0.44); 길이비 이상(0.29)
예탁,tha_Thai,เงินฝาก,예금,0.5,1.0,True,False,30,is_short(2글자 이하)
옵션,ind_Latn,Opsi,옵션,1.0,1.0,True,False,30,is_short(2글자 이하)
외부금융,tha_Thai,แหล่งเงินทุนจากภายนอก,외부에서 자금을 조달합니다.,0.316,3.75,False,False,30,역번역 유사도 다소낮음(0.32); 길이비 이상(3.75)
유로,vie_Latn,Euro,유로,1.0,1.0,True,False,30,is_short(2글자 이하)
유로,ind_Latn,Euro,유로,1.0,1.0,True,False,30,is_short(2글자 이하)
유로,tha_Thai,ยูโร,유로,1.0,1.0,True,False,30,is_short(2글자 이하)
유로,mya_Mymr,ယူရို,유로,1.0,1.0,True,False,30,is_short(2글자 이하)
유로,tgl_Latn,Euro,유로,1.0,1.0,True,False,30,is_short(2글자 이하)
인수,ind_Latn,Pengambilalihan,인수,1.0,1.0,True,False,30,is_short(2글자 이하)
인수,tha_Thai,การเข้าซื้อกิจการ,인수합병,0.667,2.0,True,False,30,is_short(2글자 이하)
임치,vie_Latn,Lâm Chi,린치,0.5,1.0,True,False,30,is_short(2글자 이하)
입금,tha_Thai,เงินฝาก,예금,0.5,1.0,True,False,30,is_short(2글자 이하)
자산주,tha_Thai,หุ้นที่มีสินทรัพย์เป็นหลักประกัน,자산을 담보로 하는 주식,0.375,4.33,False,False,30,역번역 유사도 다소낮음(0.38); 길이비 이상(4.33)
잔액,vie_Latn,Số dư,잔액,1.0,1.0,True,False,30,is_short(2글자 이하)
잔액,ind_Latn,Saldo,잔액,1.0,1.0,True,False,30,is_short(2글자 이하)
점유,vie_Latn,Chiếm hữu,소유,0.5,1.0,True,False,30,is_short(2글자 이하)
점유,tha_Thai,การครอบครอง,점령,0.5,1.0,True,False,30,is_short(2글자 이하)
주권,vie_Latn,Chủ quyền,주권,1.0,1.0,True,False,30,is_short(2글자 이하)
주권,ind_Latn,Kedaulatan,주권,1.0,1.0,True,False,30,is_short(2글자 이하)
주권,tgl_Latn,Soberanya,주권,1.0,1.0,True,False,30,is_short(2글자 이하)
주주,vie_Latn,Cổ đông,주식,0.5,1.0,True,False,30,is_short(2글자 이하)
주주,ind_Latn,Pemegang saham,주주,1.0,1.0,True,False,30,is_short(2글자 이하)
주주,tha_Thai,ผู้ถือหุ้น,주주,1.0,1.0,True,False,30,is_short(2글자 이하)
주주,mya_Mymr,ရှယ်ယာရှင်။,주주:,0.8,1.5,True,False,30,is_short(2글자 이하)
주주,tgl_Latn,Ang mga shareholder,주주들,0.8,1.5,True,False,30,is_short(2글자 이하)
직접금융,tha_Thai,การจัดหาเงินทุนโดยตรง,직접적인 자금 조달입니다.,0.333,3.5,False,False,30,역번역 유사도 다소낮음(0.33); 길이비 이상(3.50)
질권,mya_Mymr,အရည်အသွေး,자질,0.5,1.0,True,False,30,is_short(2글자 이하)
차감,ind_Latn,Pengurangan,감축,0.5,1.0,True,False,30,is_short(2글자 이하)
채권,vie_Latn,Trái phiếu,채권,1.0,1.0,True,False,30,is_short(2글자 이하)
채권,ind_Latn,Obligasi,채권,1.0,1.0,True,False,30,is_short(2글자 이하)
채권,tgl_Latn,Mga utang,부채,0.5,1.0,True,False,30,is_short(2글자 이하)
청산,ind_Latn,Likuidasi,청산,1.0,1.0,True,False,30,is_short(2글자 이하)
콜,mya_Mymr,ကိုလ်။,콜:,0.667,2.0,True,False,30,is_short(2글자 이하)
콜,tgl_Latn,Si Cole.,콜,1.0,1.0,True,False,30,is_short(2글자 이하)
텀론,vie_Latn,Thumlon,론,0.667,0.5,True,False,30,is_short(2글자 이하)
텀론,tgl_Latn,Tumron.,토론,0.5,1.0,True,False,30,is_short(2글자 이하)
헤징,ind_Latn,Hedging,헤딩,0.5,1.0,True,False,30,is_short(2글자 이하)
헤징,mya_Mymr,ဟက်ဂျင်း,헤이징,0.8,1.5,True,False,30,is_short(2글자 이하)
환노출,vie_Latn,Tiếp xúc với ánh sáng mặt trời,햇빛에 노출되는 것,0.308,3.33,False,False,30,역번역 유사도 다소낮음(0.31); 길이비 이상(3.33)
환율,vie_Latn,Tỷ giá hối đoái,환율,1.0,1.0,True,False,30,is_short(2글자 이하)
환율,ind_Latn,Nilai tukar,환율,1.0,1.0,True,False,30,is_short(2글자 이하)
환율,tha_Thai,อัตราแลกเปลี่ยน,환율,1.0,1.0,True,False,30,is_short(2글자 이하)
환율,mya_Mymr,ငွေလဲနှုန်း,환율,1.0,1.0,True,False,30,is_short(2글자 이하)
환율,tgl_Latn,Mga rate ng palitan,환율,1.0,1.0,True,False,30,is_short(2글자 이하)
환전,mya_Mymr,ငွေလဲလှယ်မှု,교환,0.5,1.0,True,False,30,is_short(2글자 이하)
회사분할,mya_Mymr,ကုမ္ပဏီခွဲဖို့ပါ။,회사를 분할하기 위해서죠.,0.444,3.5,False,False,30,역번역 유사도 다소낮음(0.44); 길이비 이상(3.50)
CDS,vie_Latn,CDS,CDS,1.0,1.0,False,True,20,is_dup(다의어)
CDS,vie_Latn,CDS,CDS,1.0,1.0,False,True,20,is_dup(다의어)
CDS,ind_Latn,CDS,CDS,1.0,1.0,False,True,20,is_dup(다의어)
CDS,ind_Latn,CDS,CDS,1.0,1.0,False,True,20,is_dup(다의어)
CDS,tha_Thai,CDS,CDS,1.0,1.0,False,True,20,is_dup(다의어)
CDS,tha_Thai,CDS,CDS,1.0,1.0,False,True,20,is_dup(다의어)
CDS,mya_Mymr,CDS ပါ။,CDS입니다.,0.6,2.33,False,True,20,is_dup(다의어)
CDS,mya_Mymr,CDS ပါ။,CDS입니다.,0.6,2.33,False,True,20,is_dup(다의어)
FORM 3,ind_Latn,FORM 3,양식 3,0.4,0.67,False,False,20,역번역 유사도 다소낮음(0.40)
FORM 4,ind_Latn,FORMULIR 4,양식 4,0.4,0.67,False,False,20,역번역 유사도 다소낮음(0.40)
FORM 8-K,vie_Latn,MẪU 8-K,8K로요,0.333,0.5,False,False,20,역번역 유사도 다소낮음(0.33)
IMF 구제금융,ind_Latn,Bantuan Keuangan IMF,IMF 재정 지원,0.471,1.12,False,False,20,역번역 유사도 다소낮음(0.47)
IMF 구제금융,tha_Thai,แผนช่วยเหลือทางการเงินจาก IMF,IMF의 재정 지원 계획입니다.,0.32,2.12,False,False,20,역번역 유사도 다소낮음(0.32)
ISIN,vie_Latn,ISIN,ISIN,1.0,1.0,False,True,20,is_dup(다의어)
ISIN,vie_Latn,ISIN,ISIN,1.0,1.0,False,True,20,is_dup(다의어)
ISIN,tha_Thai,ISIN,ISIN,1.0,1.0,False,True,20,is_dup(다의어)
ISIN,tha_Thai,ISIN,ISIN,1.0,1.0,False,True,20,is_dup(다의어)
ISIN,mya_Mymr,ISIN,ISIN,1.0,1.0,False,True,20,is_dup(다의어)
ISIN,mya_Mymr,ISIN,ISIN,1.0,1.0,False,True,20,is_dup(다의어)
SAFE 21,tha_Thai,SAFE 21,안전 21호,0.462,0.86,False,False,20,역번역 유사도 다소낮음(0.46)
SCHEDULE 13D,ind_Latn,JADWAL 13D,스케줄 13D,0.421,0.58,False,False,20,역번역 유사도 다소낮음(0.42)
SCHEDULE 13D,tha_Thai,แบบฟอร์ม 13D,13D 형식,0.333,0.5,False,False,20,역번역 유사도 다소낮음(0.33)
SCHEDULE 13D,mya_Mymr,SCHEDULE ၁၃D,스케줄 13D,0.421,0.58,False,False,20,역번역 유사도 다소낮음(0.42)
가격역지정 주문,vie_Latn,Lệnh đặt giá ngược,가격 정반대의 명령,0.444,1.25,False,False,20,역번역 유사도 다소낮음(0.44)
가격역지정 주문,tha_Thai,คำสั่งหยุด-จำกัด,정지 명령,0.308,0.62,False,False,20,역번역 유사도 다소낮음(0.31)
가격제한폭,vie_Latn,Mức dao động giá tối đa,최대 가격 변동,0.308,1.6,False,False,20,역번역 유사도 다소낮음(0.31)
가격제한폭,mya_Mymr,ကုန်ကျစရိတ် ကန့်သတ်ချက်,비용 제한,0.4,1.0,False,False,20,역번역 유사도 다소낮음(0.40)
가교은행,tha_Thai,ธนาคารสะพาน,브릿지 은행,0.4,1.5,False,False,20,역번역 유사도 다소낮음(0.40)
가교은행,mya_Mymr,ချိတ်ဆက်ရေး ဘဏ်,연결 은행,0.444,1.25,False,False,20,역번역 유사도 다소낮음(0.44)
간사단,tha_Thai,คณะกรรมการอำนวยการ,이사회,0.333,1.0,False,False,20,역번역 유사도 다소낮음(0.33)
간사회사,vie_Latn,Công ty quản lý quỹ,펀드 관리 회사,0.333,2.0,False,False,20,역번역 유사도 다소낮음(0.33)
간사회사,ind_Latn,Perusahaan Pengelola,관리 회사,0.444,1.25,False,False,20,역번역 유사도 다소낮음(0.44)
간접공시,vie_Latn,Công bố gián tiếp,간접 발표,0.444,1.25,False,False,20,역번역 유사도 다소낮음(0.44)
간접공시,ind_Latn,Pengungkapan tidak langsung,간접적인 폭로,0.364,1.75,False,False,20,역번역 유사도 다소낮음(0.36)
간접모집,vie_Latn,Tuyển dụng gián tiếp,간접 채용,0.444,1.25,False,False,20,역번역 유사도 다소낮음(0.44)
간접모집,ind_Latn,Perekrutan tidak langsung,간접적인 채용,0.364,1.75,False,False,20,역번역 유사도 다소낮음(0.36)
간접모집,tgl_Latn,Hindi direktang pag-aalaga,간접적인 돌봄,0.364,1.75,False,False,20,역번역 유사도 다소낮음(0.36)
간접발행,vie_Latn,Phát hành gián tiếp,간접 배포,0.444,1.25,False,False,20,역번역 유사도 다소낮음(0.44)
간접발행,ind_Latn,Penerbitan tidak langsung,간접 출판,0.444,1.25,False,False,20,역번역 유사도 다소낮음(0.44)
간접점유,tha_Thai,การถือครองทางอ้อม,우회적인 점유,0.364,1.75,False,False,20,역번역 유사도 다소낮음(0.36)
간접점유,tgl_Latn,Hindi direktang pag-inom,간접적인 음주,0.364,1.75,False,False,20,역번역 유사도 다소낮음(0.36)
감리대상종목,vie_Latn,Các mặt hàng thuộc đối tượng giám sát,감시 대상 물품,0.429,1.33,False,False,20,역번역 유사도 다소낮음(0.43)
감자차익,tgl_Latn,Ang mga patatas na tsokolate,초콜릿 감자,0.4,1.5,False,False,20,역번역 유사도 다소낮음(0.40)
감채기금부채권,vie_Latn,Trái phiếu từ Quỹ hỗ trợ nông nghiệp,농업 지원 기금의 채권,0.421,1.71,False,False,20,역번역 유사도 다소낮음(0.42)
감채기금부채권,tgl_Latn,Mga utang na may utang,부채와 부채,0.308,0.86,False,False,20,역번역 유사도 다소낮음(0.31)
강세장,mya_Mymr,ဗိုလ်ချုပ်ကြီး။,장군님,0.333,1.0,False,False,20,역번역 유사도 다소낮음(0.33)
강제매수,mya_Mymr,အတင်းအကျပ် ရောင်းဝယ်သူ။,강제매매자입니다.,0.462,2.25,False,False,20,역번역 유사도 다소낮음(0.46)
강제매수,tgl_Latn,Pinipilit na mangangalakal,강제적인 무역,0.364,1.75,False,False,20,역번역 유사도 다소낮음(0.36)
개발신탁,vie_Latn,Quỹ phát triển,개발 기금,0.444,1.25,False,False,20,역번역 유사도 다소낮음(0.44)
개발신탁,tha_Thai,มูลนิธิพัฒนา,개발 재단,0.444,1.25,False,False,20,역번역 유사도 다소낮음(0.44)
개방식 담보사채,tgl_Latn,Bukas na garantiya,공짜 보증,0.308,0.62,False,False,20,역번역 유사도 다소낮음(0.31)
개방형 리포,vie_Latn,Báo cáo mở,공개된 보고서,0.308,1.17,False,False,20,역번역 유사도 다소낮음(0.31)
개방형 리포,ind_Latn,Laporan Terbuka,공개된 보고서,0.308,1.17,False,False,20,역번역 유사도 다소낮음(0.31)
개방형 리포,tha_Thai,รายงานแบบเปิด,공개된 보고서,0.308,1.17,False,False,20,역번역 유사도 다소낮음(0.31)
개방형 리포,tgl_Latn,Bukas na ulat,공개된 보고서,0.308,1.17,False,False,20,역번역 유사도 다소낮음(0.31)
개방형 투자신탁,tha_Thai,กองทุนลงทุนแบบเปิด,오픈소스 투자펀드,0.353,1.12,False,False,20,역번역 유사도 다소낮음(0.35)
개별경쟁매매,ind_Latn,Transaksi Lelang Kompetitif Individual,개인 경쟁 경매 거래,0.471,1.83,False,False,20,역번역 유사도 다소낮음(0.47)
개별경쟁매매,mya_Mymr,တစ်ဦးချင်း ပြိုင်ပွဲ,개인 경주,0.364,0.83,False,False,20,역번역 유사도 다소낮음(0.36)
개시증거금,vie_Latn,Khoản ký quỹ ban đầu,초기 보증금,0.364,1.2,False,False,20,역번역 유사도 다소낮음(0.36)
개시증거금,tgl_Latn,Ang pambungad na katibayan,첫 번째 증거,0.333,1.4,False,False,20,역번역 유사도 다소낮음(0.33)
거래내역,ind_Latn,Riwayat Transaksi,거래 기록,0.444,1.25,False,False,20,역번역 유사도 다소낮음(0.44)
거래내역,tgl_Latn,Mga panuntunan sa kalakalan,거래 규칙,0.444,1.25,False,False,20,역번역 유사도 다소낮음(0.44)
거래성립률,tha_Thai,อัตราความสำเร็จของธุรกรรม,사업의 성공률,0.333,1.4,False,False,20,역번역 유사도 다소낮음(0.33)
거래소 시장,mya_Mymr,ငွေလဲလှယ်စျေးကွက်,외환시장,0.4,0.67,False,False,20,역번역 유사도 다소낮음(0.40)
거래소 회원,tgl_Latn,Mga kasapi ng palitan,교환의 일원,0.333,1.0,False,False,20,역번역 유사도 다소낮음(0.33)
건설이자,ind_Latn,Bunga pinjaman konstruksi,건설금 대출금,0.364,1.75,False,False,20,역번역 유사도 다소낮음(0.36)
겐사끼시장,mya_Mymr,ကျားသစ်စျေးကွက်။,호랑이 시장,0.364,1.2,False,False,20,역번역 유사도 다소낮음(0.36)
겐사끼시장,tgl_Latn,Mercado ng Genes.,유전자 시장,0.364,1.2,False,False,20,역번역 유사도 다소낮음(0.36)
격탁매매,tha_Thai,การซื้อขายแบบบล็อก,블록 매매,0.444,1.25,False,False,20,역번역 유사도 다소낮음(0.44)
결산보고서,mya_Mymr,ငွေပေးချေမှု အစီရင်ခံစာမှာ,트랜잭션 보고서는,0.429,1.8,False,False,20,역번역 유사도 다소낮음(0.43)
결제기구,tha_Thai,ระบบการชำระเงิน,결제 시스템,0.4,1.5,False,False,20,역번역 유사도 다소낮음(0.40)
결제기구,mya_Mymr,ငွေပေးချေရေး ကိရိယာ,결제 수단,0.444,1.25,False,False,20,역번역 유사도 다소낮음(0.44)
결제기구,tgl_Latn,Mga aparato ng pagbabayad,결제 장치,0.444,1.25,False,False,20,역번역 유사도 다소낮음(0.44)
결제대금주선제도,ind_Latn,Sistem Penyediaan Dana Pembayaran,결제금융시스템,0.4,0.88,False,False,20,역번역 유사도 다소낮음(0.40)
결제리스크 관리제도,vie_Latn,Hệ thống quản lý rủi ro thanh toán,결제 위험 관리 시스템,0.455,1.2,False,False,20,역번역 유사도 다소낮음(0.45)
결제리스크 관리제도,ind_Latn,Sistem Pengelolaan Risiko Pembayaran,결제 위험 관리 시스템,0.455,1.2,False,False,20,역번역 유사도 다소낮음(0.45)
결제불이행거래,vie_Latn,Giao dịch không thanh toán,결제되지 않은 거래,0.471,1.43,False,False,20,역번역 유사도 다소낮음(0.47)
결제불이행거래,ind_Latn,Transaksi yang Tidak Dibayar,지불되지 않은 거래,0.353,1.43,False,False,20,역번역 유사도 다소낮음(0.35)
결제불이행거래,mya_Mymr,ငွေပေးချေမှုမရှိတဲ့ ကုန်သွယ်မှု,결제 없는 거래입니다.,0.421,1.71,False,False,20,역번역 유사도 다소낮음(0.42)
결제위험의 비대칭성,tha_Thai,ความไม่สมดุลในความเสี่ยงจากการชำระหนี้,부채의 위험 불균형,0.3,1.0,False,False,20,역번역 유사도 다소낮음(0.30)
결제은행제도,ind_Latn,Sistem Bank Penyelenggara Pembayaran,결제 처리 은행 시스템,0.444,2.0,False,False,20,역번역 유사도 다소낮음(0.44)
결제은행제도,tgl_Latn,Ang sistema ng pagbabayad.,결제 시스템.,0.308,1.17,False,False,20,역번역 유사도 다소낮음(0.31)
결제적체현상,vie_Latn,Tình trạng ùn tắc thanh toán,결제 정지 상태,0.429,1.33,False,False,20,역번역 유사도 다소낮음(0.43)
결제적체현상,ind_Latn,Fenomena penumpukan pembayaran,지불의 축적 현상,0.4,1.5,False,False,20,역번역 유사도 다소낮음(0.40)
결제후 업무처리,vie_Latn,Xử lý công việc sau khi thanh toán,지불 후 작업 처리,0.556,1.25,False,True,20,is_dup(다의어)
결제후 업무처리,vie_Latn,Xử lý công việc sau khi thanh toán,지불 후 작업 처리,0.556,1.25,False,True,20,is_dup(다의어)
결제후 업무처리,ind_Latn,Proses setelah pembayaran,지불 후 처리,0.533,0.88,False,True,20,is_dup(다의어)
결제후 업무처리,ind_Latn,Proses setelah pembayaran,지불 후 처리,0.533,0.88,False,True,20,is_dup(다의어)
겸업주의,mya_Mymr,အစုရှယ်ယာသမား,주주,0.333,0.5,False,False,20,역번역 유사도 다소낮음(0.33)
경개적 차감,tgl_Latn,Ang pag-iipon ng pag-iipon,축적 축적,0.364,0.83,False,False,20,역번역 유사도 다소낮음(0.36)
경기종합지수,ind_Latn,Indeks Komposit Gyeonggi,기 합성 지표,0.462,1.17,False,False,20,역번역 유사도 다소낮음(0.46)
경기종합지수,tha_Thai,ดัชนีเศรษฐกิจแบบองค์รวม,종합 경제 지표입니다.,0.333,2.0,False,False,20,역번역 유사도 다소낮음(0.33)
경쟁매매,vie_Latn,Giao dịch cạnh tranh,경쟁적인 거래,0.364,1.75,False,False,20,역번역 유사도 다소낮음(0.36)
경쟁매매,mya_Mymr,ယှဉ်ပြိုင်မှု အရောင်းအဝယ်,경쟁적인 도박,0.364,1.75,False,False,20,역번역 유사도 다소낮음(0.36)
경쟁매매,tgl_Latn,Pagbebenta ng kumpetisyon,경쟁을 팔기,0.4,1.5,False,False,20,역번역 유사도 다소낮음(0.40)
계약형투자신탁,tha_Thai,กองทุนลงทุนตามสัญญา,계약에 따라 투자합니다.,0.4,1.86,False,False,20,역번역 유사도 다소낮음(0.40)
계약형투자신탁,tgl_Latn,Mga kontrata sa pamumuhunan.,투자 계약,0.333,0.71,False,False,20,역번역 유사도 다소낮음(0.33)
계절주,vie_Latn,Rượu theo mùa,계절별 와인,0.444,2.0,False,False,20,역번역 유사도 다소낮음(0.44)
계절주,ind_Latn,Minuman musiman,계절의 음료,0.444,2.0,False,False,20,역번역 유사도 다소낮음(0.44)
계절주,tha_Thai,เครื่องดื่มตามฤดูกาล,계절별 음료,0.444,2.0,False,False,20,역번역 유사도 다소낮음(0.44)
계좌대체,tha_Thai,การเปลี่ยนบัญชี,계좌 변경,0.444,1.25,False,False,20,역번역 유사도 다소낮음(0.44)
계좌이체,ind_Latn,Transfer rekening,계좌 송금,0.444,1.25,False,False,20,역번역 유사도 다소낮음(0.44)
계좌이체,tgl_Latn,Ang paglilipat ng account,계좌를 옮기는 것,0.308,2.25,False,False,20,역번역 유사도 다소낮음(0.31)
계좌해지,tha_Thai,การปิดบัญชี,계좌 폐쇄,0.444,1.25,False,False,20,역번역 유사도 다소낮음(0.44)
고객계좌부,tha_Thai,บัญชีลูกหนี้,부채 계좌,0.4,1.0,False,False,20,역번역 유사도 다소낮음(0.40)
고객계좌부,mya_Mymr,ဖောက်သည်စာရင်းဌာန။,고객 목록 부서입니다.,0.353,2.4,False,False,20,역번역 유사도 다소낮음(0.35)
고객계좌자동이전서비스,tgl_Latn,Mga customer account na awtomatikong serbisyo.,자동 서비스 고객 계정,0.435,1.09,False,False,20,역번역 유사도 다소낮음(0.43)
고객예탁금 이용료,ind_Latn,Biaya Penggunaan Dana Simpanan Nasabah,고객의 저축금을 사용하는 비용,0.4,1.78,False,False,20,역번역 유사도 다소낮음(0.40)
고객예탁분,vie_Latn,Số tiền ký quỹ của khách hàng,고객들의 보증금,0.308,1.6,False,False,20,역번역 유사도 다소낮음(0.31)
고객예탁분,tha_Thai,เงินฝากของลูกค้า,고객들의 보증금,0.308,1.6,False,False,20,역번역 유사도 다소낮음(0.31)
고객예탁증권,tgl_Latn,Mga pasilidad ng customer.,고객 시설.,0.333,1.0,False,False,20,역번역 유사도 다소낮음(0.33)
고오든 모형,tgl_Latn,Ang modelo ng Gooden.,구든의 모델입니다.,0.375,1.67,False,False,20,역번역 유사도 다소낮음(0.38)
고정환율제도,mya_Mymr,ငွေလဲနှုန်း သတ်မှတ်စနစ်,환율 시스템,0.333,1.0,False,False,20,역번역 유사도 다소낮음(0.33)
공개/발성호가,ind_Latn,Dipublikasikan oleh/Balsung Ho-go,출간자: 발성 호고,0.353,1.43,False,False,20,역번역 유사도 다소낮음(0.35)
공개매수설명서,ind_Latn,Prospektus Penawaran Umum,공인중개 서포트,0.4,1.14,False,False,20,역번역 유사도 다소낮음(0.40)
공개매수신고서,vie_Latn,Thông báo chào mua công khai,공개 제안서,0.462,0.86,False,False,20,역번역 유사도 다소낮음(0.46)
공개매수신고서,ind_Latn,Laporan Penawaran Umum,공모사업 보고서,0.4,1.14,False,False,20,역번역 유사도 다소낮음(0.40)
공개매수신고서,tgl_Latn,Sa pamamagitan ng pagbebenta sa publiko.,공공판매를 통해서요.,0.333,1.57,False,False,20,역번역 유사도 다소낮음(0.33)
공기업,tgl_Latn,Airline,항공사,0.333,1.0,False,False,20,역번역 유사도 다소낮음(0.33)
공동간사회사,tgl_Latn,Mga panlipunang panlipunan,사회적 관계,0.333,1.0,False,False,20,역번역 유사도 다소낮음(0.33)
공동지배인,vie_Latn,Người đồng quản lý,공동 관리자,0.364,1.2,False,False,20,역번역 유사도 다소낮음(0.36)
공동지배인,ind_Latn,Pengelola Bersama,공동 관리자,0.364,1.2,False,False,20,역번역 유사도 다소낮음(0.36)
공동지배인,tha_Thai,ผู้จัดการร่วม,공동 관리자,0.364,1.2,False,False,20,역번역 유사도 다소낮음(0.36)
공동지배인,tgl_Latn,Ang co-host.,공동 주최자,0.364,1.2,False,False,20,역번역 유사도 다소낮음(0.36)
공모부대서비스회사,vie_Latn,Công ty cung cấp dịch vụ hỗ trợ cho các đơn vị tham gia đấu thầu,입찰 유닛에 대한 지원 서비스를 제공하는 회사,0.353,2.78,False,False,20,역번역 유사도 다소낮음(0.35)
공모부대서비스회사,ind_Latn,Perusahaan Penyedia Layanan untuk Unit Militer,군대에 서비스를 제공하는 회사,0.48,1.78,False,False,20,역번역 유사도 다소낮음(0.48)
공모부대서비스회사,tgl_Latn,Kumpanya ng Serbisyong Pampublikong,공무원 회사,0.4,0.67,False,False,20,역번역 유사도 다소낮음(0.40)
공모증자,mya_Mymr,လက်တွဲသက်သေ။,공동 증인입니다.,0.308,2.25,False,False,20,역번역 유사도 다소낮음(0.31)
공모채,vie_Latn,Trái phiếu phát hành công khai,공개 발행 채권,0.364,2.67,False,False,20,역번역 유사도 다소낮음(0.36)
공사채등록법,tgl_Latn,Ang Batas sa Pagrehistro ng Debate,토론 등록 법,0.462,1.17,False,False,20,역번역 유사도 다소낮음(0.46)
공사채형투자신탁,vie_Latn,Quỹ đầu tư trái phiếu doanh nghiệp,기업 채권 투자 기금,0.316,1.38,False,False,20,역번역 유사도 다소낮음(0.32)
공사채형투자신탁,tha_Thai,กองทุนลงทุนในพันธบัตรสาธารณะ,펀드는 공채에 투자합니다.,0.364,1.75,False,False,20,역번역 유사도 다소낮음(0.36)
공사채형투자신탁,mya_Mymr,စီမံကိန်းဆိုင်ရာ ရင်းနှီးမြှုပ်နှံမှု ယုံကြည်မှု။,프로젝트 투자 신뢰.,0.316,1.38,False,False,20,역번역 유사도 다소낮음(0.32)
공시최고,ind_Latn,Pengumuman Tertinggi,최고의 발표,0.4,1.5,False,False,20,역번역 유사도 다소낮음(0.40)
공신의 원칙,ind_Latn,Prinsip Penghargaan kepada Pahlawan,영웅을 기리는 원칙,0.375,1.67,False,False,20,역번역 유사도 다소낮음(0.38)
공신의 원칙,mya_Mymr,နတ်သမီးရဲ့ မူဝါဒ,요정들의 정책,0.308,1.17,False,False,20,역번역 유사도 다소낮음(0.31)
공인중개인,vie_Latn,Môi giới bất động sản được cấp phép,허가를 받은 부동산 중개인,0.316,2.8,False,False,20,역번역 유사도 다소낮음(0.32)
공인중개인,tha_Thai,ผู้แทนอสังหาริมทรัพย์ที่ได้รับการรับรอง,공인 부동산 대리인,0.4,2.0,False,False,20,역번역 유사도 다소낮음(0.40)
공인중개인,mya_Mymr,လူသိရှင်ကြား,공개적으로요.,0.333,1.4,False,False,20,역번역 유사도 다소낮음(0.33)
공정할인율,ind_Latn,Tingkat diskon yang wajar,합리적인 할인율,0.462,1.6,False,False,20,역번역 유사도 다소낮음(0.46)
공정할인율,tgl_Latn,Ang mga patas na rate,공평한 비율,0.364,1.2,False,False,20,역번역 유사도 다소낮음(0.36)
관계회사,ind_Latn,Perusahaan afiliasi,제휴 회사,0.444,1.25,False,False,20,역번역 유사도 다소낮음(0.44)
관계회사,tgl_Latn,Mga kumpanya ng pakikipag-ugnayan,통신 회사,0.444,1.25,False,False,20,역번역 유사도 다소낮음(0.44)
관리대상종목,tha_Thai,หุ้นที่อยู่ภายใต้การกำกับดูแล,주식 관리,0.364,0.83,False,False,20,역번역 유사도 다소낮음(0.36)
관할권,vie_Latn,Thẩm quyền,권한,0.4,0.67,False,False,20,역번역 유사도 다소낮음(0.40)
관할권,tgl_Latn,Karapatan,권리,0.4,0.67,False,False,20,역번역 유사도 다소낮음(0.40)
교차담보금제도,tha_Thai,ระบบการค้ำประกันข้ามกัน,교차보호 시스템,0.4,1.14,False,False,20,역번역 유사도 다소낮음(0.40)
교차증거금제도,tgl_Latn,Ang mga ban ng cross-examination.,교차 조사를 금지합니다.,0.3,1.86,False,False,20,역번역 유사도 다소낮음(0.30)
교차헤징,mya_Mymr,လမ်းဆုံအတားအဆီး,교차로 장벽,0.4,1.5,False,False,20,역번역 유사도 다소낮음(0.40)
교차헤징,tgl_Latn,Pag-hack ng crossroads,교차로 해킹,0.4,1.5,False,False,20,역번역 유사도 다소낮음(0.40)
교환사채,mya_Mymr,ငွေလဲလှယ်ကြေး,환율,0.333,0.5,False,False,20,역번역 유사도 다소낮음(0.33)
구상권,vie_Latn,Quyền đòi bồi thường,손해배상청구권,0.4,2.33,False,False,20,역번역 유사도 다소낮음(0.40)
구상권,tha_Thai,สิทธิในการเรียกร้องค่าชดเชย,손해배상청구권,0.4,2.33,False,False,20,역번역 유사도 다소낮음(0.40)
국가신인도,vie_Latn,Uy tín quốc gia,국가적 권위,0.364,1.2,False,False,20,역번역 유사도 다소낮음(0.36)
국내장외거래,vie_Latn,Giao dịch ngoài sàn trong nước,국내에 있는 오프소스 거래,0.4,2.33,False,False,20,역번역 유사도 다소낮음(0.40)
국내장외거래,mya_Mymr,ပြည်တွင်း၊ ပြည်ပ ကုန်သွယ်မှု,내·외교 무역,0.308,1.17,False,False,20,역번역 유사도 다소낮음(0.31)
국민주,ind_Latn,Lagu Kebangsaan,국악,0.4,0.67,False,False,20,역번역 유사도 다소낮음(0.40)
국제간 거래,mya_Mymr,နိုင်ငံတကာ ကုန်သွယ်မှုပါ။,국제 무역입니다.,0.4,1.5,False,False,20,역번역 유사도 다소낮음(0.40)
국제간 대금지급,vie_Latn,Thanh toán quốc tế,국제 결제,0.462,0.62,False,False,20,역번역 유사도 다소낮음(0.46)
국제간 대금지급,ind_Latn,Pembayaran antarnegara,국가 간 결제,0.4,0.88,False,False,20,역번역 유사도 다소낮음(0.40)
국제간 대체결제,tha_Thai,วิธีการชำระเงินทางเลือกข้ามพรมแดน,국경을 넘나드는 대안 결제 방법,0.4,2.12,False,False,20,역번역 유사도 다소낮음(0.40)
국제결제은행규제,tha_Thai,กฎระเบียบของธนาคารเพื่อการชำระบัญชีระหว่างประเทศ (BIS),국제회계은행 (BIS) 의 규정,0.4,2.12,False,False,20,역번역 유사도 다소낮음(0.40)
국제금융공사,tgl_Latn,Pangkalahatang pinansiyal na kumpanya,일반 금융회사,0.462,1.17,False,False,20,역번역 유사도 다소낮음(0.46)
국제보관기관,vie_Latn,Cơ quan lưu trữ quốc tế,국제 아카이브,0.308,1.17,False,False,20,역번역 유사도 다소낮음(0.31)
국제보관기관,ind_Latn,Lembaga Penyimpanan Internasional,국제 저장소,0.333,1.0,False,False,20,역번역 유사도 다소낮음(0.33)
국제보관기관,mya_Mymr,နိုင်ငံတကာ စောင့်ကြည့်ရေးအဖွဲ့,국제 감시 기구,0.429,1.33,False,False,20,역번역 유사도 다소낮음(0.43)
국제보관기관,tgl_Latn,Ang International Security Agency.,국제안보국입니다.,0.4,1.5,False,False,20,역번역 유사도 다소낮음(0.40)
국제분산투자,tha_Thai,การลงทุนที่หลากหลายในระดับนานาชาติ,국제적인 다양한 투자입니다.,0.381,2.5,False,False,20,역번역 유사도 다소낮음(0.38)
국제전문가시장,tgl_Latn,Mga pandaigdigang eksperto sa merkado,세계 시장 전문가,0.375,1.29,False,False,20,역번역 유사도 다소낮음(0.38)
국제정합성,vie_Latn,Tính nhất quán quốc tế,국제적인 일관성,0.462,1.6,False,False,20,역번역 유사도 다소낮음(0.46)
국제정합성,tha_Thai,ความสอดคล้องระดับนานาชาติ,국제적인 조화,0.333,1.4,False,False,20,역번역 유사도 다소낮음(0.33)
국제정합성,mya_Mymr,နိုင်ငံတကာ ညီညွတ်မှု,국제적 연대,0.364,1.2,False,False,20,역번역 유사도 다소낮음(0.36)
국제증권,mya_Mymr,နိုင်ငံတကာ လက်မှတ်,국제 서명,0.444,1.25,False,False,20,역번역 유사도 다소낮음(0.44)
국제증권예탁결제기관,tgl_Latn,Ang International Securities and Exchange Commission,국제 증권거래위원회,0.4,1.0,False,False,20,역번역 유사도 다소낮음(0.40)
국채전문딜러,tha_Thai,ผู้ค้าผู้เชี่ยวชาญด้านพันธบัตรรัฐบาล,정부 채권 전문 거래자,0.333,2.0,False,False,20,역번역 유사도 다소낮음(0.33)
국채집합등록제도,ind_Latn,Sistem Pendaftaran Terpadu Surat Utang Negara,국가채권 통합 등록 시스템,0.455,1.75,False,False,20,역번역 유사도 다소낮음(0.45)
권리락,tha_Thai,ควอน ริ-락, 리록,0.333,1.0,False,False,20,역번역 유사도 다소낮음(0.33)
권리락,mya_Mymr,ရပိုင်ခွင့်,저작권,0.333,1.0,False,False,20,역번역 유사도 다소낮음(0.33)
권리락주가,mya_Mymr,လူ့အခွင့်အရေးသမား,인권 운동가,0.364,1.2,False,False,20,역번역 유사도 다소낮음(0.36)
권리예탁,ind_Latn,Penitipan Hak,권리 보호,0.444,1.25,False,False,20,역번역 유사도 다소낮음(0.44)
권리예탁,tha_Thai,การจดทะเบียนสิทธิ,권리 등록,0.444,1.25,False,False,20,역번역 유사도 다소낮음(0.44)
권리예탁,tgl_Latn,Mga pananagutan ng karapatan,권리 책임,0.444,1.25,False,False,20,역번역 유사도 다소낮음(0.44)
권리예탁계좌부,vie_Latn,Sổ đăng ký tài khoản lưu ký quyền sở hữu,소유권 계좌 등록기록,0.333,1.57,False,False,20,역번역 유사도 다소낮음(0.33)
권리예탁계좌부,ind_Latn,Buku Rekening Penitipan Hak,권리보장책,0.333,0.71,False,False,20,역번역 유사도 다소낮음(0.33)
권리예탁계좌부,tha_Thai,ทะเบียนบัญชีผู้รับฝากสิทธิ,권리보장사 회계,0.4,1.14,False,False,20,역번역 유사도 다소낮음(0.40)
규정재정,ind_Latn,Penetapan Peraturan,규칙 제정,0.444,1.25,False,False,20,역번역 유사도 다소낮음(0.44)
규정재정,mya_Mymr,စည်းမျဉ်းစည်းကမ်း ပြင်ဆင်ခြင်း,법규 개정,0.444,1.25,False,False,20,역번역 유사도 다소낮음(0.44)
그라함 도드모형,vie_Latn,Mô hình Graham-Dodds,그레이엄-도드스 모델,0.421,1.38,False,False,20,역번역 유사도 다소낮음(0.42)
그라함 도드모형,ind_Latn,Model Graham-Dodds,그레이엄-도드스 모델,0.421,1.38,False,False,20,역번역 유사도 다소낮음(0.42)
그라함 도드모형,tha_Thai,แบบจำลอง Graham-Dodds,그레이엄-도드스 모델,0.421,1.38,False,False,20,역번역 유사도 다소낮음(0.42)
그라함 도드모형,mya_Mymr,ဂရာဟမ် ဒော့ဒမ်ပုံစံပါ။,그레이엄 도담 형태입니다.,0.364,1.75,False,False,20,역번역 유사도 다소낮음(0.36)
금고주,ind_Latn,Pemegang saham utama,주주,0.4,0.67,False,False,20,역번역 유사도 다소낮음(0.40)
금리선물,tha_Thai,สัญญาฟิวเจอร์สอัตราดอกเบี้ย,퓨저스 금리 계약,0.308,2.25,False,False,20,역번역 유사도 다소낮음(0.31)
금리선물옵션,tha_Thai,สัญญาฟิวเจอร์สและสัญญาออปชันอัตราดอกเบี้ย,퓨저스 계약과 금리 옵션 계약,0.364,2.67,False,False,20,역번역 유사도 다소낮음(0.36)
금리연동부사채,tha_Thai,พันธบัตรชั้นรองที่ผูกกับอัตราดอกเบี้ย,이자율로 연결된 부채,0.333,1.57,False,False,20,역번역 유사도 다소낮음(0.33)
금리확정부사채,vie_Latn,Trái phiếu không có lãi suất cố định,고정금리 채권,0.429,1.0,False,False,20,역번역 유사도 다소낮음(0.43)
금융감독위원회/금융감독원,tha_Thai,คณะกรรมการกำกับดูแลการเงิน / สำนักงานกำกับดูแลการเงิน,"금융감독원, 금융감독원",0.4,0.92,False,False,20,역번역 유사도 다소낮음(0.40)
금융결제원,tgl_Latn,Ang mga pinuno ng pananalapi,금융 지도자들,0.333,1.4,False,False,20,역번역 유사도 다소낮음(0.33)
금융공학,vie_Latn,Kỹ thuật tài chính,금융 기술,0.444,1.25,False,False,20,역번역 유사도 다소낮음(0.44)
금융공학,tgl_Latn,Ang pinansyal na inhinyeriya,금융 엔지니어링,0.333,2.0,False,False,20,역번역 유사도 다소낮음(0.33)
금융리스,tha_Thai,สัญญาเช่าทางการเงิน,금융 임대요,0.4,1.5,False,False,20,역번역 유사도 다소낮음(0.40)
금융비용,vie_Latn,Chi phí tài chính,재정적 비용,0.4,1.5,False,False,20,역번역 유사도 다소낮음(0.40)
금융비용,ind_Latn,Biaya keuangan,재정적 비용,0.4,1.5,False,False,20,역번역 유사도 다소낮음(0.40)
금융비용,tgl_Latn,Mga gastos sa pananalapi,재정적 비용,0.4,1.5,False,False,20,역번역 유사도 다소낮음(0.40)
금융선물거래,tgl_Latn,Pagbebenta ng mga pinansiyal na regalo,금전적 선물 판매,0.4,1.5,False,False,20,역번역 유사도 다소낮음(0.40)
금융소득종합과세,tha_Thai,การเก็บภาษีอย่างครบถ้วนต่อรายได้จากทางการเงิน,금융소득에 대한 완전한 세금입니다.,0.37,2.38,False,False,20,역번역 유사도 다소낮음(0.37)
금융어음,ind_Latn,Warkat keuangan,금융 자금,0.444,1.25,False,False,20,역번역 유사도 다소낮음(0.44)
금융자산,tgl_Latn,Pinansyal na ari-arian,재무 자산,0.444,1.25,False,False,20,역번역 유사도 다소낮음(0.44)
금융지주회사,vie_Latn,Tập đoàn tài chính,금융 그룹,0.364,0.83,False,False,20,역번역 유사도 다소낮음(0.36)
금융통화운영위원회,mya_Mymr,ငွေလဲလှယ်မှု ထိန်းချုပ်ရေး ကော်မတီ,거래소 규제 위원회,0.316,1.11,False,False,20,역번역 유사도 다소낮음(0.32)
금전신탁,vie_Latn,Quỹ ủy thác tiền tệ,통화신탁기금,0.4,1.5,False,False,20,역번역 유사도 다소낮음(0.40)
기관투자가,vie_Latn,Nhà đầu tư tổ chức,조직 투자자,0.364,1.2,False,False,20,역번역 유사도 다소낮음(0.36)
기관투자가 결제제도,tha_Thai,ระบบการชำระบัญชีสำหรับนักลงทุนสถาบัน,기관투자자에 대한 회계 시스템,0.385,1.6,False,False,20,역번역 유사도 다소낮음(0.38)
기관투자가 결제제도,mya_Mymr,အဖွဲ့အစည်းဆိုင်ရာ ရင်းနှီးမြှုပ်နှံမှုတွေ၊ ငွေပေးချေမှုစနစ်တွေ၊,"제도적 투자, 결제 시스템,",0.4,1.5,False,False,20,역번역 유사도 다소낮음(0.40)
기관투자가 결제제도,tgl_Latn,Ang mga institusyonal na mamumuhunan ay,기관투자자들은,0.471,0.7,False,False,20,역번역 유사도 다소낮음(0.47)
기관화현상,tgl_Latn,Mga pangyayari ng mekanismo,메커니즘 현상,0.333,1.4,False,False,20,역번역 유사도 다소낮음(0.33)
기명날인,vie_Latn,Chữ ký và con dấu,서명과 봉인,0.4,1.5,False,False,20,역번역 유사도 다소낮음(0.40)
기명사채,vie_Latn,Trái phiếu có ghi tên,명칭이 있는 채권,0.308,2.25,False,False,20,역번역 유사도 다소낮음(0.31)
기명주식,vie_Latn,Cổ phiếu ghi danh,주식 등록,0.444,1.25,False,False,20,역번역 유사도 다소낮음(0.44)
기명주식,ind_Latn,Saham atas nama,주식 이름,0.444,1.25,False,False,20,역번역 유사도 다소낮음(0.44)
기명주식,tha_Thai,หุ้นจดทะเบียน,등록된 주식,0.4,1.5,False,False,20,역번역 유사도 다소낮음(0.40)
기업공개,tha_Thai,การเสนอขายหุ้นต่อประชาชนครั้งแรก,1차 주식공개,0.364,1.75,False,False,20,역번역 유사도 다소낮음(0.36)
기업공개,tgl_Latn,Pampublikong Pagpapakilala,공개적 인명,0.4,1.5,False,False,20,역번역 유사도 다소낮음(0.40)
기업회계기준,mya_Mymr,ကုမ္ပဏီစာရင်းအင်း စံနှုန်း,회사 회계 표준,0.429,1.33,False,False,20,역번역 유사도 다소낮음(0.43)
기초자산,tgl_Latn,Mga pangunahing ari-arian,주요 자산,0.444,1.25,False,False,20,역번역 유사도 다소낮음(0.44)
기축통화,vie_Latn,Tiền tệ dự trữ,리저브 통화,0.4,1.5,False,False,20,역번역 유사도 다소낮음(0.40)
기축통화,ind_Latn,mata uang cadangan,리저브 통화,0.4,1.5,False,False,20,역번역 유사도 다소낮음(0.40)
기축통화,tgl_Latn,Pag-aaktresya,연기,0.333,0.5,False,False,20,역번역 유사도 다소낮음(0.33)
기회비용,ind_Latn,Biaya peluang,기회의 대가,0.4,1.5,False,False,20,역번역 유사도 다소낮음(0.40)
기회비용,tha_Thai,ต้นทุนโอกาส,기회 투자,0.444,1.25,False,False,20,역번역 유사도 다소낮음(0.44)
납입자본금,ind_Latn,Modal disetor,모금자금,0.444,0.8,False,False,20,역번역 유사도 다소낮음(0.44)
납입자본금,tgl_Latn,Ang mga kapital na ibinabayad,지불된 자본,0.364,1.2,False,False,20,역번역 유사도 다소낮음(0.36)
내부결제,tha_Thai,การโอนเงินภายใน,내부 송금,0.444,1.25,False,False,20,역번역 유사도 다소낮음(0.44)
내부결제,mya_Mymr,အတွင်းပိုင်း ဖြေရှင်းနည်း,내면의 해결책,0.364,1.75,False,False,20,역번역 유사도 다소낮음(0.36)
내부수익률,tgl_Latn,Ang mga panloob na kita,국내 수입,0.4,1.0,False,False,20,역번역 유사도 다소낮음(0.40)
내부유보,mya_Mymr,အတွင်းပိုင်း ယိုဘို,내면의 요보,0.4,1.5,False,False,20,역번역 유사도 다소낮음(0.40)
누적적 우선주,mya_Mymr,စုစုပေါင်း ဦးစားပေးမှု။,집단적 우선순위입니다.,0.421,1.71,False,False,20,역번역 유사도 다소낮음(0.42)
누적적 우선주,tgl_Latn,Kumulatibong Prioridad,우선순위를 높여주는 것,0.316,1.71,False,False,20,역번역 유사도 다소낮음(0.32)
누적적참가우선주,vie_Latn,Cổ phiếu ưu đãi tích lũy,누적 증권,0.308,0.62,False,False,20,역번역 유사도 다소낮음(0.31)
누적적참가우선주,ind_Latn,Saham Preferen dengan Hak Prioritas Akumulatif,누적 우선권을 가진 선호 주식,0.417,2.0,False,False,20,역번역 유사도 다소낮음(0.42)
누적적참가우선주,tha_Thai,หุ้นสิทธิพิเศษแบบสะสม,누적 특권 주식,0.375,1.0,False,False,20,역번역 유사도 다소낮음(0.38)
누적적참가우선주,tgl_Latn,Kumulatibong kontribusyon,누적 기여,0.308,0.62,False,False,20,역번역 유사도 다소낮음(0.31)
누적투표제,mya_Mymr,စုပေါင်းမဲပေးခြင်း,집단 투표,0.4,1.0,False,False,20,역번역 유사도 다소낮음(0.40)
누적투표제,tgl_Latn,Pangkalahatang botohan,전체 투표,0.4,1.0,False,False,20,역번역 유사도 다소낮음(0.40)
니케이 평균지수,mya_Mymr,Nike ပျမ်းမျှ။,나이키 평균입니다.,0.444,1.25,False,False,20,역번역 유사도 다소낮음(0.44)
니케이 평균지수,tgl_Latn,Ang average ng Nike.,나이키 평균입니다.,0.444,1.25,False,False,20,역번역 유사도 다소낮음(0.44)
다지수모형,vie_Latn,Mô hình đa chỉ số,다인덱스 모델,0.333,1.4,False,False,20,역번역 유사도 다소낮음(0.33)
단기금융시장 상호기금,tha_Thai,กองทุนรวมตลาดเงินระยะสั้น,단기 투자자금,0.333,0.64,False,False,20,역번역 유사도 다소낮음(0.33)
단기채,mya_Mymr,ရေတိုချေးငွေပါ။,단기 대출입니다.,0.333,3.0,False,False,20,역번역 유사도 다소낮음(0.33)
단독주주권,tgl_Latn,Pangkalahatang Soberano,세계적 주권자,0.333,1.4,False,False,20,역번역 유사도 다소낮음(0.33)
단순보관연계,mya_Mymr,ရိုးရှင်းတဲ့ ဆက်နွယ်မှုစနစ်ပါ။,단순한 연결 체계입니다.,0.421,2.17,False,False,20,역번역 유사도 다소낮음(0.42)
단순주가지수,tha_Thai,ดัชนีราคาหุ้นแบบง่าย,간단한 주식 가격 지표,0.444,2.0,False,False,20,역번역 유사도 다소낮음(0.44)
단순주가지수,tgl_Latn,Ang mga simpleng argumento,간단한 주장,0.333,1.0,False,False,20,역번역 유사도 다소낮음(0.33)
단순주가평균,vie_Latn,Giá trung bình đơn giản,간단한 평균값,0.462,1.17,False,False,20,역번역 유사도 다소낮음(0.46)
단순주가평균,ind_Latn,Rata-rata harga saham sederhana,보통 주식 가격의 평균,0.444,2.0,False,False,20,역번역 유사도 다소낮음(0.44)
단순주가평균,mya_Mymr,သာမန်တစ်ပတ်မှာ ပျမ်းမျှ,보통 주간 평균입니다.,0.333,2.0,False,False,20,역번역 유사도 다소낮음(0.33)
단순주가평균,tgl_Latn,Ang isang simpleng linggo ay ang average,간단한 주간은 평균입니다,0.421,2.17,False,False,20,역번역 유사도 다소낮음(0.42)
단위형 투자신탁,vie_Latn,Quỹ đầu tư theo đơn vị,유닛별 투자펀드,0.375,1.0,False,False,20,역번역 유사도 다소낮음(0.38)
단위형 투자신탁,tha_Thai,กองทุนลงทุนแบบหน่วย,유닛 투자 기금,0.375,1.0,False,False,20,역번역 유사도 다소낮음(0.38)
단위형 투자신탁,mya_Mymr,တစ်စိတ်တစ်ပိုင်း ရင်းနှီးမြှုပ်နှံမှု,부분적인 투자입니다.,0.316,1.38,False,False,20,역번역 유사도 다소낮음(0.32)
단일지수모형,ind_Latn,Model Indeks Tunggal,단일 인덱스 모델,0.4,1.5,False,False,20,역번역 유사도 다소낮음(0.40)
단일지수모형,tha_Thai,แบบจำลองดัชนีเดียว,단 하나의 모형입니다.,0.333,2.0,False,False,20,역번역 유사도 다소낮음(0.33)
단일지수모형,mya_Mymr,တစ်ခုတည်းသော ကိန်းဂဏန်းပုံစံပါ။,유일한 수치 모델입니다.,0.316,2.17,False,False,20,역번역 유사도 다소낮음(0.32)
단일지수모형,tgl_Latn,Ang solong bilang ng mga numero,숫자의 단수,0.333,1.0,False,False,20,역번역 유사도 다소낮음(0.33)
단주매각대금,vie_Latn,Số tiền thu được từ việc bán cổ phần,주식 판매로 얻은 금액,0.333,2.0,False,False,20,역번역 유사도 다소낮음(0.33)
단주매각대금,ind_Latn,Harga Jual Saham Tunggal,단일 주식 판매 가격,0.353,1.83,False,False,20,역번역 유사도 다소낮음(0.35)
담보거래,tha_Thai,การซื้อขายที่มีสินทรัพย์ค้ำประกัน,보험에 담긴 거래,0.462,2.25,False,False,20,역번역 유사도 다소낮음(0.46)
담보관리제도,ind_Latn,Sistem Pengelolaan Jaminan,보증 관리 시스템,0.4,1.5,False,False,20,역번역 유사도 다소낮음(0.40)
담보관리제도,tha_Thai,ระบบจัดการสินทรัพย์ค้ำประกัน,보험자산 관리 시스템,0.353,1.83,False,False,20,역번역 유사도 다소낮음(0.35)
담보물,tha_Thai,หลักประกัน,보험,0.4,0.67,False,False,20,역번역 유사도 다소낮음(0.40)
담보부사채,ind_Latn,Obligasi Berjaminan,보증된 채권,0.364,1.2,False,False,20,역번역 유사도 다소낮음(0.36)
담보유지비율,vie_Latn,Tỷ lệ duy trì tài sản thế chấp,모기지 보유율,0.462,1.17,False,False,20,역번역 유사도 다소낮음(0.46)
담보유지비율,tha_Thai,อัตราส่วนการรักษามาร์จิ้น,마진 보존 비율,0.429,1.33,False,False,20,역번역 유사도 다소낮음(0.43)
대량매매,vie_Latn,Giao dịch khối lượng lớn,대용량 거래,0.4,1.5,False,False,20,역번역 유사도 다소낮음(0.40)
대량매매,ind_Latn,Perdagangan dalam jumlah besar,대량 거래,0.444,1.25,False,False,20,역번역 유사도 다소낮음(0.44)
대량매매,tha_Thai,การซื้อขายแบบบล็อก,블록 매매,0.444,1.25,False,False,20,역번역 유사도 다소낮음(0.44)
대량주식보유상황공시제도,vie_Latn,Hệ thống công bố thông tin về tình hình nắm giữ cổ phiếu với số lượng lớn,대규모 주식 보유에 대한 정보를 공개하는 시스템,0.368,2.17,False,False,20,역번역 유사도 다소낮음(0.37)
대량주식보유상황공시제도,ind_Latn,Sistem Pengungkapan Kepemilikan Saham dalam Jumlah Besar,대용량 주식 소유자 공개 시스템,0.483,1.42,False,False,20,역번역 유사도 다소낮음(0.48)
대량주식보유상황공시제도,mya_Mymr,အစုလိုက်အပြုံလိုက် ရှယ်ယာတွေကို ထိန်းသိမ်းဖို့,대용량 주식을 유지하기 위해서죠.,0.333,1.5,False,False,20,역번역 유사도 다소낮음(0.33)
대량주식소유의 제한,tha_Thai,ข้อจำกัดในการถือหุ้นในปริมาณมาก,많은 양의 주식을 보유하는 데 제한이 있습니다,0.343,2.5,False,False,20,역번역 유사도 다소낮음(0.34)
대변이체시스템,vie_Latn,Hệ thống chuyển phân,배설물 전달 시스템,0.353,1.43,False,False,20,역번역 유사도 다소낮음(0.35)
대변이체시스템,ind_Latn,Sistem Pengangkutan Kotoran,쓰레기 운송 시스템,0.353,1.43,False,False,20,역번역 유사도 다소낮음(0.35)
대변이체시스템,tha_Thai,ระบบถ่ายโอนอุจจาระ,전력 전송 시스템,0.375,1.29,False,False,20,역번역 유사도 다소낮음(0.38)
대변이체시스템,tgl_Latn,Mga sistema ng tagapagpahayag,보급기 시스템,0.429,1.0,False,False,20,역번역 유사도 다소낮음(0.43)
대용가격,mya_Mymr,ကုန်ကျစရိတ်,비용,0.333,0.5,False,False,20,역번역 유사도 다소낮음(0.33)
대용가격,tgl_Latn,Mga presyo ng pagpapalit,교환 가격,0.444,1.25,False,False,20,역번역 유사도 다소낮음(0.44)
대체결제제도,ind_Latn,Sistem Pembayaran Alternatif,대안 결제 시스템,0.4,1.5,False,False,20,역번역 유사도 다소낮음(0.40)
대체결제제도,tha_Thai,ระบบการชำระเงินทางเลือก,대안 결제 시스템,0.4,1.5,False,False,20,역번역 유사도 다소낮음(0.40)
대체물/대체성,tha_Thai,สินค้าทดแทน/ความสามารถในการทดแทน,대안 상품/ 대안 능력,0.316,1.71,False,False,20,역번역 유사도 다소낮음(0.32)
대체물/대체성,mya_Mymr,အစားထိုးမှု။,대체입니다.,0.308,0.86,False,False,20,역번역 유사도 다소낮음(0.31)
대체비용위험,tgl_Latn,Ang mga alternatibong gastos ng panganib,위험의 대안 비용,0.4,1.5,False,False,20,역번역 유사도 다소낮음(0.40)
대표소송,ind_Latn,Gugatan atas nama perusahaan,기업을 상대로 소송,0.429,2.5,False,False,20,역번역 유사도 다소낮음(0.43)
대행업무 수탁계약,vie_Latn,Hợp đồng ủy thác dịch vụ,서비스 위탁 계약,0.444,1.0,False,False,20,역번역 유사도 다소낮음(0.44)
대행업무 수탁계약,ind_Latn,Perjanjian Penugasan Jasa,재직 계약서,0.4,0.67,False,False,20,역번역 유사도 다소낮음(0.40)
대행업무 수탁계약,tha_Thai,สัญญาบริการตัวแทน,대리인 서비스 계약,0.421,1.11,False,False,20,역번역 유사도 다소낮음(0.42)
대행업무 수탁계약,mya_Mymr,ရောင်းဝယ်ရေး လက်ဝယ်စာချုပ်,매매계약,0.308,0.44,False,False,20,역번역 유사도 다소낮음(0.31)
독일증권시장의 주가지수,tgl_Latn,Mga may-ari ng stock market sa Alemanya,독일의 주식 시장 소유자,0.4,1.08,False,False,20,역번역 유사도 다소낮음(0.40)
동시호가,vie_Latn,Đấu giá đồng thời,동시에 경매,0.4,1.5,False,False,20,역번역 유사도 다소낮음(0.40)
동일주주,vie_Latn,Cổ đông cùng một bên,주주와 함께,0.4,1.5,False,False,20,역번역 유사도 다소낮음(0.40)
동일주주,ind_Latn,Pemegang saham yang sama,같은 주주,0.444,1.25,False,False,20,역번역 유사도 다소낮음(0.44)
동일주주,tha_Thai,ผู้ถือหุ้นเดียวกัน,같은 주주,0.444,1.25,False,False,20,역번역 유사도 다소낮음(0.44)
등가수익률,mya_Mymr,အပြန်အလှန် အကျိုးအမြတ်နှုန်း,상호이익률,0.4,1.0,False,False,20,역번역 유사도 다소낮음(0.40)
등록기관,tha_Thai,องค์กรที่จดทะเบียน,등록된 단체,0.4,1.5,False,False,20,역번역 유사도 다소낮음(0.40)
등록기관,mya_Mymr,မှတ်ပုံတင်ဌာန,주민등록소,0.444,1.25,False,False,20,역번역 유사도 다소낮음(0.44)
등록대리인,ind_Latn,Wakil Pendaftaran,등록 담당자,0.364,1.2,False,False,20,역번역 유사도 다소낮음(0.36)
등록대리인,tgl_Latn,Nagrehistro ng mga representante,대표자 등록,0.364,1.2,False,False,20,역번역 유사도 다소낮음(0.36)
등록법인,vie_Latn,Tổ chức được đăng ký,등록된 단체,0.4,1.5,False,False,20,역번역 유사도 다소낮음(0.40)
등록법인,tha_Thai,บริษัทที่จดทะเบียน,등록된 회사,0.4,1.5,False,False,20,역번역 유사도 다소낮음(0.40)
등록채권,tha_Thai,หนี้ที่จดทะเบียน,등록된 빚,0.444,1.25,False,False,20,역번역 유사도 다소낮음(0.44)
등록채권,mya_Mymr,မှတ်ပုံတင် ချေးငွေ,등록금 대출,0.4,1.5,False,False,20,역번역 유사도 다소낮음(0.40)
등록채권,tgl_Latn,Pagpaparehistro ng utang,부채 등록,0.444,1.25,False,False,20,역번역 유사도 다소낮음(0.44)
디스카운트 브로커,tha_Thai,โบรกเกอร์ค่าคอมมิชชันต่ำ,저 수수료 브로커,0.444,1.0,False,False,20,역번역 유사도 다소낮음(0.44)
랜덤워크가설,mya_Mymr,RandomWork ကို တည်ဆောက်ခြင်း။,랜덤워크를 만들고 있습니다.,0.381,2.5,False,False,20,역번역 유사도 다소낮음(0.38)
런던은행간 대출금리,tha_Thai,อัตราดอกเบี้ยระหว่างธนาคารในลอนดอน (LIBOR),런던 은행 간 이자율 (LIBOR),0.414,1.9,False,False,20,역번역 유사도 다소낮음(0.41)
런던은행간 대출금리,mya_Mymr,လန်ဒန်ဘဏ်အချင်းချင်း ချေးငွေ,런던의 융자입니다.,0.3,1.0,False,False,20,역번역 유사도 다소낮음(0.30)
런던은행간 예금금리,tha_Thai,อัตราดอกเบี้ยระหว่างธนาคารในลอนดอน (LIBOR),런던 은행 간 이자율 (LIBOR),0.414,1.9,False,False,20,역번역 유사도 다소낮음(0.41)
레버리지 효과,mya_Mymr,လွှမ်းမိုးမှု သက်ရောက်မှု။,영향력 효과입니다.,0.353,1.43,False,False,20,역번역 유사도 다소낮음(0.35)
마팅게일모형,mya_Mymr,မတ်တင်ဂေးလ် ပုံစံပါ။,이것은 마틴게일 모델입니다.,0.381,2.5,False,False,20,역번역 유사도 다소낮음(0.38)
마팅게일모형,tgl_Latn,Ang modelo ng Martingale.,마틴게일 모델입니다.,0.471,1.83,False,False,20,역번역 유사도 다소낮음(0.47)
만기보유전략,vie_Latn,Chiến lược nắm giữ đến ngày đáo hạn,마감일까지 보유 전략,0.471,1.83,False,False,20,역번역 유사도 다소낮음(0.47)
만기보유전략,mya_Mymr,ထိတွေ့မှု ထိန်းသိမ်းရေး နည်းဗျူဟာ,촉각 보존 전략,0.429,1.33,False,False,20,역번역 유사도 다소낮음(0.43)
만기보유전략,tgl_Latn,Mga Taktika ng Pag-aalala,걱정의 전략,0.333,1.0,False,False,20,역번역 유사도 다소낮음(0.33)
만기수익률,vie_Latn,Lợi suất đến hạn,유한수익,0.444,0.8,False,False,20,역번역 유사도 다소낮음(0.44)
만기수익률,tha_Thai,อัตราผลตอบแทนจนถึงวันครบกำหนด,정해진 기간까지의 수익률,0.444,2.6,False,False,20,역번역 유사도 다소낮음(0.44)
매매거래정지,vie_Latn,Tạm ngừng giao dịch,거래 중단,0.364,0.83,False,False,20,역번역 유사도 다소낮음(0.36)
매매보고서,vie_Latn,Báo cáo giao dịch,거래 보고,0.4,1.0,False,False,20,역번역 유사도 다소낮음(0.40)
매매심리,vie_Latn,Tâm lý thị trường,시장 심리학,0.4,1.5,False,False,20,역번역 유사도 다소낮음(0.40)
매매심리,tgl_Latn,Pagbebenta,판매,0.333,0.5,False,False,20,역번역 유사도 다소낮음(0.33)
매매중지장치,vie_Latn,Thiết bị ngắt giao dịch,거래 중단 장치,0.429,1.33,False,False,20,역번역 유사도 다소낮음(0.43)
매매중지장치,tgl_Latn,Mga kagamitan sa pagbebenta,판매용 장비,0.333,1.0,False,False,20,역번역 유사도 다소낮음(0.33)
매매확인,vie_Latn,Xác nhận giao dịch,트랜잭션 확인,0.364,1.75,False,False,20,역번역 유사도 다소낮음(0.36)
매매확인,ind_Latn,Konfirmasi Transaksi,거래 확인,0.444,1.25,False,False,20,역번역 유사도 다소낮음(0.44)
매매확인,tgl_Latn,Nakumpirma ang pagbebenta,판매가 확정됐다,0.333,2.0,False,False,20,역번역 유사도 다소낮음(0.33)
명령상장,ind_Latn,Pencatatan atas perintah,명령에 대한 기록,0.308,2.25,False,False,20,역번역 유사도 다소낮음(0.31)
명목이자율,ind_Latn,Suku bunga nominal,명목 금리,0.4,1.0,False,False,20,역번역 유사도 다소낮음(0.40)
명목이자율,mya_Mymr,အမည်နဲ့နှုန်း,이름과 비율,0.364,1.2,False,False,20,역번역 유사도 다소낮음(0.36)
명목이자율,tgl_Latn,Pangalan at rate,이름과 비율,0.364,1.2,False,False,20,역번역 유사도 다소낮음(0.36)
명의개서 대행회사,ind_Latn,Perusahaan Jasa Pengurusan Akta Pemindahan Hak Milik,소유권 이전 관리 서비스 회사,0.32,1.78,False,False,20,역번역 유사도 다소낮음(0.32)
명의개서 대행회사,tha_Thai,บริษัทรับโอนกรรมสิทธิ์,저작권 이전 회사,0.333,1.0,False,False,20,역번역 유사도 다소낮음(0.33)
명의개서 대행회사,mya_Mymr,နာမည်နဲ့ ခွေးကုမ္ပဏီပါ။,이름과 개 회사입니다.,0.381,1.33,False,False,20,역번역 유사도 다소낮음(0.38)
명의개서 정지기간,ind_Latn,Masa penangguhan pengalihan hak milik,소유권 전환의 유예 기간,0.364,1.44,False,False,20,역번역 유사도 다소낮음(0.36)
명의개서 정지기간,tha_Thai,ระยะเวลาการระงับการโอนสิทธิ์ในชื่อ,명칭의 권리 이전 기간,0.476,1.33,False,False,20,역번역 유사도 다소낮음(0.48)
명의개서대리인,vie_Latn,Người đại diện chuyển nhượng quyền sở hữu,소유권 이전 대리인,0.353,1.43,False,False,20,역번역 유사도 다소낮음(0.35)
명의개서대리인,tha_Thai,ตัวแทนในการโอนกรรมสิทธิ์,저작권 이전 대리인,0.353,1.43,False,False,20,역번역 유사도 다소낮음(0.35)
명의개서대행업무,mya_Mymr,နာမည်စာရင်းထုတ်လုပ်ရေး လုပ်ငန်း,명목사업,0.333,0.5,False,False,20,역번역 유사도 다소낮음(0.33)
모기지담보부증권,ind_Latn,Surat Utang Beragun Hipotek,부채는 모기지,0.4,0.88,False,False,20,역번역 유사도 다소낮음(0.40)
모기지담보부증권,tha_Thai,หลักทรัพย์ที่ได้รับการค้ำประกันด้วยสินเชื่อที่อยู่อาศัย,주택담보증권에 담긴 자산입니다.,0.32,2.12,False,False,20,역번역 유사도 다소낮음(0.32)
모기지담보부증권,tgl_Latn,Mga sertipiko ng hipoteka.,주택담보증서,0.429,0.75,False,False,20,역번역 유사도 다소낮음(0.43)
모듈기업,ind_Latn,Perusahaan modul,모듈 회사,0.444,1.25,False,False,20,역번역 유사도 다소낮음(0.44)
모듈기업,tha_Thai,บริษัทโมดูล,모듈 회사,0.444,1.25,False,False,20,역번역 유사도 다소낮음(0.44)
모듈기업,tgl_Latn,Modular na kumpanya,모듈식 회사,0.4,1.5,False,False,20,역번역 유사도 다소낮음(0.40)
모집설립,vie_Latn,Tuyển dụng và thành lập,채용 및 설립,0.364,1.75,False,False,20,역번역 유사도 다소낮음(0.36)
모집설립,ind_Latn,Perekrutan dan Pendirian,채용과 설립,0.4,1.5,False,False,20,역번역 유사도 다소낮음(0.40)
무권화,vie_Latn,Tự động hóa,자동화,0.333,1.0,False,False,20,역번역 유사도 다소낮음(0.33)
무권화,mya_Mymr,အာဏာမဲ့ခြင်း,무력감,0.333,1.0,False,False,20,역번역 유사도 다소낮음(0.33)
무기명주식,vie_Latn,Cổ phiếu không ghi tên,이름 없는 주식,0.308,1.6,False,False,20,역번역 유사도 다소낮음(0.31)
무기명주식,ind_Latn,Saham tanpa nama,이름 없는 주식,0.308,1.6,False,False,20,역번역 유사도 다소낮음(0.31)
무기명채권,vie_Latn,Trái phiếu không ghi tên,이름 없는 채권,0.308,1.6,False,False,20,역번역 유사도 다소낮음(0.31)
무기명채권,ind_Latn,Obligasi tanpa nama,이름 없는 채권,0.308,1.6,False,False,20,역번역 유사도 다소낮음(0.31)
무담보사채,tha_Thai,พันธบัตรบริษัทแบบไม่มีหลักประกัน,보험이 없는 회사채권,0.375,2.2,False,False,20,역번역 유사도 다소낮음(0.38)
무배당,vie_Latn,Không chia cổ tức,배당이 없습니다.,0.333,3.0,False,False,20,역번역 유사도 다소낮음(0.33)
무배당,ind_Latn,Tanpa dividen,배당금 없이,0.444,2.0,False,False,20,역번역 유사도 다소낮음(0.44)
무배당,tha_Thai,ไม่มีเงินปันผล,배당은 없습니다.,0.333,3.0,False,False,20,역번역 유사도 다소낮음(0.33)
무보증사채,ind_Latn,Obligasi tanpa jaminan,보증되지 않은 채권,0.4,2.0,False,False,20,역번역 유사도 다소낮음(0.40)
무보증사채,tgl_Latn,Mga utang na walang garantiya,보증되지 않은 부채,0.4,2.0,False,False,20,역번역 유사도 다소낮음(0.40)
무액면주식,mya_Mymr,ငွေကြေးမဲ့ ရှယ်ယာ,현금 없는 주식,0.308,1.6,False,False,20,역번역 유사도 다소낮음(0.31)
무액면주식,tgl_Latn,Ang mga stock ng cashless,현금 없는 주식,0.308,1.6,False,False,20,역번역 유사도 다소낮음(0.31)
무위험 이자율,vie_Latn,Lãi suất không rủi ro,리스크 없는 이자율,0.471,1.43,False,False,20,역번역 유사도 다소낮음(0.47)
무위험 이자율,ind_Latn,Suku bunga bebas risiko,리스크 없는 이자율,0.471,1.43,False,False,20,역번역 유사도 다소낮음(0.47)
무위험 이자율,tha_Thai,อัตราดอกเบี้ยที่ไม่มีความเสี่ยง,위험 없는 금리입니다.,0.316,1.71,False,False,20,역번역 유사도 다소낮음(0.32)
무위험 이자율,mya_Mymr,အန္တရာယ်ကင်းတဲ့ အတိုးနှုန်း,위험 없는 금리,0.4,1.14,False,False,20,역번역 유사도 다소낮음(0.40)
무위험 이자율,tgl_Latn,Mga rate ng interes na walang panganib,위험 없는 금리,0.4,1.14,False,False,20,역번역 유사도 다소낮음(0.40)
물상대위,vie_Latn,Thay thế vật chất,물질적 대체,0.4,1.5,False,False,20,역번역 유사도 다소낮음(0.40)
물상대위,ind_Latn,Substitusi benda,물체의 대체,0.4,1.5,False,False,20,역번역 유사도 다소낮음(0.40)
물적담보,tha_Thai,สินทรัพย์ค้ำประกันแบบสิ่งของ,물체보험자산,0.4,1.5,False,False,20,역번역 유사도 다소낮음(0.40)
물적담보,mya_Mymr,ပစ္စည်းဆိုင်ရာ သတင်းအချက်အလက်။,물질적인 정보입니다.,0.4,2.75,False,False,20,역번역 유사도 다소낮음(0.40)
물적담보,tgl_Latn,Mga materyal na balita,물질적 뉴스,0.4,1.5,False,False,20,역번역 유사도 다소낮음(0.40)
뮤추얼펀드 관리회사,tha_Thai,บริษัทจัดการกองทุนรวม,펀드 매니지먼트,0.333,0.8,False,False,20,역번역 유사도 다소낮음(0.33)
뮤추얼펀드 관리회사,mya_Mymr,ရင်းနှီးမြှုပ်နှံမှု စီမံခန့်ခွဲရေး ကုမ္ပဏီပါ။,투자 관리 회사입니다.,0.455,1.2,False,False,20,역번역 유사도 다소낮음(0.45)
뮤추얼펀드 인수회사,vie_Latn,Công ty mua lại quỹ đầu tư chung,주식회사 인수,0.353,0.7,False,False,20,역번역 유사도 다소낮음(0.35)
뮤추얼펀드 인수회사,ind_Latn,Perusahaan yang mengakuisisi reksa dana,자금융을 인수하는 회사,0.455,1.2,False,False,20,역번역 유사도 다소낮음(0.45)
미국형옵션,vie_Latn,Quyền chọn kiểu Mỹ,미국식 선택,0.364,1.2,False,False,20,역번역 유사도 다소낮음(0.36)
미국형옵션,tgl_Latn,Mga pagpipilian sa Amerikano,미국인의 선택,0.333,1.4,False,False,20,역번역 유사도 다소낮음(0.33)
미청산계약,vie_Latn,Hợp đồng chưa thanh toán,계약금 상환,0.364,1.2,False,False,20,역번역 유사도 다소낮음(0.36)
바벨형 만기구성전략,tha_Thai,กลยุทธ์การจัดตั้งอุปกรณ์แบบ Babel,바벨 장치 배치 전략,0.476,1.1,False,False,20,역번역 유사도 다소낮음(0.48)
바벨형 만기구성전략,mya_Mymr,ဗာဗုလုန်ရဲ့ ရေရှည်တည်တံ့မှု နည်းဗျူဟာပါ။,이것은 바빌론의 지속가능성 전략이었습니다.,0.303,2.3,False,False,20,역번역 유사도 다소낮음(0.30)
바스켓방식,vie_Latn,Phương pháp giỏ,바구니 방법,0.364,1.2,False,False,20,역번역 유사도 다소낮음(0.36)
바스켓방식,ind_Latn,Sistem keranjang,바구니 시스템,0.333,1.4,False,False,20,역번역 유사도 다소낮음(0.33)
바흐만보고서,mya_Mymr,Bach ကို ကြည့်နေတာပါ။,저는 바흐를 보고 있습니다.,0.381,2.5,False,False,20,역번역 유사도 다소낮음(0.38)
바흐만보고서,tgl_Latn,Tumingin ako kay Bach.,저는 바흐를 보았습니다.,0.316,2.17,False,False,20,역번역 유사도 다소낮음(0.32)
반대매매,mya_Mymr,ဆန့်ကျင်ဘက် အရောင်း,반대로 판매합니다.,0.429,2.5,False,False,20,역번역 유사도 다소낮음(0.43)
발기설립,tgl_Latn,Paghahanda ng erection,발기 발기 준비,0.333,2.0,False,False,20,역번역 유사도 다소낮음(0.33)
발기인조합,tgl_Latn,Ang pagtitipon ng mga erectile,발기부전,0.444,0.8,False,False,20,역번역 유사도 다소낮음(0.44)
발행가액,tgl_Latn,Bilang ng mga nag-isyu,발행자 수,0.444,1.25,False,False,20,역번역 유사도 다소낮음(0.44)
발행시장,ind_Latn,Pasar penerbitan,출판 시장,0.444,1.25,False,False,20,역번역 유사도 다소낮음(0.44)
발행시장,tha_Thai,ตลาดแรก,첫 번째 시장,0.364,1.75,False,False,20,역번역 유사도 다소낮음(0.36)
발행시장,mya_Mymr,ထုတ်ဝေမှု စျေးကွက်,출판 시장,0.444,1.25,False,False,20,역번역 유사도 다소낮음(0.44)
배당기산일,ind_Latn,Tanggal Perhitungan Dividen,배당금 계산 날짜,0.429,1.8,False,False,20,역번역 유사도 다소낮음(0.43)
배당기산일,mya_Mymr,ခွဲဝေတဲ့နေ့။,분배일입니다.,0.333,1.4,False,False,20,역번역 유사도 다소낮음(0.33)
배당락,vie_Latn,Ngày chốt quyền nhận cổ tức,배당권 결제일,0.4,2.33,False,False,20,역번역 유사도 다소낮음(0.40)
배당성향,vie_Latn,Tỷ lệ chi trả cổ tức,배당금 지급율,0.364,1.75,False,False,20,역번역 유사도 다소낮음(0.36)
배당소득,vie_Latn,Thu nhập từ cổ tức,배당금 수입,0.4,1.5,False,False,20,역번역 유사도 다소낮음(0.40)
배당소득,ind_Latn,Penghasilan dari dividen,배당금 수입,0.4,1.5,False,False,20,역번역 유사도 다소낮음(0.40)
배당의 정보효과,tgl_Latn,Ang mga epekto ng impormasyon ng payout,결제 정보의 영향,0.353,1.12,False,False,20,역번역 유사도 다소낮음(0.35)
배당정책,tha_Thai,นโยบายการจ่ายปันผล,보상 정책,0.444,1.25,False,False,20,역번역 유사도 다소낮음(0.44)
배당정책,mya_Mymr,ခွဲဝေရေး မူဝါဒ,차별화 정책,0.4,1.5,False,False,20,역번역 유사도 다소낮음(0.40)
배당평가모형,vie_Latn,Mô hình đánh giá cổ tức,이윤 평가 모델,0.429,1.33,False,False,20,역번역 유사도 다소낮음(0.43)
배당평가모형,ind_Latn,Model Penilaian Dividen,이산화탄소 평가 모델,0.353,1.83,False,False,20,역번역 유사도 다소낮음(0.35)
배당평가모형,tha_Thai,แบบจำลองการประเมินมูลค่าจากเงินปันผล,수익률 평가 모델입니다.,0.316,2.17,False,False,20,역번역 유사도 다소낮음(0.32)
배당평가모형,mya_Mymr,အကဲဖြတ်မှု ပုံစံ,평가 패턴,0.364,0.83,False,False,20,역번역 유사도 다소낮음(0.36)
벌처펀드,mya_Mymr,ဘဲလ်ချ်ဖောင်ဒ်။,벨치펀드입니다.,0.333,2.0,False,False,20,역번역 유사도 다소낮음(0.33)
법정과실,tgl_Latn,Sa loob ng korte,법정 안에서,0.4,1.5,False,False,20,역번역 유사도 다소낮음(0.40)
법정담보물권,vie_Latn,Quyền thế chấp theo pháp luật,법적인 보증금,0.308,1.17,False,False,20,역번역 유사도 다소낮음(0.31)
법정담보물권,ind_Latn,Hak jaminan yang diatur undang-undang,법적으로 보장된 권리,0.353,1.83,False,False,20,역번역 유사도 다소낮음(0.35)
법정담보물권,tgl_Latn,Karapatan ng Legal na Karapatan,법적인 권리,0.333,1.0,False,False,20,역번역 유사도 다소낮음(0.33)
법정대위,vie_Latn,Đại diện theo pháp luật,법적 대리인,0.4,1.5,False,False,20,역번역 유사도 다소낮음(0.40)
법정대위,ind_Latn,Substitusi Hukum,법의 대체,0.444,1.25,False,False,20,역번역 유사도 다소낮음(0.44)
법정대위,tha_Thai,การรับสิทธิแทนตามกฎหมาย,법적인 대리권,0.364,1.75,False,False,20,역번역 유사도 다소낮음(0.36)
법정청산,mya_Mymr,တရားရုံးချိန်း,법정 약속,0.444,1.25,False,False,20,역번역 유사도 다소낮음(0.44)
베타계수,tha_Thai,สัมประสิทธิ์เบตา,베타 팩토리,0.4,1.5,False,False,20,역번역 유사도 다소낮음(0.40)
베타계수,mya_Mymr,ဘီတာ ကိန်းဂဏန်း,비타 수입니다.,0.333,2.0,False,False,20,역번역 유사도 다소낮음(0.33)
베타계수,tgl_Latn,Mga bilang ng beta,베타 숫자,0.444,1.25,False,False,20,역번역 유사도 다소낮음(0.44)
베타위험,mya_Mymr,ဗီတာ အန္တရာယ်ပါ။,비타 위험입니다.,0.462,2.25,False,False,20,역번역 유사도 다소낮음(0.46)
보관기관,vie_Latn,Cơ quan lưu trữ,기록물 기관,0.4,1.5,False,False,20,역번역 유사도 다소낮음(0.40)
보관위험,ind_Latn,Risiko penyimpanan,저장 위험,0.444,1.25,False,False,20,역번역 유사도 다소낮음(0.44)
보관위험,tha_Thai,ความเสี่ยงในการจัดเก็บ,재고에 대한 위험,0.308,2.25,False,False,20,역번역 유사도 다소낮음(0.31)
보관위험,tgl_Latn,Mga panganib sa pag-iingat,주의해야 할 위험,0.308,2.25,False,False,20,역번역 유사도 다소낮음(0.31)
보증사채,mya_Mymr,အာမခံချက်။,보증입니다.,0.4,1.5,False,False,20,역번역 유사도 다소낮음(0.40)
보통거래,vie_Latn,Giao dịch thông thường,일반적인 거래,0.364,1.75,False,False,20,역번역 유사도 다소낮음(0.36)
보통거래,ind_Latn,Transaksi biasa,일반적인 거래,0.364,1.75,False,False,20,역번역 유사도 다소낮음(0.36)
보통거래,tgl_Latn,Karaniwan.,보통입니다.,0.4,1.5,False,False,20,역번역 유사도 다소낮음(0.40)
보통주,vie_Latn,Cổ phiếu phổ thông,주식,0.4,0.67,False,False,20,역번역 유사도 다소낮음(0.40)
보통주,ind_Latn,Saham biasa,주식,0.4,0.67,False,False,20,역번역 유사도 다소낮음(0.40)
보통주,tha_Thai,หุ้นสามัญ,주식,0.4,0.67,False,False,20,역번역 유사도 다소낮음(0.40)
보통주,tgl_Latn,Karaniwan.,보통입니다.,0.444,2.0,False,False,20,역번역 유사도 다소낮음(0.44)
보호예수,mya_Mymr,ကိုယ်ခန္ဓာကို ကာကွယ်ပါ။,몸을 보호하세요.,0.308,2.25,False,False,20,역번역 유사도 다소낮음(0.31)
보호예수증서,ind_Latn,Sertifikat Penahanan Saham,주식 보유 증명서,0.4,1.5,False,False,20,역번역 유사도 다소낮음(0.40)
보호예수증서,tgl_Latn,Mga Patnubay ni Jesus,예수 의 지침,0.308,1.17,False,False,20,역번역 유사도 다소낮음(0.31)
복리채,ind_Latn,Obligasi berbunga majemuk,복수형 채권,0.444,2.0,False,False,20,역번역 유사도 다소낮음(0.44)
복수통화대출,ind_Latn,Pinjaman Multi-Mata Uang,다중 화폐 대출,0.429,1.33,False,False,20,역번역 유사도 다소낮음(0.43)
복수통화표시채,vie_Latn,Trái phiếu hiển thị nhiều loại tiền tệ,다양한 통화를 표시하는 채권,0.455,2.14,False,False,20,역번역 유사도 다소낮음(0.45)
본질가치,vie_Latn,Giá trị cốt lõi,핵심 가치,0.444,1.25,False,False,20,역번역 유사도 다소낮음(0.44)
본질가치,ind_Latn,Nilai intrinsik,내재적 가치,0.4,1.5,False,False,20,역번역 유사도 다소낮음(0.40)
본질가치,tha_Thai,มูลค่าภายใน,내적 가치,0.444,1.25,False,False,20,역번역 유사도 다소낮음(0.44)
본질가치,tgl_Latn,Katangian ng halaga,가치의 특성,0.4,1.5,False,False,20,역번역 유사도 다소낮음(0.40)
부당권유행위의 금지,vie_Latn,Cấm các hành vi chào mời không công bằng,불공정한 초대 행위는 금지됩니다.,0.357,1.8,False,False,20,역번역 유사도 다소낮음(0.36)
부당권유행위의 금지,mya_Mymr,တရားမျှတမှုမရှိတဲ့ လုပ်ရပ်တွေကို တားမြစ်တယ်။,불공정한 행위를 금지합니다.,0.4,1.5,False,False,20,역번역 유사도 다소낮음(0.40)
부당권유행위의 금지,tgl_Latn,Pagbabawal sa mga gawaing di-katarungan,불의한 행위에 대한 금지,0.435,1.3,False,False,20,역번역 유사도 다소낮음(0.43)
부도방지협약,vie_Latn,Thỏa thuận phòng ngừa vỡ nợ,파산 방지 협정,0.429,1.33,False,False,20,역번역 유사도 다소낮음(0.43)
부도방지협약,tha_Thai,ข้อตกลงเกี่ยวกับการป้องกันการล้มละลาย,파산 방지 협정,0.429,1.33,False,False,20,역번역 유사도 다소낮음(0.43)
부보관기관,ind_Latn,Lembaga Penyimpanan Cadangan,예비 보관소,0.364,1.2,False,False,20,역번역 유사도 다소낮음(0.36)
부실채권,tgl_Latn,Ang mga utang na walang utang,빚 없는 부채,0.364,1.75,False,False,20,역번역 유사도 다소낮음(0.36)
부실채권 정리기금,ind_Latn,Dana Penanganan Kredit Macet,신용 관리 기금이 고장났습니다.,0.308,1.89,False,False,20,역번역 유사도 다소낮음(0.31)
부실채권 정리기금,tgl_Latn,Mga pondo para sa mga utang sa bangko,은행 부채를 위한 자금,0.381,1.33,False,False,20,역번역 유사도 다소낮음(0.38)
부실채권정리기금채권,vie_Latn,Trái phiếu Quỹ xử lý nợ xấu,부실 채권 재단,0.444,0.8,False,False,20,역번역 유사도 다소낮음(0.44)
부전환대리인,ind_Latn,Wakil Non-Konversi,변신하지 않은 대리인,0.353,1.83,False,False,20,역번역 유사도 다소낮음(0.35)
부전환대리인,tha_Thai,ตัวแทนที่ไม่สามารถแปลงได้,변할 수 없는 대리인,0.353,1.83,False,False,20,역번역 유사도 다소낮음(0.35)
분리형증권,ind_Latn,Surat berharga yang dapat dipisahkan,분리할 수 있는 유가증서,0.333,2.6,False,False,20,역번역 유사도 다소낮음(0.33)
분매기관,vie_Latn,Cơ quan phân phối,배급 기관,0.444,1.25,False,False,20,역번역 유사도 다소낮음(0.44)
분배락조치,ind_Latn,Tindakan pembatasan distribusi,유통 제한 조치,0.308,1.6,False,False,20,역번역 유사도 다소낮음(0.31)
분산투자,ind_Latn,Diversifikasi Investasi,투자 다각화,0.4,1.5,False,False,20,역번역 유사도 다소낮음(0.40)
분산투자,tha_Thai,การลงทุนที่หลากหลาย,다양한 투자,0.4,1.5,False,False,20,역번역 유사도 다소낮음(0.40)
분산투자,tgl_Latn,Divergent na pamumuhunan,다양성 투자,0.4,1.5,False,False,20,역번역 유사도 다소낮음(0.40)
브래디채권,mya_Mymr,Brady ချေးငွေ,브레이디 대출,0.333,1.4,False,False,20,역번역 유사도 다소낮음(0.33)
브래디채권,tgl_Latn,Ang Brady Bond,브레이디 본드,0.333,1.4,False,False,20,역번역 유사도 다소낮음(0.33)
비가격경쟁,vie_Latn,Cạnh tranh phi giá cả,치열한 경쟁,0.364,1.2,False,False,20,역번역 유사도 다소낮음(0.36)
비가격경쟁,mya_Mymr,မိုးရွာသွန်းမှု ပြိုင်ပွဲ။,비가 오는 경주입니다.,0.353,2.4,False,False,20,역번역 유사도 다소낮음(0.35)
비거주자,vie_Latn,Người không cư trú,거주자가 아닌 사람,0.429,2.5,False,False,20,역번역 유사도 다소낮음(0.43)
비과세소득,mya_Mymr,အခွန်မဲ့ ဝင်ငွေ,세금 없는 소득,0.462,1.6,False,False,20,역번역 유사도 다소낮음(0.46)
비전형계약,tgl_Latn,Mga kontrata na walang kuryente,전력 없는 계약,0.462,1.6,False,False,20,역번역 유사도 다소낮음(0.46)
비체계적 위험,ind_Latn,Risiko tak terstruktur,구조화되지 않은 위험,0.333,1.57,False,False,20,역번역 유사도 다소낮음(0.33)
비통화금융기관,tgl_Latn,Mga institusyong pinansyal na walang pera,돈 없는 금융 기관,0.471,1.43,False,False,20,역번역 유사도 다소낮음(0.47)
비회원증권회사,mya_Mymr,အဖွဲ့ဝင်မဟုတ်တဲ့ စက္ကူကုမ္ပဏီပါ။,비회사적인 종이 회사입니다.,0.364,2.14,False,False,20,역번역 유사도 다소낮음(0.36)
빅보오드,mya_Mymr,ဘုတ်ကြီး။,보드입니다.,0.4,1.5,False,False,20,역번역 유사도 다소낮음(0.40)
빗더마켓 전략,vie_Latn,Chiến lược Bitder Market,비터 시장 전략,0.4,1.14,False,False,20,역번역 유사도 다소낮음(0.40)
빗더마켓 전략,mya_Mymr,မိတ်ကပ်စျေးကွက် မဟာဗျူဟာ,메이크업 마케팅 전략,0.444,1.57,False,False,20,역번역 유사도 다소낮음(0.44)
사고증권,ind_Latn,Surat berharga yang bermasalah,문제가 있는 증권,0.308,2.25,False,False,20,역번역 유사도 다소낮음(0.31)
사고증권,mya_Mymr,မတော်တဆမှု လက်မှတ်,교통사고 시인서,0.333,2.0,False,False,20,역번역 유사도 다소낮음(0.33)
사다리형 만기구성전략,vie_Latn,Chiến lược xây dựng danh mục đầu tư theo mô hình thang,계단형 포트폴리오 구축 전략,0.385,1.36,False,False,20,역번역 유사도 다소낮음(0.38)
사다리형 만기구성전략,ind_Latn,Strategi Pembentukan Portofolio Tipe Tangga,계단형 포트폴리오 구축 전략,0.385,1.36,False,False,20,역번역 유사도 다소낮음(0.38)
사모펀드,tgl_Latn,Sampo Fund,삼포 펀드,0.444,1.25,False,False,20,역번역 유사도 다소낮음(0.44)
사설증권시장,mya_Mymr,ပိုင်ဆိုင်မှု စျေးကွက်,부동산 시장,0.333,1.0,False,False,20,역번역 유사도 다소낮음(0.33)
사업보고서,ind_Latn,Laporan Kinerja,성과 보고,0.4,1.0,False,False,20,역번역 유사도 다소낮음(0.40)
사업보고서,tgl_Latn,Mga ulat sa negosyo.,비즈니스 보고서.,0.429,1.8,False,False,20,역번역 유사도 다소낮음(0.43)
사이또리회원,vie_Latn,Thành viên Saitori,사이토리 멤버,0.462,1.17,False,False,20,역번역 유사도 다소낮음(0.46)
사이또리회원,ind_Latn,Anggota Saitori,사이토리 멤버,0.462,1.17,False,False,20,역번역 유사도 다소낮음(0.46)
사이또리회원,tha_Thai,สมาชิก Saitori,사이토리 멤버,0.462,1.17,False,False,20,역번역 유사도 다소낮음(0.46)
사이또리회원,mya_Mymr,Saitori အဖွဲ့ဝင်။,사이토리 팀원입니다.,0.471,1.83,False,False,20,역번역 유사도 다소낮음(0.47)
사전매매대조과정,vie_Latn,Quy trình đối chiếu giao dịch trước,트랜잭션 사전 비교 과정,0.381,1.62,False,False,20,역번역 유사도 다소낮음(0.38)
사전매매대조과정,ind_Latn,Proses rekonsiliasi transaksi pra-penjualan,판매 전 거래 조정 과정,0.381,1.62,False,False,20,역번역 유사도 다소낮음(0.38)
사전매매대조과정,tgl_Latn,Mga proseso ng pag-aayos ng pagbebenta,판매를 조정하는 과정,0.421,1.38,False,False,20,역번역 유사도 다소낮음(0.42)
상쇄거래,vie_Latn,Giao dịch bù trừ,적립 거래,0.444,1.25,False,False,20,역번역 유사도 다소낮음(0.44)
상쇄거래,ind_Latn,Transaksi lindung nilai,피보증 거래,0.4,1.5,False,False,20,역번역 유사도 다소낮음(0.40)
상임대리인,ind_Latn,Wakil Tetap,상임위원,0.444,0.8,False,False,20,역번역 유사도 다소낮음(0.44)
상품유가증권,mya_Mymr,ကုန်စည်ပိုင်ဆိုင်မှု လက်မှတ်,물품 소유권 증명서,0.375,1.67,False,False,20,역번역 유사도 다소낮음(0.38)
상품유가증권,tgl_Latn,Mga pasilidad sa mga kalakal,상품 시설,0.364,0.83,False,False,20,역번역 유사도 다소낮음(0.36)
상호결제제도,mya_Mymr,အပြန်အလှန် ဖြေရှင်းရေး စနစ်ပါ။,이것은 상호 결제 시스템입니다.,0.348,2.83,False,False,20,역번역 유사도 다소낮음(0.35)
상호다중연계,mya_Mymr,အပြန်အလှန်ဆက်သွယ်မှု,상호작용입니다.,0.429,1.33,False,False,20,역번역 유사도 다소낮음(0.43)
상호동시거래,vie_Latn,Giao dịch song phương đồng thời,동시에 양자 거래,0.533,1.5,False,True,20,is_dup(다의어)
상호동시거래,vie_Latn,Giao dịch song phương đồng thời,동시에 양자 거래,0.533,1.5,False,True,20,is_dup(다의어)
상호동시거래,ind_Latn,Transaksi Saling Bersamaan,상호 거래,0.727,0.83,False,True,20,is_dup(다의어)
상호동시거래,ind_Latn,Transaksi Saling Bersamaan,상호 거래,0.727,0.83,False,True,20,is_dup(다의어)
상호연계,mya_Mymr,အပြန်အလှန် ဆက်သွယ်မှု,상호작용입니다.,0.333,2.0,False,False,20,역번역 유사도 다소낮음(0.33)
상호주,tha_Thai,สมาคมการช่วยเหลือซึ่งกันและกัน,상호지원단체,0.444,2.0,False,False,20,역번역 유사도 다소낮음(0.44)
상환주,vie_Latn,Cổ phiếu có quyền mua lại,주식권,0.333,1.0,False,False,20,역번역 유사도 다소낮음(0.33)
선도거래,vie_Latn,Giao dịch dẫn đầu,주요 거래,0.444,1.25,False,False,20,역번역 유사도 다소낮음(0.44)
선도거래,ind_Latn,Transaksi Awal,초기 거래,0.444,1.25,False,False,20,역번역 유사도 다소낮음(0.44)
선도계약,ind_Latn,Kontrak Awal,초기 계약,0.444,1.25,False,False,20,역번역 유사도 다소낮음(0.44)
선도계약,mya_Mymr,ရှေ့ဆောင် စာချုပ်။,계약서입니다.,0.364,1.75,False,False,20,역번역 유사도 다소낮음(0.36)
선도계약,tgl_Latn,Pangunahing kontrata,주요 계약,0.444,1.25,False,False,20,역번역 유사도 다소낮음(0.44)
선물거래,ind_Latn,Perdagangan Berjangka,미래에 대한 거래,0.308,2.25,False,False,20,역번역 유사도 다소낮음(0.31)
선물거래,tha_Thai,การซื้อขายสัญญาซื้อขายล่วงหน้า,전속 거래 계약,0.333,2.0,False,False,20,역번역 유사도 다소낮음(0.33)
선물거래,tgl_Latn,Ang pagpapalit ng regalo.,선물 교환,0.444,1.25,False,False,20,역번역 유사도 다소낮음(0.44)
선물계약,vie_Latn,Hợp đồng kỳ hạn,기간 계약,0.444,1.25,False,False,20,역번역 유사도 다소낮음(0.44)
선물계약,ind_Latn,Kontrak Berjangka,미래 계약,0.444,1.25,False,False,20,역번역 유사도 다소낮음(0.44)
선물시장,ind_Latn,Pasar berjangka,미래에셋 시장,0.364,1.75,False,False,20,역번역 유사도 다소낮음(0.36)
선물시장,tha_Thai,ตลาดสัญญาซื้อขายล่วงหน้า,전속 거래시장,0.364,1.75,False,False,20,역번역 유사도 다소낮음(0.36)
선물시장,mya_Mymr,လက်ဆောင်စျေးပါ။,선물 가격입니다.,0.308,2.25,False,False,20,역번역 유사도 다소낮음(0.31)
선물환,vie_Latn,Hợp đồng kỳ hạn ngoại hối,외환 선물 계약,0.364,2.67,False,False,20,역번역 유사도 다소낮음(0.36)
선물환,ind_Latn,Transaksi valuta asing berjangka,외환 선물 거래,0.364,2.67,False,False,20,역번역 유사도 다소낮음(0.36)
선물환마진,tha_Thai,มาร์จิ้นการแลกเปลี่ยนเงินตราต่างประเทศแบบฟอร์เวิร์ด,파워드 외환 마진,0.429,1.8,False,False,20,역번역 유사도 다소낮음(0.43)
선물환마진,mya_Mymr,လက်ဆောင်တွေ လဲလှယ်ဖို့ပါ။,선물 교환을 위해서죠.,0.353,2.4,False,False,20,역번역 유사도 다소낮음(0.35)
선의취득,vie_Latn,Sở hữu thiện chí,선의의 소유자,0.364,1.75,False,False,20,역번역 유사도 다소낮음(0.36)
선의취득,ind_Latn,Perolehan dengan itikad baik,선의로 얻은 것,0.333,2.0,False,False,20,역번역 유사도 다소낮음(0.33)
소비대차,mya_Mymr,စားသုံးသူကားတွေ,소비자 자동차입니다.,0.4,2.75,False,False,20,역번역 유사도 다소낮음(0.40)
소비임치,ind_Latn,Penitipan Konsumsi,소비 관리,0.444,1.25,False,False,20,역번역 유사도 다소낮음(0.44)
소수주주권,tha_Thai,สิทธิของผู้ถือหุ้นส่วนน้อย,소상공인의 권리,0.308,1.6,False,False,20,역번역 유사도 다소낮음(0.31)
소수주주권,mya_Mymr,အနည်းစုပိုင်ဆိုင်မှု,소수자 소유,0.364,1.2,False,False,20,역번역 유사도 다소낮음(0.36)
소수주주권,tgl_Latn,Pangkalahatang Soberanyo,세계적 주권,0.364,1.2,False,False,20,역번역 유사도 다소낮음(0.36)
소액주주,mya_Mymr,ရှယ်ယာရှင် အသေးစားတွေ,작은 주주들이죠.,0.308,2.25,False,False,20,역번역 유사도 다소낮음(0.31)
송금상태,ind_Latn,Status Transfer,이전 상태,0.444,1.25,False,False,20,역번역 유사도 다소낮음(0.44)
송금상태,tha_Thai,สถานะการโอน,이동 상태,0.444,1.25,False,False,20,역번역 유사도 다소낮음(0.44)
송금상태,tgl_Latn,Ang estado ng pagbabayad,지불 상태,0.444,1.25,False,False,20,역번역 유사도 다소낮음(0.44)
송금이체,ind_Latn,Transfer dana,기금 송금,0.444,1.25,False,False,20,역번역 유사도 다소낮음(0.44)
송금이체,mya_Mymr,ငွေလွှဲစက်။,현금 송금기,0.4,1.5,False,False,20,역번역 유사도 다소낮음(0.40)
송금이체,tgl_Latn,Ang mga transfers,이송,0.333,0.5,False,False,20,역번역 유사도 다소낮음(0.33)
송금한도,mya_Mymr,ငွေလွှဲတာတောင်မှ,심지어는 송금에도요.,0.4,2.75,False,False,20,역번역 유사도 다소낮음(0.40)
수권자본제도,vie_Latn,Chế độ vốn ủy quyền,권한 있는 자본 체제,0.471,1.83,False,False,20,역번역 유사도 다소낮음(0.47)
수권자본제도,tgl_Latn,Ang patente ng kapital.,자본의 특허,0.333,1.0,False,False,20,역번역 유사도 다소낮음(0.33)
수도부족분<결제부족분>,tha_Thai,การขาดแคลนน้ำ <การขาดแคลนการชำระเงิน>,물 부족. 돈 부족.,0.348,0.92,False,False,20,역번역 유사도 다소낮음(0.35)
수량우선의 원칙,mya_Mymr,အရေအတွက် ဦးစားပေးမှု မူဝါဒ,우선 순위 정책입니다.,0.3,1.5,False,False,20,역번역 유사도 다소낮음(0.30)
수요예측방식,tha_Thai,วิธีการคาดการณ์ความต้องการ,요구사항을 예측하는 방법,0.421,2.17,False,False,20,역번역 유사도 다소낮음(0.42)
수요예측방식,tgl_Latn,Mga pamamaraan ng paghula sa pangangailangan,필요를 예측하는 방법,0.471,1.83,False,False,20,역번역 유사도 다소낮음(0.47)
수익률곡선,tha_Thai,เส้นโค้งผลตอบแทน,보너스 곡선,0.364,1.2,False,False,20,역번역 유사도 다소낮음(0.36)
수익률곡선,tgl_Latn,Ang kurba ng kita,소득 곡선,0.4,1.0,False,False,20,역번역 유사도 다소낮음(0.40)
수익률곡선타기전략,ind_Latn,Strategi Mengikuti Kurva Imbal Hasil,보상 곡선을 따라가는 전략,0.348,1.56,False,False,20,역번역 유사도 다소낮음(0.35)
수익률곡선타기전략,mya_Mymr,အကျိုးအမြတ် မျဉ်းကွေးကို ကျော်လွှားဖို့ နည်းဗျူဟာပါ။,이윤곡선을 넘어서기 위한 전략입니다.,0.345,2.22,False,False,20,역번역 유사도 다소낮음(0.34)
수익률곡선타기전략,tgl_Latn,Mga diskarte sa pag-ikot ng kurba ng kita,수익곡선을 회전시키는 방법,0.435,1.56,False,False,20,역번역 유사도 다소낮음(0.43)
수익률스프레드,vie_Latn,Chênh lệch lợi suất,수익률 격차,0.462,0.86,False,False,20,역번역 유사도 다소낮음(0.46)
수익자,tha_Thai,ผู้รับประโยชน์,이득자,0.333,1.0,False,False,20,역번역 유사도 다소낮음(0.33)
수익증권,tha_Thai,หลักทรัพย์หนี้,부채 증권,0.444,1.25,False,False,20,역번역 유사도 다소낮음(0.44)
수정주가평균,vie_Latn,Giá trung bình điều chỉnh,조정된 평균 가격,0.4,1.5,False,False,20,역번역 유사도 다소낮음(0.40)
수정주가평균,mya_Mymr,သန္ဓေသား ပျမ်းမျှက,태아의 평균은,0.308,1.17,False,False,20,역번역 유사도 다소낮음(0.31)
수정주가평균,tgl_Latn,Ang average ng fertility ay,평균 출산율은,0.308,1.17,False,False,20,역번역 유사도 다소낮음(0.31)
수취은행,vie_Latn,Ngân hàng thụ hưởng,유치 은행,0.444,1.25,False,False,20,역번역 유사도 다소낮음(0.44)
수취은행,ind_Latn,Bank Penerima,환불 은행,0.444,1.25,False,False,20,역번역 유사도 다소낮음(0.44)
수취은행,mya_Mymr,ရေစုပ်တဲ့ ဘဏ်ပါ။,펌프 은행입니다.,0.308,2.25,False,False,20,역번역 유사도 다소낮음(0.31)
수취인,vie_Latn,Người nhận,수신자,0.333,1.0,False,False,20,역번역 유사도 다소낮음(0.33)
수취인,ind_Latn,Penerima,수신자,0.333,1.0,False,False,20,역번역 유사도 다소낮음(0.33)
수취인,tha_Thai,ผู้รับ,수신자,0.333,1.0,False,False,20,역번역 유사도 다소낮음(0.33)
수탁계약준칙,vie_Latn,Quy tắc về hợp đồng ủy thác,위탁 계약에 관한 규칙,0.444,2.0,False,False,20,역번역 유사도 다소낮음(0.44)
수탁계약준칙,ind_Latn,Pedoman Perjanjian Perwalian,유탁 계약 지침,0.429,1.33,False,False,20,역번역 유사도 다소낮음(0.43)
수탁계약준칙,tgl_Latn,Mga panuntunan ng kontrata ng pagpapadala,배송 계약의 규칙,0.4,1.5,False,False,20,역번역 유사도 다소낮음(0.40)
수탁회사,vie_Latn,Công ty quản lý quỹ,펀드 관리 회사,0.333,2.0,False,False,20,역번역 유사도 다소낮음(0.33)
수탁회사,ind_Latn,Perusahaan Pengelola,관리 회사,0.444,1.25,False,False,20,역번역 유사도 다소낮음(0.44)
수탁회사,tgl_Latn,Mga kumpanya ng paghahatid,택배 회사,0.444,1.25,False,False,20,역번역 유사도 다소낮음(0.44)
순운전자본,vie_Latn,Vốn lưu động,이동 자본,0.4,1.0,False,False,20,역번역 유사도 다소낮음(0.40)
순자산가치,mya_Mymr,ပိုက်ဆံတန်ဖိုး,금전적 가치,0.364,1.2,False,False,20,역번역 유사도 다소낮음(0.36)
스왑거래,vie_Latn,Giao dịch hoán đổi,교환 거래,0.444,1.25,False,False,20,역번역 유사도 다소낮음(0.44)
스왑거래,ind_Latn,Transaksi swap,교환 거래,0.444,1.25,False,False,20,역번역 유사도 다소낮음(0.44)
스왑거래,tha_Thai,ธุรกรรมแลกเปลี่ยน,거래 사업,0.444,1.25,False,False,20,역번역 유사도 다소낮음(0.44)
스위스옵션 금융선물거래소,tha_Thai,ตลาดสัญญาซื้อขายล่วงหน้าและสัญญาออปชันของสวิส,스위스 선물과 옵션 시장,0.462,1.0,False,False,20,역번역 유사도 다소낮음(0.46)
스톡옵션,vie_Latn,Quyền chọn cổ phiếu,주식 옵션,0.444,1.25,False,False,20,역번역 유사도 다소낮음(0.44)
스톡옵션,ind_Latn,Opsi saham,주식 옵션,0.444,1.25,False,False,20,역번역 유사도 다소낮음(0.44)
스톡옵션,tha_Thai,ตัวเลือกการแบ่งปัน,공유 옵션,0.444,1.25,False,False,20,역번역 유사도 다소낮음(0.44)
스톡옵션,tgl_Latn,Mga stock option,주식 옵션,0.444,1.25,False,False,20,역번역 유사도 다소낮음(0.44)
스트랩,vie_Latn,Dây đeo,벨트,0.4,0.67,False,False,20,역번역 유사도 다소낮음(0.40)
스프레드거래,mya_Mymr,စပရင်ဒ် ကုန်သွယ်မှု,스프링트 무역,0.308,1.17,False,False,20,역번역 유사도 다소낮음(0.31)
시가발행제도,vie_Latn,Chế độ phát hành trái phiếu thành phố,도시 채권 발행 체제,0.471,1.83,False,False,20,역번역 유사도 다소낮음(0.47)
시가총액,tha_Thai,มูลค่าตลาด,시장 가치,0.444,1.25,False,False,20,역번역 유사도 다소낮음(0.44)
시가총액,tgl_Latn,Pangkalahatang halaga ng merkado,전체 시장 가치,0.333,2.0,False,False,20,역번역 유사도 다소낮음(0.33)
시가총액식 주가지수,tha_Thai,ดัชนีหุ้นที่ปรับตามมูลค่าตลาด,시장 가치에 맞게 조정된 주식 지표,0.345,1.9,False,False,20,역번역 유사도 다소낮음(0.34)
시간우선의 원칙,mya_Mymr,အချိန်ရဲ့ ရှေ့ဆက်မှု မူဝါဒ,시간의 흐름의 법칙입니다.,0.455,1.75,False,False,20,역번역 유사도 다소낮음(0.45)
시장위험,ind_Latn,Risiko Pasar,위험 시장,0.444,1.25,False,False,20,역번역 유사도 다소낮음(0.44)
시장주문,vie_Latn,Lệnh thị trường,시장 명령,0.444,1.25,False,False,20,역번역 유사도 다소낮음(0.44)
시장주문,mya_Mymr,စျေးကွက် မေးခွန်း,시장의 질문입니다.,0.429,2.5,False,False,20,역번역 유사도 다소낮음(0.43)
시장타이밍수입,vie_Latn,Thu nhập từ việc nắm bắt thời điểm thị trường,시장 시기를 잡는 수익,0.316,1.71,False,False,20,역번역 유사도 다소낮음(0.32)
시장포트폴리오,mya_Mymr,စျေးကွက် ပိုင်ဆိုင်မှု,시장 소유,0.333,0.71,False,False,20,역번역 유사도 다소낮음(0.33)
신디케이트,mya_Mymr,Syndicate ပါ။,'시니케이트'입니다.,0.375,2.2,False,False,20,역번역 유사도 다소낮음(0.38)
신용거래,tha_Thai,การซื้อขายด้วยมาร์จิ้น,마진 거래,0.444,1.25,False,False,20,역번역 유사도 다소낮음(0.44)
신용평가기관,vie_Latn,Tổ chức xếp hạng tín dụng,신용등급 조직,0.308,1.17,False,False,20,역번역 유사도 다소낮음(0.31)
신주인수권증권,vie_Latn,Chứng khoán quyền mua cổ phiếu mới,새로운 주식을 구매할 수 있는 증권,0.308,2.71,False,False,20,역번역 유사도 다소낮음(0.31)
신주인수권증권,mya_Mymr,အိမ်ရှင်လိုင်စင် လက်မှတ်,주인의 면허증,0.429,1.0,False,False,20,역번역 유사도 다소낮음(0.43)
신주인수권증서,ind_Latn,Sertifikat Hak Pembelian Saham Baru,새로운 주식 구매권 인증서,0.381,2.0,False,False,20,역번역 유사도 다소낮음(0.38)
신주인수권증서,mya_Mymr,အိမ်ရှင်လိုင်စင် လက်မှတ်။,주인의 면허증입니다.,0.333,1.57,False,False,20,역번역 유사도 다소낮음(0.33)
신탁계정,vie_Latn,Tài khoản ủy thác,위탁 계좌,0.444,1.25,False,False,20,역번역 유사도 다소낮음(0.44)
신탁계정,mya_Mymr,ယုံကြည်မှု သဘောတူညီချက်။,신뢰 협정입니다.,0.308,2.25,False,False,20,역번역 유사도 다소낮음(0.31)
신탁계정,tgl_Latn,Pagtiwala,신뢰,0.333,0.5,False,False,20,역번역 유사도 다소낮음(0.33)
신탁법,vie_Latn,Luật Quản lý tài sản ủy thác,위탁물 관리법,0.4,2.33,False,False,20,역번역 유사도 다소낮음(0.40)
신탁법,tha_Thai,พระราชบัญญัติความไว้วางใจ,신뢰의 법령,0.444,2.0,False,False,20,역번역 유사도 다소낮음(0.44)
신탁법,mya_Mymr,ယုံကြည်မှု ဥပဒေ။,신뢰의 법칙,0.444,2.0,False,False,20,역번역 유사도 다소낮음(0.44)
신탁법,tgl_Latn,Batas ng Pagtiwala,신뢰의 법칙,0.444,2.0,False,False,20,역번역 유사도 다소낮음(0.44)
신탁보수,ind_Latn,Biaya administrasi perwalian,신탁 관리 비용,0.333,2.0,False,False,20,역번역 유사도 다소낮음(0.33)
신탁재산,vie_Latn,Tài sản ủy thác,위탁 자산,0.444,1.25,False,False,20,역번역 유사도 다소낮음(0.44)
신탁재산표시 말소,vie_Latn,Xóa ghi nhận tài sản ủy thác,위탁자산 등록 삭제,0.316,1.11,False,False,20,역번역 유사도 다소낮음(0.32)
신탁재산표시 말소,tha_Thai,การยกเลิกการกำหนดทรัพย์สินในความไว้วางใจ,신탁에 있는 재산을 폐지합니다.,0.385,1.89,False,False,20,역번역 유사도 다소낮음(0.38)
신탁회사,vie_Latn,Công ty quản lý quỹ,펀드 관리 회사,0.333,2.0,False,False,20,역번역 유사도 다소낮음(0.33)
신탁회사,tha_Thai,บริษัททรัสต์,트러스트 회사,0.364,1.75,False,False,20,역번역 유사도 다소낮음(0.36)
실기주,tha_Thai,หุ้นสามัญ,주식,0.4,0.67,False,False,20,역번역 유사도 다소낮음(0.40)
실기주과실,mya_Mymr,လက်တွေ့ဆေးခန်း။,실험실입니다.,0.333,1.4,False,False,20,역번역 유사도 다소낮음(0.33)
실물거래,tha_Thai,การซื้อขายแบบกายภาพ,물리적인 거래입니다.,0.4,2.75,False,False,20,역번역 유사도 다소낮음(0.40)
실물거래,tgl_Latn,Tunay na kalakalan,진짜 거래,0.444,1.25,False,False,20,역번역 유사도 다소낮음(0.44)
실물결제,mya_Mymr,လက်တွေ့ ဖြေရှင်းနည်း,실용적인 해결책,0.333,2.0,False,False,20,역번역 유사도 다소낮음(0.33)
실시간 총액(량)결제시스템,mya_Mymr,အချိန်နဲ့တပြေးညီ စုစုပေါင်း (သို့) ပမာဏ ဆုံးဖြတ်ချက်စနစ်,실시간 집합적 또는 양적 의사결정 시스템입니다.,0.4,1.86,False,False,20,역번역 유사도 다소낮음(0.40)
실시간 총액(량)결제시스템,tgl_Latn,Real-time na kabuuan ng halaga ng solusyon system,시스템 솔루션 값의 실시간 총액,0.387,1.21,False,False,20,역번역 유사도 다소낮음(0.39)
실적배당신탁,tgl_Latn,"Sa totoo lang, ang iyong lamesa.","사실, 당신의 책상입니다.",0.3,2.33,False,False,20,역번역 유사도 다소낮음(0.30)
실질이자율,tgl_Latn,Katotohanan at rate,사실과 비율,0.364,1.2,False,False,20,역번역 유사도 다소낮음(0.36)
실질주주 권리배정 명세표,vie_Latn,Bảng chi tiết phân bổ quyền lợi cho cổ đông thực tế,실제 주주들에 대한 이익 분배 세부 테이블,0.389,1.77,False,False,20,역번역 유사도 다소낮음(0.39)
실질주주증명서제도,ind_Latn,Sistem Sertifikat Pemegang Saham Sesungguhnya,진짜 주주 인증서 시스템,0.364,1.44,False,False,20,역번역 유사도 다소낮음(0.36)
실효이자율,mya_Mymr,ထိရောက်မှုနှုန်းနဲ့,효율성입니다.,0.333,1.4,False,False,20,역번역 유사도 다소낮음(0.33)
실효이자율,tgl_Latn,Epektibo at rate,효과와 비율,0.364,1.2,False,False,20,역번역 유사도 다소낮음(0.36)
쌍방연계방식,tha_Thai,วิธีเชื่อมโยงสองทาง,두 가지 연결 방식입니다.,0.3,2.33,False,False,20,역번역 유사도 다소낮음(0.30)
써클결제,vie_Latn,Thanh toán qua Circle,서클을 통해 결제,0.462,2.25,False,False,20,역번역 유사도 다소낮음(0.46)
써클결제,ind_Latn,Pembayaran Circle,결제 서클,0.444,1.25,False,False,20,역번역 유사도 다소낮음(0.44)
아리랑본드,mya_Mymr,အာရီလန်းဘွန်ဒ်။,아릴랜드 본드.,0.462,1.6,False,False,20,역번역 유사도 다소낮음(0.46)
아시아·태평양 중앙예탁기관협의회,tha_Thai,สภาศูนย์รับฝากหลักทรัพย์ภูมิภาคเอเชีย-แปซิฟิก,아시아·태평양 지역 증권거래센터,0.471,1.0,False,False,20,역번역 유사도 다소낮음(0.47)
아시안달러본드,vie_Latn,Trái phiếu bằng đồng đô la châu Á,아시아 달러의 채권,0.471,1.43,False,False,20,역번역 유사도 다소낮음(0.47)
액면가,mya_Mymr,အရည်မျက်နှာပြင်,액체의 표면,0.444,2.0,False,False,20,역번역 유사도 다소낮음(0.44)
액면발행,vie_Latn,Phát hành theo mệnh giá,부가가치로 발행,0.333,2.0,False,False,20,역번역 유사도 다소낮음(0.33)
액면발행,ind_Latn,Penerbitan nominal,명목 발행,0.444,1.25,False,False,20,역번역 유사도 다소낮음(0.44)
액면분할,ind_Latn,Pembagian nilai nominal,부가가치 분할,0.364,1.75,False,False,20,역번역 유사도 다소낮음(0.36)
양도성예금증서,mya_Mymr,ငွေပေးချေမှု လက်မှတ်,결제증서,0.364,0.57,False,False,20,역번역 유사도 다소낮음(0.36)
양키본드,tha_Thai,พันธบัตรแยงกี้,양키 채권,0.444,1.25,False,False,20,역번역 유사도 다소낮음(0.44)
어카운트 결제,tha_Thai,การชำระเงินบัญชี,청구서 결제,0.462,0.86,False,False,20,역번역 유사도 다소낮음(0.46)
역금리,vie_Latn,Lãi suất âm,마이너스 금리,0.4,2.33,False,False,20,역번역 유사도 다소낮음(0.40)
역분식결산,vie_Latn,Kết toán theo phương pháp phân bổ ngược,역분배로 계산합니다.,0.375,2.2,False,False,20,역번역 유사도 다소낮음(0.38)
역외시장,mya_Mymr,ဆန့်ကျင်ဘက် စျေးကွက်,반대 시장입니다.,0.308,2.25,False,False,20,역번역 유사도 다소낮음(0.31)
역외자금,vie_Latn,Vốn từ nước ngoài,외국 자본,0.444,1.25,False,False,20,역번역 유사도 다소낮음(0.44)
연기금,ind_Latn,Dana Pensiun,퇴직금,0.333,1.0,False,False,20,역번역 유사도 다소낮음(0.33)
연기금,tha_Thai,กองทุนบำนาญ,퇴직금,0.333,1.0,False,False,20,역번역 유사도 다소낮음(0.33)
연기금,mya_Mymr,နောက်ဆုတ်ငွေ,추출금,0.333,1.0,False,False,20,역번역 유사도 다소낮음(0.33)
연방준비은행,ind_Latn,Bank Sentral AS,미국 중앙은행,0.308,1.17,False,False,20,역번역 유사도 다소낮음(0.31)
연방준비은행,tha_Thai,ธนาคารกลางสหรัฐ,미국 중앙은행,0.308,1.17,False,False,20,역번역 유사도 다소낮음(0.31)
연방준비은행,mya_Mymr,Fed ဘဏ်ပါ။,미국 연방은행입니다.,0.471,1.83,False,False,20,역번역 유사도 다소낮음(0.47)
연속결제,tha_Thai,การชำระเงินแบบประจำ,정규 결제,0.444,1.25,False,False,20,역번역 유사도 다소낮음(0.44)
연속결제,mya_Mymr,ဆက်တိုက် ဖြေရှင်းခြင်း။,연속적인 해결입니다.,0.4,2.75,False,False,20,역번역 유사도 다소낮음(0.40)
영구사채,ind_Latn,Obligasi abadi,영원한 채권,0.4,1.5,False,False,20,역번역 유사도 다소낮음(0.40)
영구사채,tgl_Latn,Permanenteng kontrata,영구 계약,0.444,1.25,False,False,20,역번역 유사도 다소낮음(0.44)
영시조항,vie_Latn,Điều khoản về thơ ca cổ điển,고전 시에 관한 조항,0.4,2.75,False,False,20,역번역 유사도 다소낮음(0.40)
예비증권,vie_Latn,Chứng khoán dự trữ,주식 증권,0.444,1.25,False,False,20,역번역 유사도 다소낮음(0.44)
예비증권,ind_Latn,Surat berharga sementara,임시 증권,0.444,1.25,False,False,20,역번역 유사도 다소낮음(0.44)
예비증권,tgl_Latn,Mga reservation,예약,0.333,0.5,False,False,20,역번역 유사도 다소낮음(0.33)
예탁계좌,vie_Latn,Tài khoản ký quỹ,기금 계좌,0.444,1.25,False,False,20,역번역 유사도 다소낮음(0.44)
예탁계좌,tgl_Latn,Mga account ng pag-aalaga,돌봄 계좌,0.444,1.25,False,False,20,역번역 유사도 다소낮음(0.44)
예탁대상유가증권,mya_Mymr,လက်ဝယ်လက်မှတ်။,상품권.,0.333,0.5,False,False,20,역번역 유사도 다소낮음(0.33)
예탁자,tha_Thai,ผู้ฝากเงิน,보금자,0.333,1.0,False,False,20,역번역 유사도 다소낮음(0.33)
예탁자계좌부,ind_Latn,Buku Rekening Pemegang Deposito,예금회계기록,0.333,1.0,False,False,20,역번역 유사도 다소낮음(0.33)
예탁자계좌부,mya_Mymr,စာရင်းကိုင်ဌာန။,회계부,0.444,0.5,False,False,20,역번역 유사도 다소낮음(0.44)
예탁자계좌부,tgl_Latn,Mga katulong sa accounting.,회계 부속사,0.333,1.0,False,False,20,역번역 유사도 다소낮음(0.33)
예탁자기금,ind_Latn,Dana Penitipan,보육 기금,0.4,1.0,False,False,20,역번역 유사도 다소낮음(0.40)
예탁자기금,tha_Thai,กองทุนผู้ฝากเงิน,보금자금,0.444,0.8,False,False,20,역번역 유사도 다소낮음(0.44)
예탁자기금,mya_Mymr,အပ်နှံငွေပါ။,예금입니다.,0.364,1.2,False,False,20,역번역 유사도 다소낮음(0.36)
예탁증명서제도,tgl_Latn,Ang mga sertipiko ng kontrata.,계약서 증명서,0.429,1.0,False,False,20,역번역 유사도 다소낮음(0.43)
옵션부사채,ind_Latn,Obligasi dengan opsi,옵션이 있는 채권,0.429,1.8,False,False,20,역번역 유사도 다소낮음(0.43)
옵션부사채,tgl_Latn,Option Debt,채권 옵션,0.4,1.0,False,False,20,역번역 유사도 다소낮음(0.40)
외국보관기관,vie_Latn,Tổ chức lưu trữ nước ngoài,해외기록기구,0.333,1.0,False,False,20,역번역 유사도 다소낮음(0.33)
외국보관기관,tha_Thai,สถาบันรับฝากหลักทรัพย์ต่างประเทศ,해외 증권 기금 기관,0.353,1.83,False,False,20,역번역 유사도 다소낮음(0.35)
외국보관기관,mya_Mymr,နိုင်ငံခြား လုံခြုံရေးဌာန,국무안보부,0.364,0.83,False,False,20,역번역 유사도 다소낮음(0.36)
외국보관기관,tgl_Latn,Mga Tagapangasiwa ng Banyagang Bansa,외국의 감독자,0.308,1.17,False,False,20,역번역 유사도 다소낮음(0.31)
외화차입 담보관리제,vie_Latn,Hệ thống quản lý tài sản đảm bảo cho các khoản vay bằng ngoại tệ,외환 대출을 보장하는 자산 관리 시스템,0.323,2.1,False,False,20,역번역 유사도 다소낮음(0.32)
외화차입 담보관리제,ind_Latn,Sistem Pengelolaan Jaminan Pinjaman Mata Uang Asing,외환 대출 보증 관리 시스템,0.4,1.5,False,False,20,역번역 유사도 다소낮음(0.40)
외화차입 담보관리제,tha_Thai,ระบบบริหารจัดการหลักประกันการกู้เงินสกุลเงินต่างประเทศ,외환채권보험 관리 시스템,0.348,1.3,False,False,20,역번역 유사도 다소낮음(0.35)
외환시장,tgl_Latn,Mga merkado ng pera,통화 시장,0.444,1.25,False,False,20,역번역 유사도 다소낮음(0.44)
우량주,ind_Latn,Saham unggulan,주식,0.4,0.67,False,False,20,역번역 유사도 다소낮음(0.40)
우리사주조합,mya_Mymr,ကျွန်တော်တို့ရဲ့ အစုရှယ်ယာရှင် အဖွဲ့အစည်းပါ။,우리 주식회사입니다.,0.353,1.83,False,False,20,역번역 유사도 다소낮음(0.35)
우리사주조합,tgl_Latn,Ang aming mga shareholder.,우리 주주들.,0.462,1.17,False,False,20,역번역 유사도 다소낮음(0.46)
운영위험,ind_Latn,Risiko Operasional,운영 위험,0.889,1.25,False,True,20,is_dup(다의어)
운영위험,ind_Latn,Risiko Operasional,운영 위험,0.889,1.25,False,True,20,is_dup(다의어)
운영위험,tha_Thai,ความเสี่ยงในการดำเนินงาน,운영의 위험성,0.727,1.75,False,True,20,is_dup(다의어)
운영위험,tha_Thai,ความเสี่ยงในการดำเนินงาน,운영의 위험성,0.727,1.75,False,True,20,is_dup(다의어)
운영위험,mya_Mymr,လည်ပတ်မှု အန္တရာယ်။,운용 위험.,0.6,1.5,False,True,20,is_dup(다의어)
운영위험,mya_Mymr,လည်ပတ်မှု အန္တရာယ်။,운용 위험.,0.6,1.5,False,True,20,is_dup(다의어)
운영위험,tgl_Latn,Mga panganib sa pagpapatakbo,운전의 위험성,0.545,1.75,False,True,20,is_dup(다의어)
운영위험,tgl_Latn,Mga panganib sa pagpapatakbo,운전의 위험성,0.545,1.75,False,True,20,is_dup(다의어)
원본위험,ind_Latn,Risiko Asli,자연스러운 위험,0.333,2.0,False,False,20,역번역 유사도 다소낮음(0.33)
원본위험,mya_Mymr,မူလ အန္တရာယ်ပါ။,근본적인 위험입니다.,0.4,2.75,False,False,20,역번역 유사도 다소낮음(0.40)
원천과세,vie_Latn,Khấu trừ thuế tại nguồn,근원세 감면,0.4,1.5,False,False,20,역번역 유사도 다소낮음(0.40)
원화표시채권,vie_Latn,Trái phiếu niêm yết bằng đồng won,원으로 등록된 채권,0.375,1.67,False,False,20,역번역 유사도 다소낮음(0.38)
웹거래시스템,tha_Thai,ระบบซื้อขายออนไลน์,온라인 쇼핑 시스템,0.375,1.67,False,False,20,역번역 유사도 다소낮음(0.38)
위약손해배상공동기금,vie_Latn,Quỹ chung bồi thường thiệt hại do vi phạm hợp đồng,계약 위반으로 인한 손해배상금,0.462,1.6,False,False,20,역번역 유사도 다소낮음(0.46)
위약손해배상공동기금,ind_Latn,Dana Bersama Ganti Rugi atas Pelanggaran Perjanjian,협약 위반으로 인한 손해배상 공모금,0.483,1.9,False,False,20,역번역 유사도 다소낮음(0.48)
위약손해배상공동기금,tha_Thai,กองทุนร่วมเพื่อชดเชยกรณีละเมิดสัญญา,계약 위반에 대한 배상금,0.348,1.3,False,False,20,역번역 유사도 다소낮음(0.35)
위탁매매,vie_Latn,Giao dịch ủy thác,위탁 거래,0.444,1.25,False,False,20,역번역 유사도 다소낮음(0.44)
위탁매매,mya_Mymr,အပ်နှံရောင်းချမှု။,매매입니다.,0.4,1.5,False,False,20,역번역 유사도 다소낮음(0.40)
위탁자청산서비스,tha_Thai,บริการชำระบัญชีโดยผู้รับมอบหมาย,대리인의 결제 서비스,0.316,1.38,False,False,20,역번역 유사도 다소낮음(0.32)
위탁회사,ind_Latn,Perusahaan yang ditunjuk,지정된 회사,0.4,1.5,False,False,20,역번역 유사도 다소낮음(0.40)
위탁회사,tha_Thai,บริษัทรับจ้าง,고용 회사,0.444,1.25,False,False,20,역번역 유사도 다소낮음(0.44)
위탁회사,tgl_Latn,Mga kumpanya ng trust,트러스트 회사,0.364,1.75,False,False,20,역번역 유사도 다소낮음(0.36)
위험프리미엄,vie_Latn,Phí rủi ro,위험 요금,0.364,0.83,False,False,20,역번역 유사도 다소낮음(0.36)
유가증권,tgl_Latn,Mga testamento,유언,0.333,0.5,False,False,20,역번역 유사도 다소낮음(0.33)
유가증권 현송,ind_Latn,Pengiriman Efek,효과 전송,0.333,0.71,False,False,20,역번역 유사도 다소낮음(0.33)
유가증권 현송,tgl_Latn,Pagpapadala ng warranty,보증서 발송,0.462,0.86,False,False,20,역번역 유사도 다소낮음(0.46)
유동성위험,tha_Thai,ความเสี่ยงด้านสภาพคล่อง,그 위험은,0.4,1.0,False,False,20,역번역 유사도 다소낮음(0.40)
유동성위험,mya_Mymr,ငွေလွှဲပြောင်းမှု အန္တရာယ်ပါ။,금융위험입니다.,0.308,1.6,False,False,20,역번역 유사도 다소낮음(0.31)
유럽중앙예탁기관협의회,ind_Latn,Asosiasi Lembaga Penyimpanan Efek Eropa,유럽 증권보유소 협회,0.364,1.0,False,False,20,역번역 유사도 다소낮음(0.36)
유럽중앙예탁기관협의회,tha_Thai,สมาคมศูนย์รับฝากหลักทรัพย์กลางยุโรป,유럽 중앙 증권거래소 협회,0.48,1.27,False,False,20,역번역 유사도 다소낮음(0.48)
유럽중앙예탁기관협의회,mya_Mymr,ဥရောပ ဗဟိုအလေးထားမှု အဖွဲ့ချုပ်,유럽중심주의연합,0.421,0.73,False,False,20,역번역 유사도 다소낮음(0.42)
유럽형 옵션,tha_Thai,ตัวเลือกแบบยุโรป,유럽식 선택이죠.,0.4,1.5,False,False,20,역번역 유사도 다소낮음(0.40)
유럽형 옵션,mya_Mymr,ဥရောပပုံစံ ရွေးချယ်မှု,유럽 모델 선택,0.429,1.33,False,False,20,역번역 유사도 다소낮음(0.43)
유럽형 옵션,tgl_Latn,Mga pagpipilian sa Europa,유럽에서의 선택,0.429,1.33,False,False,20,역번역 유사도 다소낮음(0.43)
유로본드,ind_Latn,Eurobond,유로 채권,0.444,1.25,False,False,20,역번역 유사도 다소낮음(0.44)
유로본드,tha_Thai,ยูโรบอนด์,유로 채권,0.444,1.25,False,False,20,역번역 유사도 다소낮음(0.44)
유로본드,mya_Mymr,ယူရိုဘောင်,유로 프레임,0.4,1.5,False,False,20,역번역 유사도 다소낮음(0.40)
유로본드,tgl_Latn,Ang Eurobond,유로 채권,0.444,1.25,False,False,20,역번역 유사도 다소낮음(0.44)
유로통화,tgl_Latn,Pagpapalit ng euro,유로 교환,0.444,1.25,False,False,20,역번역 유사도 다소낮음(0.44)
유보율,mya_Mymr,မွေးဖွားမှုနှုန်း,출산율,0.333,1.0,False,False,20,역번역 유사도 다소낮음(0.33)
유보율,tgl_Latn,Mga rate ng pagkamayabong,출산율,0.333,1.0,False,False,20,역번역 유사도 다소낮음(0.33)
유지청구권,mya_Mymr,ထိန်းသိမ်းခွင့် တောင်းဆိုချက်,보존청구,0.444,0.8,False,False,20,역번역 유사도 다소낮음(0.44)
유치권,tgl_Latn,Karapatan,권리,0.4,0.67,False,False,20,역번역 유사도 다소낮음(0.40)
유통DR,ind_Latn,DR Distribusi,DR 배포,0.444,1.25,False,False,20,역번역 유사도 다소낮음(0.44)
유통DR,tha_Thai,การแจกจ่าย DR,DR 분배,0.444,1.25,False,False,20,역번역 유사도 다소낮음(0.44)
유통DR,mya_Mymr,ဖြန့်ဖြူးမှု DR,분포 DR,0.444,1.25,False,False,20,역번역 유사도 다소낮음(0.44)
유통DR,tgl_Latn,Distribusyon DR,분포 DR,0.444,1.25,False,False,20,역번역 유사도 다소낮음(0.44)
의결권,vie_Latn,Quyền biểu quyết,투표권,0.333,1.0,False,False,20,역번역 유사도 다소낮음(0.33)
의결권,ind_Latn,hak suara,투표권,0.333,1.0,False,False,20,역번역 유사도 다소낮음(0.33)
의결권,tha_Thai,สิทธิในการลงคะแนน,투표권,0.333,1.0,False,False,20,역번역 유사도 다소낮음(0.33)
의결권 대리인,tha_Thai,ผู้ถือสิทธิ์แทน,권리자 대신,0.462,0.86,False,False,20,역번역 유사도 다소낮음(0.46)
의결권 불통일행사,ind_Latn,Pelaksanaan Hak Suara yang Tidak Seragam,불평등한 투표권 행사,0.4,1.22,False,False,20,역번역 유사도 다소낮음(0.40)
의결권 불통일행사,mya_Mymr,ဆုံးဖြတ်ချက်ချခွင့် ပဋိပက္ခ,의사결정권 갈등,0.471,0.89,False,False,20,역번역 유사도 다소낮음(0.47)
의결권신탁,vie_Latn,Ủy thác quyền biểu quyết,투표권 위탁자,0.333,1.4,False,False,20,역번역 유사도 다소낮음(0.33)
의결권신탁,mya_Mymr,ဆုံးဖြတ်ချက်ချပိုင်ခွင့် ယုံကြည်မှု။,의사결정권에 대한 믿음,0.353,2.4,False,False,20,역번역 유사도 다소낮음(0.35)
의결권주,mya_Mymr,ဆုံးဖြတ်ချက်ချသူ,의사결정자,0.444,1.25,False,False,20,역번역 유사도 다소낮음(0.44)
의결권주,tgl_Latn,Mga may kapangyarihang magpasya,의사결정권을 가진 사람,0.375,3.0,False,False,20,역번역 유사도 다소낮음(0.38)
의결권행사의 제한,vie_Latn,Hạn chế việc thực hiện quyền biểu quyết,투표권을 제한하는 것,0.4,1.22,False,False,20,역번역 유사도 다소낮음(0.40)
의결권행사의 제한,ind_Latn,Pembatasan Pelaksanaan Hak Suara,투표권을 제한하는 것,0.4,1.22,False,False,20,역번역 유사도 다소낮음(0.40)
의제배당,ind_Latn,Pembagian Dividen Berdasarkan Agenda,일정에 따라 배당,0.308,2.25,False,False,20,역번역 유사도 다소낮음(0.31)
이익배당,tha_Thai,การแจกจ่ายกำไร,이윤 분배,0.444,1.25,False,False,20,역번역 유사도 다소낮음(0.44)
이익잉여금,ind_Latn,Laba ditahan,수익금지,0.444,0.8,False,False,20,역번역 유사도 다소낮음(0.44)
이익잉여금처분계산서,vie_Latn,Bảng tính phân phối lợi nhuận,이윤 분배 전산,0.333,0.8,False,False,20,역번역 유사도 다소낮음(0.33)
이익준비금,vie_Latn,Quỹ dự phòng lợi nhuận,수익보조기금,0.364,1.2,False,False,20,역번역 유사도 다소낮음(0.36)
이익준비금,tha_Thai,ทุนสำรองกำไร,이윤보조자금,0.364,1.2,False,False,20,역번역 유사도 다소낮음(0.36)
이익참가부사채,ind_Latn,Obligasi dengan Hak atas Laba,이윤의 권리를 가진 채권,0.3,1.86,False,False,20,역번역 유사도 다소낮음(0.30)
이자 계산일수,vie_Latn,Số ngày tính lãi,유료일 수,0.333,0.71,False,False,20,역번역 유사도 다소낮음(0.33)
이자 계산일수,ind_Latn,Jumlah hari perhitungan bunga,이산화탄소,0.333,0.71,False,False,20,역번역 유사도 다소낮음(0.33)
이자 계산일수,tha_Thai,จำนวนวันที่ใช้ในการคำนวณดอกเบี้ย,이율을 계산하는 데 걸리는 날 수,0.4,2.57,False,False,20,역번역 유사도 다소낮음(0.40)
이자 계산일수,tgl_Latn,Magbayad ng interes.,이자를 지불하세요.,0.353,1.43,False,False,20,역번역 유사도 다소낮음(0.35)
이자소득,vie_Latn,Thu nhập từ lãi suất,이자 수입,0.444,1.25,False,False,20,역번역 유사도 다소낮음(0.44)
이자소득,tha_Thai,รายได้จากดอกเบี้ย,이산화탄소,0.444,1.25,False,False,20,역번역 유사도 다소낮음(0.44)
이자소득,tgl_Latn,Mga kita ng interes,이자 수익,0.444,1.25,False,False,20,역번역 유사도 다소낮음(0.44)
이자율위험,ind_Latn,Risiko suku bunga,금리 위험,0.4,1.0,False,False,20,역번역 유사도 다소낮음(0.40)
이자율위험,tgl_Latn,Ang mga panganib ng interes,관심의 위험,0.364,1.2,False,False,20,역번역 유사도 다소낮음(0.36)
이중청약,vie_Latn,Đăng ký mua kép,이중 구매 등록,0.333,2.0,False,False,20,역번역 유사도 다소낮음(0.33)
이중청약,ind_Latn,Pendaftaran Ganda,이중 등록,0.444,1.25,False,False,20,역번역 유사도 다소낮음(0.44)
이중청약,mya_Mymr,နှစ်ထပ်သန့်စင်မှုပါ။,이중 정화입니다.,0.308,2.25,False,False,20,역번역 유사도 다소낮음(0.31)
이체취소,vie_Latn,Hủy chuyển khoản,송금 취소,0.444,1.25,False,False,20,역번역 유사도 다소낮음(0.44)
이체취소,tha_Thai,ยกเลิกการโอนเงิน,송금 취소,0.444,1.25,False,False,20,역번역 유사도 다소낮음(0.44)
이체한도,ind_Latn,Batas transfer,이동 제한,0.444,1.25,False,False,20,역번역 유사도 다소낮음(0.44)
이행보증기관,ind_Latn,Lembaga Penjamin Pelaksanaan,실행을 보장하는 기관,0.471,1.83,False,False,20,역번역 유사도 다소낮음(0.47)
이행보증기관,tha_Thai,ผู้ให้บริการรับประกันประสิทธิภาพ,성능보증사업자,0.308,1.17,False,False,20,역번역 유사도 다소낮음(0.31)
이행보증기관,mya_Mymr,အကောင်အထည်ဖော်မှု အာမခံဌာန,집행보장청,0.364,0.83,False,False,20,역번역 유사도 다소낮음(0.36)
이행보증기관,tgl_Latn,Mga Ahente ng Pag-iimbak,저장 기관,0.364,0.83,False,False,20,역번역 유사도 다소낮음(0.36)
인덱세이션,vie_Latn,Chỉ mục hóa,인덱스화,0.444,0.8,False,False,20,역번역 유사도 다소낮음(0.44)
인덱스펀드,tgl_Latn,Ang index fund,지수 펀드,0.4,1.0,False,False,20,역번역 유사도 다소낮음(0.40)
인도형 repo,ind_Latn,Repo model India,인도 모델 리포,0.375,1.0,False,False,20,역번역 유사도 다소낮음(0.38)
인도형 repo,tha_Thai,การขายคืนแบบอินเดีย,인도식 재매매,0.4,0.88,False,False,20,역번역 유사도 다소낮음(0.40)
인도형 repo,mya_Mymr,အိန္ဒိယပုံစံ repo,인도 모델의 리포,0.353,1.12,False,False,20,역번역 유사도 다소낮음(0.35)
인도형 repo,tgl_Latn,Repo ng India,인도의 리포,0.429,0.75,False,False,20,역번역 유사도 다소낮음(0.43)
인수단,vie_Latn,Đoàn tiếp nhận,수용팀,0.333,1.0,False,False,20,역번역 유사도 다소낮음(0.33)
인터넷 인수업자,tha_Thai,ผู้จำหน่ายต่อทางออนไลน์,온라인 판매자,0.4,0.88,False,False,20,역번역 유사도 다소낮음(0.40)
인트라넷,mya_Mymr,အင်တာနက်ပါ။,인터넷입니다.,0.364,1.75,False,False,20,역번역 유사도 다소낮음(0.36)
일괄등록,vie_Latn,Đăng ký hàng loạt,대량 등록,0.444,1.25,False,False,20,역번역 유사도 다소낮음(0.44)
일괄등록,ind_Latn,Pendaftaran Massal,대량 등록,0.444,1.25,False,False,20,역번역 유사도 다소낮음(0.44)
일괄등록,tha_Thai,การลงทะเบียนแบบกลุ่ม,그룹 등록,0.444,1.25,False,False,20,역번역 유사도 다소낮음(0.44)
일괄처리방식,vie_Latn,Phương thức xử lý hàng loạt,대량 처리 방법,0.429,1.33,False,False,20,역번역 유사도 다소낮음(0.43)
일괄처리방식,ind_Latn,Metode pemrosesan massal,대량 처리 방법,0.429,1.33,False,False,20,역번역 유사도 다소낮음(0.43)
일괄처리방식,tha_Thai,วิธีการประมวลผลแบบกลุ่ม,집단 처리 방식입니다.,0.444,2.0,False,False,20,역번역 유사도 다소낮음(0.44)
일반균형이론,tha_Thai,ทฤษฎีสมดุลทั่วไป,공평성 이론,0.333,1.0,False,False,20,역번역 유사도 다소낮음(0.33)
일반담보물,mya_Mymr,ယေဘုယျ သတင်းပါ။,일반적인 정보입니다.,0.375,2.2,False,False,20,역번역 유사도 다소낮음(0.38)
일반담보물,tgl_Latn,Pangkaraniwang balita,일반 뉴스,0.4,1.0,False,False,20,역번역 유사도 다소낮음(0.40)
일반사무수탁회사,mya_Mymr,အထွေထွေ ဝန်ဆောင်မှု ကုမ္ပဏီ,일반 서비스 회사,0.471,1.12,False,False,20,역번역 유사도 다소낮음(0.47)
일반사무수탁회사,tgl_Latn,Ang General Services Company.,일반 서비스 회사입니다.,0.381,1.62,False,False,20,역번역 유사도 다소낮음(0.38)
일방연계방식,ind_Latn,Metode pengikatan sepihak,일방적으로 묶는 방법,0.353,1.83,False,False,20,역번역 유사도 다소낮음(0.35)
일방연계방식,tha_Thai,วิธีการเชื่อมโยงแบบทิศทางเดียว,단방향 연결 방식입니다.,0.421,2.17,False,False,20,역번역 유사도 다소낮음(0.42)
일본증권결제회사,mya_Mymr,ဂျပန် စက္ကူဖြေရှင်းရေး ကုမ္ပဏီ,일본의 종이 처리 회사,0.4,1.5,False,False,20,역번역 유사도 다소낮음(0.40)
일본증권보관대체기구,tha_Thai,ศูนย์รับฝากหลักทรัพย์กลางของญี่ปุ่น,일본 중앙 증권거래소,0.381,1.1,False,False,20,역번역 유사도 다소낮음(0.38)
일본증권보관대체기구,tgl_Latn,Japanese Securities and Exchange Commission,일본 증권거래위원회,0.4,1.0,False,False,20,역번역 유사도 다소낮음(0.40)
일일차감,vie_Latn,Khấu trừ hàng ngày,매일 마감,0.444,1.25,False,False,20,역번역 유사도 다소낮음(0.44)
일일차감,tgl_Latn,Araw-araw.,매일 매일,0.444,1.25,False,False,20,역번역 유사도 다소낮음(0.44)
잉여금,ind_Latn,surplus,과잉,0.4,0.67,False,False,20,역번역 유사도 다소낮음(0.40)
자기매매,tgl_Latn,Pagbebenta ng sarili.,자기 자신을 팔기,0.308,2.25,False,False,20,역번역 유사도 다소낮음(0.31)
자동계좌이체,vie_Latn,Chuyển khoản tự động,자동 송금,0.364,0.83,False,False,20,역번역 유사도 다소낮음(0.36)
자동계좌이체,ind_Latn,Transfer Otomatis,자동 전송,0.364,0.83,False,False,20,역번역 유사도 다소낮음(0.36)
자동계좌이체,tha_Thai,การหักบัญชีอัตโนมัติ,자동 해킹,0.364,0.83,False,False,20,역번역 유사도 다소낮음(0.36)
자동계좌이체,tgl_Latn,Automatic na switch.,자동 스위치,0.333,1.0,False,False,20,역번역 유사도 다소낮음(0.33)
자동교환결제제도,vie_Latn,Hệ thống thanh toán tự động,자동 결제 시스템,0.471,1.12,False,False,20,역번역 유사도 다소낮음(0.47)
자동교환결제제도,ind_Latn,Sistem Pembayaran Otomatis,자동 결제 시스템,0.471,1.12,False,False,20,역번역 유사도 다소낮음(0.47)
자동이체,vie_Latn,Chuyển khoản tự động,자동 송금,0.444,1.25,False,False,20,역번역 유사도 다소낮음(0.44)
자동이체,ind_Latn,Pembayaran Otomatis,자동 결제,0.444,1.25,False,False,20,역번역 유사도 다소낮음(0.44)
자동이체,tha_Thai,การหักบัญชีอัตโนมัติ,자동 해킹,0.444,1.25,False,False,20,역번역 유사도 다소낮음(0.44)
자동이체,tgl_Latn,Mga awtomatikong transistor,자동 트랜지스터,0.333,2.0,False,False,20,역번역 유사도 다소낮음(0.33)
자본시장선,mya_Mymr,အရင်းအနှီး စျေးကွက်,주식시장,0.444,0.8,False,False,20,역번역 유사도 다소낮음(0.44)
자본이득,vie_Latn,Lợi nhuận từ vốn,자본 수익,0.444,1.25,False,False,20,역번역 유사도 다소낮음(0.44)
자본이득,tgl_Latn,Kapitalikong kita,자본 수익,0.444,1.25,False,False,20,역번역 유사도 다소낮음(0.44)
자본잉여금,tha_Thai,ส่วนเกินทุน,초과자본,0.444,0.8,False,False,20,역번역 유사도 다소낮음(0.44)
자본잉여금,tgl_Latn,Ang mga kapital na dagdag,추가 자본,0.4,1.0,False,False,20,역번역 유사도 다소낮음(0.40)
자본자산가격결정모형,tha_Thai,โมเดลการกำหนดราคาสินทรัพย์ทุน (CAPM),자본 자산가치 모델 (CAPM),0.444,1.7,False,False,20,역번역 유사도 다소낮음(0.44)
자본준비금,ind_Latn,Cadangan Modal,모금자본,0.444,0.8,False,False,20,역번역 유사도 다소낮음(0.44)
자본준비금,tha_Thai,ทุนสำรอง,예비 자금,0.4,1.0,False,False,20,역번역 유사도 다소낮음(0.40)
자본준비금,mya_Mymr,ရင်းနှီးမြှုပ်နှံမှု ဘဏ္ဍာငွေ,투자 자금,0.4,1.0,False,False,20,역번역 유사도 다소낮음(0.40)
자본준비금,tgl_Latn,Ang kapital na reserba,예비 자본,0.4,1.0,False,False,20,역번역 유사도 다소낮음(0.40)
자사주 취득,ind_Latn,Pembelian saham sendiri,주식 구매,0.364,0.83,False,False,20,역번역 유사도 다소낮음(0.36)
자사주 취득,mya_Mymr,ကိုယ်ပိုင် ရှယ်ယာရယူခြင်း,자사 주식을 매입했습니다.,0.4,2.33,False,False,20,역번역 유사도 다소낮음(0.40)
자산운용회사,mya_Mymr,အရင်းအမြစ် စီမံခန့်ခွဲရေး ကုမ္ပဏီပါ။,자금 관리 회사입니다.,0.333,2.0,False,False,20,역번역 유사도 다소낮음(0.33)
자산의 유동화,vie_Latn,Chuyển đổi tài sản thành tài sản lưu động,자산을 가동자산으로 전환합니다.,0.333,2.43,False,False,20,역번역 유사도 다소낮음(0.33)
자산의 유동화,mya_Mymr,အရင်းအမြစ် အရောင်းအဝယ်,자금 거래,0.333,0.71,False,False,20,역번역 유사도 다소낮음(0.33)
자산주,tgl_Latn,Ang mga may-ari,소유자,0.333,1.0,False,False,20,역번역 유사도 다소낮음(0.33)
자전거래,ind_Latn,Transaksi internal,내부 거래,0.444,1.25,False,False,20,역번역 유사도 다소낮음(0.44)
자전거래,tgl_Latn,Magbisikleta.,자전거를 타세요.,0.462,2.25,False,False,20,역번역 유사도 다소낮음(0.46)
잔액인수,vie_Latn,Chuyển nhượng số dư,잔액을 옮기기,0.364,1.75,False,False,20,역번역 유사도 다소낮음(0.36)
장기채,tgl_Latn,Ang pangmatagalang utang,장기적인 빚,0.444,2.0,False,False,20,역번역 유사도 다소낮음(0.44)
장내결제,tgl_Latn,Mga solusyon sa panloob,내부적인 해결책,0.333,2.0,False,False,20,역번역 유사도 다소낮음(0.33)
장외거래,vie_Latn,Giao dịch ngoài sàn,바닥에서 거래,0.364,1.75,False,False,20,역번역 유사도 다소낮음(0.36)
장외결제,vie_Latn,Thanh toán ngoài sàn,바닥에서 결제,0.364,1.75,False,False,20,역번역 유사도 다소낮음(0.36)
장외결제,mya_Mymr,အပြင်ဘက် ဖြေရှင်းနည်း,외부의 해결책,0.364,1.75,False,False,20,역번역 유사도 다소낮음(0.36)
장외결제,tgl_Latn,Mga panlabas na solusyon,외적인 해결책,0.364,1.75,False,False,20,역번역 유사도 다소낮음(0.36)
장외시장,vie_Latn,Thị trường phi tập trung,비중앙화된 시장,0.333,2.0,False,False,20,역번역 유사도 다소낮음(0.33)
재발행,vie_Latn,Tái bản,재출판,0.333,1.0,False,False,20,역번역 유사도 다소낮음(0.33)
재발행,ind_Latn,Penerbitan ulang,재출간,0.333,1.0,False,False,20,역번역 유사도 다소낮음(0.33)
재발행,mya_Mymr,ပြန်လည်ထုတ်ဝေခြင်း,재출판,0.333,1.0,False,False,20,역번역 유사도 다소낮음(0.33)
재정가격결정이론,tgl_Latn,Ang mga desisyon sa presyo ng pananalapi ay,금융 가격 결정은,0.471,1.12,False,False,20,역번역 유사도 다소낮음(0.47)
재투자수익률,vie_Latn,Tỷ suất sinh lời từ tái đầu tư,재투자 수익률,0.923,1.17,False,True,20,is_dup(다의어)
재투자수익률,vie_Latn,Tỷ suất sinh lời từ tái đầu tư,재투자 수익률,0.923,1.17,False,True,20,is_dup(다의어)
재투자수익률,ind_Latn,Tingkat Pengembalian Investasi Ulang,재투자 수익률,0.923,1.17,False,True,20,is_dup(다의어)
재투자수익률,ind_Latn,Tingkat Pengembalian Investasi Ulang,재투자 수익률,0.923,1.17,False,True,20,is_dup(다의어)
재투자수익률,tha_Thai,อัตราผลตอบแทนจากการลงทุนซ้ำ,재투자 수익률은,0.857,1.33,False,True,20,is_dup(다의어)
재투자수익률,tha_Thai,อัตราผลตอบแทนจากการลงทุนซ้ำ,재투자 수익률은,0.857,1.33,False,True,20,is_dup(다의어)
재투자수익률,mya_Mymr,ပြန်လည်ရင်းနှီးမြှုပ်နှံမှု အမြတ်နှုန်း,재투자 수익률,0.923,1.17,False,True,20,is_dup(다의어)
재투자수익률,mya_Mymr,ပြန်လည်ရင်းနှီးမြှုပ်နှံမှု အမြတ်နှုန်း,재투자 수익률,0.923,1.17,False,True,20,is_dup(다의어)
재투자수익률,tgl_Latn,Ang rate ng pagbabalik ng puhunan,투자 수익률,0.833,1.0,False,True,20,is_dup(다의어)
재투자수익률,tgl_Latn,Ang rate ng pagbabalik ng puhunan,투자 수익률,0.833,1.0,False,True,20,is_dup(다의어)
저당권,vie_Latn,Quyền thế chấp,담보권,0.333,1.0,False,False,20,역번역 유사도 다소낮음(0.33)
저당권,ind_Latn,Hak gadai,담보권,0.333,1.0,False,False,20,역번역 유사도 다소낮음(0.33)
저당권,mya_Mymr,အခြင့္အေရး,권리,0.4,0.67,False,False,20,역번역 유사도 다소낮음(0.40)
저당권,tgl_Latn,Karapatan,권리,0.4,0.67,False,False,20,역번역 유사도 다소낮음(0.40)
저당대출담보부채권,ind_Latn,Surat Utang yang Dijamin dengan Pinjaman Hipotek,주택담보대출로 보장된 채권,0.435,1.56,False,False,20,역번역 유사도 다소낮음(0.43)
적격증권,mya_Mymr,အရည်အချင်းဆိုင်ရာ လက်မှတ်။,자격증입니다.,0.364,1.75,False,False,20,역번역 유사도 다소낮음(0.36)
전미증권업협회,tha_Thai,สมาคมผู้ค้าหลักทรัพย์แห่งชาติ,국가 증권 거래자 협회,0.421,1.71,False,False,20,역번역 유사도 다소낮음(0.42)
전자공시제도,vie_Latn,Hệ thống công bố thông tin điện tử,전자 정보 출판 시스템,0.333,2.0,False,False,20,역번역 유사도 다소낮음(0.33)
전자공시제도,ind_Latn,Sistem Pengungkapan Informasi Elektronik,전자 정보 공개 시스템,0.444,2.0,False,False,20,역번역 유사도 다소낮음(0.44)
전자공시제도,tha_Thai,ระบบเปิดเผยข้อมูลทางอิเล็กทรอนิกส์,전자적으로 공개된 시스템입니다.,0.348,2.83,False,False,20,역번역 유사도 다소낮음(0.35)
전자자금이체제도,ind_Latn,Sistem Transfer Dana Elektronik,전자금융 송금 시스템,0.316,1.38,False,False,20,역번역 유사도 다소낮음(0.32)
전자자금이체제도,tha_Thai,ระบบโอนเงินทางอิเล็กทรอนิกส์,전자 송금 시스템,0.353,1.12,False,False,20,역번역 유사도 다소낮음(0.35)
전자증권,tha_Thai,หลักทรัพย์อิเล็กทรอนิกส์,전자적 자산,0.4,1.5,False,False,20,역번역 유사도 다소낮음(0.40)
전자증권,mya_Mymr,အီလက်ထရောနစ် လက်မှတ်,전자 서명,0.444,1.25,False,False,20,역번역 유사도 다소낮음(0.44)
전자증권,tgl_Latn,E-ticket,전자 티켓,0.444,1.25,False,False,20,역번역 유사도 다소낮음(0.44)
전환신주이자,vie_Latn,Cổ phiếu chuyển đổi và,주식 전환 및,0.308,1.17,False,False,20,역번역 유사도 다소낮음(0.31)
전환신주이자,ind_Latn,Saham konversi dan,주식 전환 및,0.308,1.17,False,False,20,역번역 유사도 다소낮음(0.31)
전환주식,ind_Latn,Saham Konversi,컨버션 주식,0.4,1.5,False,False,20,역번역 유사도 다소낮음(0.40)
전환청구권,vie_Latn,Quyền yêu cầu chuyển đổi,전환을 요청할 수 있는 권한,0.4,3.0,False,False,20,역번역 유사도 다소낮음(0.40)
제권판결,vie_Latn,Phán quyết về quyền sở hữu,소유권 결정,0.4,1.5,False,False,20,역번역 유사도 다소낮음(0.40)
제권판결,ind_Latn,Putusan Pengadilan,법원의 판결,0.4,1.5,False,False,20,역번역 유사도 다소낮음(0.40)
제권판결,tha_Thai,คำพิพากษาในคดีนี้,이 사건의 판결은,0.308,2.25,False,False,20,역번역 유사도 다소낮음(0.31)
제권판결,mya_Mymr,အချုပ်အခြာအာဏာ,주권,0.333,0.5,False,False,20,역번역 유사도 다소낮음(0.33)
제로베타 포트폴리오,mya_Mymr,ဂျီရိုဗီတာ ပရိုဖိုင်လိုင်း,제로비타 프로필,0.444,0.8,False,False,20,역번역 유사도 다소낮음(0.44)
제로쿠폰채,ind_Latn,Obligasi tanpa kupon,쿠폰 없는 채권,0.462,1.6,False,False,20,역번역 유사도 다소낮음(0.46)
조건부보관계좌,mya_Mymr,အခြေအနေဆိုင်ရာ စောင့်ရှောက်မှု အကောင့်ပါ။,이것은 조건부 치료 계좌입니다.,0.417,2.43,False,False,20,역번역 유사도 다소낮음(0.42)
종업원지주제도,tha_Thai,โครงการให้พนักงานถือหุ้น,직원들의 주주제도는,0.471,1.43,False,False,20,역번역 유사도 다소낮음(0.47)
종합주가지수,tha_Thai,ดัชนีราคาหุ้นรวม,전체 주식 가격 지표,0.353,1.83,False,False,20,역번역 유사도 다소낮음(0.35)
종합주가지수,mya_Mymr,ပေါင်းစပ်ကိန်း။,합수입니다.,0.333,1.0,False,False,20,역번역 유사도 다소낮음(0.33)
주가수익비율,vie_Latn,Tỷ lệ giá trên thu nhập,소득에 대한 가격 비율,0.333,2.0,False,False,20,역번역 유사도 다소낮음(0.33)
주가수익비율,tgl_Latn,Mga rate ng kita sa mga shareholder,주주들의 수익률,0.429,1.33,False,False,20,역번역 유사도 다소낮음(0.43)
주가이동평균선,ind_Latn,Garis rata-rata pergerakan harga saham,주식 가격 움직임의 평균 라인,0.348,2.29,False,False,20,역번역 유사도 다소낮음(0.35)
주가지수,tha_Thai,ดัชนีตลาดหุ้น,주식 지표,0.444,1.25,False,False,20,역번역 유사도 다소낮음(0.44)
주가지수선물거래,tha_Thai,การซื้อขายสัญญาซื้อขายล่วงหน้าดัชนีหุ้น,주식 시장에 대한 거래,0.3,1.5,False,False,20,역번역 유사도 다소낮음(0.30)
주가지수선물거래,mya_Mymr,ရှယ်ယာရွေးချယ်မှု အရောင်းအဝယ်,주식 옵션 거래,0.375,1.0,False,False,20,역번역 유사도 다소낮음(0.38)
주가평균,tha_Thai,ราคาหุ้นเฉลี่ย,평균 주가입니다.,0.308,2.25,False,False,20,역번역 유사도 다소낮음(0.31)
주가평균,tgl_Latn,Ang mga estado ay ang average,주들은 평균적으로,0.462,2.25,False,False,20,역번역 유사도 다소낮음(0.46)
주간사회사,tgl_Latn,Mga Linggo ng Panlipunan,사회 주간,0.4,1.0,False,False,20,역번역 유사도 다소낮음(0.40)
주권계속예탁제도,mya_Mymr,အချုပ်အခြာအာဏာ ဆက်နွယ်မှု အစီအစဉ်က,주권관계 계획은,0.375,1.0,False,False,20,역번역 유사도 다소낮음(0.38)
주권기번호,tgl_Latn,Mga numero ng pamamahala,관리 번호,0.4,1.0,False,False,20,역번역 유사도 다소낮음(0.40)
주권불소지,tgl_Latn,Pag-aakusahan ng Soberanyo,주권자 의 비난,0.308,1.6,False,False,20,역번역 유사도 다소낮음(0.31)
주권수령증,vie_Latn,Giấy xác nhận nhận chủ quyền,주권을 인정하는 증명서,0.353,2.4,False,False,20,역번역 유사도 다소낮음(0.35)
주당 순자산가치,mya_Mymr,တစ်ဦးချင်း ပိုင်ဆိုင်မှု တန်ဖိုး,개인 소유의 가치,0.353,1.12,False,False,20,역번역 유사도 다소낮음(0.35)
주당 순자산가치,tgl_Latn,Ang halaga ng puhunan sa bawat tao,1인당 투자액,0.4,0.88,False,False,20,역번역 유사도 다소낮음(0.40)
주당순이익,tha_Thai,กำไรต่อหุ้น,주식 수익,0.4,1.0,False,False,20,역번역 유사도 다소낮음(0.40)
주식매수청구권,vie_Latn,Quyền yêu cầu mua cổ phiếu,주식을 구매할 수 있는 권리,0.455,2.14,False,False,20,역번역 유사도 다소낮음(0.45)
주식매수청구권,ind_Latn,Hak untuk meminta pembelian saham,주식 구매를 요구하는 권리,0.476,2.0,False,False,20,역번역 유사도 다소낮음(0.48)
주식매수청구권,tha_Thai,สิทธิในการเรียกร้องให้ซื้อหุ้น,주식을 요구할 권리가 있습니다.,0.333,2.43,False,False,20,역번역 유사도 다소낮음(0.33)
주식매수청구권,mya_Mymr,ရှယ်ယာရောင်းဝယ်ခွင့်,주식을 거래할 수 있는 권한,0.364,2.14,False,False,20,역번역 유사도 다소낮음(0.36)
주식발행차액,mya_Mymr,အစုရှယ်ယာ စျေးနှုန်း,주식 가격,0.364,0.83,False,False,20,역번역 유사도 다소낮음(0.36)
주식배당,mya_Mymr,အစုရှယ်ယာရှင်,주주,0.333,0.5,False,False,20,역번역 유사도 다소낮음(0.33)
주식배당예고제,ind_Latn,Sistem Pemberitahuan Dividen Saham,주식배당 알림 시스템,0.444,1.57,False,False,20,역번역 유사도 다소낮음(0.44)
주식배당예고제,mya_Mymr,အစုရှယ်ယာ ကန့်သတ်ချက်။,주식 제한입니다.,0.375,1.29,False,False,20,역번역 유사도 다소낮음(0.38)
주식분할,mya_Mymr,အစုရှယ်ယာတွေကို,주식입니다.,0.4,1.5,False,False,20,역번역 유사도 다소낮음(0.40)
주식소각,vie_Latn,Hủy bỏ cổ phiếu,주식 폐지,0.444,1.25,False,False,20,역번역 유사도 다소낮음(0.44)
주식소각,ind_Latn,Penarikan saham,주식 인출,0.444,1.25,False,False,20,역번역 유사도 다소낮음(0.44)
주식소각,tha_Thai,การยกเลิกหุ้น,주식 폐지,0.444,1.25,False,False,20,역번역 유사도 다소낮음(0.44)
주식소각,tgl_Latn,Ang pag-sign up ng mga stock,주식 사인업,0.4,1.5,False,False,20,역번역 유사도 다소낮음(0.40)
주식스왑,vie_Latn,Hoán đổi cổ phiếu,주식 교환,0.444,1.25,False,False,20,역번역 유사도 다소낮음(0.44)
주식스왑,ind_Latn,Pertukaran saham,주식 거래소,0.4,1.5,False,False,20,역번역 유사도 다소낮음(0.40)
주식스왑,tha_Thai,การแลกเปลี่ยนหุ้น,주식 거래,0.444,1.25,False,False,20,역번역 유사도 다소낮음(0.44)
주식스왑,mya_Mymr,ရှယ်ယာရှယ်ယာ,주식입니다.,0.4,1.5,False,False,20,역번역 유사도 다소낮음(0.40)
주식스왑,tgl_Latn,Ang stock market.,주식 시장입니다.,0.308,2.25,False,False,20,역번역 유사도 다소낮음(0.31)
주식청약,vie_Latn,Đăng ký mua cổ phiếu,주식 등록,0.444,1.25,False,False,20,역번역 유사도 다소낮음(0.44)
주식청약,ind_Latn,Pemesanan Saham,주식 주문,0.444,1.25,False,False,20,역번역 유사도 다소낮음(0.44)
주식형투자신탁,ind_Latn,Reksa Dana Saham,주식 펀드,0.333,0.71,False,False,20,역번역 유사도 다소낮음(0.33)
주식형투자신탁,tha_Thai,กองทุนลงทุนในหุ้น,펀드는 주식에 투자합니다.,0.381,2.0,False,False,20,역번역 유사도 다소낮음(0.38)
주주명부,vie_Latn,Danh sách cổ đông,주주 목록,0.444,1.25,False,False,20,역번역 유사도 다소낮음(0.44)
주주명부,ind_Latn,Daftar Pemegang Saham,주주 목록,0.444,1.25,False,False,20,역번역 유사도 다소낮음(0.44)
주주명부,tha_Thai,ทะเบียนผู้ถือหุ้น,주주 목록,0.444,1.25,False,False,20,역번역 유사도 다소낮음(0.44)
주주명부폐쇄,vie_Latn,Đóng sổ đăng ký cổ đông,주주 등록기록,0.308,1.17,False,False,20,역번역 유사도 다소낮음(0.31)
주주명부폐쇄기간,ind_Latn,Periode Penutupan Daftar Pemegang Saham,주주 등록 종료 기간,0.421,1.38,False,False,20,역번역 유사도 다소낮음(0.42)
주주제안제도,tgl_Latn,Ang mga shareholder na plano,주주 계획,0.364,0.83,False,False,20,역번역 유사도 다소낮음(0.36)
주주총회 참석장,tha_Thai,ประกาศการเข้าร่วมประชุมสามัญประจำปี,연례총회에 참석한다고 선언합니다.,0.385,2.25,False,False,20,역번역 유사도 다소낮음(0.38)
주주평등의 원칙,mya_Mymr,ရှယ်ယာရှင် မျှတမှု မူဝါဒ,주주 공정성 정책,0.353,1.12,False,False,20,역번역 유사도 다소낮음(0.35)
준공유,ind_Latn,Semi-publik,반공중,0.333,1.0,False,False,20,역번역 유사도 다소낮음(0.33)
준비금의 자본전입,vie_Latn,Chuyển vốn dự trữ vào vốn chủ sở hữu,예비 자본을 소유 자본으로 전환합니다.,0.333,2.33,False,False,20,역번역 유사도 다소낮음(0.33)
준비금의 자본전입,ind_Latn,Pengalihan cadangan ke modal,자금으로 자본으로 전환,0.476,1.33,False,False,20,역번역 유사도 다소낮음(0.48)
준비금의 자본전입,tha_Thai,การโอนเงินสำรองเข้าทุน,자금을 투자합니다.,0.316,1.11,False,False,20,역번역 유사도 다소낮음(0.32)
준비금의 자본전입,tgl_Latn,Mga kapital na paglipat ng reserve,리저브의 이전 자본,0.421,1.11,False,False,20,역번역 유사도 다소낮음(0.42)
준점유,tgl_Latn,Pag-aari,소유물,0.333,1.0,False,False,20,역번역 유사도 다소낮음(0.33)
준회원,tgl_Latn,Deputy Pangulo,부회장,0.333,1.0,False,False,20,역번역 유사도 다소낮음(0.33)
중·동유럽 중앙예탁기관협의회,ind_Latn,Asosiasi Lembaga Penyimpanan Sekuritas Eropa Tengah dan Timur,중앙 및 동유럽 증권 보관소 협회,0.485,1.2,False,False,20,역번역 유사도 다소낮음(0.48)
중·동유럽 중앙예탁기관협의회,tha_Thai,สภาศูนย์รับฝากหลักทรัพย์ยุโรปกลางและยุโรปตะวันออก,중앙 유럽과 동유럽의 증권거래센터,0.303,1.2,False,False,20,역번역 유사도 다소낮음(0.30)
중간배당,mya_Mymr,အလယ်အလတ်စားပါ။,중간 정도입니다.,0.308,2.25,False,False,20,역번역 유사도 다소낮음(0.31)
중간배당,tgl_Latn,Ang katamtamang bahagi,중간 부분,0.444,1.25,False,False,20,역번역 유사도 다소낮음(0.44)
중개회사,tha_Thai,บริษัทอสังหาริมทรัพย์,부동산 회사,0.4,1.5,False,False,20,역번역 유사도 다소낮음(0.40)
중개회사,mya_Mymr,ရောင်းဝယ်ရေး ကုမ္ပဏီ,마케팅 회사,0.4,1.5,False,False,20,역번역 유사도 다소낮음(0.40)
증거금,tha_Thai,เงินฝาก,예금,0.4,0.67,False,False,20,역번역 유사도 다소낮음(0.40)
증거금,mya_Mymr,အထောက်အထားပါ။,증거입니다.,0.444,2.0,False,False,20,역번역 유사도 다소낮음(0.44)
증거증권,vie_Latn,Chứng khoán làm bằng chứng,증권의 증거,0.4,1.5,False,False,20,역번역 유사도 다소낮음(0.40)
증권·대금 동시결제,vie_Latn,Thanh toán đồng thời chứng khoán và tiền,증권과 화폐를 동시에 지불합니다.,0.357,1.8,False,False,20,역번역 유사도 다소낮음(0.36)
증권·대금 동시결제,ind_Latn,Penyelesaian Sekuritas dan Pembayaran Secara Bersamaan,증권 결제와 결제가 함께,0.435,1.3,False,False,20,역번역 유사도 다소낮음(0.43)
증권·대금 동시결제,mya_Mymr,စက္ကူ၊ ငွေကြေးနဲ့ တစ်ပြိုင်နက် ချုပ်ဆိုမှု,"종이, 현금, 동시 채권",0.348,1.3,False,False,20,역번역 유사도 다소낮음(0.35)
증권·대금 동시결제,tgl_Latn,Simultaneous na pag-aayos ng mga securities and bonds,증권과 채권의 동시 처리가,0.417,1.4,False,False,20,역번역 유사도 다소낮음(0.42)
증권거래법,tha_Thai,พระราชบัญญัติหลักทรัพย์และตลาดหลักทรัพย์,증권 및 증권시장 법령,0.353,2.4,False,False,20,역번역 유사도 다소낮음(0.35)
증권거래준비금,tha_Thai,ทุนสำรองสำหรับการซื้อขายหลักทรัพย์,주식 거래에 필요한 예비 자금,0.348,2.29,False,False,20,역번역 유사도 다소낮음(0.35)
증권거래준비금,tgl_Latn,Ang mga stock exchange reserve.,주식 거래소 자금,0.375,1.29,False,False,20,역번역 유사도 다소낮음(0.38)
증권금융,tgl_Latn,Pinansiyal na securities,금융 증권,0.444,1.25,False,False,20,역번역 유사도 다소낮음(0.44)
증권담보금융,ind_Latn,Pembiayaan dengan Jaminan Efek,보증금 대출,0.333,1.0,False,False,20,역번역 유사도 다소낮음(0.33)
증권담보금융,tgl_Latn,Pinansiyal na securities.,금융 증권,0.364,0.83,False,False,20,역번역 유사도 다소낮음(0.36)
증권대차제도,vie_Latn,Hệ thống cho vay chứng khoán,증권 대출 시스템,0.4,1.5,False,False,20,역번역 유사도 다소낮음(0.40)
증권대차제도,ind_Latn,Sistem Pinjaman Sekuritas,증권 대출 시스템,0.4,1.5,False,False,20,역번역 유사도 다소낮음(0.40)
증권대차제도,tgl_Latn,Ang mga stock exchange.,증권거래소,0.364,0.83,False,False,20,역번역 유사도 다소낮음(0.36)
증권대행업무,vie_Latn,Dịch vụ đại lý chứng khoán,증권 대리점 서비스,0.375,1.67,False,False,20,역번역 유사도 다소낮음(0.38)
증권대행업무,ind_Latn,Layanan Agen Sekuritas,증권 대리점 서비스,0.375,1.67,False,False,20,역번역 유사도 다소낮음(0.38)
증권대행업무,tgl_Latn,Mga Negosyo sa Stock Exchange,증권 거래소,0.333,1.0,False,False,20,역번역 유사도 다소낮음(0.33)
증권분석사,tha_Thai,นักวิเคราะห์หลักทรัพย์,금융분석가,0.4,1.0,False,False,20,역번역 유사도 다소낮음(0.40)
증권분석사,tgl_Latn,Mga analyst ng stock,주식 분석가,0.364,1.2,False,False,20,역번역 유사도 다소낮음(0.36)
증권시장,vie_Latn,Thị trường chứng khoán,주식 시장,0.444,1.25,False,False,20,역번역 유사도 다소낮음(0.44)
증권시장,tha_Thai,ตลาดหุ้น,주식 시장,0.444,1.25,False,False,20,역번역 유사도 다소낮음(0.44)
증권시장,mya_Mymr,စတော့စျေးကွက်,주식 시장,0.444,1.25,False,False,20,역번역 유사도 다소낮음(0.44)
증권시장,tgl_Latn,Ang stock market,주식 시장,0.444,1.25,False,False,20,역번역 유사도 다소낮음(0.44)
증권시장선,vie_Latn,Trên thị trường chứng khoán,주식 시장에서,0.333,1.4,False,False,20,역번역 유사도 다소낮음(0.33)
증권시장선,tha_Thai,ในตลาดหุ้น,주식 시장에서,0.333,1.4,False,False,20,역번역 유사도 다소낮음(0.33)
증권시장선,mya_Mymr,စတော့စျေးကွက်,주식 시장,0.4,1.0,False,False,20,역번역 유사도 다소낮음(0.40)
증권시장선,tgl_Latn,Ang merkado ng stock,주식 시장,0.4,1.0,False,False,20,역번역 유사도 다소낮음(0.40)
증권예탁원,vie_Latn,Trung tâm Lưu ký Chứng khoán,증권 보관소,0.364,1.2,False,False,20,역번역 유사도 다소낮음(0.36)
증권예탁원,ind_Latn,Lembaga Penyimpanan Efek,증권 보관소,0.364,1.2,False,False,20,역번역 유사도 다소낮음(0.36)
증권예탁원,tha_Thai,ศูนย์รับฝากหลักทรัพย์เกาหลี,한국 증권거래소,0.308,1.6,False,False,20,역번역 유사도 다소낮음(0.31)
증권예탁원,tgl_Latn,Mga tagapagtanggol ng securities,증권 보호자,0.364,1.2,False,False,20,역번역 유사도 다소낮음(0.36)
증권용지 관리번호,mya_Mymr,စတော့အကောင့် စီမံခန့်ခွဲရေး နံပါတ်။,주식 계좌 관리자 번호입니다.,0.4,1.78,False,False,20,역번역 유사도 다소낮음(0.40)
증권유통금융,mya_Mymr,ငွေကြေးဖြန့်ချိမှု,돈의 유통,0.364,0.83,False,False,20,역번역 유사도 다소낮음(0.36)
증권유통금융,tgl_Latn,Pagpapalitan ng securities,증권 교환,0.364,0.83,False,False,20,역번역 유사도 다소낮음(0.36)
증권인수금융,vie_Latn,Tài chính bảo lãnh phát hành chứng khoán,증권 발행을 보증하는 금융,0.4,2.33,False,False,20,역번역 유사도 다소낮음(0.40)
증권인수금융,tgl_Latn,Pagpapalitan ng securities,증권 교환,0.364,0.83,False,False,20,역번역 유사도 다소낮음(0.36)
증권투자신탁,mya_Mymr,စတော့ရင်းနှီးမြှုပ်နှံမှု,주식 투자,0.364,0.83,False,False,20,역번역 유사도 다소낮음(0.36)
증권투자신탁,tgl_Latn,Pag-iimbestigahan sa securities.,증권 조사,0.364,0.83,False,False,20,역번역 유사도 다소낮음(0.36)
증권특성선,tha_Thai,บรรทัดลักษณะของหลักทรัพย์,자금의 특성,0.364,1.2,False,False,20,역번역 유사도 다소낮음(0.36)
증권회사 역외펀드,mya_Mymr,စတော့ကုမ္ပဏီ အပြင်ဘက် ရင်းနှီးမြှုပ်နှံမှု,"주식회사, 외부 투자",0.4,1.22,False,False,20,역번역 유사도 다소낮음(0.40)
지방채,tha_Thai,พันธบัตรของรัฐบาลท้องถิ่น,지방 정부 증권,0.364,2.67,False,False,20,역번역 유사도 다소낮음(0.36)
지배주주,tha_Thai,ผู้ถือหุ้นหลัก,주요 주주,0.444,1.25,False,False,20,역번역 유사도 다소낮음(0.44)
지정시점결제시스템,ind_Latn,Sistem Pembayaran pada Waktu yang Ditentukan,정해진 시간에 지불하는 시스템,0.32,1.78,False,False,20,역번역 유사도 다소낮음(0.32)
지정시점결제시스템,mya_Mymr,အချိန်ကိုက် ဆုံးဖြတ်ချက်ချတဲ့ စနစ်ပါ။,실시간 의사결정 시스템입니다.,0.32,1.78,False,False,20,역번역 유사도 다소낮음(0.32)
지정시점결제시스템,tgl_Latn,Pinakamainam na sistema ng pagpapasya.,최고의 의사결정 시스템입니다.,0.32,1.78,False,False,20,역번역 유사도 다소낮음(0.32)
지주회사,mya_Mymr,ပိုင်ဆိုင်မှု ကုမ္ပဏီပါ။,소유회사입니다.,0.333,2.0,False,False,20,역번역 유사도 다소낮음(0.33)
지체보상금,ind_Latn,Ganti rugi keterlambatan,지연에 대한 보상,0.429,1.8,False,False,20,역번역 유사도 다소낮음(0.43)
지체보상금,mya_Mymr,နှောင့်နှေးကြေး။,지연금입니다.,0.333,1.4,False,False,20,역번역 유사도 다소낮음(0.33)
직접공시,ind_Latn,Pengumuman Langsung,직접 발표,0.444,1.25,False,False,20,역번역 유사도 다소낮음(0.44)
직접금융,mya_Mymr,တိုက်ရိုက် ငွေကြေးထောက်ပံ့မှု,직접적인 자금 지원,0.429,2.5,False,False,20,역번역 유사도 다소낮음(0.43)
직접발행,ind_Latn,Penerbitan Langsung,직접 출판,0.444,1.25,False,False,20,역번역 유사도 다소낮음(0.44)
직접발행,tgl_Latn,Direct na pag-alis,직접적인 퇴원,0.364,1.75,False,False,20,역번역 유사도 다소낮음(0.36)
직접점유,ind_Latn,Penguasaan langsung,직접적인 지배,0.364,1.75,False,False,20,역번역 유사도 다소낮음(0.36)
직접점유,mya_Mymr,တိုက်ရိုက် ပိုင်ဆိုင်မှု။,직접적인 소유입니다.,0.4,2.75,False,False,20,역번역 유사도 다소낮음(0.40)
직접참가자,mya_Mymr,တိုက်ရိုက် ပါဝင်ကြပါ။,직접 참여하세요.,0.429,1.8,False,False,20,역번역 유사도 다소낮음(0.43)
직접참가자,tgl_Latn,Maging isang direktang kalahok.,직접적인 참여자가 되세요.,0.421,2.8,False,False,20,역번역 유사도 다소낮음(0.42)
직접청약,vie_Latn,Đăng ký trực tiếp,직접 등록,0.444,1.25,False,False,20,역번역 유사도 다소낮음(0.44)
직접청약,ind_Latn,Pendaftaran Langsung,직접 등록,0.444,1.25,False,False,20,역번역 유사도 다소낮음(0.44)
직접청약,tha_Thai,สมัครสมาชิกโดยตรง,직접 회원가입,0.364,1.75,False,False,20,역번역 유사도 다소낮음(0.36)
직접투자,tgl_Latn,Tuwid na pamumuhunan,올바른 투자,0.4,1.5,False,False,20,역번역 유사도 다소낮음(0.40)
질권설정자,vie_Latn,Người thiết lập quyền thế chấp,채권자의 설립자,0.462,1.6,False,False,20,역번역 유사도 다소낮음(0.46)
질권자,mya_Mymr,လက်ခံသူ။,수신자,0.333,1.0,False,False,20,역번역 유사도 다소낮음(0.33)
질권자,tgl_Latn,Mga tagapagtaguyod,지지자,0.333,1.0,False,False,20,역번역 유사도 다소낮음(0.33)
집단경쟁매매,vie_Latn,Giao dịch cạnh tranh theo nhóm,단체 경쟁 거래,0.429,1.33,False,False,20,역번역 유사도 다소낮음(0.43)
집단경쟁매매,tha_Thai,การซื้อขายแบบบล็อก,블록 매매,0.364,0.83,False,False,20,역번역 유사도 다소낮음(0.36)
집중결제,tha_Thai,การชำระเงินแบบกลุ่ม,그룹 결제,0.444,1.25,False,False,20,역번역 유사도 다소낮음(0.44)
집중결제,tgl_Latn,Pagpokus sa mga solusyon,해결책에 집중하라,0.308,2.25,False,False,20,역번역 유사도 다소낮음(0.31)
집중예탁,vie_Latn,Lưu ký tập trung,집중된 기록,0.4,1.5,False,False,20,역번역 유사도 다소낮음(0.40)
집중예탁,mya_Mymr,အာရုံစိုက်ထားပါ။,집중하세요.,0.4,1.5,False,False,20,역번역 유사도 다소낮음(0.40)
집중예탁,tgl_Latn,Mag-focus sa pag-aayos,정비에 집중하세요,0.308,2.25,False,False,20,역번역 유사도 다소낮음(0.31)
차감결제,vie_Latn,Thanh toán trừ trực tiếp,직접적인 결제,0.364,1.75,False,False,20,역번역 유사도 다소낮음(0.36)
차변이체 또는 추심시스템,mya_Mymr,အပြောင်းအလဲ (သို့) အာရုံစိုက်မှုစနစ်ပါ။,이것은 변화 또는 집중 시스템입니다.,0.485,1.54,False,False,20,역번역 유사도 다소낮음(0.48)
참가적우선주,ind_Latn,Saham Preferen Partisipatif,참여자 선호 주식,0.4,1.5,False,False,20,역번역 유사도 다소낮음(0.40)
창고증권,tha_Thai,หลักทรัพย์ในคลังสินค้า,재고에 있는 증권,0.462,2.25,False,False,20,역번역 유사도 다소낮음(0.46)
창립총회,tha_Thai,การประชุมจัดตั้งบริษัท,창업 회의,0.444,1.25,False,False,20,역번역 유사도 다소낮음(0.44)
창업비,vie_Latn,Chi phí khởi nghiệp,스타트업 비용,0.4,2.33,False,False,20,역번역 유사도 다소낮음(0.40)
채권등급평가,mya_Mymr,ကြွေးမြီ အဆင့်သတ်မှတ်ချက်,신용등급,0.4,0.67,False,False,20,역번역 유사도 다소낮음(0.40)
채권등급평가,tgl_Latn,Mga rating ng utang,신용등급,0.4,0.67,False,False,20,역번역 유사도 다소낮음(0.40)
채권면역전략,tgl_Latn,Mga diskarte sa mga utang,부채에 대한 전략,0.4,1.5,False,False,20,역번역 유사도 다소낮음(0.40)
채권상장심사기준,ind_Latn,Kriteria Penilaian Pencatatan Obligasi,채권 등록을 평가하는 기준,0.364,1.75,False,False,20,역번역 유사도 다소낮음(0.36)
채권상장심사기준,tgl_Latn,Ang rating ng bond market.,채권 시장의 등급.,0.333,1.25,False,False,20,역번역 유사도 다소낮음(0.33)
채권상장폐지기준,tgl_Latn,Ang mga bond market closures.,채권 시장 폐쇄.,0.471,1.12,False,False,20,역번역 유사도 다소낮음(0.47)
채권수익률,ind_Latn,Imbal hasil obligasi,유가증권 수익금,0.462,1.6,False,False,20,역번역 유사도 다소낮음(0.46)
채권수익률의 기간구조,tha_Thai,โครงสร้างอัตราผลตอบแทนตามระยะเวลาของพันธบัตร,유가증권의 기간상 수익률 구조입니다.,0.452,1.82,False,False,20,역번역 유사도 다소낮음(0.45)
채권시가평가제,tha_Thai,ระบบประเมินมูลค่าตลาดสำหรับพันธบัตร,채권에 대한 시장 가치 평가 시스템,0.462,2.71,False,False,20,역번역 유사도 다소낮음(0.46)
채권시장안정기금,mya_Mymr,ကြွေးမြီစျေးကွက် ထိန်းချုပ်ရေး ရံပုံငွေပါ။,이것은 채권시장 규제 기금입니다.,0.462,2.25,False,False,20,역번역 유사도 다소낮음(0.46)
채권양도,vie_Latn,Chuyển nhượng trái phiếu,채권 이전,0.444,1.25,False,False,20,역번역 유사도 다소낮음(0.44)
채권원리금상환,vie_Latn,Trả nợ gốc và lãi trái phiếu,주식 및 채권 수익금,0.333,1.57,False,False,20,역번역 유사도 다소낮음(0.33)
채권원리금상환,mya_Mymr,ကြွေးမြီ မူရင်းငွေ ပြန်ပေးချေမှု,부채 원금 납부,0.4,1.14,False,False,20,역번역 유사도 다소낮음(0.40)
채무불이행위험,vie_Latn,Rủi ro vỡ nợ,부실의 위험,0.308,0.86,False,False,20,역번역 유사도 다소낮음(0.31)
채무불이행위험,mya_Mymr,အကြွေးချေမှု စွန့်စားမှု,부채의 위험성,0.429,1.0,False,False,20,역번역 유사도 다소낮음(0.43)
책임재산,ind_Latn,Harta yang menjadi tanggung jawab,책임의 소유물,0.364,1.75,False,False,20,역번역 유사도 다소낮음(0.36)
청산거래,ind_Latn,Transaksi penyelesaian,결제 거래,0.444,1.25,False,False,20,역번역 유사도 다소낮음(0.44)
청산결제시스템,mya_Mymr,သန့်ရှင်းရေး စနစ်ပါ။,정화 시스템입니다.,0.353,1.43,False,False,20,역번역 유사도 다소낮음(0.35)
청산결제시스템,tgl_Latn,Mga sistema ng paglilinis,정화 시스템,0.462,0.86,False,False,20,역번역 유사도 다소낮음(0.46)
청산회사,ind_Latn,Perusahaan yang sedang dalam proses likuidasi,폐지 중인 회사,0.333,2.0,False,False,20,역번역 유사도 다소낮음(0.33)
청산회사,mya_Mymr,သန့်စင်ရေး ကုမ္ပဏီ။,세탁 회사입니다.,0.308,2.25,False,False,20,역번역 유사도 다소낮음(0.31)
청산회사,tgl_Latn,Mga kumpanya ng pagmimina,광업 회사,0.444,1.25,False,False,20,역번역 유사도 다소낮음(0.44)
청산회원,vie_Latn,Thành viên đã hủy đăng ký,회원가입 취소,0.364,1.75,False,False,20,역번역 유사도 다소낮음(0.36)
청약증거금,ind_Latn,Uang Jaminan Pendaftaran,등록 보증금,0.364,1.2,False,False,20,역번역 유사도 다소낮음(0.36)
청약증거금,tha_Thai,เงินมัดจำสำหรับการสมัครเช่าบ้าน,집 임대 신청에 대한 보증금,0.3,3.0,False,False,20,역번역 유사도 다소낮음(0.30)
청약증거금,mya_Mymr,ကမ်းလှမ်းချက်ရဲ့ အထောက်အထား,제안의 증거,0.364,1.2,False,False,20,역번역 유사도 다소낮음(0.36)
체결시점매매확인 시스템,tha_Thai,ระบบยืนยันการซื้อขาย ณ เวลาที่ดำเนินการ,거래가 완료되는 시점의 확인 시스템입니다.,0.457,1.92,False,False,20,역번역 유사도 다소낮음(0.46)
초과담보율,vie_Latn,Tỷ lệ thế chấp vượt mức,과잉 모기지율,0.333,1.4,False,False,20,역번역 유사도 다소낮음(0.33)
초과담보율,ind_Latn,Rasio jaminan berlebih,과잉 보증 비율,0.462,1.6,False,False,20,역번역 유사도 다소낮음(0.46)
초과담보율,mya_Mymr,အပိုသုံးနှုန်း,초과비용,0.444,0.8,False,False,20,역번역 유사도 다소낮음(0.44)
최소분산포트폴리오,ind_Latn,Portofolio dengan Varians Terendah,가장 낮은 변수가 있는 포트폴리오,0.37,2.0,False,False,20,역번역 유사도 다소낮음(0.37)
최소분산포트폴리오,tha_Thai,พอร์ตโฟลิโอที่มีความแปรปรวนต่ำสุด,가장 변동성이 낮은 포트폴리오입니다.,0.345,2.22,False,False,20,역번역 유사도 다소낮음(0.34)
최소증거금,ind_Latn,Setoran Awal Minimum,최소 초기 예금,0.462,1.6,False,False,20,역번역 유사도 다소낮음(0.46)
최소증거금,mya_Mymr,အနည်းဆုံး သက်သေခံငွေပါ။,최소한 신분증입니다.,0.375,2.2,False,False,20,역번역 유사도 다소낮음(0.38)
최적규모,vie_Latn,Quy mô tối ưu,최적의 크기,0.4,1.5,False,False,20,역번역 유사도 다소낮음(0.40)
최적규모,ind_Latn,Ukuran optimal,최적의 크기,0.4,1.5,False,False,20,역번역 유사도 다소낮음(0.40)
추가상장,vie_Latn,Niêm yết bổ sung,추가 목록,0.444,1.25,False,False,20,역번역 유사도 다소낮음(0.44)
추가상장,ind_Latn,Pencatatan Tambahan,추가 기록,0.444,1.25,False,False,20,역번역 유사도 다소낮음(0.44)
추가증거금,tgl_Latn,Bilang karagdagan sa ebidensiya,증거에 더해서,0.333,1.4,False,False,20,역번역 유사도 다소낮음(0.33)
추가증거금 납부요구,ind_Latn,Permintaan Pembayaran Margin Tambahan,추가 마진 지불 요청,0.381,1.1,False,False,20,역번역 유사도 다소낮음(0.38)
추가증거금 납부요구,mya_Mymr,အထောက်အထားတွေ ထပ်ပေးရမယ်။,더 많은 증거가 필요합니다.,0.32,1.5,False,False,20,역번역 유사도 다소낮음(0.32)
추가증거금 납부요구,tgl_Latn,Kailangan mong magbayad ng karagdagang katibayan.,당신은 추가 증거를 지불해야합니다.,0.345,1.9,False,False,20,역번역 유사도 다소낮음(0.34)
출입직원등록제도,ind_Latn,Sistem Pendaftaran Karyawan yang Masuk dan Keluar,입출동 직원 등록 시스템,0.476,1.62,False,False,20,역번역 유사도 다소낮음(0.48)
출입직원등록제도,tha_Thai,โครงการลงทะเบียนการเข้าถึงของพนักงาน,직원 접근 등록 프로그램,0.381,1.62,False,False,20,역번역 유사도 다소낮음(0.38)
출입직원등록제도,mya_Mymr,ဝန်ထမ်းဝင်စာရင်းမှာလည်း,직원 목록에도 있습니다.,0.381,1.62,False,False,20,역번역 유사도 다소낮음(0.38)
출자증권,vie_Latn,Chứng khoán góp vốn,주식 증권,0.444,1.25,False,False,20,역번역 유사도 다소낮음(0.44)
출자증권,tgl_Latn,Mga pasaporte,여권,0.333,0.5,False,False,20,역번역 유사도 다소낮음(0.33)
출자총액제한,vie_Latn,Giới hạn tổng số vốn góp,모금금액 제한,0.462,1.17,False,False,20,역번역 유사도 다소낮음(0.46)
출자총액제한,ind_Latn,Batas Total Modal Investasi,투자 자본의 총 한계,0.353,1.83,False,False,20,역번역 유사도 다소낮음(0.35)
충분성,vie_Latn,Tính đầy đủ,완전성,0.333,1.0,False,False,20,역번역 유사도 다소낮음(0.33)
코레스은행,tha_Thai,ธนาคารคอร์ส,은행 코스,0.4,1.0,False,False,20,역번역 유사도 다소낮음(0.40)
코레스은행,mya_Mymr,ကိုရက်စ်ဘဏ်,한국 은행,0.4,1.0,False,False,20,역번역 유사도 다소낮음(0.40)
코리아펀드,ind_Latn,Korea Fund,한국 펀드,0.4,1.0,False,False,20,역번역 유사도 다소낮음(0.40)
코스닥 등록법인,vie_Latn,Công ty niêm yết trên sàn KOSDAQ,코스닥에 상장된 회사,0.421,1.38,False,False,20,역번역 유사도 다소낮음(0.42)
코스닥 등록법인,ind_Latn,Perusahaan yang terdaftar di KOSDAQ,코스닥에 상장된 회사,0.421,1.38,False,False,20,역번역 유사도 다소낮음(0.42)
코스닥 등록법인,tha_Thai,บริษัทที่จดทะเบียนในตลาด KOSDAQ,코스닥에 상장된 회사입니다.,0.348,1.88,False,False,20,역번역 유사도 다소낮음(0.35)
코스닥 등록주식,tgl_Latn,Ang mga listahan ng mga bahagi ng Cosstock,코스스톡의 부분 목록,0.421,1.38,False,False,20,역번역 유사도 다소낮음(0.42)
콘탱고,vie_Latn,Contango,콩탄고,0.333,1.0,False,False,20,역번역 유사도 다소낮음(0.33)
콜레이트,tgl_Latn,Si Collette.,콜렛,0.333,0.5,False,False,20,역번역 유사도 다소낮음(0.33)
쿠폰부사채,ind_Latn,Obligasi dengan kupon,부채와 쿠폰,0.364,1.2,False,False,20,역번역 유사도 다소낮음(0.36)
쿠폰부사채,tgl_Latn,Pagbabayad ng kupon,쿠폰 지불,0.4,1.0,False,False,20,역번역 유사도 다소낮음(0.40)
탈중개화현상,vie_Latn,Hiện tượng loại bỏ trung gian,중개자를 제거하는 현상,0.444,2.0,False,False,20,역번역 유사도 다소낮음(0.44)
탈중개화현상,ind_Latn,Fenomena deintermediasi,중재 해제 현상,0.429,1.33,False,False,20,역번역 유사도 다소낮음(0.43)
탈중개화현상,tha_Thai,ปรากฏการณ์การตัดตัวกลาง,중간에 절단 현상,0.4,1.5,False,False,20,역번역 유사도 다소낮음(0.40)
탈중개화현상,tgl_Latn,Ang mga pangyayari ng pag-aalis ng timbang,체중 감량 현상,0.429,1.33,False,False,20,역번역 유사도 다소낮음(0.43)
테크노스트럭처,vie_Latn,TechnoStructure,테크노 구조,0.462,0.86,False,False,20,역번역 유사도 다소낮음(0.46)
통일규격유가증권,tha_Thai,หลักทรัพย์มาตรฐาน,표준 증권,0.308,0.62,False,False,20,역번역 유사도 다소낮음(0.31)
통일규격유가증권 관리현황보고서,vie_Latn,Báo cáo tình hình quản lý chứng khoán có giá trị tiêu chuẩn thống nhất,증권 관리 실태 보고서는 통일 표준 가치를 가지고 있습니다.,0.327,2.06,False,False,20,역번역 유사도 다소낮음(0.33)
통일규격유가증권 관리현황보고서,ind_Latn,Laporan Status Pengelolaan Surat Berharga dengan Standar Seragam,통일된 표준으로 가치있는 메일 관리 상태 보고,0.39,1.56,False,False,20,역번역 유사도 다소낮음(0.39)
통일규격유가증권 관리현황보고서,tha_Thai,รายงานเกี่ยวกับสถานะการบริหารจัดการหลักทรัพย์มาตรฐาน,표준 증권 관리 관리 상태에 대한 보고서,0.421,1.38,False,False,20,역번역 유사도 다소낮음(0.42)
통일규격유가증권 관리현황보고서,mya_Mymr,တစ်နေ့တာ စည်းမျဉ်းစည်းကမ်း ချိုးဖောက်မှု အစီရင်ခံစာ,하루의 위반 보고서,0.308,0.62,False,False,20,역번역 유사도 다소낮음(0.31)
통합결제,mya_Mymr,ပေါင်းစည်းမှု ဖြေရှင်းနည်း,융합의 해결책,0.364,1.75,False,False,20,역번역 유사도 다소낮음(0.36)
통합결제기구협의회,tgl_Latn,Pangkalahatang Konseho ng Mga Organisasyong Nagtatagpo ng Integrasyon,통합 조직의 총회,0.444,1.0,False,False,20,역번역 유사도 다소낮음(0.44)
통화선물,mya_Mymr,ငွေကြေး လက်ဆောင်,금전적 선물,0.4,1.5,False,False,20,역번역 유사도 다소낮음(0.40)
통화스왑,vie_Latn,Hoán đổi tiền tệ,통화 교환,0.444,1.25,False,False,20,역번역 유사도 다소낮음(0.44)
통화스왑,ind_Latn,Swap mata uang,통화 교환,0.444,1.25,False,False,20,역번역 유사도 다소낮음(0.44)
통화스왑,mya_Mymr,ဖုန်းခေါ်ဆိုမှု။,전화 통화입니다.,0.308,2.25,False,False,20,역번역 유사도 다소낮음(0.31)
통화지표,tha_Thai,ตัวชี้วัดทางการเงิน,금융 지표입니다.,0.308,2.25,False,False,20,역번역 유사도 다소낮음(0.31)
통화채권투자신탁수익증권,tha_Thai,ใบรับรองรายได้ของกองทุนลงทุนในพันธบัตรสกุลเงิน,유가증권에 투자한 기금의 수입 증명서,0.312,1.67,False,False,20,역번역 유사도 다소낮음(0.31)
통화채권투자신탁수익증권,mya_Mymr,ငွေကြေးချေးငွေ၊ ရင်းနှီးမြှုပ်နှံမှု၊ ယုံကြည်မှု၊ အကျိုးအမြတ်ပေးစာရင်း,"금융 대출, 투자, 신뢰, 수익금",0.333,1.5,False,False,20,역번역 유사도 다소낮음(0.33)
투자신탁,vie_Latn,Quỹ đầu tư,투자 자금,0.444,1.25,False,False,20,역번역 유사도 다소낮음(0.44)
투자신탁,tha_Thai,กองทุนลงทุน,투자 기금,0.444,1.25,False,False,20,역번역 유사도 다소낮음(0.44)
투자신탁,mya_Mymr,ရင်းနှီးမြှုပ်နှံမှု,투자입니다.,0.4,1.5,False,False,20,역번역 유사도 다소낮음(0.40)
투자신탁,tgl_Latn,Pananampalataya sa pamumuhunan,투자에 대한 믿음,0.308,2.25,False,False,20,역번역 유사도 다소낮음(0.31)
투자자문업,ind_Latn,Bisnis Konsultasi Investasi,투자 컨설팅 사업,0.429,1.8,False,False,20,역번역 유사도 다소낮음(0.43)
특별결의,tha_Thai,มติพิเศษ,특별한 의견입니다.,0.429,2.5,False,False,20,역번역 유사도 다소낮음(0.43)
특별담보물,mya_Mymr,အထူးသတင်း,특별 뉴스,0.4,1.0,False,False,20,역번역 유사도 다소낮음(0.40)
파생금융상품,mya_Mymr,ရင်းနှီးမြှုပ်နှံမှု ထုတ်ကုန်များ,투자 상품,0.364,0.83,False,False,20,역번역 유사도 다소낮음(0.36)
파생적예금,tgl_Latn,Ang mga derivative deposit,파생 매장,0.4,1.0,False,False,20,역번역 유사도 다소낮음(0.40)
파생통화,tgl_Latn,Mga derivatives ng pananalita,언어의 파생물,0.364,1.75,False,False,20,역번역 유사도 다소낮음(0.36)
페니스탁,ind_Latn,Penis Tack,피니스 태크,0.4,1.5,False,False,20,역번역 유사도 다소낮음(0.40)
폐기증권,tha_Thai,หลักทรัพย์ที่ถูกยกเลิก,유출된 증권,0.4,1.5,False,False,20,역번역 유사도 다소낮음(0.40)
폐쇄형 투자신탁,ind_Latn,Reksa Dana Tertutup,자금투자,0.333,0.5,False,False,20,역번역 유사도 다소낮음(0.33)
폐쇄형 투자신탁,mya_Mymr,ပိတ်ထားတဲ့ ရင်းနှီးမြှုပ်နှံမှု,자금 투자입니다.,0.353,1.12,False,False,20,역번역 유사도 다소낮음(0.35)
포괄증자,ind_Latn,Penambahan Modal Komprehensif,포괄적 인 자본 추가,0.4,2.75,False,False,20,역번역 유사도 다소낮음(0.40)
포트폴리오 인슈어런스,mya_Mymr,Portfolio Insurance လို့ခေါ်ပါတယ်။,포트폴리오 보험이라고 합니다.,0.444,1.45,False,False,20,역번역 유사도 다소낮음(0.44)
폭포효과,ind_Latn,Efek Air Terjun,폭포의 영향,0.4,1.5,False,False,20,역번역 유사도 다소낮음(0.40)
폭포효과,tgl_Latn,Ang epekto ng waterfall.,폭포의 영향,0.4,1.5,False,False,20,역번역 유사도 다소낮음(0.40)
표면이율,vie_Latn,Hệ số bề mặt,표면 인수,0.444,1.25,False,False,20,역번역 유사도 다소낮음(0.44)
표면이율,mya_Mymr,မျက်နှာပြင် အတိုးနှုန်း,면적의 금리율,0.364,1.75,False,False,20,역번역 유사도 다소낮음(0.36)
풀서비스 브로커,vie_Latn,Công ty môi giới dịch vụ trọn gói,전체 서비스 중개 회사,0.4,1.5,False,False,20,역번역 유사도 다소낮음(0.40)
풀서비스 브로커,mya_Mymr,အပြည့်အဝ ဝန်ဆောင်မှု ရောင်းဝယ်သူပါ။,저는 종합 서비스 판매자입니다.,0.32,2.12,False,False,20,역번역 유사도 다소낮음(0.32)
풋-콜 패리티,mya_Mymr,Foot-Cool ပိုင်းခြားမှု။,풋-쿨 분할.,0.429,1.0,False,False,20,역번역 유사도 다소낮음(0.43)
핑크 쉬트,vie_Latn,Tấm trải giường màu hồng,핑크색 침대 메인,0.429,1.8,False,False,20,역번역 유사도 다소낮음(0.43)
핑크 쉬트,mya_Mymr,ပန်းရောင် အဝတ်အစားပါ။,핑크색 드레스입니다.,0.375,2.2,False,False,20,역번역 유사도 다소낮음(0.38)
한국예탁증서,mya_Mymr,တောင်ကိုရီးယား လက်မှတ်။,한국의 서명입니다.,0.375,1.67,False,False,20,역번역 유사도 다소낮음(0.38)
한국주택저당금융주식회사,ind_Latn,Perusahaan Pembiayaan Hipotek Perumahan Korea Tbk.,한국 주택담보대상사,0.455,0.83,False,False,20,역번역 유사도 다소낮음(0.45)
한국주택저당금융주식회사,mya_Mymr,တောင်ကိုရီးယား အိမ်ခြံမြေ ချေးငွေ ရှယ်ယာကုမ္ပဏီ,한국 부동산 대출 주식회사,0.462,1.17,False,False,20,역번역 유사도 다소낮음(0.46)
한국주택저당금융주식회사,tgl_Latn,Korean Housing Deposit Financing Joint Venture,한국 주택 예금 금융 합작 벤처,0.414,1.42,False,False,20,역번역 유사도 다소낮음(0.41)
한국증권대체결제주식회사,mya_Mymr,ကိုရီးယား ငွေလဲလှယ်ရေးကုမ္ပဏီ,한국거래회사,0.444,0.5,False,False,20,역번역 유사도 다소낮음(0.44)
한국증권대체결제주식회사,tgl_Latn,"Korea Securities Exchange Co., Ltd.",한국보증거래소,0.316,0.58,False,False,20,역번역 유사도 다소낮음(0.32)
한국증권전산주식회사,tha_Thai,"บริษัท Korea Securities Information Systems Co., Ltd.",한국보증정보시스템 (주),0.348,1.3,False,False,20,역번역 유사도 다소낮음(0.35)
한국증권전산주식회사,tgl_Latn,Korea Securities Exchange Co.,한국보증거래소,0.353,0.7,False,False,20,역번역 유사도 다소낮음(0.35)
할인발행,ind_Latn,Penerbitan dengan diskon,할인된 출판,0.4,1.5,False,False,20,역번역 유사도 다소낮음(0.40)
할인발행,tha_Thai,ฉบับลดราคา,할인된 버전,0.4,1.5,False,False,20,역번역 유사도 다소낮음(0.40)
할인발행,tgl_Latn,Discount pag-alis,퇴장 할인,0.444,1.25,False,False,20,역번역 유사도 다소낮음(0.44)
할인상사,mya_Mymr,လျှော့စျေးပေးသူ။,할인업자입니다.,0.333,2.0,False,False,20,역번역 유사도 다소낮음(0.33)
할인율,tha_Thai,อัตราส่วนลด,감소율,0.333,1.0,False,False,20,역번역 유사도 다소낮음(0.33)
할인율,mya_Mymr,လျှော့စျေးနှုန်း,할인된 가격,0.444,2.0,False,False,20,역번역 유사도 다소낮음(0.44)
합병교부금,vie_Latn,Khoản trợ cấp sáp nhập,통합 보조금,0.364,1.2,False,False,20,역번역 유사도 다소낮음(0.36)
합병교부금,tha_Thai,เงินสนับสนุนการควบรวมกิจการ,합병금을 지원합니다.,0.375,2.2,False,False,20,역번역 유사도 다소낮음(0.38)
합병차익,ind_Latn,Keuntungan dari penggabungan,합병의 장점,0.4,1.5,False,False,20,역번역 유사도 다소낮음(0.40)
합산주주,vie_Latn,Cổ đông tổng hợp,합동 주식,0.444,1.25,False,False,20,역번역 유사도 다소낮음(0.44)
합산주주,ind_Latn,Pemegang saham gabungan,공동 주주,0.444,1.25,False,False,20,역번역 유사도 다소낮음(0.44)
합산주주,mya_Mymr,စုပေါင်းရှယ်ယာရှင်,공동 주주,0.444,1.25,False,False,20,역번역 유사도 다소낮음(0.44)
항상성장모형,ind_Latn,Model Pertumbuhan Berkelanjutan,지속가능한 성장 모델,0.353,1.83,False,False,20,역번역 유사도 다소낮음(0.35)
항상성장모형,tha_Thai,แบบจำลองการเติบโตอย่างต่อเนื่อง,지속적인 성장 모델입니다.,0.3,2.33,False,False,20,역번역 유사도 다소낮음(0.30)
항상성장모형,mya_Mymr,အမြဲတမ်း ကြီးထွားမှုပုံစံပါ။,그것은 항상 성장의 형태입니다.,0.435,2.83,False,False,20,역번역 유사도 다소낮음(0.43)
항상성장모형,tgl_Latn,Ito ay palaging ang pag-growth matrix.,이것은 항상 성장 행렬입니다.,0.364,2.67,False,False,20,역번역 유사도 다소낮음(0.36)
해외송금,tha_Thai,การโอนเงินระหว่างประเทศ,국제 송금,0.444,1.25,False,False,20,역번역 유사도 다소낮음(0.44)
해외송금,tgl_Latn,Pagpapadala sa ibang bansa,해외로 파견,0.4,1.5,False,False,20,역번역 유사도 다소낮음(0.40)
해외송금 수수료,ind_Latn,Biaya transfer ke luar negeri,해외로 옮기는 비용,0.333,1.25,False,False,20,역번역 유사도 다소낮음(0.33)
해외증권,tgl_Latn,Papers sa ibang bansa,해외 서류,0.444,1.25,False,False,20,역번역 유사도 다소낮음(0.44)
해외증권 관련주식,mya_Mymr,နိုင်ငံခြားစာချုပ်ဆိုင်ရာ ရှယ်ယာတွေ,외환 증권,0.429,0.56,False,False,20,역번역 유사도 다소낮음(0.43)
현물채,tgl_Latn,Ang cash.,현금.,0.333,1.0,False,False,20,역번역 유사도 다소낮음(0.33)
현물환거래,vie_Latn,Giao dịch ngoại hối giao ngay,외환 거래 즉시,0.462,1.6,False,False,20,역번역 유사도 다소낮음(0.46)
현물환거래,tha_Thai,ธุรกรรมแลกเปลี่ยนเงินตราต่างประเทศแบบสปอต,외환 거래는 스팟입니다.,0.333,2.6,False,False,20,역번역 유사도 다소낮음(0.33)
현물환거래,tgl_Latn,Pagpapalit ng cash,현금 교환,0.4,1.0,False,False,20,역번역 유사도 다소낮음(0.40)
현지대리인,vie_Latn,Đại diện tại địa phương,지역 대표,0.4,1.0,False,False,20,역번역 유사도 다소낮음(0.40)
현지대리인,ind_Latn,Agen lokal,현지 요원,0.4,1.0,False,False,20,역번역 유사도 다소낮음(0.40)
현지대리인,tha_Thai,ตัวแทนท้องถิ่น,지역 대표,0.4,1.0,False,False,20,역번역 유사도 다소낮음(0.40)
현지대리인,tgl_Latn,Mga lokal na kinatawan.,지역 대표들,0.364,1.2,False,False,20,역번역 유사도 다소낮음(0.36)
현지보관기관,mya_Mymr,ဒေသခံ လုံခြုံရေးအဖွဲ့,지역 보안팀,0.333,1.0,False,False,20,역번역 유사도 다소낮음(0.33)
현지보관기관,tgl_Latn,Mga lokal na ahensya.,지역 기관입니다.,0.4,1.5,False,False,20,역번역 유사도 다소낮음(0.40)
호가구동시장,mya_Mymr,ဟိုဂိုဂိုဒေါင် စျေးကွက်,호고고돈 시장,0.462,1.17,False,False,20,역번역 유사도 다소낮음(0.46)
호가구동시장,tgl_Latn,Mercado ng Hokkaido,호카이도 시장,0.462,1.17,False,False,20,역번역 유사도 다소낮음(0.46)
혼합보관,tgl_Latn,Ang halo-halong paningin,혼합된 시력,0.4,1.5,False,False,20,역번역 유사도 다소낮음(0.40)
혼합주,tha_Thai,เครื่องดื่มผสมแอลกอฮอล์,알코올 혼합 음료,0.333,3.0,False,False,20,역번역 유사도 다소낮음(0.33)
환 포지션,tgl_Latn,Mga posisyon ng pantasya,환상의 위치,0.364,1.2,False,False,20,역번역 유사도 다소낮음(0.36)
환노출,ind_Latn,Paparan radiasi,방사선 노출,0.444,2.0,False,False,20,역번역 유사도 다소낮음(0.44)
환취권,vie_Latn,Quyền thu hồi,철회권,0.333,1.0,False,False,20,역번역 유사도 다소낮음(0.33)
환취권,ind_Latn,Hak penarikan kembali,철수권,0.333,1.0,False,False,20,역번역 유사도 다소낮음(0.33)
환취권,tha_Thai,สิทธิในการไถ่ถอน,인수권,0.333,1.0,False,False,20,역번역 유사도 다소낮음(0.33)
회사분할,tgl_Latn,Ibahagi ang kumpanya.,회사를 나누세요.,0.308,2.25,False,False,20,역번역 유사도 다소낮음(0.31)
회사정리법,vie_Latn,Luật Tái cơ cấu Doanh nghiệp,기업 구조조정법,0.308,1.6,False,False,20,역번역 유사도 다소낮음(0.31)
회사정리법,tha_Thai,พระราชบัญญัติการจัดโครงสร้างใหม่ของบริษัท,회사 재구성 법령,0.429,1.8,False,False,20,역번역 유사도 다소낮음(0.43)
회사정리법,mya_Mymr,ကုမ္ပဏီ မူဝါဒ။,회사 정책입니다.,0.429,1.8,False,False,20,역번역 유사도 다소낮음(0.43)
회사채,mya_Mymr,ကုမ္ပဏီရဲ့ ချေးငွေ,회사 대출입니다.,0.333,3.0,False,False,20,역번역 유사도 다소낮음(0.33)
회사형 투자신탁,ind_Latn,Reksa Dana Perusahaan,자금 회사,0.308,0.62,False,False,20,역번역 유사도 다소낮음(0.31)
회사형 투자신탁,mya_Mymr,ကုမ္ပဏီပုံစံ ရင်းနှီးမြှုပ်နှံမှု ယုံကြည်မှုပါ။,그것은 기업형 투자 신뢰입니다.,0.4,2.12,False,False,20,역번역 유사도 다소낮음(0.40)
회원증권회사,vie_Latn,Công ty chứng khoán thành viên,주식회사 회원,0.308,1.17,False,False,20,역번역 유사도 다소낮음(0.31)
회원증권회사,tha_Thai,บริษัทหลักทรัพย์สมาชิก,주식회사 회원,0.308,1.17,False,False,20,역번역 유사도 다소낮음(0.31)
회원증권회사,tgl_Latn,Mga Kumpanya ng Mga Sertipiko ng Pagkampanya,캠페인 인증 회사,0.4,1.5,False,False,20,역번역 유사도 다소낮음(0.40)
후순위채,tgl_Latn,Ang pagkakasunod-sunod,순서,0.333,0.5,False,False,20,역번역 유사도 다소낮음(0.33)
ABMF,vie_Latn,ABMF,ABMF,1.0,1.0,False,False,0,
ABMF,ind_Latn,ABMF,ABMF,1.0,1.0,False,False,0,
ABMF,tha_Thai,ABMF,ABMF,1.0,1.0,False,False,0,
ABMF,mya_Mymr,ABMF ပါ။,ABMF입니다.,0.667,2.0,False,False,0,
ABMI,vie_Latn,ABMI,ABMI,1.0,1.0,False,False,0,
ABMI,ind_Latn,ABMI,ABMI,1.0,1.0,False,False,0,
ABMI,tha_Thai,ABMI,ABMI,1.0,1.0,False,False,0,
ABMI,mya_Mymr,ABMI,ABMI입니다.,0.667,2.0,False,False,0,
ACG,vie_Latn,ACG,ACG,1.0,1.0,False,False,0,
ACG,ind_Latn,ACG,ACG,1.0,1.0,False,False,0,
ACG,tha_Thai,ACG,ACG,1.0,1.0,False,False,0,
AECSD,vie_Latn,AECSD,AECSD,1.0,1.0,False,False,0,
AECSD,ind_Latn,AECSD,AECSD,1.0,1.0,False,False,0,
AECSD,tha_Thai,AECSD,AECSD,1.0,1.0,False,False,0,
AECSD,mya_Mymr,AECSD ပါ။,AECSD입니다.,0.714,1.8,False,False,0,
ASIFMA,vie_Latn,ASIFMA,ASIFMA,1.0,1.0,False,False,0,
ASIFMA,mya_Mymr,ASIFMA,ASIFMA,1.0,1.0,False,False,0,
ATM,vie_Latn,ATM,ATM,1.0,1.0,False,False,0,
ATM,ind_Latn,ATM,ATM,1.0,1.0,False,False,0,
ATM,tha_Thai,ATM,ATM,1.0,1.0,False,False,0,
ATM,mya_Mymr,ATM ကို,ATM을 사용해서,0.5,3.0,False,False,0,
ATS,vie_Latn,ATS,ATS,1.0,1.0,False,False,0,
ATS,ind_Latn,ATS,ATS,1.0,1.0,False,False,0,
ATS,tha_Thai,ATS,ATS,1.0,1.0,False,False,0,
ATS,mya_Mymr,ATS,ATS,1.0,1.0,False,False,0,
BA,vie_Latn,BA,BA,1.0,1.0,False,False,0,
BA,ind_Latn,BA,BA,1.0,1.0,False,False,0,
BA,tha_Thai,BA,B.A.,0.667,2.0,False,False,0,
BA,mya_Mymr,B.A.,B.A.,0.667,2.0,False,False,0,
BBS,vie_Latn,BBS,BBS,1.0,1.0,False,False,0,
BBS,ind_Latn,BBS,BBS,1.0,1.0,False,False,0,
BBS,tha_Thai,BBS,BBS,1.0,1.0,False,False,0,
BBS,mya_Mymr,BBS,BBS,1.0,1.0,False,False,0,
BIC,vie_Latn,BIC,BIC,1.0,1.0,False,False,0,
BIC,ind_Latn,BIC,BIC,1.0,1.0,False,False,0,
BIC,tha_Thai,BIC,BIC,1.0,1.0,False,False,0,
BIC,mya_Mymr,BIC,BIC,1.0,1.0,False,False,0,
BOK-WIRE,vie_Latn,BOK-WIRE,BOK-WIRE,1.0,1.0,False,False,0,
BOK-WIRE,ind_Latn,BOK-WIRE,BOK-WIRE,1.0,1.0,False,False,0,
BOK-WIRE,tha_Thai,BOK-WIRE,BOK-WIRE,1.0,1.0,False,False,0,
BOK-WIRE,mya_Mymr,BOK-WIRE ကို,BOK-WIRE는,0.941,1.12,False,False,0,
CAMEL,vie_Latn,CAMEL,CAMEL,1.0,1.0,False,False,0,
CAMEL,ind_Latn,CAMEL,CAMEL,1.0,1.0,False,False,0,
CBF,vie_Latn,CBF,CBF,1.0,1.0,False,False,0,
CBF,ind_Latn,CBF,CBF,1.0,1.0,False,False,0,
CBF,tha_Thai,CBF,CBF,1.0,1.0,False,False,0,
CBF,mya_Mymr,CBF ပါ။,CBF입니다.,0.6,2.33,False,False,0,
CBL,vie_Latn,CBL,CBL,1.0,1.0,False,False,0,
CBL,ind_Latn,CBL,CBL,1.0,1.0,False,False,0,
CBL,tha_Thai,CBL,CBL,1.0,1.0,False,False,0,
CBL,mya_Mymr,CBL ပါ။,CBL입니다.,0.6,2.33,False,False,0,
CCASS,vie_Latn,CCASS,CCASS,1.0,1.0,False,False,0,
CCASS,ind_Latn,CCASS,CCASS,1.0,1.0,False,False,0,
CCASS,tha_Thai,CCASS,CCASS,1.0,1.0,False,False,0,
CCASS,mya_Mymr,CCASS ပါ။,CCASS입니다.,0.714,1.8,False,False,0,
CEDEL,vie_Latn,CEDEL,CEDEL,1.0,1.0,False,False,0,
CEDEL,ind_Latn,CEDEL,CEDEL,1.0,1.0,False,False,0,
CEDEL,tha_Thai,CEDEL,CEDEL,1.0,1.0,False,False,0,
CEDEL,mya_Mymr,CEDEL,CEDEL,1.0,1.0,False,False,0,
CFA,vie_Latn,CFA,CFA,1.0,1.0,False,False,0,
CFA,ind_Latn,CFA,CFA,1.0,1.0,False,False,0,
CFA,tha_Thai,CFA,CFA,1.0,1.0,False,False,0,
CFI,vie_Latn,CFI,CFI,1.0,1.0,False,False,0,
CFI,ind_Latn,CFI,CFI,1.0,1.0,False,False,0,
CFI,tha_Thai,CFI,CFI,1.0,1.0,False,False,0,
CFI,mya_Mymr,CFI,CFI,1.0,1.0,False,False,0,
CFO,vie_Latn,Giám đốc tài chính (CFO),CFO,1.0,1.0,False,False,0,
CFO,ind_Latn,CFO,CFO,1.0,1.0,False,False,0,
CFO,tha_Thai,CFO,CFO,1.0,1.0,False,False,0,
CGIF,vie_Latn,CGIF,CGIF,1.0,1.0,False,False,0,
CGIF,ind_Latn,CGIF,CGIF,1.0,1.0,False,False,0,
CGIF,tha_Thai,CGIF,CGIF,1.0,1.0,False,False,0,
CGIF,mya_Mymr,CGIF ကို,CGIF라고 불립니다.,0.5,3.0,False,False,0,
CGO,vie_Latn,CGO,CGO,1.0,1.0,False,False,0,
CGO,ind_Latn,CGO,CGO,1.0,1.0,False,False,0,
CGO,tha_Thai,CGO,CGO,1.0,1.0,False,False,0,
CGO,mya_Mymr,CGO ပါ။,CGO입니다.,0.6,2.33,False,False,0,
CHAPS,vie_Latn,CHAPS,CHAPS,1.0,1.0,False,False,0,
CHAPS,ind_Latn,CHAPS,CHAPS,1.0,1.0,False,False,0,
CHAPS,tha_Thai,CHAPS,CHAPS,1.0,1.0,False,False,0,
CHAPS,mya_Mymr,CHAPS ကို,CHAPS는,0.909,1.2,False,False,0,
CIK,vie_Latn,CIK,CIK,1.0,1.0,False,False,0,
CIK,ind_Latn,CIK,CIC,0.667,1.0,False,False,0,
CIK,tha_Thai,CIK,CIK,1.0,1.0,False,False,0,
CIK,mya_Mymr,CIK ပါ။,CIK입니다.,0.6,2.33,False,False,0,
CMA,vie_Latn,CMA,CMA,1.0,1.0,False,False,0,
CMA,ind_Latn,CMA,CMA,1.0,1.0,False,False,0,
CMA,tha_Thai,CMA,CMA,1.0,1.0,False,False,0,
CMA,mya_Mymr,CMA ပါ။,CMA입니다.,0.6,2.33,False,False,0,
CMI,vie_Latn,CMI,CMI,1.0,1.0,False,False,0,
CMI,ind_Latn,CMI,CMI,1.0,1.0,False,False,0,
CMI,tha_Thai,CMI,CMI,1.0,1.0,False,False,0,
CMI,mya_Mymr,CMI ပါ။,CMI입니다.,0.6,2.33,False,False,0,
CMO,vie_Latn,CMO,CMO,1.0,1.0,False,False,0,
CMO,ind_Latn,CMO,CMO,1.0,1.0,False,False,0,
CMO,tha_Thai,CMO,CMO,1.0,1.0,False,False,0,
CPSS,vie_Latn,CPSS,CPSS,1.0,1.0,False,False,0,
CPSS,ind_Latn,CPSS,CPSS,1.0,1.0,False,False,0,
CPSS,tha_Thai,CPSS,CPSS,1.0,1.0,False,False,0,
CPSS,mya_Mymr,CPSS,CPSS,1.0,1.0,False,False,0,
CREST,vie_Latn,CREST,CREST,1.0,1.0,False,False,0,
CREST,mya_Mymr,CREST,CREST입니다.,0.714,1.8,False,False,0,
CSD,vie_Latn,CSD,CSD,1.0,1.0,False,False,0,
CSD,ind_Latn,CSD,CSD,1.0,1.0,False,False,0,
CSD,tha_Thai,CSD,CSD,1.0,1.0,False,False,0,
CSD,mya_Mymr,CSD ပါ။,CSD입니다.,0.6,2.33,False,False,0,
CUSIP,vie_Latn,CUSIP,CUSIP,1.0,1.0,False,False,0,
CUSIP,ind_Latn,CUSIP,CUSIP,1.0,1.0,False,False,0,
CUSIP,tha_Thai,CUSIP,CUSIP,1.0,1.0,False,False,0,
CUSIP,mya_Mymr,CUSIP ပါ။,CUSIP입니다.,0.714,1.8,False,False,0,
D.K.,vie_Latn,D.K.,D.K.,1.0,1.0,False,False,0,
D.K.,ind_Latn,D.K.,D.K.,1.0,1.0,False,False,0,
D.K.,tha_Thai,D.K.,D.K.,1.0,1.0,False,False,0,
D.K.,mya_Mymr,D.K.,D.K.,1.0,1.0,False,False,0,
DBC,vie_Latn,DBC,DBC,1.0,1.0,False,False,0,
DBC,ind_Latn,DBC,DBC,1.0,1.0,False,False,0,
DBC,tha_Thai,DBC,DBC,1.0,1.0,False,False,0,
DBC,mya_Mymr,DBC ပါ။,DBC입니다.,0.6,2.33,False,False,0,
DTC,vie_Latn,DTC,DTC,1.0,1.0,False,False,0,
DTC,ind_Latn,DTC,DTC,1.0,1.0,False,False,0,
DTC,tha_Thai,DTC,DTC,1.0,1.0,False,False,0,
DVP link,vie_Latn,Liên kết DVP,DVP 연결,0.571,0.75,False,False,0,
DVP link,ind_Latn,Tautan DVP,DVP 링크,0.571,0.75,False,False,0,
DVP link,tha_Thai,ลิงก์ DVP,DVP 연결,0.571,0.75,False,False,0,
DVP link,mya_Mymr,DVP ချိတ်ဆက်မှု,DVP 연결,0.571,0.75,False,False,0,
Due bill,mya_Mymr,Due bill ဆိုတာက,"""Due bill""는",0.842,1.38,False,False,0,
E-TRADE,vie_Latn,E-TRADE,E-TRADE,1.0,1.0,False,False,0,
ECF,vie_Latn,ECF,ECF,1.0,1.0,False,False,0,
ECF,ind_Latn,ECF,ECF,1.0,1.0,False,False,0,
ECF,tha_Thai,ECF,ECF,1.0,1.0,False,False,0,
EDR,vie_Latn,EDR,EDR,1.0,1.0,False,False,0,
EDR,ind_Latn,EDR,EDR,1.0,1.0,False,False,0,
EDR,tha_Thai,EDR,EDR,1.0,1.0,False,False,0,
EMCC,vie_Latn,EMCC,EMCC,1.0,1.0,False,False,0,
EMCC,ind_Latn,EMCC,EMCC,1.0,1.0,False,False,0,
EMCC,tha_Thai,EMCC,EMCC,1.0,1.0,False,False,0,
EMCC,mya_Mymr,EMCC ပါ။,EMCC입니다.,0.667,2.0,False,False,0,
EMEA,vie_Latn,EMEA,EMEA,1.0,1.0,False,False,0,
EMEA,ind_Latn,EMEA,EMEA,1.0,1.0,False,False,0,
EMEA,tha_Thai,EMEA,EMEA,1.0,1.0,False,False,0,
EMEA,mya_Mymr,EMEA,EMEA 지역,0.727,1.75,False,False,0,
ETF,vie_Latn,ETF,ETF,1.0,1.0,False,False,0,
ETF,ind_Latn,ETF,ETF,1.0,1.0,False,False,0,
ETF,tha_Thai,ETF,ETF,1.0,1.0,False,False,0,
ETF,mya_Mymr,ETF တွေ,ETF입니다.,0.6,2.33,False,False,0,
EURIBOR,ind_Latn,EURIBOR,EURIBOR,1.0,1.0,False,False,0,
EURIBOR,tha_Thai,EURIBOR,EURIBOR,1.0,1.0,False,False,0,
EVA,vie_Latn,EVA,EVA,1.0,1.0,False,False,0,
FED-WIRE,vie_Latn,FED-WIRE,FED-WIRE,1.0,1.0,False,False,0,
FED-WIRE,ind_Latn,FED-WIRE,FED-WIRE,1.0,1.0,False,False,0,
FED-WIRE,tha_Thai,FED-WIRE,FED-WIRE,1.0,1.0,False,False,0,
FED-WIRE,mya_Mymr,FED-WIRE,FED-WIRE,1.0,1.0,False,False,0,
FIX,vie_Latn,FIX,FIX,1.0,1.0,False,False,0,
FIX,ind_Latn,FIX,FIX,1.0,1.0,False,False,0,
FIX,mya_Mymr,FIX ကို,FIX,1.0,1.0,False,False,0,
FORM 10-K,vie_Latn,MẪU 10-K,10-K,0.615,0.44,False,False,0,
FORM 10-K,ind_Latn,FORMULIR 10-K,양식 10-K,0.625,0.78,False,False,0,
FORM 10-K,tha_Thai,แบบฟอร์ม 10-K,10-K 양식,0.5,0.78,False,False,0,
FORM 10-K,mya_Mymr,FORM 10-K ကို,양식 10K,0.533,0.67,False,False,0,
FORM 10-Q,vie_Latn,MẪU 10-Q,10-Q,0.615,0.44,False,False,0,
FORM 10-Q,ind_Latn,FORMULIR 10-Q,10-Q 양식,0.5,0.78,False,False,0,
FORM 10-Q,tha_Thai,แบบฟอร์ม 10-Q,10-Q 양식,0.5,0.78,False,False,0,
FORM 10-Q,mya_Mymr,FORM 10-Q ကို,양식 10-Q,0.625,0.78,False,False,0,
FORM 3,mya_Mymr,FORM သုံး။,FORM를 사용하세요.,0.556,2.0,False,False,0,
FORM 8-K,ind_Latn,FORMULIR 8-K,양식 8-K,0.571,0.75,False,False,0,
FORM 8-K,mya_Mymr,FORM 8-K ကို,양식 8-K,0.571,0.75,False,False,0,
FUND/SERV,vie_Latn,FUND/SERV,FUND/SERV,1.0,1.0,False,False,0,
FUND/SERV,ind_Latn,FUND/SERV,FUND/SERV,1.0,1.0,False,False,0,
FUND/SERV,mya_Mymr,FUND/SERV,FUND/SERV,1.0,1.0,False,False,0,
FV/EBITDA,vie_Latn,FV/EBITDA,FV/EBITDA,1.0,1.0,False,False,0,
FV/EBITDA,ind_Latn,FV/EBITDA,FV/EBITDA,1.0,1.0,False,False,0,
FV/EBITDA,tha_Thai,FV/EBITDA,FV/EBITDA,1.0,1.0,False,False,0,
FV/EBITDA,mya_Mymr,FV/EBITDA,FV/EBITDA,1.0,1.0,False,False,0,
G-30,vie_Latn,G-30,G-30,1.0,1.0,False,False,0,
G-30,ind_Latn,G-30,G-30,1.0,1.0,False,False,0,
G-30,tha_Thai,G-30,G-30,1.0,1.0,False,False,0,
G-30,mya_Mymr,G-30 ပါ။,G-30입니다.,0.667,2.0,False,False,0,
GLOBALCLEAR,vie_Latn,GLOBALCLEAR,GLOBALCLEAR,1.0,1.0,False,False,0,
GLOBALCLEAR,mya_Mymr,GLOBALCLEAR ကို,GLOBALCLEAR는,0.957,1.09,False,False,0,
GNMA,vie_Latn,GNMA,GNMA,1.0,1.0,False,False,0,
GNMA,ind_Latn,GNMA,GNMA,1.0,1.0,False,False,0,
GNMA,tha_Thai,GNMA,GNMA,1.0,1.0,False,False,0,
GNMA,mya_Mymr,GNMA,GNMA,1.0,1.0,False,False,0,
HKSCC,vie_Latn,HKSCC,HKSCC,1.0,1.0,False,False,0,
HKSCC,ind_Latn,HKSCC,HKSCC,1.0,1.0,False,False,0,
HKSCC,tha_Thai,HKSCC,HKSCC,1.0,1.0,False,False,0,
HKSCC,mya_Mymr,HKSCC ပါ။,HKSCC입니다.,0.714,1.8,False,False,0,
IBAN,vie_Latn,IBAN,IBAN,1.0,1.0,False,False,0,
IBAN,ind_Latn,IBAN,IBAN,1.0,1.0,False,False,0,
IBAN,tha_Thai,IBAN,IBAN,1.0,1.0,False,False,0,
IBAN,mya_Mymr,IBAN,IBAN,1.0,1.0,False,False,0,
IID,vie_Latn,IID,IID,1.0,1.0,False,False,0,
IID,ind_Latn,IID,IID,1.0,1.0,False,False,0,
IID,tha_Thai,IID,IID,1.0,1.0,False,False,0,
IID,mya_Mymr,IID ပါ။,IID입니다.,0.6,2.33,False,False,0,
IMF 8조국,mya_Mymr,IMF နိုင်ငံ ၈ နိုင်ငံ,IMF 국가 8개국,0.706,1.43,False,False,0,
IMF 8조국,tgl_Latn,IMF walong bansa,IMF 8개국,0.857,1.0,False,False,0,
IMF 구제금융,vie_Latn,Gói cứu trợ của IMF,IMF 구제금융,1.0,1.0,False,False,0,
IMF 구제금융,tgl_Latn,Ang IMF rescue financing,IMF 구제금융,1.0,1.0,False,False,0,
ISDN,vie_Latn,ISDN,ISDN,1.0,1.0,False,False,0,
ISDN,ind_Latn,ISDN,ISDN,1.0,1.0,False,False,0,
ISDN,tha_Thai,ISDN,ISDN,1.0,1.0,False,False,0,
ISDN,mya_Mymr,ISDN,ISDN,1.0,1.0,False,False,0,
ISMA,vie_Latn,ISMA,ISMA,1.0,1.0,False,False,0,
ISMA,ind_Latn,ISMA,ISMA,1.0,1.0,False,False,0,
ISMA,tha_Thai,ISMA,ISMA,1.0,1.0,False,False,0,
ISMA,mya_Mymr,ISMA ပါ။,ISMA입니다.,0.667,2.0,False,False,0,
ISO,vie_Latn,ISO,ISO,1.0,1.0,False,False,0,
ISO,ind_Latn,ISO,ISO,1.0,1.0,False,False,0,
ISO,tha_Thai,ISO,ISO,1.0,1.0,False,False,0,
ISO,mya_Mymr,ISO ကို,ISO는,0.857,1.33,False,False,0,
ISO 20022,vie_Latn,ISO 20022,ISO 20022,1.0,1.0,False,False,0,
ISO 20022,ind_Latn,ISO 20022,ISO 20022,1.0,1.0,False,False,0,
ISO 20022,tha_Thai,ISO 20022,ISO 20022,1.0,1.0,False,False,0,
ISO 20022,mya_Mymr,ISO ၂၀၀၂၂,ISO 2002,0.941,0.89,False,False,0,
ISO 7775,vie_Latn,ISO 7775,ISO 7775,1.0,1.0,False,False,0,
ISO 7775,ind_Latn,ISO 7775,ISO 7775,1.0,1.0,False,False,0,
ISO 7775,tha_Thai,ISO 7775,ISO 7775,1.0,1.0,False,False,0,
ISO 7775,mya_Mymr,ISO ၇၇၇၅,ISO 7775,1.0,1.0,False,False,0,
ITM,vie_Latn,ITM,ITM,1.0,1.0,False,False,0,
ITM,ind_Latn,ITM,ITM,1.0,1.0,False,False,0,
ITM,tha_Thai,ITM,ITM,1.0,1.0,False,False,0,
ITM,mya_Mymr,ITM,ITM,1.0,1.0,False,False,0,
KOSPI 200,vie_Latn,KOSPI 200,KOSPI 200,1.0,1.0,False,False,0,
KOSPI 200,ind_Latn,KOSPI 200,코스피 200,0.5,0.78,False,False,0,
KOSPI 200,tha_Thai,KOSPI 200,KOSPI 200,1.0,1.0,False,False,0,
KOSPI 200,mya_Mymr,KOSPI ၂၀၀,KOSPI 200,1.0,1.0,False,False,0,
LBO,vie_Latn,LBO,LBO,1.0,1.0,False,False,0,
LBO,ind_Latn,LBO,LBO,1.0,1.0,False,False,0,
LBO,tha_Thai,LBO,LBO,1.0,1.0,False,False,0,
LBO,mya_Mymr,LBO ပါ။,LBO입니다.,0.6,2.33,False,False,0,
M&A,vie_Latn,M&A,M&A,1.0,1.0,False,False,0,
M&A,ind_Latn,M&A,M&A,1.0,1.0,False,False,0,
M&A,tgl_Latn,Mga M&A,M&A,1.0,1.0,False,False,0,
"M1, M2, M3",vie_Latn,"M1, M2, M3","M1, M2, M3",1.0,1.0,False,False,0,
"M1, M2, M3",ind_Latn,"M1, M2, M3","M1, M2, M3",1.0,1.0,False,False,0,
"M1, M2, M3",tha_Thai,"M1, M2, M3","M1, M2, M3",1.0,1.0,False,False,0,
"M1, M2, M3",mya_Mymr,"M1, M2, M3","M1, M2, M3",1.0,1.0,False,False,0,
"M1, M2, M3",tgl_Latn,"M1, M2, M3.","M1, M2, M3.",0.952,1.1,False,False,0,
MALONEY ACT,ind_Latn,UNDANG-UNDANG MALONEY,MALONEY 새들,0.762,0.91,False,False,0,
MALONEY ACT,mya_Mymr,MALONEY ACT ကို,우리는 MALONEY ACT를,0.815,1.45,False,False,0,
MIC,vie_Latn,MIC,MIC,1.0,1.0,False,False,0,
MIC,ind_Latn,MIC,MIC,1.0,1.0,False,False,0,
MIC,tha_Thai,MIC,MIC,1.0,1.0,False,False,0,
MIC,mya_Mymr,MIC,MIC,1.0,1.0,False,False,0,
MIT,vie_Latn,MIT,MIT,1.0,1.0,False,False,0,
MIT,ind_Latn,MIT,MIT,1.0,1.0,False,False,0,
MIT,tha_Thai,MIT,MIT,1.0,1.0,False,False,0,
MIT,mya_Mymr,MIT ပါ။,MIT입니다.,0.6,2.33,False,False,0,
MM의 자본구조 이론,vie_Latn,Lý thuyết về cơ cấu vốn của MM,MM의 자본 구조 이론,0.957,1.09,False,False,0,
MM의 자본구조 이론,ind_Latn,Teori Struktur Modal MM,MM 자본 구조 이론,0.909,1.0,False,False,0,
MM의 자본구조 이론,tha_Thai,ทฤษฎีโครงสร้างทุนของ MM,MM의 자본 구조 이론,0.957,1.09,False,False,0,
MM의 자본구조 이론,mya_Mymr,MM ရဲ့ အရင်းရှင်တည်ဆောက်မှု သီအိုရီ,MM의 자본구조 이론,1.0,1.0,False,False,0,
MM의 자본구조 이론,tgl_Latn,Ang teorya ng istraktura ng kapital ng MM,MM의 자본 구조 이론,0.957,1.09,False,False,0,
MONTE TITOLI S.P.A.,vie_Latn,MONTE TITOLI S.P.A.,몬테 티톨리 S.P.A.,0.5,0.68,False,False,0,
MONTE TITOLI S.P.A.,mya_Mymr,MONTE TITOLI S.P.A.,몬테 티톨리 S.P.A.,0.5,0.68,False,False,0,
MSRB,vie_Latn,MSRB,MSRB,1.0,1.0,False,False,0,
MSRB,ind_Latn,MSRB,MSRB,1.0,1.0,False,False,0,
MSRB,tha_Thai,MSRB,MSRB,1.0,1.0,False,False,0,
MSRB,mya_Mymr,MSRB ပါ။,MSRB입니다.,0.667,2.0,False,False,0,
MiFID,vie_Latn,MiFID,MiFID,1.0,1.0,False,False,0,
MiFID,ind_Latn,MiFID,MiFID,1.0,1.0,False,False,0,
MiFID,tha_Thai,MiFID,MiFID,1.0,1.0,False,False,0,
MiFID,mya_Mymr,MiFID,MiFID입니다.,0.714,1.8,False,False,0,
NECIGEF,ind_Latn,NECIGEF,NECIGEF,1.0,1.0,False,False,0,
NECIGEF,mya_Mymr,NECIGEF,NECIGEF,1.0,1.0,False,False,0,
NICRA,vie_Latn,NICRA,NICRA,1.0,1.0,False,False,0,
NICRA,ind_Latn,NICRA,NICRA,1.0,1.0,False,False,0,
NICRA,tha_Thai,NICRA,NICRA,1.0,1.0,False,False,0,
NICRA,mya_Mymr,NICRA ပါ။,NICRA입니다.,0.714,1.8,False,False,0,
NMPG,vie_Latn,NMPG,NMPG,1.0,1.0,False,False,0,
NMPG,ind_Latn,NMPG,NMPG,1.0,1.0,False,False,0,
NMPG,tha_Thai,NMPG,NMPG,1.0,1.0,False,False,0,
NMPG,mya_Mymr,NMPG,NMPG입니다.,0.667,2.0,False,False,0,
NSCC,vie_Latn,NSCC,NSCC,1.0,1.0,False,False,0,
NSCC,ind_Latn,NSCC,NSCC,1.0,1.0,False,False,0,
NSCC,tha_Thai,NSCC,NSCC,1.0,1.0,False,False,0,
NSCC,mya_Mymr,NSCC ပါ။,NSCC입니다.,0.667,2.0,False,False,0,
NYSE rule 387,vie_Latn,Quy tắc 387 của NYSE,NYSE 규칙 387,0.75,0.85,False,False,0,
NYSE rule 387,ind_Latn,Aturan NYSE 387,NYSE 규칙 387,0.75,0.85,False,False,0,
NYSE rule 387,tha_Thai,กฎข้อ 387 ของ NYSE,NYSE 규칙 387,0.75,0.85,False,False,0,
NYSE rule 387,mya_Mymr,NYSE စည်းမျဉ်း ၃၈၇,NYSE 규칙 387,0.75,0.85,False,False,0,
OTM,vie_Latn,OTM,OTM,1.0,1.0,False,False,0,
OTM,ind_Latn,OTM,OTM,1.0,1.0,False,False,0,
OTM,tha_Thai,OTM,OTM,1.0,1.0,False,False,0,
OTM,mya_Mymr,OTM ပါ။,OTM입니다.,0.6,2.33,False,False,0,
P&A,vie_Latn,P&A,P&A,1.0,1.0,False,False,0,
PB,vie_Latn,PB,PB,1.0,1.0,False,False,0,
PB,ind_Latn,PB,PB,1.0,1.0,False,False,0,
PB,tha_Thai,PB,PB,1.0,1.0,False,False,0,
PB,mya_Mymr,PB ပါ။,PB입니다.,0.5,3.0,False,False,0,
PIKS,mya_Mymr,PIKS,PIKS,1.0,1.0,False,False,0,
PTS,vie_Latn,PTS,PTS,1.0,1.0,False,False,0,
PTS,ind_Latn,PTS,PTS,1.0,1.0,False,False,0,
PTS,tha_Thai,PTS,PTS,1.0,1.0,False,False,0,
PTS,mya_Mymr,PTS,PTS,1.0,1.0,False,False,0,
QFI,vie_Latn,QFI,QFI,1.0,1.0,False,False,0,
QFI,ind_Latn,QFI,QFI,1.0,1.0,False,False,0,
QFI,tha_Thai,QFI,QFI,1.0,1.0,False,False,0,
QFI,mya_Mymr,QFI ပါ။,QFI입니다.,0.6,2.33,False,False,0,
QIB,vie_Latn,QIB,QIB,1.0,1.0,False,False,0,
QIB,ind_Latn,QIB,QIB,1.0,1.0,False,False,0,
QIB,tha_Thai,QIB,QIB,1.0,1.0,False,False,0,
QIB,mya_Mymr,QIB ပါ။,QIB입니다.,0.6,2.33,False,False,0,
RELIT,vie_Latn,RELIT,RELIT,1.0,1.0,False,False,0,
RELIT,ind_Latn,RELIT,RELIT,1.0,1.0,False,False,0,
RELIT,mya_Mymr,RELIT,RELIT,1.0,1.0,False,False,0,
RGV,vie_Latn,RGV,RGV,1.0,1.0,False,False,0,
RGV,ind_Latn,RGV,RGV,1.0,1.0,False,False,0,
RGV,tha_Thai,RGV,RGV,1.0,1.0,False,False,0,
RGV,mya_Mymr,RGV ပါ။,RGV입니다.,0.6,2.33,False,False,0,
RSI,vie_Latn,RSI,RSI,1.0,1.0,False,False,0,
RSI,ind_Latn,RSI,RSI,1.0,1.0,False,False,0,
RSI,tha_Thai,RSI,RSI,1.0,1.0,False,False,0,
RVP,vie_Latn,RVP,RVP,1.0,1.0,False,False,0,
RVP,ind_Latn,RVP,RVP,1.0,1.0,False,False,0,
RVP,tha_Thai,RVP,RVP,1.0,1.0,False,False,0,
RVP,mya_Mymr,RVP,RVP.,0.857,1.33,False,False,0,
S&R,vie_Latn,S&R,S&R,1.0,1.0,False,False,0,
S&R,ind_Latn,S&R,S&R,1.0,1.0,False,False,0,
S&R,tha_Thai,S&R,S&R,1.0,1.0,False,False,0,
S&R,mya_Mymr,S&R,S&R,1.0,1.0,False,False,0,
S&R,tgl_Latn,S&R,S&R,1.0,1.0,False,False,0,
SAFE 21,vie_Latn,SAFE 21,SAFE 21,1.0,1.0,False,False,0,
SAFE 21,ind_Latn,SAFE 21,SAFE 21,1.0,1.0,False,False,0,
SAFE 21,mya_Mymr,SAFE ၂၁,SAFE 21,1.0,1.0,False,False,0,
SCHEDULE 13D,vie_Latn,MẪU 13D,MUM 13D,0.526,0.58,False,False,0,
SECOM,vie_Latn,SECOM,SECOM,1.0,1.0,False,False,0,
SECOM,ind_Latn,SECOM,SECOM,1.0,1.0,False,False,0,
SECOM,tha_Thai,SECOM,SECOM,1.0,1.0,False,False,0,
SECOM,mya_Mymr,SECOM,SECOM,1.0,1.0,False,False,0,
SEDOL,vie_Latn,SEDOL,SEDOL,1.0,1.0,False,False,0,
SEDOL,ind_Latn,SEDOL,SEDOL,1.0,1.0,False,False,0,
SEDOL,tha_Thai,SEDOL,SEDOL,1.0,1.0,False,False,0,
SEDOL,mya_Mymr,SEDOL,SEDOL,1.0,1.0,False,False,0,
SIAC,vie_Latn,SIAC,SIAC,1.0,1.0,False,False,0,
SIAC,ind_Latn,SIAC,SIAC,1.0,1.0,False,False,0,
SIAC,tha_Thai,SIAC,SIAC,1.0,1.0,False,False,0,
SIAC,mya_Mymr,SIAC ပါ။,SIAC입니다.,0.667,2.0,False,False,0,
SICOVAM,vie_Latn,SICOVAM,SICOVAM,1.0,1.0,False,False,0,
SICOVAM,ind_Latn,SICOVAM,SICOVAM,1.0,1.0,False,False,0,
SICOVAM,tha_Thai,SICOVAM,SICOVAM,1.0,1.0,False,False,0,
SICOVAM,mya_Mymr,SICOVAM,SICOVAM,1.0,1.0,False,False,0,
SMPG,vie_Latn,SMPG,SMPG,1.0,1.0,False,False,0,
SMPG,ind_Latn,SMPG,SMPG,1.0,1.0,False,False,0,
SMPG,tha_Thai,SMPG,SMPG,1.0,1.0,False,False,0,
SMPG,mya_Mymr,SMPG,SMPG,1.0,1.0,False,False,0,
STP,vie_Latn,STP,STP,1.0,1.0,False,False,0,
STP,ind_Latn,STP,STP,1.0,1.0,False,False,0,
STP,tha_Thai,STP,STP,1.0,1.0,False,False,0,
STP,mya_Mymr,STP ပါ။,STP입니다.,0.6,2.33,False,False,0,
SWIFT,vie_Latn,SWIFT,SWIFT,1.0,1.0,False,False,0,
SWIFT,ind_Latn,SWIFT,SWIFT,1.0,1.0,False,False,0,
SWIFT,tha_Thai,SWIFT,SWIFT,1.0,1.0,False,False,0,
SWIFT,mya_Mymr,SWIFT ပါ။,SWIFT입니다.,0.714,1.8,False,False,0,
SWIFT 코드,vie_Latn,Mã SWIFT,SWIFT 코드,1.0,1.0,False,False,0,
SWIFT 코드,ind_Latn,Kode SWIFT,SWIFT 코드,1.0,1.0,False,False,0,
SWIFT 코드,tha_Thai,รหัส SWIFT,SWIFT 암호,0.75,1.0,False,False,0,
SWIFT 코드,mya_Mymr,SWIFT ကုဒ်ပါ။,SWIFT 코드입니다.,0.8,1.5,False,False,0,
SWIFT 코드,tgl_Latn,Ang SWIFT code,SWIFT 코드,1.0,1.0,False,False,0,
T-BILL,vie_Latn,T-BILL,T-BILL,1.0,1.0,False,False,0,
T-BILL,ind_Latn,T-BILL,T-BILL,1.0,1.0,False,False,0,
T-BILL,tha_Thai,T-BILL,T-BILL,1.0,1.0,False,False,0,
T-BILL,mya_Mymr,T-BILL,T-BILL,1.0,1.0,False,False,0,
T-BOND,vie_Latn,T-BOND,T-BOND,1.0,1.0,False,False,0,
T-BOND,ind_Latn,T-BOND,T-BOND,1.0,1.0,False,False,0,
T-BOND,tha_Thai,T-BOND,T-BOND,1.0,1.0,False,False,0,
T-BOND,mya_Mymr,T-BOND,T-BOND,1.0,1.0,False,False,0,
T-NOTE,vie_Latn,T-NOTE,T-NOTE,1.0,1.0,False,False,0,
T-NOTE,ind_Latn,T-NOTE,T-NOTE,1.0,1.0,False,False,0,
T-NOTE,tha_Thai,T-NOTE,T-NOTE,1.0,1.0,False,False,0,
T-NOTE,mya_Mymr,T-NOTE,T-NOTE,1.0,1.0,False,False,0,
T2S,vie_Latn,T2S,T2S,1.0,1.0,False,False,0,
T2S,ind_Latn,T2S,T2S,1.0,1.0,False,False,0,
T2S,tha_Thai,T2S,T2S,1.0,1.0,False,False,0,
T2S,mya_Mymr,T2S ပါ။,T2S입니다.,0.6,2.33,False,False,0,
TAKASBANK,tha_Thai,TAKASBANK,TAKASBANK,1.0,1.0,False,False,0,
TALISMAN,vie_Latn,TALISMAN,TALISMAN,1.0,1.0,False,False,0,
UNIFI,vie_Latn,UNIFI,UNIFI,1.0,1.0,False,False,0,
UNIFI,ind_Latn,UNIFI,UNIFI,1.0,1.0,False,False,0,
UNIFI,tha_Thai,UNIFI,UNIFI,1.0,1.0,False,False,0,
UNIFI,mya_Mymr,UNIFI,UNIFI,1.0,1.0,False,False,0,
VAR,vie_Latn,VAR,VAR,1.0,1.0,False,False,0,
VAR,ind_Latn,VAR,VAR,1.0,1.0,False,False,0,
VAR,tha_Thai,VAR,VAR,1.0,1.0,False,False,0,
VAR,mya_Mymr,VAR,VAR,1.0,1.0,False,False,0,
VP,ind_Latn,VP,VP,1.0,1.0,False,False,0,
VPC,vie_Latn,VPC,VPC,1.0,1.0,False,False,0,
VPC,ind_Latn,VPC,VPC,1.0,1.0,False,False,0,
VPC,tha_Thai,VPC,VPC,1.0,1.0,False,False,0,
VPC,mya_Mymr,VPC ပါ။,VPC입니다.,0.6,2.33,False,False,0,
VPS,vie_Latn,VPS,VPS,1.0,1.0,False,False,0,
VPS,ind_Latn,VPS,VPS,1.0,1.0,False,False,0,
VPS,tha_Thai,VPS,VPS,1.0,1.0,False,False,0,
VPS,mya_Mymr,VPS ပါ။,VPS입니다.,0.6,2.33,False,False,0,
X,vie_Latn,X,X,1.0,1.0,False,False,0,
X,ind_Latn,X,X,1.0,1.0,False,False,0,
X,tha_Thai,X,X,1.0,1.0,False,False,0,
X-비효율성,vie_Latn,X - Sự kém hiệu quả,X - 비효율성,0.857,1.33,False,False,0,
X-비효율성,ind_Latn,X-Ketidakefisienan,X-케이티의 효율성,0.625,1.67,False,False,0,
X-비효율성,tha_Thai,X-inefficiency,X 비효율성,0.833,1.0,False,False,0,
X-비효율성,mya_Mymr,X-ထိရောက်မှုမရှိခြင်း,X: 비효율성,0.769,1.17,False,False,0,
X-비효율성,tgl_Latn,X-kapaki-pakinabang,X-이용성,0.545,0.83,False,False,0,
XML,vie_Latn,XML,XML,1.0,1.0,False,False,0,
XML,ind_Latn,XML,XML,1.0,1.0,False,False,0,
XML,tha_Thai,XML,XML입니다.,0.6,2.33,False,False,0,
XML,mya_Mymr,XML ကို,XML을,0.857,1.33,False,False,0,
XR,vie_Latn,XR,XR,1.0,1.0,False,False,0,
XR,ind_Latn,XR,XR,1.0,1.0,False,False,0,
XR,tha_Thai,XR,XR,1.0,1.0,False,False,0,
XR,mya_Mymr,XR ပါ။,XR입니다.,0.5,3.0,False,False,0,
XW,vie_Latn,XW,XW,1.0,1.0,False,False,0,
XW,ind_Latn,XW,XW,1.0,1.0,False,False,0,
XW,tha_Thai,XW,XW,1.0,1.0,False,False,0,
XW,mya_Mymr,XW ပါ။,XW입니다.,0.5,3.0,False,False,0,
giro lombard over draft,vie_Latn,Giro Lombard - Dịch vụ thấu chi,Giro Lombard - 요금 서비스,0.545,0.91,False,False,0,
repo/RP,vie_Latn,repo/RP,리포/RP,0.5,0.71,False,False,0,
repo/RP,ind_Latn,repo/RP,리포/RP,0.5,0.71,False,False,0,
repo/RP,tha_Thai,repo/RP,리포/RP,0.5,0.71,False,False,0,
repo/RP,mya_Mymr,repo/RP,리포/RP,0.5,0.71,False,False,0,
가격역지정 주문,ind_Latn,Pesanan dengan Harga yang Ditentukan,정해진 가격으로 주문,0.526,1.38,False,False,0,
가격역지정 주문,tgl_Latn,Mga order sa presyo,가격 주문,0.769,0.62,False,False,0,
가격우선의 원칙,vie_Latn,Nguyên tắc ưu tiên giá cả,가격 우선 원칙,0.875,1.0,False,False,0,
가격우선의 원칙,ind_Latn,Prinsip prioritas harga,가격 우선 원칙,0.875,1.0,False,False,0,
가격우선의 원칙,tgl_Latn,Ang Prinsipyo ng Pagmamay-ari ng presyo,가격 소유 원칙,0.625,1.0,False,False,0,
가격제한폭,ind_Latn,Batas fluktuasi harga,가격 변동 제한,0.615,1.6,False,False,0,
가격제한폭,tgl_Latn,Mga limitasyon sa presyo,가격 제한,0.8,1.0,False,False,0,
가교은행,vie_Latn,Ngân hàng trung gian,중앙은행,0.5,1.0,False,False,0,
가산금리,ind_Latn,Suku bunga tambahan,추가 금리,0.667,1.25,False,False,0,
가압류,ind_Latn,Penyitaan sementara,임시 압류,0.5,1.67,False,False,0,
가중주가평균,ind_Latn,Rata-rata tertimbang,가중 평균,0.727,0.83,False,False,0,
간접금융,vie_Latn,Tài chính gián tiếp,간접 금융,0.889,1.25,False,False,0,
간접금융,ind_Latn,Pembiayaan tidak langsung,간접적인 자금,0.545,1.75,False,False,0,
간접금융,tha_Thai,การเงินทางอ้อม,회로금융,0.5,1.0,False,False,0,
간접금융,tgl_Latn,Hindi direktang pagpopondo,간접적인 자금,0.545,1.75,False,False,0,
간접점유,vie_Latn,Sở hữu gián tiếp,간접 소유,0.667,1.25,False,False,0,
간접점유,ind_Latn,Kepemilikan tidak langsung,간접 소유권,0.6,1.5,False,False,0,
간접참가자,vie_Latn,Người tham gia gián tiếp,간접 참여자,0.727,1.2,False,False,0,
간접참가자,ind_Latn,Peserta tidak langsung,간접 참여자,0.727,1.2,False,False,0,
간접참가자,tha_Thai,ผู้เข้าร่วมแบบไม่โดยตรง,비간접적인 참여자,0.571,1.8,False,False,0,
감채기금,ind_Latn,Dana Pengurangan Utang,부채 감면 기금,0.5,2.0,False,False,0,
감채기금,tha_Thai,กองทุนบรรเทาหนี้,부채 완화 기금,0.5,2.0,False,False,0,
감채기금부채권,ind_Latn,Obligasi Dana Pengurangan Utang,부채 감면기금 채권,0.588,1.43,False,False,0,
강제매수,ind_Latn,Pembelian Paksa,강제 구매,0.667,1.25,False,False,0,
개발신탁,mya_Mymr,ဖွံ့ဖြိုးတိုးတက်မှု,개발,0.667,0.5,False,False,0,
개방형 투자신탁,mya_Mymr,ပွင့်လင်းတဲ့ ရင်းနှီးမြှုပ်နှံမှု,개방형 투자,0.857,0.75,False,False,0,
개별결제,vie_Latn,Thanh toán riêng lẻ,개별 결제,0.889,1.25,False,False,0,
개별결제,tha_Thai,การชำระเงินแบบรายบุคคล,개인 결제,0.667,1.25,False,False,0,
개별결제,mya_Mymr,တစ်ဦးချင်း ဖြေရှင်းနည်း,개인별 해결방법,0.5,2.0,False,False,0,
개별결제,tgl_Latn,Mga indibidwal na solusyon,개별적인 해결책,0.5,2.0,False,False,0,
개별경쟁매매,vie_Latn,Giao dịch cạnh tranh riêng lẻ,개별 경쟁 거래,0.571,1.33,False,False,0,
개별경쟁매매,tha_Thai,การซื้อขายแบบแข่งขันส่วนบุคคล,개인 경쟁 구매,0.571,1.33,False,False,0,
거래내역,vie_Latn,Lịch sử giao dịch,거래 역사,0.667,1.25,False,False,0,
거래량비율,vie_Latn,Tỷ lệ khối lượng giao dịch,거래량 비율,0.909,1.2,False,False,0,
거래량비율,ind_Latn,Rasio Volume Perdagangan,무역량 비율,0.545,1.2,False,False,0,
거래량비율,tha_Thai,อัตราส่วนปริมาณ,분량 비율,0.6,1.0,False,False,0,
거래량비율,tgl_Latn,Mga rate ng kalakalan,거래율,0.75,0.6,False,False,0,
거래량회전율,vie_Latn,Tỷ lệ luân chuyển khối lượng giao dịch,거래량 회전율,0.923,1.17,False,False,0,
거래량회전율,ind_Latn,Rasio Perputaran Volume Perdagangan,거래량 회전율,0.923,1.17,False,False,0,
거래성립률,vie_Latn,Tỷ lệ giao dịch thành công,거래 성공률,0.727,1.2,False,False,0,
거래성립률,ind_Latn,Tingkat keberhasilan transaksi,거래 성공률,0.727,1.2,False,False,0,
거래소 시장,vie_Latn,Thị trường sàn giao dịch,거래소 시장,1.0,1.0,False,False,0,
거래소 시장,ind_Latn,Pasar bursa,거래소,0.667,0.5,False,False,0,
거래소 시장,tha_Thai,ตลาดแลกเปลี่ยน,거래소,0.667,0.5,False,False,0,
거래소 시장,tgl_Latn,Mga merkado ng palitan,외환 시장,0.545,0.83,False,False,0,
거래소 회원,vie_Latn,Thành viên sàn giao dịch,거래소 회원,1.0,1.0,False,False,0,
거래소 회원,ind_Latn,Anggota bursa,거래소 회원,1.0,1.0,False,False,0,
거래취소,vie_Latn,Hủy giao dịch,거래 취소,0.889,1.25,False,False,0,
거래취소,ind_Latn,Pembatalan Transaksi,거래 취소,0.889,1.25,False,False,0,
건설이자,vie_Latn,Lãi suất cho vay xây dựng,건설 대출의 이자율,0.571,2.5,False,False,0,
겐사끼시장,vie_Latn,Chợ Gensaki,겐사키 시장,0.727,1.2,False,False,0,
겐사끼시장,ind_Latn,Pasar Gensaki,겐사키 시장,0.727,1.2,False,False,0,
견양증권,vie_Latn,Gyeonyang Securities,경남증권,0.5,1.0,False,False,0,
견양증권,ind_Latn,Gyeonyang Securities,예온양 증권,0.6,1.5,False,False,0,
견양증권,tha_Thai,Gyeonyang Securities,경남증권,0.5,1.0,False,False,0,
결산보고서,vie_Latn,Báo cáo tài chính,재무보고서,0.6,1.0,False,False,0,
결산보고서,ind_Latn,Laporan Keuangan,재무 보고서,0.545,1.2,False,False,0,
결산보고서,tha_Thai,รายงานการเงิน,재무보고서,0.6,1.0,False,False,0,
결산보고서,tgl_Latn,Mga ulat ng pagbabayad.,결제 보고서,0.727,1.2,False,False,0,
결제기구,vie_Latn,Tổ chức thanh toán,결제 기관,0.667,1.25,False,False,0,
결제기구,ind_Latn,Lembaga Pembayaran,결제 기관,0.667,1.25,False,False,0,
결제기금,vie_Latn,Quỹ thanh toán,결제기금,1.0,1.0,False,False,0,
결제기금,ind_Latn,Dana Pembayaran,결제기금,1.0,1.0,False,False,0,
결제기금,tha_Thai,กองทุนการชำระเงิน,결제 기금,0.889,1.25,False,False,0,
결제기금,mya_Mymr,ငွေပေးချေမှု,결제,0.667,0.5,False,False,0,
결제기금,tgl_Latn,Mga pondo ng pagbabayad,결제 자금,0.667,1.25,False,False,0,
결제대용증,vie_Latn,Giấy chứng nhận thanh toán,결제 증명서,0.545,1.2,False,False,0,
결제대용증,ind_Latn,Surat Pengganti Pembayaran,결제 대리증,0.727,1.2,False,False,0,
결제대용증,mya_Mymr,ငွေပေးချေမှု,결제,0.571,0.4,False,False,0,
결제리스크 관리제도,tha_Thai,ระบบจัดการความเสี่ยงด้านการชำระเงิน,결제 리스크 관리 시스템,0.696,1.3,False,False,0,
결제리스크 관리제도,mya_Mymr,ငွေပေးချေမှု အရဲစွန့်မှု စီမံခန့်ခွဲမှု,결제 위험 관리,0.556,0.8,False,False,0,
결제순서조작,vie_Latn,Thao túng trình tự thanh toán,결제 순서를 틀어,0.533,1.5,False,False,0,
결제순서조작,ind_Latn,Manipulasi urutan pembayaran,결제 순서 조작,0.857,1.33,False,False,0,
결제순서조작,tha_Thai,การปรับเปลี่ยนลำดับการชำระเงิน,결제 순서 변경,0.571,1.33,False,False,0,
결제위험의 비대칭성,vie_Latn,Tính bất đối xứng của rủi ro thanh toán,결제 위험의 비대칭성,0.952,1.1,False,False,0,
결제위험의 비대칭성,ind_Latn,Asimetri Risiko Pembayaran,결제 위험 비대칭,0.842,0.9,False,False,0,
결제위험의 비대칭성,mya_Mymr,ငွေပေးချေမှု အရဲစွန့်မှု မညီမျှမှု,결제 위험 불평등,0.526,0.9,False,False,0,
결제위험의 비대칭성,tgl_Latn,Ang hindi pagkakapareho ng panganib sa pagbabayad,결제 위험의 불평등,0.6,1.0,False,False,0,
결제은행제도,vie_Latn,Hệ thống ngân hàng thanh toán,결제 은행 시스템,0.533,1.5,False,False,0,
결제일,vie_Latn,Ngày thanh toán,결제일,1.0,1.0,False,False,0,
결제일,ind_Latn,Tanggal pembayaran,결제 날짜,0.5,1.67,False,False,0,
결제일,tha_Thai,วันที่ชำระเงิน,결제일,1.0,1.0,False,False,0,
경기종합지수,vie_Latn,Chỉ số tổng hợp Gyeonggi,경기도 합성 지수,0.667,1.5,False,False,0,
경기종합지수,mya_Mymr,ပြိုင်ပွဲ စုစုပေါင်းကိန်း။,경기의 종합입니다.,0.5,1.67,False,False,0,
경쟁매매,ind_Latn,Penjualan Kompetitif,경쟁적인 판매,0.545,1.75,False,False,0,
경쟁매매,tha_Thai,การซื้อขายแบบแข่งขัน,경쟁적인 구매,0.545,1.75,False,False,0,
경제통합,vie_Latn,Hội nhập kinh tế,경제 통합,0.889,1.25,False,False,0,
경제통합,ind_Latn,Integrasi ekonomi,경제 통합,0.889,1.25,False,False,0,
경제통합,tha_Thai,การบูรณาการทางเศรษฐกิจ,경제 통합,0.889,1.25,False,False,0,
경제통합,mya_Mymr,စီးပွားရေး ပေါင်းစည်းမှု,경제 통합,0.889,1.25,False,False,0,
경제통합,tgl_Latn,Pang-ekonomiyang pagsasama,경제적 결합,0.6,1.5,False,False,0,
경제협력개발기구,vie_Latn,Tổ chức Hợp tác và Phát triển Kinh tế,경제협력개발기구,1.0,1.0,False,False,0,
경제협력개발기구,ind_Latn,Organisasi untuk Kerja Sama dan Pembangunan Ekonomi,경제협력개발기구,1.0,1.0,False,False,0,
경제협력개발기구,tha_Thai,องค์การเพื่อความร่วมมือและพัฒนาเศรษฐกิจ,경제협력개발기구,1.0,1.0,False,False,0,
경제협력개발기구,mya_Mymr,စီးပွားရေး ပူးပေါင်းဆောင်ရွက်မှု ဖွံ့ဖြိုးရေးအဖွဲ့,경제협력개발위원회,0.706,1.12,False,False,0,
경제협력개발기구,tgl_Latn,Organisasyon para sa Pang-ekonomiyang Pakikipagtulungan at Pag-unlad,경제협력개발기구,1.0,1.0,False,False,0,
계약형투자신탁,vie_Latn,Quỹ đầu tư theo hợp đồng,계약 투자 기금,0.533,1.14,False,False,0,
계좌번호,vie_Latn,Số tài khoản,계좌 번호,0.889,1.25,False,False,0,
계좌번호,ind_Latn,Nomor rekening,계좌 번호,0.889,1.25,False,False,0,
계좌번호,tha_Thai,หมายเลขบัญชี,계좌 번호,0.889,1.25,False,False,0,
계좌번호,mya_Mymr,အကောင့်နံပါတ်ပါ။,계좌 번호입니다.,0.615,2.25,False,False,0,
계좌번호,tgl_Latn,Ang numero ng account.,계좌 번호,0.889,1.25,False,False,0,
계좌설정,vie_Latn,Cài đặt tài khoản,계정 설정,0.667,1.25,False,False,0,
계좌설정,ind_Latn,Pengaturan Rekening,회계 설정,0.667,1.25,False,False,0,
계좌설정,tha_Thai,การตั้งค่าบัญชี,계정 설정,0.667,1.25,False,False,0,
계좌설정,mya_Mymr,အကောင့်ဖွင့်ခြင်း,계좌 개설,0.667,1.25,False,False,0,
계좌설정,tgl_Latn,Pag-set up ng account,계정 설정,0.667,1.25,False,False,0,
계좌해지,tgl_Latn,Ang account.,계좌,0.667,0.5,False,False,0,
고객계좌부,vie_Latn,Sổ tài khoản khách hàng,고객 계좌 책,0.667,1.4,False,False,0,
고객계좌부,ind_Latn,Buku Rekening Nasabah,고객 회계 책,0.5,1.4,False,False,0,
고객계좌부,tgl_Latn,Mga customer account.,고객 계정,0.6,1.0,False,False,0,
고객계좌자동이전서비스,vie_Latn,Dịch vụ chuyển đổi tài khoản khách hàng tự động,자동 고객 계정 전환 서비스,0.538,1.36,False,False,0,
고객계좌자동이전서비스,ind_Latn,Layanan Pemindahan Otomatis Rekening Nasabah,고객 계좌를 자동으로 송금하는 서비스,0.581,1.82,False,False,0,
고객계좌자동이전서비스,tha_Thai,บริการโอนบัญชีลูกค้าอัตโนมัติ,자동 고객 계좌 전송 서비스,0.615,1.36,False,False,0,
고객계좌자동이전서비스,mya_Mymr,ဖောက်သည်အကောင့် အလိုအလျောက် ဝန်ဆောင်မှုပါ။,고객 계정 자동화 서비스입니다.,0.571,1.55,False,False,0,
고객예탁금 이용료,vie_Latn,Phí sử dụng tiền ký quỹ của khách hàng,고객 보증금 사용 수수료,0.545,1.44,False,False,0,
고객예탁금 이용료,tha_Thai,ค่าธรรมเนียมจากการใช้เงินฝากของลูกค้า,고객 예금 사용 수수료,0.667,1.33,False,False,0,
고객예탁금 이용료,mya_Mymr,ဖောက်သည်ငွေကြေး သုံးစွဲမှု အခကြေးငွေ,고객금융 사용 수수료,0.6,1.22,False,False,0,
고객예탁금 이용료,tgl_Latn,Mga Bayad sa Paggamit ng Customer Deposit,고객 예금 사용 요금,0.6,1.22,False,False,0,
고객예탁분,tgl_Latn,Ang mga customer reservation.,고객 예약.,0.545,1.2,False,False,0,
고객예탁증권,vie_Latn,Chứng khoán ký quỹ của khách hàng,고객보증증권,0.667,1.0,False,False,0,
고객예탁증권,mya_Mymr,ဖောက်သည်လက်မှတ်။,고객증권.,0.727,0.83,False,False,0,
고오든 모형,vie_Latn,Mô hình Gordon,고든 모델,0.727,0.83,False,False,0,
고오든 모형,ind_Latn,Model Gordon,고든 모델,0.727,0.83,False,False,0,
고오든 모형,tha_Thai,แบบจำลองกอร์ดอน,고든 모델입니다.,0.533,1.5,False,False,0,
고정형 투자신탁,vie_Latn,Quỹ đầu tư cố định,고정투자펀드,0.571,0.75,False,False,0,
고정형 투자신탁,mya_Mymr,တည်ငြိမ်တဲ့ ရင်းနှီးမြှုပ်နှံမှု,안정적인 투자,0.533,0.88,False,False,0,
고정환율제도,vie_Latn,Chế độ tỷ giá hối đoái cố định,고정 환율 체제,0.714,1.33,False,False,0,
고정환율제도,ind_Latn,Sistem Nilai Tukar Tetap,고정된 환율 시스템,0.5,1.67,False,False,0,
고정환율제도,tha_Thai,ระบบอัตราแลกเปลี่ยนคงที่,고정된 환율 시스템,0.5,1.67,False,False,0,
고정환율제도,tgl_Latn,Fixed rate ng palitan,고정된 환율,0.667,1.0,False,False,0,
골든 크로스,vie_Latn,Golden Cross,골든 크로스,1.0,1.0,False,False,0,
골든 크로스,ind_Latn,Golden Cross,골든 크로스,1.0,1.0,False,False,0,
골든 크로스,mya_Mymr,ရွှေလက်ဝါးကပ်တိုင်။,골든 크로스,1.0,1.0,False,False,0,
골든 크로스,tgl_Latn,Ang Golden Cross.,골든 크로스,1.0,1.0,False,False,0,
공개/발성호가,vie_Latn,Công khai/Phát thanh,공개/방송,0.5,0.71,False,False,0,
공개/발성호가,mya_Mymr,ပွင့်လင်း/ဖွံ့ဖြိုးတိုးတက်မှု,개방성/개발성,0.571,1.0,False,False,0,
공개매수,mya_Mymr,လူသိရှင်ကြား ရောင်းချမှု,공공판매,0.5,1.0,False,False,0,
공개매수,tgl_Latn,Pampublikong pagbebenta,공공판매,0.5,1.0,False,False,0,
공개매수설명서,vie_Latn,Tài liệu giải thích về đợt mua lại công khai,공개 인수에 대한 설명 문서,0.545,2.14,False,False,0,
공개법인,ind_Latn,Badan Hukum Publik,공공법인,0.75,1.0,False,False,0,
공기업,vie_Latn,Doanh nghiệp nhà nước,국영기업,0.571,1.33,False,False,0,
공기업,mya_Mymr,လေကြောင်းလုပ်ငန်း,항공업,0.667,1.0,False,False,0,
공동간사회사,vie_Latn,Công ty đồng tổ chức,공동 주최 회사,0.571,1.33,False,False,0,
공동간사회사,ind_Latn,Perusahaan Penyelenggara Bersama,공동 주최회사,0.615,1.17,False,False,0,
공동간사회사,tha_Thai,บริษัทร่วมจัดงาน,공동 주최회사,0.615,1.17,False,False,0,
공동대리,vie_Latn,Đại diện chung,공동 대표,0.667,1.25,False,False,0,
공동대리,ind_Latn,Wakil Bersama,공동 대리인,0.8,1.5,False,False,0,
공동대리,tha_Thai,การเป็นตัวแทนร่วม,공동 대리인,0.8,1.5,False,False,0,
공매도,tgl_Latn,Ang mga pampublikong alok.,공매물.,0.571,1.33,False,False,0,
공모부대서비스회사,mya_Mymr,အများသုံး ဝန်ဆောင်မှု ကုမ္ပဏီ။,공공 서비스 회사입니다.,0.545,1.44,False,False,0,
공사채등록법,vie_Latn,Luật Đăng ký Trái phiếu Công ty,회사 채권 등록법,0.667,1.5,False,False,0,
공사채등록법,ind_Latn,Undang-Undang Pendaftaran Obligasi Perusahaan,회사 채권 등록법,0.667,1.5,False,False,0,
공사채등록법,tha_Thai,พระราชบัญญัติการจดทะเบียนพันธบัตรสาธารณะ,공공 채권 등록 법령,0.588,1.83,False,False,0,
공신의 원칙,vie_Latn,Nguyên tắc công thần,공주의 원칙,0.833,1.0,False,False,0,
공신의 원칙,tha_Thai,หลักการของผลงาน,성과의 원칙,0.667,1.0,False,False,0,
공신의 원칙,tgl_Latn,Mga Prinsipyo ng Diyos,하느님 의 원칙,0.571,1.33,False,False,0,
공정거래법,vie_Latn,Luật Cạnh tranh Công bằng,공정한 경쟁법,0.5,1.4,False,False,0,
공정거래법,tha_Thai,พระราชบัญญัติการค้าที่เป็นธรรม,공정거래법,1.0,1.0,False,False,0,
공정거래법,mya_Mymr,တရားမျှတတဲ့ ကုန်သွယ်မှု ဥပဒေ,공정거래법,1.0,1.0,False,False,0,
공정거래법,tgl_Latn,Batas ng patas na kalakalan,공정거래법,1.0,1.0,False,False,0,
공정게임모형,vie_Latn,Mô hình trò chơi công bằng,공평한 게임 모델,0.533,1.5,False,False,0,
공정게임모형,ind_Latn,Model Permainan yang Adil,공평한 게임 모델,0.533,1.5,False,False,0,
공정게임모형,mya_Mymr,တရားမျှတတဲ့ ကစားနည်း,공정한 게임입니다.,0.5,1.67,False,False,0,
공정게임모형,tgl_Latn,Ang patas na modelo ng laro,공평한 게임 모델,0.533,1.5,False,False,0,
공정할인율,vie_Latn,Tỷ lệ chiết khấu công bằng,공정한 할인율,0.833,1.4,False,False,0,
공정할인율,mya_Mymr,တရားမျှတမှုနှုန်း,정의율,0.5,0.6,False,False,0,
관계회사,vie_Latn,Công ty liên kết,연계 회사,0.667,1.25,False,False,0,
관계회사,tha_Thai,บริษัทในเครือ,자회사,0.571,0.75,False,False,0,
관계회사,mya_Mymr,ဆက်ဆံရေး ကုမ္ပဏီ,관계 회사,0.889,1.25,False,False,0,
관리대상종목,tgl_Latn,Mga species na pinamamahalaan,관리되는 종,0.5,1.0,False,False,0,
관세 및 무역에 관한 일반협정,vie_Latn,Hiệp định chung về thuế quan và thương mại,관세와 무역에 관한 총협정,0.8,0.88,False,False,0,
관세 및 무역에 관한 일반협정,ind_Latn,Perjanjian Umum tentang Tarif dan Perdagangan,관세와 무역에 관한 일반 협약,0.812,1.0,False,False,0,
관세 및 무역에 관한 일반협정,tha_Thai,ข้อตกลงทั่วไปว่าด้วยภาษีศุลกากรและการค้า,관세와 무역에 대한 일반적인 합의,0.647,1.12,False,False,0,
관세 및 무역에 관한 일반협정,mya_Mymr,ကုန်စည်နဲ့ ကုန်သွယ်မှုဆိုင်ရာ အထွေထွေ သဘောတူညီချက်,조세와 무역에 관한 일반 협약,0.75,1.0,False,False,0,
관세 및 무역에 관한 일반협정,tgl_Latn,Pangkalahatang kasunduan tungkol sa mga taripa at kalakalan,관세와 무역에 관한 총협정,0.8,0.88,False,False,0,
관할권,ind_Latn,Yurisdiksi,관할권,1.0,1.0,False,False,0,
관할권,tha_Thai,เขตอำนาจ,관할 구역,0.5,1.67,False,False,0,
교환사채,vie_Latn,Trái phiếu hoán đổi,교환채권,0.75,1.0,False,False,0,
교환사채,ind_Latn,Obligasi tukar,교환 채권,0.667,1.25,False,False,0,
교환사채,tgl_Latn,Mga palitan,교환,0.667,0.5,False,False,0,
국가신인도,ind_Latn,Kredibilitas Negara,국가의 신뢰성,0.5,1.4,False,False,0,
국가신인도,tha_Thai,ความน่าเชื่อถือทางเครดิตของรัฐ,국가 신용도,0.727,1.2,False,False,0,
국내장외거래,ind_Latn,Transaksi di Luar Pasar Teratur Dalam Negeri,국내 정해진 시장 이외의 거래,0.545,2.67,False,False,0,
국내장외거래,tgl_Latn,Panloob at panlabas na kalakalan,국내외 무역,0.5,1.0,False,False,0,
국민주,vie_Latn,Báo Dân tộc,국민신문,0.571,1.33,False,False,0,
국민주택채권,vie_Latn,Trái phiếu nhà ở quốc dân,국가 주택 채권,0.714,1.33,False,False,0,
국민주택채권,ind_Latn,Obligasi Perumahan Rakyat,국민 주택 채권,0.857,1.33,False,False,0,
국민주택채권,tha_Thai,พันธบัตรที่อยู่อาศัยแห่งชาติ,국가 주택증권,0.615,1.17,False,False,0,
국민주택채권,tgl_Latn,Mga utang sa pambansang tirahan,국가 주택 부채,0.571,1.33,False,False,0,
국민총생산,vie_Latn,Tổng sản phẩm quốc nội,국내총생산,0.8,1.0,False,False,0,
국민총생산,ind_Latn,Produk Domestik Bruto,국내총생산,0.8,1.0,False,False,0,
국민총생산,tha_Thai,ผลิตภัณฑ์มวลรวมแห่งชาติ,국내총생산 (GDP),0.5,2.2,False,False,0,
국민총생산,mya_Mymr,တစ်နိုင်ငံလုံး GDP,국내총생산 (GDP),0.5,2.2,False,False,0,
국제간 거래,vie_Latn,Giao dịch quốc tế,국제 무역,0.545,0.83,False,False,0,
국제간 거래,ind_Latn,Transaksi internasional,국제 거래,0.909,0.83,False,False,0,
국제간 거래,tha_Thai,การค้าระหว่างประเทศ,국제 무역,0.545,0.83,False,False,0,
국제간 대금지급,tha_Thai,การโอนเงินระหว่างประเทศ,국제 송금,0.615,0.62,False,False,0,
국제간 대체결제,vie_Latn,Thanh toán thay thế quốc tế,국제 대안 결제,0.75,1.0,False,False,0,
국제간 대체결제,ind_Latn,Pembayaran Alternatif Antarnegara,국제 대안 결제,0.75,1.0,False,False,0,
국제간 대체결제,mya_Mymr,နိုင်ငံတကာ အစားထိုး ဖြေရှင်းနည်း,국제적 대안적 해결책,0.526,1.38,False,False,0,
국제간 대체결제,tgl_Latn,Mga alternatibong solusyon sa internasyonal,국제적 대안,0.571,0.75,False,False,0,
국제결제은행,vie_Latn,Ngân hàng Thanh toán Quốc tế,국제결제은행,1.0,1.0,False,False,0,
국제결제은행,ind_Latn,Bank for International Settlements,국제결제은행,1.0,1.0,False,False,0,
국제결제은행,tha_Thai,ธนาคารเพื่อการชำระหนี้ระหว่างประเทศ,국제 결제 은행,0.857,1.33,False,False,0,
국제결제은행,mya_Mymr,နိုင်ငံတကာ ဆုံးဖြတ်ချက် ဘဏ်,국제결정은행,0.833,1.0,False,False,0,
국제결제은행,tgl_Latn,Ang International Resolution Bank,국제 결제 은행,0.857,1.33,False,False,0,
국제결제은행규제,vie_Latn,Quy định của Ngân hàng Thanh toán Quốc tế,국제결제은행의 규정,0.778,1.25,False,False,0,
국제결제은행규제,ind_Latn,Peraturan Bank for International Settlements,국제결제은행의 규정,0.778,1.25,False,False,0,
국제결제은행규제,mya_Mymr,နိုင်ငံတကာ စီမံခန့်ခွဲမှု ဘဏ် စည်းမျဉ်းစည်းကမ်း,국제행정은행의 규정,0.556,1.25,False,False,0,
국제결제은행규제,tgl_Latn,Mga panuntunan ng International Resolution Bank,국제 결제 은행의 규칙,0.7,1.5,False,False,0,
국제금융공사,vie_Latn,Công ty Tài chính Quốc tế,국제금융회사,0.833,1.0,False,False,0,
국제금융공사,ind_Latn,Korporasi Keuangan Internasional,국제금융회사,0.833,1.0,False,False,0,
국제금융공사,tha_Thai,บริษัทการเงินระหว่างประเทศ (IFC),국제금융회사 (IFC),0.556,2.0,False,False,0,
국제금융공사,mya_Mymr,နိုင်ငံတကာ ဘဏ္ဍာရေးလုပ်ငန်း,국제 금융업,0.667,1.0,False,False,0,
국제금융센타,vie_Latn,Trung tâm Tài chính Quốc tế,국제금융센터,0.833,1.0,False,False,0,
국제금융센타,ind_Latn,Pusat Keuangan Internasional,국제금융센터,0.833,1.0,False,False,0,
국제금융센타,tha_Thai,ศูนย์การเงินนานาชาติ,국제금융센터,0.833,1.0,False,False,0,
국제금융센타,mya_Mymr,နိုင်ငံတကာ ငွေကြေးစင်တာ,국제통화센터,0.5,1.0,False,False,0,
국제금융시장,vie_Latn,Thị trường tài chính quốc tế,국제 금융 시장,0.857,1.33,False,False,0,
국제금융시장,ind_Latn,Pasar Keuangan Internasional,국제 금융 시장,0.857,1.33,False,False,0,
국제금융시장,tha_Thai,ตลาดการเงินนานาชาติ,국제 금융 시장,0.857,1.33,False,False,0,
국제금융시장,mya_Mymr,နိုင်ငံတကာ ငွေကြေးစျေးကွက်,국제 금융 시장,0.857,1.33,False,False,0,
국제금융시장,tgl_Latn,Ang pandaigdigang merkado ng pananalapi,세계 금융 시장,0.571,1.33,False,False,0,
국제부흥개발은행,vie_Latn,Ngân hàng Tái thiết và Phát triển Quốc tế,국제 재건개발은행,0.706,1.12,False,False,0,
국제부흥개발은행,ind_Latn,Bank Internasional untuk Rekonstruksi dan Pembangunan,국제 재건개발은행,0.706,1.12,False,False,0,
국제부흥개발은행,tha_Thai,ธนาคารระหว่างประเทศเพื่อการฟื้นฟูและพัฒนา,국제재건개발은행,0.75,1.0,False,False,0,
국제부흥개발은행,mya_Mymr,နိုင်ငံတကာ ပြန်လည်ထူထောင်ရေး ဖွံ့ဖြိုးရေးဘဏ်,국제재건개발은행,0.75,1.0,False,False,0,
국제부흥개발은행,tgl_Latn,Ang International Bank for Reconstruction and Development,국제 재건개발은행,0.706,1.12,False,False,0,
국제분산투자,vie_Latn,Đầu tư phân tán quốc tế,국제적으로 분산된 투자,0.667,2.0,False,False,0,
국제분산투자,ind_Latn,Investasi Terpencar Internasional,국제적으로 분산된 투자,0.667,2.0,False,False,0,
국제분산투자,mya_Mymr,နိုင်ငံတကာ ရင်းနှီးမြှုပ်နှံမှု,국제적 투자,0.667,1.0,False,False,0,
국제유가증권관리자협회,vie_Latn,Hiệp hội Quản lý Chứng khoán Quốc tế,국제 증권 관리 협회,0.727,1.0,False,False,0,
국제유가증권관리자협회,ind_Latn,Asosiasi Pengelola Sekuritas Internasional,국제 증권 관리자 협회,0.783,1.09,False,False,0,
국제유가증권관리자협회,tha_Thai,สมาคมผู้บริหารตลาดหลักทรัพย์นานาชาติ,국제 증권 시장 관리자 협회,0.692,1.36,False,False,0,
국제유가증권관리자협회,mya_Mymr,နိုင်ငံတကာ စက္ကူစီမံခန့်ခွဲမှုအသင်း,국제 종이 관리 협회,0.545,1.0,False,False,0,
국제유가증권관리자협회,tgl_Latn,Ang International Association of Securities Administrators.,국제 증권 관리자 협회,0.783,1.09,False,False,0,
국제전문가시장,vie_Latn,Thị trường chuyên gia quốc tế,국제 전문 시장,0.8,1.14,False,False,0,
국제전문가시장,ind_Latn,Pasar Ahli Internasional,국제 전문가 시장,0.875,1.29,False,False,0,
국제전문가시장,tha_Thai,ตลาดผู้เชี่ยวชาญระดับนานาชาติ,국제 전문 시장입니다.,0.632,1.71,False,False,0,
국제전문가시장,mya_Mymr,နိုင်ငံတကာ ကျွမ်းကျင်တဲ့ စျေးကွက်ပါ။,국제적인 전문 시장입니다.,0.571,2.0,False,False,0,
국제정합성,ind_Latn,Kesesuaian Internasional,국제적 적합성,0.667,1.4,False,False,0,
국제증권,vie_Latn,Chứng khoán quốc tế,국제 증권,0.889,1.25,False,False,0,
국제증권,ind_Latn,Sekuritas Internasional,국제 증권,0.889,1.25,False,False,0,
국제증권,tha_Thai,หลักทรัพย์นานาชาติ,국제 증권,0.889,1.25,False,False,0,
국제증권거래소연맹,vie_Latn,Liên đoàn các Sở giao dịch Chứng khoán Quốc tế,국제 증권거래소 연맹,0.9,1.22,False,False,0,
국제증권거래소연맹,ind_Latn,Federasi Bursa Efek Internasional,국제 증권 거래소 연맹,0.857,1.33,False,False,0,
국제증권거래소연맹,tha_Thai,สหพันธ์ตลาดหลักทรัพย์นานาชาติ,국제 증권거래소연맹,0.947,1.11,False,False,0,
국제증권거래소연맹,mya_Mymr,နိုင်ငံတကာ စတော့အိတ်ချိန်းအဖွဲ့ချုပ်,국제 증권 연합,0.588,0.89,False,False,0,
국제증권거래소연맹,tgl_Latn,Ang International Federation of Securities Exchanges.,국제 증권 거래소 연맹.,0.818,1.44,False,False,0,
국제증권관리위원회연맹,vie_Latn,Liên đoàn các Ủy ban Quản lý Chứng khoán Quốc tế,국제 증권 관리 위원회 연맹,0.846,1.36,False,False,0,
국제증권관리위원회연맹,ind_Latn,Federasi Komisi Pengawas Sekuritas Internasional,국제보증위원회 연맹,0.762,0.91,False,False,0,
국제증권관리위원회연맹,tha_Thai,สหพันธ์ผู้กำกับดูแลตลาดหลักทรัพย์นานาชาติ,국제증권시장운영자연맹,0.545,1.0,False,False,0,
국제증권관리위원회연맹,mya_Mymr,နိုင်ငံတကာ ငွေကြေးစီမံခန့်ခွဲမှု ကော်မတီ,국제금융운용위원회,0.5,0.82,False,False,0,
국제증권관리위원회연맹,tgl_Latn,Ang International Securities Regulatory Commission,국제 증권 규제 위원회,0.609,1.09,False,False,0,
국제증권예탁결제기관,vie_Latn,Tổ chức lưu ký và thanh toán chứng khoán quốc tế,국제 증권 보관 및 결제 기관,0.615,1.6,False,False,0,
국제증권예탁결제기관,ind_Latn,Lembaga Penyimpanan dan Penyelesaian Sekuritas Internasional,국제 증권 보관 및 결제 기관,0.615,1.6,False,False,0,
국제통화기금,vie_Latn,Quỹ Tiền tệ Quốc tế,국제통화기금,1.0,1.0,False,False,0,
국제통화기금,ind_Latn,Dana Moneter Internasional,국제통화기금,1.0,1.0,False,False,0,
국제통화기금,tha_Thai,กองทุนการเงินระหว่างประเทศ,국제 금융 기금,0.571,1.33,False,False,0,
국제통화기금,mya_Mymr,နိုင်ငံတကာ ငွေကြေးရန်ပုံငွေ,국제통화기금,1.0,1.0,False,False,0,
국제통화기금,tgl_Latn,Ang International Monetary Fund,국제통화기금,1.0,1.0,False,False,0,
국제투자신탁,vie_Latn,Quỹ đầu tư quốc tế,국제투자기금,0.667,1.0,False,False,0,
국제투자신탁,ind_Latn,Dana Investasi Internasional,국제투자기금,0.667,1.0,False,False,0,
국제투자신탁,tha_Thai,กองทุนลงทุนนานาชาติ,국제투자기금,0.667,1.0,False,False,0,
국제투자신탁,mya_Mymr,နိုင်ငံတကာ ရင်းနှီးမြှုပ်နှံမှုအဖွဲ့,국제 투자 기구,0.571,1.33,False,False,0,
국제투자신탁,tgl_Latn,Ang International Investment Trust.,국제투자기금,0.667,1.0,False,False,0,
국채전문딜러,ind_Latn,Dealer spesialis obligasi pemerintah,정부 채권 전문 딜러,0.588,1.83,False,False,0,
권리락,tgl_Latn,Karapatan,권리,0.8,0.67,False,False,0,
권리락주가,tgl_Latn,Ang mga may karapatan,권리자,0.5,0.6,False,False,0,
권리주,tgl_Latn,Mga may karapatan,권리자,0.667,1.0,False,False,0,
그라함 도드모형,tgl_Latn,Graham-Dodmo.,그레이엄-도드모,0.5,1.0,False,False,0,
글래머주식,vie_Latn,Cổ phiếu Glamour,글래머 주식,0.909,1.2,False,False,0,
글래머주식,ind_Latn,Saham Glamour,글래머 주식,0.909,1.2,False,False,0,
글래머주식,tha_Thai,หุ้น Glamour,글래머 주식,0.909,1.2,False,False,0,
글래머주식,tgl_Latn,Ang Glamour.,글래머.,0.667,0.8,False,False,0,
글래스 스티걸법,vie_Latn,Đạo luật Glass-Steagall,글래스 스티걸 법,0.941,1.12,False,False,0,
글래스 스티걸법,ind_Latn,Undang-Undang Glass-Steagall,글래스 스티걸 법,0.941,1.12,False,False,0,
글래스 스티걸법,tha_Thai,พระราชบัญญัติกลาส-สตีเกล,글래스-스티겔 법,0.706,1.12,False,False,0,
글래스 스티걸법,mya_Mymr,Glass Steagall နည်း။,글래스 스티걸 식이요법?,0.762,1.62,False,False,0,
글래스 스티걸법,tgl_Latn,Ang Glass Steagall.,글래스 스테아걸,0.75,1.0,False,False,0,
글로벌본드,vie_Latn,Trái phiếu toàn cầu,글로벌 채권,0.545,1.2,False,False,0,
글로벌본드,ind_Latn,Obligasi Global,글로벌 채권,0.545,1.2,False,False,0,
글로벌본드,tgl_Latn,Global Bonds,글로벌 채권,0.545,1.2,False,False,0,
금리선물옵션,vie_Latn,Quyền chọn hợp đồng tương lai lãi suất,유가 선물 옵션,0.571,1.33,False,False,0,
금리선물옵션,ind_Latn,Opsi Kontrak Berjangka Suku Bunga,융자 선물 옵션,0.571,1.33,False,False,0,
금리확정부사채,tha_Thai,พันธบัตรบริษัทอัตราดอกเบี้ยคงที่,고정금리 회사채,0.533,1.14,False,False,0,
금융감독위원회/금융감독원,vie_Latn,Ủy ban Giám sát Tài chính/Cơ quan Giám sát Tài chính,금융감독위원회/금융감독원,1.0,1.0,False,False,0,
금융감독위원회/금융감독원,ind_Latn,Komisi Pengawasan Keuangan/Badan Pengawasan Keuangan,금융감독위원회,0.7,0.54,False,False,0,
금융감독위원회/금융감독원,mya_Mymr,ဘဏ္ဍာရေး ကြီးကြပ်ရေး ကော်မတီ/ဘဏ္ဍာရေး ကြီးကြပ်ရေးမှူး,재무감독위원회/재무감독,0.64,0.92,False,False,0,
금융결제원,vie_Latn,Trung tâm Thanh toán Tài chính,금융결제센터,0.727,1.2,False,False,0,
금융공학,ind_Latn,Rekayasa Keuangan,금융공학,1.0,1.0,False,False,0,
금융공학,tha_Thai,วิศวกรรมการเงิน,금융공학,1.0,1.0,False,False,0,
금융기관,vie_Latn,Tổ chức tài chính,금융 기관,0.889,1.25,False,False,0,
금융기관,ind_Latn,Lembaga keuangan,금융 기관,0.889,1.25,False,False,0,
금융기관,tha_Thai,สถาบันการเงิน,금융 기관,0.889,1.25,False,False,0,
금융기관,mya_Mymr,ဘဏ္ဍာရေး အဖွဲ့အစည်း,금융 기관,0.889,1.25,False,False,0,
금융기관,tgl_Latn,Mga pinansiyal na institusyon,금융 기관,0.889,1.25,False,False,0,
금융비용,mya_Mymr,ငွေကြေး ကုန်ကျစရိတ်,금전적 비용,0.6,1.5,False,False,0,
금융선물거래,vie_Latn,Giao dịch hợp đồng tương lai tài chính,금융 선물 거래,0.857,1.33,False,False,0,
금융선물거래,ind_Latn,Perdagangan Kontrak Berjangka Keuangan,금융 선물 거래,0.857,1.33,False,False,0,
금융선물거래,tha_Thai,การซื้อขายสัญญาซื้อขายล่วงหน้าทางการเงิน,금융 전담 거래,0.571,1.33,False,False,0,
금융선물거래,mya_Mymr,ငွေကြေး လက်ဆောင် ရောင်းဝယ်မှု,현금 선물 거래,0.714,1.33,False,False,0,
금융소득종합과세,vie_Latn,Đánh thuế tổng hợp đối với thu nhập từ hoạt động tài chính,금융업의 소득에 대한 종합적인 세금,0.519,2.38,False,False,0,
금융소득종합과세,ind_Latn,Pajak Penghasilan Komprehensif atas Penghasilan Keuangan,금융소득에 대한 종합소득세,0.636,1.75,False,False,0,
금융소득종합과세,mya_Mymr,ဘဏ္ဍာရေး ဝင်ငွေ အခွန်,자금 소득세,0.571,0.75,False,False,0,
금융소득종합과세,tgl_Latn,Ang pinansiyal na kita at buwis.,금융소득과 세금,0.75,1.0,False,False,0,
금융쇼핑몰,vie_Latn,Trung tâm mua sắm tài chính,금융 쇼핑 센터,0.615,1.6,False,False,0,
금융쇼핑몰,ind_Latn,Pusat Perbelanjaan Keuangan,금융 쇼핑센터,0.667,1.4,False,False,0,
금융쇼핑몰,mya_Mymr,ဘဏ္ဍာရေး စျေးဝယ်စင်တာ,금융 쇼핑센터,0.667,1.4,False,False,0,
금융쇼핑몰,tgl_Latn,Ang pinansiyal na shopping mall,금융 쇼핑몰,0.909,1.2,False,False,0,
금융시장,vie_Latn,Thị trường tài chính,금융 시장,0.889,1.25,False,False,0,
금융시장,ind_Latn,Pasar Keuangan,금융시장,1.0,1.0,False,False,0,
금융시장,tha_Thai,ตลาดการเงิน,금융시장,1.0,1.0,False,False,0,
금융시장,mya_Mymr,ငွေကြေးစျေးကွက်,금융시장,1.0,1.0,False,False,0,
금융시장,tgl_Latn,Mga pamilihan sa pananalapi,금융시장,1.0,1.0,False,False,0,
금융실명제,vie_Latn,Chế độ thực danh trong lĩnh vực tài chính,금융의 실명 체제,0.714,1.8,False,False,0,
금융실명제,mya_Mymr,ငွေကြေးဆိုင်ရာ ပွင့်လင်းမြင်သာမှု။,금융 투명성.,0.5,1.4,False,False,0,
금융어음,vie_Latn,Hối phiếu tài chính,금융투자,0.5,1.0,False,False,0,
금융어음,tha_Thai,ร่างกฎหมายด้านการเงิน,금융법,0.571,0.75,False,False,0,
금융자산,vie_Latn,Tài sản tài chính,금융 자산,0.889,1.25,False,False,0,
금융자산,ind_Latn,Aset keuangan,금융 자산,0.889,1.25,False,False,0,
금융자산,tha_Thai,สินทรัพย์ทางการเงิน,금융 자산입니다.,0.615,2.25,False,False,0,
금융자산,mya_Mymr,ငွေကြေး အရင်းအမြစ်,자금자원,0.5,1.0,False,False,0,
금융장세,vie_Latn,Tình hình thị trường tài chính,금융시장 상황,0.545,1.75,False,False,0,
금융장세,ind_Latn,Kondisi Pasar Keuangan,금융시장 상황,0.545,1.75,False,False,0,
금융장세,tha_Thai,สภาพตลาดการเงิน,금융시장 상황,0.545,1.75,False,False,0,
금융지주회사,ind_Latn,Perusahaan induk keuangan,금융 주식회사,0.769,1.17,False,False,0,
금융지주회사,tha_Thai,บริษัทโฮลดิ้งด้านการเงิน,금융 지주회사,0.923,1.17,False,False,0,
금융지주회사,mya_Mymr,ဘဏ္ဍာရေး ပိုင်ဆိုင်မှု ကုမ္ပဏီ။,금융투자회사입니다.,0.5,1.67,False,False,0,
금융지주회사,tgl_Latn,Ang Financial Holding Company,금융 지주회사,0.923,1.17,False,False,0,
금융채,vie_Latn,Trái phiếu tài chính,금융채권,0.857,1.33,False,False,0,
금융채,ind_Latn,Obligasi keuangan,금융 채권,0.75,1.67,False,False,0,
금융채,tha_Thai,พันธบัตรทางการเงิน,금융채권,0.857,1.33,False,False,0,
금융채,tgl_Latn,Mga utang sa pananalapi,금융 부채,0.75,1.67,False,False,0,
금융통화운영위원회,vie_Latn,Ủy ban Điều hành Tài chính và Tiền tệ,금융통화운영위원회,1.0,1.0,False,False,0,
금융통화운영위원회,ind_Latn,Komite Kebijakan Moneter dan Keuangan,금융정책위원회,0.625,0.78,False,False,0,
금융통화운영위원회,tha_Thai,คณะกรรมการนโยบายการเงิน,금융정책위원회,0.625,0.78,False,False,0,
기간구조,vie_Latn,Cấu trúc thời gian,시간 구조,0.667,1.25,False,False,0,
기간구조,ind_Latn,Struktur Jangka Waktu,시간적 구조,0.6,1.5,False,False,0,
기관결제제도,tha_Thai,ระบบการชำระเงินของสถาบัน,기관의 결제 시스템,0.5,1.67,False,False,0,
기관투자가,ind_Latn,Investor institusional,기관 투자자,0.727,1.2,False,False,0,
기관투자가,tha_Thai,นักลงทุนสถาบัน,기관 투자자,0.727,1.2,False,False,0,
기관투자가,mya_Mymr,အဖွဲ့အစည်း ရင်းနှီးမြှုပ်နှံသူ,기관투자자,0.8,1.0,False,False,0,
기관투자가,tgl_Latn,Ang mga institutional investor,기관 투자자들은,0.615,1.6,False,False,0,
기관투자가 결제제도,vie_Latn,Hệ thống thanh toán dành cho nhà đầu tư tổ chức,기관 투자자를 위한 결제 시스템,0.519,1.7,False,False,0,
기관투자가 결제제도,ind_Latn,Sistem Penyelesaian Transaksi Investor Institusional,기관투자자 결제 시스템,0.636,1.2,False,False,0,
기관화현상,vie_Latn,Hiện tượng thể chế hóa,제도화 현상,0.545,1.2,False,False,0,
기관화현상,ind_Latn,Fenomena institusionalisasi,제도화 현상,0.545,1.2,False,False,0,
기대수익률,vie_Latn,Tỷ suất sinh lời kỳ vọng,기대 수익률,0.909,1.2,False,False,0,
기대수익률,ind_Latn,Tingkat Pengembalian yang Diharapkan,기대되는 수익률,0.769,1.6,False,False,0,
기대수익률,tha_Thai,อัตราผลตอบแทนที่คาดการณ์,예측된 수익률,0.5,1.4,False,False,0,
기대수익률,mya_Mymr,မျှော်မှန်းထားတဲ့ အမြတ်နှုန်း,기대 수익률,0.909,1.2,False,False,0,
기대수익률,tgl_Latn,Ang mga inaasahan na kita,기대 수익,0.8,1.0,False,False,0,
기대이론,vie_Latn,Lý thuyết kỳ vọng,기대 이론,0.889,1.25,False,False,0,
기대이론,ind_Latn,Teori Ekspektasi,기대론,0.857,0.75,False,False,0,
기대이론,tha_Thai,ทฤษฎีความคาดหวัง,기대론.,0.75,1.0,False,False,0,
기본적분석,vie_Latn,Phân tích cơ bản,기본적인 분석,0.833,1.4,False,False,0,
기본적분석,ind_Latn,Analisis Fundamental,근본적인 분석,0.667,1.4,False,False,0,
기본적분석,tha_Thai,การวิเคราะห์พื้นฐาน,기본 분석,0.8,1.0,False,False,0,
기본적분석,mya_Mymr,အခြေခံ ဆန်းစစ်မှု,기본 분석,0.8,1.0,False,False,0,
기술적분석,vie_Latn,Phân tích kỹ thuật,기술 분석,0.8,1.0,False,False,0,
기술적분석,ind_Latn,Analisis Teknis,기술 분석,0.8,1.0,False,False,0,
기술적분석,tha_Thai,การวิเคราะห์ทางเทคนิค,기술 분석,0.8,1.0,False,False,0,
기술적분석,mya_Mymr,နည်းပညာ ဆန်းစစ်ချက်,기술 분석,0.8,1.0,False,False,0,
기술적분석,tgl_Latn,Teknolohikal na pagtatasa,기술 분석,0.8,1.0,False,False,0,
기어링 레이쇼,tha_Thai,อัตราทดเกียร์,기어 속도,0.5,0.71,False,False,0,
기어링 레이쇼,mya_Mymr,Gearing Rays ကို ကြည့်ပါ။,지어링 레이스를 보세요.,0.5,1.86,False,False,0,
기어링 레이쇼,tgl_Latn,Ang gear racing.,기어 레이싱,0.769,0.86,False,False,0,
기업회계기준,vie_Latn,Tiêu chuẩn kế toán doanh nghiệp,기업 회계 표준,0.714,1.33,False,False,0,
기업회계기준,ind_Latn,Standar Akuntansi Perusahaan,기업 회계 표준,0.714,1.33,False,False,0,
기업회계기준,tha_Thai,มาตรฐานการบัญชีสำหรับบริษัท,회사 회계 기준,0.571,1.33,False,False,0,
기업회계기준,tgl_Latn,Mga pamantayan sa accounting ng korporasyon,기업 회계 기준,0.857,1.33,False,False,0,
기채시장,vie_Latn,Thị trường trái phiếu chính phủ,정부 채권 시장,0.5,2.0,False,False,0,
기채시장,ind_Latn,Pasar Obligasi,채권 시장,0.667,1.25,False,False,0,
기채시장,tha_Thai,ตลาดพันธบัตร,채권시장,0.75,1.0,False,False,0,
기채시장,mya_Mymr,ချေးငွေစျေးကွက်,채권 시장,0.667,1.25,False,False,0,
기채시장,tgl_Latn,Mercado ng utang,부채 시장,0.667,1.25,False,False,0,
기초자산,vie_Latn,Tài sản cơ sở,기본 자산,0.667,1.25,False,False,0,
기초자산,ind_Latn,Aset dasar,기본 자산,0.667,1.25,False,False,0,
기초자산,tha_Thai,สินทรัพย์พื้นฐาน,기본 자산,0.667,1.25,False,False,0,
기초자산,mya_Mymr,အခြေခံ အရင်းအမြစ်,기초자원,0.75,1.0,False,False,0,
기회비용,vie_Latn,Chi phí cơ hội,기회비용,1.0,1.0,False,False,0,
기회비용,mya_Mymr,အခွင့်အလမ်း ကုန်ကျစရိတ်,기회 비용은,0.8,1.5,False,False,0,
기회비용,tgl_Latn,Mga gastos ng pagkakataon,기회비용,1.0,1.0,False,False,0,
나스닥,vie_Latn,Nasdaq,나스닥,1.0,1.0,False,False,0,
나스닥,ind_Latn,Nasdaq,나스닥,1.0,1.0,False,False,0,
나스닥,tha_Thai,แนสแด็ก,나스닥,1.0,1.0,False,False,0,
나스닥,mya_Mymr,Nasdaq ပါ။,나스닥입니다.,0.6,2.33,False,False,0,
나스닥,tgl_Latn,Nasdaq,나스닥,1.0,1.0,False,False,0,
내부결제,vie_Latn,Thanh toán nội bộ,내부 결제,0.889,1.25,False,False,0,
내부결제,ind_Latn,Pembayaran internal,내부 결제,0.889,1.25,False,False,0,
내부결제,tgl_Latn,Mga panloob na solusyon,내부적인 해결책,0.5,2.0,False,False,0,
내부금융,ind_Latn,Pembiayaan Internal,내부 자금,0.667,1.25,False,False,0,
내부금융,tha_Thai,การจัดหาเงินทุนภายใน,내부 자금 조달,0.5,2.0,False,False,0,
내부수익률,vie_Latn,Tỷ suất sinh lời nội bộ,내부 수익률,0.909,1.2,False,False,0,
내부수익률,ind_Latn,Tingkat Pengembalian Internal,내부 수익률,0.909,1.2,False,False,0,
내부수익률,tha_Thai,อัตราผลตอบแทนภายใน,내적 수익률,0.727,1.2,False,False,0,
내부수익률,mya_Mymr,ပြည်တွင်း အမြတ်နှုန်း,국내 수익률,0.727,1.2,False,False,0,
내부자거래,vie_Latn,Giao dịch nội gián,내부 거래,0.8,1.0,False,False,0,
내부자거래,ind_Latn,Transaksi orang dalam,내부 거래,0.8,1.0,False,False,0,
내부자거래,tha_Thai,การซื้อขายข้อมูลภายใน,내부 정보 거래,0.615,1.6,False,False,0,
내재가치,vie_Latn,Giá trị nội tại,내재적 가치,0.8,1.5,False,False,0,
내재가치,ind_Latn,Nilai intrinsik,내재적 가치,0.8,1.5,False,False,0,
내재가치,tha_Thai,มูลค่าภายใน,내적 가치,0.667,1.25,False,False,0,
내재가치,mya_Mymr,ကိုယ်တွင်းတန်ဖိုး,내면의 가치,0.6,1.5,False,False,0,
누적적 우선주,vie_Latn,Cổ phiếu ưu đãi tích lũy,누적 증권,0.5,0.71,False,False,0,
누적적 우선주,ind_Latn,Saham preferen kumulatif,누적 선호 주식,0.667,1.14,False,False,0,
누적적 우선주,tha_Thai,หุ้นสิทธิพิเศษแบบสะสม,누적 특권 주식,0.533,1.14,False,False,0,
누적투표제,vie_Latn,Hệ thống bỏ phiếu tích lũy,누적 투표 시스템,0.571,1.8,False,False,0,
누적투표제,ind_Latn,Sistem Pemungutan Suara Kumulatif,누적 투표 시스템,0.571,1.8,False,False,0,
누적투표제,tha_Thai,ระบบการลงคะแนนแบบสะสม,누적 투표 시스템,0.571,1.8,False,False,0,
뉴라운드,vie_Latn,New Round,뉴 라운드,0.889,1.25,False,False,0,
뉴라운드,ind_Latn,Putaran Baru,새로운 라운드,0.545,1.75,False,False,0,
뉴라운드,mya_Mymr,နယူးရော့ဒ်,뉴로드,0.571,0.75,False,False,0,
뉴욕증권거래소,vie_Latn,Sàn Giao dịch Chứng khoán New York,뉴욕 증권거래소,0.933,1.14,False,False,0,
뉴욕증권거래소,ind_Latn,Bursa Efek New York,뉴욕 증권거래소,0.933,1.14,False,False,0,
뉴욕증권거래소,tha_Thai,ตลาดหลักทรัพย์นิวยอร์ก,뉴욕 증권 거래소,0.875,1.29,False,False,0,
뉴욕증권거래소,mya_Mymr,နယူးယောက် စတော့အိတ်ချိန်း,뉴욕 증권거래소에서,0.824,1.43,False,False,0,
뉴욕증권거래소,tgl_Latn,Ang New York Stock Exchange.,뉴욕 증권거래소,0.933,1.14,False,False,0,
니케이 평균지수,vie_Latn,Chỉ số trung bình Nikkei,니케이 평균 지수,0.941,1.12,False,False,0,
니케이 평균지수,ind_Latn,Indeks Nikkei,니케이 지수,0.857,0.75,False,False,0,
다자간 차감,ind_Latn,Pengurangan multilateral,다자간 감축,0.833,1.0,False,False,0,
단기금융시장,vie_Latn,Thị trường tài chính ngắn hạn,단기 금융 시장,0.857,1.33,False,False,0,
단기금융시장,ind_Latn,Pasar Keuangan Jangka Pendek,단기 금융시장,0.923,1.17,False,False,0,
단기금융시장,tha_Thai,ตลาดเงินระยะสั้น,단기 금융시장,0.923,1.17,False,False,0,
단기금융시장,mya_Mymr,ရေတို ငွေကြေးစျေးကွက်ပါ။,단기 금융 시장입니다.,0.667,2.0,False,False,0,
단기금융시장,tgl_Latn,Ang mga short term na merkado ng pananalapi,단기 금융시장,0.923,1.17,False,False,0,
단기금융시장 상호기금,vie_Latn,Quỹ tương hỗ thị trường tài chính ngắn hạn,단기 금융시장 상호펀드,0.783,1.09,False,False,0,
단기금융시장 상호기금,ind_Latn,Dana Bersama Pasar Keuangan Jangka Pendek,단기 금융시장 공동펀드,0.609,1.09,False,False,0,
단기금융시장 상호기금,mya_Mymr,ရေတို ငွေကြေး စျေးကွက် ရင်းနှီးမြှုပ်နှံမှု,단기 금융시장 투자,0.667,0.91,False,False,0,
단기금융시장 상호기금,tgl_Latn,Panandaliang pinansiyal na merkado,단기 금융 시장,0.632,0.73,False,False,0,
단기채,vie_Latn,Trái phiếu ngắn hạn,단기 채권,0.75,1.67,False,False,0,
단기채,ind_Latn,Obligasi jangka pendek,단기 채권,0.75,1.67,False,False,0,
단기채,tha_Thai,พันธบัตรระยะสั้น,단기채권,0.857,1.33,False,False,0,
단독주주권,vie_Latn,Quyền của cổ đông duy nhất,유일한 주주권,0.5,1.4,False,False,0,
단독주주권,ind_Latn,Hak Pemegang Saham Tunggal,유일한 주주권,0.5,1.4,False,False,0,
단독주주권,tha_Thai,สิทธิของผู้ถือหุ้นรายเดียว,주주들의 권리,0.5,1.4,False,False,0,
단순주가지수,vie_Latn,Chỉ số chứng khoán đơn giản,간단한 주식 지수,0.533,1.5,False,False,0,
단순주가지수,ind_Latn,Indeks Saham Sederhana,단순한 주식 지수,0.667,1.5,False,False,0,
단일지수모형,vie_Latn,Mô hình chỉ số đơn,단일 지수 모델,0.714,1.33,False,False,0,
담보거래,ind_Latn,Transaksi dengan jaminan,보증된 거래,0.6,1.5,False,False,0,
담보물,ind_Latn,Barang jaminan,담보물,1.0,1.0,False,False,0,
담보유가증권,vie_Latn,Chứng khoán đảm bảo,담보증권,0.8,0.67,False,False,0,
담보유가증권,ind_Latn,Surat berharga yang dijadikan jaminan,담보증권,0.8,0.67,False,False,0,
담보유지비율,ind_Latn,Rasio Pemeliharaan Jaminan,보증 유지 비율,0.714,1.33,False,False,0,
당일결제거래,vie_Latn,Giao dịch thanh toán trong ngày,당일 결제 거래,0.857,1.33,False,False,0,
당일결제거래,tha_Thai,ธุรกรรมชำระเงินในวันเดียวกัน,동일 결제 거래,0.714,1.33,False,False,0,
당일자금,vie_Latn,Tiền mặt trong ngày,당일 현금,0.667,1.25,False,False,0,
대금지급보증시스템,vie_Latn,Hệ thống bảo lãnh thanh toán,결제 보증 시스템,0.556,1.0,False,False,0,
대금지급보증시스템,ind_Latn,Sistem Jaminan Pembayaran,결제 보증 시스템,0.556,1.0,False,False,0,
대금지급보증시스템,tha_Thai,ระบบรับประกันการชำระเงิน,결제 보증 시스템,0.556,1.0,False,False,0,
대금지급보증시스템,tgl_Latn,Ang sistema ng garantiya sa pagbabayad ng utang,대출 보증 시스템,0.667,1.0,False,False,0,
대기시스템,vie_Latn,Hệ thống xử lý không khí,공기 처리 시스템,0.571,1.8,False,False,0,
대기시스템,ind_Latn,Sistem Pemantauan,감시 시스템,0.545,1.2,False,False,0,
대기시스템,tha_Thai,ระบบจัดการอากาศ,공기 관리 시스템,0.571,1.8,False,False,0,
대기시스템,mya_Mymr,လေထုစနစ်,공기 시스템,0.727,1.2,False,False,0,
대기시스템,tgl_Latn,Ang sistema ng hangin,공기 시스템,0.727,1.2,False,False,0,
대량주식소유의 제한,vie_Latn,Hạn chế sở hữu cổ phần với số lượng lớn,대용량의 주식을 소유하는 것을 제한합니다,0.562,2.2,False,False,0,
대량주식소유의 제한,ind_Latn,Pembatasan Kepemilikan Saham dalam Jumlah Besar,대규모 주식 소유에 대한 제한,0.615,1.6,False,False,0,
대량주식소유의 제한,mya_Mymr,အစုရှယ်ယာ ပိုင်ဆိုင်မှု ကန့်သတ်ချက်,주식 소유의 제한,0.842,0.9,False,False,0,
대량주식소유의 제한,tgl_Latn,Ang mga limitasyon ng malaking pagmamay-ari,대규모 소유의 한계,0.6,1.0,False,False,0,
대용가격,vie_Latn,Giá thay thế,대안 가격,0.667,1.25,False,False,0,
대용가격,ind_Latn,Harga pengganti,대체 가격,0.667,1.25,False,False,0,
대용가격,tha_Thai,ราคาทดแทน,그 대가,0.5,1.0,False,False,0,
대용증거금 필요액,tgl_Latn,Ang halaga na kailangan para sa mga gagamitin,용품에 필요한 금액,0.526,1.11,False,False,0,
대용증권,vie_Latn,Chứng khoán thay thế,대체 증권,0.667,1.25,False,False,0,
대용증권,ind_Latn,Surat berharga pengganti,대리증권,0.75,1.0,False,False,0,
대주비율,ind_Latn,Rasio utang terhadap ekuitas,부채 대 주식 비율,0.571,2.5,False,False,0,
대주비율,tha_Thai,อัตราส่วนหนี้ต่อทุน,융자비율,0.5,1.0,False,False,0,
대주주,ind_Latn,Pemegang saham mayoritas,대다수 주주,0.667,2.0,False,False,0,
대주주,tha_Thai,ผู้ถือหุ้นหลัก,주요 주주,0.5,1.67,False,False,0,
대차수수료,tha_Thai,ค่าธรรมเนียมสินเชื่อ,대출 수수료,0.727,1.2,False,False,0,
대체거래시스템,vie_Latn,Hệ thống giao dịch thay thế,대체 거래 시스템,0.875,1.29,False,False,0,
대체거래시스템,ind_Latn,Sistem Perdagangan Alternatif,대체 무역 시스템,0.625,1.29,False,False,0,
대체거래시스템,tha_Thai,ระบบซื้อขายทางเลือก,대안 매매 시스템,0.5,1.29,False,False,0,
대체거래시스템,mya_Mymr,အစားထိုးတဲ့ ကုန်သွယ်ရေး စနစ်ပါ။,대체 무역 시스템입니다.,0.5,1.86,False,False,0,
대체거래시스템,tgl_Latn,Ang mga alternatibong sistema ng kalakalan,대안적인 거래 시스템,0.667,1.57,False,False,0,
대체결제제도,vie_Latn,Hệ thống thanh toán thay thế,대체 결제 시스템,0.533,1.5,False,False,0,
대체물/대체성,vie_Latn,Chất thay thế/Khả năng thay thế,대체물질/반응 가능성,0.556,1.57,False,False,0,
대체물/대체성,ind_Latn,Substitusi/Substitusiabilitas,대체성,0.6,0.43,False,False,0,
대체물/대체성,tgl_Latn,Mga kapalit / kapalit,대체물 / 대체물,0.75,1.29,False,False,0,
대체비용위험,vie_Latn,Rủi ro chi phí thay thế,대체 비용의 위험,0.8,1.5,False,False,0,
대체비용위험,ind_Latn,Risiko Biaya Pengganti,대체 비용,0.727,0.83,False,False,0,
대체비용위험,tha_Thai,ความเสี่ยงด้านต้นทุนการทดแทน,대체 비용의 위험성,0.75,1.67,False,False,0,
대체비용위험,mya_Mymr,အစားထိုးတဲ့ ကုန်ကျစရိတ် အန္တရာယ်,대체비용의 위험성,0.8,1.5,False,False,0,
대표소송,vie_Latn,Vụ kiện đại diện,대리소송,0.75,1.0,False,False,0,
대표채권,vie_Latn,Trái phiếu đại diện,대표적인 채권,0.727,1.75,False,False,0,
대표채권,tgl_Latn,Ang mga utang na kinakatawan,대표적인 부채,0.545,1.75,False,False,0,
데드크로스,vie_Latn,Dead Cross,데드 크로스,0.909,1.2,False,False,0,
데드크로스,ind_Latn,Dead Cross,데드 크로스,0.909,1.2,False,False,0,
데드크로스,tha_Thai,เดด ครอส,데드 크로스,0.909,1.2,False,False,0,
데드크로스,mya_Mymr,Deadcross ပါ။,데드크로스입니다.,0.714,1.8,False,False,0,
데드크로스,tgl_Latn,Ang Deadcross.,데드크로스,1.0,1.0,False,False,0,
독일증권시장의 주가지수,vie_Latn,Chỉ số chứng khoán của thị trường chứng khoán Đức,독일 증권 시장의 증권 지수,0.741,1.25,False,False,0,
독일증권시장의 주가지수,ind_Latn,Indeks saham pasar sekuritas Jerman,독일 증권 시장 주식 지수,0.769,1.17,False,False,0,
독일증권시장의 주가지수,tha_Thai,ดัชนีตลาดหุ้นของตลาดหุ้นเยอรมัน,독일 주식 시장의 지표,0.583,1.0,False,False,0,
독일증권시장의 주가지수,mya_Mymr,ဂျာမန် စတော့စျေးကွက်ရဲ့ ရှယ်ယာရှင်တွေ,독일 주식 시장의 주주들은,0.538,1.17,False,False,0,
동증주가지수,vie_Latn,Chỉ số chứng khoán Dongjeong,동경 증권 지수,0.571,1.33,False,False,0,
동증주가지수,ind_Latn,Indeks Saham Dongjeung,동전 주식 지수,0.571,1.33,False,False,0,
등가수익률,vie_Latn,Tỷ suất sinh lời tương đương,동등한 수익률,0.667,1.4,False,False,0,
등가수익률,ind_Latn,Tingkat Pengembalian Setara,동등한 수익률,0.667,1.4,False,False,0,
등록기관,vie_Latn,Cơ quan đăng ký,등록 기관,0.889,1.25,False,False,0,
등록기관,ind_Latn,Lembaga Pendaftaran,등록 기관,0.889,1.25,False,False,0,
등록기관,tgl_Latn,Mga ahensya ng rehistro,등록 기관,0.889,1.25,False,False,0,
등록대리인,vie_Latn,Đại diện đăng ký,등록 대리인,0.909,1.2,False,False,0,
등록대리인,tha_Thai,ตัวแทนจดทะเบียน,등록 대리인,0.909,1.2,False,False,0,
등록법인,ind_Latn,Badan Hukum yang Terdaftar,등록된 법인,0.8,1.5,False,False,0,
등록법인,mya_Mymr,မှတ်ပုံတင် ဥပဒေ။,등록법입니다.,0.545,1.75,False,False,0,
등록법인,tgl_Latn,Mga batas ng pagpaparehistro,등록법,0.857,0.75,False,False,0,
등록질,vie_Latn,Câu hỏi đã đăng ký,등록된 질문,0.667,2.0,False,False,0,
등록질,ind_Latn,Pertanyaan pendaftaran,등록문제,0.571,1.33,False,False,0,
등록질,tha_Thai,คำถามเกี่ยวกับการลงทะเบียน,등록에 대한 질문,0.5,3.0,False,False,0,
등록질,mya_Mymr,မှတ်ပုံတင်ခြင်း,등록,0.8,0.67,False,False,0,
등록질,tgl_Latn,Pagpaparehistro,등록,0.8,0.67,False,False,0,
등록채권,vie_Latn,Khoản nợ đã đăng ký,등록된 채권,0.8,1.5,False,False,0,
등록채권,ind_Latn,Hutang yang terdaftar,등록된 부채,0.6,1.5,False,False,0,
"등록필증, 등록필통지서",vie_Latn,"Giấy chứng nhận đăng ký, Thông báo đăng ký","등록 증명서, 등록 통지",0.72,1.08,False,False,0,
"등록필증, 등록필통지서",ind_Latn,"Sertifikat Pendaftaran, Surat Pemberitahuan Pendaftaran","등록 증명서, 등록신고서",0.64,1.08,False,False,0,
"등록필증, 등록필통지서",tha_Thai,"ใบรับรองการจดทะเบียน, ประกาศการจดทะเบียน","등록증, 등록신고",0.667,0.75,False,False,0,
"등록필증, 등록필통지서",mya_Mymr,မှတ်ပုံတင်လက်မှတ်၊ မှတ်ပုံတင်လက်မှတ်။,"주민등록증, 주민등록증",0.583,1.0,False,False,0,
"등록필증, 등록필통지서",tgl_Latn,"Mga sertipiko ng pagpaparehistro, mga sertipiko ng pagpaparehistro.","등록 증명서, 등록 증명서",0.615,1.17,False,False,0,
디스카운트 브로커,tgl_Latn,Ang diskwento broker,할인 브로커,0.533,0.67,False,False,0,
랜덤워크가설,tgl_Latn,Ang RandomWork.,랜덤워크입니다.,0.571,1.33,False,False,0,
런던은행간 대출금리,vie_Latn,Lãi suất cho vay liên ngân hàng tại London,런던의 인터뱅크 대출금리,0.609,1.3,False,False,0,
런던은행간 대출금리,ind_Latn,Suku Bunga Pinjaman Antarbank di London,런던의 은행 간 대출,0.762,1.1,False,False,0,
런던은행간 대출금리,tgl_Latn,Ang interbank loan sa London.,런던의 은행 간 대출,0.762,1.1,False,False,0,
런던은행간 예금금리,vie_Latn,Lãi suất tiền gửi liên ngân hàng tại London,런던의 은행 간 예금 금리,0.833,1.4,False,False,0,
런던은행간 예금금리,ind_Latn,Suku Bunga Deposito Antarbank di London,런던의 은행 간 예금 금리,0.833,1.4,False,False,0,
런던은행간 예금금리,mya_Mymr,လန်ဒန် ဘဏ်အချင်းချင်း ချေးငွေပါ။,런던의 은행간 대출입니다.,0.5,1.4,False,False,0,
런던은행간 예금금리,tgl_Latn,Ang mga deposito sa London Bank,런던 은행의 예금,0.737,0.9,False,False,0,
레버리지 효과,vie_Latn,Hiệu ứng đòn bẩy,레버링 효과,0.769,0.86,False,False,0,
레버리지 효과,ind_Latn,Efek leverage,레버리지 효과,1.0,1.0,False,False,0,
레버리지 효과,tha_Thai,ผลของเลเวอเรจ,레버리지의 결과,0.8,1.14,False,False,0,
레버리지 효과,tgl_Latn,Epekto ng Leverage,레버리지 효과,1.0,1.0,False,False,0,
마코위츠 이론,vie_Latn,Lý thuyết Makowitz,마코비츠 이론,0.857,1.0,False,False,0,
마코위츠 이론,ind_Latn,Teori Makowitz,마코비츠 이론,0.857,1.0,False,False,0,
마코위츠 이론,tha_Thai,ทฤษฎีของมาร์คโอวิทซ์,마크 오비츠의 이론,0.588,1.43,False,False,0,
마코위츠 이론,mya_Mymr,Markowitz သီအိုရီ,마르코비츠 이론,0.8,1.14,False,False,0,
마코위츠 이론,tgl_Latn,Ang teorya ni Markowitz,마르코비츠의 이론,0.75,1.29,False,False,0,
마크다운,vie_Latn,Markdown,마크다운,1.0,1.0,False,False,0,
마크다운,ind_Latn,Markdown,마크다운,1.0,1.0,False,False,0,
마크다운,tha_Thai,Markdown,마크다운,1.0,1.0,False,False,0,
마크다운,tgl_Latn,Markdown,마크다운,1.0,1.0,False,False,0,
마팅게일모형,vie_Latn,Mô hình Martingale,마틴게일 모델,0.615,1.17,False,False,0,
마팅게일모형,ind_Latn,Model Martingale,마틴게일 모델,0.615,1.17,False,False,0,
만기수익률,mya_Mymr,နောက်ဆုံး အမြတ်နှုန်း,최종 수익률,0.545,1.2,False,False,0,
만기수익률,tgl_Latn,Mga rate ng kita sa pagtatapos,종말 수익률,0.545,1.2,False,False,0,
매매거래중단,vie_Latn,Tạm ngừng giao dịch mua bán,거래 중단,0.727,0.83,False,False,0,
매매거래중단,ind_Latn,Penangguhan Transaksi Jual Beli,매매가 중단됐습니다,0.5,1.67,False,False,0,
매매보고서,ind_Latn,Laporan Jual Beli,매출 보고서,0.727,1.2,False,False,0,
매매보고서,tha_Thai,รายงานการขาย,판매 보고서,0.727,1.2,False,False,0,
멀티미디어금융시대,vie_Latn,Thời đại tài chính đa phương tiện,멀티미디어 금융 시대,0.9,1.22,False,False,0,
멀티미디어금융시대,ind_Latn,Era Keuangan Multimedia,멀티미디어 금융 시대,0.9,1.22,False,False,0,
멀티미디어금융시대,tha_Thai,ยุคของการเงินมัลติมีเดีย,멀티미디어 돈의 시대입니다.,0.583,1.67,False,False,0,
멀티미디어금융시대,mya_Mymr,မီဒီယာ ဘဏ္ဍာရေးခေတ်ပါ။,미디어 금융의 시대입니다.,0.609,1.56,False,False,0,
멀티미디어금융시대,tgl_Latn,Panahon ng Multimedia Finance,멀티미디어 금융 시대,0.9,1.22,False,False,0,
모듈기업,vie_Latn,Doanh nghiệp sản xuất mô-đun,모듈 제조업,0.6,1.5,False,False,0,
모집설립,mya_Mymr,လူစုဆောင်းမှု,모집,0.667,0.5,False,False,0,
무기명채권,tha_Thai,พันธบัตรผู้ถือ,채권자,0.5,0.6,False,False,0,
무상증자,tgl_Latn,Mga walang bayad na saksi.,무상 증인들,0.6,1.5,False,False,0,
무츄얼펀드,ind_Latn,Reksa Dana,펀드,0.571,0.4,False,False,0,
뮤추얼펀드 관리회사,vie_Latn,Công ty quản lý quỹ đầu tư,투자 펀드 관리 회사,0.667,1.1,False,False,0,
뮤추얼펀드 관리회사,ind_Latn,Perusahaan Pengelola Reksa Dana,펀드 매니저 회사,0.526,0.9,False,False,0,
뮤추얼펀드 관리회사,tgl_Latn,Ito ay isang kumpanya ng pamamahala ng mutual fund.,이것은 상호펀드 관리 회사입니다.,0.5,1.8,False,False,0,
뮤추얼펀드 인수회사,tgl_Latn,Ang mutual fund acquiring company.,상호펀드 인수 회사입니다.,0.583,1.4,False,False,0,
미국형옵션,ind_Latn,Opsi Gaya Amerika,미국식 옵션,0.727,1.2,False,False,0,
미발행증권거래,vie_Latn,Giao dịch chứng khoán chưa phát hành,발행되지 않은 증권 거래,0.6,1.86,False,False,0,
미발행증권거래,tha_Thai,การซื้อขายหลักทรัพย์ที่ยังไม่ได้ออก,아직 발행되지 않은 증권 거래,0.522,2.29,False,False,0,
미청산계약,ind_Latn,Kontrak yang belum diselesaikan,미완성 계약,0.545,1.2,False,False,0,
미청산계약,mya_Mymr,မိုက်ခရိုအာဆီဂျင် စာချုပ်။,미세 산소 계약,0.615,1.6,False,False,0,
미청산계약,tgl_Latn,Mga kontrata sa asido asido,산소 계약,0.6,1.0,False,False,0,
바벨형 만기구성전략,vie_Latn,Chiến lược cấu trúc danh mục đầu tư kiểu Babel,바벨형 포트폴리오 구조 전략,0.56,1.5,False,False,0,
바벨형 만기구성전략,ind_Latn,Strategi Pembentukan Portofolio Tipe Babel,바벨론형 포트폴리오 구축 전략,0.538,1.6,False,False,0,
바벨형 만기구성전략,tgl_Latn,Mga Taktika ng Pangmatagalan ng Babel,바벨의 장기적 전략,0.6,1.0,False,False,0,
바흐만보고서,vie_Latn,Báo cáo Bachmann,바흐만 보고서,0.923,1.17,False,False,0,
바흐만보고서,ind_Latn,Laporan Bachmann,바흐만 보고서,0.923,1.17,False,False,0,
바흐만보고서,tha_Thai,รายงานบาคแมนน์,백맨 보고서,0.5,1.0,False,False,0,
발기설립,vie_Latn,Thành lập,설립,0.667,0.5,False,False,0,
발기설립,ind_Latn,Pendirian,설립,0.667,0.5,False,False,0,
발행가액,vie_Latn,Giá phát hành,발행 가격,0.667,1.25,False,False,0,
발행시장,vie_Latn,Thị trường phát hành,발행 시장,0.889,1.25,False,False,0,
발행시장,tgl_Latn,Mga merkado ng pagpapalabas,발매 시장,0.667,1.25,False,False,0,
배당금지급청구권,vie_Latn,Quyền yêu cầu chi trả cổ tức,배당금을 청구할 수 있는 권리,0.5,2.0,False,False,0,
배당금지급청구권,ind_Latn,Hak atas pembayaran dividen,배당금 지급의 권리,0.667,1.25,False,False,0,
배당기산일,vie_Latn,Ngày tính cổ tức,배당 당일,0.6,1.0,False,False,0,
배당성향,ind_Latn,Rasio Pembagian Dividen,배당비율,0.5,1.0,False,False,0,
배당소득,tgl_Latn,Ang dividend na kita,배당이익,0.5,1.0,False,False,0,
배당소득세,vie_Latn,Thuế thu nhập từ cổ tức,이산 소득세,0.545,1.2,False,False,0,
배당의 정보효과,vie_Latn,Hiệu ứng thông tin của cổ tức,배당금의 정보효과,0.941,1.12,False,False,0,
배당의 정보효과,ind_Latn,Efek Informasi Dividen,정보의 파급효과,0.5,1.0,False,False,0,
배당의 정보효과,tha_Thai,ผลกระทบทางข้อมูลของเงินปันผล,이산화탄소의 정보효과,0.632,1.38,False,False,0,
배당의 정보효과,mya_Mymr,စာရင်းပေးခြင်းရဲ့ သတင်းအချက်အလက် သက်ရောက်မှု,등록의 정보화 효과,0.667,1.25,False,False,0,
배당정책,vie_Latn,Chính sách chia cổ tức,배당 정책,0.889,1.25,False,False,0,
배당정책,ind_Latn,Kebijakan Pembagian Dividen,배당 정책,0.889,1.25,False,False,0,
배당정책,tgl_Latn,Mga patakaran sa alokasyon,할당 정책,0.667,1.25,False,False,0,
백워데이션,ind_Latn,Backwardation,배워드레이션,0.545,1.2,False,False,0,
백워데이션,tgl_Latn,Backwardation,백워드레이션,0.727,1.2,False,False,0,
벌처펀드,vie_Latn,Quỹ đầu tư mạo hiểm,벤처펀드,0.75,1.0,False,False,0,
벌처펀드,tgl_Latn,Ang Bulcher Fund.,불처 펀드,0.667,1.25,False,False,0,
법정과실,mya_Mymr,တရားရုံးခန်း,법정,0.667,0.5,False,False,0,
법정관리,vie_Latn,Quản lý theo pháp luật,법적인 관리,0.6,1.5,False,False,0,
법정대위,mya_Mymr,တရားရုံးမှာ,법정에서,0.5,1.0,False,False,0,
베이시스,vie_Latn,Basis,베이스,0.857,0.75,False,False,0,
베이시스,mya_Mymr,ဘေ့စ်စ်,베이스,0.857,0.75,False,False,0,
베타계수,vie_Latn,Hệ số beta,베타 계수,0.889,1.25,False,False,0,
베타계수,ind_Latn,Koefisien beta,베타 계수,0.889,1.25,False,False,0,
베타위험,vie_Latn,Rủi ro phiên bản beta,베타 버전의 위험,0.615,2.25,False,False,0,
베타위험,ind_Latn,Risiko beta,베타 위험,0.889,1.25,False,False,0,
베타위험,tha_Thai,ความเสี่ยงเบต้า,베타 위험,0.889,1.25,False,False,0,
베타위험,tgl_Latn,Beta panganib.,베타 위험.,0.8,1.5,False,False,0,
보관위험,vie_Latn,Rủi ro bảo quản,보존의 위험,0.6,1.5,False,False,0,
보유기간수익률,vie_Latn,Lợi suất trong kỳ nắm giữ,보유 기간 동안의 수익률,0.7,1.86,False,False,0,
보유기간수익률,ind_Latn,Imbal hasil selama periode kepemilikan,소유 기간 동안의 수익,0.526,1.71,False,False,0,
보유기간수익률,tha_Thai,ผลตอบแทนในช่วงระยะเวลาถือครอง,소유 기간 동안의 수익,0.526,1.71,False,False,0,
보유기간수익률,mya_Mymr,ထိန်းသိမ်းမှု ကာလ အမြတ်နှုန်း,유지 기간 수익률,0.75,1.29,False,False,0,
보유기간수익률,tgl_Latn,Mga rate ng kita sa panahon ng pag-aari,소유 기간 동안의 수익률,0.6,1.86,False,False,0,
보유비용,vie_Latn,Chi phí nắm giữ,보유비용,1.0,1.0,False,False,0,
보유비용,ind_Latn,Biaya kepemilikan,소유비용,0.75,1.0,False,False,0,
보유비용,tha_Thai,ค่าใช้จ่ายในการเป็นเจ้าของ,소유의 비용은,0.545,1.75,False,False,0,
보유비용,mya_Mymr,ထိန်းသိမ်းမှု ကုန်ကျစရိတ်,유지비용,0.75,1.0,False,False,0,
보유비용,tgl_Latn,Mga gastos sa pag-iingat,관리비용,0.5,1.0,False,False,0,
보증사채,ind_Latn,Obligasi berjaminan,보증된 채권,0.6,1.5,False,False,0,
보증사채,tha_Thai,พันธบัตรที่มีการรับประกัน,보증증권,0.5,1.0,False,False,0,
보통결의,vie_Latn,Nghị quyết thông thường,보통의 결의,0.8,1.5,False,False,0,
보호예수증서,tha_Thai,ใบรับรองการเก็บรักษา,보관 증명서,0.5,1.0,False,False,0,
복수통화대출,vie_Latn,Khoản vay đa tiền tệ,다화폐 대출,0.5,1.0,False,False,0,
본질가치,mya_Mymr,ပင်ကိုယ်တန်ဖိုး,본질적인 가치,0.727,1.75,False,False,0,
부당권유행위의 금지,ind_Latn,Larangan Tindakan Ajakan yang Tidak Wajar,부적절한 권유 행위 금지,0.696,1.3,False,False,0,
부도방지협약,ind_Latn,Perjanjian Pencegahan Kebangkrutan,파산 방지 협약,0.571,1.33,False,False,0,
부동담보제도,vie_Latn,Chế độ thế chấp bất động sản,부동산 담보제도,0.857,1.33,False,False,0,
부동산 투자신탁,vie_Latn,Quỹ đầu tư bất động sản,부동산 투자펀드,0.75,1.0,False,False,0,
부동산 투자신탁,ind_Latn,Reksa Dana Investasi Properti,부동산 투자 펀드,0.706,1.12,False,False,0,
부동산 투자신탁,tha_Thai,กองทุนลงทุนอสังหาริมทรัพย์,부동산 투자 기금,0.706,1.12,False,False,0,
부동산 투자신탁,mya_Mymr,အိမ်ခြံမြေ ရင်းနှီးမြှုပ်နှံမှု,부동산 투자,0.857,0.75,False,False,0,
부동산 투자신탁,tgl_Latn,Mga pananagutan sa pamumuhunan sa real estate,부동산 투자 책임,0.706,1.12,False,False,0,
부동주,tha_Thai,บูดูงจู,부두롱주,0.571,1.33,False,False,0,
부보관기관,vie_Latn,Cơ quan lưu trữ phụ,부고 기관,0.6,1.0,False,False,0,
부보관기관,tha_Thai,สถาบันรับฝากย่อย,부담당 기관,0.545,1.2,False,False,0,
부실채권,mya_Mymr,ချေးငွေ ချိုးဖောက်မှု,부실한 채권,0.8,1.5,False,False,0,
부실채권 정리기금,vie_Latn,Quỹ xử lý nợ xấu,나쁜 채무 처리 기금,0.5,1.22,False,False,0,
분리과세,tgl_Latn,Paghiwalayin.,분리해,0.571,0.75,False,False,0,
분리형증권,vie_Latn,Chứng khoán tách rời,분리된 증권,0.727,1.2,False,False,0,
분매기관,ind_Latn,Lembaga Penjualan,판매 기관,0.667,1.25,False,False,0,
분배락조치,vie_Latn,Các biện pháp phân phối lại,재분배 조치,0.727,1.2,False,False,0,
분산투자,vie_Latn,Đầu tư phân tán,분산된 투자,0.8,1.5,False,False,0,
분산투자,mya_Mymr,ဖြန့်ဖြူးထားတဲ့ ရင်းနှီးမြှုပ်နှံမှု,분산된 투자입니다.,0.571,2.5,False,False,0,
불독채,vie_Latn,Cây Bulldog,불독나무,0.571,1.33,False,False,0,
브래디채권,vie_Latn,Trái phiếu Brady,브레이디 채권,0.667,1.4,False,False,0,
브래디채권,ind_Latn,Obligasi Brady,브레이디의 채권,0.615,1.6,False,False,0,
브래디채권,tha_Thai,พันธบัตรเบรดี้,브래디 카드,0.545,1.2,False,False,0,
브로커,tgl_Latn,Ang broker.,브로커,1.0,1.0,False,False,0,
브로커스 론,mya_Mymr,ဘရိုကာစ် Ron,브로커스 론,1.0,1.0,False,False,0,
브로커스 론,tgl_Latn,"Brokers, Ron.","브로커, 론",0.833,1.0,False,False,0,
브릿지론,mya_Mymr,ဘရစ်ဂျီရွန်,브리지런,0.5,1.0,False,False,0,
브릿지론,tgl_Latn,Si Bridgeron.,브리지런,0.5,1.0,False,False,0,
블루 리스트,ind_Latn,Daftar Biru,블루 리스트,1.0,1.0,False,False,0,
비가격경쟁,ind_Latn,Persaingan non-harga,비 가격 경쟁,0.833,1.4,False,False,0,
비거주자,tgl_Latn,Mga hindi residente,비주민,0.571,0.75,False,False,0,
비상장증권,vie_Latn,Chứng khoán chưa niêm yết,상장되지 않은 증권,0.533,2.0,False,False,0,
비상장증권,ind_Latn,Sekuritas yang tidak terdaftar di bursa,상장되지 않은 증권,0.533,2.0,False,False,0,
비전형계약,vie_Latn,Hợp đồng phi tiêu chuẩn,비표준 계약,0.545,1.2,False,False,0,
비전형계약,ind_Latn,Kontrak non-standar,비 표준 계약,0.5,1.4,False,False,0,
비전형계약,tha_Thai,สัญญาที่ไม่เป็นมาตรฐาน,비정형 계약,0.727,1.2,False,False,0,
비체계적 위험,vie_Latn,Rủi ro phi hệ thống,비시스템적 위험,0.667,1.14,False,False,0,
비체계적 위험,tha_Thai,ความเสี่ยงที่ไม่เป็นระบบ,비시스템적 위험,0.667,1.14,False,False,0,
비체계적 위험,mya_Mymr,စနစ်မကျတဲ့ အန္တရာယ်ပါ။,이것은 비 체계적인 위험입니다.,0.583,2.43,False,False,0,
비체계적 위험,tgl_Latn,Di-sistemikong panganib,비 체계적인 위험,0.875,1.29,False,False,0,
비통화금융기관,vie_Latn,Tổ chức tài chính phi tiền tệ,비통화 금융 기관,0.875,1.29,False,False,0,
비통화금융기관,ind_Latn,Lembaga Keuangan Non-Moneter,비금융 금융기관,0.667,1.14,False,False,0,
비통화금융기관,mya_Mymr,ငွေကြေးမဟုတ်တဲ့ ငွေကြေးအဖွဲ့အစည်းတွေ,비금융 기관,0.769,0.86,False,False,0,
비회원증권회사,ind_Latn,Perusahaan sekuritas non-anggota,비회원 증권회사,0.933,1.14,False,False,0,
비회원증권회사,tha_Thai,บริษัทหลักทรัพย์ที่ไม่ใช่สมาชิก,비회원 투자회사,0.667,1.14,False,False,0,
비회원증권회사,tgl_Latn,Ang mga non-member securities company,비회원 증권회사,0.933,1.14,False,False,0,
빅보오드,vie_Latn,Big Board,빅 보드,0.75,1.0,False,False,0,
빅보오드,ind_Latn,Big Board,빅 보드,0.75,1.0,False,False,0,
빅보오드,tha_Thai,บอร์ดใหญ่,큰 보드,0.5,1.0,False,False,0,
빅보오드,tgl_Latn,Bigboard,빅보드,0.857,0.75,False,False,0,
빗더마켓 전략,tha_Thai,กลยุทธ์ Bitdermarket,비터마켓 전략,0.714,1.0,False,False,0,
사고신고,vie_Latn,Báo cáo tai nạn,사고 보고,0.667,1.25,False,False,0,
사고신고,ind_Latn,Laporan Kecelakaan,사고 보고,0.667,1.25,False,False,0,
사고신고,tha_Thai,รายงานอุบัติเหตุ,사고 보고,0.667,1.25,False,False,0,
사고증권,vie_Latn,Chứng khoán bị sự cố,증권사고,0.5,1.0,False,False,0,
사고증권,tgl_Latn,Patunay ng aksidente,사고의 증거,0.6,1.5,False,False,0,
사무라이본드,vie_Latn,Samurai Bond,사무라이 본드,0.923,1.17,False,False,0,
사무라이본드,ind_Latn,Samurai Bond,사무라이 본드,0.923,1.17,False,False,0,
사무라이본드,tha_Thai,ซามูไร บอนด์,사모라이 본드,0.769,1.17,False,False,0,
사무라이본드,mya_Mymr,Samurai Bond ပါ။,'사무라이 본드'입니다.,0.632,2.17,False,False,0,
사무라이본드,tgl_Latn,SamuraiBond,사무라이 본드,0.923,1.17,False,False,0,
사설증권시장,vie_Latn,Thị trường chứng khoán tư nhân,개인 증권 시장,0.571,1.33,False,False,0,
사설증권시장,ind_Latn,Pasar Sekuritas Swasta,개인 증권 시장,0.571,1.33,False,False,0,
사설증권시장,tha_Thai,ตลาดหลักทรัพย์แบบซื้อขายนอกตลาด,오프마켓 증권시장,0.533,1.5,False,False,0,
사설증권시장,tgl_Latn,Pribadong merkado ng securities,개인 증권 시장,0.571,1.33,False,False,0,
사업보고서,vie_Latn,Báo cáo hoạt động kinh doanh,사업 활동 보고서,0.714,1.8,False,False,0,
사업보고서,tha_Thai,รายงานประจำปี,연례 보고서,0.545,1.2,False,False,0,
사업보고서,mya_Mymr,စီးပွားရေး အစီရင်ခံစာမှာ,경제 보고서는,0.5,1.4,False,False,0,
사업설명서,mya_Mymr,လုပ်ငန်း အစီရင်ခံစာ။,사업보고서.,0.545,1.2,False,False,0,
사이버 주주총회,vie_Latn,Đại hội cổ đông trực tuyến,온라인 주주총회,0.625,1.0,False,False,0,
사이버 주주총회,ind_Latn,Rapat Umum Pemegang Saham Daring,온라인 주주총회,0.625,1.0,False,False,0,
사이버 주주총회,tha_Thai,การประชุมผู้ถือหุ้นทั่วไปแบบออนไลน์,온라인 주주총회,0.625,1.0,False,False,0,
사이버 주주총회,mya_Mymr,ဆိုက်ဘာ ရှယ်ယာရှင်များ အစည်းအဝေး,사이버 주주총회,1.0,1.0,False,False,0,
사이버 주주총회,tgl_Latn,Ang Cyber Shareholder Meeting,사이버 주주총회,1.0,1.0,False,False,0,
사채권,vie_Latn,Trái phiếu tư nhân,개인 채권,0.5,1.67,False,False,0,
사채권,ind_Latn,Surat utang swasta,개인 채권,0.5,1.67,False,False,0,
사채발행,vie_Latn,Phát hành trái phiếu tư nhân,개인 채권 발행,0.5,2.0,False,False,0,
사채발행,ind_Latn,Penerbitan obligasi swasta,개인 채권 발행,0.5,2.0,False,False,0,
사채발행,tha_Thai,การออกพันธบัตรบริษัท,회사 채권 발급,0.5,2.0,False,False,0,
산업금융채권,vie_Latn,Trái phiếu tài chính công nghiệp,산업 금융 채권,0.857,1.33,False,False,0,
산업금융채권,ind_Latn,Obligasi Keuangan Industri,산업 금융 채권,0.857,1.33,False,False,0,
산업금융채권,tha_Thai,พันธบัตรอุตสาหกรรมและพันธบัตรการเงิน,산업계 채권과 금융채권,0.667,2.0,False,False,0,
산업금융채권,mya_Mymr,စက်မှု ဘဏ္ဍာရေး ချေးငွေ,산업 금융 대출,0.571,1.33,False,False,0,
산업금융채권,tgl_Latn,Mga utang sa pananalapi sa industriya,산업에 대한 금융 부채,0.556,2.0,False,False,0,
상계적 차감,ind_Latn,Pengurangan akumulatif,누적 감면,0.545,0.83,False,False,0,
상임대리인,vie_Latn,Đại diện thường trực,상임대표,0.667,0.8,False,False,0,
상임대리인,tha_Thai,ผู้แทนถาวร,상임대표,0.667,0.8,False,False,0,
상임대리인,mya_Mymr,အမြဲတမ်း ကိုယ်စားလှယ်ပါ။,항상 대리인입니다.,0.533,2.0,False,False,0,
상임대리인,tgl_Latn,Ang permanenteng deputy.,상임대표,0.667,0.8,False,False,0,
상장회사협의회,vie_Latn,Hội đồng các công ty niêm yết,상장 회사 협의회,0.875,1.29,False,False,0,
상장회사협의회,ind_Latn,Asosiasi Perusahaan Terdaftar,등록된 회사 협회,0.5,1.29,False,False,0,
상장회사협의회,tha_Thai,สมาคมบริษัทจดทะเบียน,등록된 회사 협회,0.5,1.29,False,False,0,
상장회사협의회,mya_Mymr,ရင်းနှီးမြှုပ်နှံမှု ကောင်စီ,투자협의회,0.5,0.71,False,False,0,
상장회사협의회,tgl_Latn,Ang konseho ng mga kumpanya sa merkado,시장 기업 협의회,0.5,1.29,False,False,0,
상품유가증권,vie_Latn,Chứng khoán hàng hóa,상품 증권,0.727,0.83,False,False,0,
상품유가증권,ind_Latn,Surat berharga komoditas,상품 증권,0.727,0.83,False,False,0,
상호결제제도,vie_Latn,Hệ thống thanh toán lẫn nhau,상호 결제 시스템,0.533,1.5,False,False,0,
상호결제제도,ind_Latn,Sistem Pembayaran Timbal Balik,상호 결제 시스템,0.533,1.5,False,False,0,
상호다중연계,ind_Latn,Interkoneksi Multilateral,다자간 연계,0.5,1.0,False,False,0,
상호단일연계,tgl_Latn,Pag-uugnay sa pagitan,상호 연관성,0.5,1.0,False,False,0,
상호연계,vie_Latn,Sự liên kết lẫn nhau,상호 연관성,0.6,1.5,False,False,0,
상호연계,ind_Latn,Interkoneksi,상호 연결,0.667,1.25,False,False,0,
상호연계,tgl_Latn,Pag-uugnay,연계,0.667,0.5,False,False,0,
상호주,vie_Latn,Úc,호주,0.8,0.67,False,False,0,
상호주,ind_Latn,Australia,호주,0.8,0.67,False,False,0,
서면투표제,ind_Latn,Sistem Pemungutan Suara Tertulis,서면 투표 시스템,0.571,1.8,False,False,0,
서면투표제,mya_Mymr,စာရေးမဲပေးခြင်း,서면 투표,0.8,1.0,False,False,0,
선도계약,vie_Latn,Hợp đồng tiên phong,선구자 계약,0.6,1.5,False,False,0,
선도계약,tha_Thai,ข้อตกลงกรอบงาน,업무계약,0.5,1.0,False,False,0,
선물거래,vie_Latn,Giao dịch hợp đồng tương lai,선물 거래,0.889,1.25,False,False,0,
선물거래위원회,vie_Latn,Ủy ban Giao dịch Hợp đồng Tương lai,미래거래위원회,0.714,1.0,False,False,0,
선물거래위원회,ind_Latn,Komisi Perdagangan Berjangka,미래에 대한 거래위원회,0.526,1.71,False,False,0,
선물거래위원회,mya_Mymr,လက်ဆောင်ရောင်းဝယ်ရေး ကော်မတီ,선물 판매 위원회,0.625,1.29,False,False,0,
선물거래위원회,tgl_Latn,Komisyon ng Gift Exchange,선물 교환 위원회,0.625,1.29,False,False,0,
선물계약,mya_Mymr,လက်ဆောင်စာချုပ်။,선물 계약서,0.8,1.5,False,False,0,
선물계약,tgl_Latn,Mga kontrata ng regalo,선물 계약,0.889,1.25,False,False,0,
선물시장,vie_Latn,Thị trường hợp đồng tương lai,선물 시장,0.889,1.25,False,False,0,
선물시장,tgl_Latn,Ang merkado ng regalo,선물 시장,0.889,1.25,False,False,0,
선물중개상,tgl_Latn,Ang mga regalo,선물들,0.5,0.6,False,False,0,
선물환,tgl_Latn,Ang mga regalo,선물들,0.667,1.0,False,False,0,
선물환마진,ind_Latn,Margin Valuta Asing Berjangka,외환 선물 마진,0.615,1.6,False,False,0,
선물환마진,tgl_Latn,Ang pagpapalit ng regalo.,선물 교환,0.6,1.0,False,False,0,
성장주,vie_Latn,Cổ phiếu tăng trưởng,성장 주식,0.75,1.67,False,False,0,
성장주,ind_Latn,Saham pertumbuhan,성장 주식,0.75,1.67,False,False,0,
성장주,mya_Mymr,ကြီးထွားမှု,성장,0.8,0.67,False,False,0,
성장주,tgl_Latn,Ang paglago,성장,0.8,0.67,False,False,0,
소비대차,vie_Latn,Cho vay tiêu dùng,소비자 대출,0.6,1.5,False,False,0,
소비대차,ind_Latn,Pinjaman Konsumen,소비자 대출,0.6,1.5,False,False,0,
소비대차,tgl_Latn,Mga sasakyan ng konsumo,소비자 차량,0.6,1.5,False,False,0,
소비임치,mya_Mymr,စားသုံးမှု,소비,0.667,0.5,False,False,0,
소수주주권,vie_Latn,Quyền của cổ đông thiểu số,소수 주주들의 권리,0.667,2.0,False,False,0,
소수주주권,ind_Latn,Hak pemegang saham minoritas,소수 주주들의 권리,0.667,2.0,False,False,0,
소액주주,vie_Latn,Cổ đông nhỏ lẻ,소액 주주,0.889,1.25,False,False,0,
소액주주,ind_Latn,pemegang saham minoritas,소수 주주,0.667,1.25,False,False,0,
소액주주,tgl_Latn,Maliit na Shareholder,소규모 주주,0.6,1.5,False,False,0,
송금상태,vie_Latn,Tình trạng chuyển tiền,송금 상태,0.889,1.25,False,False,0,
송금상태,mya_Mymr,ငွေလွှဲပြောင်းမှု အခြေအနေ,송금 상태,0.889,1.25,False,False,0,
송금이체,vie_Latn,Chuyển khoản,송금,0.667,0.5,False,False,0,
송금이체,tha_Thai,การโอนเงิน,송금,0.667,0.5,False,False,0,
송금한도,vie_Latn,Giới hạn chuyển tiền,송금 제한,0.667,1.25,False,False,0,
송금한도,tha_Thai,ขีดจำกัดการโอนเงิน,송금 제한,0.667,1.25,False,False,0,
수량우선의 원칙,vie_Latn,Nguyên tắc ưu tiên số lượng,우선 순위 원칙,0.625,1.0,False,False,0,
수량우선의 원칙,ind_Latn,Prinsip Prioritas Kuantitas,양적 우선의 원칙,0.706,1.12,False,False,0,
수량우선의 원칙,tgl_Latn,Prinsipyo ng Quantum Priority,양자 우선의 원칙,0.706,1.12,False,False,0,
수요예측방식,vie_Latn,Phương pháp dự báo nhu cầu,수요를 예측하는 방법,0.588,1.83,False,False,0,
수요예측방식,ind_Latn,Metode Perkiraan Permintaan,수요를 예측하는 방법,0.588,1.83,False,False,0,
수요예측방식,mya_Mymr,ဝယ်လိုအား ခန့်မှန်းနည်း,수요를 예측하는 방법,0.588,1.83,False,False,0,
수익률,vie_Latn,Tỷ suất sinh lời,수익률,1.0,1.0,False,False,0,
수익률,ind_Latn,Tingkat pengembalian,수익률,1.0,1.0,False,False,0,
수익률,mya_Mymr,အမြတ်နှုန်း,수익률,1.0,1.0,False,False,0,
수익률곡선,vie_Latn,Đường cong lợi suất,수익률 곡선,0.909,1.2,False,False,0,
수익률곡선,ind_Latn,Kurva imbal hasil,수익률 곡선,0.909,1.2,False,False,0,
수익률곡선,mya_Mymr,အမြတ်နှုန်း မျဉ်းကွေး,수익률 곡선,0.909,1.2,False,False,0,
수익률곡선타기전략,vie_Latn,Chiến lược đầu tư theo đường cong lợi suất,수익곡선을 따라 투자 전략,0.522,1.56,False,False,0,
수익률곡선타기전략,tha_Thai,กลยุทธ์การซื้อขายตามเส้นโค้งผลตอบแทน,수익곡선을 따라 매매 전략,0.522,1.56,False,False,0,
수익자,ind_Latn,Penerima manfaat,수혜자,0.667,1.0,False,False,0,
수익증권,vie_Latn,Chứng khoán sinh lời,유가증권,0.5,1.0,False,False,0,
수익증권,mya_Mymr,ဝင်ငွေလက်မှတ်တွေ,수입증서,0.5,1.0,False,False,0,
수정주가평균,ind_Latn,Rata-rata Harga Saham yang Telah Direvisi,수정된 주식 가격 평균,0.667,2.0,False,False,0,
수취은행,tgl_Latn,Ang mga bangko ng tubig,물 은행,0.5,1.0,False,False,0,
수탁계약준칙,tha_Thai,หลักปฏิบัติสำหรับสัญญาทรัสต์,신탁계약의 원칙,0.571,1.33,False,False,0,
수탁자,mya_Mymr,လက်ခံသူ။,수신자,0.667,1.0,False,False,0,
순운전자본,ind_Latn,Modal kerja bersih,순환 자본,0.6,1.0,False,False,0,
순운전자본,tha_Thai,ทุนหมุนเวียนสุทธิ,회전 자본,0.6,1.0,False,False,0,
순자산가치,vie_Latn,Giá trị tài sản ròng,자산 가치,0.8,1.0,False,False,0,
순자산가치,ind_Latn,Nilai Aktiva Bersih,순자산 가치,0.909,1.2,False,False,0,
순자산가치,tha_Thai,มูลค่าสินทรัพย์สุทธิ,자산의 가치,0.727,1.2,False,False,0,
순자산가치,tgl_Latn,Ang net asset,순자산,0.75,0.6,False,False,0,
스위스옵션 금융선물거래소,vie_Latn,Sàn giao dịch quyền chọn và hợp đồng tương lai Thụy Sĩ,스위스 옵션 및 선물 거래소,0.786,1.15,False,False,0,
스위스옵션 금융선물거래소,ind_Latn,Bursa Perdagangan Opsi dan Kontrak Berjangka Swiss,스위스 옵션 및 선물 거래소,0.786,1.15,False,False,0,
스위스옵션 금융선물거래소,mya_Mymr,ဆွစ်ရွေးချယ်မှု ငွေကြေးလက်ဆောင် ရောင်းဝယ်ရေး,스위스 옵션 선물 거래,0.8,0.92,False,False,0,
스위스옵션 금융선물거래소,tgl_Latn,Swiss Options pinansiyal na pagpapalit ng mga regalo,스위스 옵션 금융 선물 교환,0.714,1.15,False,False,0,
스칼퍼,ind_Latn,scalper,스칼퍼,1.0,1.0,False,False,0,
스칼퍼,mya_Mymr,စကယ်ဖာ။,스케일퍼.,0.5,1.67,False,False,0,
스칼퍼,tgl_Latn,Ang scalper.,스칼퍼,1.0,1.0,False,False,0,
스트래들,vie_Latn,Straddle,스트래들,1.0,1.0,False,False,0,
스트래들,ind_Latn,Straddle,스트래들,1.0,1.0,False,False,0,
스트래들,tha_Thai,สแตรดเดิล,스트래들,1.0,1.0,False,False,0,
스트래들,mya_Mymr,Straddle တွေ။,스트래들.,0.889,1.25,False,False,0,
스트래들,tgl_Latn,Ang Straddle.,스트래들,1.0,1.0,False,False,0,
스트립,ind_Latn,strip,스트립,1.0,1.0,False,False,0,
스트립,mya_Mymr,Strip ပါ။,스트립입니다.,0.6,2.33,False,False,0,
스트립,tgl_Latn,Strip,스트립,1.0,1.0,False,False,0,
스폿펀드,tha_Thai,กองทุนสปอต,스팟 펀드,0.667,1.25,False,False,0,
스폿펀드,tgl_Latn,Ang Spark Fund.,스파크 펀드,0.6,1.5,False,False,0,
스프레드거래,tha_Thai,การเดิมพันแบบสเปรด,스프레드 베팅,0.615,1.17,False,False,0,
스프레드운용,ind_Latn,Pengelolaan Spread,스프레드 관리,0.615,1.17,False,False,0,
스프리트,mya_Mymr,စပရစ်။,스피리트.,0.667,1.25,False,False,0,
스프리트,tgl_Latn,Ang Sprit.,스프릿.,0.5,1.0,False,False,0,
시가총액,vie_Latn,Tổng giá trị vốn hóa thị trường,전체 시가총액,0.727,1.75,False,False,0,
시가총액,ind_Latn,Kapitalisasi pasar,시가총액,1.0,1.0,False,False,0,
시가총액식 주가지수,vie_Latn,Chỉ số chứng khoán theo vốn hóa thị trường,시가총액에 따른 증권 지수,0.583,1.4,False,False,0,
시가총액식 주가지수,ind_Latn,Indeks saham berdasarkan kapitalisasi pasar,시가총액에 의한 주식 지수,0.667,1.4,False,False,0,
시간우선의 원칙,vie_Latn,Nguyên tắc ưu tiên thời gian,시간 우선의 원칙,0.941,1.12,False,False,0,
시간우선의 원칙,ind_Latn,Prinsip Prioritas Waktu,시간 우선의 원칙,0.941,1.12,False,False,0,
시간우선의 원칙,tha_Thai,หลักการของลำดับความสำคัญตามเวลา,시간적 우선 순위의 원칙,0.762,1.62,False,False,0,
시간우선의 원칙,tgl_Latn,Prinsipyo ng Paglalakbay sa Oras,시간 여행의 원리,0.588,1.12,False,False,0,
시스템위험,vie_Latn,Rủi ro hệ thống,시스템적 위험,0.833,1.4,False,False,0,
시스템위험,ind_Latn,Risiko Sistem,시스템 위험,0.909,1.2,False,False,0,
시스템위험,tha_Thai,ความเสี่ยงระบบ,시스템적 위험,0.833,1.4,False,False,0,
시스템위험,mya_Mymr,စနစ် အန္တရာယ်။,시스템 위기,0.727,1.2,False,False,0,
시스템위험,tgl_Latn,Mga panganib sa sistema,시스템적 위험,0.833,1.4,False,False,0,
시장분할이론,vie_Latn,Lý thuyết phân khúc thị trường,시장 세분화 이론,0.667,1.5,False,False,0,
시장분할이론,ind_Latn,Teori Segmentasi Pasar,시장 세분화 이론,0.667,1.5,False,False,0,
시장분할이론,tha_Thai,ทฤษฎีการแบ่งส่วนตลาด,시장 점유율 이론,0.533,1.5,False,False,0,
시장분할이론,tgl_Latn,Ang teorya ng pamamahagi ng merkado.,시장의 분산 이론입니다.,0.526,2.17,False,False,0,
시장위험,vie_Latn,Rủi ro thị trường,시장 위험,0.889,1.25,False,False,0,
시장위험,tha_Thai,ความเสี่ยงทางตลาด,시장의 위험성,0.727,1.75,False,False,0,
시장위험,mya_Mymr,စျေးကွက် အန္တရာယ်,시장의 위험성,0.727,1.75,False,False,0,
시장위험,tgl_Latn,Panganib sa merkado,시장의 위험,0.8,1.5,False,False,0,
시장주문,ind_Latn,Pesanan Pasar,시장의 주문,0.8,1.5,False,False,0,
시장주문,tha_Thai,คำสั่งซื้อขายตามราคาตลาด,시장 가격에 매각 주문,0.5,3.0,False,False,0,
시장주문,tgl_Latn,Mga tanong sa merkado,시장의 질문,0.6,1.5,False,False,0,
시장타이밍수입,mya_Mymr,စျေးကွက် အချိန်သွင်းခြင်း,시장 타이밍,0.769,0.86,False,False,0,
시장포트폴리오,ind_Latn,Portofolio Pasar,시장 포트폴리오,0.933,1.14,False,False,0,
시장포트폴리오,tha_Thai,พอร์ตโฟลิโอตลาด,시장 포트폴리오,0.933,1.14,False,False,0,
시장포트폴리오,tgl_Latn,Portfolio ng merkado,시장 포트폴리오,0.933,1.14,False,False,0,
시차유동성위험,vie_Latn,Rủi ro thanh khoản do chênh lệch múi giờ,시간대 차이로 인한 유동성 위험,0.583,2.43,False,False,0,
시차유동성위험,ind_Latn,Risiko Likuiditas Akibat Perbedaan Waktu,시간차로 인한 유동성 위험,0.667,2.0,False,False,0,
시차유동성위험,tgl_Latn,Panganib sa Simultaneous Mobility,동시 이동의 위험,0.5,1.29,False,False,0,
신디케이트,vie_Latn,Syndicate,신디케이트,1.0,1.0,False,False,0,
신디케이트,tha_Thai,ซินดิเคท,신디케이트,1.0,1.0,False,False,0,
신용거래,vie_Latn,Giao dịch tín dụng,신용 거래,0.889,1.25,False,False,0,
신용거래,ind_Latn,Transaksi kredit,신용 거래,0.889,1.25,False,False,0,
신용거래,tgl_Latn,Mga kalakalan sa kredito,신용 거래,0.889,1.25,False,False,0,
신용위험,vie_Latn,Rủi ro tín dụng,신용 위험,0.889,1.25,False,False,0,
신용위험,ind_Latn,Risiko Kredit,신용 위험,0.889,1.25,False,False,0,
신용위험,tha_Thai,ความเสี่ยงด้านเครดิต,신용위험,1.0,1.0,False,False,0,
신용위험,mya_Mymr,ခရက်ဒစ် အန္တရာယ်,신용위험,1.0,1.0,False,False,0,
신용위험,tgl_Latn,Mga panganib sa kredito,신용 위험,0.889,1.25,False,False,0,
신용평가기관,ind_Latn,Lembaga pemeringkat kredit,신용등급 기관,0.615,1.17,False,False,0,
신용평가기관,mya_Mymr,ခရက်ဒစ် အဆင့်သတ်မှတ်ရေးဌာန,신용등급 기관,0.615,1.17,False,False,0,
신용평가기관,tgl_Latn,Mga rating agency,신용평가 기관,0.923,1.17,False,False,0,
신주인수권,tha_Thai,สิทธิในการจองซื้อหุ้น,주식권,0.5,0.6,False,False,0,
신탁계정,ind_Latn,Rekening perwalian,신탁 계좌,0.667,1.25,False,False,0,
신탁재산,tha_Thai,ทรัพย์สินที่ไว้วางใจ,신탁 재산을,0.8,1.5,False,False,0,
신탁재산,tgl_Latn,Mga asset sa pagtitiwala,신탁 자산,0.667,1.25,False,False,0,
신탁회사,ind_Latn,Perusahaan Perwalian,위탁회사,0.75,1.0,False,False,0,
신탁회사,tgl_Latn,Ang Trust Company,신탁회사,1.0,1.0,False,False,0,
실기주,vie_Latn,Cổ phiếu thực tế,실제 주식,0.5,1.67,False,False,0,
실물거래,vie_Latn,Giao dịch thực tế,실제 거래,0.667,1.25,False,False,0,
실물거래,ind_Latn,Transaksi fisik,물리적 거래,0.6,1.5,False,False,0,
실시간 총액(량)결제시스템,vie_Latn,Hệ thống thanh toán tổng số tiền (số lượng) theo thời gian thực,실시간 결제 시스템,0.75,0.71,False,False,0,
실시간 총액(량)결제시스템,ind_Latn,Sistem Pembayaran Total (Jumlah) Secara Real-Time,실시간 전체 결제 시스템,0.667,0.93,False,False,0,
실시간 총액(량)결제시스템,tha_Thai,ระบบการชำระยอดรวม (ปริมาณ) แบบเรียลไทม์,실시간 결제 시스템입니다.,0.643,1.0,False,False,0,
실질이자율,vie_Latn,Lãi suất thực tế,실제 이자율,0.727,1.2,False,False,0,
실질이자율,tha_Thai,อัตราดอกเบี้ยจริง,이자율은,0.667,0.8,False,False,0,
실질주주,vie_Latn,Cổ đông thực tế,실제 주주,0.667,1.25,False,False,0,
실질주주,ind_Latn,Pemegang saham sebenarnya,실제 주주,0.667,1.25,False,False,0,
실질주주,mya_Mymr,လက်တွေ့ ရှယ်ယာရှင်,실질적인 주주,0.727,1.75,False,False,0,
실질주주 권리배정 명세표,ind_Latn,Rincian Penjatahan Hak Pemegang Saham Nyata,실제 주주들의 권리 양도 세부사항,0.516,1.38,False,False,0,
실질주주 권리배정 명세표,tgl_Latn,Ang tunay na shareholder listahan ng mga karapatan,실제 주주 권리 목록,0.583,0.85,False,False,0,
실질주주증명서제도,vie_Latn,Chế độ chứng nhận cổ đông thực tế,실제 주주 인증 체제,0.5,1.22,False,False,0,
실현수익률,vie_Latn,Tỷ suất sinh lời thực tế,실제 수익률,0.727,1.2,False,False,0,
실현수익률,ind_Latn,Tingkat Pengembalian Riil,실제 수익률,0.727,1.2,False,False,0,
실현수익률,tha_Thai,อัตราผลตอบแทนที่แท้จริง,진정한 수익률,0.5,1.4,False,False,0,
실현수익률,mya_Mymr,အကျိုးအမြတ်ရရှိမှုနှုန်း,수익률,0.75,0.6,False,False,0,
실현수익률,tgl_Latn,Realistic rate ng kita,현실적인 수익률,0.615,1.6,False,False,0,
실효이자율,vie_Latn,Lãi suất thực tế,실제 이자율,0.727,1.2,False,False,0,
실효이자율,tha_Thai,อัตราดอกเบี้ยจริง,이자율은,0.667,0.8,False,False,0,
쌍방연계방식,vie_Latn,Phương thức liên kết hai chiều,쌍방향 연결 방식,0.667,1.5,False,False,0,
쌍방연계방식,ind_Latn,Metode Interkoneksi Dua Arah,쌍방향 연결 방법,0.533,1.5,False,False,0,
아리랑본드,vie_Latn,Arirang Bond,아리랑 본드,0.909,1.2,False,False,0,
아리랑본드,ind_Latn,Arirang Bond,아리랑 본드,0.909,1.2,False,False,0,
아리랑본드,tgl_Latn,Arlan Bond.,아란 본드,0.6,1.0,False,False,0,
아시아·태평양 중앙예탁기관협의회,vie_Latn,Hội đồng các tổ chức lưu ký trung ương khu vực châu Á-Thái Bình Dương,아시아 태평양 지역 중앙 보관 기관 협의회,0.7,1.35,False,False,0,
아시아·태평양 중앙예탁기관협의회,ind_Latn,Asosiasi Lembaga Penyimpanan Efek Asia-Pasifik,아시아-태평양 증권 보관 기관 협회,0.611,1.12,False,False,0,
아시아·태평양 중앙예탁기관협의회,mya_Mymr,အာရှ-ပစိဖိတ် ဗဟိုစီမံခန့်ခွဲရေးကောင်စီ,아시아-태평양 중앙 집행위원회,0.606,0.94,False,False,0,
아시아·태평양 중앙예탁기관협의회,tgl_Latn,Konseho ng mga Sentral na Tuntunin sa Asya-Pasipiko,아시아-태평양 중앙 원칙 협의회,0.706,1.0,False,False,0,
아시안달러본드,ind_Latn,Obligasi Dolar Asia,아시아 달러 채권,0.5,1.29,False,False,0,
아시안달러본드,tha_Thai,พันธบัตรดอลลาร์เอเชีย,아시아 달러 증권,0.5,1.29,False,False,0,
아시안달러본드,mya_Mymr,အာရှဒေါ်လာဘဏ်,아시아 달러 은행,0.5,1.29,False,False,0,
아시안달러본드,tgl_Latn,Asian Dollar Bonds,아시아 달러 채권,0.5,1.29,False,False,0,
액면분할,vie_Latn,Chia cổ phiếu,주식분할,0.5,1.0,False,False,0,
액면분할,tha_Thai,การแบ่งหุ้น,주식분할,0.5,1.0,False,False,0,
양도담보,vie_Latn,Thế chấp chuyển nhượng,양보,0.667,0.5,False,False,0,
양도성예금증서,vie_Latn,Chứng chỉ tiền gửi có thể chuyển nhượng,송금증서,0.545,0.57,False,False,0,
양도성예금증서,tgl_Latn,Mga sertipiko ng deposito.,예금증서,0.727,0.57,False,False,0,
양키달러시장,vie_Latn,Thị trường đồng đô la Mỹ,미국 달러 시장,0.571,1.33,False,False,0,
양키달러시장,ind_Latn,Pasar Dolar Amerika,미국 달러 시장,0.571,1.33,False,False,0,
양키달러시장,tha_Thai,ตลาดดอลลาร์ยังกี,달러 시장은 여전히,0.5,1.67,False,False,0,
양키달러시장,mya_Mymr,Yankee ဒေါ်လာ စျေးကွက်။,양키 달러 시장.,0.8,1.5,False,False,0,
양키달러시장,tgl_Latn,Yankees dolyar merkado,양키스의 달러 시장,0.75,1.67,False,False,0,
양키본드,vie_Latn,Yankee Bond,양키 본드,0.889,1.25,False,False,0,
양키본드,ind_Latn,Yankee Bond,양키 본드,0.889,1.25,False,False,0,
양키본드,mya_Mymr,ဂျန်ကီဘွန်,젠키본,0.571,0.75,False,False,0,
양키본드,tgl_Latn,Yankees Bond,양키스 본드,0.8,1.5,False,False,0,
어카운트 결제,vie_Latn,Thanh toán tài khoản,계좌 결제,0.5,0.71,False,False,0,
어카운트 결제,ind_Latn,Pembayaran Akun,계좌 결제,0.5,0.71,False,False,0,
역외금융,vie_Latn,Tài chính ngoài lãnh thổ,해외 금융,0.667,1.25,False,False,0,
역외금융,tha_Thai,การเงินนอกชายฝั่ง,해외 금융,0.667,1.25,False,False,0,
역외시장,vie_Latn,Thị trường ngoài lãnh thổ,해외 시장,0.667,1.25,False,False,0,
역외시장,ind_Latn,Pasar luar negeri,해외 시장,0.667,1.25,False,False,0,
역외시장,tgl_Latn,Sa labas ng merkado,시장에서,0.5,1.0,False,False,0,
역외자금,ind_Latn,Dana luar negeri,해외 자금,0.667,1.25,False,False,0,
역외자금,tha_Thai,กองทุนนอกประเทศ,해외 자금,0.667,1.25,False,False,0,
연기금,vie_Latn,Quỹ hưu trí,연금 기금,0.75,1.67,False,False,0,
연방준비은행,vie_Latn,Ngân hàng Dự trữ Liên bang,연방준비은행,1.0,1.0,False,False,0,
연방준비은행,tgl_Latn,Ang Pederal Reserve Bank,연방준비은행,1.0,1.0,False,False,0,
연방준비제도,vie_Latn,Cục Dự trữ Liên bang,연방준비부,0.727,0.83,False,False,0,
연방준비제도,ind_Latn,Sistem Federal Reserve,연방준비제도,1.0,1.0,False,False,0,
연방준비제도,tgl_Latn,Ang Federal Reserve.,연방준비제도입니다.,0.75,1.67,False,False,0,
연쇄거래,vie_Latn,Giao dịch liên tiếp,연속 거래,0.667,1.25,False,False,0,
연쇄거래,ind_Latn,Transaksi berantai,연쇄 거래,0.889,1.25,False,False,0,
영구사채,vie_Latn,Trái phiếu vĩnh viễn,영구 채권,0.667,1.25,False,False,0,
영시조항,ind_Latn,Klausul Puisi Klasik,고전 시의 조항,0.5,2.0,False,False,0,
예비증권,tha_Thai,หลักทรัพย์ชั่วคราว,유가증권,0.5,1.0,False,False,0,
예탁대상유가증권,vie_Latn,Chứng khoán có thể ký quỹ,유가증권,0.667,0.5,False,False,0,
예탁자,ind_Latn,Pemegang deposito,예금자,0.667,1.0,False,False,0,
예탁자계좌부,vie_Latn,Sổ tài khoản người gửi ký quỹ,기증자 계좌,0.5,1.0,False,False,0,
예탁자기금,tgl_Latn,Mga deposito.,예금지,0.5,0.6,False,False,0,
예탁증서,ind_Latn,Sertifikat Deposito,예금증서,0.75,1.0,False,False,0,
예탁증서,tha_Thai,ใบรับฝากหลักทรัพย์,증권증서,0.5,1.0,False,False,0,
오버나이트 repo,tgl_Latn,Overnight repo,오버나이트 리포,0.667,0.8,False,False,0,
온라인 리얼타임 시스템,vie_Latn,Hệ thống trực tuyến thời gian thực,실시간 온라인 시스템,0.609,0.92,False,False,0,
온라인 리얼타임 시스템,ind_Latn,Sistem Real-Time Online,온라인 실시간 시스템,0.696,0.92,False,False,0,
온라인 리얼타임 시스템,tha_Thai,ระบบออนไลน์แบบเรียลไทม์,실시간 온라인 시스템입니다.,0.519,1.25,False,False,0,
온라인 리얼타임 시스템,mya_Mymr,အွန်လိုင်း အချိန်နဲ့တပြေးညီ စနစ်ပါ။,실시간 온라인 시스템입니다.,0.519,1.25,False,False,0,
온라인 리얼타임 시스템,tgl_Latn,Online na real-time na sistema,온라인 실시간 시스템,0.696,0.92,False,False,0,
온라인 증권거래,vie_Latn,Giao dịch chứng khoán trực tuyến,온라인 증권 거래,0.941,1.12,False,False,0,
온라인 증권거래,ind_Latn,Perdagangan sekuritas daring,온라인 증권 거래,0.941,1.12,False,False,0,
온라인 증권거래,tha_Thai,การซื้อขายหุ้นออนไลน์,온라인 주식 거래,0.706,1.12,False,False,0,
온라인 증권거래,mya_Mymr,အွန်လိုင်း စတော့စျေးကွက်,온라인 주식시장,0.5,1.0,False,False,0,
온라인 증권거래,tgl_Latn,Online na kalakalan,온라인 거래,0.857,0.75,False,False,0,
온라인 투자은행,vie_Latn,Ngân hàng đầu tư trực tuyến,온라인 투자 은행,0.941,1.12,False,False,0,
온라인 투자은행,ind_Latn,Bank investasi daring,온라인 투자 은행,0.941,1.12,False,False,0,
온라인 투자은행,tha_Thai,ธนาคารการลงทุนออนไลน์,온라인 투자 은행,0.941,1.12,False,False,0,
온라인 투자은행,mya_Mymr,အွန်လိုင်း ရင်းနှီးမြှုပ်နှံမှု ဘဏ်,온라인 투자은행,1.0,1.0,False,False,0,
온라인 투자은행,tgl_Latn,Ang online investment banking,온라인 투자 은행,0.941,1.12,False,False,0,
옵션가격결정모형,vie_Latn,Mô hình xác định giá quyền chọn,옵션 가격을 결정하는 모델,0.636,1.75,False,False,0,
옵션가격결정모형,ind_Latn,Model Penentuan Harga Opsi,옵션 가격 모델,0.625,1.0,False,False,0,
옵션가격결정모형,tha_Thai,แบบจำลองการกำหนดราคาออปชัน,옵션 가격 모델,0.625,1.0,False,False,0,
옵션가격결정모형,mya_Mymr,ရွေးချယ်မှု ဈေးနှုန်း ဆုံးဖြတ်မှု ပုံစံ,선택 가격 결정 모델,0.526,1.38,False,False,0,
옵션가격결정모형,tgl_Latn,Mga modelo ng pagpapasya sa presyo ng pagpipilian,옵션 가격 결정 모델,0.737,1.38,False,False,0,
옵션거래,vie_Latn,Giao dịch quyền chọn,옵션 거래,0.889,1.25,False,False,0,
옵션거래,ind_Latn,Perdagangan opsi,옵션 거래,0.889,1.25,False,False,0,
옵션거래,tha_Thai,การซื้อขายออปชัน,옵션 거래,0.889,1.25,False,False,0,
외국시장거래,vie_Latn,Giao dịch trên thị trường nước ngoài,해외 시장에서의 거래,0.588,1.83,False,False,0,
외국시장거래,ind_Latn,Transaksi di Pasar Luar Negeri,해외 시장에서의 거래,0.588,1.83,False,False,0,
외국시장거래,tha_Thai,การซื้อขายในตลาดต่างประเทศ,해외시장에서의 거래,0.625,1.67,False,False,0,
외국시장거래,mya_Mymr,နိုင်ငံခြားစျေးကွက် ရောင်းဝယ်မှု,해외 시장에서의 거래,0.588,1.83,False,False,0,
외국인 투자등록번호,vie_Latn,Số đăng ký đầu tư nước ngoài,외국 투자 등록 번호,0.857,1.1,False,False,0,
외국인 투자등록번호,ind_Latn,Nomor Registrasi Investasi Asing,외국 투자 등록 번호,0.857,1.1,False,False,0,
외국인 투자등록번호,tha_Thai,หมายเลขทะเบียนการลงทุนจากต่างประเทศ,외국 투자 등록번호,0.9,1.0,False,False,0,
외국인 투자등록번호,mya_Mymr,နိုင်ငံခြားရင်းနှီးမြှုပ်နှံမှု မှတ်ပုံတင် နံပါတ်ပါ။,이 번호는 외국인 투자자등록번호입니다.,0.645,2.1,False,False,0,
외국인 투자등록번호,tgl_Latn,Ang numero ng foreign investment register.,외국 투자 등록번호,0.9,1.0,False,False,0,
외국채,vie_Latn,Trái phiếu nước ngoài,해외 채권,0.5,1.67,False,False,0,
외국채,ind_Latn,Obligasi asing,외국 채권,0.75,1.67,False,False,0,
외국채,tha_Thai,พันธบัตรต่างประเทศ,해외 채권,0.5,1.67,False,False,0,
외국채,tgl_Latn,Mga utang sa ibang bansa,해외 부채,0.5,1.67,False,False,0,
외국환거래법,vie_Latn,Luật Giao dịch Ngoại hối,외환거래법,0.909,0.83,False,False,0,
외국환거래법,ind_Latn,Undang-Undang Transaksi Valuta Asing,외환거래법,0.909,0.83,False,False,0,
외국환거래법,tha_Thai,พระราชบัญญัติการซื้อขายเงินตราต่างประเทศ,외환거래법,0.909,0.83,False,False,0,
외국환거래법,mya_Mymr,နိုင်ငံခြားငွေလဲလှယ် ဥပဒေ,외환법,0.667,0.5,False,False,0,
외부금융,vie_Latn,Tài chính bên ngoài,외부 금융,0.889,1.25,False,False,0,
외부금융,ind_Latn,Pembiayaan eksternal,외부 자금,0.667,1.25,False,False,0,
외부금융,mya_Mymr,ပြင်ပ ရံပုံငွေ,외부 자금,0.667,1.25,False,False,0,
외부금융,tgl_Latn,Panlabas na Pinansiyal,외환 금융,0.667,1.25,False,False,0,
외평채,vie_Latn,Trái phiếu ngoại hối,외환 채권,0.5,1.67,False,False,0,
외평채,ind_Latn,Obligasi Devisa,외환 채권,0.5,1.67,False,False,0,
외화증권,vie_Latn,Chứng khoán ngoại tệ,외환 증권,0.667,1.25,False,False,0,
외화증권,ind_Latn,Surat berharga dalam mata uang asing,외환 화폐의 증권,0.615,2.25,False,False,0,
외화증권,tha_Thai,หลักทรัพย์ต่างประเทศ,외환 증권,0.667,1.25,False,False,0,
외환시장,vie_Latn,Thị trường ngoại hối,외환 시장,0.889,1.25,False,False,0,
외환시장,ind_Latn,Pasar Valuta Asing,외환 시장,0.889,1.25,False,False,0,
외환시장,tha_Thai,ตลาดเงินตราต่างประเทศ,외환시장,1.0,1.0,False,False,0,
외환시장,mya_Mymr,ငွေလဲလှယ်စျေးကွက်,외환시장,1.0,1.0,False,False,0,
우선주,tgl_Latn,Una sa lahat.,"우선,",0.667,1.0,False,False,0,
원본위험,vie_Latn,Rủi ro từ bản gốc,원래의 위험,0.6,1.5,False,False,0,
원본위험,tgl_Latn,Ang orihinal na panganib,원래의 위험,0.6,1.5,False,False,0,
원화표시채권,ind_Latn,Obligasi dalam Mata Uang Won,원의 채권,0.545,0.83,False,False,0,
웹거래시스템,vie_Latn,Hệ thống giao dịch trực tuyến,온라인 거래 시스템,0.625,1.67,False,False,0,
웹거래시스템,ind_Latn,Sistem Transaksi Online,온라인 거래 시스템,0.625,1.67,False,False,0,
웹거래시스템,mya_Mymr,အွန်လိုင်း ကုန်သွယ်ရေး စနစ်,온라인 상거래 시스템,0.588,1.83,False,False,0,
웹거래시스템,tgl_Latn,Mga sistema ng pagbebenta sa web,웹 판매 시스템,0.571,1.33,False,False,0,
위임장,vie_Latn,Giấy ủy quyền,위임서,0.667,1.0,False,False,0,
위임장경쟁,ind_Latn,Persaingan Surat Kuasa,권위 경쟁,0.6,1.0,False,False,0,
위탁매매,ind_Latn,Perdagangan atas dasar perwalian,위탁거래,0.5,1.0,False,False,0,
위탁매매,tgl_Latn,Pagbebenta ng trustee,위탁자 판매,0.6,1.5,False,False,0,
위탁수수료,vie_Latn,Phí ủy thác,위탁 수수료,0.909,1.2,False,False,0,
위탁수수료,ind_Latn,Biaya komisi,수수료,0.75,0.6,False,False,0,
위탁수수료,tha_Thai,ค่าคอมมิชชัน,수수료,0.75,0.6,False,False,0,
위탁수수료,tgl_Latn,Mga bayarin sa pagtitiwala,신탁 수수료,0.727,1.2,False,False,0,
위탁자청산서비스,vie_Latn,Dịch vụ thanh lý tài sản cho khách hàng ủy thác,위탁 고객을 위한 자산 청산 서비스,0.593,2.38,False,False,0,
위탁자청산서비스,ind_Latn,Layanan Likuidasi Penitipan,유치원 청산 서비스,0.556,1.25,False,False,0,
위탁자청산서비스,mya_Mymr,အပ်နှင်းသူ သန့်ရှင်းရေး ဝန်ဆောင်မှု,위탁 청소 서비스,0.706,1.12,False,False,0,
위탁자청산서비스,tgl_Latn,Mga Serbisyong Paglilinis sa Mga Tagapangalaga,관리자 청소 서비스,0.556,1.25,False,False,0,
위탁증거금,vie_Latn,Khoản ký quỹ ủy thác,위탁기금,0.667,0.8,False,False,0,
위탁회사,vie_Latn,Công ty ủy thác,위탁회사,1.0,1.0,False,False,0,
위험프리미엄,ind_Latn,Premi risiko,위험 프리미엄,0.923,1.17,False,False,0,
위험프리미엄,tha_Thai,ค่าพรีเมียมความเสี่ยง,리스크 프리미엄,0.571,1.33,False,False,0,
위험프리미엄,tgl_Latn,Ang risgo premium,위험 프리미엄,0.923,1.17,False,False,0,
유가증권,vie_Latn,Chứng khoán,증권,0.667,0.5,False,False,0,
유가증권,tha_Thai,หลักทรัพย์,증권,0.667,0.5,False,False,0,
유가증권 현송,vie_Latn,Chuyển nhượng chứng khoán,증권 양도,0.5,0.71,False,False,0,
유동성,ind_Latn,Likuiditas,유동성,1.0,1.0,False,False,0,
유동성,tgl_Latn,Liquidity,유동성,1.0,1.0,False,False,0,
유동성위험,vie_Latn,Rủi ro thanh khoản,유동성 위험,0.909,1.2,False,False,0,
유동성위험,ind_Latn,Risiko likuiditas,유동성 위험,0.909,1.2,False,False,0,
유동성위험,tgl_Latn,Panganib sa likididad,유동성 위험,0.909,1.2,False,False,0,
유동화 중개기관,vie_Latn,Tổ chức trung gian chứng khoán hóa,증권 중개 기관,0.625,1.0,False,False,0,
유동화 중개기관,ind_Latn,Lembaga perantara sekuritisasi,증권 중개 기관,0.625,1.0,False,False,0,
유동화 중개기관,tgl_Latn,Ang mga broker ng liquidity,유동성 중개업자,0.625,1.0,False,False,0,
유럽중앙예탁기관협의회,vie_Latn,Hội đồng các tổ chức lưu ký trung ương châu Âu,중앙 유럽 보관소 협의회,0.5,1.18,False,False,0,
유럽중앙예탁기관협의회,tgl_Latn,Ang Konseho ng mga Central Depository ng Europa,유럽 중앙 보관소 협의,0.609,1.09,False,False,0,
유럽중앙은행,vie_Latn,Ngân hàng Trung ương Châu Âu,유럽 중앙은행,0.923,1.17,False,False,0,
유럽중앙은행,ind_Latn,Bank Sentral Eropa,유럽 중앙은행,0.923,1.17,False,False,0,
유럽중앙은행,tha_Thai,ธนาคารกลางยุโรป,유럽 중앙은행,0.923,1.17,False,False,0,
유럽중앙은행,mya_Mymr,ဥရောပဗဟိုဘဏ်,유럽 중앙은행,0.923,1.17,False,False,0,
유럽중앙은행,tgl_Latn,Ang European Central Bank,유럽 중앙은행,0.923,1.17,False,False,0,
유럽통화단위,vie_Latn,Đơn vị tiền tệ châu Âu,유럽 통화 단위,0.857,1.33,False,False,0,
유럽통화단위,ind_Latn,Satuan Mata Uang Eropa,유럽 통화 단위,0.857,1.33,False,False,0,
유럽통화단위,tha_Thai,หน่วยเงินยุโรป,유럽 통화,0.727,0.83,False,False,0,
유럽통화단위,tgl_Latn,Ang European Monetary Union,유럽 통화 연합,0.571,1.33,False,False,0,
유럽통화제도,vie_Latn,Hệ thống tiền tệ châu Âu,유럽 통화 시스템,0.533,1.5,False,False,0,
유럽통화제도,ind_Latn,Sistem Mata Uang Eropa,유럽 통화 시스템,0.533,1.5,False,False,0,
유럽통화제도,tgl_Latn,Ang European Monetary System ay,유럽 통화 시스템은,0.5,1.67,False,False,0,
유럽형 옵션,vie_Latn,Tùy chọn kiểu châu Âu,유럽식 선택,0.5,1.0,False,False,0,
유럽형 옵션,ind_Latn,Opsi Gaya Eropa,유럽식 옵션,0.833,1.0,False,False,0,
유로달러,vie_Latn,Eurodollar,유로 달러,0.889,1.25,False,False,0,
유로달러,ind_Latn,Eurodollar,유로 달러,0.889,1.25,False,False,0,
유로달러,tha_Thai,ยูโรดอลลาร์,유로 달러,0.889,1.25,False,False,0,
유로달러,mya_Mymr,ယူရိုဒေါ်လာ,유로 달러,0.889,1.25,False,False,0,
유로달러,tgl_Latn,Euro dolyar,유로 달러,0.889,1.25,False,False,0,
유로머니,vie_Latn,Euromoney,유로 머니,0.889,1.25,False,False,0,
유로머니,ind_Latn,Euromoney,유로 머니,0.889,1.25,False,False,0,
유로머니,tha_Thai,Euromoney,유로 머니,0.889,1.25,False,False,0,
유로머니,mya_Mymr,ယူရိုငွေ။,유로입니다.,0.6,1.5,False,False,0,
유로머니,tgl_Latn,Ang euro.,유로입니다.,0.6,1.5,False,False,0,
유로시장,vie_Latn,Thị trường Euro,유로 시장,0.889,1.25,False,False,0,
유로시장,ind_Latn,Pasar Euro,유로 시장,0.889,1.25,False,False,0,
유로시장,tha_Thai,ตลาดยูโร,유로 시장,0.889,1.25,False,False,0,
유로시장,mya_Mymr,ယူရိုစျေးကွက်,유로 시장,0.889,1.25,False,False,0,
유로시장,tgl_Latn,Ang merkado ng euro,유로 시장,0.889,1.25,False,False,0,
유로통화,vie_Latn,Đồng Euro,유로,0.667,0.5,False,False,0,
유로통화,ind_Latn,Mata uang euro,유로 통화,0.889,1.25,False,False,0,
유로통화,tha_Thai,ยูโร,유로,0.667,0.5,False,False,0,
유로통화,mya_Mymr,ယူရိုငွေကြေး,유로화폐,0.75,1.0,False,False,0,
유보율,vie_Latn,Tỷ lệ dự trữ,양보율,0.667,1.0,False,False,0,
유지증거금,vie_Latn,Khoản ký quỹ duy trì,유지보수 보증금,0.615,1.6,False,False,0,
유지증거금,ind_Latn,Jaminan pemeliharaan,유지보수 보증,0.5,1.4,False,False,0,
유지청구권,vie_Latn,Quyền yêu cầu duy trì,유지를 요구하는 권리,0.5,2.2,False,False,0,
유치권,ind_Latn,Hak retensi,유출권,0.667,1.0,False,False,0,
유치권,tha_Thai,สิทธิยึดหน่วง,영유권,0.667,1.0,False,False,0,
유통DR,vie_Latn,DR trong lĩnh vực phân phối,유통 분야에서 DR,0.571,2.5,False,False,0,
유통시장,vie_Latn,Thị trường phân phối,유통 시장,0.889,1.25,False,False,0,
유통시장,ind_Latn,Pasar distribusi,유통 시장,0.889,1.25,False,False,0,
유통시장,tha_Thai,ตลาดค้าปลีก,소매시장,0.5,1.0,False,False,0,
유통시장,mya_Mymr,ဖြန့်ဖြူးရေး စျေးကွက်,유통시장,1.0,1.0,False,False,0,
유통시장,tgl_Latn,Mga merkado ng pamamahagi,유통 시장,0.889,1.25,False,False,0,
의결권,mya_Mymr,ဆုံးဖြတ်ပိုင်ခွင့်,의사결정권,0.75,1.67,False,False,0,
의결권,tgl_Latn,Karapatang Magpasya,의사결정권,0.75,1.67,False,False,0,
의결권 대리인,vie_Latn,Người đại diện bỏ phiếu,투표 대리인,0.615,0.86,False,False,0,
의결권 대리인,ind_Latn,Wakil pemegang hak suara,투표권을 가진 대리인,0.556,1.57,False,False,0,
의결권 대리인,mya_Mymr,ရွေးချယ်ခွင့် ကိုယ်စားလှယ်ပါ။,선택의 대리인입니다.,0.556,1.57,False,False,0,
의결권행사의 제한,tha_Thai,ข้อจำกัดในการใช้สิทธิลงเสียง,투표권 제한,0.533,0.67,False,False,0,
의결권행사의 제한,mya_Mymr,ဆုံးဖြတ်ချက်ချသူတွေရဲ့ ကန့်သတ်ချက်,의사결정자의 한계,0.556,1.0,False,False,0,
의결권행사의 제한,tgl_Latn,Mga Limitasyon ng mga Nagpapasiya,의사결정자의 한계,0.556,1.0,False,False,0,
이익배당,vie_Latn,Chia cổ tức,배당,0.667,0.5,False,False,0,
이익배당,ind_Latn,Pembagian Laba,이익의 분배,0.6,1.5,False,False,0,
이익배당,mya_Mymr,အကျိုးအမြတ် ခွဲဝေခြင်း။,이익의 분배.,0.545,1.75,False,False,0,
이익참가부사채,tgl_Latn,Mga utang sa pakinabang,이익의 부채,0.615,0.86,False,False,0,
이자 계산일수,mya_Mymr,အတိုးကို တွက်ချက်ပါ။,이자를 계산하세요.,0.588,1.43,False,False,0,
이자소득,mya_Mymr,အတိုးငွေ,이자,0.667,0.5,False,False,0,
이자율위험,tha_Thai,ความเสี่ยงจากอัตราดอกเบี้ย,이자율의 위험성,0.769,1.6,False,False,0,
이자율위험,mya_Mymr,အတိုးနှုန်း အန္တရာယ်ပါ။,이자율 위험입니다.,0.667,2.0,False,False,0,
이중과세,ind_Latn,Pajak ganda,이중 조세,0.667,1.25,False,False,0,
이체수수료,ind_Latn,Biaya transfer,이적료,0.5,0.6,False,False,0,
이체취소,ind_Latn,Pembatalan Transfer,이송 취소,0.667,1.25,False,False,0,
이표채,mya_Mymr,ဒီတံဆိပ်က,이 상표는,0.5,1.67,False,False,0,
익일자금결제,ind_Latn,Penyelesaian dana hari berikutnya,다음 날 자금 결제,0.5,1.67,False,False,0,
인덱세이션,ind_Latn,Indeksasi,인덱싱,0.5,0.6,False,False,0,
인덱세이션,mya_Mymr,အညွှန်းကိန်းပေးခြင်း,인덱싱,0.5,0.6,False,False,0,
인덱세이션,tgl_Latn,Ang indexation,인덱싱,0.5,0.6,False,False,0,
인덱스펀드,ind_Latn,Reksa Dana Indeks,인덱스 펀드,0.909,1.2,False,False,0,
인도형 repo,vie_Latn,Hợp đồng repo kiểu Ấn Độ,인도형 리포,0.571,0.75,False,False,0,
인수단,ind_Latn,Tim Akuisisi,인수팀,0.667,1.0,False,False,0,
인터넷 인수업자,vie_Latn,Nhà cung cấp dịch vụ Internet,인터넷 서비스 제공자,0.526,1.38,False,False,0,
인터넷 인수업자,ind_Latn,Penyedia layanan internet,인터넷 서비스 제공자,0.526,1.38,False,False,0,
인터넷 인수업자,mya_Mymr,အင်တာနက် ဝယ်ယူသူ,인터넷 구매자,0.667,0.88,False,False,0,
인터넷 인수업자,tgl_Latn,Ang Internet Acquirer,인터넷 구매자,0.667,0.88,False,False,0,
인터페이스,vie_Latn,Giao diện,인터페이스,1.0,1.0,False,False,0,
인터페이스,ind_Latn,Antarmuka,인터페이스,1.0,1.0,False,False,0,
인터페이스,tha_Thai,อินเทอร์เฟซ,인터페이스,1.0,1.0,False,False,0,
인터페이스,mya_Mymr,ကြားခံစနစ်,인터페이스,1.0,1.0,False,False,0,
인터페이스,tgl_Latn,Ang interface,인터페이스,1.0,1.0,False,False,0,
인트라넷,vie_Latn,Intranet,인트라넷,1.0,1.0,False,False,0,
인트라넷,ind_Latn,Intranet,인트라넷,1.0,1.0,False,False,0,
인트라넷,tha_Thai,อินทราเน็ต,인터넷,0.571,0.75,False,False,0,
인트라넷,tgl_Latn,Intranet,인터넷,0.571,0.75,False,False,0,
일반균형이론,vie_Latn,Lý thuyết cân bằng tổng quát,일반 균형 이론,0.857,1.33,False,False,0,
일반균형이론,ind_Latn,Teori Keseimbangan Umum,일반 균형 이론,0.857,1.33,False,False,0,
일반균형이론,mya_Mymr,ယေဘုယျ ညီမျှမှု သီအိုရီက,일반 방정식 이론은,0.5,1.67,False,False,0,
일반균형이론,tgl_Latn,Ang pangkalahatang teorya ng balanse.,일반 균형 이론,0.857,1.33,False,False,0,
일반담보물,tha_Thai,หลักประกันทั่วไป,일반 보험,0.6,1.0,False,False,0,
일방매매확인,vie_Latn,Xác nhận giao dịch đơn phương,일방적인 거래 확인,0.5,1.67,False,False,0,
일방매매확인,ind_Latn,Konfirmasi Transaksi Sepihak,일방적인 거래 확인,0.5,1.67,False,False,0,
일방매매확인,tha_Thai,การยืนยันธุรกรรมแบบฝ่ายเดียว,일방적인 거래 확인,0.5,1.67,False,False,0,
일방매매확인,mya_Mymr,တစ်ဖက်သတ် ရောင်းချမှု အတည်ပြုချက်။,일방적인 판매 확인입니다.,0.5,2.33,False,False,0,
일방연계방식,vie_Latn,Phương thức liên kết một chiều,단방향 연결 방식,0.533,1.5,False,False,0,
일본증권결제회사,vie_Latn,Công ty Thanh toán Chứng khoán Nhật Bản,일본 증권 결제 회사,0.842,1.38,False,False,0,
일본증권결제회사,ind_Latn,Perusahaan Kliring Sekuritas Jepang,일본 증권 청산 회사,0.632,1.38,False,False,0,
일본증권결제회사,tha_Thai,บริษัทเคลียร์ริ่งหลักทรัพย์ญี่ปุ่น,일본 증권 청산 회사,0.632,1.38,False,False,0,
일본증권결제회사,tgl_Latn,Hapon Securities Resolution Company,일본 증권 결제 회사,0.842,1.38,False,False,0,
일본증권보관대체기구,vie_Latn,Tổ chức lưu ký chứng khoán thay thế của Nhật Bản,일본의 대안 증권 보관소,0.522,1.3,False,False,0,
일본증권보관대체기구,ind_Latn,Lembaga Penyimpanan Sekuritas Alternatif Jepang,일본 대안 증권 보관소,0.545,1.2,False,False,0,
일일차감,ind_Latn,Pengurangan harian,일일 마감,0.667,1.25,False,False,0,
일임매매,tgl_Latn,Araw-araw,매일매일,0.5,1.0,False,False,0,
임시주주총회,vie_Latn,Đại hội cổ đông bất thường,비정상적인 주주총회,0.5,1.67,False,False,0,
임시주주총회,ind_Latn,Rapat Umum Pemegang Saham Luar Biasa,비범한 주주총회,0.571,1.33,False,False,0,
임시주주총회,tha_Thai,การประชุมผู้ถือหุ้นวิสามัญ,주주총회,0.8,0.67,False,False,0,
임시주주총회,mya_Mymr,ယာယီ ရှယ်ယာရှင်များ အစည်းအဝေး,임시 주주총회,0.923,1.17,False,False,0,
임시주주총회,tgl_Latn,Ang pansamantalang pulong ng mga shareholder,임시 주주총회,0.923,1.17,False,False,0,
임의준비금,tgl_Latn,Ang arbitrary reserve,임의의 자금,0.545,1.2,False,False,0,
임퓨테이션,tgl_Latn,Imputasyon,임푸테이션,0.8,1.0,False,False,0,
자동호가전달시스템,vie_Latn,Hệ thống chuyển giao số hiệu tự động,자동 번호 전송 시스템,0.667,1.33,False,False,0,
자동호가전달시스템,ind_Latn,Sistem Pengiriman Surat Otomatis,자동 메일 전송 시스템,0.571,1.33,False,False,0,
자동호가전달시스템,tha_Thai,ระบบส่งที่อยู่อัตโนมัติ,자동 위치 전송 시스템,0.571,1.33,False,False,0,
자동호가전달시스템,mya_Mymr,အလိုအလျောက် ဓာတ်အားပေးစနစ်။,자동 충전 시스템입니다.,0.545,1.44,False,False,0,
자동호가전달시스템,tgl_Latn,Automatic na sistema ng pagmamaneho.,자동 운전 시스템,0.667,1.0,False,False,0,
자본금,vie_Latn,Vốn điều lệ,헌법 자본,0.5,1.67,False,False,0,
자본금,ind_Latn,Modal disetor,모금자금,0.571,1.33,False,False,0,
자본시장,vie_Latn,Thị trường vốn,자본 시장,0.889,1.25,False,False,0,
자본시장,ind_Latn,Pasar Modal,자본시장,1.0,1.0,False,False,0,
자본시장,tha_Thai,ตลาดทุน,자본시장,1.0,1.0,False,False,0,
자본시장,mya_Mymr,အရင်းရှင်စျေးကွက်,자본시장,1.0,1.0,False,False,0,
자본시장,tgl_Latn,Ang merkado ng kapital,자본 시장,0.889,1.25,False,False,0,
자본시장선,vie_Latn,Thị trường vốn,자본 시장,0.8,1.0,False,False,0,
자본시장선,ind_Latn,Pasar Modal,자본시장,0.889,0.8,False,False,0,
자본시장선,tha_Thai,ฝ่ายตลาดทุน,자본시장,0.889,0.8,False,False,0,
자본시장선,tgl_Latn,Ang mga merkado ng kapital,자본시장,0.889,0.8,False,False,0,
자본이득,ind_Latn,Keuntungan modal,자본이익,0.75,1.0,False,False,0,
자본이익계획,vie_Latn,Kế hoạch lợi nhuận vốn,자본 수익 계획,0.714,1.33,False,False,0,
자본이익계획,ind_Latn,Rencana Keuntungan Modal,자본 수익 계획,0.714,1.33,False,False,0,
자본이익계획,tha_Thai,แผนกำไรจากทุน,투자 수익 계획,0.571,1.33,False,False,0,
자본이익계획,mya_Mymr,ရင်းနှီးမြှုပ်နှံမှု အကျိုးအမြတ် အစီအစဉ်,투자 수익 계획,0.571,1.33,False,False,0,
자본이익계획,tgl_Latn,Capital Profit Planning,자본 이익 계획,0.857,1.33,False,False,0,
자본잉여금,vie_Latn,Thặng dư vốn,자금 잉여,0.6,1.0,False,False,0,
자본잉여금,ind_Latn,Surplus Modal,자본 잉여,0.8,1.0,False,False,0,
자본자산가격결정모형,vie_Latn,Mô hình xác định giá tài sản vốn,자본 자산의 가격을 결정하는 모델,0.643,1.8,False,False,0,
자본자산가격결정모형,ind_Latn,Model Penentuan Harga Aset Modal,자본 자산 가격 결정 모델,0.75,1.4,False,False,0,
자본자산가격결정모형,mya_Mymr,ရင်းနှီးမြှုပ်နှံမှု အရင်းအမြစ် စျေးနှုန်း ဆုံးဖြတ်မှု ပုံစံ,투자자본 가격 결정 모델,0.609,1.3,False,False,0,
자본자산가격결정모형,tgl_Latn,Modelo ng pagpapasya sa presyo ng kapital,자본 가격 결정 모델,0.667,1.1,False,False,0,
자본준비금,vie_Latn,Quỹ dự trữ vốn,자본보유기금,0.545,1.2,False,False,0,
자산담보부증권,vie_Latn,Chứng khoán được bảo đảm bằng tài sản,자산보증증권,0.769,0.86,False,False,0,
자산담보부증권,ind_Latn,Surat Utang Beragun Aset,자산을 담은 채권,0.5,1.29,False,False,0,
자산운용회사,vie_Latn,Công ty quản lý tài sản,자산 관리 회사,0.571,1.33,False,False,0,
자산운용회사,ind_Latn,Perusahaan Pengelola Aset,자산 관리 회사,0.571,1.33,False,False,0,
자산운용회사,tha_Thai,บริษัทจัดการสินทรัพย์,자산 관리 회사,0.571,1.33,False,False,0,
자산운용회사,tgl_Latn,Kumpanya ng asset management,자산 관리 회사,0.571,1.33,False,False,0,
자산의 유동화,ind_Latn,Likuidasi aset,자산 청산,0.5,0.71,False,False,0,
자산의 유동화,tgl_Latn,Liquidity ng mga asset,자산의 유동성,0.857,1.0,False,False,0,
자산재평가,vie_Latn,Đánh giá lại tài sản,재산을 재평가합니다,0.533,2.0,False,False,0,
자산재평가,ind_Latn,Penilaian Kembali Aset,재산 재평가,0.727,1.2,False,False,0,
자산재평가,tha_Thai,การประเมินมูลค่าสินทรัพย์ใหม่,새로운 자산 평가,0.571,1.8,False,False,0,
자산재평가,mya_Mymr,အရင်းအမြစ် အကဲဖြတ်မှု,자원의 평가,0.545,1.2,False,False,0,
자산재평가,tgl_Latn,Mga asset assessment,자산 평가,0.8,1.0,False,False,0,
자산주,vie_Latn,Cổ phiếu tài sản,자산 주식,0.75,1.67,False,False,0,
자산주,ind_Latn,Saham aset,자산 주식,0.75,1.67,False,False,0,
자율규제기관,vie_Latn,Cơ quan tự quản,자치 기관,0.545,0.83,False,False,0,
자율규제기관,ind_Latn,Lembaga Pengatur Mandiri,자율조정기구,0.5,1.0,False,False,0,
자율규제기관,tgl_Latn,Ang Autonomous Regulatory Agency,자치 규제 기관,0.714,1.33,False,False,0,
자전거래,mya_Mymr,စက်ဘီးပါ။,자전거입니다.,0.545,1.75,False,False,0,
잔액인수,ind_Latn,Pengambilalihan saldo,잔액 인수,0.889,1.25,False,False,0,
잔존가액,tgl_Latn,Mga natitirang halaga,잔액,0.667,0.5,False,False,0,
장기채,vie_Latn,Trái phiếu dài hạn,장기채권,0.857,1.33,False,False,0,
장기채,ind_Latn,Obligasi jangka panjang,장기채권,0.857,1.33,False,False,0,
장기채,tha_Thai,พันธบัตรระยะยาว,장기채권,0.857,1.33,False,False,0,
장외거래,ind_Latn,Transaksi di luar bursa,외환 거래,0.667,1.25,False,False,0,
장외결제,tha_Thai,การชำระบัญชีแบบไม่ผ่านตลาด,비시장 결제,0.6,1.5,False,False,0,
장외시장,ind_Latn,Pasar di luar bursa,외환시장,0.75,1.0,False,False,0,
장외시장,mya_Mymr,ပြင်ပစျေးကွက်,해외 시장,0.667,1.25,False,False,0,
장외시장,tgl_Latn,Ang outdoor market.,야외 시장.,0.6,1.5,False,False,0,
재정가격결정이론,vie_Latn,Lý thuyết xác định giá tài chính,금융 가격 결정 이론,0.632,1.38,False,False,0,
재정가격결정이론,tha_Thai,ทฤษฎีการกำหนดราคาทางการเงิน,금융 가격 결정 이론,0.632,1.38,False,False,0,
재정가격결정이론,mya_Mymr,ဘဏ္ဍာရေးဆိုင်ရာ ဆုံးဖြတ်ချက်တွေက,재정적 결정은,0.533,0.88,False,False,0,
재투자위험,vie_Latn,Rủi ro tái đầu tư,재투자 위험,0.909,1.2,False,False,0,
재투자위험,ind_Latn,Risiko Reinvestasi,재투자 위험,0.909,1.2,False,False,0,
재투자위험,tha_Thai,ความเสี่ยงจากการลงทุนซ้ำ,재투자의 위험성,0.769,1.6,False,False,0,
재투자위험,mya_Mymr,ပြန်လည် ရင်းနှီးမြှုပ်နှံမှု အန္တရာယ်,재투자 위험,0.909,1.2,False,False,0,
재투자위험,tgl_Latn,Ang panganib ng muling pamumuhunan,재투자 위험,0.909,1.2,False,False,0,
적격증권,vie_Latn,Chứng khoán đủ điều kiện,자격증,0.571,0.75,False,False,0,
적격증권,ind_Latn,Surat berharga yang memenuhi syarat,자격증,0.571,0.75,False,False,0,
적격증권,tgl_Latn,Mga sertipiko ng kakayahan,자격증,0.571,0.75,False,False,0,
전미증권업협회,vie_Latn,Hiệp hội Chứng khoán Toàn quốc Hoa Kỳ,미국 증권협회,0.714,1.0,False,False,0,
전미증권업협회,ind_Latn,Asosiasi Industri Sekuritas Amerika Serikat,미국 증권 산업 협회,0.667,1.57,False,False,0,
전업주의,vie_Latn,Chủ nghĩa chuyên nghiệp,전문주의,0.75,1.0,False,False,0,
전자공시제도,tgl_Latn,Ang mga elektronikong pampublikong sistema,전자 공공 시스템,0.533,1.5,False,False,0,
전자매매확인,vie_Latn,Xác nhận giao dịch điện tử,전자 거래 확인,0.571,1.33,False,False,0,
전자매매확인,ind_Latn,Konfirmasi Transaksi Elektronik,전자 거래 확인,0.571,1.33,False,False,0,
전자매매확인,tha_Thai,การยืนยันธุรกรรมทางอิเล็กทรอนิกส์,전자 거래 확인,0.571,1.33,False,False,0,
전자매매확인,mya_Mymr,အီလက်ထရောနစ် အရောင်းအဝယ် အတည်ပြုချက်,전자적인 거래 확인,0.5,1.67,False,False,0,
전자증권,vie_Latn,Chứng khoán điện tử,전자증권,1.0,1.0,False,False,0,
전자증권,ind_Latn,Surat berharga elektronik,전자증권,1.0,1.0,False,False,0,
전환주식,vie_Latn,Cổ phiếu chuyển đổi,교환 주식,0.667,1.25,False,False,0,
전환주식,tha_Thai,หุ้นแปลงสภาพ,주식환경,0.5,1.0,False,False,0,
점유개정형 repo,vie_Latn,Repo kiểu sửa đổi quyền sở hữu,소유권 개정 repo,0.762,1.1,False,False,0,
제3시장,vie_Latn,Thị trường thứ ba,제3시장,1.0,1.0,False,False,0,
제3시장,ind_Latn,Pasar Ketiga,제3시장,1.0,1.0,False,False,0,
제3시장,tha_Thai,ตลาดที่สาม,제3시장,1.0,1.0,False,False,0,
제4시장,vie_Latn,Chợ số 4,4번 시장,0.667,1.25,False,False,0,
제4시장,ind_Latn,Pasar ke-4,4번 시장,0.667,1.25,False,False,0,
제로베타 포트폴리오,vie_Latn,Danh mục đầu tư ZeroBeta,제로베타 투자 목록,0.5,1.0,False,False,0,
제로베타 포트폴리오,ind_Latn,Portofolio ZeroBeta,제로베타 포트폴리오,1.0,1.0,False,False,0,
제로베타 포트폴리오,tha_Thai,พอร์ตโฟลิโอ ZeroBeta,제로베타 포트폴리오,1.0,1.0,False,False,0,
제로베타 포트폴리오,tgl_Latn,Ang Jerobeta Portfolio,제로베타 포트폴리오,1.0,1.0,False,False,0,
제로쿠폰채,mya_Mymr,Zero Coupon ဆိုတာက,제로 쿠폰은,0.727,1.2,False,False,0,
조건부보관계좌,vie_Latn,Tài khoản tiết kiệm có điều kiện,조건부 저축 계좌,0.625,1.29,False,False,0,
조건부보관계좌,ind_Latn,Rekening Tabungan Bersyarat,조건부 저축 계좌,0.625,1.29,False,False,0,
조건부보관계좌,tha_Thai,บัญชีการเก็บรักษาตามเงื่อนไข,조건부 보관 계좌,0.875,1.29,False,False,0,
조건부보관계좌,tgl_Latn,Mga account ng kondisyunal na pangangalaga,조건부 관리 계좌,0.75,1.29,False,False,0,
종합주가지수,vie_Latn,Chỉ số chứng khoán tổng hợp,종합 증권 지수,0.571,1.33,False,False,0,
종합주가지수,ind_Latn,Indeks Saham Gabungan,합동 주식 지수,0.571,1.33,False,False,0,
주가수익비율,ind_Latn,Rasio Harga terhadap Laba,가격과 이익의 비율,0.5,1.67,False,False,0,
주가수익비율,tha_Thai,อัตราส่วนราคาต่อกำไร,가격/이익 비율,0.571,1.33,False,False,0,
주가수익비율,mya_Mymr,အစုရှယ်ယာ အမြတ်နှုန်း,주식 수익률,0.5,1.0,False,False,0,
주가이동평균선,vie_Latn,Đường trung bình động giá cổ phiếu,주식 가격의 이동 평균,0.632,1.71,False,False,0,
주가이동평균선,tha_Thai,ค่าเฉลี่ยเคลื่อนที่ของราคาหุ้น,주식 가격의 이동 평균입니다.,0.522,2.29,False,False,0,
주가지수,vie_Latn,Chỉ số chứng khoán,주식 지수,0.667,1.25,False,False,0,
주가지수,ind_Latn,Indeks Saham,주식 지수,0.667,1.25,False,False,0,
주가지수선물거래,vie_Latn,Giao dịch hợp đồng tương lai chỉ số chứng khoán,주식 지수 선물 거래,0.737,1.38,False,False,0,
주가지수선물거래,ind_Latn,Perdagangan Kontrak Berjangka Indeks Saham,주식 지수 선물 거래,0.737,1.38,False,False,0,
주가평균,mya_Mymr,ပြည်နယ် ပျမ်းမျှက,주 평균은,0.667,1.25,False,False,0,
주간사회사,vie_Latn,Lịch sử xã hội hàng tuần,주간 사회 역사,0.769,1.6,False,False,0,
주간사회사,ind_Latn,Sejarah Sosial Mingguan,주간 사회 역사,0.769,1.6,False,False,0,
주간사회사,tha_Thai,ประวัติศาสตร์สังคมรายสัปดาห์,주간 사회 역사,0.769,1.6,False,False,0,
주간사회사,mya_Mymr,အပတ်စဉ် လူမှုရေးဝန်ထမ်း,매주 사회복지사,0.615,1.6,False,False,0,
주권기번호,vie_Latn,Số hiệu cờ chủ quyền,주권 깃발 번호,0.615,1.6,False,False,0,
주권기번호,ind_Latn,Nomor Bendera Kedaulatan,주권 깃발 번호,0.615,1.6,False,False,0,
주권기번호,mya_Mymr,အချုပ်အခြာအာဏာ နံပါတ်။,주권 제1호,0.545,1.2,False,False,0,
주권수령증,tha_Thai,ใบรับรองการรับหุ้น,주식 인수증서,0.5,1.4,False,False,0,
주권수령증,mya_Mymr,အချုပ်အခြာအာဏာ,주권,0.571,0.4,False,False,0,
주당 순자산가치,vie_Latn,Giá trị tài sản ròng trên mỗi cổ phiếu,주식당 순자산 가치,0.889,1.25,False,False,0,
주당 순자산가치,ind_Latn,Nilai aset bersih per saham,주식당 순자산 가치,0.889,1.25,False,False,0,
주당 순자산가치,tha_Thai,มูลค่าสินทรัพย์สุทธิต่อหุ้น,주식당 자산가치,0.875,1.0,False,False,0,
주당순이익,vie_Latn,Lợi nhuận ròng trên mỗi cổ phiếu,주식당 순이익,0.833,1.4,False,False,0,
주당순이익,ind_Latn,Laba Bersih per Saham,당주 당기순이익,0.769,1.6,False,False,0,
주당순자산비율,vie_Latn,Tỷ lệ tài sản ròng trên mỗi cổ phiếu,주식당 순자산 비율,0.824,1.43,False,False,0,
주당순자산비율,ind_Latn,Rasio Nilai Aktiva Bersih per Saham,주식당 순자산가치 비율,0.737,1.71,False,False,0,
주당순자산비율,tgl_Latn,Per capita na net asset ratio,1인당 순자산 비율,0.706,1.43,False,False,0,
주식발행차액,vie_Latn,Chênh lệch phát hành cổ phiếu,주식 발행 마이너스,0.5,1.67,False,False,0,
주식발행차액,ind_Latn,Selisih penerbitan saham,주식 발행 차이,0.714,1.33,False,False,0,
주식배당,vie_Latn,Cổ tức bằng cổ phiếu,주식 배당금,0.8,1.5,False,False,0,
주식배당,ind_Latn,Dividen saham,주식 배당,0.889,1.25,False,False,0,
주식병합,vie_Latn,Sáp nhập cổ phiếu,주식 합병,0.667,1.25,False,False,0,
주식병합,ind_Latn,Penggabungan Saham,주식 합병,0.667,1.25,False,False,0,
주식병합,tha_Thai,การรวมหุ้น,주식 합병,0.667,1.25,False,False,0,
주식병합,mya_Mymr,ရှယ်ယာစုစည်းမှု။,주식 집합.,0.6,1.5,False,False,0,
주식병합,tgl_Latn,Ang mga stock corporation,주식회사,0.5,1.0,False,False,0,
주식분할,vie_Latn,Chia tách cổ phiếu,주식 분할,0.889,1.25,False,False,0,
주식분할,ind_Latn,Pemecahan Saham,주식 분할,0.889,1.25,False,False,0,
주식분할,tha_Thai,การแบ่งหุ้น,주식분할,1.0,1.0,False,False,0,
주식소각,mya_Mymr,အစုရှယ်ယာ,주식,0.667,0.5,False,False,0,
주식의 공유,vie_Latn,Chia sẻ cổ phiếu,주식 공유,0.909,0.83,False,False,0,
주식의 공유,ind_Latn,Pembagian Saham,주식 분할,0.545,0.83,False,False,0,
주식의 공유,tha_Thai,การแบ่งปันหุ้น,주식 공유,0.909,0.83,False,False,0,
주식의 공유,mya_Mymr,ရှယ်ယာ မျှဝေခြင်း,주식 공유,0.909,0.83,False,False,0,
주식청약,mya_Mymr,အစုရှယ်ယာ ရှင်းလင်းခြင်း,주식 청산,0.667,1.25,False,False,0,
주식형투자신탁,vie_Latn,Quỹ đầu tư cổ phiếu,주식투자펀드,0.615,0.86,False,False,0,
주식형투자신탁,mya_Mymr,အစုရှယ်ယာ ရင်းနှီးမြှုပ်နှံမှု,주식 투자,0.667,0.71,False,False,0,
주식형투자신탁,tgl_Latn,Ang stock investment trust.,주식투자기금은,0.571,1.0,False,False,0,
주주권,vie_Latn,Quyền của cổ đông,주주들의 권리,0.6,2.33,False,False,0,
주주권,ind_Latn,Hak pemegang saham,주주들의 권리,0.6,2.33,False,False,0,
주주권,tha_Thai,สิทธิของผู้ถือหุ้น,주주들의 권리,0.6,2.33,False,False,0,
주주권,tgl_Latn,Soberanyo,주권,0.8,0.67,False,False,0,
주주명부폐쇄,ind_Latn,Penutupan Daftar Pemegang Saham,지주자 명단 폐쇄,0.533,1.5,False,False,0,
주주명부폐쇄,tha_Thai,การปิดทะเบียนผู้ถือหุ้น,주주 등록을 폐쇄,0.533,1.5,False,False,0,
주주제안제도,vie_Latn,Chế độ đề xuất của cổ đông,주주 제안 체제,0.714,1.33,False,False,0,
주주제안제도,ind_Latn,Sistem Usulan Pemegang Saham,주주 제안 시스템,0.533,1.5,False,False,0,
주주제안제도,tha_Thai,โครงการข้อเสนอจากผู้ถือหุ้น,주주들의 제안서,0.571,1.33,False,False,0,
주주총회,vie_Latn,Đại hội cổ đông,주주총회,1.0,1.0,False,False,0,
주주총회,ind_Latn,Rapat Umum Pemegang Saham,주주총회,1.0,1.0,False,False,0,
주주총회,tha_Thai,การประชุมสามัญประจำปี,연례총회,0.5,1.0,False,False,0,
주주총회,mya_Mymr,ရှယ်ယာရှင်များ အစည်းအဝေး,주주총회,1.0,1.0,False,False,0,
주주총회,tgl_Latn,Kapulungan ng mga Shareholder,주주총회,1.0,1.0,False,False,0,
주주총회 참석장,vie_Latn,Giấy mời tham dự Đại hội đồng cổ đông,주주총회 초청서,0.625,1.0,False,False,0,
주주총회 참석장,ind_Latn,Surat Undangan Rapat Umum Pemegang Saham,주주총회 초청서,0.625,1.0,False,False,0,
주주총회 참석장,mya_Mymr,ရှယ်ယာရှင်များ အစည်းအဝေး တက်ရောက်သူ,주주총회 참석자,0.875,1.0,False,False,0,
주주총회 참석장,tgl_Latn,Pangulo ng Kapulungan ng mga Shareholder,주주총회 의장,0.8,0.88,False,False,0,
주주평등의 원칙,vie_Latn,Nguyên tắc bình đẳng giữa các cổ đông,주주들의 평등의 원칙,0.842,1.38,False,False,0,
주주평등의 원칙,ind_Latn,Prinsip Kesetaraan Pemegang Saham,주주 평등의 원칙,0.941,1.12,False,False,0,
주주평등의 원칙,tha_Thai,หลักการความเท่าเทียมของผู้ถือหุ้น,주주 평등의 원칙,0.941,1.12,False,False,0,
주주평등의 원칙,tgl_Latn,Prinsipyo ng Kapantay-pantay ng Shareholder,주주 평등 원칙,0.875,1.0,False,False,0,
준점유,tha_Thai,การถือครองแบบกึ่ง,반 점유,0.571,1.33,False,False,0,
준회원,vie_Latn,Thành viên liên kết,연계 회원,0.5,1.67,False,False,0,
준회원,ind_Latn,Anggota Asosiasi,협회 회원,0.5,1.67,False,False,0,
중·동유럽 중앙예탁기관협의회,vie_Latn,Hội đồng các tổ chức lưu ký trung ương Trung và Đông Âu,중앙 및 동유럽 중앙 보관소 협의회,0.647,1.27,False,False,0,
중·동유럽 중앙예탁기관협의회,mya_Mymr,ဗဟိုအရှေ့ဥရောပ ဗဟိုစီမံခန့်ခွဲရေးကောင်စီ,중앙동부 유럽 중앙집행위원회,0.533,1.0,False,False,0,
중·동유럽 중앙예탁기관협의회,tgl_Latn,Konseho ng Central at Silangang Europa ng mga Central Depository,중앙 및 동유럽 중앙 보관소 협의회,0.647,1.27,False,False,0,
중간배당,vie_Latn,Cổ tức giữa kỳ,중간 배당금,0.8,1.5,False,False,0,
중간배당,ind_Latn,Pembagian dividen interim,중간 배당금,0.8,1.5,False,False,0,
중개회사,vie_Latn,Công ty môi giới,중개회사,1.0,1.0,False,False,0,
중개회사,ind_Latn,Perusahaan perantara,중개회사,1.0,1.0,False,False,0,
증거금,vie_Latn,Tiền ký quỹ,보증금,0.667,1.0,False,False,0,
증거금,ind_Latn,Uang jaminan,보증금,0.667,1.0,False,False,0,
증거금,tgl_Latn,Mga ebidensiya,증거,0.8,0.67,False,False,0,
증거증권,tgl_Latn,Mga katibayan,증거,0.667,0.5,False,False,0,
증권거래법,vie_Latn,Luật Giao dịch Chứng khoán,증권거래법,1.0,1.0,False,False,0,
증권거래법,tgl_Latn,Batas sa Stock Exchange,증권거래소 법,0.833,1.4,False,False,0,
증권거래세,vie_Latn,Thuế giao dịch chứng khoán,증권 거래 세금,0.769,1.6,False,False,0,
증권거래세,ind_Latn,Pajak Transaksi Sekuritas,증권 거래 세금,0.769,1.6,False,False,0,
증권거래준비금,vie_Latn,Quỹ dự phòng giao dịch chứng khoán,증권거래준비기금,0.933,1.14,False,False,0,
증권거래준비금,ind_Latn,Cadangan untuk Transaksi Sekuritas,증권 거래에 대한 보증금,0.5,1.86,False,False,0,
증권공동 온라인시스템,vie_Latn,Hệ thống trực tuyến chung về chứng khoán,일반 온라인 증권 시스템,0.583,1.18,False,False,0,
증권공동 온라인시스템,ind_Latn,Sistem Online Bersama untuk Sekuritas,보안을 위한 온라인 공동 시스템,0.5,1.55,False,False,0,
증권공동 온라인시스템,tha_Thai,ระบบหลักทรัพย์ออนไลน์ร่วม,온라인 공유자본 시스템,0.522,1.09,False,False,0,
증권공동 온라인시스템,tgl_Latn,Ang stock exchange online na sistema,증권 거래소 온라인 시스템,0.72,1.27,False,False,0,
증권금융,vie_Latn,Tài chính chứng khoán,증권 금융,0.889,1.25,False,False,0,
증권금융,ind_Latn,Pembiayaan Sekuritas,증권 금융,0.889,1.25,False,False,0,
증권대위,vie_Latn,Quyền đại diện chứng khoán,증권 대리권,0.6,1.5,False,False,0,
증권대위,ind_Latn,Subrogasi sekuritas,유가증권 대리,0.545,1.75,False,False,0,
증권분석사,vie_Latn,Chuyên viên phân tích chứng khoán,증권 분석 전문가,0.571,1.8,False,False,0,
증권분석사,ind_Latn,Analis Sekuritas,증권 분석가,0.727,1.2,False,False,0,
증권선물위원회,vie_Latn,Ủy ban Chứng khoán và Hợp đồng Tương lai,증권 및 선물위원회,0.824,1.43,False,False,0,
증권선물위원회,ind_Latn,Komisi Sekuritas dan Berjangka,증권선물위원회,1.0,1.0,False,False,0,
증권선물위원회,mya_Mymr,စတော့အိတ်ချိန်းကော်မတီ,증권거래위원회.,0.667,1.14,False,False,0,
증권시장,ind_Latn,Pasar Sekuritas,증권 시장,0.889,1.25,False,False,0,
증권시장선,ind_Latn,Di pasar sekuritas,증권 시장에서,0.667,1.4,False,False,0,
증권용지 관리번호,vie_Latn,Số quản lý giấy chứng khoán,증권 관리자 번호,0.778,1.0,False,False,0,
증권용지 관리번호,ind_Latn,Nomor Pengelolaan Kertas Sekuritas,증권 관리 번호,0.824,0.89,False,False,0,
증권용지 관리번호,tha_Thai,หมายเลขการจัดการเอกสารหลักทรัพย์,증권 거래소 번호,0.556,1.0,False,False,0,
증권용지 관리번호,tgl_Latn,Ang numero ng pamamahala ng securities.,증권 관리자 번호,0.778,1.0,False,False,0,
증권유통금융,vie_Latn,Tài chính phân phối chứng khoán,증권 유통 금융,0.857,1.33,False,False,0,
증권유통금융,ind_Latn,Perdagangan Sekuritas dan Keuangan,증권 거래와 금융,0.533,1.5,False,False,0,
증권자본주의,vie_Latn,Chủ nghĩa tư bản chứng khoán,증권 자본주의,0.923,1.17,False,False,0,
증권자본주의,ind_Latn,Kapitalisme Sekuritas,증권 자본주의,0.923,1.17,False,False,0,
증권자본주의,tha_Thai,ระบบทุนนิยมหลักทรัพย์,자본주의,0.8,0.67,False,False,0,
증권자본주의,mya_Mymr,စက္ကူ အရင်းရှင်ဝါဒ,종이자본주의,0.667,1.0,False,False,0,
증권자본주의,tgl_Latn,Ang kapitalista sa securities,증권 자본가,0.667,1.0,False,False,0,
증권투자신탁,vie_Latn,Quỹ đầu tư chứng khoán,증권 투자 기금,0.571,1.33,False,False,0,
증권투자신탁,ind_Latn,Reksa Dana Investasi Sekuritas,증권 투자 펀드,0.571,1.33,False,False,0,
증권특성선,vie_Latn,Đặc điểm chứng khoán,증권의 특징,0.545,1.2,False,False,0,
증권특성선,ind_Latn,Garis Karakteristik Sekuritas,증권의 특성 라인업,0.533,2.0,False,False,0,
증권특성선,tgl_Latn,Mga katangian ng securities,증권의 특징,0.545,1.2,False,False,0,
증권화 현상,vie_Latn,Hiện tượng chứng khoán hóa,증권화 현상,1.0,1.0,False,False,0,
증권화 현상,ind_Latn,Fenomena sekuritisasi,증권화 현상,1.0,1.0,False,False,0,
증권화 현상,tgl_Latn,Pangyayari ng securitization,증권화 현상,1.0,1.0,False,False,0,
증권회사 역외펀드,vie_Latn,Quỹ đầu tư ngoài lãnh thổ của công ty chứng khoán,주식회사의 해외투자펀드,0.571,1.33,False,False,0,
증권회사 역외펀드,ind_Latn,Dana luar negeri perusahaan sekuritas,해외 증권 회사 펀드,0.7,1.22,False,False,0,
지방채,vie_Latn,Trái phiếu địa phương,지방 채권,0.75,1.67,False,False,0,
지방채,ind_Latn,Obligasi daerah,지역 채권,0.5,1.67,False,False,0,
지방채,mya_Mymr,အဆီတွေ,지방.,0.667,1.0,False,False,0,
지방채,tgl_Latn,Ang mga taba,지방,0.8,0.67,False,False,0,
지배주주,vie_Latn,Cổ đông chi phối,지배적인 주주,0.727,1.75,False,False,0,
지배주주,ind_Latn,Pemegang saham pengendali,지배적인 주주,0.727,1.75,False,False,0,
지분법,tgl_Latn,Mga Batas ng Paghahati,분할법칙,0.571,1.33,False,False,0,
지수법,vie_Latn,Phương pháp chỉ số,지수 방법,0.75,1.67,False,False,0,
지시증권,vie_Latn,Chứng khoán chỉ định,지명 증권,0.667,1.25,False,False,0,
지정가주문,vie_Latn,Lệnh đặt giá cố định,고정 가격 주문,0.615,1.6,False,False,0,
지정가주문,ind_Latn,Pesanan dengan Harga Tertentu,정해진 가격으로 주문,0.5,2.2,False,False,0,
지정가주문,tha_Thai,คำสั่งซื้อแบบจำกัด,한정된 주문,0.545,1.2,False,False,0,
지정시점결제시스템,vie_Latn,Hệ thống thanh toán theo thời điểm chỉ định,정해진 시간에 결제 시스템,0.609,1.56,False,False,0,
지정시점결제시스템,tha_Thai,ระบบการชำระเงินตามกำหนด,정해진 결제 시스템,0.632,1.11,False,False,0,
지주회사,vie_Latn,Công ty mẹ,모회사,0.571,0.75,False,False,0,
지주회사,ind_Latn,Perusahaan induk,주식회사,0.75,1.0,False,False,0,
지주회사,tha_Thai,บริษัทโฮลดิ้ง,지주회사,1.0,1.0,False,False,0,
지주회사,tgl_Latn,Ang Holding Company,지주회사,1.0,1.0,False,False,0,
지체보상금,tha_Thai,ค่าชดเชยเนื่องจากความล่าช้า,지연 보상,0.6,1.0,False,False,0,
직접공시,tgl_Latn,Pampublikong direktang,직접 공개,0.667,1.25,False,False,0,
직접금융,vie_Latn,Tài chính trực tiếp,직접 금융,0.889,1.25,False,False,0,
직접금융,ind_Latn,Pembiayaan langsung,직접 자금 지원,0.5,2.0,False,False,0,
직접금융,tgl_Latn,Direkta na pinansiyal,직접적인 금융,0.727,1.75,False,False,0,
직접점유,vie_Latn,Sở hữu trực tiếp,직접 소유,0.667,1.25,False,False,0,
직접점유,tha_Thai,การครอบครองโดยตรง,직접적인 소유,0.545,1.75,False,False,0,
직접참가자,vie_Latn,Người tham gia trực tiếp,직접 참여자,0.727,1.2,False,False,0,
직접참가자,ind_Latn,Peserta langsung,직접 참여,0.6,1.0,False,False,0,
직접참가자,tha_Thai,ผู้เข้าร่วมโดยตรง,직접적인 참여자,0.615,1.6,False,False,0,
직접투자,vie_Latn,Đầu tư trực tiếp,직접 투자,0.889,1.25,False,False,0,
직접투자,ind_Latn,Investasi Langsung,직접 투자,0.889,1.25,False,False,0,
직접투자,tha_Thai,การลงทุนโดยตรง,직접 투자입니다.,0.615,2.25,False,False,0,
직접투자,mya_Mymr,တိုက်ရိုက် ရင်းနှီးမြှုပ်နှံမှု။,직접 투자입니다.,0.615,2.25,False,False,0,
질권자,vie_Latn,Người nhận thế chấp,채권자,0.667,1.0,False,False,0,
질권자,ind_Latn,penerima hak gadai,유가수권자,0.5,1.67,False,False,0,
집단경쟁매매,mya_Mymr,အုပ်စုလိုက် ပြိုင်ဆိုင်မှု,집단 경쟁,0.727,0.83,False,False,0,
집중결제,vie_Latn,Thanh toán tập trung,집중결제,1.0,1.0,False,False,0,
집중결제,ind_Latn,Pembayaran Terpusat,중앙 결제,0.667,1.25,False,False,0,
차변이체 또는 추심시스템,vie_Latn,Hệ thống chuyển khoản hoặc thu nợ,송금 또는 채권 시스템,0.56,0.92,False,False,0,
차변이체 또는 추심시스템,ind_Latn,Sistem debitur atau sistem penagihan,채권자 또는 부과자 시스템,0.519,1.08,False,False,0,
차변이체 또는 추심시스템,tgl_Latn,Pagbabago ng mga variable o mga sistema ng pag-iingat,변수 또는 보호 시스템 변경,0.571,1.15,False,False,0,
차익거래,vie_Latn,Giao dịch chênh lệch giá,가격 차이 거래,0.5,2.0,False,False,0,
참가적우선주,tgl_Latn,Participatory na mga priority,참여적 우선순위,0.571,1.33,False,False,0,
창고증권,vie_Latn,Chứng khoán kho hàng,창고 증권,0.889,1.25,False,False,0,
창고증권,tgl_Latn,Mga sertipiko ng imbakan,창고 인증서,0.6,1.5,False,False,0,
창립총회,vie_Latn,Đại hội thành lập,창립총회,1.0,1.0,False,False,0,
창립총회,ind_Latn,Rapat Umum Pendirian,설립총회,0.75,1.0,False,False,0,
창립총회,mya_Mymr,တည်ထောင်ရေး အစည်းအဝေး,창립 회의,0.667,1.25,False,False,0,
창업비,ind_Latn,Biaya pendirian usaha,창업 비용,0.75,1.67,False,False,0,
채권가격지수,vie_Latn,Chỉ số giá trái phiếu,채권 가격 지수,0.857,1.33,False,False,0,
채권가격지수,ind_Latn,Indeks Harga Obligasi,채권 가격 인덱스,0.533,1.5,False,False,0,
채권가격지수,tha_Thai,ดัชนีราคาพันธบัตร,채권 가격 지표,0.714,1.33,False,False,0,
채권가격지수,mya_Mymr,ကြွေးမြီ စျေးနှုန်း အညွှန်းကိန်း,부채 가격 지수,0.714,1.33,False,False,0,
채권가격지수,tgl_Latn,Ang index ng presyo ng mga bono,채권 가격 지수,0.857,1.33,False,False,0,
채권등급평가,vie_Latn,Đánh giá xếp hạng tín dụng,신용등급 평가,0.615,1.17,False,False,0,
채권등급평가,ind_Latn,Penilaian Peringkat Obligasi,채권 등급 평가,0.857,1.33,False,False,0,
채권등급평가,tha_Thai,การประเมินอันดับเครดิต,신용등급 평가,0.615,1.17,False,False,0,
채권면역전략,vie_Latn,Chiến lược miễn trừ trái phiếu,채권 면제 전략,0.714,1.33,False,False,0,
채권면역전략,ind_Latn,Strategi Imunitas Obligasi,채권 면제 전략,0.714,1.33,False,False,0,
채권면역전략,tha_Thai,กลยุทธ์การยกเว้นหนี้,부채 면제 전략,0.571,1.33,False,False,0,
채권면역전략,mya_Mymr,ကြွေးမြီစျေးကွက် မဟာဗျူဟာ,채권 시장의 전략,0.533,1.5,False,False,0,
채권상장심사기준,tha_Thai,เกณฑ์การจดทะเบียนพันธบัตร,채권 등록 기준,0.5,1.0,False,False,0,
채권선물거래,vie_Latn,Giao dịch hợp đồng tương lai trái phiếu,채권 선물 거래,0.857,1.33,False,False,0,
채권선물거래,ind_Latn,Perdagangan Kontrak Berjangka Obligasi,채권 선물 거래,0.857,1.33,False,False,0,
채권선물거래,tha_Thai,การซื้อขายสัญญาฟิวเจอร์สพันธบัตร,퓨저스 채권 거래,0.533,1.5,False,False,0,
채권선물거래,mya_Mymr,ကြွေးမြီ ရွေးချယ်မှု အရောင်းအဝယ်,채권 옵션 거래,0.571,1.33,False,False,0,
채권수익률,tha_Thai,อัตราผลตอบแทนพันธบัตร,채권 수익률,0.909,1.2,False,False,0,
채권수익률,mya_Mymr,ကြွေးမြီ အမြတ်နှုန်း,부채 수익률,0.727,1.2,False,False,0,
채권수익률,tgl_Latn,Mga rate ng kita sa mga bono,채권 수익률,0.909,1.2,False,False,0,
채권수익률의 기간구조,vie_Latn,Cấu trúc kỳ hạn của lợi suất trái phiếu,채권 수익의 기간 구조,0.87,1.09,False,False,0,
채권수익률의 기간구조,ind_Latn,Struktur Tenor Imbal Hasil Obligasi,채권수익의 텐어 구조,0.727,1.0,False,False,0,
채권수익률의 기간구조,mya_Mymr,ကြွေးမြီ အမြတ်နှုန်းရဲ့ ကာလတည်ဆောက်မှု,부채 수익률의 시간적 구조,0.72,1.27,False,False,0,
채권수익률의 기간구조,tgl_Latn,Ang panandaliang istraktura ng mga rate ng kita sa mga bono,채권 금리 비율의 단기 구조,0.538,1.36,False,False,0,
채권수익률의 위험구조,vie_Latn,Cấu trúc rủi ro của lợi suất trái phiếu,채권 수익의 위험 구조,0.87,1.09,False,False,0,
채권수익률의 위험구조,ind_Latn,Struktur Risiko Imbal Hasil Obligasi,채권 수익의 위험 구조,0.87,1.09,False,False,0,
채권수익률의 위험구조,tha_Thai,โครงสร้างความเสี่ยงของอัตราผลตอบแทนพันธบัตร,채권 수익률의 위험 구조입니다.,0.786,1.55,False,False,0,
채권수익률의 위험구조,mya_Mymr,ကြွေးမြီ အမြတ်နှုန်းရဲ့ အန္တရာယ် တည်ဆောက်မှု,부채 수익률의 위험 구조,0.833,1.18,False,False,0,
채권수익률의 위험구조,tgl_Latn,Ang istraktura ng panganib ng mga rate ng kita ng bono,이자율의 위험 구조,0.571,0.91,False,False,0,
채권시가평가제,vie_Latn,Hệ thống định giá thị trường trái phiếu,채권 시장 평가 시스템,0.526,1.71,False,False,0,
채권시가평가제,ind_Latn,Sistem Penilaian Nilai Pasar Obligasi,채권 시장 가치 평가 시스템,0.545,2.14,False,False,0,
채권시가평가제,mya_Mymr,ကြွေးမြီ စျေးကွက် အကဲဖြတ်သူ,채권시장 평가는,0.667,1.14,False,False,0,
채권시장안정기금,vie_Latn,Quỹ ổn định thị trường trái phiếu,채권시장 안정기금,0.941,1.12,False,False,0,
채권시장안정기금,ind_Latn,Dana Stabilisasi Pasar Obligasi,채권 시장 안정화 기금,0.8,1.5,False,False,0,
채권시장안정기금,tha_Thai,กองทุนรักษาเสถียรภาพตลาดพันธบัตร,채권시장안정기금,1.0,1.0,False,False,0,
채권시장안정기금,tgl_Latn,Ang bond market reinsurance fund,채권 시장 재보험 기금,0.6,1.5,False,False,0,
책임재산,vie_Latn,Tài sản chịu trách nhiệm,책임 있는 자산,0.5,2.0,False,False,0,
책임재산,tha_Thai,สินทรัพย์ที่รับผิดชอบ,책임있는 자산,0.545,1.75,False,False,0,
책임재산,mya_Mymr,တာဝန်ယူမှု,책임감,0.571,0.75,False,False,0,
책임재산,tgl_Latn,Responsibilidad,책임,0.667,0.5,False,False,0,
청산거래,vie_Latn,Giao dịch thanh lý,청산 거래,0.889,1.25,False,False,0,
청산결제시스템,vie_Latn,Hệ thống thanh toán bù trừ,결제 시스템,0.769,0.86,False,False,0,
청산결제시스템,ind_Latn,Sistem Penyelesaian dan Kliring,결제 및 청산 시스템,0.556,1.57,False,False,0,
청산결제시스템,tha_Thai,ระบบการหักบัญชีและชำระบัญชี,회계 및 결제 시스템,0.556,1.57,False,False,0,
청산회사,tha_Thai,บริษัทรับจัดการชำระบัญชี,회계회사,0.5,1.0,False,False,0,
청산회원,mya_Mymr,လွှတ်တော်ကိုယ်စားလှယ်,국회의원,0.5,1.0,False,False,0,
체결시점매매확인 시스템,vie_Latn,Hệ thống xác nhận giao dịch tại thời điểm ký kết,계약 시점의 거래 확인 시스템,0.571,1.33,False,False,0,
체결시점매매확인 시스템,ind_Latn,Sistem Verifikasi Transaksi pada Saat Penandatanganan,서명시 거래 확인 시스템,0.56,1.08,False,False,0,
체결시점매매확인 시스템,tgl_Latn,Mga sistema ng pagpapatunay ng pagbebenta sa oras ng pag-sign up,회원가입 시 판매 확인 시스템,0.571,1.33,False,False,0,
체계적 위험,vie_Latn,Rủi ro hệ thống,시스템적 위험,0.615,1.17,False,False,0,
체계적 위험,ind_Latn,Risiko sistemik,시스템적 위험,0.615,1.17,False,False,0,
체계적 위험,tha_Thai,ความเสี่ยงเชิงระบบ,시스템적 위험성,0.571,1.33,False,False,0,
체계적 위험,mya_Mymr,စနစ်ကျတဲ့ အန္တရာယ်ပါ။,체계적인 위험입니다.,0.706,1.83,False,False,0,
체계적 위험,tgl_Latn,Isang sistematikong panganib,체계적인 위험,0.923,1.17,False,False,0,
최소분산포트폴리오,vie_Latn,Danh mục đầu tư có độ phân tán tối thiểu,최소한의 분산성을 가진 투자 포트폴리오,0.6,2.33,False,False,0,
최소분산포트폴리오,tgl_Latn,Minimum na pamamahagi ng portfolio,최소 포트폴리오 분배,0.7,1.22,False,False,0,
최소증거금,vie_Latn,Số tiền ký quỹ tối thiểu,최소 보증금,0.727,1.2,False,False,0,
최소증거금,tha_Thai,เงินฝากขั้นต่ำ,최소한의 예금,0.5,1.4,False,False,0,
최소증거금,tgl_Latn,Minimum na halaga ng ebidensiya,최소한의 증거,0.667,1.4,False,False,0,
최적포트폴리오,ind_Latn,Portofolio Optimal,최적의 포트폴리오,0.875,1.29,False,False,0,
최적포트폴리오,tha_Thai,พอร์ตโฟลิโอที่เหมาะสมที่สุด,가장 적합한 포트폴리오,0.632,1.71,False,False,0,
최적포트폴리오,tgl_Latn,Pinakamainam na portfolio,최고의 포트폴리오,0.75,1.29,False,False,0,
추가증거금,vie_Latn,Khoản ký quỹ bổ sung,추가 보증금,0.727,1.2,False,False,0,
추가증거금,ind_Latn,Jaminan Tambahan,추가 보증,0.6,1.0,False,False,0,
추가증거금 납부요구,vie_Latn,Yêu cầu nộp thêm tiền ký quỹ,추가 보증금 요청,0.632,0.9,False,False,0,
추가증거금 납부요구,tha_Thai,คำขอชำระเงินหลักประกันเพิ่มเติม,추가 보험금을 요구합니다.,0.5,1.4,False,False,0,
추정이익,tgl_Latn,Ang mga pagtatantya,추정치,0.571,0.75,False,False,0,
추정재무제표,tgl_Latn,Ang mga tinatayang pinansiyal na talaan,추정된 재무 기록,0.533,1.5,False,False,0,
출자인수권,tgl_Latn,Karapatan sa Paglabas,출입권,0.5,0.6,False,False,0,
출자증권,tha_Thai,หลักทรัพย์ประเภทหุ้น,주식증권,0.5,1.0,False,False,0,
충분성,ind_Latn,Kecukupan,충분함,0.667,1.0,False,False,0,
충분성,tha_Thai,ความเพียงพอ,충분함,0.667,1.0,False,False,0,
충분성,mya_Mymr,လုံလောက်မှု။,충분함.,0.571,1.33,False,False,0,
카멜레온펀드,vie_Latn,Quỹ Chameleon,카멜레온 재단,0.615,1.17,False,False,0,
카멜레온펀드,ind_Latn,Kamelon Fund,카멜론 펀드,0.667,1.0,False,False,0,
카멜레온펀드,tha_Thai,กองทุน Chameleon,카멜레온 재단,0.615,1.17,False,False,0,
카멜레온펀드,tgl_Latn,Ang Kameleon Fund.,카멜레온 펀드,0.923,1.17,False,False,0,
컨트리 펀드,ind_Latn,Dana Country,컨트리 펀드,1.0,1.0,False,False,0,
코레스은행,vie_Latn,Ngân hàng Coress,코레스 은행,0.909,1.2,False,False,0,
코레스은행,ind_Latn,Bank Kores,키로스 은행,0.545,1.2,False,False,0,
코리아유로펀드,vie_Latn,Quỹ Korea Euro Fund,한국 유로 펀드,0.533,1.14,False,False,0,
코리아유로펀드,ind_Latn,Korea Euro Fund,한국 유로 펀드,0.533,1.14,False,False,0,
코리아유로펀드,tgl_Latn,Ang korean euro fund,한국 유로 펀드,0.533,1.14,False,False,0,
코스닥,vie_Latn,KOSDAQ,코스닥,1.0,1.0,False,False,0,
코스닥,ind_Latn,KOSDAQ,코스닥,1.0,1.0,False,False,0,
코스닥,tha_Thai,KOSDAQ,코스닥,1.0,1.0,False,False,0,
코스닥,mya_Mymr,ကော့စတိတ်,코스타이트,0.5,1.67,False,False,0,
코스닥,tgl_Latn,Costock,코스토크,0.571,1.33,False,False,0,
코스닥 등록법인,mya_Mymr,Costco မှတ်ပုံတင် ဥပဒေ။,코스트코 등록법입니다.,0.6,1.5,False,False,0,
코스닥 등록법인,tgl_Latn,Ang Cosstock Registration Act.,코스톡 등록법,0.8,0.88,False,False,0,
코스닥 등록주식,vie_Latn,Cổ phiếu niêm yết trên sàn KOSDAQ,코스닥에 상장된 주식,0.632,1.38,False,False,0,
코스닥 등록주식,ind_Latn,Saham yang terdaftar di KOSDAQ,코스닥에 상장된 주식,0.632,1.38,False,False,0,
코스닥 등록주식,tha_Thai,หุ้นที่จดทะเบียนในตลาด KOSDAQ,코스닥에 상장된 주식,0.632,1.38,False,False,0,
코스닥 등록주식,mya_Mymr,Co-Stock မှတ်ပုံတင်ရှယ်ယာ,코스톡 주식,0.714,0.75,False,False,0,
콘탱고,ind_Latn,Contango,콘텐고,0.667,1.0,False,False,0,
콘탱고,tha_Thai,คอนทังโก,콘타고,0.667,1.0,False,False,0,
콘탱고,mya_Mymr,ကွန်တန်ဂို။,콘텐고,0.667,1.0,False,False,0,
콜레이트,vie_Latn,Collate,콜라이트,0.75,1.0,False,False,0,
콜레이트,ind_Latn,Koleat,콜레이트,1.0,1.0,False,False,0,
콜레이트,mya_Mymr,ကိုလက်ရက်။,콜레드,0.571,0.75,False,False,0,
쿠폰부사채,tha_Thai,พันธบัตรชั้นรองที่มีคูปอง,쿠폰이 있는 부채권,0.533,2.0,False,False,0,
타이거펀드,tha_Thai,กองทุนไทเกอร์,타이거 사령관,0.5,1.4,False,False,0,
테크노스트럭처,ind_Latn,Technostructure,테크노구조,0.5,0.71,False,False,0,
토론토선물거래소,vie_Latn,Sàn giao dịch hàng hóa tương lai Toronto,토론토 상품 선물 거래소,0.762,1.62,False,False,0,
토론토선물거래소,ind_Latn,Bursa Berjangka Toronto,토론토 선물 거래소,0.889,1.25,False,False,0,
토론토선물거래소,tha_Thai,ตลาดสัญญาซื้อขายล่วงหน้าโตรอนโต,토론토의 전속 거래소,0.632,1.38,False,False,0,
토론토선물거래소,tgl_Latn,Ang Toronto Stock Exchange.,토론토 증권거래소,0.706,1.12,False,False,0,
토론토증권거래소,vie_Latn,Sở Giao dịch Chứng khoán Toronto,토론토 증권거래소,0.941,1.12,False,False,0,
토론토증권거래소,ind_Latn,Bursa Efek Toronto,토론토 증권 거래소,0.889,1.25,False,False,0,
토론토증권거래소,tha_Thai,ตลาดหลักทรัพย์โตรอนโต,토론토 증권시장,0.625,1.0,False,False,0,
토론토증권거래소,mya_Mymr,တိုရွန်တို စတော့စျေးကွက်။,토론토 증권거래소,0.941,1.12,False,False,0,
토론토증권거래소,tgl_Latn,Ang Toronto Stock Exchange.,토론토 증권거래소,0.941,1.12,False,False,0,
토빈의 분리정리,vie_Latn,Định lý tách biệt của Tobin,토빈의 분리 이론,0.706,1.12,False,False,0,
토빈의 분리정리,ind_Latn,Teorema Pemisahan Tobin,토빈의 분리 정리,0.941,1.12,False,False,0,
토빈의 분리정리,tha_Thai,ทฤษฎีบทการแยกของโทบิน,토빈의 분할성 이론,0.556,1.25,False,False,0,
토빈의 분리정리,mya_Mymr,Tobin ရဲ့ ခွဲခြားမှု နိယာမ။,토빈의 분리 법칙,0.706,1.12,False,False,0,
토빈의 분리정리,tgl_Latn,Ang teorya ng paghihiwalay ni Tobin.,토빈의 분리 이론.,0.667,1.25,False,False,0,
통일상사법,vie_Latn,Luật Thương mại Thống nhất,통일 무역법,0.545,1.2,False,False,0,
통일상사법,ind_Latn,Undang-Undang Perdagangan Bersatu,통일 무역법,0.545,1.2,False,False,0,
통일상사법,tha_Thai,พระราชบัญญัติบริษัทการค้า Unification,통일 무역 회사 법령,0.5,2.2,False,False,0,
통합결제,vie_Latn,Thanh toán tích hợp,통합 결제,0.889,1.25,False,False,0,
통합결제,ind_Latn,Pembayaran Terpadu,통합 결제,0.889,1.25,False,False,0,
통합결제기구협의회,vie_Latn,Hội đồng các tổ chức thanh toán tích hợp,통합 결제 기관 협의회,0.762,1.33,False,False,0,
통합결제기구협의회,ind_Latn,Dewan Organisasi Pembayaran Terpadu,통일결제기구 이사회,0.632,1.11,False,False,0,
통합결제기구협의회,tha_Thai,สภาองค์กรการชำระเงินแบบบูรณาการ,국제결제기구 이사회,0.526,1.11,False,False,0,
통합결제기구협의회,mya_Mymr,တစ်သားတည်း ဖြေရှင်းရေး အဖွဲ့အစည်း ကောင်စီ,통일해결기구 이사회,0.526,1.11,False,False,0,
통합계좌,vie_Latn,Tài khoản tổng hợp,종합계산,0.5,1.0,False,False,0,
통합계좌,ind_Latn,Rekening Terpadu,통합 계좌,0.889,1.25,False,False,0,
통화선물,vie_Latn,Hợp đồng tương lai tiền tệ,화폐 선물 계약,0.5,2.0,False,False,0,
통화선물,ind_Latn,Kontrak Berjangka Mata Uang,화폐 선물 계약,0.5,2.0,False,False,0,
통화선물옵션,vie_Latn,Hợp đồng tương lai và quyền chọn tiền tệ,선물과 통화 옵션,0.533,1.5,False,False,0,
통화선물옵션,ind_Latn,Opsi Berjangka Mata Uang,통화 선물 옵션,0.857,1.33,False,False,0,
통화안정증권,vie_Latn,Trái phiếu ổn định tiền tệ,통화 안정화 채권,0.667,1.5,False,False,0,
통화안정증권,ind_Latn,Surat Utang Stabilisasi Mata Uang,통화 안정화 채권,0.667,1.5,False,False,0,
통화옵션,vie_Latn,Quyền chọn tiền tệ,통화 옵션,0.889,1.25,False,False,0,
통화옵션,ind_Latn,Opsi mata uang,통화 옵션,0.889,1.25,False,False,0,
통화옵션,tha_Thai,ตัวเลือกสกุลเงิน,화폐 옵션,0.667,1.25,False,False,0,
통화옵션,tgl_Latn,Mga pagpipilian sa tawag,통화 옵션,0.889,1.25,False,False,0,
통화지표,vie_Latn,Chỉ số tiền tệ,통화 지수,0.667,1.25,False,False,0,
통화지표,ind_Latn,Indikator moneter,통화 지표,0.889,1.25,False,False,0,
통화채권투자신탁수익증권,vie_Latn,Chứng chỉ quỹ đầu tư trái phiếu tiền tệ,통화 채권 투자 펀드 인증서,0.519,1.25,False,False,0,
투자등록,vie_Latn,Đăng ký đầu tư,투자 등록,0.889,1.25,False,False,0,
투자등록,ind_Latn,Pendaftaran Investasi,투자 등록,0.889,1.25,False,False,0,
투자등록,tha_Thai,การจดทะเบียนการลงทุน,투자 등록,0.889,1.25,False,False,0,
투자등록,mya_Mymr,ရင်းနှီးမြှုပ်နှံမှု မှတ်တမ်း,투자 기록,0.667,1.25,False,False,0,
투자등록,tgl_Latn,Mga talaan ng pamumuhunan,투자 기록,0.667,1.25,False,False,0,
투자신탁협회,vie_Latn,Hiệp hội Quỹ Đầu tư,투자 기금 협회,0.571,1.33,False,False,0,
투자신탁협회,ind_Latn,Asosiasi Perwalian Investasi,투자기탁자 협회,0.714,1.33,False,False,0,
투자신탁협회,tha_Thai,สมาคมกองทุนลงทุน,투자 기금 협회,0.571,1.33,False,False,0,
투자신탁협회,mya_Mymr,ရင်းနှီးမြှုပ်နှံမှု ယုံကြည်မှုအသင်း,투자 자금 협회,0.571,1.33,False,False,0,
투자신탁협회,tgl_Latn,Ang Investment Trust Association.,투자신탁협회,1.0,1.0,False,False,0,
투자자문업,vie_Latn,Hoạt động tư vấn đầu tư,투자 자문 활동,0.615,1.6,False,False,0,
투자자문업,tha_Thai,บริการให้คำปรึกษาด้านการลงทุน,투자 자문 서비스,0.571,1.8,False,False,0,
투자자문업,mya_Mymr,ရင်းနှီးမြှုပ်နှံသူ လုပ်ငန်း,투자자 업계,0.727,1.2,False,False,0,
투자자문업,tgl_Latn,Mga negosyo ng mamumuhunan,투자자의 사업,0.667,1.4,False,False,0,
특별결의,vie_Latn,Nghị quyết đặc biệt,특별 결의,0.889,1.25,False,False,0,
특별결의,ind_Latn,Keputusan Khusus,특별한 결정,0.6,1.5,False,False,0,
특별결의,mya_Mymr,အထူး ဆုံးဖြတ်ချက်,특별한 결정,0.6,1.5,False,False,0,
특별담보물,ind_Latn,Barang Jaminan Khusus,특별 보증품,0.545,1.2,False,False,0,
특별담보물,tha_Thai,หลักประกันพิเศษ,특별보험,0.667,0.8,False,False,0,
특별인출권,vie_Latn,Quyền rút tiền đặc biệt,특별 환불권,0.545,1.2,False,False,0,
특별인출권,ind_Latn,Hak Penarikan Khusus,특별 환불권,0.545,1.2,False,False,0,
특별인출권,tha_Thai,สิทธิการถอนเงินพิเศษ,특별 환불권,0.545,1.2,False,False,0,
파생금융상품,vie_Latn,Các sản phẩm tài chính phái sinh,파생 금융 상품,0.857,1.33,False,False,0,
파생금융상품,ind_Latn,Produk keuangan derivatif,파생 금융 상품,0.857,1.33,False,False,0,
파생금융상품,tha_Thai,เครื่องมือการเงินอนุพันธ์,파생 금융 도구,0.571,1.33,False,False,0,
파생금융상품,tgl_Latn,Mga produkto ng derivative sa pananalapi,금융 파생상품,0.615,1.17,False,False,0,
파생적예금,vie_Latn,Tiền gửi phái sinh,파생물 송금,0.545,1.2,False,False,0,
파생적예금,ind_Latn,Deposito derivatif,파생물 예금,0.727,1.2,False,False,0,
파생적예금,tha_Thai,เงินฝากแบบอนุพันธ์,파생적 예금,0.909,1.2,False,False,0,
파생증권,vie_Latn,Chứng khoán phái sinh,파생증권,1.0,1.0,False,False,0,
파생증권,ind_Latn,Sekuritas derivatif,파생상품,0.5,1.0,False,False,0,
파생증권,tha_Thai,หลักทรัพย์อนุพันธ์,파생상품,0.5,1.0,False,False,0,
파생통화,vie_Latn,Tiền tệ phái sinh,파생화폐,0.75,1.0,False,False,0,
파생통화,ind_Latn,Mata uang turunan,파생화폐,0.75,1.0,False,False,0,
파생통화,tha_Thai,สกุลเงินอนุพันธ์,파생 화폐,0.667,1.25,False,False,0,
패리티,vie_Latn,Parity,패리티,1.0,1.0,False,False,0,
퍼포먼스 펀드,mya_Mymr,စွမ်းဆောင်မှု ရန်ပုံငွေပါ။,퍼포먼스 펀드입니다.,0.778,1.57,False,False,0,
펀드매니저,tha_Thai,ผู้จัดการกองทุน,펀드 매니저,0.909,1.2,False,False,0,
펀드매니저,tgl_Latn,Managers ng pondo.,펀드 매니저들,0.833,1.4,False,False,0,
페니스탁,vie_Latn,PenisTac,피니스택,0.5,1.0,False,False,0,
펠드스타인이론,vie_Latn,Lý thuyết Feldstein,펠드스타인 이론,0.933,1.14,False,False,0,
펠드스타인이론,ind_Latn,Teori Feldstein,펠드스타인 이론,0.933,1.14,False,False,0,
펠드스타인이론,tha_Thai,ทฤษฎีของเฟลด์สไตน์,펠드슈타인의 이론,0.75,1.29,False,False,0,
펠드스타인이론,mya_Mymr,ဒါက Feldstein ပါ။,이건 펠드스타인입니다.,0.526,1.71,False,False,0,
펠드스타인이론,tgl_Latn,Si Feldstein.,펠드스타인,0.833,0.71,False,False,0,
포괄주의,vie_Latn,Chủ nghĩa toàn diện,포괄주의,1.0,1.0,False,False,0,
포괄주의,mya_Mymr,အားလုံးပါဝင်မှုဝါဒ။,포용주의,0.75,1.0,False,False,0,
포뮬러 플랜,ind_Latn,Paket Formula,포뮬러 패키지,0.615,1.17,False,False,0,
포스트,ind_Latn,Posting,포스팅,0.667,1.0,False,False,0,
포스트,tha_Thai,โพสต์,포스트,1.0,1.0,False,False,0,
포스트,tgl_Latn,Nag-post,포스팅,0.667,1.0,False,False,0,
포트폴리오 관리,vie_Latn,Quản lý danh mục đầu tư,포트폴리오 관리,1.0,1.0,False,False,0,
포트폴리오 관리,ind_Latn,Pengelolaan Portofolio,포트폴리오 관리,1.0,1.0,False,False,0,
포트폴리오 관리,tha_Thai,การบริหารพอร์ตโฟลิโอ,포트폴리오 관리,1.0,1.0,False,False,0,
포트폴리오 관리,mya_Mymr,Portfolio စီမံခန့်ခွဲမှု,포트폴리오 관리,1.0,1.0,False,False,0,
포트폴리오 관리,tgl_Latn,Pamamahala ng Portfolio,포트폴리오 관리,1.0,1.0,False,False,0,
포트폴리오 선택,vie_Latn,Lựa chọn danh mục đầu tư,포트폴리오 선택,1.0,1.0,False,False,0,
포트폴리오 선택,ind_Latn,Pemilihan Portofolio,포트폴리오 선택,1.0,1.0,False,False,0,
포트폴리오 선택,tha_Thai,การเลือกพอร์ตโฟลิโอ,포트폴리오 선택,1.0,1.0,False,False,0,
포트폴리오 선택,mya_Mymr,Portfolio ရွေးချယ်မှု,포트폴리오 선택,1.0,1.0,False,False,0,
포트폴리오 선택,tgl_Latn,Pagpipili ng portfolio,포트폴리오 선택,1.0,1.0,False,False,0,
포트폴리오 인슈어런스,vie_Latn,Bảo hiểm danh mục đầu tư,포트폴리오 보험,0.632,0.73,False,False,0,
포트폴리오 인슈어런스,ind_Latn,Asuransi Portofolio,포트폴리오 보험,0.632,0.73,False,False,0,
포트폴리오 인슈어런스,tha_Thai,ประกันพอร์ตโฟลิโอ,포트폴리오 보험,0.632,0.73,False,False,0,
포트폴리오 인슈어런스,tgl_Latn,Ang Portfolio Insurance,포트폴리오 보험,0.632,0.73,False,False,0,
폭포효과,vie_Latn,Hiệu ứng thác nước,폭포 효과,0.889,1.25,False,False,0,
폭포효과,mya_Mymr,ရေတံခွန် သက်ရောက်မှု,폭포 효과,0.889,1.25,False,False,0,
표면이율,ind_Latn,Rasio Permukaan,표면 비율,0.667,1.25,False,False,0,
표면이율,tha_Thai,อัตราการเคลื่อนที่บนพื้นผิว,표면 이동 속도,0.5,2.0,False,False,0,
풀서비스 브로커,ind_Latn,Pialang Layanan Lengkap,전체 서비스 브로커,0.778,1.25,False,False,0,
풀서비스 브로커,tgl_Latn,Isang Full Service Broker,풀 서비스 브로커,0.941,1.12,False,False,0,
풋 옵션,vie_Latn,Quyền chọn bán,판매 옵션,0.667,1.25,False,False,0,
풋 옵션,ind_Latn,Opsi jual,판매 옵션,0.667,1.25,False,False,0,
풋-콜 패리티,ind_Latn,Paritas Put-Call,Put-Call 패리티,0.526,1.71,False,False,0,
프로그램매매,vie_Latn,Giao dịch theo chương trình,프로그램 상거래,0.571,1.33,False,False,0,
프로그램매매,ind_Latn,Perdagangan Program,프로그램 거래,0.615,1.17,False,False,0,
프로그램매매,tgl_Latn,Pagbebenta ng mga programa,프로그램 판매,0.769,1.17,False,False,0,
플라워본드,vie_Latn,Flowerbond,플라워본드,1.0,1.0,False,False,0,
플라워본드,ind_Latn,Flower Bond,플라워 본드,0.909,1.2,False,False,0,
플라워본드,tha_Thai,Flowerbond,플라워본드,1.0,1.0,False,False,0,
플라워본드,mya_Mymr,Flowerbond ပါ။,플라워본드입니다.,0.714,1.8,False,False,0,
플라워본드,tgl_Latn,Ang Flowerbond.,플라워본드,1.0,1.0,False,False,0,
플로어 브로커,tgl_Latn,Ang floor broker.,바닥 브로커,0.615,0.86,False,False,0,
필터기법,vie_Latn,Kỹ thuật lọc,필터링 기술,0.6,1.5,False,False,0,
필터기법,ind_Latn,Teknik penyaringan,필터링 기술,0.6,1.5,False,False,0,
필터기법,tha_Thai,เทคนิคการกรอง,필터링 기술,0.6,1.5,False,False,0,
필터기법,tgl_Latn,Mga pamamaraan ng pag-filter,필터링 방법,0.6,1.5,False,False,0,
핑크 쉬트,tha_Thai,Pink Sheet,핑크 시트,0.8,1.0,False,False,0,
핑크 쉬트,tgl_Latn,Ang pink sheet.,핑크색 시트.,0.667,1.4,False,False,0,
한국선물거래소,vie_Latn,Sàn Giao dịch Hợp đồng Tương lai Hàn Quốc,한국 선물 거래소,0.875,1.29,False,False,0,
한국선물거래소,ind_Latn,Bursa Berjangka Korea,한국 선물 거래소,0.875,1.29,False,False,0,
한국선물거래소,mya_Mymr,ကိုရီးယား လက်ဆောင်စျေးကွက်,한국의 선물 시장,0.5,1.29,False,False,0,
한국선물거래소,tgl_Latn,Ang Korea Gift Exchange,한국 선물 거래소,0.875,1.29,False,False,0,
한국선물협회,vie_Latn,Hiệp hội Hợp đồng Tương lai Hàn Quốc,한국 선물 협회,0.857,1.33,False,False,0,
한국선물협회,ind_Latn,Asosiasi Berjangka Korea,한국 미래협회,0.615,1.17,False,False,0,
한국선물협회,tha_Thai,สมาคมสัญญาซื้อขายล่วงหน้าเกาหลี,조선예약협회,0.5,1.0,False,False,0,
한국선물협회,mya_Mymr,ကိုရီးယား လက်ဆောင်အသင်း,한국 선물 협회,0.857,1.33,False,False,0,
한국선물협회,tgl_Latn,Ang Korea Gift Association,한국 선물 협회,0.857,1.33,False,False,0,
한국예탁증서,vie_Latn,Chứng chỉ lưu ký Hàn Quốc,한국의 증서,0.667,1.0,False,False,0,
한국예탁증서,ind_Latn,Sertifikat Deposito Korea,한국 예금증서,0.769,1.17,False,False,0,
한국예탁증서,tha_Thai,ใบรับฝากหลักทรัพย์เกาหลี,한국 증권증권증서,0.533,1.5,False,False,0,
한국예탁증서,tgl_Latn,Mga dokumento ng Korea,한국 문서,0.545,0.83,False,False,0,
한국자금중개주식회사,vie_Latn,Công ty Cổ phần Môi giới Tài chính Hàn Quốc,한국금융중개사 주식회사,0.818,1.2,False,False,0,
한국자금중개주식회사,ind_Latn,Perusahaan Perseroan Terbatas Korea Fund Brokerage,한국금융중개회사,0.778,0.8,False,False,0,
한국자금중개주식회사,tha_Thai,"บริษัท Korea Financial Intermediary Co., Ltd.",한국금융중개사,0.706,0.7,False,False,0,
한국자금중개주식회사,mya_Mymr,တောင်ကိုရီးယား ရင်းနှီးမြှုပ်နှံမှု အစုရှယ်ယာ ကုမ္ပဏီ,한국 투자 주식회사,0.7,1.0,False,False,0,
한국주택저당금융주식회사,vie_Latn,Công ty Cổ phần Tài chính Thế chấp Nhà ở Hàn Quốc,한국의 주택담보금융지주회사,0.692,1.17,False,False,0,
한국주택저당금융주식회사,tha_Thai,บริษัทการเงินสินเชื่อที่อยู่อาศัยเกาหลี,한국 주택담보대출 회사,0.5,1.0,False,False,0,
한국증권금융주식회사,vie_Latn,Công ty Cổ phần Tài chính Chứng khoán Hàn Quốc,한국보증금융지주회사,0.8,1.0,False,False,0,
한국증권금융주식회사,ind_Latn,Perusahaan Sekuritas dan Keuangan Korea Tbk.,한국보증금융회사 Tbk.,0.609,1.3,False,False,0,
한국증권금융주식회사,tha_Thai,บริษัทการเงินหลักทรัพย์เกาหลี,한국증권금융회사,0.889,0.8,False,False,0,
한국증권금융주식회사,mya_Mymr,တောင်ကိုရီးယား Securities Finance Co.,한국 증권금융회사,0.842,0.9,False,False,0,
한국증권금융주식회사,tgl_Latn,Korea Securities Finance Co.,한국보증금융회사,0.778,0.8,False,False,0,
한국증권대체결제주식회사,vie_Latn,Công ty Cổ phần Thanh toán Thay thế Chứng khoán Hàn Quốc,한국보증대환결제주식회사,0.833,1.0,False,False,0,
한국증권대체결제주식회사,ind_Latn,Perusahaan Pembayaran Alternatif Sekuritas Korea,한국보증 대안 결제회사,0.667,1.0,False,False,0,
한국증권대체결제주식회사,tha_Thai,"บริษัท Korea Securities Alternative Settlement Co., Ltd.",한국보증대안결정회사,0.636,0.83,False,False,0,
한국증권업협회,vie_Latn,Hiệp hội Chứng khoán Hàn Quốc,대한민국 증권협회,0.75,1.29,False,False,0,
한국증권업협회,ind_Latn,Asosiasi Industri Sekuritas Korea,한국보증산업협회,0.8,1.14,False,False,0,
한국증권업협회,tha_Thai,สมาคมหลักทรัพย์เกาหลี,한국증권협회,0.923,0.86,False,False,0,
한국증권업협회,mya_Mymr,ကိုရီးယား စက္ကူလုပ်ငန်းအသင်း,한국 종이공업협회,0.625,1.29,False,False,0,
한국증권업협회,tgl_Latn,Ang Korea Securities Association,한국보증협회,0.769,0.86,False,False,0,
한국증권연구원,vie_Latn,Viện Nghiên cứu Chứng khoán Hàn Quốc,한국보증연구소,0.714,1.0,False,False,0,
한국증권연구원,ind_Latn,Lembaga Penelitian Sekuritas Korea,한국보증연구원,0.857,1.0,False,False,0,
한국증권연구원,tha_Thai,สถาบันวิจัยหลักทรัพย์เกาหลี,한국투자증권연구원,0.875,1.29,False,False,0,
한국증권연구원,mya_Mymr,ကိုရီးယား ငွေစာရင်း သုတေသန အဖွဲ့,한국금융연구소,0.571,1.0,False,False,0,
한국증권연구원,tgl_Latn,Ang Korea Securities Research Institute,한국보증연구소,0.714,1.0,False,False,0,
한국증권전산주식회사,vie_Latn,Công ty Cổ phần Hệ thống Máy tính Chứng khoán Hàn Quốc,한국 증권 컴퓨터 시스템 주식회사,0.571,1.8,False,False,0,
한국증권전산주식회사,ind_Latn,Perusahaan Komputer Sekuritas Korea Tbk.,한국보증컴퓨터 회사,0.5,1.0,False,False,0,
한국증권전산주식회사,mya_Mymr,တောင်ကိုရီးယား ငွေကြေးအိတ်ချိန်း ရှယ်ယာကုမ္ပဏီ,한국 지갑 데이트 주식회사,0.5,1.4,False,False,0,
할인발행,vie_Latn,Phát hành giảm giá,할인 발행,0.889,1.25,False,False,0,
할인상사,ind_Latn,Perusahaan Diskon,할인 회사,0.667,1.25,False,False,0,
할인상사,tgl_Latn,Ang diskwento,할인,0.667,0.5,False,False,0,
할인율,vie_Latn,Tỷ lệ chiết khấu,할인율,1.0,1.0,False,False,0,
할인율,ind_Latn,Tingkat diskon,할인율,1.0,1.0,False,False,0,
할인율,tgl_Latn,Mga diskwento,할인,0.8,0.67,False,False,0,
할인채,vie_Latn,Trái phiếu chiết khấu,할인채권,0.857,1.33,False,False,0,
할인채,ind_Latn,Surat utang diskon,할인된 채권,0.667,2.0,False,False,0,
할인채,tha_Thai,พันธบัตรลดราคา,할인증권,0.571,1.33,False,False,0,
할인채,tgl_Latn,Ang diskwento.,할인.,0.667,1.0,False,False,0,
합병교부금,ind_Latn,Dana Penggabungan,합병금,0.75,0.6,False,False,0,
합병교부금,tgl_Latn,Mga bayad sa pagsasama-sama,합병료,0.5,0.6,False,False,0,
합병기일,vie_Latn,Ngày sáp nhập,합병일,0.857,0.75,False,False,0,
합병기일,ind_Latn,Tanggal penggabungan,합병일,0.857,0.75,False,False,0,
합병기일,tha_Thai,วันที่รวมกิจการ,합병일,0.857,0.75,False,False,0,
합병비율,vie_Latn,Tỷ lệ sáp nhập,합병률,0.571,0.75,False,False,0,
합병비율,ind_Latn,Rasio penggabungan,합병률,0.571,0.75,False,False,0,
합병비율,mya_Mymr,ပေါင်းစပ်မှုနှုန်း,합성율,0.571,0.75,False,False,0,
합병차익,vie_Latn,Lợi nhuận từ sáp nhập,합병 수익,0.667,1.25,False,False,0,
합병차익,tha_Thai,กำไรจากการควบรวมกิจการ,합병의 이익,0.6,1.5,False,False,0,
합산주주,tha_Thai,ผู้ถือหุ้นรวม,총주주,0.571,0.75,False,False,0,
합산주주,tgl_Latn,Ang pinagsamang mga shareholder,합동 주주,0.667,1.25,False,False,0,
해외송금,vie_Latn,Chuyển tiền ra nước ngoài,해외 송금,0.889,1.25,False,False,0,
해외송금,ind_Latn,Transfer uang ke luar negeri,해외 송금,0.889,1.25,False,False,0,
해외송금,mya_Mymr,နိုင်ငံခြားပို့ဆောင်မှု,해외 배송,0.667,1.25,False,False,0,
해외송금 수수료,vie_Latn,Phí chuyển tiền ra nước ngoài,해외 송금,0.615,0.62,False,False,0,
해외송금 수수료,tha_Thai,ค่าธรรมเนียมการโอนเงินระหว่างประเทศ,국제 송금 수수료,0.706,1.12,False,False,0,
해외송금 수수료,tgl_Latn,Mga bayarin sa pagpapadala sa ibang bansa,해외 배송 비용,0.5,1.0,False,False,0,
해외증권,vie_Latn,Chứng khoán nước ngoài,외국 증권,0.667,1.25,False,False,0,
해외증권,ind_Latn,Sekuritas Luar Negeri,해외 증권,0.889,1.25,False,False,0,
해외증권,tha_Thai,หลักทรัพย์ต่างประเทศ,외환 증권,0.667,1.25,False,False,0,
해외증권 관련주식,vie_Latn,Cổ phiếu liên quan đến chứng khoán nước ngoài,외국의 증권과 관련된 주식,0.696,1.56,False,False,0,
해외증권 관련주식,ind_Latn,Saham yang terkait dengan sekuritas luar negeri,외국의 증권과 관련된 주식,0.696,1.56,False,False,0,
해외증권 관련주식,tha_Thai,หุ้นที่เกี่ยวข้องกับหลักทรัพย์ต่างประเทศ,외환 유가증권 관련 주식,0.727,1.44,False,False,0,
해외증권 관련주식,tgl_Latn,Aktibo na may kinalaman sa foreign securities,외환 증권 관련 활동,0.6,1.22,False,False,0,
헤지펀드,ind_Latn,Hedge fund,헤지 펀드,0.889,1.25,False,False,0,
헤지펀드,tha_Thai,กองทุนเฮดจ์,헤지펀드,1.0,1.0,False,False,0,
헤지펀드,mya_Mymr,Hedge Fund တွေပါ။,헤지펀드입니다.,0.667,2.0,False,False,0,
헤지펀드,tgl_Latn,Mga hedge fund.,헤지펀드.,0.889,1.25,False,False,0,
현금관리계좌,vie_Latn,Tài khoản quản lý tiền mặt,현금 관리 계좌,0.857,1.33,False,False,0,
현금관리계좌,ind_Latn,Rekening Pengelolaan Kas,현금회계,0.6,0.67,False,False,0,
현금관리계좌,tha_Thai,บัญชีบริหารเงินสด,현금 관리 계좌,0.857,1.33,False,False,0,
현금관리계좌,tgl_Latn,Mga account ng cash,현금 계좌,0.727,0.83,False,False,0,
현물채,ind_Latn,Obligasi tunai,현금 채권,0.5,1.67,False,False,0,
현물환거래,ind_Latn,Transaksi valuta asing tunai,현금 외환 거래,0.615,1.6,False,False,0,
현선매매,mya_Mymr,လက်ကိုင်ရောင်းချမှု,손매매,0.571,0.75,False,False,0,
현지보관기관,vie_Latn,Cơ quan lưu trữ tại địa phương,현지 기록 기관,0.571,1.33,False,False,0,
호가구동시장,vie_Latn,Chợ Hogagu-dong,호가구동 시장,0.923,1.17,False,False,0,
호가구동시장,ind_Latn,Pasar Hogagu-dong,호가구동 시장,0.923,1.17,False,False,0,
호가구동시장,tha_Thai,ตลาดฮอกากู-ดง,호가쿠동 시장,0.769,1.17,False,False,0,
혼합보관,vie_Latn,Lưu trữ hỗn hợp,혼합 보관,0.889,1.25,False,False,0,
혼합보관,ind_Latn,Penyimpanan campuran,혼합 보관,0.889,1.25,False,False,0,
혼합주,vie_Latn,Rượu pha trộn,혼합 포도주,0.667,2.0,False,False,0,
혼합주,ind_Latn,Minuman campuran,혼합 음료,0.5,1.67,False,False,0,
혼합주,tgl_Latn,Ang halo-halo,혼합물,0.667,1.0,False,False,0,
확정금리부증권,vie_Latn,Chứng khoán có lãi suất cố định,고정금리 증권,0.714,1.0,False,False,0,
확정금리부증권,tha_Thai,หลักทรัพย์อัตราดอกเบี้ยคงที่,고정금리 증권,0.714,1.0,False,False,0,
회사분할,vie_Latn,Tách công ty,회사 분할,0.889,1.25,False,False,0,
회사분할,ind_Latn,Pemisahan Perusahaan,회사 분할,0.889,1.25,False,False,0,
회사분할,tha_Thai,การแยกบริษัท,회사 분할,0.889,1.25,False,False,0,
회사정리법,ind_Latn,Undang-Undang Restrukturisasi Perusahaan,회사 재구성법,0.5,1.4,False,False,0,
회사채,ind_Latn,Obligasi Perusahaan,회사 채권,0.75,1.67,False,False,0,
회사채,tha_Thai,พันธบัตรบริษัท,회사 채권,0.75,1.67,False,False,0,
회사채,tgl_Latn,Mga utang ng kumpanya,회사 부채,0.75,1.67,False,False,0,
회사형 투자신탁,vie_Latn,Quỹ đầu tư kiểu công ty,기업형 투자펀드,0.5,1.0,False,False,0,
회사형 투자신탁,tha_Thai,กองทุนลงทุนของบริษัท,회사 투자 자금,0.625,1.0,False,False,0,
회원증권회사,ind_Latn,Perusahaan sekuritas anggota,회원 증권회사,0.923,1.17,False,False,0,
