sentence_id,ko_source,target_sentence,terms_used,known_term,known_term_matched,category,related_category,identifier_survival_rate,identifier_order_preserved_rate,restore_success_rate,fallback_used,lost_terms,max_suspicion_score,flagged_terms
KO-FIN-00001,가격역지정 주문이 무엇을 의미하나요?,คำสั่งหยุด-จำกัด หมายความว่าอะไร?,가격역지정 주문,가격역지정 주문,True,금융시장·거래,,1.0,1.0,1.0,0,,20,가격역지정 주문
KO-FIN-00005,가격우선의 원칙이 무엇을 의미하나요?,หลักการให้ความสำคัญกับราคา หมายความว่าอะไร?,가격우선의 원칙,가격우선의 원칙,True,금융시장·거래,,1.0,1.0,1.0,0,,40,가격우선의 원칙
KO-FIN-00009,가격제한폭이 무엇을 의미하나요?,ช่วงราคาสูงสุดและต่ำสุด หมายความว่าอะไร?,가격제한폭,가격제한폭,True,금융시장·거래,,1.0,1.0,1.0,0,,50,가격제한폭
KO-FIN-00014,가교은행에서 이용할 수 있는 금융업무는 무엇인가요?,มีบริการทางการเงินใดบ้างที่ ธนาคารสะพาน?,가교은행,가교은행,True,금융기관·은행,,1.0,1.0,1.0,0,,20,가교은행
KO-FIN-00019,가산금리에 대해 상담받고 싶습니다.,ผมต้องการหารือเกี่ยวกับ อัตราดอกเบี้ยเพิ่มเติม,가산금리,가산금리,True,대출,,1.0,1.0,1.0,0,,40,가산금리
KO-FIN-00022,가쇄 처리 절차를 확인하고 싶습니다.,ผมต้องการตรวจสอบขั้นตอนการดำเนินการสำหรับ ล็อค,가쇄,가쇄,True,증권·예탁,금융법규·감독,1.0,1.0,1.0,0,,70,가쇄
KO-FIN-00026,가압류의 조건과 수익 구조를 확인하고 싶습니다.,ผมต้องการตรวจสอบเงื่อนไขและโครงสร้างรายได้ของ ไฟล์แนบ,가압류,가압류,True,채권,,1.0,1.0,1.0,0,,40,가압류
KO-FIN-00029,가중주가평균이 무엇인지 설명해 주세요.,โปรดอธิบายว่า ค่าเฉลี่ยเคลื่อนที่ถ่วงน้ำหนัก คืออะไร,가중주가평균,가중주가평균,True,주식,금융시장·거래,1.0,1.0,1.0,0,,40,가중주가평균
KO-FIN-00033,간사단이 무엇인지 설명해 주세요.,โปรดอธิบายว่า คณะกรรมการอำนวยการ คืออะไร,간사단,간사단,True,증권·예탁,,1.0,1.0,1.0,0,,20,간사단
KO-FIN-00038,간사회사 처리 절차를 확인하고 싶습니다.,ผมต้องการตรวจสอบขั้นตอนการดำเนินการสำหรับ คณะกรรมการจัดงาน,간사회사,간사회사,True,증권·예탁,금융기관·은행,1.0,1.0,1.0,0,,40,간사회사
KO-FIN-00043,간접공시 때문에 추가로 확인해야 할 사항이 있나요?,มีข้อใดเพิ่มเติมที่จำเป็นต้องตรวจสอบเกี่ยวกับ การเปิดเผยข้อมูลแบบอ้อม หรือไม่?,간접공시,간접공시,True,금융법규·감독,금융시장·거래,1.0,1.0,1.0,0,,40,간접공시
KO-FIN-00044,간접공시의 적용 범위는 관련 법령과 규정에 따라 달라질 수 있습니다.,ขอบเขตการนำไปใช้ของ การเปิดเผยข้อมูลแบบอ้อม อาจแตกต่างกันไปขึ้นอยู่กับกฎหมายและกฎระเบียบที่เกี่ยวข้อง,간접공시,간접공시,True,금융법규·감독,금융시장·거래,1.0,1.0,1.0,0,,40,간접공시
KO-FIN-00046,간접금융에서 이용할 수 있는 금융업무는 무엇인가요?,มีบริการทางการเงินใดบ้างที่ การเงินทางอ้อม?,간접금융,간접금융,True,금융기관·은행,,1.0,1.0,1.0,0,,0,
KO-FIN-00049,간접모집이 무엇인지 설명해 주세요.,กรุณาอธิบายว่า การรับสมัครแบบไม่โดยตรง คืออะไร,간접모집,간접모집,True,증권·예탁,,1.0,1.0,1.0,0,,40,간접모집
KO-FIN-00054,간접발행을 이용하려면 어떤 조건이 필요한가요?,เกณฑ์การมีสิทธิ์ในการใช้ การออกหุ้นแบบไม่โดยตรง คืออะไร?,간접발행,간접발행,True,기업금융·자본조달,,1.0,1.0,1.0,0,,50,간접발행
KO-FIN-00055,간접발행과 관련된 비용과 절차를 확인하고 싶습니다.,ผมต้องการตรวจสอบค่าใช้จ่ายและขั้นตอนที่เกี่ยวข้องกับ การออกหุ้นแบบไม่โดยตรง,간접발행,간접발행,True,기업금융·자본조달,,1.0,1.0,1.0,0,,50,간접발행
KO-FIN-00058,간접점유 처리 절차를 확인하고 싶습니다.,ผมต้องการตรวจสอบขั้นตอนการดำเนินการสำหรับ การถือครองทางอ้อม,간접점유,간접점유,True,증권·예탁,법률·계약 / 금융법규·감독,1.0,1.0,1.0,0,,20,간접점유
KO-FIN-00064,간접참가자를 확인할 때 시장 상황과 거래 조건을 함께 살펴보세요.,เมื่อวิเคราะห์ ผู้เข้าร่วมแบบไม่โดยตรง ให้แน่ใจว่าได้พิจารณาถึงสภาพตลาดและเงื่อนไขการซื้อขายด้วย,간접참가자,간접참가자,True,금융시장·거래,,1.0,1.0,1.0,0,,0,
KO-FIN-00066,간주 처리 절차를 확인하고 싶습니다.,ผมต้องการตรวจสอบขั้นตอนการดำเนินการสำหรับ ถือว่า,간주,간주,True,증권·예탁,,1.0,1.0,1.0,0,,80,간주
KO-FIN-00069,감리대상종목이 무엇을 의미하나요?,รายการที่อยู่ภายใต้การกำกับดูแล หมายความว่าอะไร?,감리대상종목,감리대상종목,True,금융시장·거래,,1.0,1.0,1.0,0,,40,감리대상종목
KO-FIN-00073,감자차익이 무엇인지 설명해 주세요.,กรุณาอธิบายว่า การเก็งกำไรจากความแตกต่างของราคาของมันฝรั่ง คืออะไร,감자차익,감자차익,True,주식,,1.0,1.0,1.0,0,,50,감자차익
KO-FIN-00077,감채기금이 무엇인지 설명해 주세요.,โปรดอธิบายว่า กองทุนบรรเทาหนี้ คืออะไร,감채기금,감채기금,True,채권,,1.0,1.0,1.0,0,,0,
KO-FIN-00081,감채기금부채권이 무엇인지 설명해 주세요.,กรุณาอธิบายว่า หลักทรัพย์หนี้ที่มีกองทุนไถ่ถอนเป็นหลักประกัน คืออะไร,감채기금부채권,감채기금부채권,True,채권,,1.0,1.0,1.0,0,,40,감채기금부채권
KO-FIN-00085,강세장이 무엇을 의미하나요?,ตลาดขาขึ้น หมายความว่าอะไร?,강세장,강세장,True,금융시장·거래,,1.0,1.0,1.0,0,,50,강세장
KO-FIN-00090,강제매수와 관련된 시장 정보를 확인하고 싶습니다.,ผมต้องการตรวจสอบข้อมูลตลาดที่เกี่ยวข้องกับ การเวนคืน,강제매수,강제매수,True,금융시장·거래,,1.0,1.0,1.0,0,,40,강제매수
KO-FIN-00095,개발신탁에 가입하기 전에 어떤 점을 확인해야 하나요?,ควรตรวจสอบอะไรก่อนสมัคร มูลนิธิพัฒนา?,개발신탁,개발신탁,True,펀드·신탁,,1.0,1.0,1.0,0,,20,개발신탁
KO-FIN-00098,개방식 담보사채의 조건과 수익 구조를 확인하고 싶습니다.,ผมต้องการตรวจสอบเงื่อนไขและโครงสร้างรายได้ของ พันธบัตรที่มีหลักประกันแบบเปิด,개방식 담보사채,개방식 담보사채,True,채권,,1.0,1.0,1.0,0,,40,개방식 담보사채
KO-FIN-00104,개방형 리포의 적용 여부는 계약 내용과 관련 법령을 확인해야 합니다.,เพื่อกำหนดว่า รายงานแบบเปิด มีผลบังคับใช้หรือไม่ คุณต้องตรวจสอบเนื้อหาของ สัญญา และกฎหมายที่เกี่ยวข้อง,개방형 리포;계약,개방형 리포,True,법률·계약,,1.0,1.0,1.0,0,,50,개방형 리포;계약
KO-FIN-00107,개방형 투자신탁에 가입하기 전에 어떤 점을 확인해야 하나요?,ควรตรวจสอบอะไรก่อนสมัคร กองทุนลงทุนแบบเปิด?,개방형 투자신탁,개방형 투자신탁,True,펀드·신탁,자산운용·투자,1.0,1.0,1.0,0,,20,개방형 투자신탁
KO-FIN-00111,개별결제 과정에서 문제가 발생한 것 같습니다.,ดูเหมือนว่าเกิดปัญหาในกระบวนการ การชำระเงินแบบรายบุคคล,개별결제,개별결제,True,지급결제·청산,,1.0,1.0,1.0,0,,0,
KO-FIN-00114,개별경쟁매매와 관련된 시장 정보를 확인하고 싶습니다.,ผมต้องการตรวจสอบข้อมูลตลาดที่เกี่ยวข้องกับ การซื้อขายแบบแข่งขันส่วนบุคคล,개별경쟁매매,개별경쟁매매,True,금융시장·거래,,1.0,1.0,1.0,0,,0,
KO-FIN-00117,개시증거금이 무엇인지 쉽게 설명해 주세요.,โปรดอธิบายด้วยคำง่ายๆ ว่า เงินประกันเริ่มต้น คืออะไร,개시증거금,개시증거금,True,파생상품,,1.0,1.0,1.0,0,,40,개시증거금
KO-FIN-00121,거래량비율이 무엇을 의미하나요?,อัตราส่วนปริมาณ หมายความว่าอะไร?,거래량비율,거래량비율,True,금융시장·거래,,1.0,1.0,1.0,0,,0,
KO-FIN-00125,거래량회전율이 무엇을 의미하나요?,อัตราการลาออก หมายความว่าอะไร?,거래량회전율,거래량회전율,True,금융시장·거래,,1.0,1.0,1.0,0,,40,거래량회전율
KO-FIN-00129,거래성립률이 무엇을 의미하나요?,อัตราความสำเร็จของธุรกรรม หมายความว่าอะไร?,거래성립률,거래성립률,True,금융시장·거래,,1.0,1.0,1.0,0,,20,거래성립률
KO-FIN-00133,거래소 시장이 무엇을 의미하나요?,ตลาดแลกเปลี่ยน หมายความว่าอะไร?,거래소 시장,거래소 시장,True,금융시장·거래,,1.0,1.0,1.0,0,,0,
KO-FIN-00137,거래소 회원이 무엇을 의미하나요?,สมาชิก Exchange หมายความว่าอะไร?,거래소 회원,거래소 회원,True,금융시장·거래,,1.0,1.0,1.0,0,,40,거래소 회원
KO-FIN-00142,거래취소와 관련된 시장 정보를 확인하고 싶습니다.,ผมต้องการตรวจสอบข้อมูลตลาดที่เกี่ยวข้องกับ การยกเลิกธุรกรรม,거래취소,거래취소,True,금융시장·거래,지급결제·청산,1.0,1.0,1.0,0,,40,거래취소
KO-FIN-00146,건설이자와 관련된 정보를 확인하고 싶습니다.,ผมต้องการตรวจสอบข้อมูลที่เกี่ยวข้องกับ ความสนใจด้านก่อสร้าง,건설이자,건설이자,True,주식,,1.0,1.0,1.0,0,,50,건설이자
KO-FIN-00149,겐사끼시장이 무엇을 의미하나요?,ตลาดเกนซากิ หมายความว่าอะไร?,겐사끼시장,겐사끼시장,True,금융시장·거래,,1.0,1.0,1.0,0,,40,겐사끼시장
KO-FIN-00154,격탁매매와 관련된 시장 정보를 확인하고 싶습니다.,ผมต้องการตรวจสอบข้อมูลตลาดที่เกี่ยวข้องกับ การซื้อขายแบบบล็อก,격탁매매,격탁매매,True,금융시장·거래,,1.0,1.0,1.0,0,,20,격탁매매
KO-FIN-00157,견양증권이 무엇인지 설명해 주세요.,โปรดอธิบายว่า Gyeonyang Securities คืออะไร,견양증권,견양증권,True,증권·예탁,,1.0,1.0,1.0,0,,0,
KO-FIN-00162,결산을 통해 어떤 정보를 확인할 수 있나요?,สามารถหาข้อมูลอะไรได้ผ่าน รายงานการเงิน?,결산,결산,True,회계·재무,,1.0,1.0,1.0,0,,70,결산
KO-FIN-00164,결산은 기준 시점과 작성 기준을 함께 확인해야 합니다.,สำหรับ รายงานการเงิน ต้องตรวจสอบทั้งวันที่อ้างอิงและหลักการจัดทำ,결산,결산,True,회계·재무,,1.0,1.0,1.0,0,,70,결산
KO-FIN-00168,결산보고서는 기준 시점과 작성 기준을 함께 확인해야 합니다.,สำหรับ รายงานการเงิน ต้องตรวจสอบทั้งวันที่อ้างอิงและหลักการจัดทำ,결산보고서,결산보고서,True,회계·재무,,1.0,1.0,1.0,0,,0,
KO-FIN-00169,결제기구가 무엇인지 설명해 주세요.,โปรดอธิบายว่า ระบบการชำระเงิน คืออะไร,결제기구,결제기구,True,지급결제·청산,증권·예탁 / 금융시장·거래,1.0,1.0,1.0,0,,20,결제기구
KO-FIN-00173,결제기금이 무엇인지 설명해 주세요.,โปรดอธิบายว่า กองทุนการชำระเงิน คืออะไร,결제기금,결제기금,True,지급결제·청산,,1.0,1.0,1.0,0,,0,
KO-FIN-00177,결제대금주선제도가 무엇인지 설명해 주세요.,กรุณาอธิบายว่า โครงการรับประกันการชำระเงิน คืออะไร,결제대금주선제도,결제대금주선제도,True,지급결제·청산,금융기관·은행 / 증권·예탁,1.0,1.0,1.0,0,,40,결제대금주선제도
KO-FIN-00181,결제대용증이 무엇인지 설명해 주세요.,โปรดอธิบายว่า ใบรับรองการชำระแทน คืออะไร,결제대용증,결제대용증,True,지급결제·청산,증권·예탁,1.0,1.0,1.0,0,,40,결제대용증
KO-FIN-00185,결제리스크 관리제도가 무엇인지 설명해 주세요.,โปรดอธิบายว่า ระบบจัดการความเสี่ยงด้านการชำระเงิน คืออะไร,결제리스크 관리제도,결제리스크 관리제도,True,지급결제·청산,신용·리스크 / 금융기관·은행,1.0,1.0,1.0,0,,0,
KO-FIN-00191,결제불이행거래 과정에서 문제가 발생한 것 같습니다.,ดูเหมือนว่าเกิดปัญหาขึ้นระหว่างกระบวนการ ธุรกรรมที่มียอดค้างชำระ,결제불이행거래,결제불이행거래,True,지급결제·청산,금융시장·거래,1.0,1.0,1.0,0,,40,결제불이행거래
KO-FIN-00193,결제순서조작이 무엇인지 설명해 주세요.,กรุณาอธิบายว่า การปรับเปลี่ยนลำดับการชำระเงิน คืออะไร,결제순서조작,결제순서조작,True,지급결제·청산,,1.0,1.0,1.0,0,,0,
KO-FIN-00197,결제시한이 무엇인지 설명해 주세요.,โปรดอธิบายว่า วันสุดท้ายสำหรับการชำระเงิน คืออะไร,결제시한,결제시한,True,지급결제·청산,,1.0,1.0,1.0,0,,70,결제시한
KO-FIN-00205,결제위험의 비대칭성이 무엇인지 설명해 주세요.,โปรดอธิบายว่า ความไม่สมดุลในความเสี่ยงจากการชำระหนี้ คืออะไร,결제위험의 비대칭성,결제위험의 비대칭성,True,지급결제·청산,신용·리스크 / 금융시장·거래,1.0,1.0,1.0,0,,20,결제위험의 비대칭성
KO-FIN-00209,결제은행제도가 무엇인지 설명해 주세요.,กรุณาอธิบายว่า ระบบธนาคารสำหรับการชำระบัญชี คืออะไร,결제은행제도,결제은행제도,True,지급결제·청산,금융기관·은행,1.0,1.0,1.0,0,,40,결제은행제도
KO-FIN-00213,결제일이 무엇인지 설명해 주세요.,โปรดอธิบายว่า วันที่ชำระเงิน คืออะไร,결제일,결제일,True,지급결제·청산,,1.0,1.0,1.0,0,,0,
KO-FIN-00217,결제적체현상이 무엇인지 설명해 주세요.,กรุณาอธิบายว่า ยอดค้างชำระ คืออะไร,결제적체현상,결제적체현상,True,지급결제·청산,,1.0,1.0,1.0,0,,40,결제적체현상
KO-FIN-00221,결제전 예납이 무엇을 의미하나요?,การชำระเงินล่วงหน้าก่อนการชำระบัญชี หมายความว่าอะไร?,결제전 예납,결제전 예납,True,금융시장·거래,지급결제·청산,1.0,1.0,1.0,0,,50,결제전 예납
KO-FIN-00225,결제후 업무처리가 무엇인지 설명해 주세요.,กรุณาอธิบายว่า ขั้นตอนการดำเนินการหลังการชำระเงิน คืออะไร,결제후 업무처리,결제후 업무처리,True,지급결제·청산,,1.0,1.0,1.0,0,,40,결제후 업무처리
KO-FIN-00234,겸업주의에서 이용할 수 있는 금융업무는 무엇인가요?,ความขัดแย้งทางผลประโยชน์ มีบริการทางการเงินใดบ้าง?,겸업주의,겸업주의,True,금융기관·은행,,1.0,1.0,1.0,0,,40,겸업주의
KO-FIN-00238,경개의 조건과 수익 구조를 확인하고 싶습니다.,ผมต้องการตรวจสอบเงื่อนไขและโครงสร้างรายได้ของ ทัศนียภาพ,경개,경개,True,채권,증권·예탁 / 법률·계약 / 금융시장·거래,1.0,1.0,1.0,0,,30,경개
KO-FIN-00241,경개적 차감이 무엇인지 설명해 주세요.,โปรดอธิบายว่า การหักลดหย่อนตามดุลยพินิจ คืออะไร,경개적 차감,경개적 차감,True,채권,,1.0,1.0,1.0,0,,40,경개적 차감
KO-FIN-00248,경과이자를 확인할 때 시장 상황과 거래 조건을 함께 살펴보세요.,เมื่อพิจารณา ดอกเบี้ยที่ยังไม่จ่าย ให้แน่ใจว่าได้พิจารณาทั้งสภาพตลาดและเงื่อนไขการซื้อขาย,경과이자,경과이자,True,금융시장·거래,,1.0,1.0,1.0,0,,40,경과이자
KO-FIN-00251,최근 경기종합지수의 변화를 확인하고 싶습니다.,ผมต้องการตรวจสอบการเปลี่ยนแปลงล่าสุดของ ดัชนีเศรษฐกิจแบบองค์รวม,경기종합지수,경기종합지수,True,경제·거시금융,,1.0,1.0,1.0,0,,20,경기종합지수
KO-FIN-00255,최근 경상수지의 변화를 확인하고 싶습니다.,ผมต้องการตรวจสอบการเปลี่ยนแปลงล่าสุดของ ยอดเงินในบัญชีเดินสะพัด,경상수지,경상수지,True,경제·거시금융,,1.0,1.0,1.0,0,,40,경상수지
KO-FIN-00258,경쟁매매와 관련된 시장 정보를 확인하고 싶습니다.,ผมต้องการตรวจสอบข้อมูลตลาดที่เกี่ยวข้องกับ การซื้อขายแบบแข่งขัน,경쟁매매,경쟁매매,True,금융시장·거래,,1.0,1.0,1.0,0,,0,
KO-FIN-00263,최근 경제통합의 변화를 확인하고 싶습니다.,ผมต้องการตรวจสอบการเปลี่ยนแปลงล่าสุดของ การบูรณาการทางเศรษฐกิจ,경제통합,경제통합,True,경제·거시금융,,1.0,1.0,1.0,0,,0,
KO-FIN-00264,경제통합은 다른 경제지표와 함께 해석하는 것이 좋습니다.,ควรวิเคราะห์ การบูรณาการทางเศรษฐกิจ ร่วมกับตัวชี้วัดทางเศรษฐกิจอื่น ๆ,경제통합,경제통합,True,경제·거시금융,,1.0,1.0,1.0,0,,0,
KO-FIN-00267,최근 경제협력개발기구의 변화를 확인하고 싶습니다.,ผมต้องการตรวจสอบการเปลี่ยนแปลงล่าสุดของ องค์การเพื่อความร่วมมือและพัฒนาเศรษฐกิจ,경제협력개발기구,경제협력개발기구,True,경제·거시금융,,1.0,1.0,1.0,0,,0,
KO-FIN-00272,계약의 적용 여부는 계약 내용과 관련 법령을 확인해야 합니다.,เพื่อกำหนดว่า สัญญา มีผลบังคับใช้หรือไม่ คุณต้องตรวจสอบเนื้อหาของ สัญญา และกฎหมายที่เกี่ยวข้อง,계약;계약,계약,True,법률·계약,,1.0,1.0,1.0,0,,50,계약;계약
KO-FIN-00275,계약형투자신탁에 가입하기 전에 어떤 점을 확인해야 하나요?,ควรตรวจสอบอะไรก่อนสมัคร กองทุนลงทุนตามสัญญา?,계약형투자신탁,계약형투자신탁,True,펀드·신탁,자산운용·투자 / 법률·계약,1.0,1.0,1.0,0,,20,계약형투자신탁
KO-FIN-00279,계절주와 관련해 투자 전에 확인해야 할 사항이 있나요?,มีข้อใดบ้างที่ฉันควรตรวจสอบก่อนที่จะลงทุนใน เครื่องดื่มตามฤดูกาล?,계절주,계절주,True,주식,,1.0,1.0,1.0,0,,20,계절주
KO-FIN-00282,계좌대체 처리 절차를 확인하고 싶습니다.,ผมต้องการตรวจสอบขั้นตอนการดำเนินการสำหรับ การเปลี่ยนบัญชี,계좌대체,계좌대체,True,증권·예탁,,1.0,1.0,1.0,0,,20,계좌대체
KO-FIN-00285,계좌설정이 무엇인지 설명해 주세요.,กรุณาอธิบายว่า การตั้งค่าบัญชี คืออะไร,계좌설정,계좌설정,True,증권·예탁,,1.0,1.0,1.0,0,,0,
KO-FIN-00290,고객계좌부 처리 절차를 확인하고 싶습니다.,ผมต้องการตรวจสอบขั้นตอนการดำเนินการสำหรับ บัญชีลูกหนี้,고객계좌부,고객계좌부,True,증권·예탁,,1.0,1.0,1.0,0,,20,고객계좌부
KO-FIN-00294,고객계좌자동이전서비스 처리 절차를 확인하고 싶습니다.,ผมต้องการตรวจสอบขั้นตอนการดำเนินการสำหรับ บริการโอนบัญชีลูกค้าอัตโนมัติ,고객계좌자동이전서비스,고객계좌자동이전서비스,True,증권·예탁,,1.0,1.0,1.0,0,,0,
KO-FIN-00298,고객예탁금 이용료 처리 절차를 확인하고 싶습니다.,ผมต้องการตรวจสอบขั้นตอนการดำเนินการสำหรับ ค่าธรรมเนียมจากการใช้เงินฝากของลูกค้า,고객예탁금 이용료,고객예탁금 이용료,True,증권·예탁,,1.0,1.0,1.0,0,,0,
KO-FIN-00301,고객예탁분이 무엇인지 설명해 주세요.,โปรดอธิบายว่า เงินฝากของลูกค้า คืออะไร,고객예탁분,고객예탁분,True,증권·예탁,,1.0,1.0,1.0,0,,20,고객예탁분
KO-FIN-00305,고객예탁증권이 무엇인지 설명해 주세요.,กรุณาอธิบายว่า หลักทรัพย์ที่ลูกค้าฝากไว้ คืออะไร,고객예탁증권,고객예탁증권,True,증권·예탁,,1.0,1.0,1.0,0,,40,고객예탁증권
KO-FIN-00310,고오든 모형은 금융상품을 분석할 때 어떻게 사용되나요?,แบบจำลองกอร์ดอน ถูกใช้อย่างไรในการวิเคราะห์ผลิตภัณฑ์ทางการเงิน?,고오든 모형,고오든 모형,True,금융공학·분석,,1.0,1.0,1.0,0,,0,
KO-FIN-00312,고오든 모형의 결과는 사용한 가정과 시장 데이터에 따라 달라질 수 있습니다.,ผลลัพธ์ของ แบบจำลองกอร์ดอน อาจแตกต่างกันไปขึ้นอยู่กับสมมติฐานและข้อมูลตลาดที่ใช้,고오든 모형,고오든 모형,True,금융공학·분석,,1.0,1.0,1.0,0,,0,
KO-FIN-00315,고정형 투자신탁에 가입하기 전에 어떤 점을 확인해야 하나요?,ควรตรวจสอบอะไรก่อนสมัคร กองทุนลงทุนแบบกำหนดระยะเวลา?,고정형 투자신탁,고정형 투자신탁,True,펀드·신탁,자산운용·투자,1.0,1.0,1.0,0,,40,고정형 투자신탁
KO-FIN-00317,고정환율제도에 대해 자세히 알려주세요.,โปรดบอกฉันเพิ่มเติมเกี่ยวกับ ระบบอัตราแลกเปลี่ยนคงที่ ครับ/ค่ะ,고정환율제도,고정환율제도,True,해외송금·외환,,1.0,1.0,1.0,0,,0,
KO-FIN-00323,골든 크로스와 관련해 투자 전에 확인해야 할 사항이 있나요?,มีข้อใดบ้างที่ควรตรวจสอบก่อนที่จะลงทุนใน กางเขนทอง?,골든 크로스,골든 크로스,True,주식,,1.0,1.0,1.0,0,,40,골든 크로스
KO-FIN-00326,공개/발성호가와 관련된 시장 정보를 확인하고 싶습니다.,ผมต้องการตรวจสอบข้อมูลตลาดที่เกี่ยวข้องกับ ผู้จัดพิมพ์/เบ ซอง-โฮ,공개/발성호가,공개/발성호가,True,금융시장·거래,,1.0,1.0,1.0,0,,40,공개/발성호가
KO-FIN-00330,공개매수와 관련된 시장 정보를 확인하고 싶습니다.,ผมต้องการตรวจสอบข้อมูลตลาดที่เกี่ยวข้องกับ ข้อเสนอซื้อหุ้น,공개매수,공개매수,True,금융시장·거래,금융법규·감독,1.0,1.0,1.0,0,,40,공개매수
KO-FIN-00334,공개매수설명서와 관련된 시장 정보를 확인하고 싶습니다.,ผมต้องการตรวจสอบข้อมูลตลาดที่เกี่ยวข้องกับ หนังสือชี้ชวนในการเสนอซื้อหุ้น,공개매수설명서,공개매수설명서,True,금융시장·거래,,1.0,1.0,1.0,0,,40,공개매수설명서
KO-FIN-00338,공개매수신고서와 관련된 시장 정보를 확인하고 싶습니다.,ผมต้องการตรวจสอบข้อมูลตลาดที่เกี่ยวข้องกับ เอกสารเสนอซื้อหุ้น,공개매수신고서,공개매수신고서,True,금융시장·거래,증권·예탁,1.0,1.0,1.0,0,,40,공개매수신고서
KO-FIN-00341,공개법인이 무엇을 의미하나요?,บริษัทจำกัด หมายความว่าอะไร?,공개법인,공개법인,True,금융시장·거래,자산운용·투자 / 증권·예탁,1.0,1.0,1.0,0,,40,공개법인
KO-FIN-00345,공개시장조작이 무엇을 의미하나요?,การดำเนินการในตลาดเปิด หมายความว่าอะไร?,공개시장조작,공개시장조작,True,금융시장·거래,금융기관·은행 / 증권·예탁,1.0,1.0,1.0,0,,40,공개시장조작
KO-FIN-00351,공기업과 관련된 투자 정보를 확인하고 싶습니다.,ผมต้องการดูข้อมูลการลงทุนที่เกี่ยวข้องกับ รัฐวิสาหกิจ,공기업,공기업,True,자산운용·투자,,1.0,1.0,1.0,0,,40,공기업
KO-FIN-00354,공동간사회사 처리 절차를 확인하고 싶습니다.,ผมต้องการตรวจสอบขั้นตอนการดำเนินการสำหรับ บริษัทร่วมจัดงาน,공동간사회사,공동간사회사,True,증권·예탁,기업금융·자본조달,1.0,1.0,1.0,0,,0,
KO-FIN-00360,공동대리의 적용 여부는 계약 내용과 관련 법령을 확인해야 합니다.,เพื่อกำหนดว่า การเป็นตัวแทนร่วม มีผลบังคับใช้หรือไม่ คุณต้องตรวจสอบเนื้อหาของ สัญญา และกฎหมายที่เกี่ยวข้อง,공동대리;계약,공동대리,True,법률·계약,,1.0,1.0,1.0,0,,50,계약
KO-FIN-00361,공동지배인이 금융거래에 어떻게 적용되나요?,ผู้จัดการร่วม มีผลต่อธุรกรรมทางการเงินนี้อย่างไร?,공동지배인,공동지배인,True,금융법규·감독,,1.0,1.0,1.0,0,,20,공동지배인
KO-FIN-00363,공동지배인 때문에 추가로 확인해야 할 사항이 있나요?,มีข้อใดเพิ่มเติมที่จำเป็นต้องตรวจสอบเนื่องจาก ผู้จัดการร่วม หรือไม่?,공동지배인,공동지배인,True,금융법규·감독,,1.0,1.0,1.0,0,,20,공동지배인
KO-FIN-00366,공매도와 관련된 시장 정보를 확인하고 싶습니다.,ผมต้องการตรวจสอบข้อมูลตลาดที่เกี่ยวข้องกับ การขายชอร์ต,공매도,공매도,True,금융시장·거래,주식,1.0,1.0,1.0,0,,40,공매도
KO-FIN-00370,공매수와 관련된 시장 정보를 확인하고 싶습니다.,ผมต้องการตรวจสอบข้อมูลตลาดที่เกี่ยวข้องกับ ตำแหน่งซื้อ,공매수,공매수,True,금융시장·거래,,1.0,1.0,1.0,0,,40,공매수
KO-FIN-00376,공모의 세부 조건과 절차는 거래 유형에 따라 달라질 수 있습니다.,เงื่อนไขและขั้นตอนเฉพาะสำหรับ เชิญส่งผลงาน อาจแตกต่างกันไปตามประเภทของธุรกรรม,공모,공모,True,기업금융·자본조달,증권·예탁 / 자산운용·투자 / 금융법규·감독,1.0,1.0,1.0,0,,80,공모
KO-FIN-00380,공모부대서비스회사의 세부 조건과 절차는 거래 유형에 따라 달라질 수 있습니다.,เงื่อนไขและขั้นตอนเฉพาะสำหรับ บริษัทให้บริการสนับสนุนการประมูล อาจแตกต่างกันไปขึ้นอยู่กับประเภทของธุรกรรม,공모부대서비스회사,공모부대서비스회사,True,기업금융·자본조달,,1.0,1.0,1.0,0,,40,공모부대서비스회사
KO-FIN-00382,공모증자와 관련된 정보를 확인하고 싶습니다.,ผมต้องการตรวจสอบข้อมูลที่เกี่ยวข้องกับ การเสนอขายหุ้นต่อสาธารณะ,공모증자,공모증자,True,주식,기업금융·자본조달 / 증권·예탁,1.0,1.0,1.0,0,,40,공모증자
KO-FIN-00388,공모채의 세부 조건과 절차는 거래 유형에 따라 달라질 수 있습니다.,เงื่อนไขและขั้นตอนเฉพาะสำหรับ การเสนอขายหุ้นต่อประชาชนทั่วไป อาจแตกต่างกันไปตามประเภทของธุรกรรม,공모채,공모채,True,기업금융·자본조달,채권,1.0,1.0,1.0,0,,50,공모채
KO-FIN-00389,공사채등록법이 무엇인지 설명해 주세요.,กรุณาอธิบายว่า พระราชบัญญัติการจดทะเบียนพันธบัตรสาธารณะ คืออะไร,공사채등록법,공사채등록법,True,채권,,1.0,1.0,1.0,0,,0,
KO-FIN-00395,공사채형투자신탁에 가입하기 전에 어떤 점을 확인해야 하나요?,ควรตรวจสอบอะไรก่อนสมัคร กองทุนลงทุนในพันธบัตรสาธารณะ?,공사채형투자신탁,공사채형투자신탁,True,펀드·신탁,채권 / 자산운용·투자,1.0,1.0,1.0,0,,20,공사채형투자신탁
KO-FIN-00399,공시 때문에 추가로 확인해야 할 사항이 있나요?,มีข้อใดเพิ่มเติมที่จำเป็นต้องตรวจสอบเนื่องจาก ประกาศสาธารณะ หรือไม่?,공시,공시,True,금융법규·감독,증권·예탁 / 자산운용·투자 / 법률·계약,1.0,1.0,1.0,0,,70,공시
KO-FIN-00400,공시의 적용 범위는 관련 법령과 규정에 따라 달라질 수 있습니다.,ขอบเขตการนำไปใช้ของ ประกาศสาธารณะ อาจแตกต่างกันไปขึ้นอยู่กับกฎหมายและกฎระเบียบที่เกี่ยวข้อง,공시,공시,True,금융법규·감독,증권·예탁 / 자산운용·투자 / 법률·계약,1.0,1.0,1.0,0,,70,공시
KO-FIN-00404,공시최고의 적용 여부는 계약 내용과 관련 법령을 확인해야 합니다.,เพื่อกำหนดว่า ประกาศสาธารณะ มีผลบังคับใช้หรือไม่ คุณต้องตรวจสอบเนื้อหาของ สัญญา และกฎหมายที่เกี่ยวข้อง,공시최고;계약,공시최고,True,법률·계약,금융법규·감독,1.0,1.0,1.0,0,,50,공시최고;계약
KO-FIN-00405,공신의 원칙이 무엇인지 설명해 주세요.,กรุณาอธิบายว่า หลักการของผลงาน คืออะไร,공신의 원칙,공신의 원칙,True,증권·예탁,법률·계약,1.0,1.0,1.0,0,,0,
KO-FIN-00409,공인중개인이 무엇을 의미하나요?,ผู้แทนอสังหาริมทรัพย์ที่ได้รับการรับรอง หมายความว่าอะไร?,공인중개인,공인중개인,True,금융시장·거래,,1.0,1.0,1.0,0,,20,공인중개인
KO-FIN-00413,공정거래법이 무엇을 의미하나요?,พระราชบัญญัติการค้าที่เป็นธรรม หมายความว่าอะไร?,공정거래법,공정거래법,True,금융시장·거래,,1.0,1.0,1.0,0,,0,
KO-FIN-00418,공정게임모형은 금융상품을 분석할 때 어떻게 사용되나요?,แบบจำลองการเล่นอย่างยุติธรรม ถูกใช้อย่างไรในการวิเคราะห์ผลิตภัณฑ์ทางการเงิน?,공정게임모형,공정게임모형,True,금융공학·분석,,1.0,1.0,1.0,0,,40,공정게임모형
KO-FIN-00420,공정게임모형의 결과는 사용한 가정과 시장 데이터에 따라 달라질 수 있습니다.,ผลลัพธ์ของ แบบจำลองการเล่นอย่างยุติธรรม อาจแตกต่างกันไปขึ้นอยู่กับสมมติฐานและข้อมูลตลาดที่ใช้,공정게임모형,공정게임모형,True,금융공학·분석,,1.0,1.0,1.0,0,,40,공정게임모형
KO-FIN-00424,공정할인율과 관련된 세부 업무는 해당 기관의 안내를 확인해 주세요.,โปรดอ้างอิงคู่มือขององค์กรที่เกี่ยวข้องเพื่อทราบรายละเอียดเกี่ยวกับ อัตราส่วนลดที่ยุติธรรม,공정할인율,공정할인율,True,금융기관·은행,,1.0,1.0,1.0,0,,40,공정할인율
KO-FIN-00426,공채의 조건과 수익 구조를 확인하고 싶습니다.,ผมต้องการตรวจสอบเงื่อนไขและโครงสร้างรายได้ของ รับสมัครงานแบบเปิด,공채,공채,True,채권,,1.0,1.0,1.0,0,,80,공채
KO-FIN-00430,관계회사와 관련된 정보를 확인하고 싶습니다.,ผมต้องการตรวจสอบข้อมูลที่เกี่ยวข้องกับ บริษัทในเครือ,관계회사,관계회사,True,주식,,1.0,1.0,1.0,0,,0,
KO-FIN-00433,관리대상종목이 무엇을 의미하나요?,หุ้นที่อยู่ภายใต้การกำกับดูแล หมายความว่าอะไร?,관리대상종목,관리대상종목,True,금융시장·거래,주식,1.0,1.0,1.0,0,,20,관리대상종목
KO-FIN-00439,최근 관세 및 무역에 관한 일반협정의 변화를 확인하고 싶습니다.,ผมต้องการตรวจสอบการเปลี่ยนแปลงล่าสุดของ ข้อตกลงทั่วไปว่าด้วยภาษีศุลกากรและการค้า,관세 및 무역에 관한 일반협정,관세 및 무역에 관한 일반협정,True,경제·거시금융,,1.0,1.0,1.0,0,,0,
KO-FIN-00440,관세 및 무역에 관한 일반협정은 다른 경제지표와 함께 해석하는 것이 좋습니다.,ควรวิเคราะห์ ข้อตกลงทั่วไปว่าด้วยภาษีศุลกากรและการค้า ร่วมกับตัวชี้วัดทางเศรษฐกิจอื่น ๆ,관세 및 무역에 관한 일반협정,관세 및 무역에 관한 일반협정,True,경제·거시금융,,1.0,1.0,1.0,0,,0,
KO-FIN-00441,관할권이 금융거래에서 무엇을 의미하나요?,เขตอำนาจ หมายถึงอะไรในธุรกรรมทางการเงินนี้?,관할권,관할권,True,법률·계약,,1.0,1.0,1.0,0,,0,
KO-FIN-00446,교차담보금제도 처리 절차를 확인하고 싶습니다.,ผมต้องการตรวจสอบขั้นตอนการดำเนินการสำหรับ ระบบการค้ำประกันข้ามกัน,교차담보금제도,교차담보금제도,True,증권·예탁,자산운용·투자,1.0,1.0,1.0,0,,20,교차담보금제도
KO-FIN-00451,교차증거금제도 거래에는 어떤 위험이 있나요?,ความเสี่ยงที่เกี่ยวข้องกับการซื้อขาย ระบบมาร์จิ้นข้ามบัญชี มีอะไรบ้าง?,교차증거금제도,교차증거금제도,True,파생상품,,1.0,1.0,1.0,0,,40,교차증거금제도
KO-FIN-00453,교차헤징이 무엇을 의미하나요?,การป้องกันความเสี่ยงแบบข้าม หมายความว่าอะไร?,교차헤징,교차헤징,True,금융시장·거래,,1.0,1.0,1.0,0,,50,교차헤징
KO-FIN-00458,교체발행을 이용하려면 어떤 조건이 필요한가요?,เงื่อนไขในการใช้ ปัญหาการเปลี่ยนชิ้นส่วน คืออะไร?,교체발행,교체발행,True,기업금융·자본조달,주식,1.0,1.0,1.0,0,,40,교체발행
KO-FIN-00459,교체발행과 관련된 비용과 절차를 확인하고 싶습니다.,ผมต้องการตรวจสอบค่าใช้จ่ายและขั้นตอนที่เกี่ยวข้องกับ ปัญหาการเปลี่ยนชิ้นส่วน,교체발행,교체발행,True,기업금융·자본조달,주식,1.0,1.0,1.0,0,,40,교체발행
KO-FIN-00462,교환사채의 조건과 수익 구조를 확인하고 싶습니다.,ผมต้องการตรวจสอบเงื่อนไขและโครงสร้างรายได้ของ พันธบัตรที่สามารถแลกเปลี่ยนได้,교환사채,교환사채,True,채권,증권·예탁,1.0,1.0,1.0,0,,50,교환사채
KO-FIN-00465,구상권이 금융거래에서 무엇을 의미하나요?,สิทธิในการเรียกร้องค่าชดเชย หมายถึงอะไรในธุรกรรมทางการเงินนี้?,구상권,구상권,True,법률·계약,증권·예탁,1.0,1.0,1.0,0,,20,구상권
KO-FIN-00471,구주와 관련해 투자 전에 확인해야 할 사항이 있나요?,มีข้อใดบ้างที่ฉันควรตรวจสอบก่อนที่จะลงทุนใน ผู้ช่วยให้รอด?,구주,구주,True,주식,,1.0,1.0,1.0,0,,50,구주
KO-FIN-00475,국가신인도와 관련된 투자 정보를 확인하고 싶습니다.,ผมต้องการตรวจสอบข้อมูลการลงทุนที่เกี่ยวข้องกับ ความน่าเชื่อถือทางเครดิตของรัฐ,국가신인도,국가신인도,True,자산운용·투자,,1.0,1.0,1.0,0,,0,
KO-FIN-00478,국내장외거래와 관련된 시장 정보를 확인하고 싶습니다.,ผมต้องการตรวจสอบข้อมูลตลาดที่เกี่ยวข้องกับ การซื้อขายในตลาดภายในประเทศแบบไม่ผ่านผู้กลาง,국내장외거래,국내장외거래,True,금융시장·거래,,1.0,1.0,1.0,0,,30,국내장외거래
KO-FIN-00483,국민주와 관련해 투자 전에 확인해야 할 사항이 있나요?,มีข้อใดบ้างที่ควรตรวจสอบก่อนที่จะลงทุนใน สภาผู้แทนราษฎร?,국민주,국민주,True,주식,,1.0,1.0,1.0,0,,40,국민주
KO-FIN-00485,국민주택채권이 무엇인지 설명해 주세요.,กรุณาอธิบายว่า พันธบัตรที่อยู่อาศัยแห่งชาติ คืออะไร,국민주택채권,국민주택채권,True,채권,주식,1.0,1.0,1.0,0,,0,
KO-FIN-00491,최근 국민총생산의 변화를 확인하고 싶습니다.,ผมต้องการตรวจสอบการเปลี่ยนแปลงล่าสุดของ ผลิตภัณฑ์มวลรวมแห่งชาติ,국민총생산,국민총생산,True,경제·거시금융,,1.0,1.0,1.0,0,,0,
KO-FIN-00492,국민총생산은 다른 경제지표와 함께 해석하는 것이 좋습니다.,ควรวิเคราะห์ ผลิตภัณฑ์มวลรวมแห่งชาติ ร่วมกับตัวชี้วัดทางเศรษฐกิจอื่น ๆ,국민총생산,국민총생산,True,경제·거시금융,,1.0,1.0,1.0,0,,0,
KO-FIN-00494,국제간 거래와 관련된 시장 정보를 확인하고 싶습니다.,ผมต้องการตรวจสอบข้อมูลตลาดที่เกี่ยวข้องกับ การค้าระหว่างประเทศ,국제간 거래,국제간 거래,True,금융시장·거래,자산운용·투자,1.0,1.0,1.0,0,,0,
KO-FIN-00497,국제간 대금지급이 무엇인지 설명해 주세요.,โปรดอธิบายว่า การโอนเงินระหว่างประเทศ คืออะไร,국제간 대금지급,국제간 대금지급,True,지급결제·청산,,1.0,1.0,1.0,0,,0,
KO-FIN-00503,국제간 대체결제 과정에서 문제가 발생한 것 같습니다.,ดูเหมือนว่าเกิดปัญหาในกระบวนการ วิธีการชำระเงินทางเลือกข้ามพรมแดน,국제간 대체결제,국제간 대체결제,True,지급결제·청산,증권·예탁,1.0,1.0,1.0,0,,20,국제간 대체결제
KO-FIN-00508,국제결제은행과 관련된 세부 업무는 해당 기관의 안내를 확인해 주세요.,โปรดอ้างอิงตามคำแนะนำจากองค์กรที่เกี่ยวข้องเพื่อทราบรายละเอียดเกี่ยวกับ ธนาคารเพื่อการชำระหนี้ระหว่างประเทศ,국제결제은행,국제결제은행,True,금융기관·은행,국제금융 / 지급결제·청산,1.0,1.0,1.0,0,,0,
KO-FIN-00510,국제결제은행규제에서 이용할 수 있는 금융업무는 무엇인가요?,กฎระเบียบของธนาคารเพื่อการชำระบัญชีระหว่างประเทศ (BIS) มีบริการทางการเงินใดบ้าง?,국제결제은행규제,국제결제은행규제,True,금융기관·은행,지급결제·청산 / 국제금융,1.0,1.0,1.0,0,,20,국제결제은행규제
KO-FIN-00514,국제금융공사와 관련된 거래 조건을 확인하고 싶습니다.,ผมต้องการตรวจสอบเงื่อนไขและข้อกำหนดที่เกี่ยวข้องกับ บริษัทการเงินระหว่างประเทศ (IFC),국제금융공사,국제금융공사,True,국제금융,,1.0,1.0,1.0,0,,0,
KO-FIN-00518,국제금융센타와 관련된 거래 조건을 확인하고 싶습니다.,ผมต้องการตรวจสอบเงื่อนไขและข้อกำหนดที่เกี่ยวข้องกับ ศูนย์การเงินนานาชาติ,국제금융센타,국제금융센타,True,국제금융,,1.0,1.0,1.0,0,,0,
KO-FIN-00522,국제금융시장과 관련된 거래 조건을 확인하고 싶습니다.,ผมต้องการตรวจสอบเงื่อนไขและข้อกำหนดที่เกี่ยวข้องกับ ตลาดการเงินนานาชาติ,국제금융시장,국제금융시장,True,국제금융,금융시장·거래,1.0,1.0,1.0,0,,0,
KO-FIN-00524,국제금융시장과 관련된 거래에서는 국가별 규정과 통화를 함께 확인해야 합니다.,เมื่อดำเนินการธุรกรรมที่เกี่ยวข้องกับ ตลาดการเงินนานาชาติ คุณต้องตรวจสอบทั้งกฎระเบียบและสกุลเงินที่ใช้ในแต่ละประเทศ,국제금융시장,국제금융시장,True,국제금융,금융시장·거래,1.0,1.0,1.0,0,,0,
KO-FIN-00525,국제보관기관이 무엇인지 설명해 주세요.,กรุณาอธิบายว่า ศูนย์รับฝากหลักทรัพย์ระดับนานาชาติ คืออะไร,국제보관기관,국제보관기관,True,증권·예탁,,1.0,1.0,1.0,0,,40,국제보관기관
KO-FIN-00532,국제부흥개발은행과 관련된 세부 업무는 해당 기관의 안내를 확인해 주세요.,โปรดอ้างอิงคู่มือขององค์กรที่เกี่ยวข้องเพื่อทราบรายละเอียดเกี่ยวกับ ธนาคารระหว่างประเทศเพื่อการฟื้นฟูและพัฒนา,국제부흥개발은행,국제부흥개발은행,True,금융기관·은행,대출,1.0,1.0,1.0,0,,0,
KO-FIN-00535,국제분산투자와 관련된 투자 정보를 확인하고 싶습니다.,ผมต้องการตรวจสอบข้อมูลการลงทุนที่เกี่ยวข้องกับ การลงทุนที่หลากหลายในระดับนานาชาติ,국제분산투자,국제분산투자,True,자산운용·투자,,1.0,1.0,1.0,0,,20,국제분산투자
KO-FIN-00538,국제유가증권관리자협회 처리 절차를 확인하고 싶습니다.,ผมต้องการตรวจสอบขั้นตอนการดำเนินการสำหรับ สมาคมผู้บริหารตลาดหลักทรัพย์นานาชาติ,국제유가증권관리자협회,국제유가증권관리자협회,True,증권·예탁,,1.0,1.0,1.0,0,,0,
KO-FIN-00541,국제전문가시장이 무엇을 의미하나요?,ตลาดผู้เชี่ยวชาญระดับนานาชาติ หมายความว่าอะไร?,국제전문가시장,국제전문가시장,True,금융시장·거래,자산운용·투자,1.0,1.0,1.0,0,,0,
KO-FIN-00545,국제정합성이 무엇인지 설명해 주세요.,กรุณาอธิบายว่า ความสอดคล้องระดับนานาชาติ คืออะไร,국제정합성,국제정합성,True,증권·예탁,,1.0,1.0,1.0,0,,20,국제정합성
KO-FIN-00549,국제증권이 무엇인지 설명해 주세요.,โปรดอธิบายว่า หลักทรัพย์นานาชาติ คืออะไร,국제증권,국제증권,True,증권·예탁,국제금융,1.0,1.0,1.0,0,,0,
KO-FIN-00553,국제증권거래소연맹이 무엇을 의미하나요?,สหพันธ์ตลาดหลักทรัพย์นานาชาติ หมายความว่าอะไร?,국제증권거래소연맹,국제증권거래소연맹,True,금융시장·거래,증권·예탁 / 국제금융,1.0,1.0,1.0,0,,0,
KO-FIN-00557,국제증권관리위원회연맹이 무엇인지 설명해 주세요.,กรุณาอธิบายว่า สหพันธ์ผู้กำกับดูแลตลาดหลักทรัพย์นานาชาติ คืออะไร,국제증권관리위원회연맹,국제증권관리위원회연맹,True,증권·예탁,국제금융,1.0,1.0,1.0,0,,0,
KO-FIN-00561,국제증권예탁결제기관이 무엇인지 설명해 주세요.,โปรดอธิบายว่า ศูนย์รับฝากหลักทรัพย์กลางระดับนานาชาติ คืออะไร,국제증권예탁결제기관,국제증권예탁결제기관,True,증권·예탁,지급결제·청산,1.0,1.0,1.0,0,,40,국제증권예탁결제기관
KO-FIN-00566,국제통화기금과 관련된 거래 조건을 확인하고 싶습니다.,ผมต้องการตรวจสอบเงื่อนไขและข้อกำหนดที่เกี่ยวข้องกับ กองทุนการเงินระหว่างประเทศ,국제통화기금,국제통화기금,True,국제금융,,1.0,1.0,1.0,0,,0,
KO-FIN-00568,국제통화기금과 관련된 거래에서는 국가별 규정과 통화를 함께 확인해야 합니다.,เมื่อดำเนินการธุรกรรมที่เกี่ยวข้องกับ กองทุนการเงินระหว่างประเทศ คุณต้องตรวจสอบทั้งกฎระเบียบและสกุลเงินที่ใช้ในแต่ละประเทศ,국제통화기금,국제통화기금,True,국제금융,,1.0,1.0,1.0,0,,0,
KO-FIN-00571,국제투자신탁에 가입하기 전에 어떤 점을 확인해야 하나요?,ควรตรวจสอบอะไรก่อนสมัคร กองทุนลงทุนนานาชาติ?,국제투자신탁,국제투자신탁,True,펀드·신탁,자산운용·투자,1.0,1.0,1.0,0,,0,
KO-FIN-00574,국채의 조건과 수익 구조를 확인하고 싶습니다.,ผมต้องการตรวจสอบเงื่อนไขและโครงสร้างรายได้ของ พันธบัตรรัฐบาล,국채,국채,True,채권,,1.0,1.0,1.0,0,,70,국채
KO-FIN-00578,국채전문딜러의 조건과 수익 구조를 확인하고 싶습니다.,ผมต้องการตรวจสอบเงื่อนไขและโครงสร้างรายได้ของ ผู้ค้าผู้เชี่ยวชาญด้านพันธบัตรรัฐบาล,국채전문딜러,국채전문딜러,True,채권,금융시장·거래 / 금융기관·은행,1.0,1.0,1.0,0,,20,국채전문딜러
KO-FIN-00582,국채집합등록제도의 조건과 수익 구조를 확인하고 싶습니다.,ผมต้องการตรวจสอบเงื่อนไขและโครงสร้างรายได้ของ ระบบการจดทะเบียนพันธบัตรรัฐบาลแบบรวมศูนย์,국채집합등록제도,국채집합등록제도,True,채권,증권·예탁 / 금융시장·거래,1.0,1.0,1.0,0,,40,국채집합등록제도
KO-FIN-00585,권리락이 무엇을 의미하나요?,ควอน ริ-락 หมายความว่าอะไร?,권리락,권리락,True,금융시장·거래,주식,1.0,1.0,1.0,0,,20,권리락
KO-FIN-00591,권리락주가와 관련해 투자 전에 확인해야 할 사항이 있나요?,มีข้อใดบ้างที่ฉันควรตรวจสอบก่อนที่จะลงทุนใน หุ้นที่ตัดเงินปันผลแล้ว?,권리락주가,권리락주가,True,주식,,1.0,1.0,1.0,0,,50,권리락주가
KO-FIN-00593,권리예탁이 무엇인지 설명해 주세요.,โปรดอธิบายว่า การจดทะเบียนสิทธิ คืออะไร,권리예탁,권리예탁,True,증권·예탁,주식,1.0,1.0,1.0,0,,20,권리예탁
KO-FIN-00598,권리예탁계좌부 처리 절차를 확인하고 싶습니다.,ผมต้องการตรวจสอบขั้นตอนการดำเนินการสำหรับ ทะเบียนบัญชีผู้รับฝากสิทธิ,권리예탁계좌부,권리예탁계좌부,True,증권·예탁,계좌,1.0,1.0,1.0,0,,20,권리예탁계좌부
KO-FIN-00603,권리주와 관련해 투자 전에 확인해야 할 사항이 있나요?,มีข้อใดบ้างที่ฉันควรตรวจสอบก่อนที่จะลงทุนใน เครดิต?,권리주,권리주,True,주식,금융법규·감독 / 법률·계약,1.0,1.0,1.0,0,,40,권리주
KO-FIN-00605,권종이 무엇인지 설명해 주세요.,โปรดอธิบายว่า ประเภท คืออะไร,권종,권종,True,채권,증권·예탁 / 금융법규·감독 / 주식,1.0,1.0,1.0,0,,30,권종
KO-FIN-00609,규정재정이 금융거래에 어떻게 적용되나요?,การปฏิรูปกฎระเบียบ มีผลอย่างไรต่อธุรกรรมทางการเงินนี้?,규정재정,규정재정,True,금융법규·감독,,1.0,1.0,1.0,0,,40,규정재정
KO-FIN-00611,규정재정 때문에 추가로 확인해야 할 사항이 있나요?,มีข้อใดเพิ่มเติมที่จำเป็นต้องตรวจสอบเกี่ยวกับ การปฏิรูปกฎระเบียบ หรือไม่?,규정재정,규정재정,True,금융법규·감독,,1.0,1.0,1.0,0,,40,규정재정
KO-FIN-00614,그라함 도드모형은 금융상품을 분석할 때 어떻게 사용되나요?,แบบจำลอง Graham-Dodds ถูกใช้อย่างไรในการวิเคราะห์ผลิตภัณฑ์ทางการเงิน?,그라함 도드모형,그라함 도드모형,True,금융공학·분석,주식,1.0,1.0,1.0,0,,20,그라함 도드모형
KO-FIN-00616,그라함 도드모형의 결과는 사용한 가정과 시장 데이터에 따라 달라질 수 있습니다.,ผลลัพธ์ของ แบบจำลอง Graham-Dodds อาจแตกต่างกันไปขึ้นอยู่กับสมมติฐานและข้อมูลตลาดที่ใช้,그라함 도드모형,그라함 도드모형,True,금융공학·분석,주식,1.0,1.0,1.0,0,,20,그라함 도드모형
KO-FIN-00618,근저당과 관련된 금리와 비용을 확인하고 싶습니다.,ผมต้องการตรวจสอบอัตราดอกเบี้ยและค่าธรรมเนียมที่เกี่ยวข้องกับ สินเชื่อบ้าน,근저당,근저당,True,부동산금융,,1.0,1.0,1.0,0,,40,근저당
KO-FIN-00619,근저당을 이용할 때 필요한 서류는 무엇인가요?,เอกสารใดบ้างที่จำเป็นเมื่อใช้ สินเชื่อบ้าน?,근저당,근저당,True,부동산금융,,1.0,1.0,1.0,0,,40,근저당
KO-FIN-00621,글래머주식이 무엇인지 설명해 주세요.,โปรดอธิบายว่า หุ้น Glamour คืออะไร,글래머주식,글래머주식,True,주식,,1.0,1.0,1.0,0,,0,
KO-FIN-00625,글래스 스티걸법이 무엇인지 설명해 주세요.,กรุณาอธิบายว่า พระราชบัญญัติกลาส-สตีเกล คืออะไร,글래스 스티걸법,글래스 스티걸법,True,증권·예탁,,1.0,1.0,1.0,0,,0,
KO-FIN-00629,글로벌 트레이딩이 무엇을 의미하나요?,การค้าโลก หมายความว่าอะไร?,글로벌 트레이딩,글로벌 트레이딩,True,금융시장·거래,,1.0,1.0,1.0,0,,40,글로벌 트레이딩
KO-FIN-00635,글로벌라이제이션을 줄이려면 어떤 점을 확인해야 하나요?,ควรคำนึงถึงอะไรเมื่อลด การโลกาภิวัตน์?,글로벌라이제이션,글로벌라이제이션,True,신용·리스크,,1.0,1.0,1.0,0,,40,글로벌라이제이션
KO-FIN-00636,글로벌라이제이션은 거래 조건이나 이용 가능 여부에 영향을 줄 수 있습니다.,การโลกาภิวัตน์ อาจส่งผลต่อเงื่อนไขการซื้อขายหรือความพร้อมให้บริการ,글로벌라이제이션,글로벌라이제이션,True,신용·리스크,,1.0,1.0,1.0,0,,40,글로벌라이제이션
KO-FIN-00638,글로벌본드의 조건과 수익 구조를 확인하고 싶습니다.,ผมต้องการตรวจสอบเงื่อนไขและโครงสร้างกำไรของ พันธบัตรระดับโลก,글로벌본드,글로벌본드,True,채권,,1.0,1.0,1.0,0,,40,글로벌본드
KO-FIN-00641,글로컬리제이션이 무엇을 의미하나요?,การผสมผสานระหว่างท้องถิ่นและสากล หมายความว่าอะไร?,글로컬리제이션,글로컬리제이션,True,금융시장·거래,,1.0,1.0,1.0,0,,40,글로컬리제이션
KO-FIN-00646,금고주에서 이용할 수 있는 금융업무는 무엇인가요?,เจ้าของที่ปลอดภัย มีบริการทางการเงินใดบ้าง?,금고주,금고주,True,금융기관·은행,주식,1.0,1.0,1.0,0,,40,금고주
KO-FIN-00649,금리선물이 무엇인지 쉽게 설명해 주세요.,โปรดอธิบายด้วยคำง่ายๆ ว่า สัญญาฟิวเจอร์สอัตราดอกเบี้ย คืออะไร,금리선물,금리선물,True,파생상품,금융시장·거래,1.0,1.0,1.0,0,,20,금리선물
KO-FIN-00653,금리선물옵션이 무엇인지 쉽게 설명해 주세요.,โปรดอธิบายด้วยคำง่ายๆ ว่า สัญญาฟิวเจอร์สและสัญญาออปชันอัตราดอกเบี้ย คืออะไร,금리선물옵션,금리선물옵션,True,파생상품,,1.0,1.0,1.0,0,,20,금리선물옵션
KO-FIN-00657,금리스왑이 무엇인지 쉽게 설명해 주세요.,โปรดอธิบายด้วยคำง่ายๆ ว่า สัญญาแลกเปลี่ยนอัตราดอกเบี้ย คืออะไร,금리스왑,금리스왑,True,파생상품,대출 / 법률·계약 / 금융시장·거래,1.0,1.0,1.0,0,,40,금리스왑
KO-FIN-00662,금리연동부사채의 조건과 수익 구조를 확인하고 싶습니다.,ผมต้องการตรวจสอบเงื่อนไขและโครงสร้างรายได้ของ พันธบัตรชั้นรองที่ผูกกับอัตราดอกเบี้ย,금리연동부사채,금리연동부사채,True,채권,,1.0,1.0,1.0,0,,20,금리연동부사채
KO-FIN-00666,금리확정부사채의 조건과 수익 구조를 확인하고 싶습니다.,ผมต้องการตรวจสอบเงื่อนไขและโครงสร้างรายได้ของ พันธบัตรบริษัทอัตราดอกเบี้ยคงที่,금리확정부사채,금리확정부사채,True,채권,,1.0,1.0,1.0,0,,0,
KO-FIN-00671,금외신탁에 가입하기 전에 어떤 점을 확인해야 하나요?,ควรตรวจสอบอะไรก่อนสมัคร Geumoe Trust?,금외신탁,금외신탁,True,펀드·신탁,,1.0,1.0,1.0,0,,40,금외신탁
KO-FIN-00673,금융감독위원회/금융감독원이 금융거래에 어떻게 적용되나요?,คณะกรรมการกำกับดูแลการเงิน / สำนักงานกำกับดูแลการเงิน มีผลอย่างไรต่อธุรกรรมทางการเงินนี้?,금융감독위원회/금융감독원,금융감독위원회/금융감독원,True,금융법규·감독,,1.0,1.0,1.0,0,,20,금융감독위원회/금융감독원
KO-FIN-00675,금융감독위원회/금융감독원 때문에 추가로 확인해야 할 사항이 있나요?,มีข้อใดเพิ่มเติมที่จำเป็นต้องตรวจสอบเนื่องจาก คณะกรรมการกำกับดูแลการเงิน / สำนักงานกำกับดูแลการเงิน หรือไม่?,금융감독위원회/금융감독원,금융감독위원회/금융감독원,True,금융법규·감독,,1.0,1.0,1.0,0,,20,금융감독위원회/금융감독원
KO-FIN-00677,금융결제원이 무엇인지 설명해 주세요.,กรุณาอธิบายว่า สถาบันการเงิน โทรคมนาคม และการหักบัญชีของเกาหลี คืออะไร,금융결제원,금융결제원,True,지급결제·청산,금융기관·은행,1.0,1.0,1.0,0,,50,금융결제원
KO-FIN-00681,금융공학이 무엇인지 설명해 주세요.,โปรดอธิบายว่า วิศวกรรมการเงิน คืออะไร,금융공학,금융공학,True,주식,,1.0,1.0,1.0,0,,0,
KO-FIN-00686,금융기관에서 이용할 수 있는 금융업무는 무엇인가요?,มีบริการทางการเงินใดบ้างที่ สถาบันการเงิน?,금융기관,금융기관,True,금융기관·은행,,1.0,1.0,1.0,0,,0,
KO-FIN-00691,금융리스 때문에 추가로 확인해야 할 사항이 있나요?,มีข้อใดอีกบ้างที่จำเป็นต้องตรวจสอบเกี่ยวกับ สัญญาเช่าทางการเงิน?,금융리스,금융리스,True,금융법규·감독,,1.0,1.0,1.0,0,,20,금융리스
KO-FIN-00692,금융리스의 적용 범위는 관련 법령과 규정에 따라 달라질 수 있습니다.,ขอบเขตการนำไปใช้ของ สัญญาเช่าทางการเงิน อาจแตกต่างกันไปขึ้นอยู่กับกฎหมายและกฎระเบียบที่เกี่ยวข้อง,금융리스,금융리스,True,금융법규·감독,,1.0,1.0,1.0,0,,20,금융리스
KO-FIN-00696,금융비용은 심사 결과에 따라 이용 가능 여부가 달라질 수 있습니다.,การมี ค่าใช้จ่ายทางการเงิน อาจแตกต่างกันไปขึ้นอยู่กับผลการประเมิน,금융비용,금융비용,True,대출,,1.0,1.0,1.0,0,,40,금융비용
KO-FIN-00698,금융선물거래와 관련된 시장 정보를 확인하고 싶습니다.,ผมต้องการตรวจสอบข้อมูลตลาดที่เกี่ยวข้องกับ การซื้อขายสัญญาซื้อขายล่วงหน้าทางการเงิน,금융선물거래,금융선물거래,True,금융시장·거래,파생상품 / 해외송금·외환,1.0,1.0,1.0,0,,0,
KO-FIN-00702,금융소득종합과세의 적용 기준을 알려주세요.,ขอความกรุณาช่วยอธิบายเกณฑ์การสมัคร การเก็บภาษีอย่างครบถ้วนต่อรายได้จากทางการเงิน ได้ไหมครับ?,금융소득종합과세,금융소득종합과세,True,세금,,1.0,1.0,1.0,0,,20,금융소득종합과세
KO-FIN-00704,금융소득종합과세의 적용 여부는 거래 유형과 세법에 따라 달라질 수 있습니다.,การที่ใช้ การเก็บภาษีอย่างครบถ้วนต่อรายได้จากทางการเงิน หรือไม่ อาจแตกต่างกันไปตามประเภทของธุรกรรมและกฎหมายภาษี,금융소득종합과세,금융소득종합과세,True,세금,,1.0,1.0,1.0,0,,20,금융소득종합과세
KO-FIN-00705,금융쇼핑몰이 무엇인지 설명해 주세요.,กรุณาอธิบายว่า เว็บไซต์เปรียบเทียบบริการทางการเงิน คืออะไร,금융쇼핑몰,금융쇼핑몰,True,증권·예탁,,1.0,1.0,1.0,0,,50,금융쇼핑몰
KO-FIN-00709,금융시장이 무엇을 의미하나요?,ตลาดการเงิน หมายความว่าอะไร?,금융시장,금융시장,True,금융시장·거래,,1.0,1.0,1.0,0,,0,
KO-FIN-00714,금융실명제의 적용 기준을 알려주세요.,ขอรบกวนแจ้งให้ทราบว่าเกณฑ์การสมัคร ระบบการเงินที่ใช้ชื่อจริง คืออะไรครับ?,금융실명제,금융실명제,True,세금,,1.0,1.0,1.0,0,,50,금융실명제
KO-FIN-00716,금융실명제의 적용 여부는 거래 유형과 세법에 따라 달라질 수 있습니다.,การที่ใช้ ระบบการเงินที่ใช้ชื่อจริง หรือไม่ อาจแตกต่างกันไปตามประเภทของธุรกรรมและกฎหมายภาษี,금융실명제,금융실명제,True,세금,,1.0,1.0,1.0,0,,50,금융실명제
KO-FIN-00720,금융어음은 심사 결과에 따라 이용 가능 여부가 달라질 수 있습니다.,การมี ร่างกฎหมายด้านการเงิน อาจแตกต่างกันไปขึ้นอยู่กับผลการประเมิน,금융어음,금융어음,True,대출,,1.0,1.0,1.0,0,,0,
KO-FIN-00724,금융자산은 심사 결과에 따라 이용 가능 여부가 달라질 수 있습니다.,การมี สินทรัพย์ทางการเงิน อาจแตกต่างกันไปขึ้นอยู่กับผลการประเมิน,금융자산,금융자산,True,대출,,1.0,1.0,1.0,0,,0,
KO-FIN-00727,금융장세와 관련해 투자 전에 확인해야 할 사항이 있나요?,มีข้อใดบ้างที่ควรตรวจสอบก่อนที่จะลงทุนใน สภาพตลาดการเงิน?,금융장세,금융장세,True,주식,,1.0,1.0,1.0,0,,0,
KO-FIN-00730,금융지주회사에서 이용할 수 있는 금융업무는 무엇인가요?,บริษัทโฮลดิ้งด้านการเงิน มีบริการทางการเงินใดบ้าง?,금융지주회사,금융지주회사,True,금융기관·은행,,1.0,1.0,1.0,0,,0,
KO-FIN-00734,금융채에서 이용할 수 있는 금융업무는 무엇인가요?,มีบริการทางการเงินใดบ้างที่ พันธบัตรทางการเงิน?,금융채,금융채,True,금융기관·은행,,1.0,1.0,1.0,0,,0,
KO-FIN-00738,금융통화운영위원회에서 이용할 수 있는 금융업무는 무엇인가요?,คณะกรรมการนโยบายการเงิน มีบริการทางการเงินอะไรบ้าง?,금융통화운영위원회,금융통화운영위원회,True,금융기관·은행,,1.0,1.0,1.0,0,,0,
KO-FIN-00743,금전신탁에 가입하기 전에 어떤 점을 확인해야 하나요?,ควรตรวจสอบอะไรก่อนสมัครเรียน แคช ทรัสต์?,금전신탁,금전신탁,True,펀드·신탁,,1.0,1.0,1.0,0,,40,금전신탁
KO-FIN-00746,기간구조의 조건과 수익 구조를 확인하고 싶습니다.,ผมต้องการตรวจสอบเงื่อนไขและโครงสร้างรายได้ของ โครงสร้างที่ขึ้นอยู่กับเวลา,기간구조,기간구조,True,채권,,1.0,1.0,1.0,0,,30,기간구조
KO-FIN-00749,기간물 repo이 무엇을 의미하나요?,สัญญาเรโปแบบกำหนดระยะเวลา หมายความว่าอะไร?,기간물 repo,기간물 repo,True,금융시장·거래,,1.0,1.0,1.0,0,,40,기간물 repo
KO-FIN-00754,기관결제제도 처리 절차를 확인하고 싶습니다.,ผมต้องการตรวจสอบขั้นตอนการดำเนินการสำหรับ ระบบการชำระเงินของสถาบัน,기관결제제도,기관결제제도,True,증권·예탁,지급결제·청산 / 금융시장·거래,1.0,1.0,1.0,0,,0,
KO-FIN-00757,기관투자가 결제제도가 무엇인지 설명해 주세요.,กรุณาอธิบายว่า ระบบการชำระบัญชีสำหรับนักลงทุนสถาบัน คืออะไร,기관투자가 결제제도,기관투자가 결제제도,True,지급결제·청산,자산운용·투자 / 증권·예탁 / 금융시장·거래,1.0,1.0,1.0,0,,20,기관투자가 결제제도
KO-FIN-00763,기관투자가와 관련된 투자 정보를 확인하고 싶습니다.,ผมต้องการดูข้อมูลการลงทุนที่เกี่ยวข้องกับ นักลงทุนสถาบัน,기관투자가,기관투자가,True,자산운용·투자,증권·예탁 / 금융기관·은행 / 금융시장·거래,1.0,1.0,1.0,0,,0,
KO-FIN-00765,기관화현상이 무엇인지 설명해 주세요.,โปรดอธิบายว่า การนำเข้าสู่ระบบสถาบัน คืออะไร,기관화현상,기관화현상,True,주식,,1.0,1.0,1.0,0,,40,기관화현상
KO-FIN-00769,기대수익률이 무엇인지 설명해 주세요.,โปรดอธิบายว่า อัตราผลตอบแทนที่คาดการณ์ คืออะไร,기대수익률,기대수익률,True,주식,,1.0,1.0,1.0,0,,0,
KO-FIN-00776,기대이론은 심사 결과에 따라 이용 가능 여부가 달라질 수 있습니다.,การมี ทฤษฎีความคาดหวัง อาจแตกต่างกันไปขึ้นอยู่กับผลการประเมิน,기대이론,기대이론,True,대출,자산운용·투자,1.0,1.0,1.0,0,,0,
KO-FIN-00778,기말계속예탁제도 처리 절차를 확인하고 싶습니다.,ผมต้องการตรวจสอบขั้นตอนการดำเนินการสำหรับ ระบบผู้รับฝากต่อเนื่องเมื่อสิ้นสุดวาระ,기말계속예탁제도,기말계속예탁제도,True,증권·예탁,주식 / 법률·계약,1.0,1.0,1.0,0,,40,기말계속예탁제도
KO-FIN-00781,기명날인이 금융거래에서 무엇을 의미하나요?,ลงนามและประทับตรา หมายถึงอะไรในธุรกรรมทางการเงินนี้?,기명날인,기명날인,True,법률·계약,,1.0,1.0,1.0,0,,40,기명날인
KO-FIN-00786,기명사채의 조건과 수익 구조를 확인하고 싶습니다.,ผมต้องการตรวจสอบเงื่อนไขและโครงสร้างค่าตอบแทนของ พันธบัตรจดทะเบียน,기명사채,기명사채,True,채권,,1.0,1.0,1.0,0,,40,기명사채
KO-FIN-00789,기명주식이 무엇인지 설명해 주세요.,กรุณาอธิบายว่า หุ้นจดทะเบียน คืออะไร,기명주식,기명주식,True,주식,증권·예탁,1.0,1.0,1.0,0,,20,기명주식
KO-FIN-00794,기본적분석은 금융상품을 분석할 때 어떻게 사용되나요?,การวิเคราะห์พื้นฐาน ถูกใช้อย่างไรในการวิเคราะห์ผลิตภัณฑ์ทางการเงิน?,기본적분석,기본적분석,True,금융공학·분석,,1.0,1.0,1.0,0,,0,
KO-FIN-00796,기본적분석의 결과는 사용한 가정과 시장 데이터에 따라 달라질 수 있습니다.,ผลลัพธ์ของ การวิเคราะห์พื้นฐาน อาจแตกต่างกันไปขึ้นอยู่กับสมมติฐานและข้อมูลตลาดที่ใช้,기본적분석,기본적분석,True,금융공학·분석,,1.0,1.0,1.0,0,,0,
KO-FIN-00798,기세와 관련된 시장 정보를 확인하고 싶습니다.,ผมต้องการตรวจสอบข้อมูลตลาดที่เกี่ยวข้องกับ โมเมนตัม,기세,기세,True,금융시장·거래,,1.0,1.0,1.0,0,,70,기세
KO-FIN-00802,기술적분석은 금융상품을 분석할 때 어떻게 사용되나요?,การวิเคราะห์ทางเทคนิค ถูกใช้อย่างไรในการวิเคราะห์ผลิตภัณฑ์ทางการเงิน?,기술적분석,기술적분석,True,금융공학·분석,,1.0,1.0,1.0,0,,0,
KO-FIN-00804,기술적분석의 결과는 사용한 가정과 시장 데이터에 따라 달라질 수 있습니다.,ผลลัพธ์ของ การวิเคราะห์ทางเทคนิค อาจแตกต่างกันไปขึ้นอยู่กับสมมติฐานและข้อมูลตลาดที่ใช้,기술적분석,기술적분석,True,금융공학·분석,,1.0,1.0,1.0,0,,0,
KO-FIN-00806,기어링 레이쇼에서 이용할 수 있는 금융업무는 무엇인가요?,อัตราทดเกียร์ มีบริการทางการเงินอะไรบ้าง?,기어링 레이쇼,기어링 레이쇼,True,금융기관·은행,,1.0,1.0,1.0,0,,0,
KO-FIN-00812,기업공개의 세부 조건과 절차는 거래 유형에 따라 달라질 수 있습니다.,เงื่อนไขและขั้นตอนเฉพาะสำหรับ การเสนอขายหุ้นต่อประชาชนครั้งแรก อาจแตกต่างกันไปตามประเภทของธุรกรรม,기업공개,기업공개,True,기업금융·자본조달,주식 / 자산운용·투자 / 금융시장·거래,1.0,1.0,1.0,0,,20,기업공개
KO-FIN-00814,기업회계기준을 통해 어떤 정보를 확인할 수 있나요?,ฉันสามารถค้นหาข้อมูลอะไรได้ผ่าน มาตรฐานการบัญชีสำหรับบริษัท?,기업회계기준,기업회계기준,True,회계·재무,금융법규·감독,1.0,1.0,1.0,0,,0,
KO-FIN-00816,기업회계기준은 기준 시점과 작성 기준을 함께 확인해야 합니다.,สำหรับ มาตรฐานการบัญชีสำหรับบริษัท ต้องตรวจสอบทั้งวันที่อ้างอิงและหลักการจัดทำ,기업회계기준,기업회계기준,True,회계·재무,금융법규·감독,1.0,1.0,1.0,0,,0,
KO-FIN-00817,기준일이 금융거래에서 무엇을 의미하나요?,วันที่บันทึก หมายถึงอะไรในธุรกรรมทางการเงินนี้?,기준일,기준일,True,법률·계약,,1.0,1.0,1.0,0,,40,기준일
KO-FIN-00821,기채시장이 무엇인지 설명해 주세요.,กรุณาอธิบายว่า ตลาดพันธบัตร คืออะไร,기채시장,기채시장,True,채권,금융시장·거래,1.0,1.0,1.0,0,,0,
KO-FIN-00825,기초자산이 무엇인지 쉽게 설명해 주세요.,โปรดอธิบายด้วยคำง่ายๆ ว่า สินทรัพย์พื้นฐาน คืออะไร,기초자산,기초자산,True,파생상품,,1.0,1.0,1.0,0,,0,
KO-FIN-00830,기축통화와 관련된 거래 조건을 확인하고 싶습니다.,ผมต้องการตรวจสอบเงื่อนไขและข้อกำหนดที่เกี่ยวข้องกับ สกุลเงินสำรอง,기축통화,기축통화,True,국제금융,,1.0,1.0,1.0,0,,40,기축통화
KO-FIN-00833,기한부어음이 무엇인지 설명해 주세요.,โปรดอธิบายว่า ใบสัญญาหนี้ที่มีวันครบกำหนดชำระที่แน่นอน คืออะไร,기한부어음,기한부어음,True,증권·예탁,,1.0,1.0,1.0,0,,40,기한부어음
KO-FIN-00839,기회비용과 관련된 투자 정보를 확인하고 싶습니다.,ผมต้องการตรวจสอบข้อมูลการลงทุนที่เกี่ยวข้องกับ ต้นทุนโอกาส,기회비용,기회비용,True,자산운용·투자,,1.0,1.0,1.0,0,,20,기회비용
KO-FIN-00841,나스닥이 무엇을 의미하나요?,แนสแด็ก หมายความว่าอะไร?,나스닥,나스닥,True,금융시장·거래,,1.0,1.0,1.0,0,,0,
KO-FIN-00846,납입자본금을 통해 어떤 정보를 확인할 수 있나요?,สามารถค้นหาข้อมูลใดได้ผ่าน ทุนจดทะเบียนที่ชำระแล้ว?,납입자본금,납입자본금,True,회계·재무,,1.0,1.0,1.0,0,,40,납입자본금
KO-FIN-00848,납입자본금은 기준 시점과 작성 기준을 함께 확인해야 합니다.,สำหรับ ทุนจดทะเบียนที่ชำระแล้ว ต้องตรวจสอบทั้งวันที่อ้างอิงและหลักการจัดทำ,납입자본금,납입자본금,True,회계·재무,,1.0,1.0,1.0,0,,40,납입자본금
KO-FIN-00850,납회 처리 절차를 확인하고 싶습니다.,ผมต้องการตรวจสอบขั้นตอนการดำเนินการสำหรับ พิธีปิด,납회,납회,True,증권·예탁,금융시장·거래,1.0,1.0,1.0,0,,80,납회
KO-FIN-00855,내부결제 과정에서 문제가 발생한 것 같습니다.,ดูเหมือนว่าเกิดปัญหาขึ้นระหว่างกระบวนการ การโอนเงินภายใน,내부결제,내부결제,True,지급결제·청산,,1.0,1.0,1.0,0,,20,내부결제
KO-FIN-00858,내부금융은 어디에서 확인할 수 있나요?,ฉันสามารถหา การจัดหาเงินทุนภายใน ได้ที่ไหน?,내부금융,내부금융,True,계좌,,1.0,1.0,1.0,0,,0,
KO-FIN-00859,내부금융이 정상적으로 표시되지 않습니다.,การจัดหาเงินทุนภายใน ไม่แสดงอย่างถูกต้อง,내부금융,내부금융,True,계좌,,1.0,1.0,1.0,0,,0,
KO-FIN-00863,내부수익률과 관련된 투자 정보를 확인하고 싶습니다.,ผมต้องการตรวจสอบข้อมูลการลงทุนที่เกี่ยวข้องกับ อัตราผลตอบแทนภายใน,내부수익률,내부수익률,True,자산운용·투자,,1.0,1.0,1.0,0,,0,
KO-FIN-00867,내부유보와 관련해 투자 전에 확인해야 할 사항이 있나요?,มีข้อใดบ้างที่ฉันควรตรวจสอบก่อนที่จะลงทุนใน กำไรที่เก็บไว้?,내부유보,내부유보,True,주식,,1.0,1.0,1.0,0,,40,내부유보
KO-FIN-00870,내부자거래와 관련된 시장 정보를 확인하고 싶습니다.,ผมต้องการตรวจสอบข้อมูลตลาดที่เกี่ยวข้องกับ การซื้อขายข้อมูลภายใน,내부자거래,내부자거래,True,금융시장·거래,자산운용·투자 / 증권·예탁 / 금융법규·감독 / 법률·계약,1.0,1.0,1.0,0,,0,
KO-FIN-00874,내재가치 처리 절차를 확인하고 싶습니다.,ผมต้องการตรวจสอบขั้นตอนการดำเนินการสำหรับ มูลค่าภายใน,내재가치,내재가치,True,증권·예탁,,1.0,1.0,1.0,0,,0,
KO-FIN-00879,누적적 우선주와 관련해 투자 전에 확인해야 할 사항이 있나요?,มีข้อใดบ้างที่ฉันควรตรวจสอบก่อนที่จะลงทุนใน หุ้นสิทธิพิเศษแบบสะสม?,누적적 우선주,누적적 우선주,True,주식,,1.0,1.0,1.0,0,,0,
KO-FIN-00883,누적적참가우선주와 관련해 투자 전에 확인해야 할 사항이 있나요?,มีข้อใดบ้างที่ควรตรวจสอบก่อนที่จะลงทุนใน หุ้นสิทธิพิเศษแบบสะสม?,누적적참가우선주,누적적참가우선주,True,주식,,1.0,1.0,1.0,0,,20,누적적참가우선주
KO-FIN-00887,누적투표제와 관련해 투자 전에 확인해야 할 사항이 있나요?,มีข้อใดบ้างที่ฉันควรตรวจสอบก่อนที่จะลงทุนใน ระบบการลงคะแนนแบบสะสม?,누적투표제,누적투표제,True,주식,,1.0,1.0,1.0,0,,0,
KO-FIN-00891,뉴라운드와 관련된 투자 정보를 확인하고 싶습니다.,ผมต้องการดูข้อมูลการลงทุนที่เกี่ยวข้องกับ รอบใหม่,뉴라운드,뉴라운드,True,자산운용·투자,,1.0,1.0,1.0,0,,40,뉴라운드
KO-FIN-00896,뉴욕증권거래소를 확인할 때 시장 상황과 거래 조건을 함께 살펴보세요.,เมื่อวิเคราะห์ ตลาดหลักทรัพย์นิวยอร์ก ให้แน่ใจว่าได้พิจารณาถึงสภาพตลาดและเงื่อนไขการซื้อขายด้วย,뉴욕증권거래소,뉴욕증권거래소,True,금융시장·거래,증권·예탁,1.0,1.0,1.0,0,,0,
KO-FIN-00898,니케이 평균지수와 관련된 시장 정보를 확인하고 싶습니다.,ผมต้องการตรวจสอบข้อมูลตลาดที่เกี่ยวข้องกับ ดัชนีนิเคอิ,니케이 평균지수,니케이 평균지수,True,금융시장·거래,주식,1.0,1.0,1.0,0,,40,니케이 평균지수
KO-FIN-00901,다자간 차감이 무엇인지 설명해 주세요.,กรุณาอธิบายว่า การหักลดหย่อนแบบหลายฝ่าย คืออะไร,다자간 차감,다자간 차감,True,지급결제·청산,,1.0,1.0,1.0,0,,40,다자간 차감
KO-FIN-00906,다지수모형은 금융상품을 분석할 때 어떻게 사용되나요?,แบบจำลองหลายตัวแปร ถูกใช้อย่างไรในการวิเคราะห์ผลิตภัณฑ์ทางการเงิน?,다지수모형,다지수모형,True,금융공학·분석,,1.0,1.0,1.0,0,,40,다지수모형
KO-FIN-00908,다지수모형의 결과는 사용한 가정과 시장 데이터에 따라 달라질 수 있습니다.,ผลลัพธ์ของ แบบจำลองหลายตัวแปร อาจแตกต่างกันไปขึ้นอยู่กับสมมติฐานและข้อมูลตลาดที่ใช้,다지수모형,다지수모형,True,금융공학·분석,,1.0,1.0,1.0,0,,40,다지수모형
KO-FIN-00909,단기금융시장 상호기금이 무엇을 의미하나요?,กองทุนรวมตลาดเงินระยะสั้น หมายความว่าอะไร?,단기금융시장 상호기금,단기금융시장 상호기금,True,금융시장·거래,,1.0,1.0,1.0,0,,20,단기금융시장 상호기금
KO-FIN-00913,단기금융시장이 무엇을 의미하나요?,ตลาดเงินระยะสั้น หมายความว่าอะไร?,단기금융시장,단기금융시장,True,금융시장·거래,대출,1.0,1.0,1.0,0,,0,
KO-FIN-00918,단기채의 조건과 수익 구조를 확인하고 싶습니다.,ผมต้องการตรวจสอบเงื่อนไขและโครงสร้างรายได้ของ พันธบัตรระยะสั้น,단기채,단기채,True,채권,,1.0,1.0,1.0,0,,0,
KO-FIN-00921,단독주주권이 무엇인지 설명해 주세요.,โปรดอธิบายว่า สิทธิของผู้ถือหุ้นรายเดียว คืออะไร,단독주주권,단독주주권,True,주식,,1.0,1.0,1.0,0,,0,
KO-FIN-00926,단순보관연계 처리 절차를 확인하고 싶습니다.,ผมต้องการตรวจสอบขั้นตอนการดำเนินการสำหรับ ระบบเชื่อมต่อสำหรับการจัดเก็บแบบเรียบง่าย,단순보관연계,단순보관연계,True,증권·예탁,지급결제·청산,1.0,1.0,1.0,0,,50,단순보관연계
KO-FIN-00931,단순주가지수와 관련해 투자 전에 확인해야 할 사항이 있나요?,มีข้อใดบ้างที่ฉันควรตรวจสอบก่อนที่จะลงทุนใน ดัชนีราคาหุ้นแบบง่าย?,단순주가지수,단순주가지수,True,주식,,1.0,1.0,1.0,0,,20,단순주가지수
KO-FIN-00933,단순주가평균이 무엇인지 설명해 주세요.,กรุณาอธิบายว่า ราคาหุ้นเฉลี่ยแบบธรรมดา คืออะไร,단순주가평균,단순주가평균,True,주식,,1.0,1.0,1.0,0,,40,단순주가평균
KO-FIN-00939,단위형 투자신탁에 가입하기 전에 어떤 점을 확인해야 하나요?,ควรตรวจสอบอะไรก่อนสมัคร กองทุนลงทุนแบบหน่วย?,단위형 투자신탁,단위형 투자신탁,True,펀드·신탁,자산운용·투자,1.0,1.0,1.0,0,,20,단위형 투자신탁
KO-FIN-00942,단일지수모형은 금융상품을 분석할 때 어떻게 사용되나요?,แบบจำลองดัชนีเดียว ถูกใช้อย่างไรในการวิเคราะห์ผลิตภัณฑ์ทางการเงิน?,단일지수모형,단일지수모형,True,금융공학·분석,,1.0,1.0,1.0,0,,20,단일지수모형
KO-FIN-00944,단일지수모형의 결과는 사용한 가정과 시장 데이터에 따라 달라질 수 있습니다.,ผลลัพธ์ของ แบบจำลองดัชนีเดียว อาจแตกต่างกันไปขึ้นอยู่กับสมมติฐานและข้อมูลตลาดที่ใช้,단일지수모형,단일지수모형,True,금융공학·분석,,1.0,1.0,1.0,0,,20,단일지수모형
KO-FIN-00946,단주와 관련된 시장 정보를 확인하고 싶습니다.,ผมต้องการตรวจสอบข้อมูลตลาดที่เกี่ยวข้องกับ การงดเว้น,단주,단주,True,금융시장·거래,주식,1.0,1.0,1.0,0,,70,단주
KO-FIN-00949,단주매각대금이 무엇을 의미하나요?,รายได้จากการขายหุ้น หมายความว่าอะไร?,단주매각대금,단주매각대금,True,금융시장·거래,주식,1.0,1.0,1.0,0,,40,단주매각대금
KO-FIN-00954,담보거래와 관련된 시장 정보를 확인하고 싶습니다.,ผมต้องการตรวจสอบข้อมูลตลาดที่เกี่ยวข้องกับ การซื้อขายที่มีสินทรัพย์ค้ำประกัน,담보거래,담보거래,True,금융시장·거래,채권 / 증권·예탁,1.0,1.0,1.0,0,,20,담보거래
KO-FIN-00958,담보관리제도 처리 절차를 확인하고 싶습니다.,ผมต้องการตรวจสอบขั้นตอนการดำเนินการสำหรับ ระบบจัดการสินทรัพย์ค้ำประกัน,담보관리제도,담보관리제도,True,증권·예탁,,1.0,1.0,1.0,0,,20,담보관리제도
KO-FIN-00961,담보물이 무엇인지 설명해 주세요.,กรุณาอธิบายว่า หลักประกัน คืออะไร,담보물,담보물,True,증권·예탁,,1.0,1.0,1.0,0,,20,담보물
KO-FIN-00966,담보부사채의 조건과 수익 구조를 확인하고 싶습니다.,ผมต้องการตรวจสอบเงื่อนไขและโครงสร้างรายได้ของ พันธบัตรที่มีหลักประกัน,담보부사채,담보부사채,True,채권,,1.0,1.0,1.0,0,,40,담보부사채
KO-FIN-00969,담보유가증권이 무엇인지 설명해 주세요.,โปรดอธิบายว่า หลักทรัพย์ที่มีหลักประกัน คืออะไร,담보유가증권,담보유가증권,True,증권·예탁,,1.0,1.0,1.0,0,,40,담보유가증권
KO-FIN-00975,담보유지비율과 관련된 투자 정보를 확인하고 싶습니다.,ผมต้องการตรวจสอบข้อมูลการลงทุนที่เกี่ยวข้องกับ อัตราส่วนการรักษามาร์จิ้น,담보유지비율,담보유지비율,True,자산운용·투자,증권·예탁,1.0,1.0,1.0,0,,20,담보유지비율
KO-FIN-00978,당일결제거래와 관련된 시장 정보를 확인하고 싶습니다.,ผมต้องการตรวจสอบข้อมูลตลาดที่เกี่ยวข้องกับ ธุรกรรมชำระเงินในวันเดียวกัน,당일결제거래,당일결제거래,True,금융시장·거래,지급결제·청산,1.0,1.0,1.0,0,,0,
KO-FIN-00981,당일자금이 무엇인지 설명해 주세요.,โปรดอธิบายว่า การโอนเงินในวันเดียวกัน คืออะไร,당일자금,당일자금,True,지급결제·청산,,1.0,1.0,1.0,0,,40,당일자금
KO-FIN-00988,당좌대월은 심사 결과에 따라 이용 가능 여부가 달라질 수 있습니다.,การมี การเบิกเกินบัญชี อาจแตกต่างกันไปขึ้นอยู่กับผลการประเมิน,당좌대월,당좌대월,True,대출,,1.0,1.0,1.0,0,,40,당좌대월
KO-FIN-00992,당좌차월은 심사 결과에 따라 이용 가능 여부가 달라질 수 있습니다.,การมี การเบิกเกินบัญชี อาจแตกต่างกันไปขึ้นอยู่กับผลการประเมิน,당좌차월,당좌차월,True,대출,,1.0,1.0,1.0,0,,40,당좌차월
KO-FIN-00993,대권이 무엇인지 설명해 주세요.,กรุณาอธิบายว่า การเลือกตั้งประธานาธิบดี คืออะไร,대권,대권,True,증권·예탁,,1.0,1.0,1.0,0,,70,대권
KO-FIN-00999,대금지급보증시스템 과정에서 문제가 발생한 것 같습니다.,ดูเหมือนว่าเกิดปัญหาขึ้นระหว่างกระบวนการ ระบบรับประกันการชำระเงิน,대금지급보증시스템,대금지급보증시스템,True,지급결제·청산,신용·리스크,1.0,1.0,1.0,0,,0,
KO-FIN-01003,대기시스템 과정에서 문제가 발생한 것 같습니다.,ดูเหมือนว่าเกิดปัญหาขึ้นในกระบวนการ ระบบจัดการอากาศ,대기시스템,대기시스템,True,지급결제·청산,,1.0,1.0,1.0,0,,0,
KO-FIN-01006,대량매매와 관련된 시장 정보를 확인하고 싶습니다.,ผมต้องการตรวจสอบข้อมูลตลาดที่เกี่ยวข้องกับ การซื้อขายแบบบล็อก,대량매매,대량매매,True,금융시장·거래,,1.0,1.0,1.0,0,,20,대량매매
KO-FIN-01010,대량주식보유상황공시제도와 관련된 정보를 확인하고 싶습니다.,ผมต้องการตรวจสอบข้อมูลที่เกี่ยวข้องกับ ระบบการเปิดเผยข้อมูลการถือหุ้นในปริมาณมาก,대량주식보유상황공시제도,대량주식보유상황공시제도,True,주식,금융법규·감독 / 자산운용·투자 / 금융시장·거래,1.0,1.0,1.0,0,,40,대량주식보유상황공시제도
KO-FIN-01013,대량주식소유의 제한이 무엇인지 설명해 주세요.,กรุณาอธิบายว่า ข้อจำกัดในการถือหุ้นในปริมาณมาก คืออะไร,대량주식소유의 제한,대량주식소유의 제한,True,주식,금융법규·감독,1.0,1.0,1.0,0,,20,대량주식소유의 제한
KO-FIN-01018,대변이체시스템을 이용하려면 어떻게 해야 하나요?,ใช้ ระบบถ่ายโอนอุจจาระ อย่างไร?,대변이체시스템,대변이체시스템,True,이체,,1.0,1.0,1.0,0,,20,대변이체시스템
KO-FIN-01020,대변이체시스템을 진행하기 전에 입력한 정보를 다시 확인해 주세요.,โปรดตรวจสอบข้อมูลที่คุณได้กรอกไว้อีกครั้งก่อนที่จะดำเนินการต่อกับ ระบบถ่ายโอนอุจจาระ,대변이체시스템,대변이체시스템,True,이체,,1.0,1.0,1.0,0,,20,대변이체시스템
KO-FIN-01021,대용가격이 무엇을 의미하나요?,ราคาทดแทน หมายความว่าอะไร?,대용가격,대용가격,True,금융시장·거래,,1.0,1.0,1.0,0,,0,
KO-FIN-01025,대용증거금 필요액이 무엇인지 쉽게 설명해 주세요.,โปรดอธิบายด้วยคำง่ายๆ ว่า จำนวนมาร์จิ้นทดแทนที่จำเป็น คืออะไร,대용증거금 필요액,대용증거금 필요액,True,파생상품,증권·예탁 / 금융시장·거래,1.0,1.0,1.0,0,,40,대용증거금 필요액
KO-FIN-01029,대용증권이 무엇인지 설명해 주세요.,โปรดอธิบายว่า หลักทรัพย์แทน คืออะไร,대용증권,대용증권,True,증권·예탁,금융시장·거래 / 주식,1.0,1.0,1.0,0,,40,대용증권
KO-FIN-01035,대주에 대해 상담받고 싶습니다.,ผมต้องการหารือเกี่ยวกับ ผู้ถือหุ้นหลัก,대주,대주,True,대출,금융시장·거래,1.0,1.0,1.0,0,,70,대주
KO-FIN-01037,대주비율이 무엇을 의미하나요?,อัตราส่วนหนี้ต่อทุน หมายความว่าอะไร?,대주비율,대주비율,True,금융시장·거래,주식,1.0,1.0,1.0,0,,0,
KO-FIN-01042,대주주와 관련된 정보를 확인하고 싶습니다.,ผมต้องการตรวจสอบข้อมูลที่เกี่ยวข้องกับ ผู้ถือหุ้นหลัก,대주주,대주주,True,주식,,1.0,1.0,1.0,0,,0,
KO-FIN-01047,대차수수료에 대해 상담받고 싶습니다.,ผมต้องการหารือเกี่ยวกับ ค่าธรรมเนียมสินเชื่อ,대차수수료,대차수수료,True,대출,증권·예탁,1.0,1.0,1.0,0,,0,
KO-FIN-01049,대체거래시스템이 무엇을 의미하나요?,ระบบซื้อขายทางเลือก หมายความว่าอะไร?,대체거래시스템,대체거래시스템,True,금융시장·거래,,1.0,1.0,1.0,0,,0,
KO-FIN-01053,대체결제제도가 무엇인지 설명해 주세요.,กรุณาอธิบายว่า ระบบการชำระเงินทางเลือก คืออะไร,대체결제제도,대체결제제도,True,지급결제·청산,증권·예탁 / 금융시장·거래 / 자산운용·투자,1.0,1.0,1.0,0,,20,대체결제제도
KO-FIN-01057,대체물/대체성이 무엇인지 설명해 주세요.,โปรดอธิบายว่า สินค้าทดแทน/ความสามารถในการทดแทน คืออะไร,대체물/대체성,대체물/대체성,True,증권·예탁,,1.0,1.0,1.0,0,,20,대체물/대체성
KO-FIN-01063,대체비용위험을 줄이려면 어떤 점을 확인해야 하나요?,ควรตรวจสอบอะไรเพื่อลด ความเสี่ยงด้านต้นทุนการทดแทน?,대체비용위험,대체비용위험,True,신용·리스크,,1.0,1.0,1.0,0,,0,
KO-FIN-01064,대체비용위험은 거래 조건이나 이용 가능 여부에 영향을 줄 수 있습니다.,ความเสี่ยงด้านต้นทุนการทดแทน อาจส่งผลต่อเงื่อนไขการซื้อขายหรือความพร้อมให้บริการ,대체비용위험,대체비용위험,True,신용·리스크,,1.0,1.0,1.0,0,,0,
KO-FIN-01065,대표소송이 무엇인지 설명해 주세요.,กรุณาอธิบายว่า คดีแบบกลุ่ม คืออะไร,대표소송,대표소송,True,주식,법률·계약,1.0,1.0,1.0,0,,40,대표소송
KO-FIN-01069,대표채권이 무엇인지 설명해 주세요.,โปรดอธิบายว่า พันธบัตรตัวแทน คืออะไร,대표채권,대표채권,True,채권,자산운용·투자,1.0,1.0,1.0,0,,40,대표채권
KO-FIN-01073,대행업무 수탁계약이 금융거래에서 무엇을 의미하나요?,สัญญาบริการตัวแทน หมายถึงอะไรในธุรกรรมทางการเงินนี้?,대행업무 수탁계약,대행업무 수탁계약,True,법률·계약,증권·예탁 / 펀드·신탁 / 주식,1.0,1.0,1.0,0,,20,대행업무 수탁계약
KO-FIN-01079,데드크로스와 관련해 투자 전에 확인해야 할 사항이 있나요?,มีข้อใดบ้างที่ฉันควรตรวจสอบก่อนที่จะลงทุนใน เดด ครอส?,데드크로스,데드크로스,True,주식,,1.0,1.0,1.0,0,,0,
KO-FIN-01083,독일증권시장의 주가지수와 관련해 투자 전에 확인해야 할 사항이 있나요?,มีข้อใดบ้างที่ฉันควรตรวจสอบก่อนที่จะลงทุนใน ดัชนีตลาดหุ้นของตลาดหุ้นเยอรมัน?,독일증권시장의 주가지수,독일증권시장의 주가지수,True,주식,금융시장·거래 / 증권·예탁,1.0,1.0,1.0,0,,0,
KO-FIN-01086,동시호가와 관련된 시장 정보를 확인하고 싶습니다.,ผมต้องการตรวจสอบข้อมูลตลาดที่เกี่ยวข้องกับ การประมูลพร้อมกัน,동시호가,동시호가,True,금융시장·거래,,1.0,1.0,1.0,0,,40,동시호가
KO-FIN-01090,동일주주와 관련된 정보를 확인하고 싶습니다.,ผมต้องการตรวจสอบข้อมูลที่เกี่ยวข้องกับ ผู้ถือหุ้นเดียวกัน,동일주주,동일주주,True,주식,증권·예탁,1.0,1.0,1.0,0,,20,동일주주
KO-FIN-01095,동증주가지수와 관련해 투자 전에 확인해야 할 사항이 있나요?,มีข้อใดบ้างที่ควรตรวจสอบก่อนที่จะลงทุนใน ดัชนีตลาดหุ้นเกาหลี?,동증주가지수,동증주가지수,True,주식,금융시장·거래,1.0,1.0,1.0,0,,40,동증주가지수
KO-FIN-01098,듀레이션은 금융상품을 분석할 때 어떻게 사용되나요?,ระยะเวลา ถูกใช้อย่างไรในการวิเคราะห์ผลิตภัณฑ์ทางการเงิน?,듀레이션,듀레이션,True,금융공학·분석,,1.0,1.0,1.0,0,,40,듀레이션
KO-FIN-01100,듀레이션의 결과는 사용한 가정과 시장 데이터에 따라 달라질 수 있습니다.,ผลลัพธ์ของ ระยะเวลา อาจแตกต่างกันไปขึ้นอยู่กับสมมติฐานและข้อมูลตลาดที่ใช้,듀레이션,듀레이션,True,금융공학·분석,,1.0,1.0,1.0,0,,40,듀레이션
KO-FIN-01102,등가수익률의 적용 기준을 알려주세요.,ขอความกรุณาอธิบายเกณฑ์การสมัคร ผลผลิตที่เทียบเท่า ได้ไหมครับ?,등가수익률,등가수익률,True,세금,,1.0,1.0,1.0,0,,40,등가수익률
KO-FIN-01104,등가수익률의 적용 여부는 거래 유형과 세법에 따라 달라질 수 있습니다.,การที่ใช้ ผลผลิตที่เทียบเท่า หรือไม่ อาจแตกต่างกันไปตามประเภทของธุรกรรมและกฎหมายภาษี,등가수익률,등가수익률,True,세금,,1.0,1.0,1.0,0,,40,등가수익률
KO-FIN-01105,등록기관이 무엇인지 설명해 주세요.,โปรดอธิบายว่า องค์กรที่จดทะเบียน คืออะไร,등록기관,등록기관,True,증권·예탁,채권,1.0,1.0,1.0,0,,20,등록기관
KO-FIN-01109,등록대리인이 금융거래에서 무엇을 의미하나요?,ตัวแทนจดทะเบียน หมายถึงอะไรในธุรกรรมทางการเงินนี้?,등록대리인,등록대리인,True,법률·계약,금융시장·거래 / 증권·예탁,1.0,1.0,1.0,0,,0,
KO-FIN-01113,등록법인이 무엇인지 설명해 주세요.,โปรดอธิบายว่า บริษัทที่จดทะเบียน คืออะไร,등록법인,등록법인,True,증권·예탁,펀드·신탁 / 금융시장·거래 / 금융법규·감독 / 채권,1.0,1.0,1.0,0,,20,등록법인
KO-FIN-01117,등록질이 무엇인지 설명해 주세요.,กรุณาอธิบายว่า คำถามเกี่ยวกับการลงทะเบียน คืออะไร,등록질,등록질,True,주식,금융법규·감독,1.0,1.0,1.0,0,,0,
KO-FIN-01121,등록채권이 무엇인지 설명해 주세요.,โปรดอธิบายว่า หนี้ที่จดทะเบียน คืออะไร,등록채권,등록채권,True,채권,,1.0,1.0,1.0,0,,20,등록채권
KO-FIN-01126,"등록필증, 등록필통지서의 조건과 수익 구조를 확인하고 싶습니다.","ผมต้องการตรวจสอบเงื่อนไขและโครงสร้างรายได้ของ ใบรับรองการจดทะเบียน, ประกาศการจดทะเบียน","등록필증, 등록필통지서","등록필증, 등록필통지서",True,채권,,1.0,1.0,1.0,0,,0,
KO-FIN-01130,디스카운트 브로커와 관련된 시장 정보를 확인하고 싶습니다.,ผมต้องการตรวจสอบข้อมูลตลาดที่เกี่ยวข้องกับ โบรกเกอร์ค่าคอมมิชชันต่ำ,디스카운트 브로커,디스카운트 브로커,True,금융시장·거래,,1.0,1.0,1.0,0,,20,디스카운트 브로커
KO-FIN-01136,딜러를 확인할 때 시장 상황과 거래 조건을 함께 살펴보세요.,เมื่อพิจารณา ผู้จำหน่าย ให้แน่ใจว่าได้พิจารณาทั้งสภาพตลาดและเงื่อนไขการซื้อขาย,딜러,딜러,True,금융시장·거래,증권·예탁,1.0,1.0,1.0,0,,70,딜러
KO-FIN-01138,랜덤워크가설은 금융상품을 분석할 때 어떻게 사용되나요?,สมมติฐานการเดินแบบสุ่ม ถูกใช้อย่างไรในการวิเคราะห์ผลิตภัณฑ์ทางการเงิน?,랜덤워크가설,랜덤워크가설,True,금융공학·분석,,1.0,1.0,1.0,0,,40,랜덤워크가설
KO-FIN-01140,랜덤워크가설의 결과는 사용한 가정과 시장 데이터에 따라 달라질 수 있습니다.,ผลลัพธ์ของ สมมติฐานการเดินแบบสุ่ม อาจแตกต่างกันไปขึ้นอยู่กับสมมติฐานและข้อมูลตลาดที่ใช้,랜덤워크가설,랜덤워크가설,True,금융공학·분석,,1.0,1.0,1.0,0,,40,랜덤워크가설
KO-FIN-01143,랩 어카운트와 관련된 투자 정보를 확인하고 싶습니다.,ผมต้องการตรวจสอบข้อมูลการลงทุนที่เกี่ยวข้องกับ บัญชีห้องปฏิบัติการ,랩 어카운트,랩 어카운트,True,자산운용·투자,,1.0,1.0,1.0,0,,40,랩 어카운트
KO-FIN-01146,런던은행간 대출금리에서 이용할 수 있는 금융업무는 무엇인가요?,มีบริการทางการเงินใดบ้างที่ อัตราดอกเบี้ยระหว่างธนาคารในลอนดอน (LIBOR)?,런던은행간 대출금리,런던은행간 대출금리,True,금융기관·은행,대출 / 계좌,1.0,1.0,1.0,0,,20,런던은행간 대출금리
KO-FIN-01150,런던은행간 예금금리에서 이용할 수 있는 금융업무는 무엇인가요?,อัตราดอกเบี้ยระหว่างธนาคารในลอนดอน (LIBOR) มีบริการทางการเงินใดบ้าง?,런던은행간 예금금리,런던은행간 예금금리,True,금융기관·은행,예금상품,1.0,1.0,1.0,0,,20,런던은행간 예금금리
KO-FIN-01154,레버리지 효과는 어디에서 확인할 수 있나요?,ฉันสามารถหา ผลของเลเวอเรจ ได้ที่ไหน?,레버리지 효과,레버리지 효과,True,계좌,,1.0,1.0,1.0,0,,0,
KO-FIN-01159,마코위츠 이론과 관련된 투자 정보를 확인하고 싶습니다.,ผมต้องการตรวจสอบข้อมูลการลงทุนที่เกี่ยวข้องกับ ทฤษฎีของมาร์คโอวิทซ์,마코위츠 이론,마코위츠 이론,True,자산운용·투자,대출 / 금융공학·분석,1.0,1.0,1.0,0,,0,
KO-FIN-01161,마크다운이 무엇을 의미하나요?,Markdown หมายความว่าอะไร?,마크다운,마크다운,True,금융시장·거래,,1.0,1.0,1.0,0,,0,
KO-FIN-01166,마팅게일모형은 금융상품을 분석할 때 어떻게 사용되나요?,แบบจำลองมาร์ติงเกล ถูกใช้อย่างไรในการวิเคราะห์ผลิตภัณฑ์ทางการเงิน?,마팅게일모형,마팅게일모형,True,금융공학·분석,,1.0,1.0,1.0,0,,40,마팅게일모형
KO-FIN-01168,마팅게일모형의 결과는 사용한 가정과 시장 데이터에 따라 달라질 수 있습니다.,ผลลัพธ์ของ แบบจำลองมาร์ติงเกล อาจแตกต่างกันไปขึ้นอยู่กับสมมติฐานและข้อมูลตลาดที่ใช้,마팅게일모형,마팅게일모형,True,금융공학·분석,,1.0,1.0,1.0,0,,40,마팅게일모형
KO-FIN-01175,만기보유전략과 관련된 투자 정보를 확인하고 싶습니다.,ผมต้องการตรวจสอบข้อมูลการลงทุนที่เกี่ยวข้องกับ กลยุทธ์ถือจนครบกำหนด,만기보유전략,만기보유전략,True,자산운용·투자,,1.0,1.0,1.0,0,,40,만기보유전략
KO-FIN-01177,만기수익률이 무엇인지 설명해 주세요.,โปรดอธิบายว่า อัตราผลตอบแทนจนถึงวันครบกำหนด คืออะไร,만기수익률,만기수익률,True,채권,,1.0,1.0,1.0,0,,20,만기수익률
KO-FIN-01182,매매거래정지와 관련된 시장 정보를 확인하고 싶습니다.,ผมต้องการตรวจสอบข้อมูลตลาดที่เกี่ยวข้องกับ การระงับการซื้อขาย,매매거래정지,매매거래정지,True,금융시장·거래,,1.0,1.0,1.0,0,,40,매매거래정지
KO-FIN-01185,매매거래중단이 무엇을 의미하나요?,การระงับการซื้อขาย หมายความว่าอะไร?,매매거래중단,매매거래중단,True,금융시장·거래,,1.0,1.0,1.0,0,,40,매매거래중단
KO-FIN-01190,매매보고서와 관련된 시장 정보를 확인하고 싶습니다.,ผมต้องการตรวจสอบข้อมูลตลาดที่เกี่ยวข้องกับ รายงานการขาย,매매보고서,매매보고서,True,금융시장·거래,증권·예탁,1.0,1.0,1.0,0,,0,
KO-FIN-01193,매매상대방이 무엇을 의미하나요?,ฝ่ายตรงข้าม หมายความว่าอะไร?,매매상대방,매매상대방,True,금융시장·거래,지급결제·청산,1.0,1.0,1.0,0,,40,매매상대방
KO-FIN-01198,매매심리와 관련된 시장 정보를 확인하고 싶습니다.,ผมต้องการตรวจสอบข้อมูลตลาดที่เกี่ยวข้องกับ อารมณ์ตลาด,매매심리,매매심리,True,금융시장·거래,,1.0,1.0,1.0,0,,40,매매심리
KO-FIN-01201,매매입회장이 무엇을 의미하나요?,ห้องซื้อขาย หมายความว่าอะไร?,매매입회장,매매입회장,True,금융시장·거래,,1.0,1.0,1.0,0,,40,매매입회장
KO-FIN-01206,매매중지장치와 관련된 시장 정보를 확인하고 싶습니다.,ผมต้องการตรวจสอบข้อมูลตลาดที่เกี่ยวข้องกับ กลไกการระงับการซื้อขาย,매매중지장치,매매중지장치,True,금융시장·거래,,1.0,1.0,1.0,0,,40,매매중지장치
KO-FIN-01209,매매확인이 무엇을 의미하나요?,การยืนยันการขาย หมายความว่าอะไร?,매매확인,매매확인,True,금융시장·거래,,1.0,1.0,1.0,0,,40,매매확인
KO-FIN-01213,매출이 무엇인지 설명해 주세요.,โปรดอธิบายว่า มูลค่าการขาย คืออะไร,매출,매출,True,증권·예탁,,1.0,1.0,1.0,0,,50,매출
KO-FIN-01218,멀티미디어금융시대에서 이용할 수 있는 금융업무는 무엇인가요?,ยุคของการเงินมัลติมีเดีย มีบริการทางการเงินอะไรบ้าง?,멀티미디어금융시대,멀티미디어금융시대,True,금융기관·은행,,1.0,1.0,1.0,0,,0,
KO-FIN-01221,명령상장이 무엇을 의미하나요?,จัดเรียงตามลำดับ หมายความว่าอะไร?,명령상장,명령상장,True,금융시장·거래,증권·예탁,1.0,1.0,1.0,0,,40,명령상장
KO-FIN-01225,명목이자율이 무엇인지 설명해 주세요.,โปรดอธิบายว่า อัตราดอกเบี้ยตามชื่อ คืออะไร,명목이자율,명목이자율,True,증권·예탁,,1.0,1.0,1.0,0,,40,명목이자율
KO-FIN-01230,명의개서 대행회사 처리 절차를 확인하고 싶습니다.,ผมต้องการตรวจสอบขั้นตอนการดำเนินการสำหรับ บริษัทรับโอนกรรมสิทธิ์,명의개서 대행회사,명의개서 대행회사,True,증권·예탁,,1.0,1.0,1.0,0,,20,명의개서 대행회사
KO-FIN-01233,명의개서 정지기간이 무엇인지 설명해 주세요.,กรุณาอธิบายว่า ระยะเวลาการระงับการโอนสิทธิ์ในชื่อ คืออะไร,명의개서 정지기간,명의개서 정지기간,True,증권·예탁,주식,1.0,1.0,1.0,0,,20,명의개서 정지기간
KO-FIN-01238,명의개서 처리 절차를 확인하고 싶습니다.,ผมต้องการตรวจสอบขั้นตอนการดำเนินการสำหรับ การโอนกรรมสิทธิ์,명의개서,명의개서,True,증권·예탁,주식,1.0,1.0,1.0,0,,40,명의개서
KO-FIN-01241,명의개서대리인이 무엇인지 설명해 주세요.,กรุณาอธิบายว่า ตัวแทนในการโอนกรรมสิทธิ์ คืออะไร,명의개서대리인,명의개서대리인,True,증권·예탁,법률·계약 / 금융법규·감독,1.0,1.0,1.0,0,,20,명의개서대리인
KO-FIN-01246,명의개서대행업무 처리 절차를 확인하고 싶습니다.,ผมต้องการตรวจสอบขั้นตอนการดำเนินการสำหรับ บริการของสำนักงานโอนกรรมสิทธิ์,명의개서대행업무,명의개서대행업무,True,증권·예탁,,1.0,1.0,1.0,0,,40,명의개서대행업무
KO-FIN-01250,모기지담보부증권과 관련된 금리와 비용을 확인하고 싶습니다.,ผมต้องการตรวจสอบอัตราดอกเบี้ยและค่าธรรมเนียมที่เกี่ยวข้องกับ หลักทรัพย์ที่ได้รับการค้ำประกันด้วยสินเชื่อที่อยู่อาศัย,모기지담보부증권,모기지담보부증권,True,부동산금융,대출 / 증권·예탁,1.0,1.0,1.0,0,,20,모기지담보부증권
KO-FIN-01252,모기지담보부증권은 담보가치와 심사 조건에 따라 이용 조건이 달라질 수 있습니다.,เงื่อนไขและข้อกำหนดของ หลักทรัพย์ที่ได้รับการค้ำประกันด้วยสินเชื่อที่อยู่อาศัย อาจแตกต่างกันไปขึ้นอยู่กับมูลค่าของสินทรัพย์ค้ำประกันและเกณฑ์การประเมิน,모기지담보부증권,모기지담보부증권,True,부동산금융,대출 / 증권·예탁,1.0,1.0,1.0,0,,20,모기지담보부증권
KO-FIN-01255,모듈기업과 관련된 투자 정보를 확인하고 싶습니다.,ผมต้องการดูข้อมูลการลงทุนที่เกี่ยวข้องกับ บริษัทโมดูล,모듈기업,모듈기업,True,자산운용·투자,,1.0,1.0,1.0,0,,20,모듈기업
KO-FIN-01257,모집이 무엇인지 설명해 주세요.,กรุณาอธิบายว่า การรับสมัคร คืออะไร,모집,모집,True,증권·예탁,,1.0,1.0,1.0,0,,70,모집
KO-FIN-01261,모집설립이 무엇인지 설명해 주세요.,โปรดอธิบายว่า การรับสมัครและจัดตั้ง คืออะไร,모집설립,모집설립,True,주식,,1.0,1.0,1.0,0,,40,모집설립
KO-FIN-01266,무권화 처리 절차를 확인하고 싶습니다.,ผมต้องการตรวจสอบขั้นตอนการดำเนินการสำหรับ การยกเลิกการอนุญาต,무권화,무권화,True,증권·예탁,법률·계약,1.0,1.0,1.0,0,,40,무권화
KO-FIN-01269,무기명주식이 무엇인지 설명해 주세요.,กรุณาอธิบายว่า หุ้นผู้ถือ คืออะไร,무기명주식,무기명주식,True,주식,,1.0,1.0,1.0,0,,40,무기명주식
KO-FIN-01273,무기명채권이 무엇인지 설명해 주세요.,โปรดอธิบายว่า พันธบัตรผู้ถือ คืออะไร,무기명채권,무기명채권,True,채권,,1.0,1.0,1.0,0,,0,
KO-FIN-01278,무담보사채의 조건과 수익 구조를 확인하고 싶습니다.,ผมต้องการตรวจสอบเงื่อนไขและโครงสร้างรายได้ของ พันธบัตรบริษัทแบบไม่มีหลักประกัน,무담보사채,무담보사채,True,채권,,1.0,1.0,1.0,0,,20,무담보사채
KO-FIN-01281,무배당이 무엇인지 설명해 주세요.,กรุณาอธิบายว่า ไม่มีเงินปันผล คืออะไร,무배당,무배당,True,주식,,1.0,1.0,1.0,0,,20,무배당
KO-FIN-01287,무배주와 관련해 투자 전에 확인해야 할 사항이 있나요?,มีข้อใดบ้างที่ฉันควรตรวจสอบก่อนที่จะลงทุนใน โซจูไม่มีแอลกอฮอล์?,무배주,무배주,True,주식,,1.0,1.0,1.0,0,,50,무배주
KO-FIN-01290,무보증사채의 조건과 수익 구조를 확인하고 싶습니다.,ผมต้องการตรวจสอบเงื่อนไขและโครงสร้างรายได้ของ พันธบัตรไม่มีหลักประกัน,무보증사채,무보증사채,True,채권,신용·리스크,1.0,1.0,1.0,0,,40,무보증사채
KO-FIN-01294,무상증자와 관련된 정보를 확인하고 싶습니다.,ผมต้องการตรวจสอบข้อมูลที่เกี่ยวข้องกับ ฉบับพิเศษ,무상증자,무상증자,True,주식,,1.0,1.0,1.0,0,,40,무상증자
KO-FIN-01297,무액면주식이 무엇인지 설명해 주세요.,กรุณาอธิบายว่า หุ้นไม่มีมูลค่าที่ตราไว้ คืออะไร,무액면주식,무액면주식,True,주식,,1.0,1.0,1.0,0,,40,무액면주식
KO-FIN-01303,무위험 이자율을 줄이려면 어떤 점을 확인해야 하나요?,ควรคำนึงถึงอะไรเมื่อลด อัตราดอกเบี้ยที่ไม่มีความเสี่ยง?,무위험 이자율,무위험 이자율,True,신용·리스크,자산운용·투자,1.0,1.0,1.0,0,,20,무위험 이자율
KO-FIN-01304,무위험 이자율은 거래 조건이나 이용 가능 여부에 영향을 줄 수 있습니다.,อัตราดอกเบี้ยที่ไม่มีความเสี่ยง อาจส่งผลต่อเงื่อนไขการซื้อขายหรือความพร้อมให้บริการ,무위험 이자율,무위험 이자율,True,신용·리스크,자산운용·투자,1.0,1.0,1.0,0,,20,무위험 이자율
KO-FIN-01307,무의결권주와 관련해 투자 전에 확인해야 할 사항이 있나요?,มีข้อใดบ้างที่ฉันควรตรวจสอบก่อนที่จะลงทุนใน หุ้นไม่มีสิทธิลงเสียง?,무의결권주,무의결권주,True,주식,,1.0,1.0,1.0,0,,40,무의결권주
KO-FIN-01311,무츄얼펀드에 가입하기 전에 어떤 점을 확인해야 하나요?,ควรตรวจสอบอะไรก่อนสมัคร กองทุนรวม?,무츄얼펀드,무츄얼펀드,True,펀드·신탁,자산운용·투자,1.0,1.0,1.0,0,,40,무츄얼펀드
KO-FIN-01316,물상대위의 적용 여부는 계약 내용과 관련 법령을 확인해야 합니다.,เพื่อกำหนดว่า การรับสิทธิแทนจากฝ่ายที่สาม มีผลบังคับใช้หรือไม่ คุณต้องตรวจสอบเนื้อหาของ สัญญา และกฎหมายที่เกี่ยวข้อง,물상대위;계약,물상대위,True,법률·계약,,1.0,1.0,1.0,0,,50,물상대위;계약
KO-FIN-01318,물적담보의 조건과 수익 구조를 확인하고 싶습니다.,ผมต้องการตรวจสอบเงื่อนไขและโครงสร้างรายได้ของ สินทรัพย์ค้ำประกันแบบสิ่งของ,물적담보,물적담보,True,채권,,1.0,1.0,1.0,0,,20,물적담보
KO-FIN-01322,뮤추얼펀드 관리회사의 운용 방식과 수수료를 확인하고 싶습니다.,ผมต้องการตรวจสอบขั้นตอนการดำเนินการและค่าธรรมเนียมของ บริษัทจัดการกองทุนรวม,뮤추얼펀드 관리회사,뮤추얼펀드 관리회사,True,펀드·신탁,,1.0,1.0,1.0,0,,20,뮤추얼펀드 관리회사
KO-FIN-01326,뮤추얼펀드 인수회사의 운용 방식과 수수료를 확인하고 싶습니다.,ผมต้องการตรวจสอบว่า บริษัทที่เชี่ยวชาญในการซื้อกองทุนรวม ทำงานอย่างไร และค่าธรรมเนียมเป็นเท่าใด,뮤추얼펀드 인수회사,뮤추얼펀드 인수회사,True,펀드·신탁,기업금융·자본조달,1.0,1.0,1.0,0,,40,뮤추얼펀드 인수회사
KO-FIN-01329,미국형옵션이 무엇인지 쉽게 설명해 주세요.,โปรดอธิบายด้วยคำง่ายๆ ว่า ตัวเลือกแบบอเมริกัน คืออะไร,미국형옵션,미국형옵션,True,파생상품,,1.0,1.0,1.0,0,,40,미국형옵션
KO-FIN-01334,미발행증권거래와 관련된 시장 정보를 확인하고 싶습니다.,ผมต้องการตรวจสอบข้อมูลตลาดที่เกี่ยวข้องกับ การซื้อขายหลักทรัพย์ที่ยังไม่ได้ออก,미발행증권거래,미발행증권거래,True,금융시장·거래,증권·예탁 / 기업금융·자본조달,1.0,1.0,1.0,0,,0,
KO-FIN-01337,미청산계약이 금융거래에서 무엇을 의미하나요?,สัญญาที่ยังเปิดอยู่ หมายถึงอะไรในธุรกรรมทางการเงินนี้?,미청산계약,미청산계약,True,법률·계약,지급결제·청산 / 금융시장·거래,1.0,1.0,1.0,0,,40,미청산계약
KO-FIN-01341,바벨형 만기구성전략이 무엇인지 설명해 주세요.,กรุณาอธิบายว่า กลยุทธ์การจัดตั้งอุปกรณ์แบบ Babel คืออะไร,바벨형 만기구성전략,바벨형 만기구성전략,True,채권,,1.0,1.0,1.0,0,,20,바벨형 만기구성전략
KO-FIN-01345,바스켓방식에 대해 자세히 알려주세요.,โปรดบอกฉันเพิ่มเติมเกี่ยวกับ วิธีตะกร้า ครับ,바스켓방식,바스켓방식,True,해외송금·외환,,1.0,1.0,1.0,0,,40,바스켓방식
KO-FIN-01346,바스켓방식을 확인하고 싶습니다.,ผมต้องการตรวจสอบ วิธีตะกร้า,바스켓방식,바스켓방식,True,해외송금·외환,,1.0,1.0,1.0,0,,40,바스켓방식
KO-FIN-01349,바흐만보고서가 무엇인지 설명해 주세요.,กรุณาอธิบายว่า รายงานบาคแมนน์ คืออะไร,바흐만보고서,바흐만보고서,True,지급결제·청산,증권·예탁,1.0,1.0,1.0,0,,0,
KO-FIN-01354,반대매매와 관련된 시장 정보를 확인하고 싶습니다.,ผมต้องการตรวจสอบข้อมูลตลาดที่เกี่ยวข้องกับ การขายชอร์ต,반대매매,반대매매,True,금융시장·거래,,1.0,1.0,1.0,0,,40,반대매매
KO-FIN-01357,발기설립이 무엇인지 설명해 주세요.,กรุณาอธิบายว่า การจดทะเบียนบริษัท คืออะไร,발기설립,발기설립,True,주식,,1.0,1.0,1.0,0,,40,발기설립
KO-FIN-01361,발기인이 무엇인지 설명해 주세요.,โปรดอธิบายว่า ผู้จัดงาน คืออะไร,발기인,발기인,True,주식,,1.0,1.0,1.0,0,,40,발기인
KO-FIN-01365,발기인조합이 금융거래에서 무엇을 의미하나요?,สมาคมผู้จัดงาน หมายถึงอะไรในธุรกรรมทางการเงินนี้?,발기인조합,발기인조합,True,법률·계약,,1.0,1.0,1.0,0,,40,발기인조합
KO-FIN-01370,발행가액을 이용하려면 어떤 조건이 필요한가요?,เงื่อนไขในการใช้ ราคาออกจำหน่าย คืออะไร?,발행가액,발행가액,True,기업금융·자본조달,주식,1.0,1.0,1.0,0,,40,발행가액
KO-FIN-01371,발행가액과 관련된 비용과 절차를 확인하고 싶습니다.,ผมต้องการตรวจสอบค่าใช้จ่ายและขั้นตอนที่เกี่ยวข้องกับ ราคาออกจำหน่าย,발행가액,발행가액,True,기업금융·자본조달,주식,1.0,1.0,1.0,0,,40,발행가액
KO-FIN-01374,발행시장을 이용하려면 어떤 조건이 필요한가요?,เงื่อนไขในการใช้ ตลาดแรก คืออะไร?,발행시장,발행시장,True,기업금융·자본조달,금융시장·거래 / 증권·예탁 / 자산운용·투자,1.0,1.0,1.0,0,,20,발행시장
KO-FIN-01375,발행시장과 관련된 비용과 절차를 확인하고 싶습니다.,ผมต้องการตรวจสอบค่าใช้จ่ายและขั้นตอนที่เกี่ยวข้องกับ ตลาดแรก,발행시장,발행시장,True,기업금융·자본조달,금융시장·거래 / 증권·예탁 / 자산운용·투자,1.0,1.0,1.0,0,,20,발행시장
KO-FIN-01377,배당이 무엇인지 설명해 주세요.,กรุณาอธิบายว่า เงินปันผล คืออะไร,배당,배당,True,주식,,1.0,1.0,1.0,0,,30,배당
KO-FIN-01381,배당가능이익이 무엇인지 설명해 주세요.,กรุณาอธิบายว่า กำไรที่มีสิทธิ์จ่ายปันผล คืออะไร,배당가능이익,배당가능이익,True,주식,,1.0,1.0,1.0,0,,40,배당가능이익
KO-FIN-01385,배당금지급청구권이 무엇인지 설명해 주세요.,โปรดอธิบายว่า สิทธิในการขอรับเงินปันผล คืออะไร,배당금지급청구권,배당금지급청구권,True,주식,,1.0,1.0,1.0,0,,40,배당금지급청구권
KO-FIN-01389,배당기산일이 무엇인지 설명해 주세요.,โปรดอธิบายว่า วันที่กำหนดสิทธิรับเงินปันผล คืออะไร,배당기산일,배당기산일,True,주식,,1.0,1.0,1.0,0,,40,배당기산일
KO-FIN-01393,배당락이 무엇인지 설명해 주세요.,กรุณาอธิบายว่า วันที่ตัดสิทธิ์รับเงินปันผล คืออะไร,배당락,배당락,True,주식,,1.0,1.0,1.0,0,,50,배당락
KO-FIN-01397,배당성향이 무엇인지 설명해 주세요.,โปรดอธิบายว่า อัตราส่วนการจ่ายปันผล คืออะไร,배당성향,배당성향,True,주식,,1.0,1.0,1.0,0,,40,배당성향
KO-FIN-01401,배당소득이 무엇인지 설명해 주세요.,กรุณาอธิบายว่า รายได้จากเงินปันผล คืออะไร,배당소득,배당소득,True,주식,,1.0,1.0,1.0,0,,40,배당소득
KO-FIN-01406,배당소득세의 적용 기준을 알려주세요.,ขอความกรุณาอธิบายเกณฑ์การสมัคร ภาษีเงินได้จากเงินปันผล ได้ไหมครับ?,배당소득세,배당소득세,True,세금,주식,1.0,1.0,1.0,0,,50,배당소득세
KO-FIN-01408,배당소득세의 적용 여부는 거래 유형과 세법에 따라 달라질 수 있습니다.,การที่ใช้ ภาษีเงินได้จากเงินปันผล หรือไม่ อาจแตกต่างกันไปตามประเภทของธุรกรรมและกฎหมายภาษี,배당소득세,배당소득세,True,세금,주식,1.0,1.0,1.0,0,,50,배당소득세
KO-FIN-01411,배당의 정보효과와 관련해 투자 전에 확인해야 할 사항이 있나요?,มีข้อใดบ้างที่ฉันควรตรวจสอบก่อนที่จะลงทุนใน ผลกระทบทางข้อมูลของเงินปันผล?,배당의 정보효과,배당의 정보효과,True,주식,,1.0,1.0,1.0,0,,0,
KO-FIN-01413,배당정책이 무엇인지 설명해 주세요.,โปรดอธิบายว่า นโยบายการจ่ายปันผล คืออะไร,배당정책,배당정책,True,주식,,1.0,1.0,1.0,0,,20,배당정책
KO-FIN-01417,배당평가모형이 무엇인지 설명해 주세요.,โปรดอธิบายว่า แบบจำลองการประเมินมูลค่าจากเงินปันผล คืออะไร,배당평가모형,배당평가모형,True,주식,금융공학·분석,1.0,1.0,1.0,0,,20,배당평가모형
KO-FIN-01424,배서의 적용 여부는 계약 내용과 관련 법령을 확인해야 합니다.,เพื่อกำหนดว่า การรับรอง มีผลบังคับใช้หรือไม่ คุณต้องตรวจสอบเนื้อหาของ สัญญา และกฎหมายที่เกี่ยวข้อง,배서;계약,배서,True,법률·계약,,1.0,1.0,1.0,0,,70,배서;계약
KO-FIN-01425,백워데이션이 무엇인지 설명해 주세요.,กรุณาอธิบายว่า ภาวะราคาล่วงหน้าต่ำกว่าราคาปัจจุบัน คืออะไร,백워데이션,백워데이션,True,지급결제·청산,,1.0,1.0,1.0,0,,50,백워데이션
KO-FIN-01431,벌처펀드에 가입하기 전에 어떤 점을 확인해야 하나요?,ควรตรวจสอบอะไรก่อนสมัคร กองทุนนักล่า?,벌처펀드,벌처펀드,True,펀드·신탁,,1.0,1.0,1.0,0,,40,벌처펀드
KO-FIN-01433,법정과실이 금융거래에서 무엇을 의미하나요?,ความประมาททางกฎหมาย หมายถึงอะไรในธุรกรรมทางการเงินนี้?,법정과실,법정과실,True,법률·계약,,1.0,1.0,1.0,0,,40,법정과실
KO-FIN-01438,법정관리의 조건과 수익 구조를 확인하고 싶습니다.,ผมต้องการตรวจสอบเงื่อนไขและโครงสร้างค่าธรรมเนียมของ การบริหารภายใต้การกำกับดูแลของศาล,법정관리,법정관리,True,채권,,1.0,1.0,1.0,0,,30,법정관리
KO-FIN-01441,법정담보물권이 금융거래에서 무엇을 의미하나요?,สิทธิการประกันตามกฎหมาย หมายถึงอะไรในธุรกรรมทางการเงินนี้?,법정담보물권,법정담보물권,True,법률·계약,,1.0,1.0,1.0,0,,50,법정담보물권
KO-FIN-01448,법정대위의 적용 여부는 계약 내용과 관련 법령을 확인해야 합니다.,เพื่อกำหนดว่า การรับสิทธิแทนตามกฎหมาย มีผลบังคับใช้หรือไม่ คุณต้องตรวจสอบเนื้อหาของ สัญญา และกฎหมายที่เกี่ยวข้อง,법정대위;계약,법정대위,True,법률·계약,,1.0,1.0,1.0,0,,50,법정대위;계약
KO-FIN-01451,법정청산 과정에서 문제가 발생한 것 같습니다.,ดูเหมือนว่าหลักสูตร การชำระบัญชีตามกฎหมาย มีปัญหา,법정청산,법정청산,True,지급결제·청산,,1.0,1.0,1.0,0,,40,법정청산
KO-FIN-01454,베이시스와 관련된 시장 정보를 확인하고 싶습니다.,ผมต้องการตรวจสอบข้อมูลตลาดที่เกี่ยวข้องกับ พื้นฐาน,베이시스,베이시스,True,금융시장·거래,,1.0,1.0,1.0,0,,40,베이시스
KO-FIN-01460,베타계수의 결과는 사용한 가정과 시장 데이터에 따라 달라질 수 있습니다.,ผลลัพธ์ของ สัมประสิทธิ์เบตา อาจแตกต่างกันไปขึ้นอยู่กับสมมติฐานและข้อมูลตลาดที่ใช้,베타계수,베타계수,True,금융공학·분석,,1.0,1.0,1.0,0,,20,베타계수
KO-FIN-01462,베타위험은 금융상품을 분석할 때 어떻게 사용되나요?,ความเสี่ยงเบต้า ถูกใช้อย่างไรในการวิเคราะห์ผลิตภัณฑ์ทางการเงิน?,베타위험,베타위험,True,금융공학·분석,신용·리스크 / 자산운용·투자,1.0,1.0,1.0,0,,0,
KO-FIN-01464,베타위험의 결과는 사용한 가정과 시장 데이터에 따라 달라질 수 있습니다.,ผลลัพธ์ของ ความเสี่ยงเบต้า อาจแตกต่างกันไปขึ้นอยู่กับสมมติฐานและข้อมูลตลาดที่ใช้,베타위험,베타위험,True,금융공학·분석,신용·리스크 / 자산운용·투자,1.0,1.0,1.0,0,,0,
KO-FIN-01466,병행증자와 관련된 정보를 확인하고 싶습니다.,ผมต้องการตรวจสอบข้อมูลที่เกี่ยวข้องกับ การออกหุ้นแบบขนาน,병행증자,병행증자,True,주식,,1.0,1.0,1.0,0,,40,병행증자
KO-FIN-01469,보관기관이 무엇인지 설명해 주세요.,กรุณาอธิบายว่า ผู้รับฝาก คืออะไร,보관기관,보관기관,True,증권·예탁,펀드·신탁 / 자산운용·투자 / 금융기관·은행,1.0,1.0,1.0,0,,40,보관기관
KO-FIN-01473,보관원장이 무엇인지 설명해 주세요.,กรุณาอธิบายว่า ทะเบียนเอกสาร คืออะไร,보관원장,보관원장,True,증권·예탁,,1.0,1.0,1.0,0,,40,보관원장
KO-FIN-01478,보관위험이 금융거래에 어떤 영향을 주나요?,ความเสี่ยงในการจัดเก็บ มีผลกระทบต่อธุรกรรมทางการเงินนี้อย่างไร?,보관위험,보관위험,True,신용·리스크,,1.0,1.0,1.0,0,,20,보관위험
KO-FIN-01480,보관위험은 거래 조건이나 이용 가능 여부에 영향을 줄 수 있습니다.,ความเสี่ยงในการจัดเก็บ อาจส่งผลต่อเงื่อนไขการซื้อขายหรือความพร้อมให้บริการ,보관위험,보관위험,True,신용·리스크,,1.0,1.0,1.0,0,,20,보관위험
KO-FIN-01483,보유기간수익률과 관련된 투자 정보를 확인하고 싶습니다.,ผมต้องการตรวจสอบข้อมูลการลงทุนที่เกี่ยวข้องกับ ผลตอบแทนในช่วงระยะเวลาถือครอง,보유기간수익률,보유기간수익률,True,자산운용·투자,,1.0,1.0,1.0,0,,0,
KO-FIN-01485,보유비용이 금융거래에서 무엇을 의미하나요?,ค่าใช้จ่ายในการเป็นเจ้าของ หมายถึงอะไรในธุรกรรมทางการเงินนี้?,보유비용,보유비용,True,법률·계약,,1.0,1.0,1.0,0,,0,
KO-FIN-01490,보증사채의 조건과 수익 구조를 확인하고 싶습니다.,ผมต้องการตรวจสอบเงื่อนไขและโครงสร้างรายได้ของ พันธบัตรที่มีการรับประกัน,보증사채,보증사채,True,채권,신용·리스크,1.0,1.0,1.0,0,,0,
KO-FIN-01494,보통거래와 관련된 시장 정보를 확인하고 싶습니다.,ผมต้องการตรวจสอบข้อมูลตลาดที่เกี่ยวข้องกับ ธุรกรรมมาตรฐาน,보통거래,보통거래,True,금융시장·거래,,1.0,1.0,1.0,0,,40,보통거래
KO-FIN-01499,보통결의와 관련해 투자 전에 확인해야 할 사항이 있나요?,มีข้อใดบ้างที่ฉันควรตรวจสอบก่อนลงทุนใน มติทั่วไป?,보통결의,보통결의,True,주식,,1.0,1.0,1.0,0,,40,보통결의
KO-FIN-01503,보통주와 관련해 투자 전에 확인해야 할 사항이 있나요?,มีข้อใดบ้างที่ฉันควรตรวจสอบก่อนที่จะลงทุนใน หุ้นสามัญ?,보통주,보통주,True,주식,,1.0,1.0,1.0,0,,20,보통주
KO-FIN-01506,보호예수 처리 절차를 확인하고 싶습니다.,ผมต้องการตรวจสอบขั้นตอนการดำเนินการสำหรับ ช่วงห้ามขาย,보호예수,보호예수,True,증권·예탁,,1.0,1.0,1.0,0,,40,보호예수
KO-FIN-01510,보호예수증서 처리 절차를 확인하고 싶습니다.,ผมต้องการตรวจสอบขั้นตอนการดำเนินการสำหรับ ใบรับรองการเก็บรักษา,보호예수증서,보호예수증서,True,증권·예탁,,1.0,1.0,1.0,0,,0,
KO-FIN-01514,복리채의 조건과 수익 구조를 확인하고 싶습니다.,ผมต้องการตรวจสอบเงื่อนไขและโครงสร้างรายได้ของ ดอกเบี้ยทบต้น,복리채,복리채,True,채권,,1.0,1.0,1.0,0,,40,복리채
KO-FIN-01520,복수통화대출은 심사 결과에 따라 이용 가능 여부가 달라질 수 있습니다.,การมี สินเชื่อหลายสกุลเงิน อาจแตกต่างกันไปขึ้นอยู่กับผลการพิจารณา,복수통화대출,복수통화대출,True,대출,,1.0,1.0,1.0,0,,40,복수통화대출
KO-FIN-01522,복수통화표시채의 조건과 수익 구조를 확인하고 싶습니다.,ผมต้องการตรวจสอบเงื่อนไขและโครงสร้างรายได้ของ พันธบัตรที่ระบุมูลค่าในหลายสกุลเงิน,복수통화표시채,복수통화표시채,True,채권,,1.0,1.0,1.0,0,,40,복수통화표시채
KO-FIN-01528,본질가치의 정확한 의미는 해당 금융거래의 맥락과 함께 확인해야 합니다.,ความหมายที่แม่นยำของ มูลค่าภายใน ต้องถูกกำหนดในบริบทของธุรกรรมทางการเงินที่เกี่ยวข้อง,본질가치,본질가치,True,기타 금융일반,,1.0,1.0,1.0,0,,20,본질가치
KO-FIN-01530,부당권유행위의 금지와 관련된 시장 정보를 확인하고 싶습니다.,ผมต้องการตรวจสอบข้อมูลตลาดที่เกี่ยวข้องกับ การห้ามการปฏิบัติในการชักชวนลูกค้าที่ไม่เป็นธรรม,부당권유행위의 금지,부당권유행위의 금지,True,금융시장·거래,,1.0,1.0,1.0,0,,40,부당권유행위의 금지
KO-FIN-01535,부도방지협약을 줄이려면 어떤 점을 확인해야 하나요?,ควรตรวจสอบอะไรเพื่อลด ข้อตกลงเกี่ยวกับการป้องกันการล้มละลาย?,부도방지협약,부도방지협약,True,신용·리스크,금융기관·은행,1.0,1.0,1.0,0,,20,부도방지협약
KO-FIN-01536,부도방지협약은 거래 조건이나 이용 가능 여부에 영향을 줄 수 있습니다.,ข้อตกลงเกี่ยวกับการป้องกันการล้มละลาย อาจส่งผลต่อเงื่อนไขการซื้อขายหรือความพร้อมให้บริการ,부도방지협약,부도방지협약,True,신용·리스크,금융기관·은행,1.0,1.0,1.0,0,,20,부도방지협약
KO-FIN-01540,부도처리유예는 거래 조건이나 이용 가능 여부에 영향을 줄 수 있습니다.,การเลื่อนการดำเนินการตามกฎหมายล้มละลาย อาจส่งผลต่อเงื่อนไขการซื้อขายหรือความพร้อมให้บริการ,부도처리유예,부도처리유예,True,신용·리스크,,1.0,1.0,1.0,0,,40,부도처리유예
KO-FIN-01542,부동담보제도의 조건과 수익 구조를 확인하고 싶습니다.,ผมต้องการตรวจสอบเงื่อนไขและโครงสร้างรายได้ของ ระบบสินเชื่ออสังหาริมทรัพย์,부동담보제도,부동담보제도,True,채권,,1.0,1.0,1.0,0,,40,부동담보제도
KO-FIN-01547,부동산 투자신탁에 가입하기 전에 어떤 점을 확인해야 하나요?,ควรตรวจสอบอะไรก่อนสมัคร กองทุนลงทุนอสังหาริมทรัพย์?,부동산 투자신탁,부동산 투자신탁,True,펀드·신탁,자산운용·투자 / 부동산금융,1.0,1.0,1.0,0,,0,
KO-FIN-01551,부동주와 관련해 투자 전에 확인해야 할 사항이 있나요?,มีข้อใดบ้างที่ฉันควรตรวจสอบก่อนที่จะลงทุนใน บูดูงจู?,부동주,부동주,True,주식,,1.0,1.0,1.0,0,,0,
KO-FIN-01554,부동화 처리 절차를 확인하고 싶습니다.,ผมต้องการตรวจสอบขั้นตอนการดำเนินการสำหรับ การตรึง,부동화,부동화,True,증권·예탁,,1.0,1.0,1.0,0,,40,부동화
KO-FIN-01557,부보관기관이 무엇인지 설명해 주세요.,โปรดอธิบายว่า สถาบันรับฝากย่อย คืออะไร,부보관기관,부보관기관,True,증권·예탁,,1.0,1.0,1.0,0,,0,
KO-FIN-01561,부실채권 정리기금이 무엇인지 설명해 주세요.,โปรดอธิบายว่า กองทุนแก้ไขปัญหาสินเชื่อที่ไม่ก่อให้เกิดรายได้ คืออะไร,부실채권 정리기금,부실채권 정리기금,True,채권,,1.0,1.0,1.0,0,,50,부실채권 정리기금
KO-FIN-01565,부실채권이 무엇인지 설명해 주세요.,กรุณาอธิบายว่า สินเชื่อที่ไม่ก่อให้เกิดรายได้ คืออะไร,부실채권,부실채권,True,채권,,1.0,1.0,1.0,0,,50,부실채권
KO-FIN-01569,부실채권정리기금채권이 무엇인지 설명해 주세요.,โปรดอธิบายว่า พันธบัตรที่ออกโดยกองทุนจัดการสินเชื่อที่ไม่ก่อให้เกิดรายได้ คืออะไร,부실채권정리기금채권,부실채권정리기금채권,True,채권,금융기관·은행,1.0,1.0,1.0,0,,40,부실채권정리기금채권
KO-FIN-01573,부전환대리인이 무엇인지 설명해 주세요.,กรุณาอธิบายว่า ตัวแทนที่ไม่สามารถแปลงได้ คืออะไร,부전환대리인,부전환대리인,True,채권,법률·계약 / 자산운용·투자 / 주식,1.0,1.0,1.0,0,,20,부전환대리인
KO-FIN-01579,분리결제 과정에서 문제가 발생한 것 같습니다.,ดูเหมือนว่าเกิดปัญหาในกระบวนการ การแบ่งการชำระเงิน,분리결제,분리결제,True,지급결제·청산,,1.0,1.0,1.0,0,,40,분리결제
KO-FIN-01582,분리과세의 적용 기준을 알려주세요.,ขอทราบเกณฑ์การสมัคร การเก็บภาษีแบบแยกต่างหาก ได้ไหมครับ?,분리과세,분리과세,True,세금,주식,1.0,1.0,1.0,0,,50,분리과세
KO-FIN-01584,분리과세의 적용 여부는 거래 유형과 세법에 따라 달라질 수 있습니다.,การที่ใช้ การเก็บภาษีแบบแยกต่างหาก หรือไม่ อาจแตกต่างกันไปตามประเภทของธุรกรรมและกฎหมายภาษี,분리과세,분리과세,True,세금,주식,1.0,1.0,1.0,0,,50,분리과세
KO-FIN-01585,분리형증권이 무엇인지 설명해 주세요.,โปรดอธิบายว่า หลักทรัพย์ที่แยกได้ คืออะไร,분리형증권,분리형증권,True,증권·예탁,,1.0,1.0,1.0,0,,40,분리형증권
KO-FIN-01589,분매기관이 무엇인지 설명해 주세요.,กรุณาอธิบายว่า บริษัทตัวแทนจำหน่าย คืออะไร,분매기관,분매기관,True,증권·예탁,,1.0,1.0,1.0,0,,40,분매기관
KO-FIN-01594,분배락조치와 관련된 시장 정보를 확인하고 싶습니다.,ผมต้องการตรวจสอบข้อมูลตลาดที่เกี่ยวข้องกับ มาตรการจำกัดการกระจายสินค้า,분배락조치,분배락조치,True,금융시장·거래,증권·예탁,1.0,1.0,1.0,0,,40,분배락조치
KO-FIN-01599,분산투자와 관련된 투자 정보를 확인하고 싶습니다.,ผมต้องการตรวจสอบข้อมูลการลงทุนที่เกี่ยวข้องกับ การลงทุนที่หลากหลาย,분산투자,분산투자,True,자산운용·투자,,1.0,1.0,1.0,0,,20,분산투자
KO-FIN-01602,분할납입채의 조건과 수익 구조를 확인하고 싶습니다.,ผมต้องการตรวจสอบเงื่อนไขและโครงสร้างกำไรของ หนี้แบบผ่อนชำระ,분할납입채,분할납입채,True,채권,,1.0,1.0,1.0,0,,40,분할납입채
KO-FIN-01606,불독채의 조건과 수익 구조를 확인하고 싶습니다.,ผมต้องการตรวจสอบเงื่อนไขและโครงสร้างรายได้ของ บูลด็อก แช,불독채,불독채,True,채권,,1.0,1.0,1.0,0,,40,불독채
KO-FIN-01610,불릿채의 조건과 수익 구조를 확인하고 싶습니다.,ผมต้องการตรวจสอบเงื่อนไขและโครงสร้างรายได้ของ บูลเล็ต แช,불릿채,불릿채,True,채권,,1.0,1.0,1.0,0,,40,불릿채
KO-FIN-01613,브래디채권이 무엇인지 설명해 주세요.,กรุณาอธิบายว่า พันธบัตรเบรดี้ คืออะไร,브래디채권,브래디채권,True,채권,,1.0,1.0,1.0,0,,0,
KO-FIN-01618,브로커 처리 절차를 확인하고 싶습니다.,ผมต้องการตรวจสอบขั้นตอนการดำเนินการสำหรับ ผู้ค้า,브로커,브로커,True,증권·예탁,,1.0,1.0,1.0,0,,40,브로커
KO-FIN-01624,브로커스 론은 심사 결과에 따라 이용 가능 여부가 달라질 수 있습니다.,การมี สินเชื่อผ่านผู้กลาง อาจแตกต่างกันไปขึ้นอยู่กับผลการประเมิน,브로커스 론,브로커스 론,True,대출,,1.0,1.0,1.0,0,,40,브로커스 론
KO-FIN-01626,브릿지 처리 절차를 확인하고 싶습니다.,ผมต้องการตรวจสอบขั้นตอนการดำเนินการสำหรับ สะพาน,브릿지,브릿지,True,증권·예탁,지급결제·청산,1.0,1.0,1.0,0,,40,브릿지
KO-FIN-01632,브릿지론은 심사 결과에 따라 이용 가능 여부가 달라질 수 있습니다.,การมี เงินกู้สะพาน อาจแตกต่างกันไปขึ้นอยู่กับผลการประเมิน,브릿지론,브릿지론,True,대출,,1.0,1.0,1.0,0,,40,브릿지론
KO-FIN-01634,블루 리스트의 조건과 수익 구조를 확인하고 싶습니다.,ผมต้องการตรวจสอบเงื่อนไขและโครงสร้างรายได้ของ รายชื่อสีฟ้า,블루 리스트,블루 리스트,True,채권,,1.0,1.0,1.0,0,,40,블루 리스트
KO-FIN-01637,비가격경쟁이 무엇을 의미하나요?,การแข่งขันที่ไม่เกี่ยวข้องกับราคา หมายความว่าอะไร?,비가격경쟁,비가격경쟁,True,금융시장·거래,,1.0,1.0,1.0,0,,50,비가격경쟁
KO-FIN-01641,비거주자에 대해 자세히 알려주세요.,โปรดบอกฉันเพิ่มเติมเกี่ยวกับ ผู้ไม่พักอาศัย ได้ไหมครับ,비거주자,비거주자,True,해외송금·외환,,1.0,1.0,1.0,0,,40,비거주자
KO-FIN-01646,비과세소득의 적용 기준을 알려주세요.,ขอความกรุณาอธิบายเกณฑ์การสมัคร รายได้ที่ได้รับการยกเว้นภาษี ได้ไหมครับ?,비과세소득,비과세소득,True,세금,,1.0,1.0,1.0,0,,40,비과세소득
KO-FIN-01648,비과세소득의 적용 여부는 거래 유형과 세법에 따라 달라질 수 있습니다.,การที่ใช้ รายได้ที่ได้รับการยกเว้นภาษี หรือไม่ อาจแตกต่างกันไปตามประเภทของธุรกรรมและกฎหมายภาษี,비과세소득,비과세소득,True,세금,,1.0,1.0,1.0,0,,40,비과세소득
KO-FIN-01649,비상장증권이 무엇인지 설명해 주세요.,โปรดอธิบายว่า หลักทรัพย์ที่ไม่ได้จดทะเบียน คืออะไร,비상장증권,비상장증권,True,증권·예탁,금융시장·거래,1.0,1.0,1.0,0,,40,비상장증권
KO-FIN-01653,비전형계약이 금융거래에서 무엇을 의미하나요?,สัญญาที่ไม่เป็นมาตรฐาน หมายถึงอะไรในธุรกรรมทางการเงินนี้?,비전형계약,비전형계약,True,법률·계약,,1.0,1.0,1.0,0,,0,
KO-FIN-01659,비체계적 위험을 줄이려면 어떤 점을 확인해야 하나요?,ควรตรวจสอบอะไรเพื่อลด ความเสี่ยงที่ไม่เป็นระบบ?,비체계적 위험,비체계적 위험,True,신용·리스크,,1.0,1.0,1.0,0,,0,
KO-FIN-01660,비체계적 위험은 거래 조건이나 이용 가능 여부에 영향을 줄 수 있습니다.,ความเสี่ยงที่ไม่เป็นระบบ อาจส่งผลต่อเงื่อนไขการซื้อขายหรือความพร้อมให้บริการ,비체계적 위험,비체계적 위험,True,신용·리스크,,1.0,1.0,1.0,0,,0,
KO-FIN-01664,비통화금융기관과 관련된 세부 업무는 해당 기관의 안내를 확인해 주세요.,โปรดอ้างอิงจากคู่มือขององค์กรที่เกี่ยวข้องเพื่อทราบรายละเอียดเกี่ยวกับ สถาบันการเงินที่ไม่ใช้เงินเป็นสื่อกลาง,비통화금융기관,비통화금융기관,True,금융기관·은행,,1.0,1.0,1.0,0,,50,비통화금융기관
KO-FIN-01666,비회원증권회사 처리 절차를 확인하고 싶습니다.,ผมต้องการตรวจสอบขั้นตอนการดำเนินการสำหรับ บริษัทหลักทรัพย์ที่ไม่ใช่สมาชิก,비회원증권회사,비회원증권회사,True,증권·예탁,금융시장·거래,1.0,1.0,1.0,0,,0,
KO-FIN-01669,빅뱅이 무엇을 의미하나요?,บิ๊กแบง หมายความว่าอะไร?,빅뱅,빅뱅,True,금융시장·거래,,1.0,1.0,1.0,0,,30,빅뱅
KO-FIN-01674,빅보오드와 관련된 시장 정보를 확인하고 싶습니다.,ผมต้องการตรวจสอบข้อมูลตลาดที่เกี่ยวข้องกับ บอร์ดใหญ่,빅보오드,빅보오드,True,금융시장·거래,,1.0,1.0,1.0,0,,0,
KO-FIN-01679,빗더마켓 전략과 관련된 투자 정보를 확인하고 싶습니다.,ผมต้องการตรวจสอบข้อมูลการลงทุนที่เกี่ยวข้องกับ กลยุทธ์ Bitdermarket,빗더마켓 전략,빗더마켓 전략,True,자산운용·투자,,1.0,1.0,1.0,0,,0,
KO-FIN-01681,사고신고 관련 상담을 받고 싶습니다.,ผมต้องการพูดคุยกับใครสักคนเกี่ยวกับ รายงานอุบัติเหตุ,사고신고,사고신고,True,금융 지원,,1.0,1.0,1.0,0,,0,
KO-FIN-01684,사고신고 관련 업무는 고객센터를 통해 안내받을 수 있습니다.,หากมีข้อสงสัยเกี่ยวกับ รายงานอุบัติเหตุ โปรดติดต่อศูนย์บริการลูกค้าของเรา,사고신고,사고신고,True,금융 지원,,1.0,1.0,1.0,0,,0,
KO-FIN-01686,사고증권 가신고제도 처리 절차를 확인하고 싶습니다.,ผมต้องการตรวจสอบขั้นตอนการดำเนินการสำหรับ ระบบรายงานเบื้องต้นสำหรับหลักทรัพย์ที่ถูกขโมย,사고증권 가신고제도,사고증권 가신고제도,True,증권·예탁,,1.0,1.0,1.0,0,,40,사고증권 가신고제도
KO-FIN-01689,사고증권이 무엇인지 설명해 주세요.,โปรดอธิบายว่า หลักทรัพย์ที่เกี่ยวข้องกับเหตุการณ์นี้ คืออะไร,사고증권,사고증권,True,증권·예탁,,1.0,1.0,1.0,0,,40,사고증권
KO-FIN-01695,사내유보와 관련해 투자 전에 확인해야 할 사항이 있나요?,มีข้อใดบ้างที่ฉันควรตรวจสอบก่อนที่จะลงทุนใน กำไรที่เก็บไว้?,사내유보,사내유보,True,주식,,1.0,1.0,1.0,0,,40,사내유보
KO-FIN-01697,사다리형 만기구성전략이 무엇인지 설명해 주세요.,กรุณาอธิบายว่า กลยุทธ์การจัดพอร์ตโฟลิโอแบบบันได คืออะไร,사다리형 만기구성전략,사다리형 만기구성전략,True,채권,,1.0,1.0,1.0,0,,40,사다리형 만기구성전략
KO-FIN-01704,사모의 세부 조건과 절차는 거래 유형에 따라 달라질 수 있습니다.,เงื่อนไขและขั้นตอนเฉพาะสำหรับ การเสนอขายหุ้นแบบส่วนตัว อาจแตกต่างกันไปตามประเภทของธุรกรรม,사모,사모,True,기업금융·자본조달,증권·예탁,1.0,1.0,1.0,0,,80,사모
KO-FIN-01707,사모펀드에 가입하기 전에 어떤 점을 확인해야 하나요?,ควรตรวจสอบอะไรก่อนสมัคร กองทุนทุนส่วนตัว?,사모펀드,사모펀드,True,펀드·신탁,기업금융·자본조달 / 자산운용·투자,1.0,1.0,1.0,0,,40,사모펀드
KO-FIN-01709,사무라이본드의 이용 조건을 알려주세요.,ขอรบกวนแจ้งให้ทราบเกี่ยวกับเงื่อนไขและข้อกำหนดการใช้งานของ ซามูไร บอนด์ ได้ไหมครับ?,사무라이본드,사무라이본드,True,대출,,1.0,1.0,1.0,0,,0,
KO-FIN-01713,사설증권시장이 무엇을 의미하나요?,ตลาดหลักทรัพย์แบบซื้อขายนอกตลาด หมายความว่าอะไร?,사설증권시장,사설증권시장,True,금융시장·거래,증권·예탁,1.0,1.0,1.0,0,,0,
KO-FIN-01718,사업보고서와 관련된 시장 정보를 확인하고 싶습니다.,ผมต้องการตรวจสอบข้อมูลตลาดที่เกี่ยวข้องกับ รายงานประจำปี,사업보고서,사업보고서,True,금융시장·거래,금융법규·감독,1.0,1.0,1.0,0,,0,
KO-FIN-01722,사업설명서 처리 절차를 확인하고 싶습니다.,ผมต้องการตรวจสอบขั้นตอนการดำเนินการสำหรับ ข้อเสนอโครงการ,사업설명서,사업설명서,True,증권·예탁,,1.0,1.0,1.0,0,,40,사업설명서
KO-FIN-01725,사이또리회원이 무엇을 의미하나요?,สมาชิก Saitori หมายความว่าอะไร?,사이또리회원,사이또리회원,True,금융시장·거래,,1.0,1.0,1.0,0,,20,사이또리회원
KO-FIN-01731,사이버 주주총회와 관련해 투자 전에 확인해야 할 사항이 있나요?,มีข้อใดบ้างที่ควรตรวจสอบก่อนที่จะลงทุนใน การประชุมผู้ถือหุ้นทั่วไปแบบออนไลน์?,사이버 주주총회,사이버 주주총회,True,주식,,1.0,1.0,1.0,0,,0,
KO-FIN-01733,사전매매대조과정이 무엇을 의미하나요?,กระบวนการตรวจสอบความสอดคล้องก่อนการซื้อขาย หมายความว่าอะไร?,사전매매대조과정,사전매매대조과정,True,금융시장·거래,,1.0,1.0,1.0,0,,40,사전매매대조과정
KO-FIN-01737,사채권이 무엇인지 설명해 주세요.,กรุณาอธิบายว่า บอนด์ คืออะไร,사채권,사채권,True,채권,,1.0,1.0,1.0,0,,40,사채권
KO-FIN-01741,사채발행이 무엇인지 설명해 주세요.,โปรดอธิบายว่า การออกพันธบัตรบริษัท คืออะไร,사채발행,사채발행,True,채권,기업금융·자본조달 / 증권·예탁 / 금융법규·감독,1.0,1.0,1.0,0,,0,
KO-FIN-01746,사채원부의 조건과 수익 구조를 확인하고 싶습니다.,ผมต้องการตรวจสอบเงื่อนไขและโครงสร้างค่าธรรมเนียมของ ทะเบียนเงินกู้ส่วนตัว,사채원부,사채원부,True,채권,,1.0,1.0,1.0,0,,50,사채원부
KO-FIN-01749,산업금융채권이 무엇인지 설명해 주세요.,กรุณาอธิบายว่า พันธบัตรอุตสาหกรรมและพันธบัตรการเงิน คืออะไร,산업금융채권,산업금융채권,True,채권,,1.0,1.0,1.0,0,,0,
KO-FIN-01753,상계적 차감이 무엇인지 설명해 주세요.,กรุณาอธิบายว่า การหักลดหย่อนเพื่อชดเชย คืออะไร,상계적 차감,상계적 차감,True,지급결제·청산,금융시장·거래,1.0,1.0,1.0,0,,40,상계적 차감
KO-FIN-01758,상대매매와 관련된 시장 정보를 확인하고 싶습니다.,ผมต้องการตรวจสอบข้อมูลตลาดที่เกี่ยวข้องกับ การซื้อขายที่ตรงกัน,상대매매,상대매매,True,금융시장·거래,,1.0,1.0,1.0,0,,60,상대매매
KO-FIN-01766,상쇄거래와 관련된 시장 정보를 확인하고 싶습니다.,ผมต้องการตรวจสอบข้อมูลตลาดที่เกี่ยวข้องกับ ธุรกรรมออฟเซ็ต,상쇄거래,상쇄거래,True,금융시장·거래,,1.0,1.0,1.0,0,,40,상쇄거래
KO-FIN-01769,상임대리인이 무엇인지 설명해 주세요.,กรุณาอธิบายว่า ผู้แทนถาวร คืออะไร,상임대리인,상임대리인,True,증권·예탁,법률·계약 / 주식 / 금융시장·거래,1.0,1.0,1.0,0,,0,
KO-FIN-01773,상장이 무엇을 의미하나요?,รายชื่อ หมายความว่าอะไร?,상장,상장,True,금융시장·거래,,1.0,1.0,1.0,0,,70,상장
KO-FIN-01777,상장심사기준이 무엇을 의미하나요?,เกณฑ์การประเมินรายการ หมายความว่าอะไร?,상장심사기준,상장심사기준,True,금융시장·거래,증권·예탁 / 주식,1.0,1.0,1.0,0,,40,상장심사기준
KO-FIN-01782,상장회사협의회와 관련된 시장 정보를 확인하고 싶습니다.,ผมต้องการตรวจสอบข้อมูลตลาดที่เกี่ยวข้องกับ สมาคมบริษัทจดทะเบียน,상장회사협의회,상장회사협의회,True,금융시장·거래,,1.0,1.0,1.0,0,,0,
KO-FIN-01785,상품유가증권이 무엇인지 설명해 주세요.,โปรดอธิบายว่า การซื้อขายหลักทรัพย์ คืออะไร,상품유가증권,상품유가증권,True,증권·예탁,,1.0,1.0,1.0,0,,40,상품유가증권
KO-FIN-01789,상호결제제도가 무엇인지 설명해 주세요.,โปรดอธิบายว่า ระบบการชำระเงินร่วมกัน คืออะไร,상호결제제도,상호결제제도,True,지급결제·청산,금융시장·거래,1.0,1.0,1.0,0,,40,상호결제제도
KO-FIN-01794,상호다중연계 처리 절차를 확인하고 싶습니다.,ผมต้องการตรวจสอบขั้นตอนการดำเนินการสำหรับ การเชื่อมต่อกันแบบสองทาง,상호다중연계,상호다중연계,True,증권·예탁,자산운용·투자 / 지급결제·청산,1.0,1.0,1.0,0,,40,상호다중연계
KO-FIN-01798,상호단일연계 처리 절차를 확인하고 싶습니다.,ผมต้องการตรวจสอบขั้นตอนการดำเนินการสำหรับ การเชื่อมโยงแบบเดี่ยวแบบสองทาง,상호단일연계,상호단일연계,True,증권·예탁,,1.0,1.0,1.0,0,,40,상호단일연계
KO-FIN-01802,상호동시거래와 관련된 시장 정보를 확인하고 싶습니다.,ผมต้องการตรวจสอบข้อมูลตลาดที่เกี่ยวข้องกับ การซื้อขายแบบพร้อมกันและร่วมกัน,상호동시거래,상호동시거래,True,금융시장·거래,증권·예탁,1.0,1.0,1.0,0,,70,상호동시거래
KO-FIN-01810,상호연계 처리 절차를 확인하고 싶습니다.,ผมต้องการตรวจสอบขั้นตอนการดำเนินการสำหรับ การเชื่อมต่อกัน,상호연계,상호연계,True,증권·예탁,,1.0,1.0,1.0,0,,40,상호연계
KO-FIN-01815,상호주와 관련해 투자 전에 확인해야 할 사항이 있나요?,มีข้อใดบ้างที่ฉันควรตรวจสอบก่อนที่จะลงทุนใน สมาคมการช่วยเหลือซึ่งกันและกัน?,상호주,상호주,True,주식,금융법규·감독,1.0,1.0,1.0,0,,20,상호주
KO-FIN-01819,상환과 관련된 투자 정보를 확인하고 싶습니다.,ผมต้องการตรวจสอบข้อมูลการลงทุนที่เกี่ยวข้องกับ การชำระหนี้,상환,상환,True,자산운용·투자,,1.0,1.0,1.0,0,,80,상환
KO-FIN-01823,상환주와 관련해 투자 전에 확인해야 할 사항이 있나요?,มีข้อใดบ้างที่ฉันควรตรวจสอบก่อนที่จะลงทุนใน หุ้นไถ่ถอน?,상환주,상환주,True,주식,,1.0,1.0,1.0,0,,40,상환주
KO-FIN-01827,서면투표제와 관련해 투자 전에 확인해야 할 사항이 있나요?,มีข้อใดบ้างที่ฉันควรตรวจสอบก่อนที่จะลงทุนใน ระบบการลงคะแนนทางไปรษณีย์?,서면투표제,서면투표제,True,주식,,1.0,1.0,1.0,0,,40,서면투표제
KO-FIN-01830,선도거래와 관련된 시장 정보를 확인하고 싶습니다.,ผมต้องการตรวจสอบข้อมูลตลาดที่เกี่ยวข้องกับ การวิ่งนำหน้า,선도거래,선도거래,True,금융시장·거래,파생상품,1.0,1.0,1.0,0,,40,선도거래
KO-FIN-01833,선도계약이 금융거래에서 무엇을 의미하나요?,ข้อตกลงกรอบงาน หมายถึงอะไรในธุรกรรมทางการเงินนี้?,선도계약,선도계약,True,법률·계약,파생상품 / 금융시장·거래,1.0,1.0,1.0,0,,0,
KO-FIN-01838,선물거래와 관련된 시장 정보를 확인하고 싶습니다.,ผมต้องการตรวจสอบข้อมูลตลาดที่เกี่ยวข้องกับ การซื้อขายสัญญาซื้อขายล่วงหน้า,선물거래,선물거래,True,금융시장·거래,파생상품 / 자산운용·투자,1.0,1.0,1.0,0,,20,선물거래
KO-FIN-01844,선물거래위원회를 확인할 때 시장 상황과 거래 조건을 함께 살펴보세요.,เมื่อพิจารณา คณะกรรมการการซื้อขายสินค้าโภคภัณฑ์และสัญญาซื้อขายล่วงหน้า ให้แน่ใจว่าได้พิจารณาทั้งสภาพตลาดและเงื่อนไขการซื้อขาย,선물거래위원회,선물거래위원회,True,금융시장·거래,파생상품,1.0,1.0,1.0,0,,40,선물거래위원회
KO-FIN-01845,선물계약이 무엇인지 쉽게 설명해 주세요.,โปรดอธิบายด้วยคำง่ายๆ ว่า สัญญาฟิวเจอร์ส คืออะไร,선물계약,선물계약,True,파생상품,법률·계약 / 금융시장·거래 / 지급결제·청산,1.0,1.0,1.0,0,,40,선물계약
KO-FIN-01849,선물시장이 무엇을 의미하나요?,ตลาดสัญญาซื้อขายล่วงหน้า หมายความว่าอะไร?,선물시장,선물시장,True,금융시장·거래,파생상품 / 지급결제·청산,1.0,1.0,1.0,0,,20,선물시장
KO-FIN-01853,선물중개상이 무엇인지 쉽게 설명해 주세요.,โปรดอธิบายด้วยคำง่ายๆ ว่า ผู้ค้าสัญญาซื้อขายล่วงหน้า คืออะไร,선물중개상,선물중개상,True,파생상품,금융시장·거래,1.0,1.0,1.0,0,,40,선물중개상
KO-FIN-01857,선물환에 대해 자세히 알려주세요.,โปรดบอกฉันเพิ่มเติมเกี่ยวกับ สัญญาซื้อขายเงินตราต่างประเทศล่วงหน้า ได้ไหมครับ,선물환,선물환,True,해외송금·외환,파생상품,1.0,1.0,1.0,0,,50,선물환
KO-FIN-01858,선물환을 확인하고 싶습니다.,ผมต้องการตรวจสอบ สัญญาซื้อขายเงินตราต่างประเทศล่วงหน้า,선물환,선물환,True,해외송금·외환,파생상품,1.0,1.0,1.0,0,,50,선물환
KO-FIN-01861,선물환마진에 대해 자세히 알려주세요.,โปรดบอกฉันเพิ่มเติมเกี่ยวกับ มาร์จิ้นการแลกเปลี่ยนเงินตราต่างประเทศแบบฟอร์เวิร์ด ครับ,선물환마진,선물환마진,True,해외송금·외환,파생상품,1.0,1.0,1.0,0,,20,선물환마진
KO-FIN-01862,선물환마진을 확인하고 싶습니다.,ผมต้องการตรวจสอบ มาร์จิ้นการแลกเปลี่ยนเงินตราต่างประเทศแบบฟอร์เวิร์ด,선물환마진,선물환마진,True,해외송금·외환,파생상품,1.0,1.0,1.0,0,,20,선물환마진
KO-FIN-01865,선의취득이 금융거래에서 무엇을 의미하나요?,การซื้อด้วยเจตนาดี หมายถึงอะไรในธุรกรรมทางการเงินนี้?,선의취득,선의취득,True,법률·계약,,1.0,1.0,1.0,0,,50,선의취득
KO-FIN-01871,성장주와 관련해 투자 전에 확인해야 할 사항이 있나요?,มีข้อใดบ้างที่ฉันควรตรวจสอบก่อนที่จะลงทุนใน หุ้นเติบโต?,성장주,성장주,True,주식,,1.0,1.0,1.0,0,,50,성장주
KO-FIN-01876,소비대차의 적용 여부는 계약 내용과 관련 법령을 확인해야 합니다.,เพื่อกำหนดว่า สินเชื่อผู้บริโภค มีผลบังคับใช้หรือไม่ คุณต้องตรวจสอบเนื้อหาของ สัญญา และกฎหมายที่เกี่ยวข้อง,소비대차;계약,소비대차,True,법률·계약,,1.0,1.0,1.0,0,,50,소비대차;계약
KO-FIN-01879,소비임치에 대해 상담받고 싶습니다.,ผมต้องการหารือเกี่ยวกับ เงินมัดจำ,소비임치,소비임치,True,예금상품,법률·계약,1.0,1.0,1.0,0,,40,소비임치
KO-FIN-01881,소수주주권이 무엇인지 설명해 주세요.,โปรดอธิบายว่า สิทธิของผู้ถือหุ้นส่วนน้อย คืออะไร,소수주주권,소수주주권,True,주식,,1.0,1.0,1.0,0,,20,소수주주권
KO-FIN-01886,소액주주와 관련된 정보를 확인하고 싶습니다.,ผมต้องการตรวจสอบข้อมูลที่เกี่ยวข้องกับ ผู้ถือหุ้นส่วนน้อย,소액주주,소액주주,True,주식,,1.0,1.0,1.0,0,,40,소액주주
KO-FIN-01890,송금이체를 이용하려면 어떻게 해야 하나요?,ใช้ การโอนเงิน อย่างไร?,송금이체,송금이체,True,이체,,1.0,1.0,1.0,0,,0,
KO-FIN-01894,수권자본제도와 관련된 정보를 확인하고 싶습니다.,ผมต้องการตรวจสอบข้อมูลที่เกี่ยวข้องกับ ระบบทุนจดทะเบียน,수권자본제도,수권자본제도,True,주식,,1.0,1.0,1.0,0,,40,수권자본제도
KO-FIN-01897,수도부족분<결제부족분>이 무엇인지 설명해 주세요.,กรุณาอธิบายว่า การขาดแคลนน้ำ <การขาดแคลนการชำระเงิน> คืออะไร,수도부족분<결제부족분>,수도부족분<결제부족분>,True,지급결제·청산,증권·예탁,1.0,1.0,1.0,0,,20,수도부족분<결제부족분>
KO-FIN-01901,수량우선의 원칙이 무엇을 의미하나요?,"หลักการ ""ปริมาณก่อน"" หมายความว่าอะไร?",수량우선의 원칙,수량우선의 원칙,True,금융시장·거래,,1.0,1.0,1.0,0,,40,수량우선의 원칙
KO-FIN-01905,수요예측방식이 무엇인지 설명해 주세요.,กรุณาอธิบายว่า วิธีการคาดการณ์ความต้องการ คืออะไร,수요예측방식,수요예측방식,True,증권·예탁,,1.0,1.0,1.0,0,,20,수요예측방식
KO-FIN-01909,수의상환<임의상환>이 무엇인지 설명해 주세요.,โปรดอธิบายว่า การชำระหนี้ก่อนกำหนด <การชำระหนี้ตามความเห็นชอบ> คืออะไร,수의상환<임의상환>,수의상환<임의상환>,True,채권,,1.0,1.0,1.0,0,,40,수의상환<임의상환>
KO-FIN-01914,수의상환사채의 조건과 수익 구조를 확인하고 싶습니다.,ผมต้องการตรวจสอบเงื่อนไขและโครงสร้างรายได้ของ พันธบัตรแปลงสภาพ,수의상환사채,수의상환사채,True,채권,,1.0,1.0,1.0,0,,40,수의상환사채
KO-FIN-01919,수익률과 관련된 투자 정보를 확인하고 싶습니다.,ผมต้องการตรวจสอบข้อมูลการลงทุนที่เกี่ยวข้องกับ ผลผลิต,수익률,수익률,True,자산운용·투자,,1.0,1.0,1.0,0,,40,수익률
KO-FIN-01921,수익률곡선이 무엇인지 설명해 주세요.,โปรดอธิบายว่า เส้นโค้งผลตอบแทน คืออะไร,수익률곡선,수익률곡선,True,채권,,1.0,1.0,1.0,0,,20,수익률곡선
KO-FIN-01927,수익률곡선타기전략과 관련된 투자 정보를 확인하고 싶습니다.,ผมต้องการตรวจสอบข้อมูลการลงทุนที่เกี่ยวข้องกับ กลยุทธ์การซื้อขายตามเส้นโค้งผลตอบแทน,수익률곡선타기전략,수익률곡선타기전략,True,자산운용·투자,,1.0,1.0,1.0,0,,0,
KO-FIN-01930,수익률스프레드의 조건과 수익 구조를 확인하고 싶습니다.,ผมต้องการตรวจสอบเงื่อนไขและโครงสร้างกำไรของ ส่วนต่างอัตราผลตอบแทน,수익률스프레드,수익률스프레드,True,채권,자산운용·투자,1.0,1.0,1.0,0,,40,수익률스프레드
KO-FIN-01938,수익증권의 운용 방식과 수수료를 확인하고 싶습니다.,ผมต้องการตรวจสอบขั้นตอนการดำเนินการและค่าธรรมเนียมสำหรับ หลักทรัพย์หนี้,수익증권,수익증권,True,펀드·신탁,증권·예탁,1.0,1.0,1.0,0,,20,수익증권
KO-FIN-01941,수정주가평균이 무엇인지 설명해 주세요.,โปรดอธิบายว่า ราคาหุ้นเฉลี่ยที่ปรับแล้ว คืออะไร,수정주가평균,수정주가평균,True,주식,,1.0,1.0,1.0,0,,40,수정주가평균
KO-FIN-01945,수탁계약준칙이 무엇을 의미하나요?,หลักปฏิบัติสำหรับสัญญาทรัสต์ หมายความว่าอะไร?,수탁계약준칙,수탁계약준칙,True,금융시장·거래,펀드·신탁 / 법률·계약 / 증권·예탁,1.0,1.0,1.0,0,,0,
KO-FIN-01957,순수무액면주식이 무엇인지 설명해 주세요.,โปรดอธิบายว่า หุ้นไม่มีมูลค่าที่ตราไว้ คืออะไร,순수무액면주식,순수무액면주식,True,주식,,1.0,1.0,1.0,0,,40,순수무액면주식
KO-FIN-01962,순운전자본을 통해 어떤 정보를 확인할 수 있나요?,ฉันสามารถหาข้อมูลอะไรได้ผ่าน ทุนหมุนเวียนสุทธิ?,순운전자본,순운전자본,True,회계·재무,,1.0,1.0,1.0,0,,0,
KO-FIN-01964,순운전자본은 기준 시점과 작성 기준을 함께 확인해야 합니다.,สำหรับ ทุนหมุนเวียนสุทธิ ต้องตรวจสอบทั้งวันที่อ้างอิงและหลักการจัดทำ,순운전자본,순운전자본,True,회계·재무,,1.0,1.0,1.0,0,,0,
KO-FIN-01967,순자산가치와 관련해 투자 전에 확인해야 할 사항이 있나요?,มีข้อใดบ้างที่ควรตรวจสอบก่อนที่จะลงทุนใน มูลค่าสินทรัพย์สุทธิ?,순자산가치,순자산가치,True,주식,,1.0,1.0,1.0,0,,0,
KO-FIN-01969,순차변·순대변잔고포지션이 무엇인지 설명해 주세요.,โปรดอธิบายว่า ตำแหน่งสมดุลตามลำดับและตำแหน่งสมดุลสุทธิ คืออะไร,순차변·순대변잔고포지션,순차변·순대변잔고포지션,True,지급결제·청산,,1.0,1.0,1.0,0,,40,순차변·순대변잔고포지션
KO-FIN-01975,스왑거래 거래에는 어떤 위험이 있나요?,ความเสี่ยงที่เกี่ยวข้องกับการซื้อขาย ธุรกรรมแลกเปลี่ยน มีอะไรบ้าง?,스왑거래,스왑거래,True,파생상품,금융시장·거래,1.0,1.0,1.0,0,,20,스왑거래
KO-FIN-01977,스왑션이 무엇인지 쉽게 설명해 주세요.,โปรดอธิบายด้วยคำง่ายๆ ว่า สลับ คืออะไร,스왑션,스왑션,True,파생상품,,1.0,1.0,1.0,0,,40,스왑션
KO-FIN-01984,스위스옵션 금융선물거래소를 확인할 때 시장 상황과 거래 조건을 함께 살펴보세요.,เมื่อวิเคราะห์ ตลาดสัญญาซื้อขายล่วงหน้าและสัญญาออปชันของสวิส ให้แน่ใจว่าได้พิจารณาถึงสภาพตลาดและเงื่อนไขการซื้อขายด้วย,스위스옵션 금융선물거래소,스위스옵션 금융선물거래소,True,금융시장·거래,파생상품,1.0,1.0,1.0,0,,20,스위스옵션 금융선물거래소
KO-FIN-01986,스칼퍼와 관련된 시장 정보를 확인하고 싶습니다.,ผมต้องการตรวจสอบข้อมูลตลาดที่เกี่ยวข้องกับ ผู้เก็งกำไรระยะสั้น,스칼퍼,스칼퍼,True,금융시장·거래,,1.0,1.0,1.0,0,,40,스칼퍼
KO-FIN-01989,스톡옵션이 무엇인지 쉽게 설명해 주세요.,โปรดอธิบายด้วยคำง่ายๆ ว่า ตัวเลือกการแบ่งปัน คืออะไร,스톡옵션,스톡옵션,True,파생상품,주식,1.0,1.0,1.0,0,,20,스톡옵션
KO-FIN-01993,스트래들이 무엇을 의미하나요?,สแตรดเดิล หมายความว่าอะไร?,스트래들,스트래들,True,금융시장·거래,,1.0,1.0,1.0,0,,0,
KO-FIN-01997,스트랩이 무엇인지 쉽게 설명해 주세요.,โปรดอธิบายด้วยคำง่ายๆ ว่า สาย คืออะไร,스트랩,스트랩,True,파생상품,,1.0,1.0,1.0,0,,40,스트랩
KO-FIN-02001,스트립이 금융거래에서 무엇을 의미하나요?,แถบ มีความหมายอย่างไรในธุรกรรมทางการเงินนี้?,스트립,스트립,True,법률·계약,,1.0,1.0,1.0,0,,40,스트립
KO-FIN-02006,스페셜리스트와 관련된 시장 정보를 확인하고 싶습니다.,ผมต้องการตรวจสอบข้อมูลตลาดที่เกี่ยวข้องกับ ผู้เชี่ยวชาญ,스페셜리스트,스페셜리스트,True,금융시장·거래,,1.0,1.0,1.0,0,,40,스페셜리스트
KO-FIN-02011,스폿펀드에 가입하기 전에 어떤 점을 확인해야 하나요?,ควรตรวจสอบอะไรก่อนสมัคร กองทุนสปอต?,스폿펀드,스폿펀드,True,펀드·신탁,,1.0,1.0,1.0,0,,0,
KO-FIN-02014,스프레드와 관련된 시장 정보를 확인하고 싶습니다.,ผมต้องการตรวจสอบข้อมูลตลาดที่เกี่ยวข้องกับ การกระจาย,스프레드,스프레드,True,금융시장·거래,,1.0,1.0,1.0,0,,40,스프레드
KO-FIN-02018,스프레드거래와 관련된 시장 정보를 확인하고 싶습니다.,ผมต้องการตรวจสอบข้อมูลตลาดที่เกี่ยวข้องกับ การเดิมพันแบบสเปรด,스프레드거래,스프레드거래,True,금융시장·거래,,1.0,1.0,1.0,0,,0,
KO-FIN-02023,스프레드운용과 관련된 투자 정보를 확인하고 싶습니다.,ผมต้องการตรวจสอบข้อมูลการลงทุนที่เกี่ยวข้องกับ การจัดการการกระจาย,스프레드운용,스프레드운용,True,자산운용·투자,,1.0,1.0,1.0,0,,40,스프레드운용
KO-FIN-02027,스프리트에 대해 상담받고 싶습니다.,ผมต้องการสอบถามเกี่ยวกับ จิตวิญญาณ,스프리트,스프리트,True,대출,,1.0,1.0,1.0,0,,40,스프리트
KO-FIN-02032,시가발행제도의 세부 조건과 절차는 거래 유형에 따라 달라질 수 있습니다.,เงื่อนไขและขั้นตอนเฉพาะสำหรับ โครงการออกพันธบัตรเทศบาล อาจแตกต่างกันไปตามประเภทของธุรกรรม,시가발행제도,시가발행제도,True,기업금융·자본조달,주식,1.0,1.0,1.0,0,,40,시가발행제도
KO-FIN-02033,시가총액이 무엇인지 설명해 주세요.,กรุณาอธิบายว่า มูลค่าตลาด คืออะไร,시가총액,시가총액,True,주식,,1.0,1.0,1.0,0,,20,시가총액
KO-FIN-02039,시가총액식 주가지수와 관련해 투자 전에 확인해야 할 사항이 있나요?,มีข้อใดบ้างที่ฉันควรตรวจสอบก่อนที่จะลงทุนใน ดัชนีหุ้นที่ปรับตามมูลค่าตลาด?,시가총액식 주가지수,시가총액식 주가지수,True,주식,,1.0,1.0,1.0,0,,20,시가총액식 주가지수
KO-FIN-02042,시간외 종가매매와 관련된 시장 정보를 확인하고 싶습니다.,ผมต้องการตรวจสอบข้อมูลตลาดที่เกี่ยวข้องกับ การซื้อขายตามราคาปิดหลังเวลาทำการ,시간외 종가매매,시간외 종가매매,True,금융시장·거래,,1.0,1.0,1.0,0,,40,시간외 종가매매
KO-FIN-02045,시간우선의 원칙이 무엇을 의미하나요?,หลักการของลำดับความสำคัญตามเวลา หมายความว่าอะไร?,시간우선의 원칙,시간우선의 원칙,True,금융시장·거래,,1.0,1.0,1.0,0,,0,
KO-FIN-02050,시스템위험이 금융거래에 어떤 영향을 주나요?,ความเสี่ยงระบบ มีผลกระทบอย่างไรต่อธุรกรรมทางการเงินนี้?,시스템위험,시스템위험,True,신용·리스크,,1.0,1.0,1.0,0,,0,
KO-FIN-02052,시스템위험은 거래 조건이나 이용 가능 여부에 영향을 줄 수 있습니다.,ความเสี่ยงระบบ อาจส่งผลต่อเงื่อนไขการซื้อขายหรือความพร้อมให้บริการ,시스템위험,시스템위험,True,신용·리스크,,1.0,1.0,1.0,0,,0,
KO-FIN-02053,시장분할이론이 무엇을 의미하나요?,ทฤษฎีการแบ่งส่วนตลาด หมายความว่าอะไร?,시장분할이론,시장분할이론,True,금융시장·거래,대출 / 자산운용·투자 / 채권,1.0,1.0,1.0,0,,0,
KO-FIN-02058,시장위험이 금융거래에 어떤 영향을 주나요?,ความเสี่ยงทางตลาด มีผลกระทบต่อธุรกรรมทางการเงินนี้อย่างไร?,시장위험,시장위험,True,신용·리스크,금융시장·거래 / 금융기관·은행,1.0,1.0,1.0,0,,0,
KO-FIN-02060,시장위험은 거래 조건이나 이용 가능 여부에 영향을 줄 수 있습니다.,ความเสี่ยงทางตลาด อาจส่งผลต่อเงื่อนไขการซื้อขายหรือความพร้อมให้บริการ,시장위험,시장위험,True,신용·리스크,금융시장·거래 / 금융기관·은행,1.0,1.0,1.0,0,,0,
KO-FIN-02061,시장주문이 무엇을 의미하나요?,คำสั่งซื้อขายตามราคาตลาด หมายความว่าอะไร?,시장주문,시장주문,True,금융시장·거래,,1.0,1.0,1.0,0,,0,
KO-FIN-02065,시장타이밍수입이 무엇을 의미하나요?,รายได้จากกลยุทธ์จับจังหวะตลาด หมายความว่าอะไร?,시장타이밍수입,시장타이밍수입,True,금융시장·거래,,1.0,1.0,1.0,0,,40,시장타이밍수입
KO-FIN-02071,시장포트폴리오와 관련된 투자 정보를 확인하고 싶습니다.,ผมต้องการดูข้อมูลการลงทุนที่เกี่ยวข้องกับ พอร์ตโฟลิโอตลาด,시장포트폴리오,시장포트폴리오,True,자산운용·투자,금융시장·거래,1.0,1.0,1.0,0,,0,
KO-FIN-02075,시차유동성위험을 줄이려면 어떤 점을 확인해야 하나요?,ควรตรวจสอบอะไรเพื่อลด ความเสี่ยงด้านสภาพคล่องแบบล่าช้า?,시차유동성위험,시차유동성위험,True,신용·리스크,증권·예탁 / 지급결제·청산,1.0,1.0,1.0,0,,40,시차유동성위험
KO-FIN-02076,시차유동성위험은 거래 조건이나 이용 가능 여부에 영향을 줄 수 있습니다.,ความเสี่ยงด้านสภาพคล่องแบบล่าช้า อาจส่งผลต่อเงื่อนไขการซื้อขายหรือความพร้อมให้บริการ,시차유동성위험,시차유동성위험,True,신용·리스크,증권·예탁 / 지급결제·청산,1.0,1.0,1.0,0,,40,시차유동성위험
KO-FIN-02077,신규상장이 무엇을 의미하나요?,ประกาศใหม่ หมายความว่าอะไร?,신규상장,신규상장,True,금융시장·거래,,1.0,1.0,1.0,0,,40,신규상장
KO-FIN-02082,신디케이트 처리 절차를 확인하고 싶습니다.,ผมต้องการตรวจสอบขั้นตอนการดำเนินการสำหรับ ซินดิเคท,신디케이트,신디케이트,True,증권·예탁,,1.0,1.0,1.0,0,,0,
KO-FIN-02086,신용거래와 관련된 시장 정보를 확인하고 싶습니다.,ผมต้องการตรวจสอบข้อมูลตลาดที่เกี่ยวข้องกับ การซื้อขายด้วยมาร์จิ้น,신용거래,신용거래,True,금융시장·거래,대출 / 증권·예탁 / 신용·리스크 / 주식,1.0,1.0,1.0,0,,20,신용거래
KO-FIN-02090,신용위험이 금융거래에 어떤 영향을 주나요?,ความเสี่ยงด้านเครดิต มีผลกระทบอย่างไรต่อธุรกรรมทางการเงินนี้?,신용위험,신용위험,True,신용·리스크,,1.0,1.0,1.0,0,,0,
KO-FIN-02092,신용위험은 거래 조건이나 이용 가능 여부에 영향을 줄 수 있습니다.,ความเสี่ยงด้านเครดิต อาจส่งผลต่อเงื่อนไขการซื้อขายหรือความพร้อมให้บริการ,신용위험,신용위험,True,신용·리스크,,1.0,1.0,1.0,0,,0,
KO-FIN-02095,신용평가기관을 줄이려면 어떤 점을 확인해야 하나요?,ควรตรวจสอบอะไรเพื่อลด บริษัทจัดอันดับเครดิต?,신용평가기관,신용평가기관,True,신용·리스크,,1.0,1.0,1.0,0,,40,신용평가기관
KO-FIN-02096,신용평가기관은 거래 조건이나 이용 가능 여부에 영향을 줄 수 있습니다.,บริษัทจัดอันดับเครดิต อาจส่งผลต่อเงื่อนไขการซื้อขายหรือความพร้อมให้บริการ,신용평가기관,신용평가기관,True,신용·리스크,,1.0,1.0,1.0,0,,40,신용평가기관
KO-FIN-02097,신주인수권이 무엇인지 설명해 주세요.,โปรดอธิบายว่า สิทธิในการจองซื้อหุ้น คืออะไร,신주인수권,신주인수권,True,주식,기업금융·자본조달,1.0,1.0,1.0,0,,0,
KO-FIN-02102,신주인수권부사채의 조건과 수익 구조를 확인하고 싶습니다.,ผมต้องการตรวจสอบเงื่อนไขและโครงสร้างรายได้ของ พันธบัตรที่มีสิทธิซื้อหุ้น,신주인수권부사채,신주인수권부사채,True,채권,주식 / 기업금융·자본조달,1.0,1.0,1.0,0,,40,신주인수권부사채
KO-FIN-02105,신주인수권증권이 무엇인지 설명해 주세요.,กรุณาอธิบายว่า หมายจับ คืออะไร,신주인수권증권,신주인수권증권,True,증권·예탁,주식 / 기업금융·자본조달,1.0,1.0,1.0,0,,40,신주인수권증권
KO-FIN-02111,신주인수권증서와 관련해 투자 전에 확인해야 할 사항이 있나요?,มีข้อใดบ้างที่ฉันควรตรวจสอบก่อนที่จะลงทุนใน หมายจับ?,신주인수권증서,신주인수권증서,True,주식,증권·예탁 / 기업금융·자본조달,1.0,1.0,1.0,0,,40,신주인수권증서
KO-FIN-02115,신탁에 가입하기 전에 어떤 점을 확인해야 하나요?,ควรตรวจสอบอะไรก่อนสมัคร ความเชื่อมั่น?,신탁,신탁,True,펀드·신탁,,1.0,1.0,1.0,0,,70,신탁
KO-FIN-02118,신탁계정의 운용 방식과 수수료를 확인하고 싶습니다.,ผมต้องการตรวจสอบขั้นตอนการดำเนินการและค่าธรรมเนียมของ บัญชีรับฝาก,신탁계정,신탁계정,True,펀드·신탁,증권·예탁,1.0,1.0,1.0,0,,40,신탁계정
KO-FIN-02122,신탁법의 운용 방식과 수수료를 확인하고 싶습니다.,ผมต้องการตรวจสอบขั้นตอนการดำเนินการและค่าธรรมเนียมสำหรับ พระราชบัญญัติความไว้วางใจ,신탁법,신탁법,True,펀드·신탁,,1.0,1.0,1.0,0,,20,신탁법
KO-FIN-02126,신탁보수의 운용 방식과 수수료를 확인하고 싶습니다.,ผมต้องการตรวจสอบขั้นตอนการดำเนินการและค่าธรรมเนียมสำหรับ ค่าธรรมเนียมการจัดการกองทุน,신탁보수,신탁보수,True,펀드·신탁,,1.0,1.0,1.0,0,,40,신탁보수
KO-FIN-02130,신탁자의 운용 방식과 수수료를 확인하고 싶습니다.,ผมต้องการทราบเกี่ยวกับขั้นตอนการดำเนินการและค่าธรรมเนียมของ ผู้มอบหมาย,신탁자,신탁자,True,펀드·신탁,,1.0,1.0,1.0,0,,40,신탁자
KO-FIN-02134,신탁재산의 운용 방식과 수수료를 확인하고 싶습니다.,ผมต้องการตรวจสอบขั้นตอนการดำเนินการและค่าธรรมเนียมสำหรับ ทรัพย์สินที่ไว้วางใจ,신탁재산,신탁재산,True,펀드·신탁,,1.0,1.0,1.0,0,,0,
KO-FIN-02138,신탁재산표시 말소 처리 절차를 확인하고 싶습니다.,ผมต้องการตรวจสอบขั้นตอนการดำเนินการสำหรับ การยกเลิกการกำหนดทรัพย์สินในความไว้วางใจ,신탁재산표시 말소,신탁재산표시 말소,True,증권·예탁,펀드·신탁 / 금융법규·감독,1.0,1.0,1.0,0,,20,신탁재산표시 말소
KO-FIN-02142,신탁회사의 운용 방식과 수수료를 확인하고 싶습니다.,ผมต้องการทราบเกี่ยวกับขั้นตอนการดำเนินการและค่าธรรมเนียมของ บริษัททรัสต์,신탁회사,신탁회사,True,펀드·신탁,,1.0,1.0,1.0,0,,20,신탁회사
KO-FIN-02147,실권주와 관련해 투자 전에 확인해야 할 사항이 있나요?,มีข้อใดบ้างที่ฉันควรตรวจสอบก่อนที่จะลงทุนใน หุ้นไม่มีสิทธิลงเสียง?,실권주,실권주,True,주식,,1.0,1.0,1.0,0,,50,실권주
KO-FIN-02150,실기주 처리 절차를 확인하고 싶습니다.,ผมต้องการตรวจสอบขั้นตอนการดำเนินการสำหรับ หุ้นสามัญ,실기주,실기주,True,증권·예탁,주식 / 법률·계약,1.0,1.0,1.0,0,,20,실기주
KO-FIN-02153,실기주과실이 무엇인지 설명해 주세요.,โปรดอธิบายว่า การละเลยในการปฏิบัติหน้าที่ คืออะไร,실기주과실,실기주과실,True,증권·예탁,주식,1.0,1.0,1.0,0,,40,실기주과실
KO-FIN-02158,실물거래와 관련된 시장 정보를 확인하고 싶습니다.,ผมต้องการตรวจสอบข้อมูลตลาดที่เกี่ยวข้องกับ การซื้อขายแบบกายภาพ,실물거래,실물거래,True,금융시장·거래,,1.0,1.0,1.0,0,,20,실물거래
KO-FIN-02163,실물결제 과정에서 문제가 발생한 것 같습니다.,ดูเหมือนว่าเกิดปัญหาในกระบวนการ จ่ายเมื่อรับสินค้า,실물결제,실물결제,True,지급결제·청산,금융시장·거래 / 증권·예탁,1.0,1.0,1.0,0,,50,실물결제
KO-FIN-02165,실시간 총액이 무엇인지 설명해 주세요.,โปรดอธิบายว่า ‘ยอดรวมแบบเรียลไทม์’ คืออะไร,,실시간 총액,False,지급결제·청산,금융기관·은행 / 이체 / 금융시장·거래,1.0,1.0,1.0,0,,0,
KO-FIN-02169,실적배당신탁이 무엇인지 설명해 주세요.,กรุณาอธิบายว่า กองทุนปันผลตามผลการดำเนินงาน คืออะไร,실적배당신탁,실적배당신탁,True,주식,펀드·신탁 / 세금,1.0,1.0,1.0,0,,50,실적배당신탁
KO-FIN-02175,실질이자율과 관련된 내용을 확인하고 싶습니다.,ผมต้องการตรวจสอบข้อมูลที่เกี่ยวข้องกับ อัตราดอกเบี้ยจริง,실질이자율,실질이자율,True,기타 금융일반,,1.0,1.0,1.0,0,,0,
KO-FIN-02176,실질이자율의 정확한 의미는 해당 금융거래의 맥락과 함께 확인해야 합니다.,ความหมายที่แม่นยำของ อัตราดอกเบี้ยจริง ต้องถูกกำหนดในบริบทของธุรกรรมทางการเงินที่เกี่ยวข้อง,실질이자율,실질이자율,True,기타 금융일반,,1.0,1.0,1.0,0,,0,
KO-FIN-02179,실질주주 권리배정 명세표와 관련해 투자 전에 확인해야 할 사항이 있나요?,มีข้อใดบ้างที่ฉันควรตรวจสอบก่อนที่จะลงทุนใน คำชี้แจงเกี่ยวกับการจัดสรรสิทธิให้แก่ผู้ถือหุ้นที่มีสิทธิประโยชน์?,실질주주 권리배정 명세표,실질주주 권리배정 명세표,True,주식,증권·예탁,1.0,1.0,1.0,0,,40,실질주주 권리배정 명세표
KO-FIN-02182,실질주주와 관련된 정보를 확인하고 싶습니다.,ผมต้องการตรวจสอบข้อมูลที่เกี่ยวข้องกับ ผู้ถือประโยชน์จริง,실질주주,실질주주,True,주식,증권·예탁,1.0,1.0,1.0,0,,40,실질주주
KO-FIN-02186,실질주주증명서제도와 관련된 정보를 확인하고 싶습니다.,ผมต้องการตรวจสอบข้อมูลที่เกี่ยวข้องกับ โครงการรับรองผู้ถือกรรมสิทธิ์จริง,실질주주증명서제도,실질주주증명서제도,True,주식,증권·예탁,1.0,1.0,1.0,0,,40,실질주주증명서제도
KO-FIN-02191,실현수익률과 관련된 투자 정보를 확인하고 싶습니다.,ผมต้องการตรวจสอบข้อมูลการลงทุนที่เกี่ยวข้องกับ อัตราผลตอบแทนที่แท้จริง,실현수익률,실현수익률,True,자산운용·투자,,1.0,1.0,1.0,0,,0,
KO-FIN-02196,실효이자율은 심사 결과에 따라 이용 가능 여부가 달라질 수 있습니다.,การมี อัตราดอกเบี้ยจริง อาจแตกต่างกันไปขึ้นอยู่กับผลการประเมิน,실효이자율,실효이자율,True,대출,,1.0,1.0,1.0,0,,0,
KO-FIN-02199,쌍방연계방식과 관련된 내용을 확인하고 싶습니다.,ผมต้องการตรวจสอบข้อมูลที่เกี่ยวข้องกับ วิธีเชื่อมโยงสองทาง,쌍방연계방식,쌍방연계방식,True,기타 금융일반,,1.0,1.0,1.0,0,,20,쌍방연계방식
KO-FIN-02200,쌍방연계방식의 정확한 의미는 해당 금융거래의 맥락과 함께 확인해야 합니다.,ความหมายที่แน่ชัดของ วิธีเชื่อมโยงสองทาง ต้องได้รับการยืนยันในบริบทของธุรกรรมทางการเงินที่เกี่ยวข้อง,쌍방연계방식,쌍방연계방식,True,기타 금융일반,,1.0,1.0,1.0,0,,20,쌍방연계방식
KO-FIN-02203,써클결제 과정에서 문제가 발생한 것 같습니다.,ดูเหมือนว่าเกิดปัญหาขึ้นระหว่างกระบวนการ Circle Payments,써클결제,써클결제,True,지급결제·청산,,1.0,1.0,1.0,0,,50,써클결제
KO-FIN-02206,아리랑본드의 조건과 수익 구조를 확인하고 싶습니다.,ผมต้องการตรวจสอบเงื่อนไขและโครงสร้างรายได้ของ พันธบัตรอาริรัง,아리랑본드,아리랑본드,True,채권,,1.0,1.0,1.0,0,,40,아리랑본드
KO-FIN-02210,아시아·태평양 중앙예탁기관협의회 처리 절차를 확인하고 싶습니다.,ผมต้องการตรวจสอบขั้นตอนการดำเนินการสำหรับ สภาศูนย์รับฝากหลักทรัพย์ภูมิภาคเอเชีย-แปซิฟิก,아시아·태평양 중앙예탁기관협의회,아시아·태평양 중앙예탁기관협의회,True,증권·예탁,,1.0,1.0,1.0,0,,20,아시아·태평양 중앙예탁기관협의회
KO-FIN-02214,아시안달러본드와 관련된 시장 정보를 확인하고 싶습니다.,ผมต้องการตรวจสอบข้อมูลตลาดที่เกี่ยวข้องกับ พันธบัตรดอลลาร์เอเชีย,아시안달러본드,아시안달러본드,True,금융시장·거래,,1.0,1.0,1.0,0,,0,
KO-FIN-02219,액면가와 관련해 투자 전에 확인해야 할 사항이 있나요?,มีข้อใดบ้างที่ฉันควรตรวจสอบก่อนที่จะลงทุนใน มูลค่าหน้าตั๋ว?,액면가,액면가,True,주식,,1.0,1.0,1.0,0,,40,액면가
KO-FIN-02222,액면발행을 이용하려면 어떤 조건이 필요한가요?,เงื่อนไขในการใช้ ออกหุ้นตามราคาหน้า คืออะไร?,액면발행,액면발행,True,기업금융·자본조달,,1.0,1.0,1.0,0,,50,액면발행
KO-FIN-02223,액면발행과 관련된 비용과 절차를 확인하고 싶습니다.,ผมต้องการตรวจสอบค่าใช้จ่ายและขั้นตอนที่เกี่ยวข้องกับ ออกหุ้นตามราคาหน้า,액면발행,액면발행,True,기업금융·자본조달,,1.0,1.0,1.0,0,,50,액면발행
KO-FIN-02225,액면분할이 무엇인지 설명해 주세요.,โปรดอธิบายว่า การแบ่งหุ้น คืออะไร,액면분할,액면분할,True,주식,,1.0,1.0,1.0,0,,0,
KO-FIN-02230,양도담보의 조건과 수익 구조를 확인하고 싶습니다.,ผมต้องการตรวจสอบเงื่อนไขและโครงสร้างรายได้ของ ความปลอดภัยผ่านทางการมอบหมาย,양도담보,양도담보,True,채권,,1.0,1.0,1.0,0,,40,양도담보
KO-FIN-02234,양도성예금증서에 적용되는 금리는 어떻게 되나요?,อัตราดอกเบี้ยที่ใช้กับ ใบฝากเงินที่มีเงื่อนไขการถอนได้ คือเท่าไร?,양도성예금증서,양도성예금증서,True,예금상품,증권·예탁,1.0,1.0,1.0,0,,40,양도성예금증서
KO-FIN-02237,양키달러시장이 무엇을 의미하나요?,ตลาดดอลลาร์ยังกี หมายความว่าอะไร?,양키달러시장,양키달러시장,True,금융시장·거래,,1.0,1.0,1.0,0,,0,
KO-FIN-02243,양키본드와 관련된 투자 정보를 확인하고 싶습니다.,ผมต้องการตรวจสอบข้อมูลการลงทุนที่เกี่ยวข้องกับ พันธบัตรแยงกี้,양키본드,양키본드,True,자산운용·투자,,1.0,1.0,1.0,0,,20,양키본드
KO-FIN-02247,어카운트 결제 과정에서 문제가 발생한 것 같습니다.,ดูเหมือนว่าเกิดปัญหาในกระบวนการ การชำระเงินบัญชี,어카운트 결제,어카운트 결제,True,지급결제·청산,,1.0,1.0,1.0,0,,20,어카운트 결제
KO-FIN-02250,언더라이터 처리 절차를 확인하고 싶습니다.,ผมต้องการตรวจสอบขั้นตอนการดำเนินการสำหรับ ผู้รับประกัน,언더라이터,언더라이터,True,증권·예탁,,1.0,1.0,1.0,0,,40,언더라이터
KO-FIN-02254,역금리와 관련된 거래 조건을 확인하고 싶습니다.,ผมต้องการตรวจสอบเงื่อนไขและข้อกำหนดที่เกี่ยวข้องกับ อัตราดอกเบี้ยผกผัน,역금리,역금리,True,국제금융,,1.0,1.0,1.0,0,,40,역금리
KO-FIN-02258,역레포와 관련된 시장 정보를 확인하고 싶습니다.,ผมต้องการตรวจสอบข้อมูลตลาดที่เกี่ยวข้องกับ รีเวอร์ส รีโป,역레포,역레포,True,금융시장·거래,,1.0,1.0,1.0,0,,40,역레포
KO-FIN-02262,역분식결산을 통해 어떤 정보를 확인할 수 있나요?,ฉันสามารถหาข้อมูลอะไรได้ผ่าน การบัญชีแบบย้อนหลัง?,역분식결산,역분식결산,True,회계·재무,,1.0,1.0,1.0,0,,40,역분식결산
KO-FIN-02264,역분식결산은 기준 시점과 작성 기준을 함께 확인해야 합니다.,สำหรับ การบัญชีแบบย้อนหลัง ต้องตรวจสอบทั้งวันที่อ้างอิงและหลักการจัดทำ,역분식결산,역분식결산,True,회계·재무,,1.0,1.0,1.0,0,,40,역분식결산
KO-FIN-02266,역외금융과 관련된 거래 조건을 확인하고 싶습니다.,ผมต้องการตรวจสอบเงื่อนไขและข้อกำหนดที่เกี่ยวข้องกับ การเงินนอกชายฝั่ง,역외금융,역외금융,True,국제금융,,1.0,1.0,1.0,0,,0,
KO-FIN-02268,역외금융과 관련된 거래에서는 국가별 규정과 통화를 함께 확인해야 합니다.,เมื่อดำเนินการธุรกรรมที่เกี่ยวข้องกับ การเงินนอกชายฝั่ง คุณต้องตรวจสอบทั้งกฎระเบียบและสกุลเงินที่ใช้ในแต่ละประเทศ,역외금융,역외금융,True,국제금융,,1.0,1.0,1.0,0,,0,
KO-FIN-02269,역외시장이 무엇을 의미하나요?,ตลาดนอกชายฝั่ง หมายความว่าอะไร?,역외시장,역외시장,True,금융시장·거래,국제금융,1.0,1.0,1.0,0,,50,역외시장
KO-FIN-02274,역외자금과 관련된 거래 조건을 확인하고 싶습니다.,ผมต้องการตรวจสอบเงื่อนไขและข้อกำหนดที่เกี่ยวข้องกับ กองทุนนอกประเทศ,역외자금,역외자금,True,국제금융,,1.0,1.0,1.0,0,,0,
KO-FIN-02276,역외자금과 관련된 거래에서는 국가별 규정과 통화를 함께 확인해야 합니다.,เมื่อดำเนินการธุรกรรมที่เกี่ยวข้องกับ กองทุนนอกประเทศ คุณต้องตรวจสอบทั้งกฎระเบียบและสกุลเงินที่ใช้ในแต่ละประเทศ,역외자금,역외자금,True,국제금융,,1.0,1.0,1.0,0,,0,
KO-FIN-02279,역외펀드에 가입하기 전에 어떤 점을 확인해야 하나요?,ควรตรวจสอบอะไรก่อนสมัคร กองทุนนอกประเทศ?,역외펀드,역외펀드,True,펀드·신탁,국제금융 / 자산운용·투자 / 세금,1.0,1.0,1.0,0,,40,역외펀드
KO-FIN-02283,연기금과 관련된 투자 정보를 확인하고 싶습니다.,ผมต้องการตรวจสอบข้อมูลการลงทุนที่เกี่ยวข้องกับ กองทุนบำนาญ,연기금,연기금,True,자산운용·투자,,1.0,1.0,1.0,0,,20,연기금
KO-FIN-02288,연방준비은행과 관련된 세부 업무는 해당 기관의 안내를 확인해 주세요.,โปรดอ้างอิงตามคำแนะนำจากองค์กรที่เกี่ยวข้องเพื่อทราบรายละเอียดเกี่ยวกับ ธนาคารกลางสหรัฐ,연방준비은행,연방준비은행,True,금융기관·은행,,1.0,1.0,1.0,0,,20,연방준비은행
KO-FIN-02290,연방준비제도에서 이용할 수 있는 금융업무는 무엇인가요?,ระบบธนาคารกลางสหรัฐฯ มีบริการทางการเงินใดบ้าง?,연방준비제도,연방준비제도,True,금융기관·은행,,1.0,1.0,1.0,0,,40,연방준비제도
KO-FIN-02295,연속결제 과정에서 문제가 발생한 것 같습니다.,ดูเหมือนว่าเกิดปัญหาในกระบวนการ การชำระเงินแบบประจำ,연속결제,연속결제,True,지급결제·청산,금융시장·거래,1.0,1.0,1.0,0,,20,연속결제
KO-FIN-02299,연속차감결제 과정에서 문제가 발생한 것 같습니다.,ดูเหมือนว่าเกิดปัญหาขึ้นระหว่างกระบวนการ การหักบัญชีอัตโนมัติแบบประจำ,연속차감결제,연속차감결제,True,지급결제·청산,,1.0,1.0,1.0,0,,40,연속차감결제
KO-FIN-02302,연쇄거래와 관련된 시장 정보를 확인하고 싶습니다.,ผมต้องการตรวจสอบข้อมูลตลาดที่เกี่ยวข้องกับ ธุรกรรมแบบโซ่,연쇄거래,연쇄거래,True,금융시장·거래,,1.0,1.0,1.0,0,,40,연쇄거래
KO-FIN-02306,영구사채의 조건과 수익 구조를 확인하고 싶습니다.,ผมต้องการตรวจสอบเงื่อนไขและโครงสร้างรายได้ของ พันธบัตรไม่มีวันครบกำหนด,영구사채,영구사채,True,채권,자산운용·투자,1.0,1.0,1.0,0,,50,영구사채
KO-FIN-02309,영시조항이 무엇을 의미하나요?,ข้อกำหนดเกี่ยวกับภาษาอังกฤษ หมายความว่าอะไร?,영시조항,영시조항,True,금융시장·거래,,1.0,1.0,1.0,0,,50,영시조항
KO-FIN-02314,예납조치와 관련된 시장 정보를 확인하고 싶습니다.,ผมต้องการตรวจสอบข้อมูลตลาดที่เกี่ยวข้องกับ ข้อตกลงเกี่ยวกับการชำระเงินล่วงหน้า,예납조치,예납조치,True,금융시장·거래,,1.0,1.0,1.0,0,,40,예납조치
KO-FIN-02317,예비증권이 무엇인지 설명해 주세요.,กรุณาอธิบายว่า หลักทรัพย์ชั่วคราว คืออะไร,예비증권,예비증권,True,증권·예탁,채권,1.0,1.0,1.0,0,,0,
KO-FIN-02321,예탁이 무엇인지 설명해 주세요.,กรุณาอธิบายว่า เงินฝาก คืออะไร,예탁,예탁,True,증권·예탁,법률·계약 / 금융법규·감독,1.0,1.0,1.0,0,,30,예탁
KO-FIN-02326,예탁계좌 처리 절차를 확인하고 싶습니다.,ผมต้องการตรวจสอบขั้นตอนการดำเนินการสำหรับ บัญชีรับฝาก,예탁계좌,예탁계좌,True,증권·예탁,계좌,1.0,1.0,1.0,0,,40,예탁계좌
KO-FIN-02329,예탁대상유가증권이 무엇인지 설명해 주세요.,โปรดอธิบายว่า หลักทรัพย์ที่รับฝากได้ คืออะไร,예탁대상유가증권,예탁대상유가증권,True,증권·예탁,,1.0,1.0,1.0,0,,40,예탁대상유가증권
KO-FIN-02334,예탁자 처리 절차를 확인하고 싶습니다.,ผมต้องการตรวจสอบขั้นตอนการดำเนินการสำหรับ ผู้ฝากเงิน,예탁자,예탁자,True,증권·예탁,,1.0,1.0,1.0,0,,20,예탁자
KO-FIN-02338,예탁자계좌부 처리 절차를 확인하고 싶습니다.,ผมต้องการตรวจสอบขั้นตอนการดำเนินการสำหรับ ทะเบียนบัญชีผู้ฝากเงิน,예탁자계좌부,예탁자계좌부,True,증권·예탁,,1.0,1.0,1.0,0,,40,예탁자계좌부
KO-FIN-02341,예탁자기금이 무엇인지 설명해 주세요.,โปรดอธิบายว่า กองทุนผู้ฝากเงิน คืออะไร,예탁자기금,예탁자기금,True,증권·예탁,,1.0,1.0,1.0,0,,20,예탁자기금
KO-FIN-02346,예탁증명서제도 처리 절차를 확인하고 싶습니다.,ผมต้องการตรวจสอบขั้นตอนการดำเนินการสำหรับ โครงการใบรับฝากหลักทรัพย์,예탁증명서제도,예탁증명서제도,True,증권·예탁,,1.0,1.0,1.0,0,,40,예탁증명서제도
KO-FIN-02350,예탁증서 처리 절차를 확인하고 싶습니다.,ผมต้องการตรวจสอบขั้นตอนการดำเนินการสำหรับ ใบรับฝากหลักทรัพย์,예탁증서,예탁증서,True,증권·예탁,,1.0,1.0,1.0,0,,0,
KO-FIN-02355,옐로우칩과 관련된 투자 정보를 확인하고 싶습니다.,ผมต้องการตรวจสอบข้อมูลการลงทุนที่เกี่ยวข้องกับ Yellow Chip,옐로우칩,옐로우칩,True,자산운용·투자,,1.0,1.0,1.0,0,,40,옐로우칩
KO-FIN-02357,오버나이트 repo이 무엇을 의미하나요?,รีโปข้ามคืน หมายความว่าอะไร?,오버나이트 repo,오버나이트 repo,True,금융시장·거래,,1.0,1.0,1.0,0,,40,오버나이트 repo
KO-FIN-02362,온라인 리얼타임 시스템은 어디에서 확인할 수 있나요?,ฉันสามารถหา ระบบออนไลน์แบบเรียลไทม์ ได้ที่ไหน?,온라인 리얼타임 시스템,온라인 리얼타임 시스템,True,계좌,,1.0,1.0,1.0,0,,0,
KO-FIN-02363,온라인 리얼타임 시스템이 정상적으로 표시되지 않습니다.,ระบบออนไลน์แบบเรียลไทม์ ไม่แสดงผลอย่างถูกต้อง,온라인 리얼타임 시스템,온라인 리얼타임 시스템,True,계좌,,1.0,1.0,1.0,0,,0,
KO-FIN-02366,온라인 증권거래와 관련된 시장 정보를 확인하고 싶습니다.,ผมต้องการตรวจสอบข้อมูลตลาดที่เกี่ยวข้องกับ การซื้อขายหุ้นออนไลน์,온라인 증권거래,온라인 증권거래,True,금융시장·거래,증권·예탁,1.0,1.0,1.0,0,,0,
KO-FIN-02371,온라인 투자은행과 관련된 투자 정보를 확인하고 싶습니다.,ผมต้องการดูข้อมูลการลงทุนที่เกี่ยวข้องกับ ธนาคารการลงทุนออนไลน์,온라인 투자은행,온라인 투자은행,True,자산운용·투자,금융기관·은행,1.0,1.0,1.0,0,,0,
KO-FIN-02373,옵션이 무엇인지 쉽게 설명해 주세요.,โปรดอธิบายด้วยคำง่ายๆ ว่า ตัวเลือก คืออะไร,옵션,옵션,True,파생상품,증권·예탁 / 법률·계약,1.0,1.0,1.0,0,,70,옵션
KO-FIN-02377,옵션가격결정모형이 무엇인지 쉽게 설명해 주세요.,โปรดอธิบายด้วยคำง่ายๆ ว่า แบบจำลองการกำหนดราคาออปชัน คืออะไร,옵션가격결정모형,옵션가격결정모형,True,파생상품,금융공학·분석 / 금융시장·거래 / 주식,1.0,1.0,1.0,0,,0,
KO-FIN-02382,옵션거래와 관련된 시장 정보를 확인하고 싶습니다.,ผมต้องการตรวจสอบข้อมูลตลาดที่เกี่ยวข้องกับ การซื้อขายออปชัน,옵션거래,옵션거래,True,금융시장·거래,파생상품,1.0,1.0,1.0,0,,0,
KO-FIN-02386,옵션부사채의 조건과 수익 구조를 확인하고 싶습니다.,ผมต้องการตรวจสอบเงื่อนไขและโครงสร้างรายได้ของ พันธบัตรให้คำปรึกษา,옵션부사채,옵션부사채,True,채권,파생상품,1.0,1.0,1.0,0,,40,옵션부사채
KO-FIN-02389,외국보관기관이 무엇인지 설명해 주세요.,กรุณาอธิบายว่า สถาบันรับฝากหลักทรัพย์ต่างประเทศ คืออะไร,외국보관기관,외국보관기관,True,증권·예탁,,1.0,1.0,1.0,0,,20,외국보관기관
KO-FIN-02394,외국시장거래와 관련된 시장 정보를 확인하고 싶습니다.,ผมต้องการตรวจสอบข้อมูลตลาดที่เกี่ยวข้องกับ การซื้อขายในตลาดต่างประเทศ,외국시장거래,외국시장거래,True,금융시장·거래,,1.0,1.0,1.0,0,,0,
KO-FIN-02399,외국인 투자등록번호와 관련된 투자 정보를 확인하고 싶습니다.,ผมต้องการตรวจสอบข้อมูลการลงทุนที่เกี่ยวข้องกับ หมายเลขทะเบียนการลงทุนจากต่างประเทศ,외국인 투자등록번호,외국인 투자등록번호,True,자산운용·투자,,1.0,1.0,1.0,0,,0,
KO-FIN-02402,외국채의 조건과 수익 구조를 확인하고 싶습니다.,ผมต้องการตรวจสอบเงื่อนไขและโครงสร้างรายได้ของ พันธบัตรต่างประเทศ,외국채,외국채,True,채권,자산운용·투자,1.0,1.0,1.0,0,,0,
KO-FIN-02405,외국환거래법에 대해 자세히 알려주세요.,โปรดบอกฉันเพิ่มเติมเกี่ยวกับ พระราชบัญญัติการซื้อขายเงินตราต่างประเทศ ครับ/ค่ะ,외국환거래법,외국환거래법,True,해외송금·외환,금융시장·거래,1.0,1.0,1.0,0,,0,
KO-FIN-02406,외국환거래법을 확인하고 싶습니다.,ผมต้องการตรวจสอบ พระราชบัญญัติการซื้อขายเงินตราต่างประเทศ,외국환거래법,외국환거래법,True,해외송금·외환,금융시장·거래,1.0,1.0,1.0,0,,0,
KO-FIN-02412,외부금융은 심사 결과에 따라 이용 가능 여부가 달라질 수 있습니다.,การมี แหล่งเงินทุนจากภายนอก อาจแตกต่างกันไปขึ้นอยู่กับผลการประเมิน,외부금융,외부금융,True,대출,,1.0,1.0,1.0,0,,30,외부금융
KO-FIN-02415,외수펀드에 가입하기 전에 어떤 점을 확인해야 하나요?,ควรตรวจสอบอะไรก่อนสมัคร กองทุนลงทุนต่างประเทศ?,외수펀드,외수펀드,True,펀드·신탁,,1.0,1.0,1.0,0,,40,외수펀드
KO-FIN-02418,외평채의 조건과 수익 구조를 확인하고 싶습니다.,ผมต้องการตรวจสอบเงื่อนไขและโครงสร้างรายได้ของ พันธบัตรเพื่อรักษาเสถียรภาพอัตราแลกเปลี่ยน,외평채,외평채,True,채권,,1.0,1.0,1.0,0,,50,외평채
KO-FIN-02421,외화증권이 무엇인지 설명해 주세요.,โปรดอธิบายว่า หลักทรัพย์ต่างประเทศ คืออะไร,외화증권,외화증권,True,증권·예탁,해외송금·외환 / 금융시장·거래,1.0,1.0,1.0,0,,0,
KO-FIN-02426,외화차입 담보관리제 처리 절차를 확인하고 싶습니다.,ผมต้องการตรวจสอบขั้นตอนการดำเนินการสำหรับ ระบบบริหารจัดการหลักประกันการกู้เงินสกุลเงินต่างประเทศ,외화차입 담보관리제,외화차입 담보관리제,True,증권·예탁,해외송금·외환 / 대출,1.0,1.0,1.0,0,,20,외화차입 담보관리제
KO-FIN-02429,외환시장이 무엇을 의미하나요?,ตลาดเงินตราต่างประเทศ หมายความว่าอะไร?,외환시장,외환시장,True,금융시장·거래,해외송금·외환,1.0,1.0,1.0,0,,0,
KO-FIN-02435,우량주와 관련해 투자 전에 확인해야 할 사항이 있나요?,มีข้อใดบ้างที่ควรตรวจสอบก่อนที่จะลงทุนใน หุ้นบลูชิป?,우량주,우량주,True,주식,,1.0,1.0,1.0,0,,40,우량주
KO-FIN-02437,우리사주조합이 무엇인지 설명해 주세요.,กรุณาอธิบายว่า โครงการให้พนักงานถือหุ้น คืออะไร,우리사주조합,우리사주조합,True,주식,,1.0,1.0,1.0,0,,40,우리사주조합
KO-FIN-02443,우선주와 관련해 투자 전에 확인해야 할 사항이 있나요?,มีข้อใดบ้างที่ฉันควรตรวจสอบก่อนที่จะลงทุนใน หุ้นสิทธิพิเศษ?,우선주,우선주,True,주식,,1.0,1.0,1.0,0,,40,우선주
KO-FIN-02446,운영위험이 금융거래에 어떤 영향을 주나요?,ความเสี่ยงในการดำเนินงาน มีผลกระทบต่อธุรกรรมทางการเงินนี้อย่างไร?,운영위험,운영위험,True,신용·리스크,,1.0,1.0,1.0,0,,20,운영위험
KO-FIN-02454,워크아웃에서 이용할 수 있는 금융업무는 무엇인가요?,การออกกำลังกาย มีบริการทางการเงินอะไรบ้าง?,워크아웃,워크아웃,True,금융기관·은행,,1.0,1.0,1.0,0,,40,워크아웃
KO-FIN-02458,원본위험이 금융거래에 어떤 영향을 주나요?,ความเสี่ยงของฉบับต้นฉบับ มีผลกระทบต่อธุรกรรมทางการเงินนี้อย่างไร?,원본위험,원본위험,True,신용·리스크,금융시장·거래 / 지급결제·청산,1.0,1.0,1.0,0,,40,원본위험
KO-FIN-02460,원본위험은 거래 조건이나 이용 가능 여부에 영향을 줄 수 있습니다.,ความเสี่ยงของฉบับต้นฉบับ อาจส่งผลต่อเงื่อนไขการซื้อขายหรือความพร้อมให้บริการ,원본위험,원본위험,True,신용·리스크,금융시장·거래 / 지급결제·청산,1.0,1.0,1.0,0,,40,원본위험
KO-FIN-02462,원천과세의 적용 기준을 알려주세요.,ขอความกรุณาช่วยอธิบายเกณฑ์การสมัคร ภาษีหัก ณ ที่จ่าย ได้ไหมครับ?,원천과세,원천과세,True,세금,,1.0,1.0,1.0,0,,50,원천과세
KO-FIN-02464,원천과세의 적용 여부는 거래 유형과 세법에 따라 달라질 수 있습니다.,การที่ใช้ ภาษีหัก ณ ที่จ่าย หรือไม่ อาจแตกต่างกันไปตามประเภทของธุรกรรมและกฎหมายภาษี,원천과세,원천과세,True,세금,,1.0,1.0,1.0,0,,50,원천과세
KO-FIN-02466,원천징수의 적용 기준을 알려주세요.,ขอความกรุณาช่วยอธิบายเกณฑ์การสมัคร ระบบหักภาษี ณ ที่จ่าย ได้ไหมครับ?,원천징수,원천징수,True,세금,,1.0,1.0,1.0,0,,40,원천징수
KO-FIN-02468,원천징수의 적용 여부는 거래 유형과 세법에 따라 달라질 수 있습니다.,การที่ใช้ ระบบหักภาษี ณ ที่จ่าย หรือไม่ อาจแตกต่างกันไปตามประเภทของธุรกรรมและกฎหมายภาษี,원천징수,원천징수,True,세금,,1.0,1.0,1.0,0,,40,원천징수
KO-FIN-02469,원화표시채권이 무엇인지 설명해 주세요.,โปรดอธิบายว่า พันธบัตรที่ระบุมูลค่าเป็นวอนเกาหลี คืออะไร,원화표시채권,원화표시채권,True,채권,,1.0,1.0,1.0,0,,40,원화표시채권
KO-FIN-02473,웹거래시스템이 무엇을 의미하나요?,ระบบซื้อขายออนไลน์ หมายความว่าอะไร?,웹거래시스템,웹거래시스템,True,금융시장·거래,,1.0,1.0,1.0,0,,20,웹거래시스템
KO-FIN-02477,위약손해배상공동기금이 무엇을 의미하나요?,กองทุนร่วมเพื่อชดเชยกรณีละเมิดสัญญา หมายความว่าอะไร?,위약손해배상공동기금,위약손해배상공동기금,True,금융시장·거래,증권·예탁,1.0,1.0,1.0,0,,20,위약손해배상공동기금
KO-FIN-02481,위임장이 무엇인지 설명해 주세요.,โปรดอธิบายว่า หนังสือมอบอำนาจ คืออะไร,위임장,위임장,True,주식,,1.0,1.0,1.0,0,,50,위임장
KO-FIN-02485,위임장경쟁이 무엇인지 설명해 주세요.,กรุณาอธิบายว่า การต่อสู้เพื่อควบคุมบริษัท คืออะไร,위임장경쟁,위임장경쟁,True,주식,,1.0,1.0,1.0,0,,40,위임장경쟁
KO-FIN-02490,위탁매매와 관련된 시장 정보를 확인하고 싶습니다.,ผมต้องการตรวจสอบข้อมูลตลาดที่เกี่ยวข้องกับ การซื้อขายตามดุลยพินิจ,위탁매매,위탁매매,True,금융시장·거래,증권·예탁,1.0,1.0,1.0,0,,40,위탁매매
KO-FIN-02494,위탁수수료와 관련된 시장 정보를 확인하고 싶습니다.,ผมต้องการตรวจสอบข้อมูลตลาดที่เกี่ยวข้องกับ ค่าคอมมิชชัน,위탁수수료,위탁수수료,True,금융시장·거래,,1.0,1.0,1.0,0,,0,
KO-FIN-02499,위탁자 때문에 추가로 확인해야 할 사항이 있나요?,มีข้อใดเพิ่มเติมที่จำเป็นต้องตรวจสอบเนื่องจาก ผู้อำนวยการ หรือไม่?,위탁자,위탁자,True,금융법규·감독,,1.0,1.0,1.0,0,,40,위탁자
KO-FIN-02500,위탁자의 적용 범위는 관련 법령과 규정에 따라 달라질 수 있습니다.,ขอบเขตการนำไปใช้ของ ผู้อำนวยการ อาจแตกต่างกันไปขึ้นอยู่กับกฎหมายและกฎระเบียบที่เกี่ยวข้อง,위탁자,위탁자,True,금융법규·감독,,1.0,1.0,1.0,0,,40,위탁자
KO-FIN-02501,위탁자청산서비스가 무엇인지 설명해 주세요.,กรุณาอธิบายว่า บริการชำระบัญชีโดยผู้รับมอบหมาย คืออะไร,위탁자청산서비스,위탁자청산서비스,True,지급결제·청산,금융시장·거래,1.0,1.0,1.0,0,,20,위탁자청산서비스
KO-FIN-02505,위탁증거금이 무엇인지 쉽게 설명해 주세요.,โปรดอธิบายด้วยคำง่ายๆ ว่า เงินฝากหลักประกัน คืออะไร,위탁증거금,위탁증거금,True,파생상품,금융시장·거래 / 증권·예탁 / 자산운용·투자,1.0,1.0,1.0,0,,40,위탁증거금
KO-FIN-02515,위험프리미엄을 줄이려면 어떤 점을 확인해야 하나요?,ควรตรวจสอบอะไรเพื่อลด ค่าพรีเมียมความเสี่ยง?,위험프리미엄,위험프리미엄,True,신용·리스크,자산운용·투자,1.0,1.0,1.0,0,,0,
KO-FIN-02516,위험프리미엄은 거래 조건이나 이용 가능 여부에 영향을 줄 수 있습니다.,ค่าพรีเมียมความเสี่ยง อาจส่งผลต่อเงื่อนไขการซื้อขายหรือความพร้อมให้บริการ,위험프리미엄,위험프리미엄,True,신용·리스크,자산운용·투자,1.0,1.0,1.0,0,,0,
KO-FIN-02517,유가증권 현송이 무엇인지 설명해 주세요.,โปรดอธิบายว่า การโอนหลักทรัพย์ คืออะไร,유가증권 현송,유가증권 현송,True,증권·예탁,,1.0,1.0,1.0,0,,40,유가증권 현송
KO-FIN-02521,유가증권이 무엇인지 설명해 주세요.,กรุณาอธิบายว่า หลักทรัพย์ คืออะไร,유가증권,유가증권,True,증권·예탁,,1.0,1.0,1.0,0,,0,
KO-FIN-02526,유가증권신고서 처리 절차를 확인하고 싶습니다.,ผมต้องการตรวจสอบขั้นตอนการดำเนินการสำหรับ หนังสือชี้ชวน,유가증권신고서,유가증권신고서,True,증권·예탁,,1.0,1.0,1.0,0,,40,유가증권신고서
KO-FIN-02530,유동성에서 이용할 수 있는 금융업무는 무엇인가요?,สภาพคล่อง มีบริการทางการเงินอะไรบ้าง?,유동성,유동성,True,금융기관·은행,,1.0,1.0,1.0,0,,40,유동성
KO-FIN-02534,유동성위험이 금융거래에 어떤 영향을 주나요?,ความเสี่ยงด้านสภาพคล่อง มีผลกระทบต่อธุรกรรมทางการเงินนี้อย่างไร?,유동성위험,유동성위험,True,신용·리스크,,1.0,1.0,1.0,0,,20,유동성위험
KO-FIN-02536,유동성위험은 거래 조건이나 이용 가능 여부에 영향을 줄 수 있습니다.,ความเสี่ยงด้านสภาพคล่อง อาจส่งผลต่อเงื่อนไขการซื้อขายหรือความพร้อมให้บริการ,유동성위험,유동성위험,True,신용·리스크,,1.0,1.0,1.0,0,,20,유동성위험
KO-FIN-02540,유동화 중개기관은 심사 결과에 따라 이용 가능 여부가 달라질 수 있습니다.,การมี ผู้กลางในการแปลงสินทรัพย์เป็นหลักทรัพย์ อาจแตกต่างกันไปขึ้นอยู่กับผลการประเมิน,유동화 중개기관,유동화 중개기관,True,대출,,1.0,1.0,1.0,0,,40,유동화 중개기관
KO-FIN-02542,유럽중앙예탁기관협의회 처리 절차를 확인하고 싶습니다.,ผมต้องการตรวจสอบขั้นตอนการดำเนินการสำหรับ สมาคมศูนย์รับฝากหลักทรัพย์กลางยุโรป,유럽중앙예탁기관협의회,유럽중앙예탁기관협의회,True,증권·예탁,,1.0,1.0,1.0,0,,20,유럽중앙예탁기관협의회
KO-FIN-02548,유럽중앙은행과 관련된 세부 업무는 해당 기관의 안내를 확인해 주세요.,โปรดอ้างอิงคู่มือขององค์กรที่เกี่ยวข้องเพื่อทราบรายละเอียดเกี่ยวกับ ธนาคารกลางยุโรป,유럽중앙은행,유럽중앙은행,True,금융기관·은행,,1.0,1.0,1.0,0,,0,
KO-FIN-02552,유럽통화단위의 정확한 의미는 해당 금융거래의 맥락과 함께 확인해야 합니다.,ความหมายที่แม่นยำของ หน่วยเงินยุโรป ต้องได้รับการยืนยันในบริบทของธุรกรรมทางการเงินที่เกี่ยวข้อง,유럽통화단위,유럽통화단위,True,기타 금융일반,,1.0,1.0,1.0,0,,0,
KO-FIN-02553,유럽통화제도에 대해 자세히 알려주세요.,โปรดบอกฉันเพิ่มเติมเกี่ยวกับ ระบบการเงินยุโรป ได้ไหมครับ,유럽통화제도,유럽통화제도,True,해외송금·외환,,1.0,1.0,1.0,0,,40,유럽통화제도
KO-FIN-02557,유럽형 옵션이 무엇인지 쉽게 설명해 주세요.,โปรดอธิบายด้วยคำง่ายๆ ว่า ตัวเลือกแบบยุโรป คืออะไร,유럽형 옵션,유럽형 옵션,True,파생상품,,1.0,1.0,1.0,0,,20,유럽형 옵션
KO-FIN-02562,유로와 관련된 시장 정보를 확인하고 싶습니다.,ผมต้องการตรวจสอบข้อมูลตลาดที่เกี่ยวข้องกับ ยูโร,유로,유로,True,금융시장·거래,,1.0,1.0,1.0,0,,30,유로
KO-FIN-02567,유로달러에 대해 상담받고 싶습니다.,ผมต้องการหารือเกี่ยวกับ ยูโรดอลลาร์,유로달러,유로달러,True,대출,금융시장·거래,1.0,1.0,1.0,0,,0,
KO-FIN-02569,유로머니에 대해 자세히 알려주세요.,โปรดบอกฉันเพิ่มเติมเกี่ยวกับ Euromoney ครับ/ค่ะ,유로머니,유로머니,True,해외송금·외환,,1.0,1.0,1.0,0,,0,
KO-FIN-02574,유로본드의 조건과 수익 구조를 확인하고 싶습니다.,ผมต้องการตรวจสอบเงื่อนไขและโครงสร้างรายได้ของ ยูโรบอนด์,유로본드,유로본드,True,채권,자산운용·투자,1.0,1.0,1.0,0,,20,유로본드
KO-FIN-02577,유로시장이 무엇을 의미하나요?,ตลาดยูโร หมายความว่าอะไร?,유로시장,유로시장,True,금융시장·거래,국제금융,1.0,1.0,1.0,0,,0,
KO-FIN-02582,유로통화에 적용되는 금리는 어떻게 되나요?,อัตราดอกเบี้ยที่ใช้กับ ยูโร คือเท่าไร?,유로통화,유로통화,True,예금상품,,1.0,1.0,1.0,0,,0,
KO-FIN-02586,유보율을 통해 어떤 정보를 확인할 수 있나요?,ฉันสามารถหาข้อมูลอะไรได้ผ่าน อัตราการรักษาลูกค้า?,유보율,유보율,True,회계·재무,,1.0,1.0,1.0,0,,40,유보율
KO-FIN-02588,유보율은 기준 시점과 작성 기준을 함께 확인해야 합니다.,สำหรับ อัตราการรักษาลูกค้า ต้องตรวจสอบทั้งวันที่อ้างอิงและหลักการจัดทำ,유보율,유보율,True,회계·재무,,1.0,1.0,1.0,0,,40,유보율
KO-FIN-02590,유상증자와 관련된 정보를 확인하고 싶습니다.,ผมต้องการตรวจสอบข้อมูลที่เกี่ยวข้องกับ การเพิ่มทุนจดทะเบียน,유상증자,유상증자,True,주식,,1.0,1.0,1.0,0,,40,유상증자
KO-FIN-02593,유지증거금이 무엇인지 쉽게 설명해 주세요.,โปรดอธิบายด้วยคำง่ายๆ ว่า ส่วนเผื่อการบำรุงรักษา คืออะไร,유지증거금,유지증거금,True,파생상품,,1.0,1.0,1.0,0,,40,유지증거금
KO-FIN-02597,유지청구권이 무엇인지 설명해 주세요.,โปรดอธิบายว่า สิทธิในการเรียกร้องค่าเลี้ยงดู คืออะไร,유지청구권,유지청구권,True,주식,법률·계약,1.0,1.0,1.0,0,,50,유지청구권
KO-FIN-02601,유치권이 무엇인지 설명해 주세요.,กรุณาอธิบายว่า สิทธิยึดหน่วง คืออะไร,유치권,유치권,True,채권,,1.0,1.0,1.0,0,,0,
KO-FIN-02605,유통시장이 무엇을 의미하나요?,ตลาดค้าปลีก หมายความว่าอะไร?,유통시장,유통시장,True,금융시장·거래,증권·예탁 / 자산운용·투자,1.0,1.0,1.0,0,,0,
KO-FIN-02609,유통DR이 무엇인지 설명해 주세요.,กรุณาอธิบายว่า การแจกจ่าย DR คืออะไร,유통DR,유통DR,True,주식,,1.0,1.0,1.0,0,,20,유통DR
KO-FIN-02613,의결권 대리인이 금융거래에서 무엇을 의미하나요?,ผู้ถือสิทธิ์แทน หมายถึงอะไรในธุรกรรมทางการเงินนี้?,의결권 대리인,의결권 대리인,True,법률·계약,주식,1.0,1.0,1.0,0,,20,의결권 대리인
KO-FIN-02619,의결권 불통일행사와 관련해 투자 전에 확인해야 할 사항이 있나요?,มีข้อใดบ้างที่ควรตรวจสอบก่อนที่จะลงทุนใน การใช้สิทธิลงคะแนนเสียงแบบไม่รวมเป็นหนึ่งเดียว?,의결권 불통일행사,의결권 불통일행사,True,주식,,1.0,1.0,1.0,0,,40,의결권 불통일행사
KO-FIN-02621,의결권이 무엇인지 설명해 주세요.,กรุณาอธิบายว่า สิทธิในการลงคะแนน คืออะไร,의결권,의결권,True,주식,,1.0,1.0,1.0,0,,20,의결권
KO-FIN-02628,의결권대리행사 권유의 적용 여부는 계약 내용과 관련 법령을 확인해야 합니다.,เพื่อกำหนดว่า การเชิญชวนให้มอบสิทธิ์ลงคะแนนผ่านผู้แทน มีผลบังคับใช้หรือไม่ คุณต้องตรวจสอบเนื้อหาของ สัญญา และกฎหมายที่เกี่ยวข้อง,의결권대리행사 권유;계약,의결권대리행사 권유,True,법률·계약,주식,1.0,1.0,1.0,0,,60,의결권대리행사 권유;계약
KO-FIN-02635,의결권신탁에 가입하기 전에 어떤 점을 확인해야 하나요?,ควรตรวจสอบอะไรก่อนสมัคร มูลนิธิสิทธิการลงคะแนน?,의결권신탁,의결권신탁,True,펀드·신탁,주식,1.0,1.0,1.0,0,,40,의결권신탁
KO-FIN-02639,의결권주와 관련해 투자 전에 확인해야 할 사항이 있나요?,มีข้อใดบ้างที่ควรตรวจสอบก่อนที่จะลงทุนใน หุ้นที่มีสิทธิลงเสียง?,의결권주,의결권주,True,주식,,1.0,1.0,1.0,0,,40,의결권주
KO-FIN-02641,의결권행사의 제한이 무엇인지 설명해 주세요.,โปรดอธิบายว่า ข้อจำกัดในการใช้สิทธิลงเสียง คืออะไร,의결권행사의 제한,의결권행사의 제한,True,주식,,1.0,1.0,1.0,0,,0,
KO-FIN-02645,의제배당이 무엇인지 설명해 주세요.,โปรดอธิบายว่า การแจกจ่ายระเบียบวาระการประชุม คืออะไร,의제배당,의제배당,True,주식,,1.0,1.0,1.0,0,,50,의제배당
KO-FIN-02649,의제예탁이 무엇인지 설명해 주세요.,โปรดอธิบายว่า การยื่นวาระการประชุม คืออะไร,의제예탁,의제예탁,True,증권·예탁,,1.0,1.0,1.0,0,,40,의제예탁
KO-FIN-02653,이머징 마켓이 무엇인지 설명해 주세요.,กรุณาอธิบายว่า ตลาดเกิดใหม่ คืออะไร,이머징 마켓,이머징 마켓,True,주식,,1.0,1.0,1.0,0,,40,이머징 마켓
KO-FIN-02657,이익배당이 무엇인지 설명해 주세요.,โปรดอธิบายว่า การแจกจ่ายกำไร คืออะไร,이익배당,이익배당,True,주식,,1.0,1.0,1.0,0,,20,이익배당
KO-FIN-02661,이익잉여금이 무엇을 의미하나요?,กำไรที่เก็บไว้ หมายความว่าอะไร?,이익잉여금,이익잉여금,True,금융시장·거래,,1.0,1.0,1.0,0,,40,이익잉여금
KO-FIN-02667,이익잉여금처분계산서와 관련해 투자 전에 확인해야 할 사항이 있나요?,มีข้อใดบ้างที่ควรตรวจสอบก่อนที่จะลงทุนใน รายงานการจัดสรรกำไรที่เก็บไว้?,이익잉여금처분계산서,이익잉여금처분계산서,True,주식,,1.0,1.0,1.0,0,,40,이익잉여금처분계산서
KO-FIN-02670,이익준비금을 통해 어떤 정보를 확인할 수 있나요?,ฉันสามารถหาข้อมูลอะไรได้ผ่าน ทุนสำรองกำไร?,이익준비금,이익준비금,True,회계·재무,,1.0,1.0,1.0,0,,20,이익준비금
KO-FIN-02672,이익준비금은 기준 시점과 작성 기준을 함께 확인해야 합니다.,สำหรับ ทุนสำรองกำไร ต้องตรวจสอบทั้งวันที่อ้างอิงและพื้นฐานในการจัดทำ,이익준비금,이익준비금,True,회계·재무,,1.0,1.0,1.0,0,,20,이익준비금
KO-FIN-02674,이익참가부사채의 조건과 수익 구조를 확인하고 싶습니다.,ผมต้องการตรวจสอบเงื่อนไขและโครงสร้างรายได้ของ พันธบัตรชั้นรองที่มีส่วนร่วม,이익참가부사채,이익참가부사채,True,채권,주식,1.0,1.0,1.0,0,,40,이익참가부사채
KO-FIN-02678,이자 계산일수의 조건과 수익 구조를 확인하고 싶습니다.,ผมต้องการตรวจสอบเงื่อนไขและโครงสร้างรายได้ของ จำนวนวันที่ใช้ในการคำนวณดอกเบี้ย,이자 계산일수,이자 계산일수,True,채권,,1.0,1.0,1.0,0,,20,이자 계산일수
KO-FIN-02681,이자락이 무엇을 의미하나요?,อิซารัก หมายความว่าอะไร?,이자락,이자락,True,금융시장·거래,자산운용·투자,1.0,1.0,1.0,0,,40,이자락
KO-FIN-02685,이자소득이 무엇인지 설명해 주세요.,กรุณาอธิบายว่า รายได้จากดอกเบี้ย คืออะไร,이자소득,이자소득,True,채권,펀드·신탁,1.0,1.0,1.0,0,,20,이자소득
KO-FIN-02690,이자율위험이 금융거래에 어떤 영향을 주나요?,ความเสี่ยงจากอัตราดอกเบี้ย มีผลกระทบต่อธุรกรรมทางการเงินนี้อย่างไร?,이자율위험,이자율위험,True,신용·리스크,,1.0,1.0,1.0,0,,0,
KO-FIN-02692,이자율위험은 거래 조건이나 이용 가능 여부에 영향을 줄 수 있습니다.,ความเสี่ยงจากอัตราดอกเบี้ย อาจส่งผลต่อเงื่อนไขการซื้อขายหรือความพร้อมให้บริการ,이자율위험,이자율위험,True,신용·리스크,,1.0,1.0,1.0,0,,0,
KO-FIN-02694,이중과세의 적용 기준을 알려주세요.,ขอความกรุณาช่วยอธิบายเกณฑ์การสมัคร การเก็บภาษีซ้ำซ้อน ได้ไหมครับ?,이중과세,이중과세,True,세금,주식,1.0,1.0,1.0,0,,40,이중과세
KO-FIN-02696,이중과세의 적용 여부는 거래 유형과 세법에 따라 달라질 수 있습니다.,การที่ใช้ การเก็บภาษีซ้ำซ้อน หรือไม่ อาจแตกต่างกันไปตามประเภทของธุรกรรมและกฎหมายภาษี,이중과세,이중과세,True,세금,주식,1.0,1.0,1.0,0,,40,이중과세
KO-FIN-02697,이중청약이 무엇인지 설명해 주세요.,โปรดอธิบายว่า การใช้งานสองทาง คืออะไร,이중청약,이중청약,True,증권·예탁,주식,1.0,1.0,1.0,0,,40,이중청약
KO-FIN-02702,이표채의 조건과 수익 구조를 확인하고 싶습니다.,ผมต้องการตรวจสอบเงื่อนไขและโครงสร้างรายได้ของ ลี พโย-เช,이표채,이표채,True,채권,,1.0,1.0,1.0,0,,40,이표채
KO-FIN-02707,이행보증기관을 줄이려면 어떤 점을 확인해야 하나요?,ควรตรวจสอบอะไรเพื่อลด ผู้ให้บริการรับประกันประสิทธิภาพ?,이행보증기관,이행보증기관,True,신용·리스크,증권·예탁 / 대출,1.0,1.0,1.0,0,,20,이행보증기관
KO-FIN-02708,이행보증기관은 거래 조건이나 이용 가능 여부에 영향을 줄 수 있습니다.,ผู้ให้บริการรับประกันประสิทธิภาพ อาจส่งผลต่อเงื่อนไขการซื้อขายหรือความพร้อมให้บริการ,이행보증기관,이행보증기관,True,신용·리스크,증권·예탁 / 대출,1.0,1.0,1.0,0,,20,이행보증기관
KO-FIN-02711,익일자금결제 과정에서 문제가 발생한 것 같습니다.,ดูเหมือนว่าเกิดปัญหาในกระบวนการ การชำระบัญชีในวันถัดไป,익일자금결제,익일자금결제,True,지급결제·청산,이체 / 금융기관·은행,1.0,1.0,1.0,0,,40,익일자금결제
KO-FIN-02715,최근 인덱세이션의 변화를 확인하고 싶습니다.,ผมต้องการตรวจสอบการเปลี่ยนแปลงล่าสุดของ การปรับดัชนี,인덱세이션,인덱세이션,True,경제·거시금융,,1.0,1.0,1.0,0,,40,인덱세이션
KO-FIN-02716,인덱세이션은 다른 경제지표와 함께 해석하는 것이 좋습니다.,ควรวิเคราะห์ การปรับดัชนี ร่วมกับตัวชี้วัดทางเศรษฐกิจอื่น ๆ,인덱세이션,인덱세이션,True,경제·거시금융,,1.0,1.0,1.0,0,,40,인덱세이션
KO-FIN-02719,인덱스펀드에 가입하기 전에 어떤 점을 확인해야 하나요?,ควรตรวจสอบอะไรก่อนสมัคร กองทุนดัชนี?,인덱스펀드,인덱스펀드,True,펀드·신탁,자산운용·투자 / 금융공학·분석,1.0,1.0,1.0,0,,40,인덱스펀드
KO-FIN-02722,인덴추어의 조건과 수익 구조를 확인하고 싶습니다.,ผมต้องการตรวจสอบเงื่อนไขและโครงสร้างรายได้ของ สัญญา,인덴추어,인덴추어,True,채권,,1.0,1.0,1.0,0,,40,인덴추어
KO-FIN-02725,인도형 repo이 무엇을 의미하나요?,การขายคืนแบบอินเดีย หมายความว่าอะไร?,인도형 repo,인도형 repo,True,금융시장·거래,,1.0,1.0,1.0,0,,20,인도형 repo
KO-FIN-02732,인수의 세부 조건과 절차는 거래 유형에 따라 달라질 수 있습니다.,เงื่อนไขและขั้นตอนเฉพาะสำหรับ การเข้าซื้อกิจการ อาจแตกต่างกันไปตามประเภทของธุรกรรม,인수,인수,True,기업금융·자본조달,증권·예탁,1.0,1.0,1.0,0,,30,인수
KO-FIN-02734,인수단을 이용하려면 어떤 조건이 필요한가요?,เงื่อนไขในการใช้ ทีมการเข้าซื้อกิจการ คืออะไร?,인수단,인수단,True,기업금융·자본조달,,1.0,1.0,1.0,0,,50,인수단
KO-FIN-02735,인수단과 관련된 비용과 절차를 확인하고 싶습니다.,ผมต้องการตรวจสอบค่าใช้จ่ายและขั้นตอนที่เกี่ยวข้องกับ ทีมการเข้าซื้อกิจการ,인수단,인수단,True,기업금융·자본조달,,1.0,1.0,1.0,0,,50,인수단
KO-FIN-02740,인터넷 인수업자의 세부 조건과 절차는 거래 유형에 따라 달라질 수 있습니다.,เงื่อนไขและขั้นตอนเฉพาะสำหรับ ผู้จำหน่ายต่อทางออนไลน์ อาจแตกต่างกันไปตามประเภทของธุรกรรม,인터넷 인수업자,인터넷 인수업자,True,기업금융·자본조달,자산운용·투자,1.0,1.0,1.0,0,,20,인터넷 인수업자
KO-FIN-02744,인터페이스의 정확한 의미는 해당 금융거래의 맥락과 함께 확인해야 합니다.,ความหมายที่แน่ชัดของ อินเทอร์เฟซ ต้องได้รับการยืนยันในบริบทของธุรกรรมทางการเงินที่เกี่ยวข้อง,인터페이스,인터페이스,True,기타 금융일반,,1.0,1.0,1.0,0,,0,
KO-FIN-02745,인트라넷이 무엇을 의미하나요?,อินทราเน็ต หมายความว่าอะไร?,인트라넷,인트라넷,True,금융시장·거래,,1.0,1.0,1.0,0,,0,
KO-FIN-02749,일괄등록이 무엇인지 설명해 주세요.,โปรดอธิบายว่า การลงทะเบียนแบบกลุ่ม คืออะไร,일괄등록,일괄등록,True,증권·예탁,채권,1.0,1.0,1.0,0,,20,일괄등록
KO-FIN-02753,일괄예탁이 무엇인지 설명해 주세요.,กรุณาอธิบายว่า ศูนย์เก็บรักษาแบบรวม คืออะไร,일괄예탁,일괄예탁,True,증권·예탁,,1.0,1.0,1.0,0,,40,일괄예탁
KO-FIN-02757,일괄처리방식이 무엇인지 설명해 주세요.,กรุณาอธิบายว่า วิธีการประมวลผลแบบกลุ่ม คืออะไร,일괄처리방식,일괄처리방식,True,지급결제·청산,,1.0,1.0,1.0,0,,20,일괄처리방식
KO-FIN-02764,일반균형이론은 심사 결과에 따라 이용 가능 여부가 달라질 수 있습니다.,การมี ทฤษฎีสมดุลทั่วไป อาจแตกต่างกันไปขึ้นอยู่กับผลการประเมิน,일반균형이론,일반균형이론,True,대출,,1.0,1.0,1.0,0,,20,일반균형이론
KO-FIN-02765,일반담보물이 무엇인지 설명해 주세요.,โปรดอธิบายว่า หลักประกันทั่วไป คืออะไร,일반담보물,일반담보물,True,증권·예탁,,1.0,1.0,1.0,0,,0,
KO-FIN-02773,일방매매확인이 무엇을 의미하나요?,การยืนยันธุรกรรมแบบฝ่ายเดียว หมายความว่าอะไร?,일방매매확인,일방매매확인,True,금융시장·거래,증권·예탁,1.0,1.0,1.0,0,,0,
KO-FIN-02777,일방연계방식이 무엇인지 설명해 주세요.,โปรดอธิบายว่า วิธีการเชื่อมโยงแบบทิศทางเดียว คืออะไร,일방연계방식,일방연계방식,True,증권·예탁,,1.0,1.0,1.0,0,,20,일방연계방식
KO-FIN-02782,일본증권결제회사 처리 절차를 확인하고 싶습니다.,ผมต้องการตรวจสอบขั้นตอนการดำเนินการสำหรับ บริษัทเคลียร์ริ่งหลักทรัพย์ญี่ปุ่น,일본증권결제회사,일본증권결제회사,True,증권·예탁,지급결제·청산 / 금융시장·거래 / 주식,1.0,1.0,1.0,0,,0,
KO-FIN-02786,일본증권보관대체기구 처리 절차를 확인하고 싶습니다.,ผมต้องการตรวจสอบขั้นตอนการดำเนินการสำหรับ ศูนย์รับฝากหลักทรัพย์กลางของญี่ปุ่น,일본증권보관대체기구,일본증권보관대체기구,True,증권·예탁,,1.0,1.0,1.0,0,,20,일본증권보관대체기구
KO-FIN-02789,일일정산이 무엇인지 쉽게 설명해 주세요.,โปรดอธิบายด้วยคำง่ายๆ ว่า การปรับยอดรายวัน คืออะไร,일일정산,일일정산,True,파생상품,,1.0,1.0,1.0,0,,40,일일정산
KO-FIN-02793,일일차감이 무엇인지 설명해 주세요.,โปรดอธิบายว่า การหักเงินรายวัน คืออะไร,일일차감,일일차감,True,지급결제·청산,,1.0,1.0,1.0,0,,40,일일차감
KO-FIN-02798,일임매매와 관련된 시장 정보를 확인하고 싶습니다.,ผมต้องการตรวจสอบข้อมูลตลาดที่เกี่ยวข้องกับ การซื้อขายตามดุลยพินิจ,일임매매,일임매매,True,금융시장·거래,증권·예탁,1.0,1.0,1.0,0,,40,일임매매
KO-FIN-02801,일중대월이 무엇인지 설명해 주세요.,โปรดอธิบายว่า หนึ่งวัน หนึ่งเดือน หนึ่งปี คืออะไร,일중대월,일중대월,True,지급결제·청산,,1.0,1.0,1.0,0,,40,일중대월
KO-FIN-02807,임시주주총회와 관련해 투자 전에 확인해야 할 사항이 있나요?,มีข้อใดบ้างที่ฉันควรตรวจสอบก่อนที่จะลงทุนใน การประชุมผู้ถือหุ้นวิสามัญ?,임시주주총회,임시주주총회,True,주식,,1.0,1.0,1.0,0,,0,
KO-FIN-02809,임의준비금이 무엇인지 설명해 주세요.,โปรดอธิบายว่า ทุนสำรองตามดุลยพินิจ คืออะไร,임의준비금,임의준비금,True,주식,,1.0,1.0,1.0,0,,50,임의준비금
KO-FIN-02816,임치의 적용 여부는 계약 내용과 관련 법령을 확인해야 합니다.,เพื่อกำหนดว่า เงินฝาก มีผลบังคับใช้หรือไม่ คุณต้องตรวจสอบเนื้อหาของ สัญญา และกฎหมายที่เกี่ยวข้อง,임치;계약,임치,True,법률·계약,,1.0,1.0,1.0,0,,70,임치;계약
KO-FIN-02817,임퓨테이션이 무엇인지 설명해 주세요.,โปรดอธิบายว่า การประมาณค่า คืออะไร,임퓨테이션,임퓨테이션,True,주식,세금,1.0,1.0,1.0,0,,40,임퓨테이션
KO-FIN-02821,잉여금이 무엇인지 설명해 주세요.,โปรดอธิบายว่า เงินเหลือ คืออะไร,잉여금,잉여금,True,주식,,1.0,1.0,1.0,0,,40,잉여금
KO-FIN-02826,자기매매와 관련된 시장 정보를 확인하고 싶습니다.,ผมต้องการตรวจสอบข้อมูลตลาดที่เกี่ยวข้องกับ การซื้อขายเพื่อตนเอง,자기매매,자기매매,True,금융시장·거래,증권·예탁,1.0,1.0,1.0,0,,40,자기매매
KO-FIN-02830,자동계좌이체를 이용하려면 어떻게 해야 하나요?,ใช้ การหักบัญชีอัตโนมัติ อย่างไร?,자동계좌이체,자동계좌이체,True,이체,계좌,1.0,1.0,1.0,0,,20,자동계좌이체
KO-FIN-02833,자동교환결제제도가 무엇인지 설명해 주세요.,กรุณาอธิบายว่า ระบบหักบัญชีอัตโนมัติ คืออะไร,자동교환결제제도,자동교환결제제도,True,지급결제·청산,이체 / 금융기관·은행,1.0,1.0,1.0,0,,40,자동교환결제제도
KO-FIN-02838,자동명의개서제도 처리 절차를 확인하고 싶습니다.,ผมต้องการตรวจสอบขั้นตอนการดำเนินการสำหรับ โครงการโอนกรรมสิทธิ์อัตโนมัติ,자동명의개서제도,자동명의개서제도,True,증권·예탁,,1.0,1.0,1.0,0,,40,자동명의개서제도
KO-FIN-02841,자동호가전달시스템이 무엇을 의미하나요?,ระบบส่งที่อยู่อัตโนมัติ หมายความว่าอะไร?,자동호가전달시스템,자동호가전달시스템,True,금융시장·거래,,1.0,1.0,1.0,0,,0,
KO-FIN-02846,자본금을 통해 어떤 정보를 확인할 수 있나요?,ฉันสามารถหาข้อมูลอะไรได้ผ่าน ทุนหุ้น?,자본금,자본금,True,회계·재무,주식,1.0,1.0,1.0,0,,40,자본금
KO-FIN-02848,자본금은 기준 시점과 작성 기준을 함께 확인해야 합니다.,สำหรับ ทุนหุ้น ต้องตรวจสอบทั้งวันที่อ้างอิงและหลักการจัดทำ,자본금,자본금,True,회계·재무,주식,1.0,1.0,1.0,0,,40,자본금
KO-FIN-02849,자본시장이 무엇을 의미하나요?,ตลาดทุน หมายความว่าอะไร?,자본시장,자본시장,True,금융시장·거래,,1.0,1.0,1.0,0,,0,
KO-FIN-02855,자본시장선과 관련된 투자 정보를 확인하고 싶습니다.,ผมต้องการตรวจสอบข้อมูลการลงทุนที่เกี่ยวข้องกับ ฝ่ายตลาดทุน,자본시장선,자본시장선,True,자산운용·투자,금융시장·거래,1.0,1.0,1.0,0,,0,
KO-FIN-02857,자본이득이 무엇을 의미하나요?,กำไรจากทุน หมายความว่าอะไร?,자본이득,자본이득,True,금융시장·거래,,1.0,1.0,1.0,0,,40,자본이득
KO-FIN-02862,자본이익계획을 통해 어떤 정보를 확인할 수 있나요?,ฉันสามารถหาข้อมูลอะไรได้ผ่าน แผนกำไรจากทุน?,자본이익계획,자본이익계획,True,회계·재무,,1.0,1.0,1.0,0,,0,
KO-FIN-02864,자본이익계획은 기준 시점과 작성 기준을 함께 확인해야 합니다.,สำหรับ แผนกำไรจากทุน ต้องตรวจสอบทั้งวันที่อ้างอิงและหลักการจัดทำ,자본이익계획,자본이익계획,True,회계·재무,,1.0,1.0,1.0,0,,0,
KO-FIN-02865,자본잉여금이 무엇인지 설명해 주세요.,โปรดอธิบายว่า ส่วนเกินทุน คืออะไร,자본잉여금,자본잉여금,True,주식,,1.0,1.0,1.0,0,,20,자본잉여금
KO-FIN-02870,자본자산가격결정모형은 금융상품을 분석할 때 어떻게 사용되나요?,โมเดลการกำหนดราคาสินทรัพย์ทุน (CAPM) ถูกใช้อย่างไรในการวิเคราะห์ผลิตภัณฑ์ทางการเงิน?,자본자산가격결정모형,자본자산가격결정모형,True,금융공학·분석,금융시장·거래 / 자산운용·투자,1.0,1.0,1.0,0,,20,자본자산가격결정모형
KO-FIN-02872,자본자산가격결정모형의 결과는 사용한 가정과 시장 데이터에 따라 달라질 수 있습니다.,ผลลัพธ์ของ โมเดลการกำหนดราคาสินทรัพย์ทุน (CAPM) อาจแตกต่างกันไปขึ้นอยู่กับสมมติฐานและข้อมูลตลาดที่ใช้,자본자산가격결정모형,자본자산가격결정모형,True,금융공학·분석,금융시장·거래 / 자산운용·투자,1.0,1.0,1.0,0,,20,자본자산가격결정모형
KO-FIN-02873,자본준비금이 무엇인지 설명해 주세요.,โปรดอธิบายว่า ทุนสำรอง คืออะไร,자본준비금,자본준비금,True,주식,금융법규·감독,1.0,1.0,1.0,0,,20,자본준비금
KO-FIN-02877,자사주 취득이 무엇인지 설명해 주세요.,โปรดอธิบายว่า การซื้อหุ้นของบริษัทเอง คืออะไร,자사주 취득,자사주 취득,True,주식,금융시장·거래,1.0,1.0,1.0,0,,50,자사주 취득
KO-FIN-02881,자산담보부증권이 무엇인지 설명해 주세요.,กรุณาอธิบายว่า หลักทรัพย์ที่มีสินทรัพย์เป็นหลักประกัน คืออะไร,자산담보부증권,자산담보부증권,True,증권·예탁,대출 / 부동산금융,1.0,1.0,1.0,0,,40,자산담보부증권
KO-FIN-02887,자산운용회사와 관련된 투자 정보를 확인하고 싶습니다.,ผมต้องการตรวจสอบข้อมูลการลงทุนที่เกี่ยวข้องกับ บริษัทจัดการสินทรัพย์,자산운용회사,자산운용회사,True,자산운용·투자,,1.0,1.0,1.0,0,,0,
KO-FIN-02891,자산의 유동화와 관련된 투자 정보를 확인하고 싶습니다.,ผมต้องการตรวจสอบข้อมูลการลงทุนที่เกี่ยวข้องกับ การแปลงสินทรัพย์เป็นหลักทรัพย์,자산의 유동화,자산의 유동화,True,자산운용·투자,,1.0,1.0,1.0,0,,40,자산의 유동화
KO-FIN-02896,자산재평가는 기준 시점과 작성 기준을 함께 확인해야 합니다.,สำหรับ การประเมินมูลค่าสินทรัพย์ใหม่ ต้องตรวจสอบทั้งวันที่อ้างอิงและหลักการจัดทำ,자산재평가,자산재평가,True,회계·재무,,1.0,1.0,1.0,0,,0,
KO-FIN-02899,자산주와 관련된 투자 정보를 확인하고 싶습니다.,ผมต้องการตรวจสอบข้อมูลการลงทุนที่เกี่ยวข้องกับ หุ้นที่มีสินทรัพย์เป็นหลักประกัน,자산주,자산주,True,자산운용·투자,,1.0,1.0,1.0,0,,30,자산주
KO-FIN-02901,자율규제기관이 무엇을 의미하나요?,องค์กรกำกับดูแลตนเอง หมายความว่าอะไร?,자율규제기관,자율규제기관,True,금융시장·거래,지급결제·청산,1.0,1.0,1.0,0,,40,자율규제기관
KO-FIN-02906,자전거래와 관련된 시장 정보를 확인하고 싶습니다.,ผมต้องการตรวจสอบข้อมูลตลาดที่เกี่ยวข้องกับ การซื้อขายแบบวงกลม,자전거래,자전거래,True,금융시장·거래,,1.0,1.0,1.0,0,,40,자전거래
KO-FIN-02910,잔액인수는 어디에서 확인할 수 있나요?,ฉันสามารถหา การโอนยอดคงเหลือ ได้ที่ไหน?,잔액인수,잔액인수,True,계좌,기업금융·자본조달 / 증권·예탁,1.0,1.0,1.0,0,,40,잔액인수
KO-FIN-02915,잔존가액과 관련된 내용을 확인하고 싶습니다.,ผมต้องการตรวจสอบข้อมูลที่เกี่ยวข้องกับ มูลค่าคงเหลือ,잔존가액,잔존가액,True,기타 금융일반,,1.0,1.0,1.0,0,,40,잔존가액
KO-FIN-02916,잔존가액의 정확한 의미는 해당 금융거래의 맥락과 함께 확인해야 합니다.,ความหมายที่แม่นยำของ มูลค่าคงเหลือ ต้องถูกกำหนดในบริบทของธุรกรรมทางการเงินที่เกี่ยวข้อง,잔존가액,잔존가액,True,기타 금융일반,,1.0,1.0,1.0,0,,40,잔존가액
KO-FIN-02919,잠정이체 과정에서 문제가 발생한 것 같습니다.,ดูเหมือนว่าเกิดปัญหาในกระบวนการ การโอนชั่วคราว,잠정이체,잠정이체,True,지급결제·청산,,1.0,1.0,1.0,0,,40,잠정이체
KO-FIN-02922,장기채의 조건과 수익 구조를 확인하고 싶습니다.,ผมต้องการตรวจสอบเงื่อนไขและโครงสร้างค่าธรรมเนียมของ พันธบัตรระยะยาว,장기채,장기채,True,채권,,1.0,1.0,1.0,0,,0,
KO-FIN-02927,장내결제 과정에서 문제가 발생한 것 같습니다.,ดูเหมือนว่าหลักสูตร การชำระเงินที่ร้าน มีปัญหา,장내결제,장내결제,True,지급결제·청산,금융시장·거래 / 증권·예탁,1.0,1.0,1.0,0,,40,장내결제
KO-FIN-02930,장외거래와 관련된 시장 정보를 확인하고 싶습니다.,ผมต้องการตรวจสอบข้อมูลตลาดที่เกี่ยวข้องกับ การซื้อขายนอกตลาด,장외거래,장외거래,True,금융시장·거래,,1.0,1.0,1.0,0,,40,장외거래
KO-FIN-02934,장외결제와 관련된 시장 정보를 확인하고 싶습니다.,ผมต้องการตรวจสอบข้อมูลตลาดที่เกี่ยวข้องกับ การชำระบัญชีแบบไม่ผ่านตลาด,장외결제,장외결제,True,금융시장·거래,지급결제·청산 / 증권·예탁,1.0,1.0,1.0,0,,0,
KO-FIN-02937,장외시장이 무엇을 의미하나요?,ตลาดซื้อขายนอกตลาดหลักทรัพย์ หมายความว่าอะไร?,장외시장,장외시장,True,금융시장·거래,,1.0,1.0,1.0,0,,40,장외시장
KO-FIN-02942,재담보 처리 절차를 확인하고 싶습니다.,ผมต้องการตรวจสอบขั้นตอนการดำเนินการสำหรับ มาตรการรักษาความปลอดภัยเพิ่มเติม,재담보,재담보,True,증권·예탁,,1.0,1.0,1.0,0,,50,재담보
KO-FIN-02945,재발행이 무엇인지 설명해 주세요.,กรุณาอธิบายว่า พิมพ์ใหม่ คืออะไร,재발행,재발행,True,증권·예탁,,1.0,1.0,1.0,0,,40,재발행
KO-FIN-02949,재정가격결정이론이 무엇을 의미하나요?,ทฤษฎีการกำหนดราคาทางการเงิน หมายความว่าอะไร?,재정가격결정이론,재정가격결정이론,True,금융시장·거래,자산운용·투자 / 대출,1.0,1.0,1.0,0,,0,
KO-FIN-02954,재투자수익률을 고려할 때 어떤 위험을 확인해야 하나요?,เมื่อพิจารณา อัตราผลตอบแทนจากการลงทุนซ้ำ ควรระบุความเสี่ยงใดบ้าง?,재투자수익률,재투자수익률,True,자산운용·투자,주식,1.0,1.0,1.0,0,,20,재투자수익률
KO-FIN-02963,재투자위험과 관련된 투자 정보를 확인하고 싶습니다.,ผมต้องการดูข้อมูลการลงทุนที่เกี่ยวข้องกับ ความเสี่ยงจากการลงทุนซ้ำ,재투자위험,재투자위험,True,자산운용·투자,신용·리스크 / 대출,1.0,1.0,1.0,0,,0,
KO-FIN-02966,저당권과 관련된 금리와 비용을 확인하고 싶습니다.,ผมต้องการตรวจสอบอัตราดอกเบี้ยและค่าธรรมเนียมที่เกี่ยวข้องกับ สินเชื่อบ้าน,저당권,저당권,True,부동산금융,채권,1.0,1.0,1.0,0,,40,저당권
KO-FIN-02967,저당권을 이용할 때 필요한 서류는 무엇인가요?,เอกสารใดบ้างที่จำเป็นเมื่อใช้ สินเชื่อบ้าน?,저당권,저당권,True,부동산금융,채권,1.0,1.0,1.0,0,,40,저당권
KO-FIN-02969,저당대출담보부채권이 무엇인지 설명해 주세요.,โปรดอธิบายว่า หลักทรัพย์ที่ได้รับการค้ำประกันด้วยสินเชื่อที่อยู่อาศัย คืออะไร,저당대출담보부채권,저당대출담보부채권,True,채권,대출 / 부동산금융,1.0,1.0,1.0,0,,40,저당대출담보부채권
KO-FIN-02974,저당대출원리금이체채권을 이용하려면 어떻게 해야 하나요?,ใช้ หนี้รับจากการโอนเงินต้นและดอกเบี้ยของสินเชื่อที่อยู่อาศัย อย่างไร?,저당대출원리금이체채권,저당대출원리금이체채권,True,이체,대출 / 채권 / 부동산금융 / 자산운용·투자,1.0,1.0,1.0,0,,40,저당대출원리금이체채권
KO-FIN-02976,저당대출원리금이체채권을 진행하기 전에 입력한 정보를 다시 확인해 주세요.,โปรดตรวจสอบข้อมูลที่คุณได้กรอกไว้อีกครั้งก่อนที่จะดำเนินการต่อกับ หนี้รับจากการโอนเงินต้นและดอกเบี้ยของสินเชื่อที่อยู่อาศัย,저당대출원리금이체채권,저당대출원리금이체채권,True,이체,대출 / 채권 / 부동산금융 / 자산운용·투자,1.0,1.0,1.0,0,,40,저당대출원리금이체채권
KO-FIN-02977,적격증권이 무엇인지 설명해 주세요.,โปรดอธิบายว่า หลักทรัพย์ที่ตรงตามเงื่อนไข คืออะไร,적격증권,적격증권,True,증권·예탁,,1.0,1.0,1.0,0,,50,적격증권
KO-FIN-02983,전량결제 과정에서 문제가 발생한 것 같습니다.,ดูเหมือนว่าเกิดปัญหาขึ้นระหว่างกระบวนการ ชำระเต็มจำนวน,전량결제,전량결제,True,지급결제·청산,금융시장·거래,1.0,1.0,1.0,0,,40,전량결제
KO-FIN-02986,전미증권업협회 처리 절차를 확인하고 싶습니다.,ผมต้องการตรวจสอบขั้นตอนการดำเนินการสำหรับ สมาคมผู้ค้าหลักทรัพย์แห่งชาติ,전미증권업협회,전미증권업협회,True,증권·예탁,금융시장·거래,1.0,1.0,1.0,0,,20,전미증권업협회
KO-FIN-02990,전업주의 처리 절차를 확인하고 싶습니다.,ผมต้องการตรวจสอบขั้นตอนการดำเนินการสำหรับ งานเต็มเวลา,전업주의,전업주의,True,증권·예탁,금융기관·은행 / 대출,1.0,1.0,1.0,0,,40,전업주의
KO-FIN-02995,전자공시제도 때문에 추가로 확인해야 할 사항이 있나요?,มีข้อใดเพิ่มเติมที่จำเป็นต้องตรวจสอบเนื่องจาก ระบบเปิดเผยข้อมูลทางอิเล็กทรอนิกส์ หรือไม่?,전자공시제도,전자공시제도,True,금융법규·감독,,1.0,1.0,1.0,0,,20,전자공시제도
KO-FIN-02996,전자공시제도의 적용 범위는 관련 법령과 규정에 따라 달라질 수 있습니다.,ขอบเขตการนำไปใช้ของ ระบบเปิดเผยข้อมูลทางอิเล็กทรอนิกส์ อาจแตกต่างกันไปตามกฎหมายและกฎระเบียบที่เกี่ยวข้อง,전자공시제도,전자공시제도,True,금융법규·감독,,1.0,1.0,1.0,0,,20,전자공시제도
KO-FIN-02997,전자매매확인이 무엇을 의미하나요?,การยืนยันธุรกรรมทางอิเล็กทรอนิกส์ หมายความว่าอะไร?,전자매매확인,전자매매확인,True,금융시장·거래,,1.0,1.0,1.0,0,,0,
KO-FIN-03002,전자자금이체제도를 이용하려면 어떻게 해야 하나요?,ใช้ ระบบโอนเงินทางอิเล็กทรอนิกส์ อย่างไร?,전자자금이체제도,전자자금이체제도,True,이체,지급결제·청산,1.0,1.0,1.0,0,,20,전자자금이체제도
KO-FIN-03005,전자증권이 무엇인지 설명해 주세요.,กรุณาอธิบายว่า หลักทรัพย์อิเล็กทรอนิกส์ คืออะไร,전자증권,전자증권,True,증권·예탁,,1.0,1.0,1.0,0,,20,전자증권
KO-FIN-03010,전환사채의 조건과 수익 구조를 확인하고 싶습니다.,ผมต้องการตรวจสอบเงื่อนไขและโครงสร้างค่าตอบแทนของ พันธบัตรแปลงสภาพ,전환사채,전환사채,True,채권,,1.0,1.0,1.0,0,,50,전환사채
KO-FIN-03014,전환신주이자와 관련된 정보를 확인하고 싶습니다.,ผมต้องการตรวจสอบข้อมูลที่เกี่ยวข้องกับ หุ้นแปลงสภาพได้ และ,전환신주이자,전환신주이자,True,주식,채권,1.0,1.0,1.0,0,,40,전환신주이자
KO-FIN-03017,전환주식이 무엇인지 설명해 주세요.,โปรดอธิบายว่า หุ้นแปลงสภาพ คืออะไร,전환주식,전환주식,True,주식,,1.0,1.0,1.0,0,,0,
KO-FIN-03021,전환청구권이 무엇인지 설명해 주세요.,โปรดอธิบายว่า สิทธิในการแปลงสภาพ คืออะไร,전환청구권,전환청구권,True,증권·예탁,,1.0,1.0,1.0,0,,50,전환청구권
KO-FIN-03026,점두매매와 관련된 시장 정보를 확인하고 싶습니다.,ผมต้องการตรวจสอบข้อมูลตลาดที่เกี่ยวข้องกับ การซื้อขายนอกตลาด,점두매매,점두매매,True,금융시장·거래,,1.0,1.0,1.0,0,,40,점두매매
KO-FIN-03032,점유의 적용 여부는 계약 내용과 관련 법령을 확인해야 합니다.,เพื่อกำหนดว่า การครอบครอง มีผลบังคับใช้หรือไม่ คุณต้องตรวจสอบเนื้อหาของ สัญญา และกฎหมายที่เกี่ยวข้อง,점유;계약,점유,True,법률·계약,주식,1.0,1.0,1.0,0,,50,점유;계약
KO-FIN-03033,점유개정형 repo이 무엇인지 설명해 주세요.,โปรดอธิบายว่า การขายคืนพร้อมการเปลี่ยนเจ้าของ คืออะไร,점유개정형 repo,점유개정형 repo,True,증권·예탁,금융시장·거래,1.0,1.0,1.0,0,,40,점유개정형 repo
KO-FIN-03037,정시상환이 무엇인지 설명해 주세요.,กรุณาอธิบายว่า การชำระหนี้ตามกำหนด คืออะไร,정시상환,정시상환,True,채권,,1.0,1.0,1.0,0,,40,정시상환
KO-FIN-03042,정크본드의 조건과 수익 구조를 확인하고 싶습니다.,ผมต้องการตรวจสอบเงื่อนไขและโครงสร้างรายได้ของ พันธบัตรเสี่ยงสูง,정크본드,정크본드,True,채권,,1.0,1.0,1.0,0,,40,정크본드
KO-FIN-03045,제3시장이 무엇을 의미하나요?,ตลาดที่สาม หมายความว่าอะไร?,제3시장,제3시장,True,금융시장·거래,,1.0,1.0,1.0,0,,0,
KO-FIN-03049,제4시장이 무엇을 의미하나요?,ตลาดหมายเลข 4 หมายความว่าอะไร?,제4시장,제4시장,True,금융시장·거래,,1.0,1.0,1.0,0,,40,제4시장
KO-FIN-03053,제권판결이 금융거래에서 무엇을 의미하나요?,คำพิพากษาในคดีนี้ หมายถึงอะไรในธุรกรรมทางการเงินนี้?,제권판결,제권판결,True,법률·계약,증권·예탁,1.0,1.0,1.0,0,,20,제권판결
KO-FIN-03060,제로베타 포트폴리오의 결과는 사용한 가정과 시장 데이터에 따라 달라질 수 있습니다.,ผลลัพธ์ของ พอร์ตโฟลิโอ ZeroBeta อาจแตกต่างกันไปขึ้นอยู่กับสมมติฐานและข้อมูลตลาดที่ใช้,제로베타 포트폴리오,제로베타 포트폴리오,True,금융공학·분석,자산운용·투자,1.0,1.0,1.0,0,,0,
KO-FIN-03062,제로쿠폰채의 조건과 수익 구조를 확인하고 싶습니다.,ผมต้องการตรวจสอบเงื่อนไขและโครงสร้างรายได้ของ พันธบัตรไม่มีคูปอง,제로쿠폰채,제로쿠폰채,True,채권,,1.0,1.0,1.0,0,,40,제로쿠폰채
KO-FIN-03066,조건부보관계좌는 어디에서 확인할 수 있나요?,ฉันสามารถหา บัญชีการเก็บรักษาตามเงื่อนไข ได้ที่ไหน?,조건부보관계좌,조건부보관계좌,True,계좌,대출,1.0,1.0,1.0,0,,0,
KO-FIN-03070,종업원지주제도와 관련된 정보를 확인하고 싶습니다.,ผมต้องการตรวจสอบข้อมูลที่เกี่ยวข้องกับ โครงการให้พนักงานถือหุ้น,종업원지주제도,종업원지주제도,True,주식,,1.0,1.0,1.0,0,,20,종업원지주제도
KO-FIN-03075,종합주가지수와 관련해 투자 전에 확인해야 할 사항이 있나요?,มีข้อใดบ้างที่ฉันควรตรวจสอบก่อนที่จะลงทุนใน ดัชนีราคาหุ้นรวม?,종합주가지수,종합주가지수,True,주식,금융시장·거래,1.0,1.0,1.0,0,,20,종합주가지수
KO-FIN-03077,주가수익비율이 무엇인지 설명해 주세요.,โปรดอธิบายว่า อัตราส่วนราคาต่อกำไร คืออะไร,주가수익비율,주가수익비율,True,주식,,1.0,1.0,1.0,0,,0,
KO-FIN-03081,주가이동평균선이 무엇인지 설명해 주세요.,โปรดอธิบายว่า ค่าเฉลี่ยเคลื่อนที่ของราคาหุ้น คืออะไร,주가이동평균선,주가이동평균선,True,주식,,1.0,1.0,1.0,0,,0,
KO-FIN-03087,주가지수와 관련해 투자 전에 확인해야 할 사항이 있나요?,มีข้อใดบ้างที่ฉันควรตรวจสอบก่อนที่จะลงทุนใน ดัชนีตลาดหุ้น?,주가지수,주가지수,True,주식,,1.0,1.0,1.0,0,,20,주가지수
KO-FIN-03090,주가지수선물거래와 관련된 시장 정보를 확인하고 싶습니다.,ผมต้องการตรวจสอบข้อมูลตลาดที่เกี่ยวข้องกับ การซื้อขายสัญญาซื้อขายล่วงหน้าดัชนีหุ้น,주가지수선물거래,주가지수선물거래,True,금융시장·거래,주식 / 파생상품,1.0,1.0,1.0,0,,20,주가지수선물거래
KO-FIN-03093,주가평균이 무엇인지 설명해 주세요.,กรุณาอธิบายว่า ราคาหุ้นเฉลี่ย คืออะไร,주가평균,주가평균,True,주식,,1.0,1.0,1.0,0,,20,주가평균
KO-FIN-03100,주간사회사의 세부 조건과 절차는 거래 유형에 따라 달라질 수 있습니다.,เงื่อนไขและขั้นตอนเฉพาะสำหรับ ประวัติศาสตร์สังคมรายสัปดาห์ อาจแตกต่างกันไปตามประเภทของธุรกรรม,주간사회사,주간사회사,True,기업금융·자본조달,증권·예탁,1.0,1.0,1.0,0,,0,
KO-FIN-03101,주권이 무엇인지 설명해 주세요.,กรุณาอธิบายว่า อธิปไตย คืออะไร,주권,주권,True,주식,,1.0,1.0,1.0,0,,70,주권
KO-FIN-03106,주권계속예탁제도 처리 절차를 확인하고 싶습니다.,ผมต้องการตรวจสอบขั้นตอนการดำเนินการสำหรับ ระบบเก็บรักษาใบหุ้นแบบต่อเนื่อง,주권계속예탁제도,주권계속예탁제도,True,증권·예탁,주식,1.0,1.0,1.0,0,,40,주권계속예탁제도
KO-FIN-03111,주권기번호와 관련해 투자 전에 확인해야 할 사항이 있나요?,มีข้อใดบ้างที่ฉันควรตรวจสอบก่อนที่จะลงทุนใน หมายเลขใบรับรองอธิปไตย?,주권기번호,주권기번호,True,주식,증권·예탁,1.0,1.0,1.0,0,,40,주권기번호
KO-FIN-03115,주권불소지와 관련해 투자 전에 확인해야 할 사항이 있나요?,มีข้อใดบ้างที่ฉันควรตรวจสอบก่อนที่จะลงทุนใน การขาดอำนาจอธิปไตย?,주권불소지,주권불소지,True,주식,,1.0,1.0,1.0,0,,40,주권불소지
KO-FIN-03117,주권수령증이 무엇인지 설명해 주세요.,โปรดอธิบายว่า ใบรับรองการรับหุ้น คืออะไร,주권수령증,주권수령증,True,주식,,1.0,1.0,1.0,0,,0,
KO-FIN-03122,주당 순자산가치의 조건과 수익 구조를 확인하고 싶습니다.,ผมต้องการตรวจสอบเงื่อนไขและโครงสร้างรายได้ของ มูลค่าสินทรัพย์สุทธิต่อหุ้น,주당 순자산가치,주당 순자산가치,True,채권,,1.0,1.0,1.0,0,,0,
KO-FIN-03125,주당순이익이 무엇인지 설명해 주세요.,กรุณาอธิบายว่า กำไรต่อหุ้น คืออะไร,주당순이익,주당순이익,True,주식,,1.0,1.0,1.0,0,,20,주당순이익
KO-FIN-03129,주당순자산비율이 무엇인지 설명해 주세요.,โปรดอธิบายว่า อัตราส่วนราคาต่อมูลค่าบัญชี คืออะไร,주당순자산비율,주당순자산비율,True,주식,,1.0,1.0,1.0,0,,40,주당순자산비율
KO-FIN-03133,주식매수청구권이 무엇인지 설명해 주세요.,โปรดอธิบายว่า สิทธิในการเรียกร้องให้ซื้อหุ้น คืออะไร,주식매수청구권,주식매수청구권,True,주식,금융시장·거래,1.0,1.0,1.0,0,,20,주식매수청구권
KO-FIN-03137,주식발행차액이 무엇인지 설명해 주세요.,โปรดอธิบายว่า ส่วนเกินจากราคาหุ้น คืออะไร,주식발행차액,주식발행차액,True,주식,기업금융·자본조달,1.0,1.0,1.0,0,,40,주식발행차액
KO-FIN-03141,주식배당이 무엇인지 설명해 주세요.,โปรดอธิบายว่า แบ่งปันเงินปันผล คืออะไร,주식배당,주식배당,True,주식,,1.0,1.0,1.0,0,,40,주식배당
KO-FIN-03147,주식배당예고제와 관련해 투자 전에 확인해야 할 사항이 있나요?,มีข้อใดบ้างที่ควรตรวจสอบก่อนที่จะลงทุนใน ระบบแจ้งล่วงหน้าเกี่ยวกับเงินปันผลหุ้น?,주식배당예고제,주식배당예고제,True,주식,,1.0,1.0,1.0,0,,40,주식배당예고제
KO-FIN-03149,주식병합이 무엇인지 설명해 주세요.,กรุณาอธิบายว่า การรวมหุ้น คืออะไร,주식병합,주식병합,True,주식,금융시장·거래,1.0,1.0,1.0,0,,0,
KO-FIN-03153,주식분할이 무엇인지 설명해 주세요.,โปรดอธิบายว่า การแบ่งหุ้น คืออะไร,주식분할,주식분할,True,주식,,1.0,1.0,1.0,0,,0,
KO-FIN-03157,주식소각이 무엇인지 설명해 주세요.,กรุณาอธิบายว่า การยกเลิกหุ้น คืออะไร,주식소각,주식소각,True,주식,,1.0,1.0,1.0,0,,20,주식소각
KO-FIN-03161,주식스왑이 무엇인지 쉽게 설명해 주세요.,โปรดอธิบายด้วยคำง่ายๆ ว่า การแลกเปลี่ยนหุ้น คืออะไร,주식스왑,주식스왑,True,파생상품,주식 / 자산운용·투자,1.0,1.0,1.0,0,,20,주식스왑
KO-FIN-03167,주식의 공유와 관련해 투자 전에 확인해야 할 사항이 있나요?,มีข้อใดบ้างที่ฉันควรตรวจสอบก่อนที่จะลงทุนใน การแบ่งปันหุ้น?,주식의 공유,주식의 공유,True,주식,,1.0,1.0,1.0,0,,0,
KO-FIN-03169,주식청약이 무엇인지 설명해 주세요.,โปรดอธิบายว่า สมัครรับข่าวสาร คืออะไร,주식청약,주식청약,True,주식,,1.0,1.0,1.0,0,,40,주식청약
KO-FIN-03175,주식형투자신탁에 가입하기 전에 어떤 점을 확인해야 하나요?,ควรตรวจสอบอะไรก่อนสมัคร กองทุนลงทุนในหุ้น?,주식형투자신탁,주식형투자신탁,True,펀드·신탁,자산운용·투자 / 주식,1.0,1.0,1.0,0,,20,주식형투자신탁
KO-FIN-03178,주주와 관련된 정보를 확인하고 싶습니다.,ผมต้องการตรวจสอบข้อมูลที่เกี่ยวข้องกับ ผู้ถือหุ้น,주주,주주,True,주식,,1.0,1.0,1.0,0,,30,주주
KO-FIN-03181,주주권이 무엇인지 설명해 주세요.,โปรดอธิบายว่า สิทธิของผู้ถือหุ้น คืออะไร,주주권,주주권,True,주식,,1.0,1.0,1.0,0,,0,
KO-FIN-03187,주주명부와 관련해 투자 전에 확인해야 할 사항이 있나요?,มีข้อใดบ้างที่ฉันควรตรวจสอบก่อนที่จะลงทุนใน ทะเบียนผู้ถือหุ้น?,주주명부,주주명부,True,주식,법률·계약,1.0,1.0,1.0,0,,20,주주명부
KO-FIN-03191,주주명부폐쇄와 관련해 투자 전에 확인해야 할 사항이 있나요?,มีข้อใดบ้างที่ฉันควรตรวจสอบก่อนที่จะลงทุนใน การปิดทะเบียนผู้ถือหุ้น?,주주명부폐쇄,주주명부폐쇄,True,주식,채권,1.0,1.0,1.0,0,,0,
KO-FIN-03193,주주명부폐쇄기간이 무엇인지 설명해 주세요.,โปรดอธิบายว่า ช่วงเวลาปิดการจดทะเบียนหุ้น คืออะไร,주주명부폐쇄기간,주주명부폐쇄기간,True,주식,채권,1.0,1.0,1.0,0,,40,주주명부폐쇄기간
KO-FIN-03197,주주명부폐쇄기준일이 무엇인지 설명해 주세요.,กรุณาอธิบายว่า วันที่บันทึกในทะเบียนหุ้น คืออะไร,주주명부폐쇄기준일,주주명부폐쇄기준일,True,주식,증권·예탁,1.0,1.0,1.0,0,,40,주주명부폐쇄기준일
KO-FIN-03202,주주제안제도와 관련된 정보를 확인하고 싶습니다.,ผมต้องการตรวจสอบข้อมูลที่เกี่ยวข้องกับ โครงการข้อเสนอจากผู้ถือหุ้น,주주제안제도,주주제안제도,True,주식,,1.0,1.0,1.0,0,,0,
KO-FIN-03205,주주총회 참석장이 무엇인지 설명해 주세요.,กรุณาอธิบายว่า ประกาศการเข้าร่วมประชุมสามัญประจำปี คืออะไร,주주총회 참석장,주주총회 참석장,True,주식,,1.0,1.0,1.0,0,,20,주주총회 참석장
KO-FIN-03211,주주총회와 관련해 투자 전에 확인해야 할 사항이 있나요?,มีข้อใดบ้างที่ฉันควรตรวจสอบก่อนที่จะลงทุนใน การประชุมสามัญประจำปี?,주주총회,주주총회,True,주식,금융법규·감독 / 회계·재무,1.0,1.0,1.0,0,,0,
KO-FIN-03213,주주평등의 원칙이 무엇인지 설명해 주세요.,โปรดอธิบายว่า หลักการความเท่าเทียมของผู้ถือหุ้น คืออะไร,주주평등의 원칙,주주평등의 원칙,True,주식,,1.0,1.0,1.0,0,,0,
KO-FIN-03218,준공유 처리 절차를 확인하고 싶습니다.,ผมต้องการตรวจสอบขั้นตอนการดำเนินการสำหรับ กึ่งสาธารณะ,준공유,준공유,True,증권·예탁,법률·계약 / 금융법규·감독 / 주식,1.0,1.0,1.0,0,,40,준공유
KO-FIN-03221,준비금의 자본전입이 무엇인지 설명해 주세요.,โปรดอธิบายว่า การโอนเงินสำรองเข้าทุน คืออะไร,준비금의 자본전입,준비금의 자본전입,True,주식,,1.0,1.0,1.0,0,,20,준비금의 자본전입
KO-FIN-03228,준점유의 적용 여부는 계약 내용과 관련 법령을 확인해야 합니다.,เพื่อกำหนดว่า การถือครองแบบกึ่ง มีผลบังคับใช้หรือไม่ คุณต้องตรวจสอบเนื้อหาของ สัญญา และกฎหมายที่เกี่ยวข้อง,준점유;계약,준점유,True,법률·계약,예금상품,1.0,1.0,1.0,0,,50,계약
KO-FIN-03229,준회원이 무엇을 의미하나요?,สมาชิกสมทบ หมายความว่าอะไร?,준회원,준회원,True,금융시장·거래,,1.0,1.0,1.0,0,,40,준회원
KO-FIN-03234,중·동유럽 중앙예탁기관협의회 처리 절차를 확인하고 싶습니다.,ผมต้องการตรวจสอบขั้นตอนการดำเนินการสำหรับ สภาศูนย์รับฝากหลักทรัพย์ยุโรปกลางและยุโรปตะวันออก,중·동유럽 중앙예탁기관협의회,중·동유럽 중앙예탁기관협의회,True,증권·예탁,,1.0,1.0,1.0,0,,20,중·동유럽 중앙예탁기관협의회
KO-FIN-03237,중간배당이 무엇인지 설명해 주세요.,กรุณาอธิบายว่า เงินปันผลระหว่างปี คืออะไร,중간배당,중간배당,True,주식,,1.0,1.0,1.0,0,,40,중간배당
KO-FIN-03244,중개회사를 확인할 때 시장 상황과 거래 조건을 함께 살펴보세요.,เมื่อวิเคราะห์ บริษัทอสังหาริมทรัพย์ ให้แน่ใจว่าได้พิจารณาถึงสภาพตลาดและเงื่อนไขการซื้อขายด้วย,중개회사,중개회사,True,금융시장·거래,증권·예탁,1.0,1.0,1.0,0,,20,중개회사
KO-FIN-03245,증거금이 무엇인지 쉽게 설명해 주세요.,โปรดอธิบายด้วยคำง่ายๆ ว่า เงินฝาก คืออะไร,증거금,증거금,True,파생상품,,1.0,1.0,1.0,0,,20,증거금
KO-FIN-03249,증거증권이 무엇인지 설명해 주세요.,กรุณาอธิบายว่า ใบรับรองสิทธิในทรัพย์สิน คืออะไร,증거증권,증거증권,True,증권·예탁,,1.0,1.0,1.0,0,,40,증거증권
KO-FIN-03254,증권·대금 동시결제 처리 절차를 확인하고 싶습니다.,ผมต้องการตรวจสอบขั้นตอนการดำเนินการสำหรับ การชำระบัญชีหลักทรัพย์และเงินพร้อมกัน,증권·대금 동시결제,증권·대금 동시결제,True,증권·예탁,지급결제·청산,1.0,1.0,1.0,0,,40,증권·대금 동시결제
KO-FIN-03257,증권거래법이 무엇인지 설명해 주세요.,กรุณาอธิบายว่า พระราชบัญญัติหลักทรัพย์และตลาดหลักทรัพย์ คืออะไร,증권거래법,증권거래법,True,증권·예탁,금융시장·거래,1.0,1.0,1.0,0,,20,증권거래법
KO-FIN-03262,증권거래세와 관련된 시장 정보를 확인하고 싶습니다.,ผมต้องการตรวจสอบข้อมูลตลาดที่เกี่ยวข้องกับ ภาษีการซื้อขายหลักทรัพย์,증권거래세,증권거래세,True,금융시장·거래,증권·예탁,1.0,1.0,1.0,0,,40,증권거래세
KO-FIN-03265,증권거래준비금이 무엇인지 설명해 주세요.,โปรดอธิบายว่า ทุนสำรองสำหรับการซื้อขายหลักทรัพย์ คืออะไร,증권거래준비금,증권거래준비금,True,증권·예탁,금융시장·거래,1.0,1.0,1.0,0,,20,증권거래준비금
KO-FIN-03269,증권공동 온라인시스템이 무엇인지 설명해 주세요.,กรุณาอธิบายว่า ระบบหลักทรัพย์ออนไลน์ร่วม คืออะไร,증권공동 온라인시스템,증권공동 온라인시스템,True,증권·예탁,자산운용·투자,1.0,1.0,1.0,0,,0,
KO-FIN-03273,증권금융이 무엇인지 설명해 주세요.,กรุณาอธิบายว่า การเงินหลักทรัพย์ คืออะไร,증권금융,증권금융,True,증권·예탁,대출 / 금융시장·거래,1.0,1.0,1.0,0,,40,증권금융
KO-FIN-03277,증권담보금융이 무엇인지 설명해 주세요.,โปรดอธิบายว่า การจัดหาเงินทุนที่มีหลักทรัพย์ค้ำประกัน คืออะไร,증권담보금융,증권담보금융,True,증권·예탁,자산운용·투자,1.0,1.0,1.0,0,,40,증권담보금융
KO-FIN-03282,증권대위 처리 절차를 확인하고 싶습니다.,ผมต้องการตรวจสอบขั้นตอนการดำเนินการสำหรับ การรับสิทธิแทนในหลักทรัพย์,증권대위,증권대위,True,증권·예탁,법률·계약 / 자산운용·투자,1.0,1.0,1.0,0,,40,증권대위
KO-FIN-03286,증권대차제도 처리 절차를 확인하고 싶습니다.,ผมต้องการตรวจสอบขั้นตอนการดำเนินการสำหรับ โครงการให้กู้และยืมหลักทรัพย์,증권대차제도,증권대차제도,True,증권·예탁,,1.0,1.0,1.0,0,,40,증권대차제도
KO-FIN-03290,증권대행업무 처리 절차를 확인하고 싶습니다.,ผมต้องการตรวจสอบขั้นตอนการดำเนินการสำหรับ บริการของสำนักงานหลักทรัพย์,증권대행업무,증권대행업무,True,증권·예탁,,1.0,1.0,1.0,0,,40,증권대행업무
KO-FIN-03294,증권분석사 처리 절차를 확인하고 싶습니다.,ผมต้องการตรวจสอบขั้นตอนการดำเนินการสำหรับ นักวิเคราะห์หลักทรัพย์,증권분석사,증권분석사,True,증권·예탁,자산운용·투자,1.0,1.0,1.0,0,,20,증권분석사
KO-FIN-03298,증권선물위원회 처리 절차를 확인하고 싶습니다.,ผมต้องการตรวจสอบขั้นตอนการดำเนินการสำหรับ คณะกรรมการกำกับดูแลหลักทรัพย์และสัญญาซื้อขายล่วงหน้า,증권선물위원회,증권선물위원회,True,증권·예탁,파생상품 / 금융법규·감독,1.0,1.0,1.0,0,,50,증권선물위원회
KO-FIN-03301,증권시장이 무엇을 의미하나요?,ตลาดหุ้น หมายความว่าอะไร?,증권시장,증권시장,True,금융시장·거래,증권·예탁 / 자산운용·투자,1.0,1.0,1.0,0,,20,증권시장
KO-FIN-03305,증권시장선이 무엇인지 설명해 주세요.,กรุณาอธิบายว่า ในตลาดหุ้น คืออะไร,증권시장선,증권시장선,True,증권·예탁,금융시장·거래 / 자산운용·투자,1.0,1.0,1.0,0,,20,증권시장선
KO-FIN-03309,증권예탁원이 무엇인지 설명해 주세요.,โปรดอธิบายว่า ศูนย์รับฝากหลักทรัพย์เกาหลี คืออะไร,증권예탁원,증권예탁원,True,증권·예탁,,1.0,1.0,1.0,0,,20,증권예탁원
KO-FIN-03314,증권용지 관리번호 처리 절차를 확인하고 싶습니다.,ผมต้องการตรวจสอบขั้นตอนการดำเนินการสำหรับ หมายเลขการจัดการเอกสารหลักทรัพย์,증권용지 관리번호,증권용지 관리번호,True,증권·예탁,,1.0,1.0,1.0,0,,0,
KO-FIN-03317,증권유통금융이 무엇인지 설명해 주세요.,กรุณาอธิบายว่า การจำหน่ายหลักทรัพย์และการเงิน คืออะไร,증권유통금융,증권유통금융,True,증권·예탁,대출 / 지급결제·청산 / 금융시장·거래 / 주식,1.0,1.0,1.0,0,,40,증권유통금융
KO-FIN-03321,증권인수금융이 무엇인지 설명해 주세요.,กรุณาอธิบายว่า การเงินในการรับประกันการออกหลักทรัพย์ คืออะไร,증권인수금융,증권인수금융,True,증권·예탁,기업금융·자본조달 / 주식,1.0,1.0,1.0,0,,40,증권인수금융
KO-FIN-03326,증권자본주의 처리 절차를 확인하고 싶습니다.,ผมต้องการตรวจสอบขั้นตอนการดำเนินการสำหรับ ระบบทุนนิยมหลักทรัพย์,증권자본주의,증권자본주의,True,증권·예탁,,1.0,1.0,1.0,0,,0,
KO-FIN-03331,증권투자신탁에 가입하기 전에 어떤 점을 확인해야 하나요?,ควรตรวจสอบอะไรก่อนสมัคร กองทุนลงทุนในหลักทรัพย์?,증권투자신탁,증권투자신탁,True,펀드·신탁,증권·예탁 / 자산운용·투자,1.0,1.0,1.0,0,,40,증권투자신탁
KO-FIN-03333,증권특성선이 무엇인지 설명해 주세요.,โปรดอธิบายว่า บรรทัดลักษณะของหลักทรัพย์ คืออะไร,증권특성선,증권특성선,True,증권·예탁,,1.0,1.0,1.0,0,,20,증권특성선
KO-FIN-03337,증권화 현상이 무엇인지 설명해 주세요.,โปรดอธิบายว่า การแปลงสินทรัพย์เป็นหลักทรัพย์ คืออะไร,증권화 현상,증권화 현상,True,증권·예탁,,1.0,1.0,1.0,0,,40,증권화 현상
KO-FIN-03343,증권회사 역외펀드에 가입하기 전에 어떤 점을 확인해야 하나요?,ควรตรวจสอบอะไรก่อนสมัคร กองทุนนอกประเทศที่บริหารจัดการโดยบริษัทหลักทรัพย์?,증권회사 역외펀드,증권회사 역외펀드,True,펀드·신탁,증권·예탁 / 국제금융,1.0,1.0,1.0,0,,40,증권회사 역외펀드
KO-FIN-03346,증자와 관련된 정보를 확인하고 싶습니다.,ผมต้องการตรวจสอบข้อมูลที่เกี่ยวข้องกับ การเพิ่มทุน,증자,증자,True,주식,,1.0,1.0,1.0,0,,70,증자
KO-FIN-03350,지방채의 적용 기준을 알려주세요.,ขอความกรุณาช่วยอธิบายเกณฑ์การสมัคร พันธบัตรของรัฐบาลท้องถิ่น ได้ไหมครับ?,지방채,지방채,True,세금,,1.0,1.0,1.0,0,,20,지방채
KO-FIN-03352,지방채의 적용 여부는 거래 유형과 세법에 따라 달라질 수 있습니다.,การที่ใช้ พันธบัตรของรัฐบาลท้องถิ่น หรือไม่ อาจแตกต่างกันไปตามประเภทของธุรกรรมและกฎหมายภาษี,지방채,지방채,True,세금,,1.0,1.0,1.0,0,,20,지방채
KO-FIN-03354,지배주주와 관련된 정보를 확인하고 싶습니다.,ผมต้องการตรวจสอบข้อมูลที่เกี่ยวข้องกับ ผู้ถือหุ้นหลัก,지배주주,지배주주,True,주식,,1.0,1.0,1.0,0,,20,지배주주
KO-FIN-03357,지분권이 무엇인지 설명해 주세요.,โปรดอธิบายว่า ส่วนได้ส่วนเสียในทุน คืออะไร,지분권,지분권,True,증권·예탁,법률·계약,1.0,1.0,1.0,0,,50,지분권
KO-FIN-03361,지분법이 무엇인지 설명해 주세요.,โปรดอธิบายว่า วิธีส่วนทุน คืออะไร,지분법,지분법,True,주식,,1.0,1.0,1.0,0,,50,지분법
KO-FIN-03367,지수법과 관련된 내용을 확인하고 싶습니다.,ผมต้องการตรวจสอบข้อมูลที่เกี่ยวข้องกับ วิธีเลขชี้กำลัง,지수법,지수법,True,기타 금융일반,,1.0,1.0,1.0,0,,50,지수법
KO-FIN-03368,지수법의 정확한 의미는 해당 금융거래의 맥락과 함께 확인해야 합니다.,ความหมายที่แม่นยำของ วิธีเลขชี้กำลัง ต้องถูกกำหนดในบริบทของธุรกรรมทางการเงินที่เกี่ยวข้อง,지수법,지수법,True,기타 금융일반,,1.0,1.0,1.0,0,,50,지수법
KO-FIN-03369,지시증권이 무엇인지 설명해 주세요.,กรุณาอธิบายว่า หลักทรัพย์แบบผู้ถือ คืออะไร,지시증권,지시증권,True,증권·예탁,금융법규·감독,1.0,1.0,1.0,0,,40,지시증권
KO-FIN-03373,지정가주문이 무엇을 의미하나요?,คำสั่งซื้อแบบจำกัด หมายความว่าอะไร?,지정가주문,지정가주문,True,금융시장·거래,,1.0,1.0,1.0,0,,0,
KO-FIN-03379,지정시점결제시스템 과정에서 문제가 발생한 것 같습니다.,ดูเหมือนว่าเกิดปัญหาขึ้นในกระบวนการ ระบบการชำระเงินตามกำหนด,지정시점결제시스템,지정시점결제시스템,True,지급결제·청산,,1.0,1.0,1.0,0,,0,
KO-FIN-03382,지주회사와 관련된 정보를 확인하고 싶습니다.,ผมต้องการตรวจสอบข้อมูลที่เกี่ยวข้องกับ บริษัทโฮลดิ้ง,지주회사,지주회사,True,주식,,1.0,1.0,1.0,0,,0,
KO-FIN-03385,지체보상금이 무엇인지 설명해 주세요.,กรุณาอธิบายว่า ค่าชดเชยเนื่องจากความล่าช้า คืออะไร,지체보상금,지체보상금,True,증권·예탁,,1.0,1.0,1.0,0,,0,
KO-FIN-03389,직상장이 무엇을 의미하나요?,การจดทะเบียนโดยตรง หมายความว่าอะไร?,직상장,직상장,True,금융시장·거래,,1.0,1.0,1.0,0,,40,직상장
KO-FIN-03395,직접공시 때문에 추가로 확인해야 할 사항이 있나요?,มีข้อใดเพิ่มเติมที่จำเป็นต้องตรวจสอบเกี่ยวกับ การเปิดเผยข้อมูลโดยตรง หรือไม่?,직접공시,직접공시,True,금융법규·감독,금융시장·거래,1.0,1.0,1.0,0,,40,직접공시
KO-FIN-03396,직접공시의 적용 범위는 관련 법령과 규정에 따라 달라질 수 있습니다.,ขอบเขตการนำไปใช้ของ การเปิดเผยข้อมูลโดยตรง อาจแตกต่างกันไปตามกฎหมายและกฎระเบียบที่เกี่ยวข้อง,직접공시,직접공시,True,금융법규·감독,금융시장·거래,1.0,1.0,1.0,0,,40,직접공시
KO-FIN-03399,직접금융과 관련된 투자 정보를 확인하고 싶습니다.,ผมต้องการตรวจสอบข้อมูลการลงทุนที่เกี่ยวข้องกับ การจัดหาเงินทุนโดยตรง,직접금융,직접금융,True,자산운용·투자,,1.0,1.0,1.0,0,,30,직접금융
KO-FIN-03402,직접발행을 이용하려면 어떤 조건이 필요한가요?,เกณฑ์การมีสิทธิ์ในการใช้ การออกพิมพ์ด้วยตนเอง คืออะไร?,직접발행,직접발행,True,기업금융·자본조달,증권·예탁,1.0,1.0,1.0,0,,40,직접발행
KO-FIN-03403,직접발행과 관련된 비용과 절차를 확인하고 싶습니다.,ผมต้องการตรวจสอบค่าใช้จ่ายและขั้นตอนที่เกี่ยวข้องกับ การออกพิมพ์ด้วยตนเอง,직접발행,직접발행,True,기업금융·자본조달,증권·예탁,1.0,1.0,1.0,0,,40,직접발행
KO-FIN-03406,직접점유 처리 절차를 확인하고 싶습니다.,ผมต้องการตรวจสอบขั้นตอนการดำเนินการสำหรับ การครอบครองโดยตรง,직접점유,직접점유,True,증권·예탁,,1.0,1.0,1.0,0,,0,
KO-FIN-03412,직접참가자를 확인할 때 시장 상황과 거래 조건을 함께 살펴보세요.,เมื่อพิจารณา ผู้เข้าร่วมโดยตรง ให้แน่ใจว่าได้พิจารณาทั้งสภาพตลาดและเงื่อนไขการซื้อขาย,직접참가자,직접참가자,True,금융시장·거래,,1.0,1.0,1.0,0,,0,
KO-FIN-03413,직접청약이 무엇인지 설명해 주세요.,โปรดอธิบายว่า สมัครสมาชิกโดยตรง คืออะไร,직접청약,직접청약,True,주식,증권·예탁,1.0,1.0,1.0,0,,20,직접청약
KO-FIN-03419,직접투자와 관련된 투자 정보를 확인하고 싶습니다.,ผมต้องการตรวจสอบข้อมูลการลงทุนที่เกี่ยวข้องกับ การลงทุนโดยตรง,직접투자,직접투자,True,자산운용·투자,,1.0,1.0,1.0,0,,0,
KO-FIN-03421,질권이 금융거래에서 무엇을 의미하나요?,คำสัญญา หมายถึงอะไรในธุรกรรมทางการเงินนี้?,질권,질권,True,법률·계약,주식 / 채권,1.0,1.0,1.0,0,,70,질권
KO-FIN-03428,질권설정자의 적용 여부는 계약 내용과 관련 법령을 확인해야 합니다.,เพื่อกำหนดว่า ผู้ให้คำสัญญาจำนำ มีผลบังคับใช้หรือไม่ คุณต้องตรวจสอบเนื้อหาของ สัญญา และกฎหมายที่เกี่ยวข้อง,질권설정자;계약,질권설정자,True,법률·계약,,1.0,1.0,1.0,0,,50,질권설정자;계약
KO-FIN-03432,질권자의 적용 여부는 계약 내용과 관련 법령을 확인해야 합니다.,เพื่อกำหนดว่า ผู้รับจำนำ มีผลบังคับใช้หรือไม่ คุณต้องตรวจสอบเนื้อหาของ สัญญา และกฎหมายที่เกี่ยวข้อง,질권자;계약,질권자,True,법률·계약,,1.0,1.0,1.0,0,,50,질권자;계약
KO-FIN-03434,집단경쟁매매와 관련된 시장 정보를 확인하고 싶습니다.,ผมต้องการตรวจสอบข้อมูลตลาดที่เกี่ยวข้องกับ การซื้อขายแบบบล็อก,집단경쟁매매,집단경쟁매매,True,금융시장·거래,,1.0,1.0,1.0,0,,20,집단경쟁매매
KO-FIN-03439,집중결제 과정에서 문제가 발생한 것 같습니다.,ดูเหมือนว่าเกิดปัญหาขึ้นในหลักสูตร การชำระเงินแบบกลุ่ม,집중결제,집중결제,True,지급결제·청산,,1.0,1.0,1.0,0,,20,집중결제
KO-FIN-03441,집중예탁이 무엇인지 설명해 주세요.,กรุณาอธิบายว่า การเก็บรักษาแบบรวมศูนย์ คืออะไร,집중예탁,집중예탁,True,증권·예탁,,1.0,1.0,1.0,0,,40,집중예탁
KO-FIN-03445,차감이 무엇인지 설명해 주세요.,โปรดอธิบายว่า การหักลดหย่อน คืออะไร,차감,차감,True,지급결제·청산,,1.0,1.0,1.0,0,,70,차감
KO-FIN-03451,차감결제 과정에서 문제가 발생한 것 같습니다.,ดูเหมือนว่ากระบวนการ การชำระเงินโดยการหักจากเงินเดือน มีปัญหา,차감결제,차감결제,True,지급결제·청산,금융시장·거래,1.0,1.0,1.0,0,,50,차감결제
KO-FIN-03455,차금결제 과정에서 문제가 발생한 것 같습니다.,ดูเหมือนว่าเกิดปัญหาขึ้นในกระบวนการ การชำระยอดคงเหลือ,차금결제,차금결제,True,지급결제·청산,금융시장·거래,1.0,1.0,1.0,0,,40,차금결제
KO-FIN-03457,차등배당이 무엇인지 설명해 주세요.,กรุณาอธิบายว่า เงินปันผลแบบต่างกัน คืออะไร,차등배당,차등배당,True,주식,,1.0,1.0,1.0,0,,50,차등배당
KO-FIN-03462,차변 대변을 통해 어떤 정보를 확인할 수 있나요?,ฉันสามารถหาข้อมูลอะไรได้ผ่าน เดบิต เครดิต?,차변 대변,차변 대변,True,회계·재무,,1.0,1.0,1.0,0,,40,차변 대변
KO-FIN-03464,차변 대변은 기준 시점과 작성 기준을 함께 확인해야 합니다.,สำหรับ เดบิต เครดิต ต้องตรวจสอบทั้งวันที่อ้างอิงและหลักการจัดทำ,차변 대변,차변 대변,True,회계·재무,,1.0,1.0,1.0,0,,40,차변 대변
KO-FIN-03466,차변이체 또는 추심시스템을 이용하려면 어떻게 해야 하나요?,ใช้ ระบบโอนเงินหรือระบบเก็บเงิน อย่างไร?,차변이체 또는 추심시스템,차변이체 또는 추심시스템,True,이체,,1.0,1.0,1.0,0,,40,차변이체 또는 추심시스템
KO-FIN-03468,차변이체 또는 추심시스템을 진행하기 전에 입력한 정보를 다시 확인해 주세요.,โปรดตรวจสอบข้อมูลที่คุณได้กรอกไว้อีกครั้งก่อนที่จะดำเนินการต่อกับ ระบบโอนเงินหรือระบบเก็บเงิน,차변이체 또는 추심시스템,차변이체 또는 추심시스템,True,이체,,1.0,1.0,1.0,0,,40,차변이체 또는 추심시스템
KO-FIN-03470,차익거래와 관련된 시장 정보를 확인하고 싶습니다.,ผมต้องการตรวจสอบข้อมูลตลาดที่เกี่ยวข้องกับ การเก็งกำไรจากความแตกต่างของราคา,차익거래,차익거래,True,금융시장·거래,,1.0,1.0,1.0,0,,50,차익거래
KO-FIN-03475,차입매수에 대해 상담받고 싶습니다.,ผมต้องการหารือเกี่ยวกับ การซื้อกิจการด้วยเงินกู้,차입매수,차입매수,True,대출,금융시장·거래,1.0,1.0,1.0,0,,50,차입매수
KO-FIN-03479,차주와 관련해 투자 전에 확인해야 할 사항이 있나요?,มีข้อใดบ้างที่ควรตรวจสอบก่อนที่จะลงทุนใน เจ้าของรถ?,차주,차주,True,주식,,1.0,1.0,1.0,0,,70,차주
KO-FIN-03481,차환이 무엇인지 설명해 주세요.,กรุณาอธิบายว่า การรีไฟแนนซ์ คืออะไร,차환,차환,True,채권,,1.0,1.0,1.0,0,,70,차환
KO-FIN-03487,참가적우선주와 관련해 투자 전에 확인해야 할 사항이 있나요?,มีข้อใดบ้างที่ฉันควรตรวจสอบก่อนที่จะลงทุนใน หุ้นบุริมสิทธิแบบมีส่วนร่วม?,참가적우선주,참가적우선주,True,주식,,1.0,1.0,1.0,0,,40,참가적우선주
KO-FIN-03489,창고증권이 무엇인지 설명해 주세요.,กรุณาอธิบายว่า หลักทรัพย์ในคลังสินค้า คืออะไร,창고증권,창고증권,True,증권·예탁,,1.0,1.0,1.0,0,,20,창고증권
KO-FIN-03495,창립총회와 관련해 투자 전에 확인해야 할 사항이 있나요?,มีข้อใดบ้างที่ฉันควรตรวจสอบก่อนที่จะลงทุนใน การประชุมจัดตั้งบริษัท?,창립총회,창립총회,True,주식,금융법규·감독,1.0,1.0,1.0,0,,20,창립총회
KO-FIN-03499,창업비와 관련해 투자 전에 확인해야 할 사항이 있나요?,มีข้อใดบ้างที่ฉันควรตรวจสอบก่อนที่จะลงทุนใน ค่าใช้จ่ายเริ่มต้น?,창업비,창업비,True,주식,,1.0,1.0,1.0,0,,50,창업비
KO-FIN-03501,채권이 무엇인지 설명해 주세요.,โปรดอธิบายว่า พันธบัตร คืออะไร,채권,채권,True,채권,자산운용·투자,1.0,1.0,1.0,0,,70,채권
KO-FIN-03506,채권가격지수의 조건과 수익 구조를 확인하고 싶습니다.,ผมต้องการตรวจสอบเงื่อนไขและโครงสร้างค่าธรรมเนียมของ ดัชนีราคาพันธบัตร,채권가격지수,채권가격지수,True,채권,금융시장·거래,1.0,1.0,1.0,0,,0,
KO-FIN-03510,채권등급평가의 조건과 수익 구조를 확인하고 싶습니다.,ผมต้องการตรวจสอบเงื่อนไขและโครงสร้างรายได้ของ การประเมินอันดับเครดิต,채권등급평가,채권등급평가,True,채권,자산운용·투자,1.0,1.0,1.0,0,,0,
KO-FIN-03514,채권딜러제도의 조건과 수익 구조를 확인하고 싶습니다.,ผมต้องการตรวจสอบเงื่อนไขและโครงสร้างรายได้ของ โครงการผู้จำหน่ายพันธบัตร,채권딜러제도,채권딜러제도,True,채권,금융시장·거래 / 자산운용·투자,1.0,1.0,1.0,0,,40,채권딜러제도
KO-FIN-03517,채권면역전략이 무엇인지 설명해 주세요.,กรุณาอธิบายว่า กลยุทธ์การยกเว้นหนี้ คืออะไร,채권면역전략,채권면역전략,True,채권,자산운용·투자,1.0,1.0,1.0,0,,0,
KO-FIN-03521,채권상장심사기준이 무엇인지 설명해 주세요.,โปรดอธิบายว่า เกณฑ์การจดทะเบียนพันธบัตร คืออะไร,채권상장심사기준,채권상장심사기준,True,채권,금융시장·거래,1.0,1.0,1.0,0,,0,
KO-FIN-03525,채권상장폐지기준이 무엇을 의미하나요?,เกณฑ์การถอดถอนพันธบัตรออกจากรายชื่อ หมายความว่าอะไร?,채권상장폐지기준,채권상장폐지기준,True,금융시장·거래,채권,1.0,1.0,1.0,0,,40,채권상장폐지기준
KO-FIN-03530,채권선물거래와 관련된 시장 정보를 확인하고 싶습니다.,ผมต้องการตรวจสอบข้อมูลตลาดที่เกี่ยวข้องกับ การซื้อขายสัญญาฟิวเจอร์สพันธบัตร,채권선물거래,채권선물거래,True,금융시장·거래,채권 / 파생상품,1.0,1.0,1.0,0,,0,
KO-FIN-03533,채권수익률이 무엇인지 설명해 주세요.,โปรดอธิบายว่า อัตราผลตอบแทนพันธบัตร คืออะไร,채권수익률,채권수익률,True,채권,,1.0,1.0,1.0,0,,0,
KO-FIN-03538,채권수익률의 기간구조의 조건과 수익 구조를 확인하고 싶습니다.,ผมต้องการตรวจสอบเงื่อนไขและโครงสร้างรายได้ของ โครงสร้างอัตราผลตอบแทนตามระยะเวลาของพันธบัตร,채권수익률의 기간구조,채권수익률의 기간구조,True,채권,,1.0,1.0,1.0,0,,20,채권수익률의 기간구조
KO-FIN-03542,채권수익률의 위험구조의 조건과 수익 구조를 확인하고 싶습니다.,ผมต้องการตรวจสอบเงื่อนไขและโครงสร้างรายได้ของ โครงสร้างความเสี่ยงของอัตราผลตอบแทนพันธบัตร,채권수익률의 위험구조,채권수익률의 위험구조,True,채권,신용·리스크,1.0,1.0,1.0,0,,0,
KO-FIN-03546,채권시가평가제의 조건과 수익 구조를 확인하고 싶습니다.,ผมต้องการตรวจสอบเงื่อนไขและโครงสร้างรายได้ของ ระบบประเมินมูลค่าตลาดสำหรับพันธบัตร,채권시가평가제,채권시가평가제,True,채권,신용·리스크,1.0,1.0,1.0,0,,20,채권시가평가제
KO-FIN-03549,채권시장안정기금이 무엇인지 설명해 주세요.,กรุณาอธิบายว่า กองทุนรักษาเสถียรภาพตลาดพันธบัตร คืออะไร,채권시장안정기금,채권시장안정기금,True,채권,금융시장·거래,1.0,1.0,1.0,0,,0,
KO-FIN-03554,채권양도의 조건과 수익 구조를 확인하고 싶습니다.,ผมต้องการตรวจสอบเงื่อนไขและโครงสร้างรายได้ของ การโอนสิทธิเรียกร้อง,채권양도,채권양도,True,채권,법률·계약,1.0,1.0,1.0,0,,40,채권양도
KO-FIN-03557,채권원리금상환이 무엇인지 설명해 주세요.,กรุณาอธิบายว่า การชำระคืนเงินต้นและดอกเบี้ยของพันธบัตร คืออะไร,채권원리금상환,채권원리금상환,True,채권,,1.0,1.0,1.0,0,,40,채권원리금상환
KO-FIN-03562,채무불이행이 금융거래에 어떤 영향을 주나요?,ค่าเริ่มต้น มีผลกระทบต่อธุรกรรมทางการเงินนี้อย่างไร?,채무불이행,채무불이행,True,신용·리스크,,1.0,1.0,1.0,0,,40,채무불이행
KO-FIN-03564,채무불이행은 거래 조건이나 이용 가능 여부에 영향을 줄 수 있습니다.,ค่าเริ่มต้น อาจส่งผลต่อเงื่อนไขการซื้อขายหรือความพร้อมให้บริการ,채무불이행,채무불이행,True,신용·리스크,,1.0,1.0,1.0,0,,40,채무불이행
KO-FIN-03567,채무불이행위험을 줄이려면 어떤 점을 확인해야 하나요?,ควรตรวจสอบอะไรเพื่อลด ความเสี่ยงในการผิดสัญญา?,채무불이행위험,채무불이행위험,True,신용·리스크,,1.0,1.0,1.0,0,,40,채무불이행위험
KO-FIN-03568,채무불이행위험은 거래 조건이나 이용 가능 여부에 영향을 줄 수 있습니다.,ความเสี่ยงในการผิดสัญญา อาจส่งผลต่อเงื่อนไขการซื้อขายหรือความพร้อมให้บริการ,채무불이행위험,채무불이행위험,True,신용·리스크,,1.0,1.0,1.0,0,,40,채무불이행위험
KO-FIN-03569,책임재산이 무엇인지 설명해 주세요.,โปรดอธิบายว่า สินทรัพย์ที่รับผิดชอบ คืออะไร,책임재산,책임재산,True,채권,,1.0,1.0,1.0,0,,0,
KO-FIN-03575,청산 과정에서 문제가 발생한 것 같습니다.,ดูเหมือนว่าเกิดปัญหาในกระบวนการ การชำระบัญชี,청산,청산,True,지급결제·청산,금융시장·거래,1.0,1.0,1.0,0,,70,청산
KO-FIN-03578,청산거래와 관련된 시장 정보를 확인하고 싶습니다.,ผมต้องการตรวจสอบข้อมูลตลาดที่เกี่ยวข้องกับ ธุรกรรมชำระบัญชี,청산거래,청산거래,True,금융시장·거래,지급결제·청산,1.0,1.0,1.0,0,,40,청산거래
KO-FIN-03583,청산결제시스템 과정에서 문제가 발생한 것 같습니다.,ดูเหมือนว่าหลักสูตร ระบบการหักบัญชีและชำระบัญชี มีปัญหา,청산결제시스템,청산결제시스템,True,지급결제·청산,,1.0,1.0,1.0,0,,0,
KO-FIN-03585,청산회사가 무엇인지 설명해 주세요.,โปรดอธิบายว่า บริษัทรับจัดการชำระบัญชี คืออะไร,청산회사,청산회사,True,지급결제·청산,금융시장·거래,1.0,1.0,1.0,0,,0,
KO-FIN-03589,청산회원이 무엇인지 설명해 주세요.,โปรดอธิบายว่า สมาชิกในกระบวนการชำระบัญชี คืออะไร,청산회원,청산회원,True,지급결제·청산,,1.0,1.0,1.0,0,,40,청산회원
KO-FIN-03593,청약증거금이 무엇인지 쉽게 설명해 주세요.,โปรดอธิบายด้วยคำง่ายๆ ว่า เงินมัดจำสำหรับการสมัครเช่าบ้าน คืออะไร,청약증거금,청약증거금,True,파생상품,증권·예탁,1.0,1.0,1.0,0,,20,청약증거금
KO-FIN-03597,체결시점매매확인 시스템이 무엇을 의미하나요?,ระบบยืนยันการซื้อขาย ณ เวลาที่ดำเนินการ หมายความว่าอะไร?,체결시점매매확인 시스템,체결시점매매확인 시스템,True,금융시장·거래,,1.0,1.0,1.0,0,,20,체결시점매매확인 시스템
KO-FIN-03603,체계적 위험을 줄이려면 어떤 점을 확인해야 하나요?,ควรตรวจสอบอะไรเพื่อลด ความเสี่ยงเชิงระบบ?,체계적 위험,체계적 위험,True,신용·리스크,,1.0,1.0,1.0,0,,0,
KO-FIN-03604,체계적 위험은 거래 조건이나 이용 가능 여부에 영향을 줄 수 있습니다.,ความเสี่ยงเชิงระบบ อาจส่งผลต่อเงื่อนไขการซื้อขายหรือความพร้อมให้บริการ,체계적 위험,체계적 위험,True,신용·리스크,,1.0,1.0,1.0,0,,0,
KO-FIN-03605,초과담보율이 무엇인지 설명해 주세요.,กรุณาอธิบายว่า อัตราส่วนหลักประกันเกิน คืออะไร,초과담보율,초과담보율,True,증권·예탁,,1.0,1.0,1.0,0,,40,초과담보율
KO-FIN-03610,총계정원장은 어디에서 확인할 수 있나요?,ฉันสามารถหา หนังสือบัญชีหลัก ได้ที่ไหน?,총계정원장,총계정원장,True,계좌,,1.0,1.0,1.0,0,,40,총계정원장
KO-FIN-03611,총계정원장이 정상적으로 표시되지 않습니다.,หนังสือบัญชีหลัก ไม่แสดงอย่างถูกต้อง,총계정원장,총계정원장,True,계좌,,1.0,1.0,1.0,0,,40,총계정원장
KO-FIN-03616,총액인수의 세부 조건과 절차는 거래 유형에 따라 달라질 수 있습니다.,เงื่อนไขและขั้นตอนเฉพาะสำหรับ การรับประกันแบบจ่ายครั้งเดียว อาจแตกต่างกันไปตามประเภทของธุรกรรม,총액인수,총액인수,True,기업금융·자본조달,,1.0,1.0,1.0,0,,40,총액인수
KO-FIN-03617,총액지급증권이 무엇인지 설명해 주세요.,โปรดอธิบายว่า หลักทรัพย์แบบจ่ายครั้งเดียว คืออะไร,총액지급증권,총액지급증권,True,증권·예탁,,1.0,1.0,1.0,0,,40,총액지급증권
KO-FIN-03624,총유의 적용 여부는 계약 내용과 관련 법령을 확인해야 합니다.,เพื่อกำหนดว่า ทรัพย์สินร่วม มีผลบังคับใช้หรือไม่ คุณต้องตรวจสอบเนื้อหาของ สัญญา และกฎหมายที่เกี่ยวข้อง,총유;계약,총유,True,법률·계약,,1.0,1.0,1.0,0,,70,총유;계약
KO-FIN-03627,최소분산포트폴리오와 관련된 투자 정보를 확인하고 싶습니다.,ผมต้องการตรวจสอบข้อมูลการลงทุนที่เกี่ยวข้องกับ พอร์ตโฟลิโอที่มีความแปรปรวนต่ำสุด,최소분산포트폴리오,최소분산포트폴리오,True,자산운용·투자,,1.0,1.0,1.0,0,,20,최소분산포트폴리오
KO-FIN-03629,최소증거금이 무엇인지 쉽게 설명해 주세요.,โปรดอธิบายด้วยคำง่ายๆ ว่า เงินฝากขั้นต่ำ คืออะไร,최소증거금,최소증거금,True,파생상품,금융시장·거래,1.0,1.0,1.0,0,,0,
KO-FIN-03636,최적규모의 정확한 의미는 해당 금융거래의 맥락과 함께 확인해야 합니다.,ความหมายที่แม่นยำของ ขนาดที่เหมาะสมที่สุด ต้องได้รับการยืนยันในบริบทของธุรกรรมทางการเงินที่เกี่ยวข้อง,최적규모,최적규모,True,기타 금융일반,,1.0,1.0,1.0,0,,50,최적규모
KO-FIN-03639,최적포트폴리오와 관련된 투자 정보를 확인하고 싶습니다.,ผมต้องการตรวจสอบข้อมูลการลงทุนที่เกี่ยวข้องกับ พอร์ตโฟลิโอที่เหมาะสมที่สุด,최적포트폴리오,최적포트폴리오,True,자산운용·투자,,1.0,1.0,1.0,0,,0,
KO-FIN-03643,최종이체 과정에서 문제가 발생한 것 같습니다.,ดูเหมือนว่าเกิดปัญหาขึ้นระหว่างกระบวนการ การโอนเงินครั้งสุดท้าย,최종이체,최종이체,True,지급결제·청산,,1.0,1.0,1.0,0,,40,최종이체
KO-FIN-03645,추가상장이 무엇을 의미하나요?,การจดทะเบียนรอง หมายความว่าอะไร?,추가상장,추가상장,True,금융시장·거래,,1.0,1.0,1.0,0,,40,추가상장
KO-FIN-03651,추가증거금 납부요구 거래에는 어떤 위험이 있나요?,ความเสี่ยงที่เกี่ยวข้องกับการซื้อขาย คำขอชำระเงินหลักประกันเพิ่มเติม มีอะไรบ้าง?,추가증거금 납부요구,추가증거금 납부요구,True,파생상품,,1.0,1.0,1.0,0,,0,
KO-FIN-03653,추가증거금이 무엇인지 쉽게 설명해 주세요.,โปรดอธิบายด้วยคำง่ายๆ ว่า มาร์จิ้นเพิ่มเติม คืออะไร,추가증거금,추가증거금,True,파생상품,,1.0,1.0,1.0,0,,40,추가증거금
KO-FIN-03657,추정이익이 금융거래에 어떻게 적용되나요?,กำไรคาดการณ์ มีผลต่อธุรกรรมทางการเงินนี้อย่างไร?,추정이익,추정이익,True,금융법규·감독,,1.0,1.0,1.0,0,,40,추정이익
KO-FIN-03659,추정이익 때문에 추가로 확인해야 할 사항이 있나요?,มีข้อใดเพิ่มเติมที่จำเป็นต้องตรวจสอบเนื่องจาก กำไรคาดการณ์ หรือไม่?,추정이익,추정이익,True,금융법규·감독,,1.0,1.0,1.0,0,,40,추정이익
KO-FIN-03664,추정재무제표는 기준 시점과 작성 기준을 함께 확인해야 합니다.,สำหรับ รายงานการเงินแบบจำลอง ต้องตรวจสอบทั้งวันที่อ้างอิงและหลักการจัดทำ,추정재무제표,추정재무제표,True,회계·재무,,1.0,1.0,1.0,0,,40,추정재무제표
KO-FIN-03666,출입직원등록제도 처리 절차를 확인하고 싶습니다.,ผมต้องการตรวจสอบขั้นตอนการดำเนินการสำหรับ โครงการลงทะเบียนการเข้าถึงของพนักงาน,출입직원등록제도,출입직원등록제도,True,증권·예탁,,1.0,1.0,1.0,0,,20,출입직원등록제도
KO-FIN-03670,출자 처리 절차를 확인하고 싶습니다.,ผมต้องการตรวจสอบขั้นตอนการดำเนินการสำหรับ การนำทุนมาลงทุน,출자,출자,True,증권·예탁,,1.0,1.0,1.0,0,,80,출자
KO-FIN-03674,출자인수권을 이용하려면 어떤 조건이 필요한가요?,เงื่อนไขในการใช้ สิทธิในการสมัครสมาชิก คืออะไร?,출자인수권,출자인수권,True,기업금융·자본조달,,1.0,1.0,1.0,0,,50,출자인수권
KO-FIN-03675,출자인수권과 관련된 비용과 절차를 확인하고 싶습니다.,ผมต้องการตรวจสอบค่าใช้จ่ายและขั้นตอนที่เกี่ยวข้องกับ สิทธิในการสมัครสมาชิก,출자인수권,출자인수권,True,기업금융·자본조달,,1.0,1.0,1.0,0,,50,출자인수권
KO-FIN-03677,출자전환이 무엇인지 설명해 주세요.,กรุณาอธิบายว่า การแลกเปลี่ยนหนี้เป็นทุน คืออะไร,출자전환,출자전환,True,주식,,1.0,1.0,1.0,0,,50,출자전환
KO-FIN-03681,출자증권이 무엇인지 설명해 주세요.,โปรดอธิบายว่า หลักทรัพย์ประเภทหุ้น คืออะไร,출자증권,출자증권,True,증권·예탁,,1.0,1.0,1.0,0,,0,
KO-FIN-03685,출자총액제한이 무엇인지 설명해 주세요.,กรุณาอธิบายว่า วงเงินลงทุนรวม คืออะไร,출자총액제한,출자총액제한,True,주식,,1.0,1.0,1.0,0,,40,출자총액제한
KO-FIN-03691,충당금과 관련된 내용을 확인하고 싶습니다.,ผมต้องการตรวจสอบข้อมูลที่เกี่ยวข้องกับ ข้อกำหนด,충당금,충당금,True,기타 금융일반,,1.0,1.0,1.0,0,,40,충당금
KO-FIN-03692,충당금의 정확한 의미는 해당 금융거래의 맥락과 함께 확인해야 합니다.,ความหมายที่แน่ชัดของ ข้อกำหนด ต้องถูกกำหนดในบริบทของธุรกรรมทางการเงินที่เกี่ยวข้อง,충당금,충당금,True,기타 금융일반,,1.0,1.0,1.0,0,,40,충당금
KO-FIN-03694,충분성을 통해 어떤 정보를 확인할 수 있나요?,ฉันสามารถหาข้อมูลอะไรได้ผ่าน ความเพียงพอ?,충분성,충분성,True,회계·재무,,1.0,1.0,1.0,0,,0,
KO-FIN-03696,충분성은 기준 시점과 작성 기준을 함께 확인해야 합니다.,สำหรับ ความเพียงพอ ต้องตรวจสอบทั้งวันที่อ้างอิงและหลักการจัดทำ,충분성,충분성,True,회계·재무,,1.0,1.0,1.0,0,,0,
KO-FIN-03699,카멜레온펀드에 가입하기 전에 어떤 점을 확인해야 하나요?,ควรตรวจสอบอะไรก่อนสมัคร กองทุน Chameleon?,카멜레온펀드,카멜레온펀드,True,펀드·신탁,,1.0,1.0,1.0,0,,0,
KO-FIN-03703,컨트리 펀드에 가입하기 전에 어떤 점을 확인해야 하나요?,ควรตรวจสอบอะไรก่อนสมัคร กองทุนประเทศ?,컨트리 펀드,컨트리 펀드,True,펀드·신탁,증권·예탁,1.0,1.0,1.0,0,,40,컨트리 펀드
KO-FIN-03705,코레스은행에 대해 자세히 알려주세요.,โปรดบอกฉันเพิ่มเติมเกี่ยวกับ ธนาคารคอร์ส ครับ/ค่ะ,코레스은행,코레스은행,True,해외송금·외환,금융기관·은행,1.0,1.0,1.0,0,,20,코레스은행
KO-FIN-03706,코레스은행을 확인하고 싶습니다.,ผมต้องการตรวจสอบ ธนาคารคอร์ส,코레스은행,코레스은행,True,해외송금·외환,금융기관·은행,1.0,1.0,1.0,0,,20,코레스은행
KO-FIN-03711,코리아유로펀드에 가입하기 전에 어떤 점을 확인해야 하나요?,ควรตรวจสอบอะไรก่อนสมัคร กองทุนเกาหลี-ยูโร?,코리아유로펀드,코리아유로펀드,True,펀드·신탁,자산운용·투자,1.0,1.0,1.0,0,,40,코리아유로펀드
KO-FIN-03715,코리아펀드에 가입하기 전에 어떤 점을 확인해야 하나요?,ควรตรวจสอบอะไรก่อนสมัคร กองทุนเกาหลี?,코리아펀드,코리아펀드,True,펀드·신탁,금융시장·거래 / 증권·예탁,1.0,1.0,1.0,0,,40,코리아펀드
KO-FIN-03717,코스닥 등록법인이 무엇인지 설명해 주세요.,กรุณาอธิบายว่า บริษัทที่จดทะเบียนในตลาด KOSDAQ คืออะไร,코스닥 등록법인,코스닥 등록법인,True,증권·예탁,,1.0,1.0,1.0,0,,20,코스닥 등록법인
KO-FIN-03721,코스닥 등록주식이 무엇인지 설명해 주세요.,กรุณาอธิบายว่า หุ้นที่จดทะเบียนในตลาด KOSDAQ คืออะไร,코스닥 등록주식,코스닥 등록주식,True,주식,증권·예탁 / 자산운용·투자 / 금융시장·거래,1.0,1.0,1.0,0,,0,
KO-FIN-03725,코스닥이 무엇을 의미하나요?,KOSDAQ หมายความว่าอะไร?,코스닥,코스닥,True,금융시장·거래,,1.0,1.0,1.0,0,,0,
KO-FIN-03729,콘탱고가 무엇인지 설명해 주세요.,โปรดอธิบายว่า คอนทังโก คืออะไร,콘탱고,콘탱고,True,지급결제·청산,,1.0,1.0,1.0,0,,0,
KO-FIN-03736,콜은 심사 결과에 따라 이용 가능 여부가 달라질 수 있습니다.,การมี โทร อาจแตกต่างกันไปขึ้นอยู่กับผลการพิจารณา,콜,콜,True,대출,금융기관·은행,1.0,1.0,1.0,0,,70,콜
KO-FIN-03738,콜레이트에서 이용할 수 있는 금융업무는 무엇인가요?,จัดเรียง มีบริการทางการเงินใดบ้าง?,콜레이트,콜레이트,True,금융기관·은행,,1.0,1.0,1.0,0,,40,콜레이트
KO-FIN-03742,쿠폰부사채의 조건과 수익 구조를 확인하고 싶습니다.,ผมต้องการตรวจสอบเงื่อนไขและโครงสร้างรายได้ของ พันธบัตรชั้นรองที่มีคูปอง,쿠폰부사채,쿠폰부사채,True,채권,,1.0,1.0,1.0,0,,0,
KO-FIN-03747,타이거펀드에 가입하기 전에 어떤 점을 확인해야 하나요?,ควรตรวจสอบอะไรก่อนสมัคร กองทุนไทเกอร์?,타이거펀드,타이거펀드,True,펀드·신탁,자산운용·투자,1.0,1.0,1.0,0,,0,
KO-FIN-03749,탈중개화현상이 무엇인지 설명해 주세요.,กรุณาอธิบายว่า ปรากฏการณ์การตัดตัวกลาง คืออะไร,탈중개화현상,탈중개화현상,True,지급결제·청산,,1.0,1.0,1.0,0,,20,탈중개화현상
KO-FIN-03756,텀론은 심사 결과에 따라 이용 가능 여부가 달라질 수 있습니다.,การมี เทอร์มลอน อาจแตกต่างกันไปขึ้นอยู่กับผลการประเมิน,텀론,텀론,True,대출,,1.0,1.0,1.0,0,,50,텀론
KO-FIN-03760,테크노스트럭처의 정확한 의미는 해당 금융거래의 맥락과 함께 확인해야 합니다.,ความหมายที่แม่นยำของ โครงสร้างทางเทคโนโลยี ต้องถูกกำหนดในบริบทของธุรกรรมทางการเงินที่เกี่ยวข้อง,테크노스트럭처,테크노스트럭처,True,기타 금융일반,,1.0,1.0,1.0,0,,40,테크노스트럭처
KO-FIN-03764,토론토선물거래소를 확인할 때 시장 상황과 거래 조건을 함께 살펴보세요.,เมื่อพิจารณา ตลาดสัญญาซื้อขายล่วงหน้าโตรอนโต โปรดพิจารณาทั้งสภาพตลาดและเงื่อนไขการซื้อขาย,토론토선물거래소,토론토선물거래소,True,금융시장·거래,파생상품 / 대출,1.0,1.0,1.0,0,,0,
KO-FIN-03768,토론토증권거래소를 확인할 때 시장 상황과 거래 조건을 함께 살펴보세요.,เมื่อวิเคราะห์ ตลาดหลักทรัพย์โตรอนโต ให้แน่ใจว่าได้พิจารณาทั้งสภาพตลาดและเงื่อนไขการซื้อขายด้วย,토론토증권거래소,토론토증권거래소,True,금융시장·거래,증권·예탁 / 대출,1.0,1.0,1.0,0,,0,
KO-FIN-03771,토빈의 분리정리와 관련된 투자 정보를 확인하고 싶습니다.,ผมต้องการตรวจสอบข้อมูลการลงทุนที่เกี่ยวข้องกับ ทฤษฎีบทการแยกของโทบิน,토빈의 분리정리,토빈의 분리정리,True,자산운용·투자,,1.0,1.0,1.0,0,,0,
KO-FIN-03774,통일규격유가증권 관리현황보고서 처리 절차를 확인하고 싶습니다.,ผมต้องการตรวจสอบขั้นตอนการดำเนินการสำหรับ รายงานเกี่ยวกับสถานะการบริหารจัดการหลักทรัพย์มาตรฐาน,통일규격유가증권 관리현황보고서,통일규격유가증권 관리현황보고서,True,증권·예탁,,1.0,1.0,1.0,0,,20,통일규격유가증권 관리현황보고서
KO-FIN-03777,통일규격유가증권이 무엇인지 설명해 주세요.,กรุณาอธิบายว่า หลักทรัพย์มาตรฐาน คืออะไร,통일규격유가증권,통일규격유가증권,True,증권·예탁,,1.0,1.0,1.0,0,,20,통일규격유가증권
KO-FIN-03781,통일상사법이 무엇인지 설명해 주세요.,โปรดอธิบายว่า พระราชบัญญัติบริษัทการค้า Unification คืออะไร,통일상사법,통일상사법,True,증권·예탁,금융법규·감독,1.0,1.0,1.0,0,,0,
KO-FIN-03786,통정매매와 관련된 시장 정보를 확인하고 싶습니다.,ผมต้องการตรวจสอบข้อมูลตลาดที่เกี่ยวข้องกับ การซื้อขายแบบสมรู้ร่วมคิด,통정매매,통정매매,True,금융시장·거래,증권·예탁,1.0,1.0,1.0,0,,50,통정매매
KO-FIN-03791,통합결제 과정에서 문제가 발생한 것 같습니다.,ดูเหมือนว่าเกิดปัญหาในกระบวนการ ระบบการชำระเงินแบบบูรณาการ,통합결제,통합결제,True,지급결제·청산,,1.0,1.0,1.0,0,,50,통합결제
KO-FIN-03793,통합결제기구협의회가 무엇인지 설명해 주세요.,กรุณาอธิบายว่า สภาองค์กรการชำระเงินแบบบูรณาการ คืออะไร,통합결제기구협의회,통합결제기구협의회,True,지급결제·청산,,1.0,1.0,1.0,0,,0,
KO-FIN-03798,통합계좌 처리 절차를 확인하고 싶습니다.,ผมต้องการตรวจสอบขั้นตอนการดำเนินการสำหรับ บัญชีรวม,통합계좌,통합계좌,True,증권·예탁,,1.0,1.0,1.0,0,,40,통합계좌
KO-FIN-03801,통화선물이 무엇인지 쉽게 설명해 주세요.,โปรดอธิบายด้วยคำง่ายๆ ว่า สัญญาซื้อขายล่วงหน้าสกุลเงิน คืออะไร,통화선물,통화선물,True,파생상품,해외송금·외환 / 금융시장·거래,1.0,1.0,1.0,0,,40,통화선물
KO-FIN-03805,통화선물옵션이 무엇인지 쉽게 설명해 주세요.,โปรดอธิบายด้วยคำง่ายๆ ว่า สัญญาซื้อขายล่วงหน้าและสัญญาออปชันสกุลเงิน คืออะไร,통화선물옵션,통화선물옵션,True,파생상품,해외송금·외환,1.0,1.0,1.0,0,,40,통화선물옵션
KO-FIN-03809,통화스왑이 무엇인지 쉽게 설명해 주세요.,โปรดอธิบายด้วยคำง่ายๆ ว่า การแลกเปลี่ยนสกุลเงิน คืออะไร,통화스왑,통화스왑,True,파생상품,해외송금·외환,1.0,1.0,1.0,0,,40,통화스왑
KO-FIN-03813,통화안정증권이 무엇인지 설명해 주세요.,โปรดอธิบายว่า พันธบัตรเพื่อรักษาเสถียรภาพของค่าเงิน คืออะไร,통화안정증권,통화안정증권,True,증권·예탁,,1.0,1.0,1.0,0,,50,통화안정증권
KO-FIN-03817,통화옵션에 대해 자세히 알려주세요.,โปรดบอกฉันเพิ่มเติมเกี่ยวกับ ตัวเลือกสกุลเงิน ครับ/ค่ะ,통화옵션,통화옵션,True,해외송금·외환,파생상품,1.0,1.0,1.0,0,,0,
KO-FIN-03818,통화옵션을 확인하고 싶습니다.,ผมต้องการตรวจสอบ ตัวเลือกสกุลเงิน,통화옵션,통화옵션,True,해외송금·외환,파생상품,1.0,1.0,1.0,0,,0,
KO-FIN-03824,통화지표는 운용 결과에 따라 원금 손실이 발생할 수 있습니다.,ตัวชี้วัดทางการเงิน อาจทำให้สูญเสียเงินต้นได้ ขึ้นอยู่กับผลการลงทุน,통화지표,통화지표,True,펀드·신탁,,1.0,1.0,1.0,0,,20,통화지표
KO-FIN-03827,통화채권투자신탁수익증권에 가입하기 전에 어떤 점을 확인해야 하나요?,ควรตรวจสอบอะไรก่อนสมัคร ใบรับรองรายได้ของกองทุนลงทุนในพันธบัตรสกุลเงิน?,통화채권투자신탁수익증권,통화채권투자신탁수익증권,True,펀드·신탁,자산운용·투자,1.0,1.0,1.0,0,,20,통화채권투자신탁수익증권
KO-FIN-03831,투자등록과 관련된 투자 정보를 확인하고 싶습니다.,ผมต้องการตรวจสอบข้อมูลการลงทุนที่เกี่ยวข้องกับ การจดทะเบียนการลงทุน,투자등록,투자등록,True,자산운용·투자,금융시장·거래,1.0,1.0,1.0,0,,0,
KO-FIN-03835,투자신탁에 가입하기 전에 어떤 점을 확인해야 하나요?,ควรตรวจสอบอะไรก่อนสมัคร กองทุนลงทุน?,투자신탁,투자신탁,True,펀드·신탁,자산운용·투자,1.0,1.0,1.0,0,,20,투자신탁
KO-FIN-03838,투자신탁협회의 운용 방식과 수수료를 확인하고 싶습니다.,ผมต้องการทราบเกี่ยวกับขั้นตอนการดำเนินการและค่าธรรมเนียมสำหรับ สมาคมกองทุนลงทุน,투자신탁협회,투자신탁협회,True,펀드·신탁,자산운용·투자,1.0,1.0,1.0,0,,0,
KO-FIN-03843,투자자문업과 관련된 투자 정보를 확인하고 싶습니다.,ผมต้องการตรวจสอบข้อมูลการลงทุนที่เกี่ยวข้องกับ บริการให้คำปรึกษาด้านการลงทุน,투자자문업,투자자문업,True,자산운용·투자,,1.0,1.0,1.0,0,,0,
KO-FIN-03847,특별결의와 관련해 투자 전에 확인해야 할 사항이 있나요?,มีข้อใดบ้างที่ฉันควรตรวจสอบก่อนที่จะลงทุนใน มติพิเศษ?,특별결의,특별결의,True,주식,,1.0,1.0,1.0,0,,20,특별결의
KO-FIN-03852,특별담보물은 심사 결과에 따라 이용 가능 여부가 달라질 수 있습니다.,การมี หลักประกันพิเศษ อาจแตกต่างกันไปขึ้นอยู่กับผลการประเมิน,특별담보물,특별담보물,True,대출,,1.0,1.0,1.0,0,,0,
KO-FIN-03854,특별인출권과 관련된 거래 조건을 확인하고 싶습니다.,ผมต้องการตรวจสอบเงื่อนไขการซื้อขายที่เกี่ยวข้องกับ สิทธิการถอนเงินพิเศษ,특별인출권,특별인출권,True,국제금융,,1.0,1.0,1.0,0,,0,
KO-FIN-03856,특별인출권과 관련된 거래에서는 국가별 규정과 통화를 함께 확인해야 합니다.,เมื่อดำเนินการธุรกรรมที่เกี่ยวข้องกับ สิทธิการถอนเงินพิเศษ คุณต้องตรวจสอบทั้งกฎระเบียบเฉพาะประเทศที่เกี่ยวข้องและสกุลเงินที่ใช้ในธุรกรรมนั้น,특별인출권,특별인출권,True,국제금융,,1.0,1.0,1.0,0,,0,
KO-FIN-03858,특수채의 조건과 수익 구조를 확인하고 싶습니다.,ผมต้องการตรวจสอบเงื่อนไขและโครงสร้างรายได้ของ พันธบัตรเฉพาะทาง,특수채,특수채,True,채권,금융기관·은행,1.0,1.0,1.0,0,,40,특수채
KO-FIN-03861,파생금융상품이 무엇인지 쉽게 설명해 주세요.,โปรดอธิบายด้วยคำง่ายๆ ว่า เครื่องมือการเงินอนุพันธ์ คืออะไร,파생금융상품,파생금융상품,True,파생상품,금융시장·거래,1.0,1.0,1.0,0,,0,
KO-FIN-03866,파생적예금에 적용되는 금리는 어떻게 되나요?,อัตราดอกเบี้ยที่ใช้กับ เงินฝากแบบอนุพันธ์ คือเท่าไร?,파생적예금,파생적예금,True,예금상품,파생상품,1.0,1.0,1.0,0,,0,
KO-FIN-03869,파생증권이 무엇인지 설명해 주세요.,โปรดอธิบายว่า หลักทรัพย์อนุพันธ์ คืออะไร,파생증권,파생증권,True,증권·예탁,파생상품,1.0,1.0,1.0,0,,0,
KO-FIN-03875,파생통화 거래에는 어떤 위험이 있나요?,ความเสี่ยงที่เกี่ยวข้องกับการซื้อขาย สกุลเงินอนุพันธ์ มีอะไรบ้าง?,파생통화,파생통화,True,파생상품,,1.0,1.0,1.0,0,,0,
KO-FIN-03879,패리티와 관련해 투자 전에 확인해야 할 사항이 있나요?,มีข้อใดบ้างที่ควรตรวจสอบก่อนที่จะลงทุนใน ความเท่าเทียม?,패리티,패리티,True,주식,,1.0,1.0,1.0,0,,40,패리티
KO-FIN-03882,팩터와 관련된 시장 정보를 확인하고 싶습니다.,ผมต้องการตรวจสอบข้อมูลตลาดที่เกี่ยวข้องกับ ปัจจัย,팩터,팩터,True,금융시장·거래,,1.0,1.0,1.0,0,,70,팩터
KO-FIN-03887,퍼포먼스 펀드에 가입하기 전에 어떤 점을 확인해야 하나요?,ควรตรวจสอบอะไรก่อนสมัคร กองทุนประสิทธิภาพ?,퍼포먼스 펀드,퍼포먼스 펀드,True,펀드·신탁,,1.0,1.0,1.0,0,,40,퍼포먼스 펀드
KO-FIN-03890,펀드매니저의 운용 방식과 수수료를 확인하고 싶습니다.,ผมต้องการทราบเกี่ยวกับขั้นตอนการดำเนินการและค่าธรรมเนียมสำหรับ ผู้จัดการกองทุน,펀드매니저,펀드매니저,True,펀드·신탁,,1.0,1.0,1.0,0,,0,
KO-FIN-03893,페니스탁이 무엇을 의미하나요?,สต็อกอวัยวะเพศชาย หมายความว่าอะไร?,페니스탁,페니스탁,True,금융시장·거래,,1.0,1.0,1.0,0,,40,페니스탁
KO-FIN-03900,펠드스타인이론은 심사 결과에 따라 이용 가능 여부가 달라질 수 있습니다.,การมี ทฤษฎีของเฟลด์สไตน์ อาจแตกต่างกันไปขึ้นอยู่กับผลการประเมิน,펠드스타인이론,펠드스타인이론,True,대출,,1.0,1.0,1.0,0,,0,
KO-FIN-03901,평가절하에 대해 자세히 알려주세요.,โปรดบอกฉันเพิ่มเติมเกี่ยวกับ การลดค่าเงิน ได้ไหมครับ,평가절하,평가절하,True,해외송금·외환,,1.0,1.0,1.0,0,,40,평가절하
KO-FIN-03905,폐기증권이 무엇인지 설명해 주세요.,กรุณาอธิบายว่า หลักทรัพย์ที่ถูกยกเลิก คืออะไร,폐기증권,폐기증권,True,증권·예탁,,1.0,1.0,1.0,0,,20,폐기증권
KO-FIN-03910,폐쇄식 담보부사채의 조건과 수익 구조를 확인하고 싶습니다.,ผมต้องการตรวจสอบเงื่อนไขและโครงสร้างรายได้ของ พันธบัตรมีหลักประกันแบบปิด,폐쇄식 담보부사채,폐쇄식 담보부사채,True,채권,,1.0,1.0,1.0,0,,40,폐쇄식 담보부사채
KO-FIN-03915,폐쇄형 투자신탁에 가입하기 전에 어떤 점을 확인해야 하나요?,ควรตรวจสอบอะไรก่อนสมัคร กองทุนลงทุนแบบปิด?,폐쇄형 투자신탁,폐쇄형 투자신탁,True,펀드·신탁,자산운용·투자,1.0,1.0,1.0,0,,40,폐쇄형 투자신탁
KO-FIN-03920,포괄주의는 기준 시점과 작성 기준을 함께 확인해야 합니다.,สำหรับ วิธีการแบบบูรณาการ ต้องตรวจสอบทั้งวันที่อ้างอิงและเกณฑ์การจัดทำข้อมูล,포괄주의,포괄주의,True,회계·재무,,1.0,1.0,1.0,0,,40,포괄주의
KO-FIN-03922,포괄증자와 관련된 정보를 확인하고 싶습니다.,ผมต้องการตรวจสอบข้อมูลที่เกี่ยวข้องกับ การเพิ่มทุนแบบครบวงจร,포괄증자,포괄증자,True,주식,,1.0,1.0,1.0,0,,40,포괄증자
KO-FIN-03925,포뮬러 플랜이 무엇인지 설명해 주세요.,โปรดอธิบายว่า แผนสูตร คืออะไร,포뮬러 플랜,포뮬러 플랜,True,주식,,1.0,1.0,1.0,0,,40,포뮬러 플랜
KO-FIN-03930,포스트와 관련된 시장 정보를 확인하고 싶습니다.,ผมต้องการตรวจสอบข้อมูลตลาดที่เกี่ยวข้องกับ โพสต์,포스트,포스트,True,금융시장·거래,,1.0,1.0,1.0,0,,0,
KO-FIN-03935,포트폴리오 관리와 관련된 투자 정보를 확인하고 싶습니다.,ผมต้องการตรวจสอบข้อมูลการลงทุนที่เกี่ยวข้องกับ การบริหารพอร์ตโฟลิโอ,포트폴리오 관리,포트폴리오 관리,True,자산운용·투자,,1.0,1.0,1.0,0,,0,
KO-FIN-03939,포트폴리오 선택과 관련된 투자 정보를 확인하고 싶습니다.,ผมต้องการตรวจสอบข้อมูลการลงทุนที่เกี่ยวข้องกับ การเลือกพอร์ตโฟลิโอ,포트폴리오 선택,포트폴리오 선택,True,자산운용·투자,,1.0,1.0,1.0,0,,0,
KO-FIN-03943,포트폴리오 인슈어런스와 관련된 투자 정보를 확인하고 싶습니다.,ผมต้องการตรวจสอบข้อมูลการลงทุนที่เกี่ยวข้องกับ ประกันพอร์ตโฟลิโอ,포트폴리오 인슈어런스,포트폴리오 인슈어런스,True,자산운용·투자,,1.0,1.0,1.0,0,,0,
KO-FIN-03947,폭포효과 거래에는 어떤 위험이 있나요?,ความเสี่ยงที่เกี่ยวข้องกับการซื้อขาย ผลลูกโซ่ มีอะไรบ้าง?,폭포효과,폭포효과,True,파생상품,,1.0,1.0,1.0,0,,40,폭포효과
KO-FIN-03949,표면이율이 무엇인지 설명해 주세요.,โปรดอธิบายว่า อัตราการเคลื่อนที่บนพื้นผิว คืออะไร,표면이율,표면이율,True,채권,,1.0,1.0,1.0,0,,0,
KO-FIN-03955,풀서비스 브로커와 관련해 투자 전에 확인해야 할 사항이 있나요?,มีข้อใดบ้างที่ควรตรวจสอบก่อนที่จะลงทุนใน บริษัทนายหน้าให้บริการครบวงจร?,풀서비스 브로커,풀서비스 브로커,True,주식,,1.0,1.0,1.0,0,,40,풀서비스 브로커
KO-FIN-03957,풋 옵션이 무엇인지 쉽게 설명해 주세요.,โปรดอธิบายด้วยคำง่ายๆ ว่า สัญญาขาย คืออะไร,풋 옵션,풋 옵션,True,파생상품,법률·계약,1.0,1.0,1.0,0,,40,풋 옵션
KO-FIN-03963,풋-콜 패리티와 관련된 투자 정보를 확인하고 싶습니다.,ผมต้องการตรวจสอบข้อมูลการลงทุนที่เกี่ยวข้องกับ ความสมดุลระหว่างราคาพุทและคอล,풋-콜 패리티,풋-콜 패리티,True,자산운용·투자,,1.0,1.0,1.0,0,,40,풋-콜 패리티
KO-FIN-03966,프로그램매매와 관련된 시장 정보를 확인하고 싶습니다.,ผมต้องการตรวจสอบข้อมูลตลาดที่เกี่ยวข้องกับ การซื้อขายด้วยอัลกอริทึม,프로그램매매,프로그램매매,True,금융시장·거래,자산운용·투자,1.0,1.0,1.0,0,,40,프로그램매매
KO-FIN-03970,플라워본드의 조건과 수익 구조를 확인하고 싶습니다.,ผมต้องการตรวจสอบเงื่อนไขและโครงสร้างรายได้ของ Flowerbond,플라워본드,플라워본드,True,채권,,1.0,1.0,1.0,0,,0,
KO-FIN-03974,플로어 브로커와 관련된 시장 정보를 확인하고 싶습니다.,ผมต้องการตรวจสอบข้อมูลตลาดที่เกี่ยวข้องกับ ผู้กลางการซื้อขายในตลาดเปิด,플로어 브로커,플로어 브로커,True,금융시장·거래,지급결제·청산,1.0,1.0,1.0,0,,40,플로어 브로커
KO-FIN-03977,필터기법이 무엇인지 설명해 주세요.,โปรดอธิบายว่า เทคนิคการกรอง คืออะไร,필터기법,필터기법,True,주식,,1.0,1.0,1.0,0,,0,
KO-FIN-03982,핑크 쉬트와 관련된 시장 정보를 확인하고 싶습니다.,ผมต้องการตรวจสอบข้อมูลตลาดที่เกี่ยวข้องกับ Pink Sheet,핑크 쉬트,핑크 쉬트,True,금융시장·거래,,1.0,1.0,1.0,0,,0,
KO-FIN-03988,한국선물거래소를 확인할 때 시장 상황과 거래 조건을 함께 살펴보세요.,เมื่อพิจารณา ตลาดสัญญาซื้อขายล่วงหน้าเกาหลี ให้แน่ใจว่าได้พิจารณาทั้งสภาพตลาดและเงื่อนไขการซื้อขาย,한국선물거래소,한국선물거래소,True,금융시장·거래,파생상품,1.0,1.0,1.0,0,,40,한국선물거래소
KO-FIN-03991,한국선물협회 거래에는 어떤 위험이 있나요?,ความเสี่ยงที่เกี่ยวข้องกับการซื้อขาย สมาคมสัญญาซื้อขายล่วงหน้าเกาหลี มีอะไรบ้าง?,한국선물협회,한국선물협회,True,파생상품,금융시장·거래,1.0,1.0,1.0,0,,0,
KO-FIN-03994,한국예탁증서 처리 절차를 확인하고 싶습니다.,ผมต้องการตรวจสอบขั้นตอนการดำเนินการสำหรับ ใบรับฝากหลักทรัพย์เกาหลี,한국예탁증서,한국예탁증서,True,증권·예탁,금융시장·거래,1.0,1.0,1.0,0,,0,
KO-FIN-03998,한국자금중개주식회사와 관련된 정보를 확인하고 싶습니다.,"ผมต้องการตรวจสอบข้อมูลที่เกี่ยวข้องกับ บริษัท Korea Financial Intermediary Co., Ltd.",한국자금중개주식회사,한국자금중개주식회사,True,주식,해외송금·외환 / 금융시장·거래,1.0,1.0,1.0,0,,0,
KO-FIN-04002,한국주택저당금융주식회사와 관련된 정보를 확인하고 싶습니다.,ผมต้องการตรวจสอบข้อมูลที่เกี่ยวข้องกับ บริษัทการเงินสินเชื่อที่อยู่อาศัยเกาหลี,한국주택저당금융주식회사,한국주택저당금융주식회사,True,주식,부동산금융 / 자산운용·투자 / 금융기관·은행,1.0,1.0,1.0,0,,0,
KO-FIN-04006,한국증권금융주식회사 처리 절차를 확인하고 싶습니다.,ผมต้องการตรวจสอบขั้นตอนการดำเนินการสำหรับ บริษัทการเงินหลักทรัพย์เกาหลี,한국증권금융주식회사,한국증권금융주식회사,True,증권·예탁,금융시장·거래 / 주식 / 대출,1.0,1.0,1.0,0,,0,
KO-FIN-04010,한국증권대체결제주식회사 처리 절차를 확인하고 싶습니다.,"ผมต้องการตรวจสอบขั้นตอนการดำเนินการสำหรับ บริษัท Korea Securities Alternative Settlement Co., Ltd.",한국증권대체결제주식회사,한국증권대체결제주식회사,True,증권·예탁,주식 / 지급결제·청산 / 금융시장·거래,1.0,1.0,1.0,0,,0,
KO-FIN-04014,한국증권업협회 처리 절차를 확인하고 싶습니다.,ผมต้องการตรวจสอบขั้นตอนการดำเนินการสำหรับ สมาคมหลักทรัพย์เกาหลี,한국증권업협회,한국증권업협회,True,증권·예탁,금융시장·거래,1.0,1.0,1.0,0,,0,
KO-FIN-04017,한국증권연구원이 무엇인지 설명해 주세요.,กรุณาอธิบายว่า สถาบันวิจัยหลักทรัพย์เกาหลี คืออะไร,한국증권연구원,한국증권연구원,True,증권·예탁,,1.0,1.0,1.0,0,,0,
KO-FIN-04022,한국증권전산주식회사 처리 절차를 확인하고 싶습니다.,"ผมต้องการตรวจสอบขั้นตอนการดำเนินการสำหรับ บริษัท Korea Securities Information Systems Co., Ltd.",한국증권전산주식회사,한국증권전산주식회사,True,증권·예탁,주식 / 금융시장·거래,1.0,1.0,1.0,0,,20,한국증권전산주식회사
KO-FIN-04026,할인발행을 이용하려면 어떤 조건이 필요한가요?,เงื่อนไขในการใช้ ฉบับลดราคา คืออะไร?,할인발행,할인발행,True,기업금융·자본조달,채권,1.0,1.0,1.0,0,,20,할인발행
KO-FIN-04027,할인발행과 관련된 비용과 절차를 확인하고 싶습니다.,ผมต้องการตรวจสอบค่าใช้จ่ายและขั้นตอนที่เกี่ยวข้องกับ ฉบับลดราคา,할인발행,할인발행,True,기업금융·자본조달,채권,1.0,1.0,1.0,0,,20,할인발행
KO-FIN-04030,할인상사에서 이용할 수 있는 금융업무는 무엇인가요?,ร้านขายปลีกราคาถูก มีบริการทางการเงินใดบ้าง?,할인상사,할인상사,True,금융기관·은행,,1.0,1.0,1.0,0,,40,할인상사
KO-FIN-04034,할인율에서 이용할 수 있는 금융업무는 무엇인가요?,อัตราส่วนลด มีบริการทางการเงินใดบ้าง?,할인율,할인율,True,금융기관·은행,,1.0,1.0,1.0,0,,20,할인율
KO-FIN-04038,할인채의 조건과 수익 구조를 확인하고 싶습니다.,ผมต้องการตรวจสอบเงื่อนไขและโครงสร้างรายได้ของ พันธบัตรลดราคา,할인채,할인채,True,채권,,1.0,1.0,1.0,0,,0,
KO-FIN-04042,합병교부금을 이용하려면 어떤 조건이 필요한가요?,เงื่อนไขในการใช้ เงินสนับสนุนการควบรวมกิจการ คืออะไร?,합병교부금,합병교부금,True,기업금융·자본조달,주식,1.0,1.0,1.0,0,,20,합병교부금
KO-FIN-04043,합병교부금과 관련된 비용과 절차를 확인하고 싶습니다.,ผมต้องการตรวจสอบค่าใช้จ่ายและขั้นตอนที่เกี่ยวข้องกับ เงินสนับสนุนการควบรวมกิจการ,합병교부금,합병교부금,True,기업금융·자본조달,주식,1.0,1.0,1.0,0,,20,합병교부금
KO-FIN-04046,합병기일을 이용하려면 어떤 조건이 필요한가요?,เงื่อนไขในการใช้ วันที่รวมกิจการ คืออะไร?,합병기일,합병기일,True,기업금융·자본조달,주식,1.0,1.0,1.0,0,,0,
KO-FIN-04047,합병기일과 관련된 비용과 절차를 확인하고 싶습니다.,ผมต้องการตรวจสอบค่าใช้จ่ายและขั้นตอนที่เกี่ยวข้องกับ วันที่รวมกิจการ,합병기일,합병기일,True,기업금융·자본조달,주식,1.0,1.0,1.0,0,,0,
KO-FIN-04050,합병비율을 이용하려면 어떤 조건이 필요한가요?,เงื่อนไขในการใช้ อัตราส่วนการควบรวม คืออะไร?,합병비율,합병비율,True,기업금융·자본조달,주식,1.0,1.0,1.0,0,,40,합병비율
KO-FIN-04051,합병비율과 관련된 비용과 절차를 확인하고 싶습니다.,ผมต้องการตรวจสอบค่าใช้จ่ายและขั้นตอนที่เกี่ยวข้องกับ อัตราส่วนการควบรวม,합병비율,합병비율,True,기업금융·자본조달,주식,1.0,1.0,1.0,0,,40,합병비율
KO-FIN-04054,합병차익을 이용하려면 어떤 조건이 필요한가요?,เงื่อนไขในการใช้ กำไรจากการควบรวมกิจการ คืออะไร?,합병차익,합병차익,True,기업금융·자본조달,,1.0,1.0,1.0,0,,0,
KO-FIN-04055,합병차익과 관련된 비용과 절차를 확인하고 싶습니다.,ผมต้องการตรวจสอบค่าใช้จ่ายและขั้นตอนที่เกี่ยวข้องกับ กำไรจากการควบรวมกิจการ,합병차익,합병차익,True,기업금융·자본조달,,1.0,1.0,1.0,0,,0,
KO-FIN-04058,합산주주와 관련된 정보를 확인하고 싶습니다.,ผมต้องการตรวจสอบข้อมูลที่เกี่ยวข้องกับ ผู้ถือหุ้นรวม,합산주주,합산주주,True,주식,,1.0,1.0,1.0,0,,0,
KO-FIN-04064,합유의 정확한 의미는 해당 금융거래의 맥락과 함께 확인해야 합니다.,ความหมายที่แน่ชัดของ ผสม ต้องถูกกำหนดในบริบทของธุรกรรมทางการเงินที่เกี่ยวข้อง,합유,합유,True,기타 금융일반,,1.0,1.0,1.0,0,,70,합유
KO-FIN-04065,핫머니에 대해 자세히 알려주세요.,โปรดบอกฉันเพิ่มเติมเกี่ยวกับ เงินร้อน ได้ไหมครับ,핫머니,핫머니,True,해외송금·외환,,1.0,1.0,1.0,0,,40,핫머니
KO-FIN-04070,항상성장모형은 금융상품을 분석할 때 어떻게 사용되나요?,แบบจำลองการเติบโตอย่างต่อเนื่อง ถูกใช้อย่างไรในการวิเคราะห์ผลิตภัณฑ์ทางการเงิน?,항상성장모형,항상성장모형,True,금융공학·분석,주식 / 자산운용·투자,1.0,1.0,1.0,0,,20,항상성장모형
KO-FIN-04072,항상성장모형의 결과는 사용한 가정과 시장 데이터에 따라 달라질 수 있습니다.,ผลลัพธ์ของ แบบจำลองการเติบโตอย่างต่อเนื่อง อาจแตกต่างกันไปขึ้นอยู่กับสมมติฐานและข้อมูลตลาดที่ใช้,항상성장모형,항상성장모형,True,금융공학·분석,주식 / 자산운용·투자,1.0,1.0,1.0,0,,20,항상성장모형
KO-FIN-04073,해외증권 관련주식이 무엇인지 설명해 주세요.,กรุณาอธิบายว่า หุ้นที่เกี่ยวข้องกับหลักทรัพย์ต่างประเทศ คืออะไร,해외증권 관련주식,해외증권 관련주식,True,증권·예탁,주식,1.0,1.0,1.0,0,,0,
KO-FIN-04077,해외증권이 무엇인지 설명해 주세요.,กรุณาอธิบายว่า หลักทรัพย์ต่างประเทศ คืออะไร,해외증권,해외증권,True,증권·예탁,,1.0,1.0,1.0,0,,0,
KO-FIN-04083,헤지펀드에 가입하기 전에 어떤 점을 확인해야 하나요?,ควรตรวจสอบอะไรก่อนสมัคร กองทุนเฮดจ์?,헤지펀드,헤지펀드,True,펀드·신탁,파생상품,1.0,1.0,1.0,0,,0,
KO-FIN-04085,헤징이 무엇을 의미하나요?,การป้องกันความเสี่ยง หมายความว่าอะไร?,헤징,헤징,True,금융시장·거래,,1.0,1.0,1.0,0,,70,헤징
KO-FIN-04091,현금관리계좌 과정에서 문제가 발생한 것 같습니다.,ดูเหมือนว่าเกิดปัญหาขึ้นระหว่างกระบวนการ บัญชีบริหารเงินสด,현금관리계좌,현금관리계좌,True,지급결제·청산,,1.0,1.0,1.0,0,,0,
KO-FIN-04094,현물채의 조건과 수익 구조를 확인하고 싶습니다.,ผมต้องการตรวจสอบเงื่อนไขและโครงสร้างรายได้ของ พันธบัตรสปอต,현물채,현물채,True,채권,,1.0,1.0,1.0,0,,40,현물채
KO-FIN-04098,현물출자와 관련된 정보를 확인하고 싶습니다.,ผมต้องการตรวจสอบข้อมูลที่เกี่ยวข้องกับ การบริจาคด้วยสิ่งของ,현물출자,현물출자,True,주식,,1.0,1.0,1.0,0,,50,현물출자
KO-FIN-04101,현물환거래에 대해 자세히 알려주세요.,โปรดบอกฉันเพิ่มเติมเกี่ยวกับ ธุรกรรมแลกเปลี่ยนเงินตราต่างประเทศแบบสปอต ครับ,현물환거래,현물환거래,True,해외송금·외환,금융시장·거래,1.0,1.0,1.0,0,,20,현물환거래
KO-FIN-04106,현선매매와 관련된 시장 정보를 확인하고 싶습니다.,ผมต้องการตรวจสอบข้อมูลตลาดที่เกี่ยวข้องกับ การซื้อขายแบบสปอต,현선매매,현선매매,True,금융시장·거래,증권·예탁,1.0,1.0,1.0,0,,40,현선매매
KO-FIN-04109,현지대리인이 금융거래에서 무엇을 의미하나요?,ตัวแทนท้องถิ่น หมายถึงอะไรในธุรกรรมทางการเงินนี้?,현지대리인,현지대리인,True,법률·계약,증권·예탁,1.0,1.0,1.0,0,,20,현지대리인
KO-FIN-04113,현지보관기관이 무엇인지 설명해 주세요.,กรุณาอธิบายว่า สถาบันรับฝากเงินท้องถิ่น คืออะไร,현지보관기관,현지보관기관,True,증권·예탁,자산운용·투자,1.0,1.0,1.0,0,,50,현지보관기관
KO-FIN-04117,호가구동시장이 무엇을 의미하나요?,ตลาดฮอกากู-ดง หมายความว่าอะไร?,호가구동시장,호가구동시장,True,금융시장·거래,,1.0,1.0,1.0,0,,0,
KO-FIN-04121,호가전예납이 무엇을 의미하나요?,เงินมัดจำสำหรับงานเลี้ยง หมายความว่าอะไร?,호가전예납,호가전예납,True,금융시장·거래,,1.0,1.0,1.0,0,,40,호가전예납
KO-FIN-04125,혼합보관이 무엇인지 설명해 주세요.,โปรดอธิบายว่า พื้นที่เก็บของแบบผสม คืออะไร,혼합보관,혼합보관,True,증권·예탁,,1.0,1.0,1.0,0,,40,혼합보관
KO-FIN-04131,혼합주와 관련해 투자 전에 확인해야 할 사항이 있나요?,มีข้อใดบ้างที่ควรตรวจสอบก่อนที่จะลงทุนใน เครื่องดื่มผสมแอลกอฮอล์?,혼합주,혼합주,True,주식,,1.0,1.0,1.0,0,,20,혼합주
KO-FIN-04133,확정금리부증권이 무엇인지 설명해 주세요.,โปรดอธิบายว่า หลักทรัพย์อัตราดอกเบี้ยคงที่ คืออะไร,확정금리부증권,확정금리부증권,True,증권·예탁,,1.0,1.0,1.0,0,,0,
KO-FIN-04137,환 포지션에 대해 자세히 알려주세요.,โปรดบอกฉันเพิ่มเติมเกี่ยวกับ ตำแหน่งของฮวาน ครับ/ค่ะ,환 포지션,환 포지션,True,해외송금·외환,,1.0,1.0,1.0,0,,40,환 포지션
KO-FIN-04138,환 포지션을 확인하고 싶습니다.,ผมต้องการตรวจสอบ ตำแหน่งของฮวาน,환 포지션,환 포지션,True,해외송금·외환,,1.0,1.0,1.0,0,,40,환 포지션
KO-FIN-04141,환노출에 대해 자세히 알려주세요.,โปรดบอกฉันเพิ่มเติมเกี่ยวกับ การสัมผัสกับควัน ได้ไหมครับ,환노출,환노출,True,해외송금·외환,,1.0,1.0,1.0,0,,50,환노출
KO-FIN-04142,환노출을 확인하고 싶습니다.,ผมต้องการตรวจสอบ การสัมผัสกับควัน,환노출,환노출,True,해외송금·외환,,1.0,1.0,1.0,0,,50,환노출
KO-FIN-04145,환리스크에 대해 자세히 알려주세요.,โปรดบอกฉันเพิ่มเติมเกี่ยวกับ ความเสี่ยงด้านอัตราแลกเปลี่ยน ครับ/ค่ะ,환리스크,환리스크,True,해외송금·외환,신용·리스크,1.0,1.0,1.0,0,,40,환리스크
KO-FIN-04149,환어음이 무엇인지 설명해 주세요.,กรุณาอธิบายว่า ตั๋วแลกเงิน คืออะไร,환어음,환어음,True,지급결제·청산,,1.0,1.0,1.0,0,,40,환어음
KO-FIN-04153,환취권이 무엇인지 설명해 주세요.,กรุณาอธิบายว่า สิทธิในการไถ่ถอน คืออะไร,환취권,환취권,True,증권·예탁,법률·계약,1.0,1.0,1.0,0,,20,환취권
KO-FIN-04157,회사분할이 금융거래에 어떻게 적용되나요?,การแยกบริษัท มีผลต่อธุรกรรมทางการเงินนี้อย่างไร?,회사분할,회사분할,True,금융법규·감독,,1.0,1.0,1.0,0,,0,
KO-FIN-04159,회사분할 때문에 추가로 확인해야 할 사항이 있나요?,มีข้อใดเพิ่มเติมที่จำเป็นต้องตรวจสอบเนื่องจาก การแยกบริษัท หรือไม่?,회사분할,회사분할,True,금융법규·감독,,1.0,1.0,1.0,0,,0,
KO-FIN-04161,회사정리법이 무엇인지 설명해 주세요.,โปรดอธิบายว่า พระราชบัญญัติการจัดโครงสร้างใหม่ของบริษัท คืออะไร,회사정리법,회사정리법,True,주식,,1.0,1.0,1.0,0,,20,회사정리법
KO-FIN-04166,회사채의 조건과 수익 구조를 확인하고 싶습니다.,ผมต้องการตรวจสอบเงื่อนไขและโครงสร้างรายได้ของ พันธบัตรบริษัท,회사채,회사채,True,채권,,1.0,1.0,1.0,0,,0,
KO-FIN-04171,회사형 투자신탁에 가입하기 전에 어떤 점을 확인해야 하나요?,ควรตรวจสอบอะไรก่อนสมัคร กองทุนลงทุนของบริษัท?,회사형 투자신탁,회사형 투자신탁,True,펀드·신탁,자산운용·투자,1.0,1.0,1.0,0,,0,
KO-FIN-04174,회원증권회사 처리 절차를 확인하고 싶습니다.,ผมต้องการตรวจสอบขั้นตอนการดำเนินการสำหรับ บริษัทหลักทรัพย์สมาชิก,회원증권회사,회원증권회사,True,증권·예탁,금융시장·거래,1.0,1.0,1.0,0,,20,회원증권회사
KO-FIN-04179,후배주와 관련해 투자 전에 확인해야 할 사항이 있나요?,มีข้อใดบ้างที่ฉันควรตรวจสอบก่อนที่จะลงทุนใน หุ้น Junior?,후배주,후배주,True,주식,,1.0,1.0,1.0,0,,40,후배주
KO-FIN-04182,후순위채의 조건과 수익 구조를 확인하고 싶습니다.,ผมต้องการตรวจสอบเงื่อนไขและโครงสร้างรายได้ของ พันธบัตรชั้นรอง,후순위채,후순위채,True,채권,,1.0,1.0,1.0,0,,40,후순위채
KO-FIN-04185,ABMF이 무엇인지 설명해 주세요.,กรุณาอธิบายว่า ABMF คืออะไร,ABMF,ABMF,True,채권,,1.0,1.0,1.0,0,,0,
KO-FIN-04189,ABMI이 무엇인지 설명해 주세요.,กรุณาอธิบายว่า ABMI คืออะไร,ABMI,ABMI,True,채권,,1.0,1.0,1.0,0,,0,
KO-FIN-04193,ACG이 무엇인지 설명해 주세요.,โปรดอธิบายว่า ACG คืออะไร,ACG,ACG,True,증권·예탁,,1.0,1.0,1.0,0,,0,
KO-FIN-04197,AECSD이 무엇인지 설명해 주세요.,โปรดอธิบายว่า AECSD คืออะไร,AECSD,AECSD,True,증권·예탁,,1.0,1.0,1.0,0,,0,
KO-FIN-04201,Affirmation이 무엇을 의미하나요?,คำยืนยัน หมายความว่าอะไร?,Affirmation,Affirmation,True,금융시장·거래,,1.0,1.0,1.0,0,,50,Affirmation
KO-FIN-04206,ANNA은 어떤 금융 상황에서 사용되나요?,ANNA ถูกใช้ในสถานการณ์ทางการเงินใดบ้าง?,ANNA,ANNA,True,기타 금융일반,,1.0,1.0,1.0,0,,60,ANNA
KO-FIN-04208,ANNA의 정확한 의미는 해당 금융거래의 맥락과 함께 확인해야 합니다.,ความหมายที่แม่นยำของ ANNA ต้องถูกกำหนดในบริบทของธุรกรรมทางการเงินที่เกี่ยวข้อง,ANNA,ANNA,True,기타 금융일반,,1.0,1.0,1.0,0,,60,ANNA
KO-FIN-04213,ASIFMA이 무엇을 의미하나요?,ASIFMA หมายความว่าอะไร?,ASIFMA,ASIFMA,True,금융시장·거래,,1.0,1.0,1.0,0,,40,ASIFMA
KO-FIN-04221,ATS이 무엇을 의미하나요?,ATS หมายความว่าอะไร?,ATS,ATS,True,금융시장·거래,,1.0,1.0,1.0,0,,0,
KO-FIN-04225,AUSTRACLEAR이 무엇인지 설명해 주세요.,กรุณาอธิบายว่า AUSTRACLEAR คืออะไร,AUSTRACLEAR,AUSTRACLEAR,True,지급결제·청산,금융시장·거래,1.0,1.0,1.0,0,,40,AUSTRACLEAR
KO-FIN-04229,BA이 무엇을 의미하나요?,BA หมายความว่าอะไร?,BA,BA,True,금융시장·거래,,1.0,1.0,1.0,0,,0,
KO-FIN-04233,Bachmann Report이 무엇인지 설명해 주세요.,โปรดอธิบายว่า รายงานบาคแมนน์ คืออะไร,Bachmann Report,Bachmann Report,True,지급결제·청산,증권·예탁,1.0,1.0,1.0,0,,40,Bachmann Report
KO-FIN-04237,back office이 무엇을 의미하나요?,ฝ่ายสนับสนุน หมายความว่าอะไร?,back office,back office,True,금융시장·거래,증권·예탁,1.0,1.0,1.0,0,,50,back office
KO-FIN-04243,최근 backwardation의 변화를 확인하고 싶습니다.,ผมต้องการตรวจสอบการเปลี่ยนแปลงล่าสุดของ ภาวะราคาล่วงหน้าต่ำกว่าราคาตลาดปัจจุบัน,backwardation,backwardation,True,경제·거시금융,,1.0,1.0,1.0,0,,40,backwardation
KO-FIN-04244,backwardation은 다른 경제지표와 함께 해석하는 것이 좋습니다.,ควรวิเคราะห์ ภาวะราคาล่วงหน้าต่ำกว่าราคาตลาดปัจจุบัน ร่วมกับตัวชี้วัดทางเศรษฐกิจอื่น ๆ,backwardation,backwardation,True,경제·거시금융,,1.0,1.0,1.0,0,,40,backwardation
KO-FIN-04245,bad delivery이 무엇인지 설명해 주세요.,กรุณาอธิบายว่า การส่งสินค้าผิด คืออะไร,bad delivery,bad delivery,True,증권·예탁,,1.0,1.0,1.0,0,,40,bad delivery
KO-FIN-04252,bancassurance과 관련된 세부 업무는 해당 기관의 안내를 확인해 주세요.,โปรดอ้างอิงคู่มือขององค์กรที่เกี่ยวข้องเพื่อทราบรายละเอียดเกี่ยวกับ บริการธนาคารและประกันชีวิต,bancassurance,bancassurance,True,금융기관·은행,,1.0,1.0,1.0,0,,40,bancassurance
KO-FIN-04253,BBS이 무엇을 의미하나요?,BBS หมายความว่าอะไร?,BBS,BBS,True,금융시장·거래,,1.0,1.0,1.0,0,,0,
KO-FIN-04257,bear hug이 무엇인지 설명해 주세요.,โปรดอธิบายว่า กอดแน่น คืออะไร,bear hug,bear hug,True,주식,,1.0,1.0,1.0,0,,40,bear hug
KO-FIN-04261,bear raid이 무엇인지 설명해 주세요.,กรุณาอธิบายว่า การโจมตีของหมี คืออะไร,bear raid,bear raid,True,주식,금융시장·거래,1.0,1.0,1.0,0,,40,bear raid
KO-FIN-04266,BIC에서 이용할 수 있는 금융업무는 무엇인가요?,BIC มีบริการทางการเงินใดบ้าง?,BIC,BIC,True,금융기관·은행,,1.0,1.0,1.0,0,,0,
KO-FIN-04269,black monday이 무엇을 의미하나요?,วันจันทร์ดำ หมายความว่าอะไร?,black monday,black monday,True,금융시장·거래,주식,1.0,1.0,1.0,0,,40,black monday
KO-FIN-04273,blanket fidelity bond이 무엇인지 설명해 주세요.,โปรดอธิบายว่า สัญญาประกันความซื่อสัตย์แบบครอบคลุม คืออะไร,blanket fidelity bond,blanket fidelity bond,True,증권·예탁,,1.0,1.0,1.0,0,,40,blanket fidelity bond
KO-FIN-04277,BLUE SKY LAW이 무엇인지 설명해 주세요.,กรุณาอธิบายว่า บลู สกาย ลอว์ คืออะไร,BLUE SKY LAW,BLUE SKY LAW,True,증권·예탁,,1.0,1.0,1.0,0,,40,BLUE SKY LAW
KO-FIN-04284,BOK-WIRE과 관련된 세부 업무는 해당 기관의 안내를 확인해 주세요.,โปรดอ้างอิงจากคู่มือขององค์กรที่เกี่ยวข้องเพื่อทราบรายละเอียดเกี่ยวกับ BOK-WIRE,BOK-WIRE,BOK-WIRE,True,금융기관·은행,,1.0,1.0,1.0,0,,0,
KO-FIN-04285,bond power이 무엇인지 설명해 주세요.,กรุณาอธิบายว่า พลังพันธบัตร คืออะไร,bond power,bond power,True,채권,,1.0,1.0,1.0,0,,40,bond power
KO-FIN-04289,book entry only이 무엇인지 설명해 주세요.,กรุณาอธิบายว่า บันทึกในสมุดบัญชีเท่านั้น คืออะไร,book entry only,book entry only,True,증권·예탁,,1.0,1.0,1.0,0,,40,book entry only
KO-FIN-04293,buy/sell-back이 무엇인지 설명해 주세요.,กรุณาอธิบายว่า ซื้อ/ขายคืน คืออะไร,buy/sell-back,buy/sell-back,True,증권·예탁,,1.0,1.0,1.0,0,,40,buy/sell-back
KO-FIN-04300,CAMEL과 관련된 세부 업무는 해당 기관의 안내를 확인해 주세요.,โปรดอ้างอิงตามคำแนะนำจากองค์กรที่เกี่ยวข้องเพื่อทราบรายละเอียดเฉพาะเกี่ยวกับ CAMEL,CAMEL,CAMEL,True,금융기관·은행,,1.0,1.0,1.0,0,,40,CAMEL
KO-FIN-04301,cargo project이 무엇인지 설명해 주세요.,กรุณาอธิบายว่า โครงการขนส่งสินค้า คืออะไร,cargo project,cargo project,True,증권·예탁,주식,1.0,1.0,1.0,0,,40,cargo project
KO-FIN-04305,cashless society은 어떻게 이용하나요?,ใช้ สังคมไร้เงินสด อย่างไร?,cashless society,cashless society,True,카드·전자금융,,1.0,1.0,1.0,0,,40,cashless society
KO-FIN-04308,cashless society 이용 시 개인정보와 인증정보를 안전하게 관리해 주세요.,โปรดตรวจสอบให้แน่ใจว่าข้อมูลส่วนตัวและข้อมูลการเข้าสู่ระบบของคุณได้รับการรักษาความปลอดภัยอย่างเหมาะสมเมื่อใช้ สังคมไร้เงินสด,cashless society,cashless society,True,카드·전자금융,,1.0,1.0,1.0,0,,40,cashless society
KO-FIN-04309,CBF이 무엇인지 설명해 주세요.,กรุณาอธิบายว่า CBF คืออะไร,CBF,CBF,True,증권·예탁,,1.0,1.0,1.0,0,,0,
KO-FIN-04313,CBL이 무엇인지 설명해 주세요.,กรุณาอธิบายว่า CBL คืออะไร,CBL,CBL,True,증권·예탁,,1.0,1.0,1.0,0,,0,
KO-FIN-04317,CCASS이 무엇인지 설명해 주세요.,โปรดอธิบายว่า CCASS คืออะไร,CCASS,CCASS,True,지급결제·청산,,1.0,1.0,1.0,0,,0,
KO-FIN-04325,CDS이 무엇인지 쉽게 설명해 주세요.,โปรดอธิบายด้วยคำง่ายๆ ว่า CDS คืออะไร,CDS,CDS,True,파생상품,,1.0,1.0,1.0,0,,20,CDS
KO-FIN-04329,CEDEL이 무엇인지 설명해 주세요.,โปรดอธิบายว่า CEDEL คืออะไร,CEDEL,CEDEL,True,증권·예탁,금융시장·거래,1.0,1.0,1.0,0,,0,
KO-FIN-04333,CFA이 무엇인지 설명해 주세요.,โปรดอธิบายว่า CFA คืออะไร,CFA,CFA,True,증권·예탁,,1.0,1.0,1.0,0,,0,
KO-FIN-04337,CFI이 무엇인지 설명해 주세요.,กรุณาอธิบายว่า CFI คืออะไร,CFI,CFI,True,증권·예탁,,1.0,1.0,1.0,0,,0,
KO-FIN-04342,CFO을 통해 어떤 정보를 확인할 수 있나요?,ฉันสามารถค้นหาข้อมูลอะไรได้ผ่าน CFO?,CFO,CFO,True,회계·재무,,1.0,1.0,1.0,0,,0,
KO-FIN-04344,CFO은 기준 시점과 작성 기준을 함께 확인해야 합니다.,สำหรับ CFO ต้องตรวจสอบทั้งวันที่อ้างอิงและหลักการจัดทำ,CFO,CFO,True,회계·재무,,1.0,1.0,1.0,0,,0,
KO-FIN-04347,CGIF과 관련된 투자 정보를 확인하고 싶습니다.,ผมต้องการตรวจสอบข้อมูลการลงทุนที่เกี่ยวข้องกับ CGIF,CGIF,CGIF,True,자산운용·투자,,1.0,1.0,1.0,0,,0,
KO-FIN-04349,CGO이 무엇인지 설명해 주세요.,กรุณาอธิบายว่า CGO คืออะไร,CGO,CGO,True,증권·예탁,,1.0,1.0,1.0,0,,0,
KO-FIN-04353,CHAPS이 무엇을 의미하나요?,CHAPS หมายความว่าอะไร?,CHAPS,CHAPS,True,금융시장·거래,,1.0,1.0,1.0,0,,0,
KO-FIN-04357,checking이 무엇을 의미하나요?,ตรวจสอบ หมายความว่าอะไร?,checking,checking,True,금융시장·거래,,1.0,1.0,1.0,0,,40,checking
KO-FIN-04361,checkless society이 무엇을 의미하나요?,สังคมไร้เงินสด หมายความว่าอะไร?,checkless society,checkless society,True,금융시장·거래,,1.0,1.0,1.0,0,,40,checkless society
KO-FIN-04365,CHESS이 무엇인지 설명해 주세요.,โปรดอธิบายว่า หมากรุก คืออะไร,CHESS,CHESS,True,지급결제·청산,,1.0,1.0,1.0,0,,40,CHESS
KO-FIN-04370,CHIPS을 이용하려면 어떻게 해야 하나요?,ใช้ CHIPS อย่างไร?,CHIPS,CHIPS,True,이체,지급결제·청산,1.0,1.0,1.0,0,,50,CHIPS
KO-FIN-04372,CHIPS을 진행하기 전에 입력한 정보를 다시 확인해 주세요.,โปรดตรวจสอบข้อมูลที่คุณได้กรอกไว้อีกครั้งก่อนที่จะดำเนินการต่อกับ CHIPS,CHIPS,CHIPS,True,이체,지급결제·청산,1.0,1.0,1.0,0,,50,CHIPS
KO-FIN-04373,CIK이 무엇인지 설명해 주세요.,โปรดอธิบายว่า CIK คืออะไร,CIK,CIK,True,증권·예탁,금융시장·거래 / 자산운용·투자,1.0,1.0,1.0,0,,0,
KO-FIN-04377,CMA이 무엇인지 설명해 주세요.,โปรดอธิบายว่า CMA คืออะไร,CMA,CMA,True,증권·예탁,펀드·신탁 / 자산운용·투자,1.0,1.0,1.0,0,,0,
KO-FIN-04381,CMI에 대해 자세히 알려주세요.,โปรดบอกฉันเพิ่มเติมเกี่ยวกับ CMI ครับ/ค่ะ,CMI,CMI,True,해외송금·외환,,1.0,1.0,1.0,0,,0,
KO-FIN-04382,CMI을 확인하고 싶습니다.,ผมต้องการตรวจสอบ CMI,CMI,CMI,True,해외송금·외환,,1.0,1.0,1.0,0,,0,
KO-FIN-04385,CMO이 무엇인지 설명해 주세요.,กรุณาอธิบายว่า CMO คืออะไร,CMO,CMO,True,증권·예탁,,1.0,1.0,1.0,0,,0,
KO-FIN-04392,commodity financing은 심사 결과에 따라 이용 가능 여부가 달라질 수 있습니다.,การมี การจัดหาเงินทุนสำหรับสินค้าโภคภัณฑ์ อาจแตกต่างกันไปขึ้นอยู่กับผลการประเมิน,commodity financing,commodity financing,True,대출,,1.0,1.0,1.0,0,,40,commodity financing
KO-FIN-04393,concentration limit이 무엇인지 설명해 주세요.,โปรดอธิบายว่า ค่าขีดจำกัดความเข้มข้น คืออะไร,concentration limit,concentration limit,True,증권·예탁,,1.0,1.0,1.0,0,,40,concentration limit
KO-FIN-04397,confirmation이 무엇을 의미하나요?,การยืนยัน หมายความว่าอะไร?,confirmation,confirmation,True,금융시장·거래,,1.0,1.0,1.0,0,,50,confirmation
KO-FIN-04402,conglomerate을 이용하려면 어떤 조건이 필요한가요?,เงื่อนไขในการใช้ กลุ่มบริษัท คืออะไร?,conglomerate,conglomerate,True,기업금융·자본조달,,1.0,1.0,1.0,0,,40,conglomerate
KO-FIN-04403,conglomerate과 관련된 비용과 절차를 확인하고 싶습니다.,ผมต้องการตรวจสอบค่าใช้จ่ายและขั้นตอนที่เกี่ยวข้องกับ กลุ่มบริษัท,conglomerate,conglomerate,True,기업금융·자본조달,,1.0,1.0,1.0,0,,40,conglomerate
KO-FIN-04407,"country risk, sovereign risk과 관련된 투자 정보를 확인하고 싶습니다.","ผมต้องการตรวจสอบข้อมูลการลงทุนที่เกี่ยวข้องกับ ความเสี่ยงของประเทศ, ความเสี่ยงของรัฐบาล","country risk, sovereign risk","country risk, sovereign risk",True,자산운용·투자,,1.0,1.0,1.0,0,,40,"country risk, sovereign risk"
KO-FIN-04409,coupon rate이 무엇인지 설명해 주세요.,โปรดอธิบายว่า อัตราคูปอง คืออะไร,coupon rate,coupon rate,True,채권,,1.0,1.0,1.0,0,,40,coupon rate
KO-FIN-04413,covered warrant이 무엇인지 쉽게 설명해 주세요.,โปรดอธิบายด้วยคำง่ายๆ ว่า ใบสั่งซื้อที่มีหลักประกัน คืออะไร,covered warrant,covered warrant,True,파생상품,,1.0,1.0,1.0,0,,40,covered warrant
KO-FIN-04417,CPSS이 무엇인지 설명해 주세요.,กรุณาอธิบายว่า CPSS คืออะไร,CPSS,CPSS,True,지급결제·청산,,1.0,1.0,1.0,0,,0,
KO-FIN-04421,CREST이 무엇인지 설명해 주세요.,โปรดอธิบายว่า CREST คืออะไร,CREST,CREST,True,증권·예탁,금융시장·거래 / 지급결제·청산 / 채권 / 자산운용·투자,1.0,1.0,1.0,0,,40,CREST
KO-FIN-04425,crossing network이 무엇을 의미하나요?,เครือข่ายการเชื่อมต่อ หมายความว่าอะไร?,crossing network,crossing network,True,금융시장·거래,,1.0,1.0,1.0,0,,50,crossing network
KO-FIN-04431,crown jewel과 관련된 내용을 확인하고 싶습니다.,ผมต้องการตรวจสอบข้อมูลที่เกี่ยวข้องกับ อัญมณีล้ำค่า,crown jewel,crown jewel,True,기타 금융일반,,1.0,1.0,1.0,0,,40,crown jewel
KO-FIN-04432,crown jewel의 정확한 의미는 해당 금융거래의 맥락과 함께 확인해야 합니다.,ความหมายที่แม่นยำของ อัญมณีล้ำค่า ต้องถูกกำหนดในบริบทของธุรกรรมทางการเงินที่เกี่ยวข้อง,crown jewel,crown jewel,True,기타 금융일반,,1.0,1.0,1.0,0,,40,crown jewel
KO-FIN-04433,CSD이 무엇인지 설명해 주세요.,กรุณาอธิบายว่า CSD คืออะไร,CSD,CSD,True,증권·예탁,금융시장·거래,1.0,1.0,1.0,0,,0,
KO-FIN-04437,CUSIP이 무엇인지 설명해 주세요.,กรุณาอธิบายว่า CUSIP คืออะไร,CUSIP,CUSIP,True,증권·예탁,,1.0,1.0,1.0,0,,0,
KO-FIN-04441,D.K.이 무엇을 의미하나요?,D.K. หมายความว่าอะไร?,D.K.,D.K.,True,금융시장·거래,,1.0,1.0,1.0,0,,0,
KO-FIN-04445,day trading이 무엇인지 설명해 주세요.,กรุณาอธิบายว่า การซื้อขายในวันเดียว คืออะไร,day trading,day trading,True,주식,,1.0,1.0,1.0,0,,40,day trading
KO-FIN-04449,DBC이 무엇인지 설명해 주세요.,โปรดอธิบายว่า DBC คืออะไร,DBC,DBC,True,증권·예탁,금융시장·거래,1.0,1.0,1.0,0,,0,
KO-FIN-04453,delivery notice이 무엇인지 설명해 주세요.,โปรดอธิบายว่า แจ้งการส่งสินค้า คืออะไร,delivery notice,delivery notice,True,지급결제·청산,,1.0,1.0,1.0,0,,50,delivery notice
KO-FIN-04460,dollar usance과 관련된 세부 업무는 해당 기관의 안내를 확인해 주세요.,โปรดอ้างอิงคู่มือขององค์กรที่เกี่ยวข้องเพื่อทราบรายละเอียดเกี่ยวกับ เงื่อนไขในสกุลเงินดอลลาร์สหรัฐ,dollar usance,dollar usance,True,금융기관·은행,,1.0,1.0,1.0,0,,40,dollar usance
KO-FIN-04461,DTC이 무엇인지 설명해 주세요.,กรุณาอธิบายว่า DTC คืออะไร,DTC,DTC,True,증권·예탁,지급결제·청산 / 금융시장·거래,1.0,1.0,1.0,0,,0,
KO-FIN-04465,Due bill이 무엇인지 설명해 주세요.,กรุณาอธิบายว่า ใบแจ้งหนี้ คืออะไร,Due bill,Due bill,True,주식,,1.0,1.0,1.0,0,,40,Due bill
KO-FIN-04469,dutch auction이 무엇인지 설명해 주세요.,โปรดอธิบายว่า การประมูลแบบดัตช์ คืออะไร,dutch auction,dutch auction,True,채권,,1.0,1.0,1.0,0,,40,dutch auction
KO-FIN-04473,DVP link이 무엇인지 설명해 주세요.,โปรดอธิบายว่า ลิงก์ DVP คืออะไร,DVP link,DVP link,True,증권·예탁,,1.0,1.0,1.0,0,,0,
KO-FIN-04477,E-TRADE이 무엇인지 설명해 주세요.,โปรดอธิบายว่า E-TRADE คืออะไร,E-TRADE,E-TRADE,True,증권·예탁,,1.0,1.0,1.0,0,,40,E-TRADE
KO-FIN-04481,ECF이 무엇인지 설명해 주세요.,โปรดอธิบายว่า ECF คืออะไร,ECF,ECF,True,지급결제·청산,금융기관·은행,1.0,1.0,1.0,0,,0,
KO-FIN-04485,EDR이 무엇인지 설명해 주세요.,โปรดอธิบายว่า EDR คืออะไร,EDR,EDR,True,증권·예탁,,1.0,1.0,1.0,0,,0,
KO-FIN-04489,EMCC이 무엇인지 설명해 주세요.,กรุณาอธิบายว่า EMCC คืออะไร,EMCC,EMCC,True,지급결제·청산,금융시장·거래,1.0,1.0,1.0,0,,0,
KO-FIN-04495,EMEA과 관련된 내용을 확인하고 싶습니다.,ผมต้องการตรวจสอบข้อมูลที่เกี่ยวข้องกับ EMEA,EMEA,EMEA,True,기타 금융일반,,1.0,1.0,1.0,0,,0,
KO-FIN-04496,EMEA의 정확한 의미는 해당 금융거래의 맥락과 함께 확인해야 합니다.,ความหมายที่แม่นยำของ EMEA ต้องได้รับการยืนยันในบริบทของธุรกรรมทางการเงินที่เกี่ยวข้อง,EMEA,EMEA,True,기타 금융일반,,1.0,1.0,1.0,0,,0,
KO-FIN-04497,ETF이 무엇을 의미하나요?,ETF หมายความว่าอะไร?,ETF,ETF,True,금융시장·거래,,1.0,1.0,1.0,0,,0,
KO-FIN-04504,EURIBOR은 심사 결과에 따라 이용 가능 여부가 달라질 수 있습니다.,การมี EURIBOR อาจแตกต่างกันไปขึ้นอยู่กับผลการประเมิน,EURIBOR,EURIBOR,True,대출,,1.0,1.0,1.0,0,,0,
KO-FIN-04505,EUROCLEAR이 무엇인지 설명해 주세요.,กรุณาอธิบายว่า EUROCLEAR คืออะไร,EUROCLEAR,EUROCLEAR,True,증권·예탁,,1.0,1.0,1.0,0,,40,EUROCLEAR
KO-FIN-04511,EVA과 관련된 투자 정보를 확인하고 싶습니다.,ผมต้องการตรวจสอบข้อมูลการลงทุนที่เกี่ยวข้องกับ EVA,EVA,EVA,True,자산운용·투자,,1.0,1.0,1.0,0,,40,EVA
KO-FIN-04513,fallen angel이 무엇인지 설명해 주세요.,กรุณาอธิบายว่า เทวดาที่ตกสวรรค์ คืออะไร,fallen angel,fallen angel,True,증권·예탁,,1.0,1.0,1.0,0,,40,fallen angel
KO-FIN-04518,FED-WIRE을 이용하려면 어떻게 해야 하나요?,ใช้ FED-WIRE อย่างไร?,FED-WIRE,FED-WIRE,True,이체,증권·예탁,1.0,1.0,1.0,0,,0,
KO-FIN-04520,FED-WIRE을 진행하기 전에 입력한 정보를 다시 확인해 주세요.,โปรดตรวจสอบข้อมูลที่คุณได้กรอกไว้อีกครั้งก่อนที่จะดำเนินการต่อกับ FED-WIRE,FED-WIRE,FED-WIRE,True,이체,증권·예탁,1.0,1.0,1.0,0,,0,
KO-FIN-04521,fill or kill order이 무엇을 의미하나요?,"คำสั่งซื้อแบบ ""เติมหรือยกเลิก"" หมายความว่าอะไร?",fill or kill order,fill or kill order,True,금융시장·거래,,1.0,1.0,1.0,0,,40,fill or kill order
KO-FIN-04525,finality of payment이 무엇인지 설명해 주세요.,กรุณาอธิบายว่า การชำระเงินที่เสร็จสิ้น คืออะไร,finality of payment,finality of payment,True,지급결제·청산,이체 / 금융기관·은행,1.0,1.0,1.0,0,,50,finality of payment
KO-FIN-04529,five hundred dollar rule이 금융거래에 어떻게 적용되나요?,กฎ 500 ดอลลาร์ มีผลอย่างไรต่อธุรกรรมทางการเงินนี้?,five hundred dollar rule,five hundred dollar rule,True,금융법규·감독,,1.0,1.0,1.0,0,,50,five hundred dollar rule
KO-FIN-04531,five hundred dollar rule 때문에 추가로 확인해야 할 사항이 있나요?,มีข้อใดเพิ่มเติมที่จำเป็นต้องตรวจสอบเนื่องจาก กฎ 500 ดอลลาร์ หรือไม่?,five hundred dollar rule,five hundred dollar rule,True,금융법규·감독,,1.0,1.0,1.0,0,,50,five hundred dollar rule
KO-FIN-04533,FIX이 무엇을 의미하나요?,แก้ไข หมายความว่าอะไร?,FIX,FIX,True,금융시장·거래,,1.0,1.0,1.0,0,,40,FIX
KO-FIN-04537,flipping이 무엇인지 설명해 주세요.,กรุณาอธิบายว่า พลิก คืออะไร,flipping,flipping,True,증권·예탁,,1.0,1.0,1.0,0,,50,flipping
KO-FIN-04541,FORM 10-K이 금융거래에서 무엇을 의미하나요?,แบบฟอร์ม 10-K หมายถึงอะไรในธุรกรรมทางการเงินนี้?,FORM 10-K,FORM 10-K,True,법률·계약,,1.0,1.0,1.0,0,,0,
KO-FIN-04545,FORM 10-Q이 무엇인지 설명해 주세요.,กรุณาอธิบายว่า แบบฟอร์ม 10-Q คืออะไร,FORM 10-Q,FORM 10-Q,True,증권·예탁,,1.0,1.0,1.0,0,,0,
KO-FIN-04549,FORM 3이 무엇인지 설명해 주세요.,กรุณาอธิบายว่า แบบฟอร์ม 3 คืออะไร,FORM 3,FORM 3,True,주식,금융시장·거래,1.0,1.0,1.0,0,,40,FORM 3
KO-FIN-04553,FORM 4이 무엇인지 설명해 주세요.,โปรดอธิบายว่า แบบฟอร์ม 4 คืออะไร,FORM 4,FORM 4,True,주식,,1.0,1.0,1.0,0,,40,FORM 4
KO-FIN-04557,FORM 8-K이 무엇을 의미하나요?,แบบฟอร์ม 8-K หมายความว่าอะไร?,FORM 8-K,FORM 8-K,True,금융시장·거래,,1.0,1.0,1.0,0,,40,FORM 8-K
KO-FIN-04561,forward pricing이 무엇인지 설명해 주세요.,โปรดอธิบายว่า การกำหนดราคาล่วงหน้า คืออะไร,forward pricing,forward pricing,True,주식,,1.0,1.0,1.0,0,,40,forward pricing
KO-FIN-04568,FUND/NETWORKING은 운용 결과에 따라 원금 손실이 발생할 수 있습니다.,กองทุน/เครือข่าย อาจทำให้สูญเสียเงินต้นได้ ขึ้นอยู่กับผลการลงทุน,FUND/NETWORKING,FUND/NETWORKING,True,펀드·신탁,,1.0,1.0,1.0,0,,40,FUND/NETWORKING
KO-FIN-04569,FUND/SERV이 무엇인지 설명해 주세요.,โปรดอธิบายว่า กองทุน/บริการ คืออะไร,FUND/SERV,FUND/SERV,True,지급결제·청산,금융기관·은행,1.0,1.0,1.0,0,,40,FUND/SERV
KO-FIN-04573,FV/EBITDA이 무엇인지 설명해 주세요.,โปรดอธิบายว่า FV/EBITDA คืออะไร,FV/EBITDA,FV/EBITDA,True,주식,,1.0,1.0,1.0,0,,0,
KO-FIN-04577,G-30이 무엇인지 설명해 주세요.,โปรดอธิบายว่า G-30 คืออะไร,G-30,G-30,True,증권·예탁,,1.0,1.0,1.0,0,,0,
KO-FIN-04581,gilt-edged securities이 무엇인지 설명해 주세요.,กรุณาอธิบายว่า หลักทรัพย์ที่มีหลักประกัน คืออะไร,gilt-edged securities,gilt-edged securities,True,증권·예탁,,1.0,1.0,1.0,0,,40,gilt-edged securities
KO-FIN-04588,giro lombard over draft과 관련된 세부 업무는 해당 기관의 안내를 확인해 주세요.,โปรดอ้างอิงคู่มือขององค์กรที่เกี่ยวข้องเพื่อทราบรายละเอียดเกี่ยวกับ บัญชีเงินฝากเกินวงเงิน Giro Lombard,giro lombard over draft,giro lombard over draft,True,금융기관·은행,,1.0,1.0,1.0,0,,40,giro lombard over draft
KO-FIN-04589,GLOBALCLEAR이 무엇인지 설명해 주세요.,กรุณาอธิบายว่า GLOBALCLEAR คืออะไร,GLOBALCLEAR,GLOBALCLEAR,True,지급결제·청산,,1.0,1.0,1.0,0,,40,GLOBALCLEAR
KO-FIN-04593,GLOBEX ALLIANCE이 무엇을 의미하나요?,GLOBEX ALLIANCE หมายความว่าอะไร?,GLOBEX ALLIANCE,GLOBEX ALLIANCE,True,금융시장·거래,,1.0,1.0,1.0,0,,40,GLOBEX ALLIANCE
KO-FIN-04597,GNMA이 무엇인지 설명해 주세요.,กรุณาอธิบายว่า GNMA คืออะไร,GNMA,GNMA,True,증권·예탁,,1.0,1.0,1.0,0,,0,
KO-FIN-04601,greenmail이 무엇인지 설명해 주세요.,กรุณาอธิบายว่า กรีนเมล คืออะไร,greenmail,greenmail,True,주식,,1.0,1.0,1.0,0,,50,greenmail
KO-FIN-04607,grey market과 관련된 투자 정보를 확인하고 싶습니다.,ผมต้องการตรวจสอบข้อมูลการลงทุนที่เกี่ยวข้องกับ ตลาดมืด,grey market,grey market,True,자산운용·투자,,1.0,1.0,1.0,0,,50,grey market
KO-FIN-04609,gun jumping이 무엇을 의미하나요?,การกระโดดก่อนกำหนด หมายความว่าอะไร?,gun jumping,gun jumping,True,금융시장·거래,,1.0,1.0,1.0,0,,40,gun jumping
KO-FIN-04613,HKSCC이 무엇을 의미하나요?,HKSCC หมายความว่าอะไร?,HKSCC,HKSCC,True,금융시장·거래,증권·예탁,1.0,1.0,1.0,0,,0,
KO-FIN-04617,hub & spokes이 무엇인지 설명해 주세요.,โปรดอธิบายว่า ศูนย์และก้านล้อ คืออะไร,hub & spokes,hub & spokes,True,지급결제·청산,증권·예탁,1.0,1.0,1.0,0,,40,hub & spokes
KO-FIN-04621,IBAN에 대해 자세히 알려주세요.,โปรดบอกฉันเพิ่มเติมเกี่ยวกับ IBAN ครับ/ค่ะ,IBAN,IBAN,True,해외송금·외환,,1.0,1.0,1.0,0,,0,
KO-FIN-04622,IBAN을 확인하고 싶습니다.,ผมต้องการตรวจสอบ IBAN,IBAN,IBAN,True,해외송금·외환,,1.0,1.0,1.0,0,,0,
KO-FIN-04625,IID이 무엇을 의미하나요?,IID หมายความว่าอะไร?,IID,IID,True,금융시장·거래,,1.0,1.0,1.0,0,,0,
KO-FIN-04630,IMF 8조국과 관련된 거래 조건을 확인하고 싶습니다.,ผมต้องการตรวจสอบเงื่อนไขและข้อกำหนดที่เกี่ยวข้องกับ แผนช่วยเหลือทางการเงินของ IMF มูลค่า 8 ล้านล้านวอน,IMF 8조국,IMF 8조국,True,국제금융,,1.0,1.0,1.0,0,,50,IMF 8조국
KO-FIN-04632,IMF 8조국과 관련된 거래에서는 국가별 규정과 통화를 함께 확인해야 합니다.,เมื่อดำเนินการธุรกรรมที่เกี่ยวข้องกับ แผนช่วยเหลือทางการเงินของ IMF มูลค่า 8 ล้านล้านวอน คุณต้องตรวจสอบทั้งกฎระเบียบเฉพาะประเทศที่เกี่ยวข้องและสกุลเงินที่ใช้ในธุรกรรมดังกล่าว,IMF 8조국,IMF 8조국,True,국제금융,,1.0,1.0,1.0,0,,50,IMF 8조국
KO-FIN-04634,IMF 구제금융과 관련된 거래 조건을 확인하고 싶습니다.,ผมต้องการตรวจสอบเงื่อนไขและข้อกำหนดที่เกี่ยวข้องกับ แผนช่วยเหลือทางการเงินจาก IMF,IMF 구제금융,IMF 구제금융,True,국제금융,,1.0,1.0,1.0,0,,20,IMF 구제금융
KO-FIN-04636,IMF 구제금융과 관련된 거래에서는 국가별 규정과 통화를 함께 확인해야 합니다.,เมื่อดำเนินการธุรกรรมที่เกี่ยวข้องกับ แผนช่วยเหลือทางการเงินจาก IMF คุณต้องตรวจสอบทั้งกฎระเบียบและสกุลเงินของแต่ละประเทศ,IMF 구제금융,IMF 구제금융,True,국제금융,,1.0,1.0,1.0,0,,20,IMF 구제금융
KO-FIN-04637,indenture이 무엇인지 설명해 주세요.,กรุณาอธิบายว่า สัญญาจ้างงาน คืออะไร,indenture,indenture,True,채권,,1.0,1.0,1.0,0,,40,indenture
KO-FIN-04641,independent broker이 무엇을 의미하나요?,ผู้กลางอิสระ หมายความว่าอะไร?,independent broker,independent broker,True,금융시장·거래,,1.0,1.0,1.0,0,,50,independent broker
KO-FIN-04648,infrastructure은 심사 결과에 따라 이용 가능 여부가 달라질 수 있습니다.,การมี โครงสร้างพื้นฐาน อาจแตกต่างกันไปขึ้นอยู่กับผลการประเมิน,infrastructure,infrastructure,True,대출,,1.0,1.0,1.0,0,,50,infrastructure
KO-FIN-04649,INSTINET이 무엇을 의미하나요?,INSTINET หมายความว่าอะไร?,INSTINET,INSTINET,True,금융시장·거래,,1.0,1.0,1.0,0,,50,INSTINET
KO-FIN-04656,interlinker은 심사 결과에 따라 이용 가능 여부가 달라질 수 있습니다.,การมี ตัวเชื่อมโยง อาจแตกต่างกันไปขึ้นอยู่กับผลการประเมิน,interlinker,interlinker,True,대출,,1.0,1.0,1.0,0,,50,interlinker
KO-FIN-04657,intermarket trading system이 무엇을 의미하나요?,ระบบซื้อขายข้ามตลาด หมายความว่าอะไร?,intermarket trading system,intermarket trading system,True,금융시장·거래,,1.0,1.0,1.0,0,,40,intermarket trading system
KO-FIN-04661,investment bank이 무엇인지 설명해 주세요.,กรุณาอธิบายว่า ธนาคารการลงทุน คืออะไร,investment bank,investment bank,True,증권·예탁,펀드·신탁 / 자산운용·투자,1.0,1.0,1.0,0,,50,investment bank
KO-FIN-04668,investment banking과 관련된 세부 업무는 해당 기관의 안내를 확인해 주세요.,โปรดอ้างอิงคู่มือขององค์กรที่เกี่ยวข้องเพื่อทราบรายละเอียดเกี่ยวกับ ธนาคารเพื่อการลงทุน,investment banking,investment banking,True,금융기관·은행,,1.0,1.0,1.0,0,,50,investment banking
KO-FIN-04671,investment company과 관련된 투자 정보를 확인하고 싶습니다.,ผมต้องการตรวจสอบข้อมูลการลงทุนที่เกี่ยวข้องกับ บริษัทลงทุน,investment company,investment company,True,자산운용·투자,,1.0,1.0,1.0,0,,50,investment company
KO-FIN-04675,ISDN과 관련된 내용을 확인하고 싶습니다.,ผมต้องการตรวจสอบข้อมูลที่เกี่ยวข้องกับ ISDN,ISDN,ISDN,True,기타 금융일반,,1.0,1.0,1.0,0,,0,
KO-FIN-04676,ISDN의 정확한 의미는 해당 금융거래의 맥락과 함께 확인해야 합니다.,ความหมายที่แม่นยำของ ISDN ต้องถูกกำหนดในบริบทของธุรกรรมทางการเงินที่เกี่ยวข้อง,ISDN,ISDN,True,기타 금융일반,,1.0,1.0,1.0,0,,0,
KO-FIN-04677,ISIN이 무엇인지 설명해 주세요.,โปรดอธิบายว่า ISIN คืออะไร,ISIN,ISIN,True,증권·예탁,,1.0,1.0,1.0,0,,20,ISIN
KO-FIN-04685,ISMA이 무엇을 의미하나요?,ISMA หมายความว่าอะไร?,ISMA,ISMA,True,금융시장·거래,증권·예탁,1.0,1.0,1.0,0,,0,
KO-FIN-04689,ISO 20022이 무엇인지 설명해 주세요.,กรุณาอธิบายว่า ISO 20022 คืออะไร,ISO 20022,ISO 20022,True,증권·예탁,,1.0,1.0,1.0,0,,0,
KO-FIN-04693,ISO 7775이 무엇인지 설명해 주세요.,กรุณาอธิบายว่า ISO 7775 คืออะไร,ISO 7775,ISO 7775,True,증권·예탁,,1.0,1.0,1.0,0,,0,
KO-FIN-04697,ISO이 무엇인지 설명해 주세요.,โปรดอธิบายว่า ISO คืออะไร,ISO,ISO,True,증권·예탁,,1.0,1.0,1.0,0,,0,
KO-FIN-04701,ITM이 무엇인지 쉽게 설명해 주세요.,โปรดอธิบายด้วยคำง่ายๆ ว่า ITM คืออะไร,ITM,ITM,True,파생상품,,1.0,1.0,1.0,0,,0,
KO-FIN-04705,Jobber이 무엇을 의미하나요?,ผู้ค้าส่ง หมายความว่าอะไร?,Jobber,Jobber,True,금융시장·거래,,1.0,1.0,1.0,0,,40,Jobber
KO-FIN-04709,kassenverein이 무엇인지 설명해 주세요.,โปรดอธิบายว่า สมาคมประกันสุขภาพ คืออะไร,kassenverein,kassenverein,True,증권·예탁,,1.0,1.0,1.0,0,,50,kassenverein
KO-FIN-04713,KELER이 무엇인지 설명해 주세요.,กรุณาอธิบายว่า KELER คืออะไร,KELER,KELER,True,증권·예탁,금융시장·거래,1.0,1.0,1.0,0,,40,KELER
KO-FIN-04719,killer bees과 관련된 투자 정보를 확인하고 싶습니다.,ผมต้องการตรวจสอบข้อมูลการลงทุนที่เกี่ยวข้องกับ ผึ้งนักฆ่า,killer bees,killer bees,True,자산운용·투자,,1.0,1.0,1.0,0,,40,killer bees
KO-FIN-04721,know-your customer rule이 무엇을 의미하나요?,กฎการรู้จักลูกค้า (Know-Your-Customer) หมายความว่าอะไร?,know-your customer rule,know-your customer rule,True,금융시장·거래,,1.0,1.0,1.0,0,,40,know-your customer rule
KO-FIN-04725,KOSPI 200이 무엇인지 설명해 주세요.,โปรดอธิบายว่า KOSPI 200 คืออะไร,KOSPI 200,KOSPI 200,True,주식,,1.0,1.0,1.0,0,,0,
KO-FIN-04729,Lamfalussy기준이 무엇인지 설명해 주세요.,กรุณาอธิบายว่า กรอบงาน Lamfalussy คืออะไร,Lamfalussy기준,Lamfalussy기준,True,지급결제·청산,,1.0,1.0,1.0,0,,40,Lamfalussy기준
KO-FIN-04736,LBO은 심사 결과에 따라 이용 가능 여부가 달라질 수 있습니다.,การมี LBO อาจแตกต่างกันไปขึ้นอยู่กับผลการประเมิน,LBO,LBO,True,대출,,1.0,1.0,1.0,0,,0,
KO-FIN-04737,Link-Up Markets이 무엇인지 설명해 주세요.,โปรดอธิบายว่า ตลาด Link-Up คืออะไร,Link-Up Markets,Link-Up Markets,True,지급결제·청산,,1.0,1.0,1.0,0,,40,Link-Up Markets
KO-FIN-04741,local trader이 무엇을 의미하나요?,ผู้ค้าท้องถิ่น หมายความว่าอะไร?,local trader,local trader,True,금융시장·거래,,1.0,1.0,1.0,0,,40,local trader
KO-FIN-04746,M&A을 이용하려면 어떤 조건이 필요한가요?,เงื่อนไขในการใช้ การควบรวมและซื้อกิจการ (M&A) คืออะไร?,M&A,M&A,True,기업금융·자본조달,,1.0,1.0,1.0,0,,30,M&A
KO-FIN-04747,M&A과 관련된 비용과 절차를 확인하고 싶습니다.,ผมต้องการตรวจสอบค่าใช้จ่ายและขั้นตอนที่เกี่ยวข้องกับ การควบรวมและซื้อกิจการ (M&A),M&A,M&A,True,기업금융·자본조달,,1.0,1.0,1.0,0,,30,M&A
KO-FIN-04752,"M1, M2, M3과 관련된 세부 업무는 해당 기관의 안내를 확인해 주세요.","โปรดอ้างอิงคู่มือขององค์กรที่เกี่ยวข้องเพื่อทราบรายละเอียดเกี่ยวกับ M1, M2, M3","M1, M2, M3","M1, M2, M3",True,금융기관·은행,,1.0,1.0,1.0,0,,0,
KO-FIN-04753,MADOFF이 무엇을 의미하나요?,MADOFF หมายความว่าอะไร?,MADOFF,MADOFF,True,금융시장·거래,증권·예탁,1.0,1.0,1.0,0,,40,MADOFF
KO-FIN-04757,MALONEY ACT이 무엇을 의미하나요?,พระราชบัญญัติมาโลนี หมายความว่าอะไร?,MALONEY ACT,MALONEY ACT,True,금융시장·거래,,1.0,1.0,1.0,0,,40,MALONEY ACT
KO-FIN-04761,matched book이 무엇을 의미하나요?,หนังสือที่ตรงกัน หมายความว่าอะไร?,matched book,matched book,True,금융시장·거래,,1.0,1.0,1.0,0,,40,matched book
KO-FIN-04768,matching fund은 운용 결과에 따라 원금 손실이 발생할 수 있습니다.,เงินสมทบ อาจทำให้สูญเสียเงินต้นได้ ขึ้นอยู่กับผลการลงทุน,matching fund,matching fund,True,펀드·신탁,자산운용·투자,1.0,1.0,1.0,0,,40,matching fund
KO-FIN-04769,MIC이 무엇을 의미하나요?,MIC หมายความว่าอะไร?,MIC,MIC,True,금융시장·거래,,1.0,1.0,1.0,0,,0,
KO-FIN-04775,MiFID과 관련된 투자 정보를 확인하고 싶습니다.,ผมต้องการตรวจสอบข้อมูลการลงทุนที่เกี่ยวข้องกับ MiFID,MiFID,MiFID,True,자산운용·투자,,1.0,1.0,1.0,0,,0,
KO-FIN-04777,MIT이 무엇을 의미하나요?,MIT หมายความว่าอะไร?,MIT,MIT,True,금융시장·거래,,1.0,1.0,1.0,0,,0,
KO-FIN-04784,MM의 자본구조 이론은 심사 결과에 따라 이용 가능 여부가 달라질 수 있습니다.,การมี ทฤษฎีโครงสร้างทุนของ MM อาจแตกต่างกันไปขึ้นอยู่กับผลการประเมิน,MM의 자본구조 이론,MM의 자본구조 이론,True,대출,,1.0,1.0,1.0,0,,0,
KO-FIN-04785,Moddy's investment grade이 무엇인지 설명해 주세요.,โปรดอธิบายว่า ระดับเครดิตการลงทุนของ Moody’s คืออะไร,Moddy's investment grade,Moddy's investment grade,True,채권,,1.0,1.0,1.0,0,,40,Moddy's investment grade
KO-FIN-04789,MONTE TITOLI S.P.A.이 무엇인지 설명해 주세요.,กรุณาอธิบายว่า MONTE TITOLI S.P.A. คืออะไร,MONTE TITOLI S.P.A.,MONTE TITOLI S.P.A.,True,증권·예탁,주식 / 금융기관·은행,1.0,1.0,1.0,0,,40,MONTE TITOLI S.P.A.
KO-FIN-04793,MSRB이 무엇인지 설명해 주세요.,กรุณาอธิบายว่า MSRB คืออะไร,MSRB,MSRB,True,증권·예탁,,1.0,1.0,1.0,0,,0,
KO-FIN-04800,narrow bank은 심사 결과에 따라 이용 가능 여부가 달라질 수 있습니다.,การมี ธนาคารขนาดเล็ก อาจแตกต่างกันไปขึ้นอยู่กับผลการประเมิน,narrow bank,narrow bank,True,대출,,1.0,1.0,1.0,0,,40,narrow bank
KO-FIN-04801,national market system이 무엇을 의미하나요?,ระบบตลาดระดับชาติ หมายความว่าอะไร?,national market system,national market system,True,금융시장·거래,,1.0,1.0,1.0,0,,40,national market system
KO-FIN-04805,NECIGEF이 무엇인지 설명해 주세요.,กรุณาอธิบายว่า NECIGEF คืออะไร,NECIGEF,NECIGEF,True,증권·예탁,금융시장·거래,1.0,1.0,1.0,0,,40,NECIGEF
KO-FIN-04809,net credit or net debit position이 무엇인지 설명해 주세요.,โปรดอธิบายว่า ตำแหน่งเครดิตสุทธิหรือเดบิตสุทธิ คืออะไร,net credit or net debit position,net credit or net debit position,True,지급결제·청산,,1.0,1.0,1.0,0,,40,net credit or net debit position
KO-FIN-04813,net debit caps이 무엇인지 설명해 주세요.,กรุณาอธิบายว่า ขีดจำกัดการถอนเงินผ่านเน็ต คืออะไร,net debit caps,net debit caps,True,증권·예탁,,1.0,1.0,1.0,0,,40,net debit caps
KO-FIN-04817,net sender limits이 무엇인지 설명해 주세요.,โปรดอธิบายว่า ขีดจำกัดการส่งเงินสุทธิ คืออะไร,net sender limits,net sender limits,True,지급결제·청산,,1.0,1.0,1.0,0,,40,net sender limits
KO-FIN-04821,NICRA이 무엇인지 설명해 주세요.,โปรดอธิบายว่า NICRA คืออะไร,NICRA,NICRA,True,채권,,1.0,1.0,1.0,0,,0,
KO-FIN-04827,NMPG과 관련된 내용을 확인하고 싶습니다.,ผมต้องการตรวจสอบข้อมูลที่เกี่ยวข้องกับ NMPG,NMPG,NMPG,True,기타 금융일반,,1.0,1.0,1.0,0,,0,
KO-FIN-04828,NMPG의 정확한 의미는 해당 금융거래의 맥락과 함께 확인해야 합니다.,ความหมายที่แม่นยำของ NMPG ต้องถูกกำหนดในบริบทของธุรกรรมทางการเงินที่เกี่ยวข้อง,NMPG,NMPG,True,기타 금융일반,,1.0,1.0,1.0,0,,0,
KO-FIN-04829,nominee name이 무엇인지 설명해 주세요.,โปรดอธิบายว่า ชื่อผู้ได้รับการเสนอชื่อ คืออะไร,nominee name,nominee name,True,증권·예탁,주식,1.0,1.0,1.0,0,,40,nominee name
KO-FIN-04836,nostro account과 관련된 세부 업무는 해당 기관의 안내를 확인해 주세요.,โปรดอ้างอิงตามคำแนะนำจากองค์กรที่เกี่ยวข้องเพื่อทราบรายละเอียดเกี่ยวกับ บัญชีของเรา,nostro account,nostro account,True,금융기관·은행,,1.0,1.0,1.0,0,,40,nostro account
KO-FIN-04837,NSCC이 무엇을 의미하나요?,NSCC หมายความว่าอะไร?,NSCC,NSCC,True,금융시장·거래,지급결제·청산 / 펀드·신탁 / 증권·예탁,1.0,1.0,1.0,0,,0,
KO-FIN-04841,NYSE rule 387이 무엇을 의미하나요?,กฎข้อ 387 ของ NYSE หมายความว่าอะไร?,NYSE rule 387,NYSE rule 387,True,금융시장·거래,증권·예탁,1.0,1.0,1.0,0,,0,
KO-FIN-04847,on-line system과 관련된 투자 정보를 확인하고 싶습니다.,ผมต้องการตรวจสอบข้อมูลการลงทุนที่เกี่ยวข้องกับ ระบบออนไลน์,on-line system,on-line system,True,자산운용·투자,,1.0,1.0,1.0,0,,40,on-line system
KO-FIN-04849,open position이 무엇을 의미하나요?,ตำแหน่งว่าง หมายความว่าอะไร?,open position,open position,True,금융시장·거래,,1.0,1.0,1.0,0,,40,open position
KO-FIN-04853,OTM이 무엇을 의미하나요?,OTM หมายความว่าอะไร?,OTM,OTM,True,금융시장·거래,,1.0,1.0,1.0,0,,0,
KO-FIN-04858,P&A에서 이용할 수 있는 금융업무는 무엇인가요?,P&A มีบริการทางการเงินอะไรบ้าง?,P&A,P&A,True,금융기관·은행,,1.0,1.0,1.0,0,,40,P&A
KO-FIN-04861,pac-man strategy이 무엇인지 설명해 주세요.,กรุณาอธิบายว่า กลยุทธ์ Pac-Man คืออะไร,pac-man strategy,pac-man strategy,True,주식,,1.0,1.0,1.0,0,,50,pac-man strategy
KO-FIN-04866,paper-based credit transfers은 어디에서 확인할 수 있나요?,ฉันสามารถหา การโอนหน่วยกิตแบบกระดาษ ได้ที่ไหน?,paper-based credit transfers,paper-based credit transfers,True,계좌,이체,1.0,1.0,1.0,0,,50,paper-based credit transfers
KO-FIN-04872,PB은 심사 결과에 따라 이용 가능 여부가 달라질 수 있습니다.,การมี PB อาจแตกต่างกันไปขึ้นอยู่กับผลการประเมิน,PB,PB,True,대출,,1.0,1.0,1.0,0,,0,
KO-FIN-04873,PIKS이 무엇인지 설명해 주세요.,โปรดอธิบายว่า PIKS คืออะไร,PIKS,PIKS,True,채권,,1.0,1.0,1.0,0,,40,PIKS
KO-FIN-04877,plus tick이 무엇을 의미하나요?,บวกเครื่องหมายถูก หมายความว่าอะไร?,plus tick,plus tick,True,금융시장·거래,,1.0,1.0,1.0,0,,40,plus tick
KO-FIN-04881,poison pill이 무엇인지 설명해 주세요.,โปรดอธิบายว่า กลไกป้องกันการเข้าซื้อกิจการ คืออะไร,poison pill,poison pill,True,주식,,1.0,1.0,1.0,0,,40,poison pill
KO-FIN-04885,POSIT이 무엇을 의미하나요?,POSIT หมายความว่าอะไร?,POSIT,POSIT,True,금융시장·거래,,1.0,1.0,1.0,0,,40,POSIT
KO-FIN-04889,position에 대해 자세히 알려주세요.,โปรดบอกฉันเพิ่มเติมเกี่ยวกับ ตำแหน่ง ครับ/ค่ะ,position,position,True,해외송금·외환,금융시장·거래,1.0,1.0,1.0,0,,50,position
KO-FIN-04890,position을 확인하고 싶습니다.,ผมต้องการตรวจสอบ ตำแหน่ง,position,position,True,해외송금·외환,금융시장·거래,1.0,1.0,1.0,0,,50,position
KO-FIN-04896,pre-commitment approach과 관련된 세부 업무는 해당 기관의 안내를 확인해 주세요.,โปรดอ้างอิงคู่มือขององค์กรที่เกี่ยวข้องเพื่อทราบรายละเอียดเกี่ยวกับ วิธีการกำหนดล่วงหน้า,pre-commitment approach,pre-commitment approach,True,금융기관·은행,,1.0,1.0,1.0,0,,50,pre-commitment approach
KO-FIN-04897,PTS이 무엇을 의미하나요?,PTS หมายความว่าอะไร?,PTS,PTS,True,금융시장·거래,증권·예탁,1.0,1.0,1.0,0,,0,
KO-FIN-04903,QFI과 관련된 투자 정보를 확인하고 싶습니다.,ผมต้องการตรวจสอบข้อมูลการลงทุนที่เกี่ยวข้องกับ QFI,QFI,QFI,True,자산운용·투자,,1.0,1.0,1.0,0,,0,
KO-FIN-04907,QIB과 관련된 투자 정보를 확인하고 싶습니다.,ผมต้องการตรวจสอบข้อมูลการลงทุนที่เกี่ยวข้องกับ QIB,QIB,QIB,True,자산운용·투자,,1.0,1.0,1.0,0,,0,
KO-FIN-04909,QuantEX이 무엇을 의미하나요?,QuantEX หมายความว่าอะไร?,QuantEX,QuantEX,True,금융시장·거래,,1.0,1.0,1.0,0,,40,QuantEX
KO-FIN-04913,registar이 무엇인지 설명해 주세요.,โปรดอธิบายว่า ผู้จดทะเบียน คืออะไร,registar,registar,True,채권,증권·예탁,1.0,1.0,1.0,0,,40,registar
KO-FIN-04917,registered competitive trader이 무엇을 의미하나요?,ผู้ค้าที่ได้รับการจดทะเบียนเพื่อแข่งขัน หมายความว่าอะไร?,registered competitive trader,registered competitive trader,True,금융시장·거래,,1.0,1.0,1.0,0,,40,registered competitive trader
KO-FIN-04921,REGULATION A이 금융거래에 어떻게 적용되나요?,กฎระเบียบ A มีผลต่อธุรกรรมทางการเงินนี้อย่างไร?,REGULATION A,REGULATION A,True,금융법규·감독,,1.0,1.0,1.0,0,,50,REGULATION A
KO-FIN-04923,REGULATION A 때문에 추가로 확인해야 할 사항이 있나요?,มีข้อใดเพิ่มเติมที่จำเป็นต้องตรวจสอบเนื่องจาก กฎระเบียบ A หรือไม่?,REGULATION A,REGULATION A,True,금융법규·감독,,1.0,1.0,1.0,0,,50,REGULATION A
KO-FIN-04925,REGULATION D이 금융거래에 어떻게 적용되나요?,กฎระเบียบ D มีผลต่อธุรกรรมทางการเงินนี้อย่างไร?,REGULATION D,REGULATION D,True,금융법규·감독,,1.0,1.0,1.0,0,,50,REGULATION D
KO-FIN-04927,REGULATION D 때문에 추가로 확인해야 할 사항이 있나요?,มีข้อใดอีกที่จำเป็นต้องตรวจสอบเนื่องจาก กฎระเบียบ D หรือไม่?,REGULATION D,REGULATION D,True,금융법규·감독,,1.0,1.0,1.0,0,,50,REGULATION D
KO-FIN-04932,REGULATION G은 심사 결과에 따라 이용 가능 여부가 달라질 수 있습니다.,การมี กฎระเบียบ G อาจแตกต่างกันไปขึ้นอยู่กับผลการประเมิน,REGULATION G,REGULATION G,True,대출,,1.0,1.0,1.0,0,,50,REGULATION G
KO-FIN-04935,REGULATION Q에 대해 상담받고 싶습니다.,ผมต้องการหารือเกี่ยวกับ กฎระเบียบ Q,REGULATION Q,REGULATION Q,True,예금상품,,1.0,1.0,1.0,0,,50,REGULATION Q
KO-FIN-04937,REGULATION T이 무엇인지 설명해 주세요.,โปรดอธิบายว่า กฎระเบียบ T คืออะไร,REGULATION T,REGULATION T,True,증권·예탁,,1.0,1.0,1.0,0,,40,REGULATION T
KO-FIN-04941,REGULATION U이 무엇인지 설명해 주세요.,กรุณาอธิบายว่า กฎระเบียบ U คืออะไร,REGULATION U,REGULATION U,True,증권·예탁,대출,1.0,1.0,1.0,0,,40,REGULATION U
KO-FIN-04945,RELIT이 무엇인지 설명해 주세요.,กรุณาอธิบายว่า RELIT คืออะไร,RELIT,RELIT,True,지급결제·청산,금융시장·거래,1.0,1.0,1.0,0,,40,RELIT
KO-FIN-04949,reorganization이 무엇인지 설명해 주세요.,โปรดอธิบายว่า การจัดโครงสร้างใหม่ คืออะไร,reorganization,reorganization,True,채권,,1.0,1.0,1.0,0,,50,reorganization
KO-FIN-04956,repo-to-maturity은 심사 결과에 따라 이용 가능 여부가 달라질 수 있습니다.,การมี อัตราผลตอบแทนจนถึงวันครบกำหนด อาจแตกต่างกันไปขึ้นอยู่กับผลการพิจารณา,repo-to-maturity,repo-to-maturity,True,대출,,1.0,1.0,1.0,0,,40,repo-to-maturity
KO-FIN-04957,repo/RP이 무엇인지 설명해 주세요.,กรุณาอธิบายว่า repo/RP คืออะไร,repo/RP,repo/RP,True,채권,증권·예탁 / 금융시장·거래 / 대출,1.0,1.0,1.0,0,,0,
KO-FIN-04961,RGV이 무엇인지 설명해 주세요.,โปรดอธิบายว่า RGV คืออะไร,RGV,RGV,True,지급결제·청산,금융기관·은행,1.0,1.0,1.0,0,,0,
KO-FIN-04965,round lot이 무엇을 의미하나요?,โครงเรื่องแบบวงกลม หมายความว่าอะไร?,round lot,round lot,True,금융시장·거래,,1.0,1.0,1.0,0,,40,round lot
KO-FIN-04969,RSI이 무엇인지 설명해 주세요.,กรุณาอธิบายว่า RSI คืออะไร,RSI,RSI,True,증권·예탁,,1.0,1.0,1.0,0,,0,
KO-FIN-04975,rule OF 72과 관련된 투자 정보를 확인하고 싶습니다.,ผมต้องการดูข้อมูลการลงทุนที่เกี่ยวข้องกับ กฎ 72,rule OF 72,rule OF 72,True,자산운용·투자,,1.0,1.0,1.0,0,,40,rule OF 72
KO-FIN-04977,rule of fair practice이 무엇인지 설명해 주세요.,กรุณาอธิบายว่า หลักการปฏิบัติอย่างยุติธรรม คืออะไร,rule of fair practice,rule of fair practice,True,증권·예탁,,1.0,1.0,1.0,0,,40,rule of fair practice
KO-FIN-04981,RVP이 무엇인지 설명해 주세요.,โปรดอธิบายว่า RVP คืออะไร,RVP,RVP,True,증권·예탁,,1.0,1.0,1.0,0,,0,
KO-FIN-04985,S&R이 무엇인지 설명해 주세요.,กรุณาอธิบายว่า S&R คืออะไร,S&R,S&R,True,지급결제·청산,,1.0,1.0,1.0,0,,0,
KO-FIN-04989,SAFE 21이 무엇인지 설명해 주세요.,โปรดอธิบายว่า SAFE 21 คืออะไร,SAFE 21,SAFE 21,True,증권·예탁,,1.0,1.0,1.0,0,,20,SAFE 21
KO-FIN-04993,Saturday night special이 무엇인지 설명해 주세요.,กรุณาอธิบายว่า รายการพิเศษคืนวันเสาร์ คืออะไร,Saturday night special,Saturday night special,True,주식,,1.0,1.0,1.0,0,,40,Saturday night special
KO-FIN-04997,SCHEDULE 13D이 무엇인지 설명해 주세요.,โปรดอธิบายว่า แบบฟอร์ม 13D คืออะไร,SCHEDULE 13D,SCHEDULE 13D,True,주식,,1.0,1.0,1.0,0,,20,SCHEDULE 13D
KO-FIN-05001,SECOM이 무엇을 의미하나요?,SECOM หมายความว่าอะไร?,SECOM,SECOM,True,금융시장·거래,,1.0,1.0,1.0,0,,0,
KO-FIN-05005,SEDOL이 무엇을 의미하나요?,SEDOL หมายความว่าอะไร?,SEDOL,SEDOL,True,금융시장·거래,,1.0,1.0,1.0,0,,0,
KO-FIN-05009,SEGA이 무엇인지 설명해 주세요.,กรุณาอธิบายว่า SEGA คืออะไร,SEGA,SEGA,True,증권·예탁,,1.0,1.0,1.0,0,,40,SEGA
KO-FIN-05013,segregation of securities이 무엇인지 설명해 주세요.,โปรดอธิบายว่า การแยกประเภทหลักทรัพย์ คืออะไร,segregation of securities,segregation of securities,True,증권·예탁,,1.0,1.0,1.0,0,,40,segregation of securities
KO-FIN-05017,settlement이 무엇인지 설명해 주세요.,กรุณาอธิบายว่า การตั้งถิ่นฐาน คืออะไร,settlement,settlement,True,채권,,1.0,1.0,1.0,0,,50,settlement
KO-FIN-05021,SIAC이 무엇을 의미하나요?,SIAC หมายความว่าอะไร?,SIAC,SIAC,True,금융시장·거래,,1.0,1.0,1.0,0,,0,
KO-FIN-05025,SICOVAM이 무엇인지 설명해 주세요.,โปรดอธิบายว่า SICOVAM คืออะไร,SICOVAM,SICOVAM,True,증권·예탁,,1.0,1.0,1.0,0,,0,
KO-FIN-05029,SIS SegaIntersettle이 무엇인지 설명해 주세요.,กรุณาอธิบายว่า SIS SegaIntersettle คืออะไร,SIS SegaIntersettle,SIS SegaIntersettle,True,증권·예탁,,1.0,1.0,1.0,0,,40,SIS SegaIntersettle
KO-FIN-05034,sleeping beauty과 관련된 금리와 비용을 확인하고 싶습니다.,ผมต้องการตรวจสอบอัตราดอกเบี้ยและค่าธรรมเนียมที่เกี่ยวข้องกับ เจ้าหญิงนิทรา,sleeping beauty,sleeping beauty,True,부동산금융,,1.0,1.0,1.0,0,,40,sleeping beauty
KO-FIN-05035,sleeping beauty을 이용할 때 필요한 서류는 무엇인가요?,เอกสารใดบ้างที่จำเป็นเมื่อใช้ เจ้าหญิงนิทรา?,sleeping beauty,sleeping beauty,True,부동산금융,,1.0,1.0,1.0,0,,40,sleeping beauty
KO-FIN-05037,SMPG이 무엇인지 설명해 주세요.,โปรดอธิบายว่า SMPG คืออะไร,SMPG,SMPG,True,증권·예탁,,1.0,1.0,1.0,0,,0,
KO-FIN-05043,snow balling과 관련된 내용을 확인하고 싶습니다.,ผมต้องการตรวจสอบข้อมูลที่เกี่ยวข้องกับ ลูกหิมะที่กลิ้งใหญ่ขึ้นเรื่อยๆ,snow balling,snow balling,True,기타 금융일반,,1.0,1.0,1.0,0,,40,snow balling
KO-FIN-05044,snow balling의 정확한 의미는 해당 금융거래의 맥락과 함께 확인해야 합니다.,ความหมายที่แน่ชัดของ ลูกหิมะที่กลิ้งใหญ่ขึ้นเรื่อยๆ ต้องถูกกำหนดในบริบทของธุรกรรมทางการเงินที่เกี่ยวข้อง,snow balling,snow balling,True,기타 금융일반,,1.0,1.0,1.0,0,,40,snow balling
KO-FIN-05045,spagetti problem이 무엇인지 설명해 주세요.,โปรดอธิบายว่า ปัญหาสปาเก็ตตี้ คืออะไร,spagetti problem,spagetti problem,True,증권·예탁,,1.0,1.0,1.0,0,,40,spagetti problem
KO-FIN-05049,stock power이 무엇인지 설명해 주세요.,กรุณาอธิบายว่า กำลังของสต็อก คืออะไร,stock power,stock power,True,주식,,1.0,1.0,1.0,0,,40,stock power
KO-FIN-05053,stock watcher이 무엇을 의미하나요?,ติดตามราคาหุ้น หมายความว่าอะไร?,stock watcher,stock watcher,True,금융시장·거래,,1.0,1.0,1.0,0,,40,stock watcher
KO-FIN-05057,STP이 무엇을 의미하나요?,STP หมายความว่าอะไร?,STP,STP,True,금융시장·거래,,1.0,1.0,1.0,0,,0,
KO-FIN-05061,street name이 무엇인지 설명해 주세요.,กรุณาอธิบายว่า ชื่อถนน คืออะไร,street name,street name,True,증권·예탁,,1.0,1.0,1.0,0,,40,street name
KO-FIN-05068,subparticipation은 심사 결과에 따라 이용 가능 여부가 달라질 수 있습니다.,การมี การมีส่วนร่วมระดับย่อย อาจแตกต่างกันไปขึ้นอยู่กับผลการประเมิน,subparticipation,subparticipation,True,대출,,1.0,1.0,1.0,0,,40,subparticipation
KO-FIN-05069,suicide pill이 무엇인지 설명해 주세요.,โปรดอธิบายว่า ยาฆ่าตัวตาย คืออะไร,suicide pill,suicide pill,True,주식,,1.0,1.0,1.0,0,,50,suicide pill
KO-FIN-05076,sunday bank과 관련된 세부 업무는 해당 기관의 안내를 확인해 주세요.,โปรดอ้างอิงจากคู่มือขององค์กรที่เกี่ยวข้องเพื่อทราบรายละเอียดเฉพาะเกี่ยวกับ ธนาคารวันอาทิตย์,sunday bank,sunday bank,True,금융기관·은행,,1.0,1.0,1.0,0,,40,sunday bank
KO-FIN-05077,sushi bond이 무엇인지 설명해 주세요.,กรุณาอธิบายว่า พันธบัตรซูชิ คืออะไร,sushi bond,sushi bond,True,채권,,1.0,1.0,1.0,0,,40,sushi bond
KO-FIN-05081,SWIFT에 대해 자세히 알려주세요.,โปรดบอกฉันเพิ่มเติมเกี่ยวกับ SWIFT ครับ/ค่ะ,SWIFT,SWIFT,True,해외송금·외환,금융시장·거래 / 국제금융,1.0,1.0,1.0,0,,0,
KO-FIN-05082,SWIFT을 확인하고 싶습니다.,ผมต้องการตรวจสอบ SWIFT,SWIFT,SWIFT,True,해외송금·외환,금융시장·거래 / 국제금융,1.0,1.0,1.0,0,,0,
KO-FIN-05088,system repo과 관련된 세부 업무는 해당 기관의 안내를 확인해 주세요.,โปรดอ้างอิงจากคู่มือขององค์กรที่เกี่ยวข้องเพื่อทราบรายละเอียดเกี่ยวกับ คลังข้อมูลระบบ,system repo,system repo,True,금융기관·은행,,1.0,1.0,1.0,0,,40,system repo
KO-FIN-05089,T-BILL이 무엇인지 설명해 주세요.,กรุณาอธิบายว่า T-BILL คืออะไร,T-BILL,T-BILL,True,증권·예탁,,1.0,1.0,1.0,0,,0,
KO-FIN-05093,T-BOND이 무엇인지 설명해 주세요.,กรุณาอธิบายว่า T-BOND คืออะไร,T-BOND,T-BOND,True,증권·예탁,,1.0,1.0,1.0,0,,0,
KO-FIN-05097,T-NOTE이 무엇인지 설명해 주세요.,กรุณาอธิบายว่า T-NOTE คืออะไร,T-NOTE,T-NOTE,True,증권·예탁,,1.0,1.0,1.0,0,,0,
KO-FIN-05101,T2S이 무엇인지 설명해 주세요.,โปรดอธิบายว่า T2S คืออะไร,T2S,T2S,True,지급결제·청산,증권·예탁,1.0,1.0,1.0,0,,0,
KO-FIN-05105,TAKASBANK이 무엇인지 설명해 주세요.,โปรดอธิบายว่า TAKASBANK คืออะไร,TAKASBANK,TAKASBANK,True,증권·예탁,금융기관·은행,1.0,1.0,1.0,0,,0,
KO-FIN-05109,TALISMAN이 무엇을 의미하나요?,TALISMAN หมายความว่าอะไร?,TALISMAN,TALISMAN,True,금융시장·거래,지급결제·청산 / 증권·예탁,1.0,1.0,1.0,0,,40,TALISMAN
KO-FIN-05113,TARGET이 무엇인지 설명해 주세요.,กรุณาอธิบายว่า เป้าหมาย คืออะไร,TARGET,TARGET,True,지급결제·청산,금융기관·은행,1.0,1.0,1.0,0,,50,TARGET
KO-FIN-05117,TAURUS이 무엇을 의미하나요?,ราศีพฤษภ หมายความว่าอะไร?,TAURUS,TAURUS,True,금융시장·거래,,1.0,1.0,1.0,0,,40,TAURUS
KO-FIN-05123,tax call option과 관련된 납부 내역을 확인하고 싶습니다.,ผมต้องการตรวจสอบประวัติการชำระเงินที่เกี่ยวข้องกับ สิทธิ์ซื้อภาษี,tax call option,tax call option,True,세금,,1.0,1.0,1.0,0,,40,tax call option
KO-FIN-05124,tax call option의 적용 여부는 거래 유형과 세법에 따라 달라질 수 있습니다.,การที่ใช้ สิทธิ์ซื้อภาษี หรือไม่ อาจแตกต่างกันไปตามประเภทของธุรกรรมและกฎหมายภาษี,tax call option,tax call option,True,세금,,1.0,1.0,1.0,0,,40,tax call option
KO-FIN-05128,TELEKURS과 관련된 세부 업무는 해당 기관의 안내를 확인해 주세요.,โปรดอ้างอิงคู่มือขององค์กรที่เกี่ยวข้องเพื่อทราบรายละเอียดเกี่ยวกับ TELEKURS,TELEKURS,TELEKURS,True,금융기관·은행,,1.0,1.0,1.0,0,,40,TELEKURS
KO-FIN-05129,tick이 무엇인지 설명해 주세요.,กรุณาอธิบายว่า ติ๊ก คืออะไร,tick,tick,True,증권·예탁,,1.0,1.0,1.0,0,,50,tick
KO-FIN-05133,ticker tape이 무엇을 의미하나요?,เทปติ๊กเกอร์ หมายความว่าอะไร?,ticker tape,ticker tape,True,금융시장·거래,,1.0,1.0,1.0,0,,50,ticker tape
KO-FIN-05137,TRADEPOINT이 무엇을 의미하나요?,TRADEPOINT หมายความว่าอะไร?,TRADEPOINT,TRADEPOINT,True,금융시장·거래,,1.0,1.0,1.0,0,,40,TRADEPOINT
KO-FIN-05141,tranches이 무엇인지 설명해 주세요.,กรุณาอธิบายว่า ส่วน คืออะไร,tranches,tranches,True,채권,,1.0,1.0,1.0,0,,50,tranches
KO-FIN-05145,TRAX이 무엇인지 설명해 주세요.,โปรดอธิบายว่า TRAX คืออะไร,TRAX,TRAX,True,증권·예탁,,1.0,1.0,1.0,0,,40,TRAX
KO-FIN-05149,twenty-day period이 무엇인지 설명해 주세요.,กรุณาอธิบายว่า ช่วงเวลา 20 วัน คืออะไร,twenty-day period,twenty-day period,True,증권·예탁,,1.0,1.0,1.0,0,,40,twenty-day period
KO-FIN-05153,two-dollar broker이 무엇을 의미하나요?,ผู้กลางที่คิดค่าบริการสองดอลลาร์ หมายความว่าอะไร?,two-dollar broker,two-dollar broker,True,금융시장·거래,,1.0,1.0,1.0,0,,40,two-dollar broker
KO-FIN-05157,two-sided comparison이 무엇을 의미하나요?,การเปรียบเทียบสองด้าน หมายความว่าอะไร?,two-sided comparison,two-sided comparison,True,금융시장·거래,,1.0,1.0,1.0,0,,40,two-sided comparison
KO-FIN-05163,UNIFI과 관련된 내용을 확인하고 싶습니다.,ผมต้องการตรวจสอบข้อมูลที่เกี่ยวข้องกับ UNIFI,UNIFI,UNIFI,True,기타 금융일반,,1.0,1.0,1.0,0,,0,
KO-FIN-05164,UNIFI의 정확한 의미는 해당 금융거래의 맥락과 함께 확인해야 합니다.,ความหมายที่แม่นยำของ UNIFI ต้องถูกกำหนดในบริบทของธุรกรรมทางการเงินที่เกี่ยวข้อง,UNIFI,UNIFI,True,기타 금융일반,,1.0,1.0,1.0,0,,0,
KO-FIN-05165,uniform practice code이 금융거래에 어떻게 적용되나요?,รหัสปฏิบัติมาตรฐาน มีผลต่อธุรกรรมทางการเงินนี้อย่างไร?,uniform practice code,uniform practice code,True,금융법규·감독,,1.0,1.0,1.0,0,,40,uniform practice code
KO-FIN-05167,uniform practice code 때문에 추가로 확인해야 할 사항이 있나요?,มีข้อใดเพิ่มเติมที่จำเป็นต้องตรวจสอบเกี่ยวกับ รหัสปฏิบัติมาตรฐาน หรือไม่?,uniform practice code,uniform practice code,True,금융법규·감독,,1.0,1.0,1.0,0,,40,uniform practice code
KO-FIN-05169,uptick이 무엇인지 설명해 주세요.,กรุณาอธิบายว่า การเพิ่มขึ้นเล็กน้อย คืออะไร,uptick,uptick,True,주식,,1.0,1.0,1.0,0,,40,uptick
KO-FIN-05173,value broker이 무엇을 의미하나요?,ผู้กลางด้านมูลค่า หมายความว่าอะไร?,value broker,value broker,True,금융시장·거래,,1.0,1.0,1.0,0,,40,value broker
KO-FIN-05180,value date과 관련된 세부 업무는 해당 기관의 안내를 확인해 주세요.,โปรดอ้างอิงจากคู่มือขององค์กรที่เกี่ยวข้องเพื่อทราบรายละเอียดเกี่ยวกับ วันที่บันทึกมูลค่า,value date,value date,True,금융기관·은행,,1.0,1.0,1.0,0,,40,value date
KO-FIN-05181,VAR에 대해 자세히 알려주세요.,โปรดบอกฉันเพิ่มเติมเกี่ยวกับ VAR ครับ,VAR,VAR,True,해외송금·외환,,1.0,1.0,1.0,0,,0,
KO-FIN-05182,VAR을 확인하고 싶습니다.,ผมต้องการตรวจสอบ VAR,VAR,VAR,True,해외송금·외환,,1.0,1.0,1.0,0,,0,
KO-FIN-05185,VP이 무엇인지 설명해 주세요.,กรุณาอธิบายว่า รองประธาน คืออะไร,VP,VP,True,증권·예탁,,1.0,1.0,1.0,0,,40,VP
KO-FIN-05189,VPC이 무엇을 의미하나요?,VPC หมายความว่าอะไร?,VPC,VPC,True,금융시장·거래,지급결제·청산,1.0,1.0,1.0,0,,0,
KO-FIN-05193,VPS이 무엇인지 설명해 주세요.,โปรดอธิบายว่า VPS คืออะไร,VPS,VPS,True,증권·예탁,,1.0,1.0,1.0,0,,0,
KO-FIN-05199,WHITE KNIGHT과 관련된 내용을 확인하고 싶습니다.,ผมต้องการตรวจสอบข้อมูลที่เกี่ยวข้องกับ อัศวินขาว,WHITE KNIGHT,WHITE KNIGHT,True,기타 금융일반,,1.0,1.0,1.0,0,,40,WHITE KNIGHT
KO-FIN-05200,WHITE KNIGHT의 정확한 의미는 해당 금융거래의 맥락과 함께 확인해야 합니다.,ความหมายที่แม่นยำของ อัศวินขาว ต้องถูกกำหนดในบริบทของธุรกรรมทางการเงินที่เกี่ยวข้อง,WHITE KNIGHT,WHITE KNIGHT,True,기타 금융일반,,1.0,1.0,1.0,0,,40,WHITE KNIGHT
KO-FIN-05201,WILLIAMS ACT이 무엇인지 설명해 주세요.,โปรดอธิบายว่า พระราชบัญญัติวิลเลียมส์ คืออะไร,WILLIAMS ACT,WILLIAMS ACT,True,주식,,1.0,1.0,1.0,0,,40,WILLIAMS ACT
KO-FIN-05205,wire house이 무엇인지 설명해 주세요.,โปรดอธิบายว่า บริษัทหลักทรัพย์ คืออะไร,wire house,wire house,True,증권·예탁,,1.0,1.0,1.0,0,,40,wire house
KO-FIN-05209,WIT CAPITAL이 무엇인지 설명해 주세요.,โปรดอธิบายว่า WIT CAPITAL คืออะไร,WIT CAPITAL,WIT CAPITAL,True,증권·예탁,,1.0,1.0,1.0,0,,40,WIT CAPITAL
KO-FIN-05215,X-비효율성과 관련된 내용을 확인하고 싶습니다.,ผมต้องการตรวจสอบข้อมูลที่เกี่ยวข้องกับ X-inefficiency,X-비효율성,X-비효율성,True,기타 금융일반,,1.0,1.0,1.0,0,,0,
KO-FIN-05216,X-비효율성의 정확한 의미는 해당 금융거래의 맥락과 함께 확인해야 합니다.,ความหมายที่แม่นยำของ X-inefficiency ต้องถูกกำหนดในบริบทของธุรกรรมทางการเงินที่เกี่ยวข้อง,X-비효율성,X-비효율성,True,기타 금융일반,,1.0,1.0,1.0,0,,0,
KO-FIN-05217,X이 무엇인지 설명해 주세요.,โปรดอธิบายว่า X คืออะไร,X,X,True,주식,,1.0,1.0,1.0,0,,0,
KO-FIN-05223,XML과 관련된 내용을 확인하고 싶습니다.,ผมต้องการตรวจสอบข้อมูลที่เกี่ยวข้องกับ XML,XML,XML,True,기타 금융일반,,1.0,1.0,1.0,0,,0,
KO-FIN-05224,XML의 정확한 의미는 해당 금융거래의 맥락과 함께 확인해야 합니다.,ความหมายที่แม่นยำของ XML ต้องถูกกำหนดในบริบทของธุรกรรมทางการเงินที่เกี่ยวข้อง,XML,XML,True,기타 금융일반,,1.0,1.0,1.0,0,,0,
KO-FIN-05225,XR이 무엇인지 설명해 주세요.,กรุณาอธิบายว่า XR คืออะไร,XR,XR,True,주식,,1.0,1.0,1.0,0,,0,
KO-FIN-05229,XW이 무엇인지 설명해 주세요.,กรุณาอธิบายว่า XW คืออะไร,XW,XW,True,증권·예탁,,1.0,1.0,1.0,0,,0,
KO-FIN-05233,계좌 잔액을 확인하고 싶습니다.,ผมต้องการตรวจสอบยอดเงินในบัญชีของผม,,잔액,False,계좌,,1.0,1.0,1.0,0,,0,
KO-FIN-05234,최근 한 달간의 거래내역을 확인해 주세요.,โปรดตรวจสอบประวัติการทำธุรกรรมของคุณในช่วงเดือนที่ผ่านมา,,거래내역,False,계좌,,1.0,1.0,1.0,0,,0,
KO-FIN-05235,제 계좌번호를 어디에서 확인할 수 있나요?,ฉันสามารถหาหมายเลขบัญชีของฉันได้ที่ไหน?,,계좌번호,False,계좌,,1.0,1.0,1.0,0,,0,
KO-FIN-05236,입금한 금액이 계좌에 반영되었는지 확인해 주세요.,โปรดตรวจสอบว่าจำนวนเงินที่คุณได้ชำระแล้วได้ถูกบันทึกเข้าบัญชีของคุณแล้วหรือไม่,,입금,False,계좌,,1.0,1.0,1.0,0,,0,
KO-FIN-05237,제가 하지 않은 출금 내역이 있습니다.,มีธุรกรรมถอนเงินหนึ่งรายการที่ฉันไม่ได้ทำ,,출금,False,계좌,,1.0,1.0,1.0,0,,0,
KO-FIN-05238,이 계좌를 해지하려면 어떻게 해야 하나요?,ทำอย่างไรเพื่อปิดบัญชีนี้?,,계좌해지,False,계좌,,1.0,1.0,1.0,0,,0,
KO-FIN-05239,이 계좌로 돈을 이체하고 싶습니다.,ผมต้องการโอนเงินเข้าบัญชีนี้,,계좌이체,False,이체,,1.0,1.0,1.0,0,,0,
KO-FIN-05240,하루 이체한도는 얼마인가요?,ขีดจำกัดการโอนเงินต่อวันคือเท่าไร?,,이체한도,False,이체,,1.0,1.0,1.0,0,,0,
KO-FIN-05241,계좌이체 수수료가 있나요?,การโอนเงินผ่านธนาคารมีค่าธรรมเนียมหรือไม่?,,이체수수료,False,이체,,1.0,1.0,1.0,0,,0,
KO-FIN-05242,자동이체를 등록하고 싶습니다.,ผมต้องการตั้งระบบหักบัญชีอัตโนมัติ,,자동이체,False,이체,,1.0,1.0,1.0,0,,0,
KO-FIN-05244,다음 주 월요일로 예약이체를 설정해 주세요.,กรุณาตั้งคำสั่งโอนเงินอัตโนมัติสำหรับวันจันทร์หน้า,,예약이체,False,이체,,1.0,1.0,1.0,0,,0,
KO-FIN-05245,방금 잘못 이체했는데 취소할 수 있나요?,ผมเพิ่งทำผิดพลาดในการโอนเงินผ่านธนาคาร—สามารถยกเลิกได้ไหมครับ?,,이체취소,False,이체,,1.0,1.0,1.0,0,,0,
KO-FIN-05246,이체하기 전에 수취인 이름과 계좌번호를 확인해 주세요.,โปรดตรวจสอบชื่อผู้รับและหมายเลขบัญชีก่อนทำการโอนเงิน,,수취인,False,이체,,1.0,1.0,1.0,0,,0,
KO-FIN-05247,해외에 있는 가족에게 돈을 보내고 싶습니다.,ผมต้องการส่งเงินให้ครอบครัวที่อยู่ต่างประเทศครับ,,해외송금,False,해외송금·외환,,1.0,1.0,1.0,0,,0,
KO-FIN-05248,해외송금 수수료를 확인해 주세요.,โปรดตรวจสอบค่าธรรมเนียมการโอนเงินระหว่างประเทศ,,해외송금 수수료,False,해외송금·외환,,1.0,1.0,1.0,0,,0,
KO-FIN-05249,오늘 적용되는 원화와 달러의 환율을 알려주세요.,ช่วยบอกอัตราแลกเปลี่ยนวันนี้ระหว่างวอนเกาหลีและดอลลาร์สหรัฐได้ไหมครับ?,,환율,False,해외송금·외환,,1.0,1.0,1.0,0,,0,
KO-FIN-05250,해외송금에 필요한 SWIFT 코드는 어디에서 확인하나요?,สามารถหาโค้ด SWIFT ที่จำเป็นสำหรับการโอนเงินระหว่างประเทศได้ที่ไหน?,SWIFT,SWIFT 코드,False,해외송금·외환,,1.0,1.0,1.0,0,,0,
KO-FIN-05251,해외송금 전에 수취은행 정보를 확인하고 싶습니다.,ผมต้องการตรวจสอบข้อมูลธนาคารผู้รับก่อนที่จะทำการโอนเงินระหว่างประเทศ,,수취은행,False,해외송금·외환,,1.0,1.0,1.0,0,,0,
KO-FIN-05252,외국인 고객의 해외송금 한도는 얼마인가요?,มีข้อจำกัดในการโอนเงินไปต่างประเทศสำหรับลูกค้าต่างชาติอย่างไร?,,송금한도,False,해외송금·외환,,1.0,1.0,1.0,0,,0,
KO-FIN-05253,해외송금을 했는데 아직 수취인이 돈을 받지 못했습니다.,ผมได้โอนเงินระหว่างประเทศแล้ว แต่ผู้รับยังไม่ได้รับเงิน,,송금상태,False,해외송금·외환,,1.0,1.0,1.0,0,,0,
KO-FIN-05254,원화를 달러로 환전하고 싶습니다.,ผมต้องการแลกเปลี่ยนวอนเกาหลีเป็นดอลลาร์สหรัฐ,,환전,False,해외송금·외환,,1.0,1.0,1.0,0,,0,
KO-FIN-05255,이번 달 공과금을 납부하고 싶습니다.,ผมต้องการชำระค่าบริการสาธารณูปโภคของเดือนนี้,,공과금,False,공과금,,1.0,1.0,1.0,0,,0,
KO-FIN-05256,지난달 공과금 납부내역을 확인해 주세요.,โปรดตรวจสอบประวัติการชำระค่าบริการของเดือนที่แล้ว,,납부내역,False,공과금,,1.0,1.0,1.0,0,,0,
KO-FIN-05257,이 공과금의 납부기한은 언제인가요?,วันสุดท้ายที่ต้องชำระค่าบริการนี้คือเมื่อไหร่?,,납부기한,False,공과금,,1.0,1.0,1.0,0,,0,
KO-FIN-05258,전기요금을 자동납부로 등록하고 싶습니다.,ผมต้องการตั้งค่าการชำระค่าไฟฟ้าแบบอัตโนมัติ,,자동납부,False,공과금,,1.0,1.0,1.0,0,,0,
KO-FIN-05259,공과금을 납부했는데 미납으로 표시됩니다.,ผมได้ชำระค่าบริการแล้ว แต่ระบบยังแสดงว่าค้างชำระอยู่,,납부오류,False,공과금,,1.0,1.0,1.0,0,,0,
KO-FIN-05260,통장을 분실해서 분실신고를 하고 싶습니다.,ผมทำสมุดบัญชีธนาคารหาย และต้องการแจ้งว่าสมุดบัญชีนั้นหายแล้ว,,분실신고,False,금융 지원,,1.0,1.0,1.0,0,,0,
KO-FIN-05261,카드를 잃어버렸습니다. 바로 사용을 정지해 주세요.,ผมทำบัตรหายแล้วครับ โปรดระงับการใช้งานบัตรทันที,,카드분실,False,금융 지원,,1.0,1.0,1.0,0,,0,
KO-FIN-05262,상담원과 연결해 주세요.,ขอต่อสายให้ผมกับพนักงานคนหนึ่งได้ครับ,,고객센터,False,금융 지원,,1.0,1.0,1.0,0,,0,
KO-FIN-05263,베트남어로 안내를 받을 수 있나요?,ผมสามารถรับคำแนะนำเป็นภาษาเวียดนามได้ไหมครับ?,,다국어 ARS,False,금융 지원,,1.0,1.0,1.0,0,,0,
KO-FIN-05264,업무 처리를 위해 본인확인이 필요합니다.,เราจำเป็นต้องตรวจสอบตัวตนของคุณเพื่อดำเนินการตามคำขอของคุณ,,본인확인,False,금융 지원,,1.0,1.0,1.0,0,,0,
KO-FIN-05265,비밀번호를 여러 번 잘못 입력해서 이용이 제한되었습니다.,สิทธิ์การเข้าถึงของคุณถูกจำกัด เนื่องจากคุณได้ป้อนรหัสผ่านผิดหลายครั้งแล้ว,,비밀번호,False,금융 지원,,1.0,1.0,1.0,0,,0,
KO-FIN-05266,보이스피싱이 의심되는 송금을 했습니다. 어떻게 해야 하나요?,ผมได้ทำการชำระเงินแล้ว แต่สงสัยว่าอาจเกี่ยวข้องกับการหลอกลวงผ่านเสียง (voice phishing) ผมควรทำอย่างไร?,,보이스피싱,False,금융 지원,,1.0,1.0,1.0,0,,0,
KO-FIN-05267,정기예금 금리는 얼마인가요?,อัตราดอกเบี้ยของเงินฝากประจำคือเท่าไร?,,정기예금,False,예금상품,,1.0,1.0,1.0,0,,0,
KO-FIN-05268,외국인도 적금에 가입할 수 있나요?,ชาวต่างชาติสามารถเปิดบัญชีออมทรัพย์ได้หรือไม่?,,적금,False,예금상품,,1.0,1.0,1.0,0,,0,
KO-FIN-05269,예금을 중도해지하면 이자는 어떻게 되나요?,หากผมปิดบัญชีออมเงินก่อนกำหนด ดอกเบี้ยจะเป็นอย่างไร?,,중도해지,False,예금상품,,1.0,1.0,1.0,0,,0,
KO-FIN-05270,예금 만기일은 언제인가요?,วันครบกำหนดการฝากเงิน ความสุกงอม วันคือเมื่อไหร่?,만기,만기,True,예금상품,,1.0,1.0,1.0,0,,70,만기
KO-FIN-05271,외국인도 대출을 받을 수 있나요?,ชาวต่างชาติสามารถขอสินเชื่อได้หรือไม่?,,대출,False,대출,,1.0,1.0,1.0,0,,0,
KO-FIN-05272,대출금리는 어떻게 결정되나요?,อัตราดอกเบี้ยเงินกู้ถูกกำหนดอย่างไร?,,대출금리,False,대출,,1.0,1.0,1.0,0,,0,
KO-FIN-05273,대출금의 상환일은 언제인가요?,วัน การชำระหนี้ ของสัญญากู้เงินคือวันใด?,상환,상환일,False,대출,,1.0,1.0,1.0,0,,80,상환
KO-FIN-05274,대출금을 만기 전에 상환할 수 있나요?,ผมสามารถ การชำระหนี้ เงินกู้ก่อน ความสุกงอม ได้ไหม?,만기;상환,중도상환,False,대출,,1.0,0.0,1.0,0,,80,만기;상환
KO-FIN-05275,대출 상환일을 지나면 어떤 불이익이 있나요?,ผลจากการไม่ชำระหนี้เป็นเวลา การชำระหนี้ วันคืออะไร?,상환,연체,False,대출,,1.0,1.0,1.0,0,,80,상환
KO-FIN-05276,체크카드를 발급받고 싶습니다.,ผมต้องการสมัครบัตรเดบิต,,체크카드,False,카드·전자금융,,1.0,1.0,1.0,0,,0,
KO-FIN-05277,카드의 하루 결제한도는 얼마인가요?,ขีดจำกัดการใช้จ่ายรายวันของบัตรนี้คือเท่าไร?,,결제한도,False,카드·전자금융,,1.0,1.0,1.0,0,,0,
KO-FIN-05278,이 카드는 해외에서도 사용할 수 있나요?,บัตรนี้สามารถใช้ในต่างประเทศได้หรือไม่?,,해외결제,False,카드·전자금융,,1.0,1.0,1.0,0,,0,
KO-FIN-05279,취소한 카드 결제가 아직 환불되지 않았습니다.,การชำระเงินด้วยบัตรที่ถูกยกเลิกยังไม่ได้รับการคืนเงิน,,결제취소,False,카드·전자금융,,1.0,1.0,1.0,0,,0,
KO-FIN-05280,ATM에서 현금을 출금하려면 어떻게 해야 하나요?,ทำอย่างไรเพื่อถอนเงินสดจาก ATM?,ATM,ATM,True,카드·전자금융,,1.0,1.0,1.0,0,,0,
KO-FIN-05281,이번 달 보험료는 얼마인가요?,ค่าเบี้ยประกันเดือนนี้เท่าไรครับ?,,보험료,False,보험,,1.0,1.0,1.0,0,,0,
KO-FIN-05282,보험금을 청구하려면 어떤 서류가 필요한가요?,เอกสารใดบ้างที่จำเป็นสำหรับการยื่นคำขอรับเงินประกัน?,,보험금,False,보험,,1.0,1.0,1.0,0,,0,
KO-FIN-05283,이 보험에서 보장되는 항목을 알려주세요.,ขอรบกวนช่วยบอกผมหน่อยได้ไหมว่ากรมธรรม์ประกันภัยนี้ครอบคลุมอะไรบ้าง?,,보장내용,False,보험,,1.0,1.0,1.0,0,,0,
KO-FIN-05284,연금은 언제부터 받을 수 있나요?,เมื่อไหร่ผมจะเริ่มรับเงินบำนาญได้?,,연금,False,연금,,1.0,1.0,1.0,0,,0,
KO-FIN-05285,연금 납입내역을 확인하고 싶습니다.,ผมต้องการตรวจสอบประวัติการจ่ายเงินสมทบเงินบำนาญของผม,,납입내역,False,연금,,1.0,1.0,1.0,0,,0,
