sentence_id,ko_source,target_sentence,terms_used,known_term,known_term_matched,category,related_category,identifier_survival_rate,identifier_order_preserved_rate,restore_success_rate,fallback_used,lost_terms,max_suspicion_score,flagged_terms
KO-FIN-00001,가격역지정 주문이 무엇을 의미하나요?,Ano ang ibig sabihin ng Mga order sa presyo?,가격역지정 주문,가격역지정 주문,True,금융시장·거래,,1.0,1.0,1.0,0,,0,
KO-FIN-00005,가격우선의 원칙이 무엇을 의미하나요?,Ano ang ibig sabihin ng Ang Prinsipyo ng Pagmamay-ari ng presyo?,가격우선의 원칙,가격우선의 원칙,True,금융시장·거래,,1.0,1.0,1.0,0,,0,
KO-FIN-00009,가격제한폭이 무엇을 의미하나요?,Ano ang ibig sabihin ng Mga limitasyon sa presyo?,가격제한폭,가격제한폭,True,금융시장·거래,,1.0,1.0,1.0,0,,0,
KO-FIN-00014,가교은행에서 이용할 수 있는 금융업무는 무엇인가요?,Ano ang mga serbisyo sa pananalapi na magagamit sa Ang mga bangko ng sasakyan?,가교은행,가교은행,True,금융기관·은행,,1.0,1.0,1.0,0,,40,가교은행
KO-FIN-00019,가산금리에 대해 상담받고 싶습니다.,Gusto kong kumunsulta tungkol sa Pag-aalaga ng mga hayop.,가산금리,가산금리,True,대출,,1.0,1.0,1.0,0,,40,가산금리
KO-FIN-00022,가쇄 처리 절차를 확인하고 싶습니다.,Gusto kong suriin ang proseso ng pagproseso.,가쇄,가쇄,True,증권·예탁,금융법규·감독,0.0,1.0,0.0,0,가쇄,70,가쇄
KO-FIN-00026,가압류의 조건과 수익 구조를 확인하고 싶습니다.,Gusto kong suriin ang mga kondisyon at istraktura ng kita ng Mga bituka.,가압류,가압류,True,채권,,1.0,1.0,1.0,0,,50,가압류
KO-FIN-00029,가중주가평균이 무엇인지 설명해 주세요.,Ipaliwanag kung ano ang Ang mga taong sobra sa timbang ay.,가중주가평균,가중주가평균,True,주식,금융시장·거래,1.0,1.0,1.0,0,,40,가중주가평균
KO-FIN-00033,간사단이 무엇인지 설명해 주세요.,Ipaliwanag kung ano ang Mga Tagapangasiwa.,간사단,간사단,True,증권·예탁,,1.0,1.0,1.0,0,,40,간사단
KO-FIN-00038,간사회사 처리 절차를 확인하고 싶습니다.,Gusto kong suriin ang proseso ng pagproseso.,간사회사,간사회사,True,증권·예탁,금융기관·은행,0.0,1.0,0.0,0,간사회사,40,간사회사
KO-FIN-00043,간접공시 때문에 추가로 확인해야 할 사항이 있나요?,Mayroon bang karagdagang mga bagay na dapat kong suriin dahil sa Sa pamamagitan ng hindi direktang pagpapakita?,간접공시,간접공시,True,금융법규·감독,금융시장·거래,1.0,1.0,1.0,0,,40,간접공시
KO-FIN-00044,간접공시의 적용 범위는 관련 법령과 규정에 따라 달라질 수 있습니다.,Ang saklaw ng Sa pamamagitan ng hindi direktang pagpapakita ay maaaring mag-iiba depende sa mga kaugnay na batas at regulasyon.,간접공시,간접공시,True,금융법규·감독,금융시장·거래,1.0,1.0,1.0,0,,40,간접공시
KO-FIN-00046,간접금융에서 이용할 수 있는 금융업무는 무엇인가요?,Ano ang mga serbisyo sa pananalapi na magagamit sa Hindi direktang pagpopondo?,간접금융,간접금융,True,금융기관·은행,,1.0,1.0,1.0,0,,0,
KO-FIN-00049,간접모집이 무엇인지 설명해 주세요.,Ipaliwanag kung ano ang Hindi direktang pag-aalaga.,간접모집,간접모집,True,증권·예탁,,1.0,1.0,1.0,0,,20,간접모집
KO-FIN-00054,간접발행을 이용하려면 어떤 조건이 필요한가요?,Ano ang mga kundisyon para magamit ang Di-tuwid na pag-akyat?,간접발행,간접발행,True,기업금융·자본조달,,1.0,1.0,1.0,0,,40,간접발행
KO-FIN-00055,간접발행과 관련된 비용과 절차를 확인하고 싶습니다.,Gusto kong suriin ang mga gastos at pamamaraan na nauugnay sa Di-tuwid na pag-akyat.,간접발행,간접발행,True,기업금융·자본조달,,1.0,1.0,1.0,0,,40,간접발행
KO-FIN-00058,간접점유 처리 절차를 확인하고 싶습니다.,Gusto kong suriin ang proseso ng pagproseso.,간접점유,간접점유,True,증권·예탁,법률·계약 / 금융법규·감독,0.0,1.0,0.0,0,간접점유,20,간접점유
KO-FIN-00064,간접참가자를 확인할 때 시장 상황과 거래 조건을 함께 살펴보세요.,"Kapag sinusuri mo ang Ang mga hindi direktang kasapi, suriin ang mga kondisyon ng merkado at ang mga kondisyon ng kalakalan.",간접참가자,간접참가자,True,금융시장·거래,,1.0,1.0,1.0,0,,40,간접참가자
KO-FIN-00066,간주 처리 절차를 확인하고 싶습니다.,Gusto kong suriin ang proseso ng pagproseso.,간주,간주,True,증권·예탁,,0.0,1.0,0.0,0,간주,70,간주
KO-FIN-00069,감리대상종목이 무엇을 의미하나요?,Ano ang ibig sabihin ng Ang mga species ng pandaraya?,감리대상종목,감리대상종목,True,금융시장·거래,,1.0,1.0,1.0,0,,40,감리대상종목
KO-FIN-00073,감자차익이 무엇인지 설명해 주세요.,Ipaliwanag kung ano ang Ang mga patatas na tsokolate.,감자차익,감자차익,True,주식,,1.0,1.0,1.0,0,,20,감자차익
KO-FIN-00077,감채기금이 무엇인지 설명해 주세요.,Ipaliwanag kung ano ang Ang mga utang sa utang.,감채기금,감채기금,True,채권,,1.0,1.0,1.0,0,,40,감채기금
KO-FIN-00081,감채기금부채권이 무엇인지 설명해 주세요.,Ipaliwanag kung ano ang Mga utang na may utang.,감채기금부채권,감채기금부채권,True,채권,,1.0,1.0,1.0,0,,20,감채기금부채권
KO-FIN-00085,강세장이 무엇을 의미하나요?,Ano ang ibig sabihin ng Kapamilya.?,강세장,강세장,True,금융시장·거래,,1.0,1.0,1.0,0,,40,강세장
KO-FIN-00090,강제매수와 관련된 시장 정보를 확인하고 싶습니다.,Gusto kong suriin ang impormasyon ng merkado na nauugnay sa Pinipilit na mangangalakal.,강제매수,강제매수,True,금융시장·거래,,1.0,1.0,1.0,0,,20,강제매수
KO-FIN-00095,개발신탁에 가입하기 전에 어떤 점을 확인해야 하나요?,Ano ang dapat mong suriin bago sumali sa Pag-aalaga sa pag-unlad?,개발신탁,개발신탁,True,펀드·신탁,,1.0,1.0,1.0,0,,40,개발신탁
KO-FIN-00098,개방식 담보사채의 조건과 수익 구조를 확인하고 싶습니다.,Gusto kong suriin ang mga kondisyon at istraktura ng kita ng Bukas na garantiya.,개방식 담보사채,개방식 담보사채,True,채권,,1.0,1.0,1.0,0,,20,개방식 담보사채
KO-FIN-00104,개방형 리포의 적용 여부는 계약 내용과 관련 법령을 확인해야 합니다.,Dapat mong suriin ang nilalaman ng Bukas na ulat at ang mga kaugnay na batas.,개방형 리포;계약,개방형 리포,True,법률·계약,,0.5,1.0,0.5,0,계약,30,개방형 리포;계약
KO-FIN-00107,개방형 투자신탁에 가입하기 전에 어떤 점을 확인해야 하나요?,Ano ang dapat mong suriin bago sumali sa Bukas na Pananampalataya sa Pamumuhunan?,개방형 투자신탁,개방형 투자신탁,True,펀드·신탁,자산운용·투자,1.0,1.0,1.0,0,,40,개방형 투자신탁
KO-FIN-00111,개별결제 과정에서 문제가 발생한 것 같습니다.,Mukhang may problema sa Mga indibidwal na solusyon.,개별결제,개별결제,True,지급결제·청산,,1.0,1.0,1.0,0,,0,
KO-FIN-00114,개별경쟁매매와 관련된 시장 정보를 확인하고 싶습니다.,Gusto kong suriin ang impormasyon ng merkado na nauugnay sa Pagbebenta ng indibidwal na paligsahan.,개별경쟁매매,개별경쟁매매,True,금융시장·거래,,1.0,1.0,1.0,0,,40,개별경쟁매매
KO-FIN-00117,개시증거금이 무엇인지 쉽게 설명해 주세요.,Ipaliwanag mo kung ano ang Ang pambungad na katibayan.,개시증거금,개시증거금,True,파생상품,,1.0,1.0,1.0,0,,20,개시증거금
KO-FIN-00121,거래량비율이 무엇을 의미하나요?,Ano ang ibig sabihin ng Mga rate ng kalakalan?,거래량비율,거래량비율,True,금융시장·거래,,1.0,1.0,1.0,0,,0,
KO-FIN-00125,거래량회전율이 무엇을 의미하나요?,Ano ang ibig sabihin ng Ang halaga ng kalakalan?,거래량회전율,거래량회전율,True,금융시장·거래,,1.0,1.0,1.0,0,,40,거래량회전율
KO-FIN-00129,거래성립률이 무엇을 의미하나요?,Ano ang ibig sabihin ng Ang pagiging matatag ng kalakalan?,거래성립률,거래성립률,True,금융시장·거래,,1.0,1.0,1.0,0,,40,거래성립률
KO-FIN-00133,거래소 시장이 무엇을 의미하나요?,Ano ang ibig sabihin ng Mga merkado ng palitan?,거래소 시장,거래소 시장,True,금융시장·거래,,1.0,1.0,1.0,0,,0,
KO-FIN-00137,거래소 회원이 무엇을 의미하나요?,Ano ang ibig sabihin ng Mga kasapi ng palitan?,거래소 회원,거래소 회원,True,금융시장·거래,,1.0,1.0,1.0,0,,20,거래소 회원
KO-FIN-00142,거래취소와 관련된 시장 정보를 확인하고 싶습니다.,Gusto kong suriin ang impormasyon ng merkado na nauugnay sa Mga lugar ng kalakalan..,거래취소,거래취소,True,금융시장·거래,지급결제·청산,1.0,1.0,1.0,0,,40,거래취소
KO-FIN-00146,건설이자와 관련된 정보를 확인하고 싶습니다.,Gusto kong suriin ang impormasyon tungkol sa Ang pagbuo at.,건설이자,건설이자,True,주식,,1.0,1.0,1.0,0,,40,건설이자
KO-FIN-00149,겐사끼시장이 무엇을 의미하나요?,Ano ang ibig sabihin ng Mercado ng Genes.?,겐사끼시장,겐사끼시장,True,금융시장·거래,,1.0,1.0,1.0,0,,20,겐사끼시장
KO-FIN-00154,격탁매매와 관련된 시장 정보를 확인하고 싶습니다.,Gusto kong suriin ang impormasyon ng merkado na nauugnay sa Pag-aabang ng table..,격탁매매,격탁매매,True,금융시장·거래,,1.0,1.0,1.0,0,,40,격탁매매
KO-FIN-00157,견양증권이 무엇인지 설명해 주세요.,Ipaliwanag kung ano ang Mga sertipiko ng suporta.,견양증권,견양증권,True,증권·예탁,,1.0,1.0,1.0,0,,40,견양증권
KO-FIN-00162,결산을 통해 어떤 정보를 확인할 수 있나요?,Anong impormasyon ang maaari mong suriin sa Ang pagputol?,결산,결산,True,회계·재무,,1.0,1.0,1.0,0,,70,결산
KO-FIN-00164,결산은 기준 시점과 작성 기준을 함께 확인해야 합니다.,Ang Ang pagputol ay dapat na i-verify kasama ang mga pamantayan ng oras at mga pamantayan ng pagsulat.,결산,결산,True,회계·재무,,1.0,1.0,1.0,0,,70,결산
KO-FIN-00168,결산보고서는 기준 시점과 작성 기준을 함께 확인해야 합니다.,Dapat mong suriin ang Mga ulat ng pagbabayad. kasama ang mga pamantayan ng oras at mga pamantayan ng pagsulat.,결산보고서,결산보고서,True,회계·재무,,1.0,1.0,1.0,0,,0,
KO-FIN-00169,결제기구가 무엇인지 설명해 주세요.,Ipaliwanag kung ano ang Mga aparato ng pagbabayad.,결제기구,결제기구,True,지급결제·청산,증권·예탁 / 금융시장·거래,1.0,1.0,1.0,0,,20,결제기구
KO-FIN-00173,결제기금이 무엇인지 설명해 주세요.,Ipaliwanag kung ano ang Mga pondo ng pagbabayad.,결제기금,결제기금,True,지급결제·청산,,1.0,1.0,1.0,0,,0,
KO-FIN-00177,결제대금주선제도가 무엇인지 설명해 주세요.,Ipaliwanag kung ano ang Ang sistema ng pagbabayad ng utang..,결제대금주선제도,결제대금주선제도,True,지급결제·청산,금융기관·은행 / 증권·예탁,1.0,1.0,1.0,0,,40,결제대금주선제도
KO-FIN-00181,결제대용증이 무엇인지 설명해 주세요.,Ipaliwanag kung ano ang Pagpapahintulot sa pagbabayad.,결제대용증,결제대용증,True,지급결제·청산,증권·예탁,1.0,1.0,1.0,0,,40,결제대용증
KO-FIN-00185,결제리스크 관리제도가 무엇인지 설명해 주세요.,Ipaliwanag kung ano ang Ang pagmamaneho ng panganib sa pagbabayad.,결제리스크 관리제도,결제리스크 관리제도,True,지급결제·청산,신용·리스크 / 금융기관·은행,1.0,1.0,1.0,0,,40,결제리스크 관리제도
KO-FIN-00191,결제불이행거래 과정에서 문제가 발생한 것 같습니다.,Mukhang may problema sa Ang pagbabayad ng utang..,결제불이행거래,결제불이행거래,True,지급결제·청산,금융시장·거래,1.0,1.0,1.0,0,,40,결제불이행거래
KO-FIN-00193,결제순서조작이 무엇인지 설명해 주세요.,Ipaliwanag kung ano ang Pag-aayos ng mga order ng pagtatapos.,결제순서조작,결제순서조작,True,지급결제·청산,,1.0,1.0,1.0,0,,40,결제순서조작
KO-FIN-00197,결제시한이 무엇인지 설명해 주세요.,Ipaliwanag kung ano ang Nakumpleto na.,결제시한,결제시한,True,지급결제·청산,,1.0,1.0,1.0,0,,60,결제시한
KO-FIN-00205,결제위험의 비대칭성이 무엇인지 설명해 주세요.,Ipaliwanag kung ano ang Ang hindi pagkakapareho ng panganib sa pagbabayad.,결제위험의 비대칭성,결제위험의 비대칭성,True,지급결제·청산,신용·리스크 / 금융시장·거래,1.0,1.0,1.0,0,,0,
KO-FIN-00209,결제은행제도가 무엇인지 설명해 주세요.,Ipaliwanag kung ano ang Ang sistema ng pagbabayad..,결제은행제도,결제은행제도,True,지급결제·청산,금융기관·은행,1.0,1.0,1.0,0,,20,결제은행제도
KO-FIN-00213,결제일이 무엇인지 설명해 주세요.,Ipaliwanag kung ano ang Araw ng pagtatapos.,결제일,결제일,True,지급결제·청산,,1.0,1.0,1.0,0,,40,결제일
KO-FIN-00217,결제적체현상이 무엇인지 설명해 주세요.,Ipaliwanag kung ano ang Ang pangwakas na bagay.,결제적체현상,결제적체현상,True,지급결제·청산,,1.0,1.0,1.0,0,,40,결제적체현상
KO-FIN-00221,결제전 예납이 무엇을 의미하나요?,Ano ang ibig sabihin ng Ang pagbabayad.?,결제전 예납,결제전 예납,True,금융시장·거래,지급결제·청산,1.0,1.0,1.0,0,,40,결제전 예납
KO-FIN-00225,결제후 업무처리가 무엇인지 설명해 주세요.,Ipaliwanag kung ano ang Pagpapatupad ng mga gawain pagkatapos ng pagbabayad.,결제후 업무처리,결제후 업무처리,True,지급결제·청산,,1.0,1.0,1.0,0,,60,결제후 업무처리
KO-FIN-00234,겸업주의에서 이용할 수 있는 금융업무는 무엇인가요?,Ano ang mga serbisyo sa pananalapi na magagamit sa Nagtatagumpay sa negosyo?,겸업주의,겸업주의,True,금융기관·은행,,1.0,1.0,1.0,0,,40,겸업주의
KO-FIN-00238,경개의 조건과 수익 구조를 확인하고 싶습니다.,Gusto kong suriin ang mga kondisyon at istraktura ng kita ng Ang buwaya..,경개,경개,True,채권,증권·예탁 / 법률·계약 / 금융시장·거래,1.0,1.0,1.0,0,,70,경개
KO-FIN-00241,경개적 차감이 무엇인지 설명해 주세요.,Ipaliwanag kung ano ang Ang pag-iipon ng pag-iipon.,경개적 차감,경개적 차감,True,채권,,1.0,1.0,1.0,0,,20,경개적 차감
KO-FIN-00248,경과이자를 확인할 때 시장 상황과 거래 조건을 함께 살펴보세요.,"Kapag sinusuri mo ang Ang mga pag-aaral at, suriin ang mga sitwasyon sa merkado at ang mga kondisyon ng kalakalan.",경과이자,경과이자,True,금융시장·거래,,1.0,1.0,1.0,0,,40,경과이자
KO-FIN-00251,최근 경기종합지수의 변화를 확인하고 싶습니다.,Gusto kong suriin ang mga kamakailang pagbabago sa Ang total ng mga laro.,경기종합지수,경기종합지수,True,경제·거시금융,,1.0,1.0,1.0,0,,40,경기종합지수
KO-FIN-00255,최근 경상수지의 변화를 확인하고 싶습니다.,Gusto kong suriin ang mga kamakailang pagbabago sa Ang pag-iingat..,경상수지,경상수지,True,경제·거시금융,,1.0,1.0,1.0,0,,40,경상수지
KO-FIN-00258,경쟁매매와 관련된 시장 정보를 확인하고 싶습니다.,Gusto kong suriin ang impormasyon ng merkado na nauugnay sa Pagbebenta ng kumpetisyon.,경쟁매매,경쟁매매,True,금융시장·거래,,1.0,1.0,1.0,0,,20,경쟁매매
KO-FIN-00263,최근 경제통합의 변화를 확인하고 싶습니다.,Gusto kong suriin ang mga kamakailang pagbabago sa Pang-ekonomiyang pagsasama.,경제통합,경제통합,True,경제·거시금융,,1.0,1.0,1.0,0,,0,
KO-FIN-00264,경제통합은 다른 경제지표와 함께 해석하는 것이 좋습니다.,Ang Pang-ekonomiyang pagsasama ay mas mahusay na ipaliwanag kasama ang iba pang mga tagapagpahiwatig ng ekonomiya.,경제통합,경제통합,True,경제·거시금융,,1.0,1.0,1.0,0,,0,
KO-FIN-00267,최근 경제협력개발기구의 변화를 확인하고 싶습니다.,Gusto kong suriin ang mga kamakailang pagbabago sa Organisasyon para sa Pang-ekonomiyang Pakikipagtulungan at Pag-unlad.,경제협력개발기구,경제협력개발기구,True,경제·거시금융,,1.0,1.0,1.0,0,,0,
KO-FIN-00272,계약의 적용 여부는 계약 내용과 관련 법령을 확인해야 합니다.,Dapat mong suriin ang nilalaman ng Mga kontrata at ang mga kaugnay na batas.,계약;계약,계약,True,법률·계약,,0.5,1.0,0.5,0,계약,30,계약;계약
KO-FIN-00275,계약형투자신탁에 가입하기 전에 어떤 점을 확인해야 하나요?,Ano ang dapat mong suriin bago sumali sa Mga kontrata sa pamumuhunan.?,계약형투자신탁,계약형투자신탁,True,펀드·신탁,자산운용·투자 / 법률·계약,1.0,1.0,1.0,0,,20,계약형투자신탁
KO-FIN-00279,계절주와 관련해 투자 전에 확인해야 할 사항이 있나요?,Mayroon bang mga bagay na dapat mong suriin bago mamuhunan tungkol sa Ang mga panahon?,계절주,계절주,True,주식,,1.0,1.0,1.0,0,,40,계절주
KO-FIN-00282,계좌대체 처리 절차를 확인하고 싶습니다.,Gusto kong suriin ang proseso ng pagproseso.,계좌대체,계좌대체,True,증권·예탁,,0.0,1.0,0.0,0,계좌대체,40,계좌대체
KO-FIN-00285,계좌설정이 무엇인지 설명해 주세요.,Ipaliwanag kung ano ang Pag-set up ng account.,계좌설정,계좌설정,True,증권·예탁,,1.0,1.0,1.0,0,,0,
KO-FIN-00290,고객계좌부 처리 절차를 확인하고 싶습니다.,Gusto kong suriin ang proseso ng pagproseso.,고객계좌부,고객계좌부,True,증권·예탁,,0.0,1.0,0.0,0,고객계좌부,0,
KO-FIN-00294,고객계좌자동이전서비스 처리 절차를 확인하고 싶습니다.,Gusto kong suriin ang proseso ng pagproseso.,고객계좌자동이전서비스,고객계좌자동이전서비스,True,증권·예탁,,0.0,1.0,0.0,0,고객계좌자동이전서비스,20,고객계좌자동이전서비스
KO-FIN-00298,고객예탁금 이용료 처리 절차를 확인하고 싶습니다.,Gusto kong suriin ang proseso ng pagproseso.,고객예탁금 이용료,고객예탁금 이용료,True,증권·예탁,,0.0,1.0,0.0,0,고객예탁금 이용료,0,
KO-FIN-00301,고객예탁분이 무엇인지 설명해 주세요.,Ipaliwanag kung ano ang Ang mga customer reservation..,고객예탁분,고객예탁분,True,증권·예탁,,1.0,1.0,1.0,0,,0,
KO-FIN-00305,고객예탁증권이 무엇인지 설명해 주세요.,Ipaliwanag kung ano ang Mga pasilidad ng customer..,고객예탁증권,고객예탁증권,True,증권·예탁,,1.0,1.0,1.0,0,,20,고객예탁증권
KO-FIN-00310,고오든 모형은 금융상품을 분석할 때 어떻게 사용되나요?,Paano ginagamit ang Ang modelo ng Gooden. kapag sinusuri ang mga produktong pinansyal?,고오든 모형,고오든 모형,True,금융공학·분석,,1.0,1.0,1.0,0,,20,고오든 모형
KO-FIN-00312,고오든 모형의 결과는 사용한 가정과 시장 데이터에 따라 달라질 수 있습니다.,Ang mga resulta ng Ang modelo ng Gooden. ay maaaring mag-iiba depende sa mga pinag-aasang data at merkado na ginamit.,고오든 모형,고오든 모형,True,금융공학·분석,,1.0,1.0,1.0,0,,20,고오든 모형
KO-FIN-00315,고정형 투자신탁에 가입하기 전에 어떤 점을 확인해야 하나요?,Ano ang dapat mong suriin bago sumali sa Pinakamataas na pananaligang katiwalaan?,고정형 투자신탁,고정형 투자신탁,True,펀드·신탁,자산운용·투자,1.0,1.0,1.0,0,,40,고정형 투자신탁
KO-FIN-00317,고정환율제도에 대해 자세히 알려주세요.,Magbigay ng detalye tungkol sa Fixed rate ng palitan.,고정환율제도,고정환율제도,True,해외송금·외환,,1.0,1.0,1.0,0,,0,
KO-FIN-00323,골든 크로스와 관련해 투자 전에 확인해야 할 사항이 있나요?,Mayroon bang mga bagay na dapat mong suriin bago mamuhunan tungkol sa Ang Golden Cross.?,골든 크로스,골든 크로스,True,주식,,1.0,1.0,1.0,0,,0,
KO-FIN-00326,공개/발성호가와 관련된 시장 정보를 확인하고 싶습니다.,Gusto kong suriin ang impormasyon ng merkado na nauugnay sa Ang Open Source ay.,공개/발성호가,공개/발성호가,True,금융시장·거래,,1.0,1.0,1.0,0,,40,공개/발성호가
KO-FIN-00330,공개매수와 관련된 시장 정보를 확인하고 싶습니다.,Gusto kong suriin ang impormasyon ng merkado na nauugnay sa Pampublikong pagbebenta.,공개매수,공개매수,True,금융시장·거래,금융법규·감독,1.0,1.0,1.0,0,,0,
KO-FIN-00334,공개매수설명서와 관련된 시장 정보를 확인하고 싶습니다.,Gusto kong suriin ang impormasyon ng merkado na nauugnay sa Mga pahayag ng pagbebenta..,공개매수설명서,공개매수설명서,True,금융시장·거래,,1.0,1.0,1.0,0,,40,공개매수설명서
KO-FIN-00338,공개매수신고서와 관련된 시장 정보를 확인하고 싶습니다.,Gusto kong suriin ang impormasyon ng merkado na nauugnay sa Sa pamamagitan ng pagbebenta sa publiko..,공개매수신고서,공개매수신고서,True,금융시장·거래,증권·예탁,1.0,1.0,1.0,0,,20,공개매수신고서
KO-FIN-00341,공개법인이 무엇을 의미하나요?,Ano ang ibig sabihin ng Pangkalahatang Batas?,공개법인,공개법인,True,금융시장·거래,자산운용·투자 / 증권·예탁,1.0,1.0,1.0,0,,40,공개법인
KO-FIN-00345,공개시장조작이 무엇을 의미하나요?,Ano ang ibig sabihin ng Pangkalahatang pagbebenta?,공개시장조작,공개시장조작,True,금융시장·거래,금융기관·은행 / 증권·예탁,1.0,1.0,1.0,0,,40,공개시장조작
KO-FIN-00351,공기업과 관련된 투자 정보를 확인하고 싶습니다.,Gusto kong suriin ang impormasyon ng pamumuhunan na nauugnay sa Airline.,공기업,공기업,True,자산운용·투자,,1.0,1.0,1.0,0,,20,공기업
KO-FIN-00354,공동간사회사 처리 절차를 확인하고 싶습니다.,Gusto kong suriin ang proseso ng pagproseso.,공동간사회사,공동간사회사,True,증권·예탁,기업금융·자본조달,0.0,1.0,0.0,0,공동간사회사,20,공동간사회사
KO-FIN-00360,공동대리의 적용 여부는 계약 내용과 관련 법령을 확인해야 합니다.,Dapat mong suriin ang nilalaman ng Mga kapareha at ang mga kaugnay na batas.,공동대리;계약,공동대리,True,법률·계약,,0.5,1.0,0.5,0,계약,40,공동대리;계약
KO-FIN-00361,공동지배인이 금융거래에 어떻게 적용되나요?,Paano ito nalalapat sa pananalapi?,공동지배인,공동지배인,True,금융법규·감독,,0.0,1.0,0.0,0,공동지배인,20,공동지배인
KO-FIN-00363,공동지배인 때문에 추가로 확인해야 할 사항이 있나요?,Mayroon bang karagdagang mga bagay na dapat kong suriin dahil sa Ang co-host.?,공동지배인,공동지배인,True,금융법규·감독,,1.0,1.0,1.0,0,,20,공동지배인
KO-FIN-00366,공매도와 관련된 시장 정보를 확인하고 싶습니다.,Gusto kong suriin ang impormasyon ng merkado na nauugnay sa Ang mga pampublikong alok..,공매도,공매도,True,금융시장·거래,주식,1.0,1.0,1.0,0,,0,
KO-FIN-00370,공매수와 관련된 시장 정보를 확인하고 싶습니다.,Gusto kong suriin ang impormasyon ng merkado na nauugnay sa Pangkalahatang presyo.,공매수,공매수,True,금융시장·거래,,1.0,1.0,1.0,0,,40,공매수
KO-FIN-00376,공모의 세부 조건과 절차는 거래 유형에 따라 달라질 수 있습니다.,Ang mga detalyadong kondisyon at pamamaraan ng Ang pakikipagtulungan ay maaaring mag-iiba depende sa uri ng transaksyon.,공모,공모,True,기업금융·자본조달,증권·예탁 / 자산운용·투자 / 금융법규·감독,1.0,1.0,1.0,0,,70,공모
KO-FIN-00380,공모부대서비스회사의 세부 조건과 절차는 거래 유형에 따라 달라질 수 있습니다.,Ang mga detalyadong kondisyon at pamamaraan ng Kumpanya ng Serbisyong Pampublikong ay maaaring mag-iiba depende sa uri ng transaksyon.,공모부대서비스회사,공모부대서비스회사,True,기업금융·자본조달,,1.0,1.0,1.0,0,,20,공모부대서비스회사
KO-FIN-00382,공모증자와 관련된 정보를 확인하고 싶습니다.,Gusto kong suriin ang impormasyon tungkol sa Mga saksi ng kasamaan..,공모증자,공모증자,True,주식,기업금융·자본조달 / 증권·예탁,1.0,1.0,1.0,0,,40,공모증자
KO-FIN-00388,공모채의 세부 조건과 절차는 거래 유형에 따라 달라질 수 있습니다.,Ang mga detalyadong kondisyon at pamamaraan ng Mga pantay na utang ay maaaring mag-iiba depende sa uri ng transaksyon.,공모채,공모채,True,기업금융·자본조달,채권,1.0,1.0,1.0,0,,40,공모채
KO-FIN-00389,공사채등록법이 무엇인지 설명해 주세요.,Ipaliwanag kung ano ang Ang Batas sa Pagrehistro ng Debate.,공사채등록법,공사채등록법,True,채권,,1.0,1.0,1.0,0,,20,공사채등록법
KO-FIN-00395,공사채형투자신탁에 가입하기 전에 어떤 점을 확인해야 하나요?,Ano ang dapat mong suriin bago sumali sa Ang mga tungkulin sa pamumuhunan.?,공사채형투자신탁,공사채형투자신탁,True,펀드·신탁,채권 / 자산운용·투자,1.0,1.0,1.0,0,,40,공사채형투자신탁
KO-FIN-00399,공시 때문에 추가로 확인해야 할 사항이 있나요?,Mayroon bang karagdagang mga bagay na dapat kong suriin dahil sa Ang pag-uusap?,공시,공시,True,금융법규·감독,증권·예탁 / 자산운용·투자 / 법률·계약,1.0,1.0,1.0,0,,70,공시
KO-FIN-00400,공시의 적용 범위는 관련 법령과 규정에 따라 달라질 수 있습니다.,Ang saklaw ng Ang pag-uusap ay maaaring mag-iiba depende sa mga kaugnay na batas at regulasyon.,공시,공시,True,금융법규·감독,증권·예탁 / 자산운용·투자 / 법률·계약,1.0,1.0,1.0,0,,70,공시
KO-FIN-00404,공시최고의 적용 여부는 계약 내용과 관련 법령을 확인해야 합니다.,Dapat mong suriin ang nilalaman ng Ang pinaka-publiko at ang mga kaugnay na batas.,공시최고;계약,공시최고,True,법률·계약,금융법규·감독,0.5,1.0,0.5,0,계약,40,공시최고;계약
KO-FIN-00405,공신의 원칙이 무엇인지 설명해 주세요.,Ipaliwanag kung ano ang Mga Prinsipyo ng Diyos.,공신의 원칙,공신의 원칙,True,증권·예탁,법률·계약,1.0,1.0,1.0,0,,0,
KO-FIN-00409,공인중개인이 무엇을 의미하나요?,Ano ang ibig sabihin ng Ang mga pampublikong?,공인중개인,공인중개인,True,금융시장·거래,,1.0,1.0,1.0,0,,40,공인중개인
KO-FIN-00413,공정거래법이 무엇을 의미하나요?,Ano ang ibig sabihin ng Batas ng patas na kalakalan?,공정거래법,공정거래법,True,금융시장·거래,,1.0,1.0,1.0,0,,0,
KO-FIN-00418,공정게임모형은 금융상품을 분석할 때 어떻게 사용되나요?,Paano ginagamit ang Ang patas na modelo ng laro kapag sinusuri ang mga produktong pinansyal?,공정게임모형,공정게임모형,True,금융공학·분석,,1.0,1.0,1.0,0,,0,
KO-FIN-00420,공정게임모형의 결과는 사용한 가정과 시장 데이터에 따라 달라질 수 있습니다.,Ang mga resulta ng Ang patas na modelo ng laro ay maaaring mag-iiba depende sa mga pinag-aasang data at merkado na ginamit.,공정게임모형,공정게임모형,True,금융공학·분석,,1.0,1.0,1.0,0,,0,
KO-FIN-00424,공정할인율과 관련된 세부 업무는 해당 기관의 안내를 확인해 주세요.,Para sa mga detalyadong gawain na nauugnay sa Ang mga patas na rate mangyaring suriin ang mga tagubilin ng nasabing ahensya.,공정할인율,공정할인율,True,금융기관·은행,,1.0,1.0,1.0,0,,20,공정할인율
KO-FIN-00426,공채의 조건과 수익 구조를 확인하고 싶습니다.,Gusto kong suriin ang mga kondisyon at istraktura ng kita ng Mga utang.,공채,공채,True,채권,,1.0,1.0,1.0,0,,30,공채
KO-FIN-00430,관계회사와 관련된 정보를 확인하고 싶습니다.,Gusto kong suriin ang impormasyon tungkol sa Mga kumpanya ng pakikipag-ugnayan.,관계회사,관계회사,True,주식,,1.0,1.0,1.0,0,,20,관계회사
KO-FIN-00433,관리대상종목이 무엇을 의미하나요?,Ano ang ibig sabihin ng Mga species na pinamamahalaan?,관리대상종목,관리대상종목,True,금융시장·거래,주식,1.0,1.0,1.0,0,,0,
KO-FIN-00439,최근 관세 및 무역에 관한 일반협정의 변화를 확인하고 싶습니다.,Gusto kong suriin ang mga kamakailang pagbabago sa Pangkalahatang kasunduan tungkol sa mga taripa at kalakalan.,관세 및 무역에 관한 일반협정,관세 및 무역에 관한 일반협정,True,경제·거시금융,,1.0,1.0,1.0,0,,0,
KO-FIN-00440,관세 및 무역에 관한 일반협정은 다른 경제지표와 함께 해석하는 것이 좋습니다.,Ang Pangkalahatang kasunduan tungkol sa mga taripa at kalakalan ay mas mahusay na ipaliwanag kasama ang iba pang mga tagapagpahiwatig ng ekonomiya.,관세 및 무역에 관한 일반협정,관세 및 무역에 관한 일반협정,True,경제·거시금융,,1.0,1.0,1.0,0,,0,
KO-FIN-00441,관할권이 금융거래에서 무엇을 의미하나요?,Ano ang ibig sabihin ng Karapatan sa pananalapi?,관할권,관할권,True,법률·계약,,1.0,1.0,1.0,0,,20,관할권
KO-FIN-00446,교차담보금제도 처리 절차를 확인하고 싶습니다.,Gusto kong suriin ang proseso ng pagproseso.,교차담보금제도,교차담보금제도,True,증권·예탁,자산운용·투자,0.0,1.0,0.0,0,교차담보금제도,50,교차담보금제도
KO-FIN-00451,교차증거금제도 거래에는 어떤 위험이 있나요?,Ano ang mga panganib sa kalakalan?,교차증거금제도,교차증거금제도,True,파생상품,,0.0,1.0,0.0,0,교차증거금제도,20,교차증거금제도
KO-FIN-00453,교차헤징이 무엇을 의미하나요?,Ano ang ibig sabihin ng Pag-hack ng crossroads?,교차헤징,교차헤징,True,금융시장·거래,,1.0,1.0,1.0,0,,20,교차헤징
KO-FIN-00458,교체발행을 이용하려면 어떤 조건이 필요한가요?,Ano ang mga kundisyon para magamit ang Pag-alis ng kapalit?,교체발행,교체발행,True,기업금융·자본조달,주식,1.0,1.0,1.0,0,,40,교체발행
KO-FIN-00459,교체발행과 관련된 비용과 절차를 확인하고 싶습니다.,Gusto kong suriin ang mga gastos at pamamaraan na nauugnay sa Pag-alis ng kapalit.,교체발행,교체발행,True,기업금융·자본조달,주식,1.0,1.0,1.0,0,,40,교체발행
KO-FIN-00462,교환사채의 조건과 수익 구조를 확인하고 싶습니다.,Gusto kong suriin ang mga kondisyon at istraktura ng kita ng Mga palitan.,교환사채,교환사채,True,채권,증권·예탁,1.0,1.0,1.0,0,,0,
KO-FIN-00465,구상권이 금융거래에서 무엇을 의미하나요?,Ano ang ibig sabihin ng Karapatang Mag-isip sa pananalapi?,구상권,구상권,True,법률·계약,증권·예탁,1.0,1.0,1.0,0,,50,구상권
KO-FIN-00471,구주와 관련해 투자 전에 확인해야 할 사항이 있나요?,Mayroon bang mga bagay na dapat mong suriin bago mamuhunan tungkol sa Magligtas!?,구주,구주,True,주식,,1.0,1.0,1.0,0,,50,구주
KO-FIN-00475,국가신인도와 관련된 투자 정보를 확인하고 싶습니다.,Gusto kong suriin ang impormasyon ng pamumuhunan na nauugnay sa Ang mga diyos ng bansa..,국가신인도,국가신인도,True,자산운용·투자,,1.0,1.0,1.0,0,,40,국가신인도
KO-FIN-00478,국내장외거래와 관련된 시장 정보를 확인하고 싶습니다.,Gusto kong suriin ang impormasyon ng merkado na nauugnay sa Panloob at panlabas na kalakalan.,국내장외거래,국내장외거래,True,금융시장·거래,,1.0,1.0,1.0,0,,0,
KO-FIN-00483,국민주와 관련해 투자 전에 확인해야 할 사항이 있나요?,Mayroon bang mga bagay na dapat mong suriin bago mamuhunan tungkol sa Pangulo ng Bansa?,국민주,국민주,True,주식,,1.0,1.0,1.0,0,,40,국민주
KO-FIN-00485,국민주택채권이 무엇인지 설명해 주세요.,Ipaliwanag kung ano ang Mga utang sa pambansang tirahan.,국민주택채권,국민주택채권,True,채권,주식,1.0,1.0,1.0,0,,0,
KO-FIN-00491,최근 국민총생산의 변화를 확인하고 싶습니다.,Gusto kong suriin ang mga kamakailang pagbabago sa Ang PNP.,국민총생산,국민총생산,True,경제·거시금융,,1.0,1.0,1.0,0,,40,국민총생산
KO-FIN-00492,국민총생산은 다른 경제지표와 함께 해석하는 것이 좋습니다.,Ang Ang PNP ay mas mahusay na ipaliwanag kasama ang iba pang mga tagapagpahiwatig ng ekonomiya.,국민총생산,국민총생산,True,경제·거시금융,,1.0,1.0,1.0,0,,40,국민총생산
KO-FIN-00494,국제간 거래와 관련된 시장 정보를 확인하고 싶습니다.,Gusto kong suriin ang impormasyon ng merkado na nauugnay sa Pangkalahatang kalakalan.,국제간 거래,국제간 거래,True,금융시장·거래,자산운용·투자,1.0,1.0,1.0,0,,40,국제간 거래
KO-FIN-00497,국제간 대금지급이 무엇인지 설명해 주세요.,Ipaliwanag kung ano ang Ang pandaigdigang halaga ng pandaraya.,국제간 대금지급,국제간 대금지급,True,지급결제·청산,,1.0,1.0,1.0,0,,40,국제간 대금지급
KO-FIN-00503,국제간 대체결제 과정에서 문제가 발생한 것 같습니다.,Mukhang may problema sa Mga alternatibong solusyon sa internasyonal.,국제간 대체결제,국제간 대체결제,True,지급결제·청산,증권·예탁,1.0,1.0,1.0,0,,0,
KO-FIN-00508,국제결제은행과 관련된 세부 업무는 해당 기관의 안내를 확인해 주세요.,Para sa mga detalyadong gawain na nauugnay sa Ang International Resolution Bank mangyaring suriin ang mga tagubilin ng nasabing ahensya.,국제결제은행,국제결제은행,True,금융기관·은행,국제금융 / 지급결제·청산,1.0,1.0,1.0,0,,0,
KO-FIN-00510,국제결제은행규제에서 이용할 수 있는 금융업무는 무엇인가요?,Ano ang mga serbisyo sa pananalapi na magagamit sa Mga panuntunan ng International Resolution Bank?,국제결제은행규제,국제결제은행규제,True,금융기관·은행,지급결제·청산 / 국제금융,1.0,1.0,1.0,0,,0,
KO-FIN-00514,국제금융공사와 관련된 거래 조건을 확인하고 싶습니다.,Gusto kong suriin ang mga kondisyon ng transaksyon na nauugnay sa Pangkalahatang pinansiyal na kumpanya.,국제금융공사,국제금융공사,True,국제금융,,1.0,1.0,1.0,0,,20,국제금융공사
KO-FIN-00518,국제금융센타와 관련된 거래 조건을 확인하고 싶습니다.,Gusto kong suriin ang mga kondisyon ng transaksyon na nauugnay sa Ang Pangkalahatang Pondo.,국제금융센타,국제금융센타,True,국제금융,,1.0,1.0,1.0,0,,40,국제금융센타
KO-FIN-00522,국제금융시장과 관련된 거래 조건을 확인하고 싶습니다.,Gusto kong suriin ang mga kondisyon ng transaksyon na nauugnay sa Ang pandaigdigang merkado ng pananalapi.,국제금융시장,국제금융시장,True,국제금융,금융시장·거래,1.0,1.0,1.0,0,,0,
KO-FIN-00524,국제금융시장과 관련된 거래에서는 국가별 규정과 통화를 함께 확인해야 합니다.,"Sa mga transaksyon na nauugnay sa Ang pandaigdigang merkado ng pananalapi, dapat mong suriin ang mga panuntunan ng bansa at pera.",국제금융시장,국제금융시장,True,국제금융,금융시장·거래,1.0,1.0,1.0,0,,0,
KO-FIN-00525,국제보관기관이 무엇인지 설명해 주세요.,Ipaliwanag kung ano ang Ang International Security Agency..,국제보관기관,국제보관기관,True,증권·예탁,,1.0,1.0,1.0,0,,20,국제보관기관
KO-FIN-00532,국제부흥개발은행과 관련된 세부 업무는 해당 기관의 안내를 확인해 주세요.,Para sa mga detalyadong gawain na nauugnay sa Ang International Bank for Reconstruction and Development mangyaring suriin ang mga tagubilin ng nasabing ahensya.,국제부흥개발은행,국제부흥개발은행,True,금융기관·은행,대출,1.0,1.0,1.0,0,,0,
KO-FIN-00535,국제분산투자와 관련된 투자 정보를 확인하고 싶습니다.,Gusto kong suriin ang impormasyon ng pamumuhunan na nauugnay sa Pangkalahatang pag-iimbak.,국제분산투자,국제분산투자,True,자산운용·투자,,1.0,1.0,1.0,0,,40,국제분산투자
KO-FIN-00538,국제유가증권관리자협회 처리 절차를 확인하고 싶습니다.,Gusto kong suriin ang proseso ng pagproseso.,국제유가증권관리자협회,국제유가증권관리자협회,True,증권·예탁,,0.0,1.0,0.0,0,국제유가증권관리자협회,0,
KO-FIN-00541,국제전문가시장이 무엇을 의미하나요?,Ano ang ibig sabihin ng Mga pandaigdigang eksperto sa merkado?,국제전문가시장,국제전문가시장,True,금융시장·거래,자산운용·투자,1.0,1.0,1.0,0,,20,국제전문가시장
KO-FIN-00545,국제정합성이 무엇인지 설명해 주세요.,Ipaliwanag kung ano ang Pangkalahatang pagkakapareho.,국제정합성,국제정합성,True,증권·예탁,,1.0,1.0,1.0,0,,40,국제정합성
KO-FIN-00549,국제증권이 무엇인지 설명해 주세요.,Ipaliwanag kung ano ang Mga pandaigdigang dokumento.,국제증권,국제증권,True,증권·예탁,국제금융,1.0,1.0,1.0,0,,40,국제증권
KO-FIN-00553,국제증권거래소연맹이 무엇을 의미하나요?,Ano ang ibig sabihin ng Ang International Federation of Securities Exchanges.?,국제증권거래소연맹,국제증권거래소연맹,True,금융시장·거래,증권·예탁 / 국제금융,1.0,1.0,1.0,0,,0,
KO-FIN-00557,국제증권관리위원회연맹이 무엇인지 설명해 주세요.,Ipaliwanag kung ano ang Ang International Securities Regulatory Commission.,국제증권관리위원회연맹,국제증권관리위원회연맹,True,증권·예탁,국제금융,1.0,1.0,1.0,0,,0,
KO-FIN-00561,국제증권예탁결제기관이 무엇인지 설명해 주세요.,Ipaliwanag kung ano ang Ang International Securities and Exchange Commission.,국제증권예탁결제기관,국제증권예탁결제기관,True,증권·예탁,지급결제·청산,1.0,1.0,1.0,0,,20,국제증권예탁결제기관
KO-FIN-00566,국제통화기금과 관련된 거래 조건을 확인하고 싶습니다.,Gusto kong suriin ang mga kondisyon ng transaksyon na nauugnay sa Ang International Monetary Fund.,국제통화기금,국제통화기금,True,국제금융,,1.0,1.0,1.0,0,,0,
KO-FIN-00568,국제통화기금과 관련된 거래에서는 국가별 규정과 통화를 함께 확인해야 합니다.,"Sa mga transaksyon na nauugnay sa Ang International Monetary Fund, dapat mong suriin ang mga panuntunan ng bansa at pera.",국제통화기금,국제통화기금,True,국제금융,,1.0,1.0,1.0,0,,0,
KO-FIN-00571,국제투자신탁에 가입하기 전에 어떤 점을 확인해야 하나요?,Ano ang dapat mong suriin bago sumali sa Ang International Investment Trust.?,국제투자신탁,국제투자신탁,True,펀드·신탁,자산운용·투자,1.0,1.0,1.0,0,,0,
KO-FIN-00574,국채의 조건과 수익 구조를 확인하고 싶습니다.,Gusto kong suriin ang mga kondisyon at istraktura ng kita ng Debate ng Estado.,국채,국채,True,채권,,1.0,1.0,1.0,0,,70,국채
KO-FIN-00578,국채전문딜러의 조건과 수익 구조를 확인하고 싶습니다.,Gusto kong suriin ang mga kondisyon at istraktura ng kita ng Nagbebenta ng utang ng estado..,국채전문딜러,국채전문딜러,True,채권,금융시장·거래 / 금융기관·은행,1.0,1.0,1.0,0,,40,국채전문딜러
KO-FIN-00582,국채집합등록제도의 조건과 수익 구조를 확인하고 싶습니다.,Gusto kong suriin ang mga kondisyon at istraktura ng kita ng Ang sistema ng pagkolekta ng utang..,국채집합등록제도,국채집합등록제도,True,채권,증권·예탁 / 금융시장·거래,1.0,1.0,1.0,0,,40,국채집합등록제도
KO-FIN-00585,권리락이 무엇을 의미하나요?,Ano ang ibig sabihin ng Karapatan?,권리락,권리락,True,금융시장·거래,주식,1.0,1.0,1.0,0,,0,
KO-FIN-00591,권리락주가와 관련해 투자 전에 확인해야 할 사항이 있나요?,Mayroon bang mga bagay na dapat mong suriin bago mamuhunan tungkol sa Ang mga may karapatan?,권리락주가,권리락주가,True,주식,,1.0,1.0,1.0,0,,0,
KO-FIN-00593,권리예탁이 무엇인지 설명해 주세요.,Ipaliwanag kung ano ang Mga pananagutan ng karapatan.,권리예탁,권리예탁,True,증권·예탁,주식,1.0,1.0,1.0,0,,20,권리예탁
KO-FIN-00598,권리예탁계좌부 처리 절차를 확인하고 싶습니다.,Gusto kong suriin ang proseso ng pagproseso.,권리예탁계좌부,권리예탁계좌부,True,증권·예탁,계좌,0.0,1.0,0.0,0,권리예탁계좌부,40,권리예탁계좌부
KO-FIN-00603,권리주와 관련해 투자 전에 확인해야 할 사항이 있나요?,Mayroon bang mga bagay na dapat mong suriin bago mamuhunan tungkol sa Mga may karapatan?,권리주,권리주,True,주식,금융법규·감독 / 법률·계약,1.0,1.0,1.0,0,,0,
KO-FIN-00605,권종이 무엇인지 설명해 주세요.,Ipaliwanag kung ano ang Pag-aakyat.,권종,권종,True,채권,증권·예탁 / 금융법규·감독 / 주식,1.0,1.0,1.0,0,,70,권종
KO-FIN-00609,규정재정이 금융거래에 어떻게 적용되나요?,Paano ito nalalapat sa pananalapi?,규정재정,규정재정,True,금융법규·감독,,0.0,1.0,0.0,0,규정재정,40,규정재정
KO-FIN-00611,규정재정 때문에 추가로 확인해야 할 사항이 있나요?,Mayroon bang karagdagang bagay na dapat kong suriin dahil sa Pagbabago ng mga panuntunan?,규정재정,규정재정,True,금융법규·감독,,1.0,1.0,1.0,0,,40,규정재정
KO-FIN-00614,그라함 도드모형은 금융상품을 분석할 때 어떻게 사용되나요?,Paano ginagamit ang Graham-Dodmo. kapag sinusuri ang mga produktong pinansyal?,그라함 도드모형,그라함 도드모형,True,금융공학·분석,주식,1.0,1.0,1.0,0,,0,
KO-FIN-00616,그라함 도드모형의 결과는 사용한 가정과 시장 데이터에 따라 달라질 수 있습니다.,Ang mga resulta ng Graham-Dodmo. ay maaaring mag-iiba depende sa mga pinag-aasang data at merkado na ginamit.,그라함 도드모형,그라함 도드모형,True,금융공학·분석,주식,1.0,1.0,1.0,0,,0,
KO-FIN-00618,근저당과 관련된 금리와 비용을 확인하고 싶습니다.,Gusto kong suriin ang mga interes at gastos na nauugnay sa Nakakatakot..,근저당,근저당,True,부동산금융,,1.0,1.0,1.0,0,,40,근저당
KO-FIN-00619,근저당을 이용할 때 필요한 서류는 무엇인가요?,Anong mga dokumento ang kailanganin kapag gumagamit ka ng Nakakatakot.?,근저당,근저당,True,부동산금융,,1.0,1.0,1.0,0,,40,근저당
KO-FIN-00621,글래머주식이 무엇인지 설명해 주세요.,Ipaliwanag kung ano ang Ang Glamour..,글래머주식,글래머주식,True,주식,,1.0,1.0,1.0,0,,0,
KO-FIN-00625,글래스 스티걸법이 무엇인지 설명해 주세요.,Ipaliwanag kung ano ang Ang Glass Steagall..,글래스 스티걸법,글래스 스티걸법,True,증권·예탁,,1.0,1.0,1.0,0,,0,
KO-FIN-00629,글로벌 트레이딩이 무엇을 의미하나요?,Ano ang ibig sabihin ng Global na kalakalan?,글로벌 트레이딩,글로벌 트레이딩,True,금융시장·거래,,1.0,1.0,1.0,0,,40,글로벌 트레이딩
KO-FIN-00635,글로벌라이제이션을 줄이려면 어떤 점을 확인해야 하나요?,Ano ang dapat kong suriin upang mabawasan ang Globalisasyon?,글로벌라이제이션,글로벌라이제이션,True,신용·리스크,,1.0,1.0,1.0,0,,40,글로벌라이제이션
KO-FIN-00636,글로벌라이제이션은 거래 조건이나 이용 가능 여부에 영향을 줄 수 있습니다.,Ang Globalisasyon ay maaaring makaapekto sa mga kondisyon ng kalakalan o kung magagamit.,글로벌라이제이션,글로벌라이제이션,True,신용·리스크,,1.0,1.0,1.0,0,,40,글로벌라이제이션
KO-FIN-00638,글로벌본드의 조건과 수익 구조를 확인하고 싶습니다.,Gusto kong suriin ang mga kondisyon at istraktura ng kita ng Global Bonds.,글로벌본드,글로벌본드,True,채권,,1.0,1.0,1.0,0,,0,
KO-FIN-00641,글로컬리제이션이 무엇을 의미하나요?,Ano ang ibig sabihin ng Ang Glocalization?,글로컬리제이션,글로컬리제이션,True,금융시장·거래,,1.0,1.0,1.0,0,,40,글로컬리제이션
KO-FIN-00646,금고주에서 이용할 수 있는 금융업무는 무엇인가요?,Ano ang mga serbisyo sa pananalapi na magagamit sa Pag-iwas sa mga ito.?,금고주,금고주,True,금융기관·은행,주식,1.0,1.0,1.0,0,,50,금고주
KO-FIN-00649,금리선물이 무엇인지 쉽게 설명해 주세요.,Ipaliwanag mo kung ano ang Pagbibigay ng interes.,금리선물,금리선물,True,파생상품,금융시장·거래,1.0,1.0,1.0,0,,40,금리선물
KO-FIN-00653,금리선물옵션이 무엇인지 쉽게 설명해 주세요.,Ipaliwanag mo kung ano ang Ang mga pagpipilian sa interes.,금리선물옵션,금리선물옵션,True,파생상품,,1.0,1.0,1.0,0,,40,금리선물옵션
KO-FIN-00657,금리스왑이 무엇인지 쉽게 설명해 주세요.,Ipaliwanag mo kung ano ang Walang ginto..,금리스왑,금리스왑,True,파생상품,대출 / 법률·계약 / 금융시장·거래,1.0,1.0,1.0,0,,40,금리스왑
KO-FIN-00662,금리연동부사채의 조건과 수익 구조를 확인하고 싶습니다.,Gusto kong suriin ang mga kondisyon at istraktura ng kita ng Mga utang na may interes..,금리연동부사채,금리연동부사채,True,채권,,1.0,1.0,1.0,0,,40,금리연동부사채
KO-FIN-00666,금리확정부사채의 조건과 수익 구조를 확인하고 싶습니다.,Gusto kong suriin ang mga kondisyon at istraktura ng kita ng Mga utang na may katumbas na interes.,금리확정부사채,금리확정부사채,True,채권,,1.0,1.0,1.0,0,,40,금리확정부사채
KO-FIN-00671,금외신탁에 가입하기 전에 어떤 점을 확인해야 하나요?,Ano ang dapat mong suriin bago sumali sa Pagkakatiwala.?,금외신탁,금외신탁,True,펀드·신탁,,1.0,1.0,1.0,0,,40,금외신탁
KO-FIN-00673,금융감독위원회/금융감독원이 금융거래에 어떻게 적용되나요?,Paano ito nalalapat sa pananalapi?,금융감독위원회/금융감독원,금융감독위원회/금융감독원,True,금융법규·감독,,0.0,1.0,0.0,0,금융감독위원회/금융감독원,40,금융감독위원회/금융감독원
KO-FIN-00675,금융감독위원회/금융감독원 때문에 추가로 확인해야 할 사항이 있나요?,Mayroon bang karagdagang mga bagay na dapat kong suriin dahil sa Pangkalahatang Pananagutan ng Pangkalahatang Pananagutan / Pangkalahatang Pananagutan?,금융감독위원회/금융감독원,금융감독위원회/금융감독원,True,금융법규·감독,,1.0,1.0,1.0,0,,40,금융감독위원회/금융감독원
KO-FIN-00677,금융결제원이 무엇인지 설명해 주세요.,Ipaliwanag kung ano ang Ang mga pinuno ng pananalapi.,금융결제원,금융결제원,True,지급결제·청산,금융기관·은행,1.0,1.0,1.0,0,,20,금융결제원
KO-FIN-00681,금융공학이 무엇인지 설명해 주세요.,Ipaliwanag kung ano ang Ang pinansyal na inhinyeriya.,금융공학,금융공학,True,주식,,1.0,1.0,1.0,0,,20,금융공학
KO-FIN-00686,금융기관에서 이용할 수 있는 금융업무는 무엇인가요?,Ano ang mga serbisyo sa pananalapi na magagamit sa Mga pinansiyal na institusyon?,금융기관,금융기관,True,금융기관·은행,,1.0,1.0,1.0,0,,0,
KO-FIN-00691,금융리스 때문에 추가로 확인해야 할 사항이 있나요?,Mayroon bang karagdagang mga bagay na dapat kong suriin dahil sa Hindi pinansyal.?,금융리스,금융리스,True,금융법규·감독,,1.0,1.0,1.0,0,,50,금융리스
KO-FIN-00692,금융리스의 적용 범위는 관련 법령과 규정에 따라 달라질 수 있습니다.,Ang saklaw ng Hindi pinansyal. ay maaaring mag-iiba depende sa mga kaugnay na batas at regulasyon.,금융리스,금융리스,True,금융법규·감독,,1.0,1.0,1.0,0,,50,금융리스
KO-FIN-00696,금융비용은 심사 결과에 따라 이용 가능 여부가 달라질 수 있습니다.,Ang Mga gastos sa pananalapi ay maaaring mag-iba depende sa mga resulta ng pagsusuri.,금융비용,금융비용,True,대출,,1.0,1.0,1.0,0,,20,금융비용
KO-FIN-00698,금융선물거래와 관련된 시장 정보를 확인하고 싶습니다.,Gusto kong suriin ang impormasyon ng merkado na nauugnay sa Pagbebenta ng mga pinansiyal na regalo.,금융선물거래,금융선물거래,True,금융시장·거래,파생상품 / 해외송금·외환,1.0,1.0,1.0,0,,20,금융선물거래
KO-FIN-00702,금융소득종합과세의 적용 기준을 알려주세요.,Ipaalam sa akin ang mga pamantayan ng Ang pinansiyal na kita at buwis..,금융소득종합과세,금융소득종합과세,True,세금,,1.0,1.0,1.0,0,,0,
KO-FIN-00704,금융소득종합과세의 적용 여부는 거래 유형과 세법에 따라 달라질 수 있습니다.,Ang paggamit ng Ang pinansiyal na kita at buwis. ay maaaring mag-iiba depende sa uri ng transaksyon at batas sa buwis.,금융소득종합과세,금융소득종합과세,True,세금,,1.0,1.0,1.0,0,,0,
KO-FIN-00705,금융쇼핑몰이 무엇인지 설명해 주세요.,Ipaliwanag kung ano ang Ang pinansiyal na shopping mall.,금융쇼핑몰,금융쇼핑몰,True,증권·예탁,,1.0,1.0,1.0,0,,0,
KO-FIN-00709,금융시장이 무엇을 의미하나요?,Ano ang ibig sabihin ng Mga pamilihan sa pananalapi?,금융시장,금융시장,True,금융시장·거래,,1.0,1.0,1.0,0,,0,
KO-FIN-00714,금융실명제의 적용 기준을 알려주세요.,Ipaalam sa akin ang mga pamantayan ng Pagkakatiwalaan sa pananalapi.,금융실명제,금융실명제,True,세금,,1.0,1.0,1.0,0,,40,금융실명제
KO-FIN-00716,금융실명제의 적용 여부는 거래 유형과 세법에 따라 달라질 수 있습니다.,Ang paggamit ng Pagkakatiwalaan sa pananalapi ay maaaring mag-iiba depende sa uri ng transaksyon at batas sa buwis.,금융실명제,금융실명제,True,세금,,1.0,1.0,1.0,0,,40,금융실명제
KO-FIN-00720,금융어음은 심사 결과에 따라 이용 가능 여부가 달라질 수 있습니다.,Ang Ang pananalapi ay maaaring mag-iba depende sa mga resulta ng pagsusuri.,금융어음,금융어음,True,대출,,1.0,1.0,1.0,0,,40,금융어음
KO-FIN-00724,금융자산은 심사 결과에 따라 이용 가능 여부가 달라질 수 있습니다.,Ang Pinansyal na ari-arian ay maaaring mag-iba depende sa mga resulta ng pagsusuri.,금융자산,금융자산,True,대출,,1.0,1.0,1.0,0,,20,금융자산
KO-FIN-00727,금융장세와 관련해 투자 전에 확인해야 할 사항이 있나요?,Mayroon bang mga bagay na dapat mong suriin bago mamuhunan tungkol sa Pinansyal na Ministro.?,금융장세,금융장세,True,주식,,1.0,1.0,1.0,0,,40,금융장세
KO-FIN-00730,금융지주회사에서 이용할 수 있는 금융업무는 무엇인가요?,Ano ang mga serbisyo sa pananalapi na magagamit sa Ang Financial Holding Company?,금융지주회사,금융지주회사,True,금융기관·은행,,1.0,1.0,1.0,0,,0,
KO-FIN-00734,금융채에서 이용할 수 있는 금융업무는 무엇인가요?,Ano ang mga serbisyo sa pananalapi na magagamit sa Mga utang sa pananalapi?,금융채,금융채,True,금융기관·은행,,1.0,1.0,1.0,0,,0,
KO-FIN-00738,금융통화운영위원회에서 이용할 수 있는 금융업무는 무엇인가요?,Ano ang mga serbisyo sa pananalapi na magagamit sa Pangkalahatang Pangkalahatang Pangkalahatang Pangkalahatang?,금융통화운영위원회,금융통화운영위원회,True,금융기관·은행,,1.0,1.0,1.0,0,,40,금융통화운영위원회
KO-FIN-00743,금전신탁에 가입하기 전에 어떤 점을 확인해야 하나요?,Ano ang dapat mong suriin bago sumali sa Pag-iwan ng pera?,금전신탁,금전신탁,True,펀드·신탁,,1.0,1.0,1.0,0,,40,금전신탁
KO-FIN-00746,기간구조의 조건과 수익 구조를 확인하고 싶습니다.,Gusto kong suriin ang mga kondisyon at istraktura ng kita ng Paglalarawan ng panahon.,기간구조,기간구조,True,채권,,1.0,1.0,1.0,0,,40,기간구조
KO-FIN-00749,기간물 repo이 무엇을 의미하나요?,Ano ang ibig sabihin ng Ang panahon repo?,기간물 repo,기간물 repo,True,금융시장·거래,,1.0,1.0,1.0,0,,50,기간물 repo
KO-FIN-00754,기관결제제도 처리 절차를 확인하고 싶습니다.,Gusto kong suriin ang proseso ng pagproseso.,기관결제제도,기관결제제도,True,증권·예탁,지급결제·청산 / 금융시장·거래,0.0,1.0,0.0,0,기관결제제도,40,기관결제제도
KO-FIN-00757,기관투자가 결제제도가 무엇인지 설명해 주세요.,Ipaliwanag kung ano ang Ang mga institusyonal na mamumuhunan ay.,기관투자가 결제제도,기관투자가 결제제도,True,지급결제·청산,자산운용·투자 / 증권·예탁 / 금융시장·거래,1.0,1.0,1.0,0,,20,기관투자가 결제제도
KO-FIN-00763,기관투자가와 관련된 투자 정보를 확인하고 싶습니다.,Gusto kong suriin ang impormasyon ng pamumuhunan na nauugnay sa Ang mga institutional investor.,기관투자가,기관투자가,True,자산운용·투자,증권·예탁 / 금융기관·은행 / 금융시장·거래,1.0,1.0,1.0,0,,0,
KO-FIN-00765,기관화현상이 무엇인지 설명해 주세요.,Ipaliwanag kung ano ang Mga pangyayari ng mekanismo.,기관화현상,기관화현상,True,주식,,1.0,1.0,1.0,0,,20,기관화현상
KO-FIN-00769,기대수익률이 무엇인지 설명해 주세요.,Ipaliwanag kung ano ang Ang mga inaasahan na kita.,기대수익률,기대수익률,True,주식,,1.0,1.0,1.0,0,,0,
KO-FIN-00776,기대이론은 심사 결과에 따라 이용 가능 여부가 달라질 수 있습니다.,Ang Ang pag-asa ay maaaring mag-iba depende sa mga resulta ng pagsusuri.,기대이론,기대이론,True,대출,자산운용·투자,1.0,1.0,1.0,0,,40,기대이론
KO-FIN-00778,기말계속예탁제도 처리 절차를 확인하고 싶습니다.,Gusto kong suriin ang proseso ng pagproseso.,기말계속예탁제도,기말계속예탁제도,True,증권·예탁,주식 / 법률·계약,0.0,1.0,0.0,0,기말계속예탁제도,40,기말계속예탁제도
KO-FIN-00781,기명날인이 금융거래에서 무엇을 의미하나요?,Ano ang ibig sabihin ng Ang araw ng kanyang pagkamatay. sa pananalapi?,기명날인,기명날인,True,법률·계약,,1.0,1.0,1.0,0,,40,기명날인
KO-FIN-00786,기명사채의 조건과 수익 구조를 확인하고 싶습니다.,Gusto kong suriin ang mga kondisyon at istraktura ng kita ng Walang pangalan..,기명사채,기명사채,True,채권,,1.0,1.0,1.0,0,,40,기명사채
KO-FIN-00789,기명주식이 무엇인지 설명해 주세요.,Ipaliwanag kung ano ang Pag-uumpisahan.,기명주식,기명주식,True,주식,증권·예탁,1.0,1.0,1.0,0,,40,기명주식
KO-FIN-00794,기본적분석은 금융상품을 분석할 때 어떻게 사용되나요?,Paano ginagamit ang Pangunahing Pagsusuri kapag sinusuri ang mga produktong pinansyal?,기본적분석,기본적분석,True,금융공학·분석,,1.0,1.0,1.0,0,,40,기본적분석
KO-FIN-00796,기본적분석의 결과는 사용한 가정과 시장 데이터에 따라 달라질 수 있습니다.,Ang mga resulta ng Pangunahing Pagsusuri ay maaaring mag-iiba depende sa mga pinag-aasang data at merkado na ginamit.,기본적분석,기본적분석,True,금융공학·분석,,1.0,1.0,1.0,0,,40,기본적분석
KO-FIN-00798,기세와 관련된 시장 정보를 확인하고 싶습니다.,Gusto kong suriin ang impormasyon ng merkado na nauugnay sa Pag-uusap.,기세,기세,True,금융시장·거래,,1.0,1.0,1.0,0,,70,기세
KO-FIN-00802,기술적분석은 금융상품을 분석할 때 어떻게 사용되나요?,Paano ginagamit ang Teknolohikal na pagtatasa kapag sinusuri ang mga produktong pinansyal?,기술적분석,기술적분석,True,금융공학·분석,,1.0,1.0,1.0,0,,0,
KO-FIN-00804,기술적분석의 결과는 사용한 가정과 시장 데이터에 따라 달라질 수 있습니다.,Ang mga resulta ng Teknolohikal na pagtatasa ay maaaring mag-iiba depende sa mga pinag-aasang data at merkado na ginamit.,기술적분석,기술적분석,True,금융공학·분석,,1.0,1.0,1.0,0,,0,
KO-FIN-00806,기어링 레이쇼에서 이용할 수 있는 금융업무는 무엇인가요?,Ano ang mga serbisyo sa pananalapi na magagamit sa Ang gear racing.?,기어링 레이쇼,기어링 레이쇼,True,금융기관·은행,,1.0,1.0,1.0,0,,0,
KO-FIN-00812,기업공개의 세부 조건과 절차는 거래 유형에 따라 달라질 수 있습니다.,Ang mga detalyadong kondisyon at pamamaraan ng Pampublikong Pagpapakilala ay maaaring mag-iiba depende sa uri ng transaksyon.,기업공개,기업공개,True,기업금융·자본조달,주식 / 자산운용·투자 / 금융시장·거래,1.0,1.0,1.0,0,,20,기업공개
KO-FIN-00814,기업회계기준을 통해 어떤 정보를 확인할 수 있나요?,Anong impormasyon ang maaari mong suriin sa Mga pamantayan sa accounting ng korporasyon?,기업회계기준,기업회계기준,True,회계·재무,금융법규·감독,1.0,1.0,1.0,0,,0,
KO-FIN-00816,기업회계기준은 기준 시점과 작성 기준을 함께 확인해야 합니다.,Ang Mga pamantayan sa accounting ng korporasyon ay dapat na i-verify kasama ang mga pamantayan ng oras at mga pamantayan ng pagsulat.,기업회계기준,기업회계기준,True,회계·재무,금융법규·감독,1.0,1.0,1.0,0,,0,
KO-FIN-00817,기준일이 금융거래에서 무엇을 의미하나요?,Ano ang ibig sabihin ng Batayan ng araw sa pananalapi?,기준일,기준일,True,법률·계약,,1.0,1.0,1.0,0,,40,기준일
KO-FIN-00821,기채시장이 무엇인지 설명해 주세요.,Ipaliwanag kung ano ang Mercado ng utang.,기채시장,기채시장,True,채권,금융시장·거래,1.0,1.0,1.0,0,,0,
KO-FIN-00825,기초자산이 무엇인지 쉽게 설명해 주세요.,Ipaliwanag mo kung ano ang Mga pangunahing ari-arian.,기초자산,기초자산,True,파생상품,,1.0,1.0,1.0,0,,20,기초자산
KO-FIN-00830,기축통화와 관련된 거래 조건을 확인하고 싶습니다.,Gusto kong suriin ang mga kondisyon ng transaksyon na nauugnay sa Pag-aaktresya.,기축통화,기축통화,True,국제금융,,1.0,1.0,1.0,0,,20,기축통화
KO-FIN-00833,기한부어음이 무엇인지 설명해 주세요.,Ipaliwanag kung ano ang Ang takdang panahon.,기한부어음,기한부어음,True,증권·예탁,,1.0,1.0,1.0,0,,40,기한부어음
KO-FIN-00839,기회비용과 관련된 투자 정보를 확인하고 싶습니다.,Gusto kong suriin ang impormasyon ng pamumuhunan na nauugnay sa Mga gastos ng pagkakataon.,기회비용,기회비용,True,자산운용·투자,,1.0,1.0,1.0,0,,0,
KO-FIN-00841,나스닥이 무엇을 의미하나요?,Ano ang ibig sabihin ng Nasdaq?,나스닥,나스닥,True,금융시장·거래,,1.0,1.0,1.0,0,,0,
KO-FIN-00846,납입자본금을 통해 어떤 정보를 확인할 수 있나요?,Anong impormasyon ang maaari mong suriin sa Ang mga kapital na ibinabayad?,납입자본금,납입자본금,True,회계·재무,,1.0,1.0,1.0,0,,20,납입자본금
KO-FIN-00848,납입자본금은 기준 시점과 작성 기준을 함께 확인해야 합니다.,Ang Ang mga kapital na ibinabayad ay dapat na i-verify kasama ang mga pamantayan ng oras at mga pamantayan ng pagsulat.,납입자본금,납입자본금,True,회계·재무,,1.0,1.0,1.0,0,,20,납입자본금
KO-FIN-00850,납회 처리 절차를 확인하고 싶습니다.,Gusto kong suriin ang proseso ng pagproseso.,납회,납회,True,증권·예탁,금융시장·거래,0.0,1.0,0.0,0,납회,70,납회
KO-FIN-00855,내부결제 과정에서 문제가 발생한 것 같습니다.,Mukhang may problema sa Mga panloob na solusyon.,내부결제,내부결제,True,지급결제·청산,,1.0,1.0,1.0,0,,0,
KO-FIN-00858,내부금융은 어디에서 확인할 수 있나요?,Saan ko malalaman ang Panloob na pananalapi?,내부금융,내부금융,True,계좌,,1.0,1.0,1.0,0,,40,내부금융
KO-FIN-00859,내부금융이 정상적으로 표시되지 않습니다.,Ang Panloob na pananalapi ay hindi normal na nagpapakita.,내부금융,내부금융,True,계좌,,1.0,1.0,1.0,0,,40,내부금융
KO-FIN-00863,내부수익률과 관련된 투자 정보를 확인하고 싶습니다.,Gusto kong suriin ang impormasyon ng pamumuhunan na nauugnay sa Ang mga panloob na kita.,내부수익률,내부수익률,True,자산운용·투자,,1.0,1.0,1.0,0,,20,내부수익률
KO-FIN-00867,내부유보와 관련해 투자 전에 확인해야 할 사항이 있나요?,Mayroon bang mga bagay na dapat mong suriin bago mamuhunan tungkol sa Panloob na pag-aalaga?,내부유보,내부유보,True,주식,,1.0,1.0,1.0,0,,40,내부유보
KO-FIN-00870,내부자거래와 관련된 시장 정보를 확인하고 싶습니다.,Gusto kong suriin ang impormasyon ng merkado na nauugnay sa Pag-uusap sa loob..,내부자거래,내부자거래,True,금융시장·거래,자산운용·투자 / 증권·예탁 / 금융법규·감독 / 법률·계약,1.0,1.0,1.0,0,,40,내부자거래
KO-FIN-00874,내재가치 처리 절차를 확인하고 싶습니다.,Gusto kong suriin ang proseso ng pagproseso.,내재가치,내재가치,True,증권·예탁,,0.0,1.0,0.0,0,내재가치,40,내재가치
KO-FIN-00879,누적적 우선주와 관련해 투자 전에 확인해야 할 사항이 있나요?,Mayroon bang mga bagay na dapat mong suriin bago mamuhunan tungkol sa Kumulatibong Prioridad?,누적적 우선주,누적적 우선주,True,주식,,1.0,1.0,1.0,0,,20,누적적 우선주
KO-FIN-00883,누적적참가우선주와 관련해 투자 전에 확인해야 할 사항이 있나요?,Mayroon bang mga bagay na dapat mong suriin bago mamuhunan tungkol sa Kumulatibong kontribusyon?,누적적참가우선주,누적적참가우선주,True,주식,,1.0,1.0,1.0,0,,20,누적적참가우선주
KO-FIN-00887,누적투표제와 관련해 투자 전에 확인해야 할 사항이 있나요?,Mayroon bang mga bagay na dapat mong suriin bago mamuhunan tungkol sa Pangkalahatang botohan?,누적투표제,누적투표제,True,주식,,1.0,1.0,1.0,0,,20,누적투표제
KO-FIN-00891,뉴라운드와 관련된 투자 정보를 확인하고 싶습니다.,Gusto kong suriin ang impormasyon ng pamumuhunan na nauugnay sa Bagong pag-ikot.,뉴라운드,뉴라운드,True,자산운용·투자,,1.0,1.0,1.0,0,,40,뉴라운드
KO-FIN-00896,뉴욕증권거래소를 확인할 때 시장 상황과 거래 조건을 함께 살펴보세요.,"Kapag sinusuri mo ang Ang New York Stock Exchange., suriin ang mga sitwasyon sa merkado at ang mga kondisyon ng kalakalan.",뉴욕증권거래소,뉴욕증권거래소,True,금융시장·거래,증권·예탁,1.0,1.0,1.0,0,,0,
KO-FIN-00898,니케이 평균지수와 관련된 시장 정보를 확인하고 싶습니다.,Gusto kong suriin ang impormasyon ng merkado na nauugnay sa Ang average ng Nike..,니케이 평균지수,니케이 평균지수,True,금융시장·거래,주식,1.0,1.0,1.0,0,,20,니케이 평균지수
KO-FIN-00901,다자간 차감이 무엇인지 설명해 주세요.,Ipaliwanag kung ano ang Ang pag-aalala ng pag-aalala..,다자간 차감,다자간 차감,True,지급결제·청산,,1.0,1.0,1.0,0,,40,다자간 차감
KO-FIN-00906,다지수모형은 금융상품을 분석할 때 어떻게 사용되나요?,Paano ginagamit ang Multipurpose. kapag sinusuri ang mga produktong pinansyal?,다지수모형,다지수모형,True,금융공학·분석,,1.0,1.0,1.0,0,,40,다지수모형
KO-FIN-00908,다지수모형의 결과는 사용한 가정과 시장 데이터에 따라 달라질 수 있습니다.,Ang mga resulta ng Multipurpose. ay maaaring mag-iiba depende sa mga pinag-aasang data at merkado na ginamit.,다지수모형,다지수모형,True,금융공학·분석,,1.0,1.0,1.0,0,,40,다지수모형
KO-FIN-00909,단기금융시장 상호기금이 무엇을 의미하나요?,Ano ang ibig sabihin ng Panandaliang pinansiyal na merkado?,단기금융시장 상호기금,단기금융시장 상호기금,True,금융시장·거래,,1.0,1.0,1.0,0,,0,
KO-FIN-00913,단기금융시장이 무엇을 의미하나요?,Ano ang ibig sabihin ng Ang mga short term na merkado ng pananalapi?,단기금융시장,단기금융시장,True,금융시장·거래,대출,1.0,1.0,1.0,0,,0,
KO-FIN-00918,단기채의 조건과 수익 구조를 확인하고 싶습니다.,Gusto kong suriin ang mga kondisyon at istraktura ng kita ng Maikling panahon.,단기채,단기채,True,채권,,1.0,1.0,1.0,0,,40,단기채
KO-FIN-00921,단독주주권이 무엇인지 설명해 주세요.,Ipaliwanag kung ano ang Pangkalahatang Soberano.,단독주주권,단독주주권,True,주식,,1.0,1.0,1.0,0,,20,단독주주권
KO-FIN-00926,단순보관연계 처리 절차를 확인하고 싶습니다.,Gusto kong suriin ang proseso ng pagproseso.,단순보관연계,단순보관연계,True,증권·예탁,지급결제·청산,0.0,1.0,0.0,0,단순보관연계,40,단순보관연계
KO-FIN-00931,단순주가지수와 관련해 투자 전에 확인해야 할 사항이 있나요?,Mayroon bang mga bagay na dapat mong suriin bago mamuhunan tungkol sa Ang mga simpleng argumento?,단순주가지수,단순주가지수,True,주식,,1.0,1.0,1.0,0,,20,단순주가지수
KO-FIN-00933,단순주가평균이 무엇인지 설명해 주세요.,Ipaliwanag kung ano ang Ang isang simpleng linggo ay ang average.,단순주가평균,단순주가평균,True,주식,,1.0,1.0,1.0,0,,20,단순주가평균
KO-FIN-00939,단위형 투자신탁에 가입하기 전에 어떤 점을 확인해야 하나요?,Ano ang dapat mong suriin bago sumali sa Isang unitary investment trust.?,단위형 투자신탁,단위형 투자신탁,True,펀드·신탁,자산운용·투자,1.0,1.0,1.0,0,,40,단위형 투자신탁
KO-FIN-00942,단일지수모형은 금융상품을 분석할 때 어떻게 사용되나요?,Paano ginagamit ang Ang solong bilang ng mga numero kapag sinusuri ang mga produktong pinansyal?,단일지수모형,단일지수모형,True,금융공학·분석,,1.0,1.0,1.0,0,,20,단일지수모형
KO-FIN-00944,단일지수모형의 결과는 사용한 가정과 시장 데이터에 따라 달라질 수 있습니다.,Ang mga resulta ng Ang solong bilang ng mga numero ay maaaring mag-iiba depende sa mga pinag-aasang data at merkado na ginamit.,단일지수모형,단일지수모형,True,금융공학·분석,,1.0,1.0,1.0,0,,20,단일지수모형
KO-FIN-00946,단주와 관련된 시장 정보를 확인하고 싶습니다.,Gusto kong suriin ang impormasyon ng merkado na nauugnay sa Isang Linggo.,단주,단주,True,금융시장·거래,주식,1.0,1.0,1.0,0,,50,단주
KO-FIN-00949,단주매각대금이 무엇을 의미하나요?,Ano ang ibig sabihin ng Isang linggong bayad.?,단주매각대금,단주매각대금,True,금융시장·거래,주식,1.0,1.0,1.0,0,,40,단주매각대금
KO-FIN-00954,담보거래와 관련된 시장 정보를 확인하고 싶습니다.,Gusto kong suriin ang impormasyon ng merkado na nauugnay sa Pagpapahintulot..,담보거래,담보거래,True,금융시장·거래,채권 / 증권·예탁,1.0,1.0,1.0,0,,40,담보거래
KO-FIN-00958,담보관리제도 처리 절차를 확인하고 싶습니다.,Gusto kong suriin ang proseso ng pagproseso.,담보관리제도,담보관리제도,True,증권·예탁,,0.0,1.0,0.0,0,담보관리제도,40,담보관리제도
KO-FIN-00961,담보물이 무엇인지 설명해 주세요.,Ipaliwanag kung ano ang Mga panuntunan.,담보물,담보물,True,증권·예탁,,1.0,1.0,1.0,0,,40,담보물
KO-FIN-00966,담보부사채의 조건과 수익 구조를 확인하고 싶습니다.,Gusto kong suriin ang mga kondisyon at istraktura ng kita ng Pag-aangkin ng utang..,담보부사채,담보부사채,True,채권,,1.0,1.0,1.0,0,,40,담보부사채
KO-FIN-00969,담보유가증권이 무엇인지 설명해 주세요.,Ipaliwanag kung ano ang Mga Tuntunin ng Pag-aangkin.,담보유가증권,담보유가증권,True,증권·예탁,,1.0,1.0,1.0,0,,40,담보유가증권
KO-FIN-00975,담보유지비율과 관련된 투자 정보를 확인하고 싶습니다.,Gusto kong suriin ang impormasyon ng pamumuhunan na nauugnay sa Ang rate ng pag-iimbak.,담보유지비율,담보유지비율,True,자산운용·투자,증권·예탁,1.0,1.0,1.0,0,,40,담보유지비율
KO-FIN-00978,당일결제거래와 관련된 시장 정보를 확인하고 싶습니다.,Gusto kong suriin ang impormasyon ng merkado na nauugnay sa Pag-aayos ng araw..,당일결제거래,당일결제거래,True,금융시장·거래,지급결제·청산,1.0,1.0,1.0,0,,40,당일결제거래
KO-FIN-00981,당일자금이 무엇인지 설명해 주세요.,Ipaliwanag kung ano ang Pang-araw-araw na suporta.,당일자금,당일자금,True,지급결제·청산,,1.0,1.0,1.0,0,,40,당일자금
KO-FIN-00988,당좌대월은 심사 결과에 따라 이용 가능 여부가 달라질 수 있습니다.,Ang Tanggapan sa kaliwa ay maaaring mag-iba depende sa mga resulta ng pagsusuri.,당좌대월,당좌대월,True,대출,,1.0,1.0,1.0,0,,40,당좌대월
KO-FIN-00992,당좌차월은 심사 결과에 따라 이용 가능 여부가 달라질 수 있습니다.,Ang Sa kaliwang gilid. ay maaaring mag-iba depende sa mga resulta ng pagsusuri.,당좌차월,당좌차월,True,대출,,1.0,1.0,1.0,0,,40,당좌차월
KO-FIN-00993,대권이 무엇인지 설명해 주세요.,Ipaliwanag kung ano ang Ang kapangyarihan.,대권,대권,True,증권·예탁,,1.0,1.0,1.0,0,,70,대권
KO-FIN-00999,대금지급보증시스템 과정에서 문제가 발생한 것 같습니다.,Mukhang may problema sa Ang sistema ng garantiya sa pagbabayad ng utang.,대금지급보증시스템,대금지급보증시스템,True,지급결제·청산,신용·리스크,1.0,1.0,1.0,0,,0,
KO-FIN-01003,대기시스템 과정에서 문제가 발생한 것 같습니다.,Mukhang may problema sa Ang sistema ng hangin.,대기시스템,대기시스템,True,지급결제·청산,,1.0,1.0,1.0,0,,0,
KO-FIN-01006,대량매매와 관련된 시장 정보를 확인하고 싶습니다.,Gusto kong suriin ang impormasyon ng merkado na nauugnay sa Pagbebenta ng dagdag.,대량매매,대량매매,True,금융시장·거래,,1.0,1.0,1.0,0,,40,대량매매
KO-FIN-01010,대량주식보유상황공시제도와 관련된 정보를 확인하고 싶습니다.,Gusto kong suriin ang impormasyon tungkol sa Ang mas malaking stock exchange ay nag-aalaga ng emergency system..,대량주식보유상황공시제도,대량주식보유상황공시제도,True,주식,금융법규·감독 / 자산운용·투자 / 금융시장·거래,1.0,1.0,1.0,0,,40,대량주식보유상황공시제도
KO-FIN-01013,대량주식소유의 제한이 무엇인지 설명해 주세요.,Ipaliwanag kung ano ang Ang mga limitasyon ng malaking pagmamay-ari.,대량주식소유의 제한,대량주식소유의 제한,True,주식,금융법규·감독,1.0,1.0,1.0,0,,0,
KO-FIN-01018,대변이체시스템을 이용하려면 어떻게 해야 하나요?,Paano ko gagamitin ang Mga sistema ng tagapagpahayag?,대변이체시스템,대변이체시스템,True,이체,,1.0,1.0,1.0,0,,20,대변이체시스템
KO-FIN-01020,대변이체시스템을 진행하기 전에 입력한 정보를 다시 확인해 주세요.,Mangyaring suriin muli ang iyong nai-type bago magpatuloy.,대변이체시스템,대변이체시스템,True,이체,,0.0,1.0,0.0,0,대변이체시스템,20,대변이체시스템
KO-FIN-01021,대용가격이 무엇을 의미하나요?,Ano ang ibig sabihin ng Mga presyo ng pagpapalit?,대용가격,대용가격,True,금융시장·거래,,1.0,1.0,1.0,0,,20,대용가격
KO-FIN-01025,대용증거금 필요액이 무엇인지 쉽게 설명해 주세요.,Ipaliwanag mo kung ano ang Ang halaga na kailangan para sa mga gagamitin.,대용증거금 필요액,대용증거금 필요액,True,파생상품,증권·예탁 / 금융시장·거래,1.0,1.0,1.0,0,,0,
KO-FIN-01029,대용증권이 무엇인지 설명해 주세요.,Ipaliwanag kung ano ang Mga pasilidad ng pag-aari.,대용증권,대용증권,True,증권·예탁,금융시장·거래 / 주식,1.0,1.0,1.0,0,,40,대용증권
KO-FIN-01035,대주에 대해 상담받고 싶습니다.,Gusto kong kumunsulta tungkol sa Ang mga tao..,대주,대주,True,대출,금융시장·거래,1.0,1.0,1.0,0,,70,대주
KO-FIN-01037,대주비율이 무엇을 의미하나요?,Ano ang ibig sabihin ng Ang rate ng pagmamay-ari?,대주비율,대주비율,True,금융시장·거래,주식,1.0,1.0,1.0,0,,40,대주비율
KO-FIN-01042,대주주와 관련된 정보를 확인하고 싶습니다.,Gusto kong suriin ang impormasyon tungkol sa Ang mga may-ari.,대주주,대주주,True,주식,,1.0,1.0,1.0,0,,40,대주주
KO-FIN-01047,대차수수료에 대해 상담받고 싶습니다.,Gusto kong kumunsulta tungkol sa Mga Bayad sa Paglalakbay.,대차수수료,대차수수료,True,대출,증권·예탁,1.0,1.0,1.0,0,,40,대차수수료
KO-FIN-01049,대체거래시스템이 무엇을 의미하나요?,Ano ang ibig sabihin ng Ang mga alternatibong sistema ng kalakalan?,대체거래시스템,대체거래시스템,True,금융시장·거래,,1.0,1.0,1.0,0,,0,
KO-FIN-01053,대체결제제도가 무엇인지 설명해 주세요.,Ipaliwanag kung ano ang Mga alternatibong solusyon..,대체결제제도,대체결제제도,True,지급결제·청산,증권·예탁 / 금융시장·거래 / 자산운용·투자,1.0,1.0,1.0,0,,40,대체결제제도
KO-FIN-01057,대체물/대체성이 무엇인지 설명해 주세요.,Ipaliwanag kung ano ang Mga kapalit / kapalit.,대체물/대체성,대체물/대체성,True,증권·예탁,,1.0,1.0,1.0,0,,0,
KO-FIN-01063,대체비용위험을 줄이려면 어떤 점을 확인해야 하나요?,Ano ang dapat kong suriin upang mabawasan ang Ang mga alternatibong gastos ng panganib?,대체비용위험,대체비용위험,True,신용·리스크,,1.0,1.0,1.0,0,,20,대체비용위험
KO-FIN-01064,대체비용위험은 거래 조건이나 이용 가능 여부에 영향을 줄 수 있습니다.,Ang Ang mga alternatibong gastos ng panganib ay maaaring makaapekto sa mga kondisyon ng kalakalan o kung magagamit.,대체비용위험,대체비용위험,True,신용·리스크,,1.0,1.0,1.0,0,,20,대체비용위험
KO-FIN-01065,대표소송이 무엇인지 설명해 주세요.,Ipaliwanag kung ano ang Pagpapahayag.,대표소송,대표소송,True,주식,법률·계약,1.0,1.0,1.0,0,,40,대표소송
KO-FIN-01069,대표채권이 무엇인지 설명해 주세요.,Ipaliwanag kung ano ang Ang mga utang na kinakatawan.,대표채권,대표채권,True,채권,자산운용·투자,1.0,1.0,1.0,0,,0,
KO-FIN-01073,대행업무 수탁계약이 금융거래에서 무엇을 의미하나요?,Ano ang ibig sabihin ng Mga kontrata sa kontrata ng kontrata. sa pananalapi?,대행업무 수탁계약,대행업무 수탁계약,True,법률·계약,증권·예탁 / 펀드·신탁 / 주식,1.0,1.0,1.0,0,,40,대행업무 수탁계약
KO-FIN-01079,데드크로스와 관련해 투자 전에 확인해야 할 사항이 있나요?,Mayroon bang mga bagay na dapat mong suriin bago mamuhunan tungkol sa Ang Deadcross.?,데드크로스,데드크로스,True,주식,,1.0,1.0,1.0,0,,0,
KO-FIN-01083,독일증권시장의 주가지수와 관련해 투자 전에 확인해야 할 사항이 있나요?,Mayroon bang mga bagay na dapat mong suriin bago mamuhunan tungkol sa Mga may-ari ng stock market sa Alemanya?,독일증권시장의 주가지수,독일증권시장의 주가지수,True,주식,금융시장·거래 / 증권·예탁,1.0,1.0,1.0,0,,20,독일증권시장의 주가지수
KO-FIN-01086,동시호가와 관련된 시장 정보를 확인하고 싶습니다.,Gusto kong suriin ang impormasyon ng merkado na nauugnay sa Ang mga ito ay....,동시호가,동시호가,True,금융시장·거래,,1.0,1.0,1.0,0,,40,동시호가
KO-FIN-01090,동일주주와 관련된 정보를 확인하고 싶습니다.,Gusto kong suriin ang impormasyon tungkol sa Parehong may-ari.,동일주주,동일주주,True,주식,증권·예탁,1.0,1.0,1.0,0,,40,동일주주
KO-FIN-01095,동증주가지수와 관련해 투자 전에 확인해야 할 사항이 있나요?,Mayroon bang mga bagay na dapat mong suriin bago mamuhunan tungkol sa Magkaroon ng pananagutan.?,동증주가지수,동증주가지수,True,주식,금융시장·거래,1.0,1.0,1.0,0,,40,동증주가지수
KO-FIN-01098,듀레이션은 금융상품을 분석할 때 어떻게 사용되나요?,Paano ginagamit ang Duracion kapag sinusuri ang mga produktong pinansyal?,듀레이션,듀레이션,True,금융공학·분석,,1.0,1.0,1.0,0,,40,듀레이션
KO-FIN-01100,듀레이션의 결과는 사용한 가정과 시장 데이터에 따라 달라질 수 있습니다.,Ang mga resulta ng Duracion ay maaaring mag-iiba depende sa mga pinag-aasang data at merkado na ginamit.,듀레이션,듀레이션,True,금융공학·분석,,1.0,1.0,1.0,0,,40,듀레이션
KO-FIN-01102,등가수익률의 적용 기준을 알려주세요.,Ipaalam sa akin ang mga pamantayan ng Ang halaga ng halaga ng kita.,등가수익률,등가수익률,True,세금,,1.0,1.0,1.0,0,,40,등가수익률
KO-FIN-01104,등가수익률의 적용 여부는 거래 유형과 세법에 따라 달라질 수 있습니다.,Ang paggamit ng Ang halaga ng halaga ng kita ay maaaring mag-iiba depende sa uri ng transaksyon at batas sa buwis.,등가수익률,등가수익률,True,세금,,1.0,1.0,1.0,0,,40,등가수익률
KO-FIN-01105,등록기관이 무엇인지 설명해 주세요.,Ipaliwanag kung ano ang Mga ahensya ng rehistro.,등록기관,등록기관,True,증권·예탁,채권,1.0,1.0,1.0,0,,0,
KO-FIN-01109,등록대리인이 금융거래에서 무엇을 의미하나요?,Ano ang ibig sabihin ng Nagrehistro ng mga representante sa pananalapi?,등록대리인,등록대리인,True,법률·계약,금융시장·거래 / 증권·예탁,1.0,1.0,1.0,0,,20,등록대리인
KO-FIN-01113,등록법인이 무엇인지 설명해 주세요.,Ipaliwanag kung ano ang Mga batas ng pagpaparehistro.,등록법인,등록법인,True,증권·예탁,펀드·신탁 / 금융시장·거래 / 금융법규·감독 / 채권,1.0,1.0,1.0,0,,0,
KO-FIN-01117,등록질이 무엇인지 설명해 주세요.,Ipaliwanag kung ano ang Pagpaparehistro.,등록질,등록질,True,주식,금융법규·감독,1.0,1.0,1.0,0,,0,
KO-FIN-01121,등록채권이 무엇인지 설명해 주세요.,Ipaliwanag kung ano ang Pagpaparehistro ng utang.,등록채권,등록채권,True,채권,,1.0,1.0,1.0,0,,20,등록채권
KO-FIN-01126,"등록필증, 등록필통지서의 조건과 수익 구조를 확인하고 싶습니다.","Gusto kong suriin ang mga kondisyon at istraktura ng kita ng Mga sertipiko ng pagpaparehistro, mga sertipiko ng pagpaparehistro..","등록필증, 등록필통지서","등록필증, 등록필통지서",True,채권,,1.0,1.0,1.0,0,,0,
KO-FIN-01130,디스카운트 브로커와 관련된 시장 정보를 확인하고 싶습니다.,Gusto kong suriin ang impormasyon ng merkado na nauugnay sa Ang diskwento broker.,디스카운트 브로커,디스카운트 브로커,True,금융시장·거래,,1.0,1.0,1.0,0,,0,
KO-FIN-01136,딜러를 확인할 때 시장 상황과 거래 조건을 함께 살펴보세요.,"Kapag sinusuri mo ang Ang dealer., suriin ang mga sitwasyon sa merkado at ang mga kondisyon ng kalakalan.",딜러,딜러,True,금융시장·거래,증권·예탁,1.0,1.0,1.0,0,,30,딜러
KO-FIN-01138,랜덤워크가설은 금융상품을 분석할 때 어떻게 사용되나요?,Paano ginagamit ang Ang RandomWork. kapag sinusuri ang mga produktong pinansyal?,랜덤워크가설,랜덤워크가설,True,금융공학·분석,,1.0,1.0,1.0,0,,0,
KO-FIN-01140,랜덤워크가설의 결과는 사용한 가정과 시장 데이터에 따라 달라질 수 있습니다.,Ang mga resulta ng Ang RandomWork. ay maaaring mag-iiba depende sa mga pinag-aasang data at merkado na ginamit.,랜덤워크가설,랜덤워크가설,True,금융공학·분석,,1.0,1.0,1.0,0,,0,
KO-FIN-01143,랩 어카운트와 관련된 투자 정보를 확인하고 싶습니다.,Gusto kong suriin ang impormasyon ng pamumuhunan na nauugnay sa Lab account.,랩 어카운트,랩 어카운트,True,자산운용·투자,,1.0,1.0,1.0,0,,40,랩 어카운트
KO-FIN-01146,런던은행간 대출금리에서 이용할 수 있는 금융업무는 무엇인가요?,Ano ang mga serbisyo sa pananalapi na magagamit sa Ang interbank loan sa London.?,런던은행간 대출금리,런던은행간 대출금리,True,금융기관·은행,대출 / 계좌,1.0,1.0,1.0,0,,0,
KO-FIN-01150,런던은행간 예금금리에서 이용할 수 있는 금융업무는 무엇인가요?,Ano ang mga serbisyo sa pananalapi na magagamit sa Ang mga deposito sa London Bank?,런던은행간 예금금리,런던은행간 예금금리,True,금융기관·은행,예금상품,1.0,1.0,1.0,0,,0,
KO-FIN-01154,레버리지 효과는 어디에서 확인할 수 있나요?,Saan ko malalaman ang Epekto ng Leverage?,레버리지 효과,레버리지 효과,True,계좌,,1.0,1.0,1.0,0,,0,
KO-FIN-01159,마코위츠 이론과 관련된 투자 정보를 확인하고 싶습니다.,Gusto kong suriin ang impormasyon ng pamumuhunan na nauugnay sa Ang teorya ni Markowitz.,마코위츠 이론,마코위츠 이론,True,자산운용·투자,대출 / 금융공학·분석,1.0,1.0,1.0,0,,0,
KO-FIN-01161,마크다운이 무엇을 의미하나요?,Ano ang ibig sabihin ng Markdown?,마크다운,마크다운,True,금융시장·거래,,1.0,1.0,1.0,0,,0,
KO-FIN-01166,마팅게일모형은 금융상품을 분석할 때 어떻게 사용되나요?,Paano ginagamit ang Ang modelo ng Martingale. kapag sinusuri ang mga produktong pinansyal?,마팅게일모형,마팅게일모형,True,금융공학·분석,,1.0,1.0,1.0,0,,20,마팅게일모형
KO-FIN-01168,마팅게일모형의 결과는 사용한 가정과 시장 데이터에 따라 달라질 수 있습니다.,Ang mga resulta ng Ang modelo ng Martingale. ay maaaring mag-iiba depende sa mga pinag-aasang data at merkado na ginamit.,마팅게일모형,마팅게일모형,True,금융공학·분석,,1.0,1.0,1.0,0,,20,마팅게일모형
KO-FIN-01175,만기보유전략과 관련된 투자 정보를 확인하고 싶습니다.,Gusto kong suriin ang impormasyon ng pamumuhunan na nauugnay sa Mga Taktika ng Pag-aalala.,만기보유전략,만기보유전략,True,자산운용·투자,,1.0,1.0,1.0,0,,20,만기보유전략
KO-FIN-01177,만기수익률이 무엇인지 설명해 주세요.,Ipaliwanag kung ano ang Mga rate ng kita sa pagtatapos.,만기수익률,만기수익률,True,채권,,1.0,1.0,1.0,0,,0,
KO-FIN-01182,매매거래정지와 관련된 시장 정보를 확인하고 싶습니다.,Gusto kong suriin ang impormasyon ng merkado na nauugnay sa Pagbabago ng kalakalan..,매매거래정지,매매거래정지,True,금융시장·거래,,1.0,1.0,1.0,0,,40,매매거래정지
KO-FIN-01185,매매거래중단이 무엇을 의미하나요?,Ano ang ibig sabihin ng Pagpapalit at pagbebenta.?,매매거래중단,매매거래중단,True,금융시장·거래,,1.0,1.0,1.0,0,,40,매매거래중단
KO-FIN-01190,매매보고서와 관련된 시장 정보를 확인하고 싶습니다.,Gusto kong suriin ang impormasyon ng merkado na nauugnay sa Sa pamamagitan ng paghahanap ng mga benta..,매매보고서,매매보고서,True,금융시장·거래,증권·예탁,1.0,1.0,1.0,0,,40,매매보고서
KO-FIN-01193,매매상대방이 무엇을 의미하나요?,Ano ang ibig sabihin ng Mga tindahan ng kalakalan?,매매상대방,매매상대방,True,금융시장·거래,지급결제·청산,1.0,1.0,1.0,0,,40,매매상대방
KO-FIN-01198,매매심리와 관련된 시장 정보를 확인하고 싶습니다.,Gusto kong suriin ang impormasyon ng merkado na nauugnay sa Pagbebenta.,매매심리,매매심리,True,금융시장·거래,,1.0,1.0,1.0,0,,20,매매심리
KO-FIN-01201,매매입회장이 무엇을 의미하나요?,Ano ang ibig sabihin ng Pangkalahatang direktoryo.?,매매입회장,매매입회장,True,금융시장·거래,,1.0,1.0,1.0,0,,40,매매입회장
KO-FIN-01206,매매중지장치와 관련된 시장 정보를 확인하고 싶습니다.,Gusto kong suriin ang impormasyon ng merkado na nauugnay sa Mga kagamitan sa pagbebenta.,매매중지장치,매매중지장치,True,금융시장·거래,,1.0,1.0,1.0,0,,20,매매중지장치
KO-FIN-01209,매매확인이 무엇을 의미하나요?,Ano ang ibig sabihin ng Nakumpirma ang pagbebenta?,매매확인,매매확인,True,금융시장·거래,,1.0,1.0,1.0,0,,20,매매확인
KO-FIN-01213,매출이 무엇인지 설명해 주세요.,Ipaliwanag kung ano ang Mga benta.,매출,매출,True,증권·예탁,,1.0,1.0,1.0,0,,30,매출
KO-FIN-01218,멀티미디어금융시대에서 이용할 수 있는 금융업무는 무엇인가요?,Ano ang mga serbisyo sa pananalapi na magagamit sa Panahon ng Multimedia Finance?,멀티미디어금융시대,멀티미디어금융시대,True,금융기관·은행,,1.0,1.0,1.0,0,,0,
KO-FIN-01221,명령상장이 무엇을 의미하나요?,Ano ang ibig sabihin ng Pangasiwaan.?,명령상장,명령상장,True,금융시장·거래,증권·예탁,1.0,1.0,1.0,0,,40,명령상장
KO-FIN-01225,명목이자율이 무엇인지 설명해 주세요.,Ipaliwanag kung ano ang Pangalan at rate.,명목이자율,명목이자율,True,증권·예탁,,1.0,1.0,1.0,0,,20,명목이자율
KO-FIN-01230,명의개서 대행회사 처리 절차를 확인하고 싶습니다.,Gusto kong suriin ang proseso ng pagproseso.,명의개서 대행회사,명의개서 대행회사,True,증권·예탁,,0.0,1.0,0.0,0,명의개서 대행회사,40,명의개서 대행회사
KO-FIN-01233,명의개서 정지기간이 무엇인지 설명해 주세요.,Ipaliwanag kung ano ang Sa pagitan ng pangalan at pangalan..,명의개서 정지기간,명의개서 정지기간,True,증권·예탁,주식,1.0,1.0,1.0,0,,40,명의개서 정지기간
KO-FIN-01238,명의개서 처리 절차를 확인하고 싶습니다.,Gusto kong suriin ang proseso ng pagproseso.,명의개서,명의개서,True,증권·예탁,주식,0.0,1.0,0.0,0,명의개서,40,명의개서
KO-FIN-01241,명의개서대리인이 무엇인지 설명해 주세요.,Ipaliwanag kung ano ang Ang mga tagapagsalita ng pangalan..,명의개서대리인,명의개서대리인,True,증권·예탁,법률·계약 / 금융법규·감독,1.0,1.0,1.0,0,,40,명의개서대리인
KO-FIN-01246,명의개서대행업무 처리 절차를 확인하고 싶습니다.,Gusto kong suriin ang proseso ng pagproseso.,명의개서대행업무,명의개서대행업무,True,증권·예탁,,0.0,1.0,0.0,0,명의개서대행업무,40,명의개서대행업무
KO-FIN-01250,모기지담보부증권과 관련된 금리와 비용을 확인하고 싶습니다.,Gusto kong suriin ang mga interes at gastos na nauugnay sa Mga sertipiko ng hipoteka..,모기지담보부증권,모기지담보부증권,True,부동산금융,대출 / 증권·예탁,1.0,1.0,1.0,0,,20,모기지담보부증권
KO-FIN-01252,모기지담보부증권은 담보가치와 심사 조건에 따라 이용 조건이 달라질 수 있습니다.,Mga sertipiko ng hipoteka. ay maaaring mag-iba ang mga kundisyon ng paggamit depende sa halaga ng pusta at mga kundisyon ng pagsusuri.,모기지담보부증권,모기지담보부증권,True,부동산금융,대출 / 증권·예탁,1.0,1.0,1.0,0,,20,모기지담보부증권
KO-FIN-01255,모듈기업과 관련된 투자 정보를 확인하고 싶습니다.,Gusto kong suriin ang impormasyon ng pamumuhunan na nauugnay sa Modular na kumpanya.,모듈기업,모듈기업,True,자산운용·투자,,1.0,1.0,1.0,0,,20,모듈기업
KO-FIN-01257,모집이 무엇인지 설명해 주세요.,Ipaliwanag kung ano ang Pag-recruit.,모집,모집,True,증권·예탁,,1.0,1.0,1.0,0,,70,모집
KO-FIN-01261,모집설립이 무엇인지 설명해 주세요.,Ipaliwanag kung ano ang Pagsusumite ng mga tao.,모집설립,모집설립,True,주식,,1.0,1.0,1.0,0,,40,모집설립
KO-FIN-01266,무권화 처리 절차를 확인하고 싶습니다.,Gusto kong suriin ang proseso ng pagproseso.,무권화,무권화,True,증권·예탁,법률·계약,0.0,1.0,0.0,0,무권화,40,무권화
KO-FIN-01269,무기명주식이 무엇인지 설명해 주세요.,Ipaliwanag kung ano ang Mga pangalan ng mga tao.,무기명주식,무기명주식,True,주식,,1.0,1.0,1.0,0,,40,무기명주식
KO-FIN-01273,무기명채권이 무엇인지 설명해 주세요.,Ipaliwanag kung ano ang Mga utang na walang hanggan.,무기명채권,무기명채권,True,채권,,1.0,1.0,1.0,0,,40,무기명채권
KO-FIN-01278,무담보사채의 조건과 수익 구조를 확인하고 싶습니다.,Gusto kong suriin ang mga kondisyon at istraktura ng kita ng Walang pakialam..,무담보사채,무담보사채,True,채권,,1.0,1.0,1.0,0,,40,무담보사채
KO-FIN-01281,무배당이 무엇인지 설명해 주세요.,Ipaliwanag kung ano ang Ang walang kabuluhan.,무배당,무배당,True,주식,,1.0,1.0,1.0,0,,40,무배당
KO-FIN-01287,무배주와 관련해 투자 전에 확인해야 할 사항이 있나요?,Mayroon bang mga bagay na dapat mong suriin bago mamuhunan tungkol sa Mga mangangaso.?,무배주,무배주,True,주식,,1.0,1.0,1.0,0,,40,무배주
KO-FIN-01290,무보증사채의 조건과 수익 구조를 확인하고 싶습니다.,Gusto kong suriin ang mga kondisyon at istraktura ng kita ng Mga utang na walang garantiya.,무보증사채,무보증사채,True,채권,신용·리스크,1.0,1.0,1.0,0,,20,무보증사채
KO-FIN-01294,무상증자와 관련된 정보를 확인하고 싶습니다.,Gusto kong suriin ang impormasyon tungkol sa Mga walang bayad na saksi..,무상증자,무상증자,True,주식,,1.0,1.0,1.0,0,,0,
KO-FIN-01297,무액면주식이 무엇인지 설명해 주세요.,Ipaliwanag kung ano ang Ang mga stock ng cashless.,무액면주식,무액면주식,True,주식,,1.0,1.0,1.0,0,,20,무액면주식
KO-FIN-01303,무위험 이자율을 줄이려면 어떤 점을 확인해야 하나요?,Ano ang dapat kong suriin upang mabawasan ang Mga rate ng interes na walang panganib?,무위험 이자율,무위험 이자율,True,신용·리스크,자산운용·투자,1.0,1.0,1.0,0,,20,무위험 이자율
KO-FIN-01304,무위험 이자율은 거래 조건이나 이용 가능 여부에 영향을 줄 수 있습니다.,Ang Mga rate ng interes na walang panganib ay maaaring makaapekto sa mga kondisyon ng kalakalan o kung magagamit.,무위험 이자율,무위험 이자율,True,신용·리스크,자산운용·투자,1.0,1.0,1.0,0,,20,무위험 이자율
KO-FIN-01307,무의결권주와 관련해 투자 전에 확인해야 할 사항이 있나요?,Mayroon bang mga bagay na dapat mong suriin bago mamuhunan tungkol sa Ang walang katapusang kapangyarihan.?,무의결권주,무의결권주,True,주식,,1.0,1.0,1.0,0,,40,무의결권주
KO-FIN-01311,무츄얼펀드에 가입하기 전에 어떤 점을 확인해야 하나요?,Ano ang dapat mong suriin bago sumali sa Ang Pondo ng Pangkalahatan?,무츄얼펀드,무츄얼펀드,True,펀드·신탁,자산운용·투자,1.0,1.0,1.0,0,,40,무츄얼펀드
KO-FIN-01316,물상대위의 적용 여부는 계약 내용과 관련 법령을 확인해야 합니다.,Dapat mong suriin ang nilalaman ng Mga Batas ng Tubig at ang mga kaugnay na batas.,물상대위;계약,물상대위,True,법률·계약,,0.5,1.0,0.5,0,계약,40,물상대위;계약
KO-FIN-01318,물적담보의 조건과 수익 구조를 확인하고 싶습니다.,Gusto kong suriin ang mga kondisyon at istraktura ng kita ng Mga materyal na balita.,물적담보,물적담보,True,채권,,1.0,1.0,1.0,0,,20,물적담보
KO-FIN-01322,뮤추얼펀드 관리회사의 운용 방식과 수수료를 확인하고 싶습니다.,Gusto kong malaman kung paano ito ginagamit at kung ano ang bayad nito.,뮤추얼펀드 관리회사,뮤추얼펀드 관리회사,True,펀드·신탁,,0.0,1.0,0.0,0,뮤추얼펀드 관리회사,0,
KO-FIN-01326,뮤추얼펀드 인수회사의 운용 방식과 수수료를 확인하고 싶습니다.,Gusto kong malaman kung paano ito ginagamit at kung ano ang bayad nito.,뮤추얼펀드 인수회사,뮤추얼펀드 인수회사,True,펀드·신탁,기업금융·자본조달,0.0,1.0,0.0,0,뮤추얼펀드 인수회사,0,
KO-FIN-01329,미국형옵션이 무엇인지 쉽게 설명해 주세요.,Ipaliwanag mo kung ano ang Mga pagpipilian sa Amerikano.,미국형옵션,미국형옵션,True,파생상품,,1.0,1.0,1.0,0,,20,미국형옵션
KO-FIN-01334,미발행증권거래와 관련된 시장 정보를 확인하고 싶습니다.,Gusto kong suriin ang impormasyon ng merkado na nauugnay sa Pagbebenta ng di-nagtatagumpay na mga securities.,미발행증권거래,미발행증권거래,True,금융시장·거래,증권·예탁 / 기업금융·자본조달,1.0,1.0,1.0,0,,40,미발행증권거래
KO-FIN-01337,미청산계약이 금융거래에서 무엇을 의미하나요?,Ano ang ibig sabihin ng Mga kontrata sa asido asido sa pananalapi?,미청산계약,미청산계약,True,법률·계약,지급결제·청산 / 금융시장·거래,1.0,1.0,1.0,0,,0,
KO-FIN-01341,바벨형 만기구성전략이 무엇인지 설명해 주세요.,Ipaliwanag kung ano ang Mga Taktika ng Pangmatagalan ng Babel.,바벨형 만기구성전략,바벨형 만기구성전략,True,채권,,1.0,1.0,1.0,0,,0,
KO-FIN-01345,바스켓방식에 대해 자세히 알려주세요.,Magbigay ng detalye tungkol sa Ang Basketball Style.,바스켓방식,바스켓방식,True,해외송금·외환,,1.0,1.0,1.0,0,,40,바스켓방식
KO-FIN-01346,바스켓방식을 확인하고 싶습니다.,Gusto kong suriin ang Ang Basketball Style,바스켓방식,바스켓방식,True,해외송금·외환,,1.0,1.0,1.0,0,,40,바스켓방식
KO-FIN-01349,바흐만보고서가 무엇인지 설명해 주세요.,Ipaliwanag kung ano ang Tumingin ako kay Bach..,바흐만보고서,바흐만보고서,True,지급결제·청산,증권·예탁,1.0,1.0,1.0,0,,20,바흐만보고서
KO-FIN-01354,반대매매와 관련된 시장 정보를 확인하고 싶습니다.,Gusto kong suriin ang impormasyon ng merkado na nauugnay sa Ang iba't ibang mga kalakalan.,반대매매,반대매매,True,금융시장·거래,,1.0,1.0,1.0,0,,40,반대매매
KO-FIN-01357,발기설립이 무엇인지 설명해 주세요.,Ipaliwanag kung ano ang Paghahanda ng erection.,발기설립,발기설립,True,주식,,1.0,1.0,1.0,0,,20,발기설립
KO-FIN-01361,발기인이 무엇인지 설명해 주세요.,Ipaliwanag kung ano ang Ang pagtataas..,발기인,발기인,True,주식,,1.0,1.0,1.0,0,,40,발기인
KO-FIN-01365,발기인조합이 금융거래에서 무엇을 의미하나요?,Ano ang ibig sabihin ng Ang pagtitipon ng mga erectile sa pananalapi?,발기인조합,발기인조합,True,법률·계약,,1.0,1.0,1.0,0,,20,발기인조합
KO-FIN-01370,발행가액을 이용하려면 어떤 조건이 필요한가요?,Ano ang mga kundisyon para magamit ang Bilang ng mga nag-isyu?,발행가액,발행가액,True,기업금융·자본조달,주식,1.0,1.0,1.0,0,,20,발행가액
KO-FIN-01371,발행가액과 관련된 비용과 절차를 확인하고 싶습니다.,Gusto kong suriin ang mga gastos at pamamaraan na nauugnay sa Bilang ng mga nag-isyu.,발행가액,발행가액,True,기업금융·자본조달,주식,1.0,1.0,1.0,0,,20,발행가액
KO-FIN-01374,발행시장을 이용하려면 어떤 조건이 필요한가요?,Ano ang mga kundisyon para magamit ang Mga merkado ng pagpapalabas?,발행시장,발행시장,True,기업금융·자본조달,금융시장·거래 / 증권·예탁 / 자산운용·투자,1.0,1.0,1.0,0,,0,
KO-FIN-01375,발행시장과 관련된 비용과 절차를 확인하고 싶습니다.,Gusto kong suriin ang mga gastos at pamamaraan na nauugnay sa Mga merkado ng pagpapalabas.,발행시장,발행시장,True,기업금융·자본조달,금융시장·거래 / 증권·예탁 / 자산운용·투자,1.0,1.0,1.0,0,,0,
KO-FIN-01377,배당이 무엇인지 설명해 주세요.,Ipaliwanag kung ano ang Paghahalo.,배당,배당,True,주식,,1.0,1.0,1.0,0,,70,배당
KO-FIN-01381,배당가능이익이 무엇인지 설명해 주세요.,Ipaliwanag kung ano ang Mga kabayaran na makukuha.,배당가능이익,배당가능이익,True,주식,,1.0,1.0,1.0,0,,40,배당가능이익
KO-FIN-01385,배당금지급청구권이 무엇인지 설명해 주세요.,Ipaliwanag kung ano ang Karapatan na mag-aplay para sa mga allowance.,배당금지급청구권,배당금지급청구권,True,주식,,1.0,1.0,1.0,0,,40,배당금지급청구권
KO-FIN-01389,배당기산일이 무엇인지 설명해 주세요.,Ipaliwanag kung ano ang Araw ng Paghahalo.,배당기산일,배당기산일,True,주식,,1.0,1.0,1.0,0,,40,배당기산일
KO-FIN-01393,배당락이 무엇인지 설명해 주세요.,Ipaliwanag kung ano ang Pag-aakyat..,배당락,배당락,True,주식,,1.0,1.0,1.0,0,,40,배당락
KO-FIN-01397,배당성향이 무엇인지 설명해 주세요.,Ipaliwanag kung ano ang Pag-aalinlangan.,배당성향,배당성향,True,주식,,1.0,1.0,1.0,0,,40,배당성향
KO-FIN-01401,배당소득이 무엇인지 설명해 주세요.,Ipaliwanag kung ano ang Ang dividend na kita.,배당소득,배당소득,True,주식,,1.0,1.0,1.0,0,,0,
KO-FIN-01406,배당소득세의 적용 기준을 알려주세요.,Ipaalam sa akin ang mga pamantayan ng Ito ay isang dividend..,배당소득세,배당소득세,True,세금,주식,1.0,1.0,1.0,0,,40,배당소득세
KO-FIN-01408,배당소득세의 적용 여부는 거래 유형과 세법에 따라 달라질 수 있습니다.,Ang paggamit ng Ito ay isang dividend. ay maaaring mag-iiba depende sa uri ng transaksyon at batas sa buwis.,배당소득세,배당소득세,True,세금,주식,1.0,1.0,1.0,0,,40,배당소득세
KO-FIN-01411,배당의 정보효과와 관련해 투자 전에 확인해야 할 사항이 있나요?,Mayroon bang mga bagay na dapat mong suriin bago mamuhunan tungkol sa Ang mga epekto ng impormasyon ng payout?,배당의 정보효과,배당의 정보효과,True,주식,,1.0,1.0,1.0,0,,20,배당의 정보효과
KO-FIN-01413,배당정책이 무엇인지 설명해 주세요.,Ipaliwanag kung ano ang Mga patakaran sa alokasyon.,배당정책,배당정책,True,주식,,1.0,1.0,1.0,0,,0,
KO-FIN-01417,배당평가모형이 무엇인지 설명해 주세요.,Ipaliwanag kung ano ang Modelo ng pag-allocate ng rating.,배당평가모형,배당평가모형,True,주식,금융공학·분석,1.0,1.0,1.0,0,,40,배당평가모형
KO-FIN-01424,배서의 적용 여부는 계약 내용과 관련 법령을 확인해야 합니다.,Dapat mong suriin ang nilalaman ng Sa likuran. at ang mga kaugnay na batas.,배서;계약,배서,True,법률·계약,,0.5,1.0,0.5,0,계약,70,배서;계약
KO-FIN-01425,백워데이션이 무엇인지 설명해 주세요.,Ipaliwanag kung ano ang Backwardation.,백워데이션,백워데이션,True,지급결제·청산,,1.0,1.0,1.0,0,,0,
KO-FIN-01431,벌처펀드에 가입하기 전에 어떤 점을 확인해야 하나요?,Ano ang dapat mong suriin bago sumali sa Ang Bulcher Fund.?,벌처펀드,벌처펀드,True,펀드·신탁,,1.0,1.0,1.0,0,,0,
KO-FIN-01433,법정과실이 금융거래에서 무엇을 의미하나요?,Ano ang ibig sabihin ng Sa loob ng korte sa pananalapi?,법정과실,법정과실,True,법률·계약,,1.0,1.0,1.0,0,,20,법정과실
KO-FIN-01438,법정관리의 조건과 수익 구조를 확인하고 싶습니다.,Gusto kong suriin ang mga kondisyon at istraktura ng kita ng Mga Hukom.,법정관리,법정관리,True,채권,,1.0,1.0,1.0,0,,40,법정관리
KO-FIN-01441,법정담보물권이 금융거래에서 무엇을 의미하나요?,Ano ang ibig sabihin ng Karapatan ng Legal na Karapatan sa pananalapi?,법정담보물권,법정담보물권,True,법률·계약,,1.0,1.0,1.0,0,,20,법정담보물권
KO-FIN-01448,법정대위의 적용 여부는 계약 내용과 관련 법령을 확인해야 합니다.,Dapat mong suriin ang nilalaman ng Mga Hukom at ang mga kaugnay na batas.,법정대위;계약,법정대위,True,법률·계약,,0.5,1.0,0.5,0,계약,40,법정대위;계약
KO-FIN-01451,법정청산 과정에서 문제가 발생한 것 같습니다.,Mukhang may problema sa Pag-aalaga ng korte.,법정청산,법정청산,True,지급결제·청산,,1.0,1.0,1.0,0,,40,법정청산
KO-FIN-01454,베이시스와 관련된 시장 정보를 확인하고 싶습니다.,Gusto kong suriin ang impormasyon ng merkado na nauugnay sa Basees..,베이시스,베이시스,True,금융시장·거래,,1.0,1.0,1.0,0,,40,베이시스
KO-FIN-01460,베타계수의 결과는 사용한 가정과 시장 데이터에 따라 달라질 수 있습니다.,Ang mga resulta ng Mga bilang ng beta ay maaaring mag-iiba depende sa mga pinag-aasang data at merkado na ginamit.,베타계수,베타계수,True,금융공학·분석,,1.0,1.0,1.0,0,,20,베타계수
KO-FIN-01462,베타위험은 금융상품을 분석할 때 어떻게 사용되나요?,Paano ginagamit ang Beta panganib. kapag sinusuri ang mga produktong pinansyal?,베타위험,베타위험,True,금융공학·분석,신용·리스크 / 자산운용·투자,1.0,1.0,1.0,0,,0,
KO-FIN-01464,베타위험의 결과는 사용한 가정과 시장 데이터에 따라 달라질 수 있습니다.,Ang mga resulta ng Beta panganib. ay maaaring mag-iiba depende sa mga pinag-aasang data at merkado na ginamit.,베타위험,베타위험,True,금융공학·분석,신용·리스크 / 자산운용·투자,1.0,1.0,1.0,0,,0,
KO-FIN-01466,병행증자와 관련된 정보를 확인하고 싶습니다.,Gusto kong suriin ang impormasyon tungkol sa Mga parusa..,병행증자,병행증자,True,주식,,1.0,1.0,1.0,0,,40,병행증자
KO-FIN-01469,보관기관이 무엇인지 설명해 주세요.,Ipaliwanag kung ano ang Mga imbakan.,보관기관,보관기관,True,증권·예탁,펀드·신탁 / 자산운용·투자 / 금융기관·은행,1.0,1.0,1.0,0,,40,보관기관
KO-FIN-01473,보관원장이 무엇인지 설명해 주세요.,Ipaliwanag kung ano ang Pangulo ng Repositorio.,보관원장,보관원장,True,증권·예탁,,1.0,1.0,1.0,0,,40,보관원장
KO-FIN-01478,보관위험이 금융거래에 어떤 영향을 주나요?,Ano ang epekto nito sa pangangalakal sa pananalapi?,보관위험,보관위험,True,신용·리스크,,0.0,1.0,0.0,0,보관위험,20,보관위험
KO-FIN-01480,보관위험은 거래 조건이나 이용 가능 여부에 영향을 줄 수 있습니다.,Ang Mga panganib sa pag-iingat ay maaaring makaapekto sa mga kondisyon ng kalakalan o kung magagamit.,보관위험,보관위험,True,신용·리스크,,1.0,1.0,1.0,0,,20,보관위험
KO-FIN-01483,보유기간수익률과 관련된 투자 정보를 확인하고 싶습니다.,Gusto kong suriin ang impormasyon ng pamumuhunan na nauugnay sa Mga rate ng kita sa panahon ng pag-aari.,보유기간수익률,보유기간수익률,True,자산운용·투자,,1.0,1.0,1.0,0,,0,
KO-FIN-01485,보유비용이 금융거래에서 무엇을 의미하나요?,Ano ang ibig sabihin ng Mga gastos sa pag-iingat sa pananalapi?,보유비용,보유비용,True,법률·계약,,1.0,1.0,1.0,0,,0,
KO-FIN-01490,보증사채의 조건과 수익 구조를 확인하고 싶습니다.,Gusto kong suriin ang mga kondisyon at istraktura ng kita ng Ang garantiya.,보증사채,보증사채,True,채권,신용·리스크,1.0,1.0,1.0,0,,40,보증사채
KO-FIN-01494,보통거래와 관련된 시장 정보를 확인하고 싶습니다.,Gusto kong suriin ang impormasyon ng merkado na nauugnay sa Karaniwan..,보통거래,보통거래,True,금융시장·거래,,1.0,1.0,1.0,0,,20,보통거래
KO-FIN-01499,보통결의와 관련해 투자 전에 확인해야 할 사항이 있나요?,Mayroon bang mga bagay na dapat mong suriin bago mamuhunan tungkol sa Ang karaniwang desisyon?,보통결의,보통결의,True,주식,,1.0,1.0,1.0,0,,40,보통결의
KO-FIN-01503,보통주와 관련해 투자 전에 확인해야 할 사항이 있나요?,Mayroon bang mga bagay na dapat mong suriin bago mamuhunan tungkol sa Karaniwan.?,보통주,보통주,True,주식,,1.0,1.0,1.0,0,,20,보통주
KO-FIN-01506,보호예수 처리 절차를 확인하고 싶습니다.,Gusto kong suriin ang proseso ng pagproseso.,보호예수,보호예수,True,증권·예탁,,0.0,1.0,0.0,0,보호예수,40,보호예수
KO-FIN-01510,보호예수증서 처리 절차를 확인하고 싶습니다.,Gusto kong suriin ang proseso ng pagproseso.,보호예수증서,보호예수증서,True,증권·예탁,,0.0,1.0,0.0,0,보호예수증서,20,보호예수증서
KO-FIN-01514,복리채의 조건과 수익 구조를 확인하고 싶습니다.,Gusto kong suriin ang mga kondisyon at istraktura ng kita ng Ang pag-aalaga..,복리채,복리채,True,채권,,1.0,1.0,1.0,0,,40,복리채
KO-FIN-01520,복수통화대출은 심사 결과에 따라 이용 가능 여부가 달라질 수 있습니다.,Ang Pagbabalik-tangi ay maaaring mag-iba depende sa mga resulta ng pagsusuri.,복수통화대출,복수통화대출,True,대출,,1.0,1.0,1.0,0,,40,복수통화대출
KO-FIN-01522,복수통화표시채의 조건과 수익 구조를 확인하고 싶습니다.,Gusto kong suriin ang mga kondisyon at istraktura ng kita ng Ang mga tanda ng pagbabayad ng utang..,복수통화표시채,복수통화표시채,True,채권,,1.0,1.0,1.0,0,,40,복수통화표시채
KO-FIN-01528,본질가치의 정확한 의미는 해당 금융거래의 맥락과 함께 확인해야 합니다.,Ang eksaktong kahulugan ng Katangian ng halaga ay dapat patunayan sa konteksto ng kalakalan sa pananalapi.,본질가치,본질가치,True,기타 금융일반,,1.0,1.0,1.0,0,,20,본질가치
KO-FIN-01530,부당권유행위의 금지와 관련된 시장 정보를 확인하고 싶습니다.,Gusto kong suriin ang impormasyon ng merkado na nauugnay sa Pagbabawal sa mga gawaing di-katarungan.,부당권유행위의 금지,부당권유행위의 금지,True,금융시장·거래,,1.0,1.0,1.0,0,,20,부당권유행위의 금지
KO-FIN-01535,부도방지협약을 줄이려면 어떤 점을 확인해야 하나요?,Ano ang dapat kong suriin upang mabawasan ang Pangkalahatang kasunduan.?,부도방지협약,부도방지협약,True,신용·리스크,금융기관·은행,1.0,1.0,1.0,0,,40,부도방지협약
KO-FIN-01536,부도방지협약은 거래 조건이나 이용 가능 여부에 영향을 줄 수 있습니다.,Ang Pangkalahatang kasunduan. ay maaaring makaapekto sa mga kondisyon ng kalakalan o kung magagamit.,부도방지협약,부도방지협약,True,신용·리스크,금융기관·은행,1.0,1.0,1.0,0,,40,부도방지협약
KO-FIN-01540,부도처리유예는 거래 조건이나 이용 가능 여부에 영향을 줄 수 있습니다.,Ang Ang pag-aalaga ng mga tao. ay maaaring makaapekto sa mga kondisyon ng kalakalan o kung magagamit.,부도처리유예,부도처리유예,True,신용·리스크,,1.0,1.0,1.0,0,,40,부도처리유예
KO-FIN-01542,부동담보제도의 조건과 수익 구조를 확인하고 싶습니다.,Gusto kong suriin ang mga kondisyon at istraktura ng kita ng Ang floating deposit system..,부동담보제도,부동담보제도,True,채권,,1.0,1.0,1.0,0,,40,부동담보제도
KO-FIN-01547,부동산 투자신탁에 가입하기 전에 어떤 점을 확인해야 하나요?,Ano ang dapat mong suriin bago sumali sa Mga pananagutan sa pamumuhunan sa real estate?,부동산 투자신탁,부동산 투자신탁,True,펀드·신탁,자산운용·투자 / 부동산금융,1.0,1.0,1.0,0,,0,
KO-FIN-01551,부동주와 관련해 투자 전에 확인해야 할 사항이 있나요?,Mayroon bang mga bagay na dapat mong suriin bago mamuhunan tungkol sa Lumilipad?,부동주,부동주,True,주식,,1.0,1.0,1.0,0,,40,부동주
KO-FIN-01554,부동화 처리 절차를 확인하고 싶습니다.,Gusto kong suriin ang proseso ng pagproseso.,부동화,부동화,True,증권·예탁,,0.0,1.0,0.0,0,부동화,40,부동화
KO-FIN-01557,부보관기관이 무엇인지 설명해 주세요.,Ipaliwanag kung ano ang Mga Kagawaran ng Pag-aalaga.,부보관기관,부보관기관,True,증권·예탁,,1.0,1.0,1.0,0,,40,부보관기관
KO-FIN-01561,부실채권 정리기금이 무엇인지 설명해 주세요.,Ipaliwanag kung ano ang Mga pondo para sa mga utang sa bangko.,부실채권 정리기금,부실채권 정리기금,True,채권,,1.0,1.0,1.0,0,,20,부실채권 정리기금
KO-FIN-01565,부실채권이 무엇인지 설명해 주세요.,Ipaliwanag kung ano ang Ang mga utang na walang utang.,부실채권,부실채권,True,채권,,1.0,1.0,1.0,0,,20,부실채권
KO-FIN-01569,부실채권정리기금채권이 무엇인지 설명해 주세요.,Ipaliwanag kung ano ang Mga utang sa mga bangko.,부실채권정리기금채권,부실채권정리기금채권,True,채권,금융기관·은행,1.0,1.0,1.0,0,,40,부실채권정리기금채권
KO-FIN-01573,부전환대리인이 무엇인지 설명해 주세요.,Ipaliwanag kung ano ang Ang mga diskarte.,부전환대리인,부전환대리인,True,채권,법률·계약 / 자산운용·투자 / 주식,1.0,1.0,1.0,0,,40,부전환대리인
KO-FIN-01579,분리결제 과정에서 문제가 발생한 것 같습니다.,Mukhang may problema sa Pag-iwas sa paghihiwalay.,분리결제,분리결제,True,지급결제·청산,,1.0,1.0,1.0,0,,40,분리결제
KO-FIN-01582,분리과세의 적용 기준을 알려주세요.,Ipaalam sa akin ang mga pamantayan ng Paghiwalayin..,분리과세,분리과세,True,세금,주식,1.0,1.0,1.0,0,,0,
KO-FIN-01584,분리과세의 적용 여부는 거래 유형과 세법에 따라 달라질 수 있습니다.,Ang paggamit ng Paghiwalayin. ay maaaring mag-iiba depende sa uri ng transaksyon at batas sa buwis.,분리과세,분리과세,True,세금,주식,1.0,1.0,1.0,0,,0,
KO-FIN-01585,분리형증권이 무엇인지 설명해 주세요.,Ipaliwanag kung ano ang I-separate ang mga dokumento.,분리형증권,분리형증권,True,증권·예탁,,1.0,1.0,1.0,0,,40,분리형증권
KO-FIN-01589,분매기관이 무엇인지 설명해 주세요.,Ipaliwanag kung ano ang Mga distributor.,분매기관,분매기관,True,증권·예탁,,1.0,1.0,1.0,0,,40,분매기관
KO-FIN-01594,분배락조치와 관련된 시장 정보를 확인하고 싶습니다.,Gusto kong suriin ang impormasyon ng merkado na nauugnay sa Pag-aayos ng pamamahagi.,분배락조치,분배락조치,True,금융시장·거래,증권·예탁,1.0,1.0,1.0,0,,40,분배락조치
KO-FIN-01599,분산투자와 관련된 투자 정보를 확인하고 싶습니다.,Gusto kong suriin ang impormasyon ng pamumuhunan na nauugnay sa Divergent na pamumuhunan.,분산투자,분산투자,True,자산운용·투자,,1.0,1.0,1.0,0,,20,분산투자
KO-FIN-01602,분할납입채의 조건과 수익 구조를 확인하고 싶습니다.,Gusto kong suriin ang mga kondisyon at istraktura ng kita ng Ang paghahati ng utang.,분할납입채,분할납입채,True,채권,,1.0,1.0,1.0,0,,40,분할납입채
KO-FIN-01606,불독채의 조건과 수익 구조를 확인하고 싶습니다.,Gusto kong suriin ang mga kondisyon at istraktura ng kita ng Hindi marunong bumasa..,불독채,불독채,True,채권,,1.0,1.0,1.0,0,,50,불독채
KO-FIN-01610,불릿채의 조건과 수익 구조를 확인하고 싶습니다.,Gusto kong suriin ang mga kondisyon at istraktura ng kita ng Ang mga ito ay walang laman..,불릿채,불릿채,True,채권,,1.0,1.0,1.0,0,,50,불릿채
KO-FIN-01613,브래디채권이 무엇인지 설명해 주세요.,Ipaliwanag kung ano ang Ang Brady Bond.,브래디채권,브래디채권,True,채권,,1.0,1.0,1.0,0,,20,브래디채권
KO-FIN-01618,브로커 처리 절차를 확인하고 싶습니다.,Gusto kong suriin ang proseso ng pagproseso.,브로커,브로커,True,증권·예탁,,0.0,1.0,0.0,0,브로커,0,
KO-FIN-01624,브로커스 론은 심사 결과에 따라 이용 가능 여부가 달라질 수 있습니다.,"Ang Brokers, Ron. ay maaaring mag-iba depende sa mga resulta ng pagsusuri.",브로커스 론,브로커스 론,True,대출,,1.0,1.0,1.0,0,,0,
KO-FIN-01626,브릿지 처리 절차를 확인하고 싶습니다.,Gusto kong suriin ang proseso ng pagproseso.,브릿지,브릿지,True,증권·예탁,지급결제·청산,0.0,1.0,0.0,0,브릿지,40,브릿지
KO-FIN-01632,브릿지론은 심사 결과에 따라 이용 가능 여부가 달라질 수 있습니다.,Ang Si Bridgeron. ay maaaring mag-iba depende sa mga resulta ng pagsusuri.,브릿지론,브릿지론,True,대출,,1.0,1.0,1.0,0,,0,
KO-FIN-01634,블루 리스트의 조건과 수익 구조를 확인하고 싶습니다.,Gusto kong suriin ang mga kondisyon at istraktura ng kita ng Blue listahan.,블루 리스트,블루 리스트,True,채권,,1.0,1.0,1.0,0,,40,블루 리스트
KO-FIN-01637,비가격경쟁이 무엇을 의미하나요?,Ano ang ibig sabihin ng Ang pag-uumpisa sa ulan?,비가격경쟁,비가격경쟁,True,금융시장·거래,,1.0,1.0,1.0,0,,40,비가격경쟁
KO-FIN-01641,비거주자에 대해 자세히 알려주세요.,Magbigay ng detalye tungkol sa Mga hindi residente.,비거주자,비거주자,True,해외송금·외환,,1.0,1.0,1.0,0,,0,
KO-FIN-01646,비과세소득의 적용 기준을 알려주세요.,Ipaalam sa akin ang mga pamantayan ng Mga kita na walang buwis.,비과세소득,비과세소득,True,세금,,1.0,1.0,1.0,0,,40,비과세소득
KO-FIN-01648,비과세소득의 적용 여부는 거래 유형과 세법에 따라 달라질 수 있습니다.,Ang paggamit ng Mga kita na walang buwis ay maaaring mag-iiba depende sa uri ng transaksyon at batas sa buwis.,비과세소득,비과세소득,True,세금,,1.0,1.0,1.0,0,,40,비과세소득
KO-FIN-01649,비상장증권이 무엇인지 설명해 주세요.,Ipaliwanag kung ano ang Mga sertipiko ng emerhensiya.,비상장증권,비상장증권,True,증권·예탁,금융시장·거래,1.0,1.0,1.0,0,,40,비상장증권
KO-FIN-01653,비전형계약이 금융거래에서 무엇을 의미하나요?,Ano ang ibig sabihin ng Mga kontrata na walang kuryente sa pananalapi?,비전형계약,비전형계약,True,법률·계약,,1.0,1.0,1.0,0,,20,비전형계약
KO-FIN-01659,비체계적 위험을 줄이려면 어떤 점을 확인해야 하나요?,Ano ang dapat kong suriin upang mabawasan ang Di-sistemikong panganib?,비체계적 위험,비체계적 위험,True,신용·리스크,,1.0,1.0,1.0,0,,0,
KO-FIN-01660,비체계적 위험은 거래 조건이나 이용 가능 여부에 영향을 줄 수 있습니다.,Ang Di-sistemikong panganib ay maaaring makaapekto sa mga kondisyon ng kalakalan o kung magagamit.,비체계적 위험,비체계적 위험,True,신용·리스크,,1.0,1.0,1.0,0,,0,
KO-FIN-01664,비통화금융기관과 관련된 세부 업무는 해당 기관의 안내를 확인해 주세요.,Para sa mga detalyadong gawain na nauugnay sa Mga institusyong pinansyal na walang pera mangyaring suriin ang mga tagubilin ng nasabing ahensya.,비통화금융기관,비통화금융기관,True,금융기관·은행,,1.0,1.0,1.0,0,,20,비통화금융기관
KO-FIN-01666,비회원증권회사 처리 절차를 확인하고 싶습니다.,Gusto kong suriin ang proseso ng pagproseso.,비회원증권회사,비회원증권회사,True,증권·예탁,금융시장·거래,0.0,1.0,0.0,0,비회원증권회사,0,
KO-FIN-01669,빅뱅이 무엇을 의미하나요?,Ano ang ibig sabihin ng Big Bang.?,빅뱅,빅뱅,True,금융시장·거래,,1.0,1.0,1.0,0,,30,빅뱅
KO-FIN-01674,빅보오드와 관련된 시장 정보를 확인하고 싶습니다.,Gusto kong suriin ang impormasyon ng merkado na nauugnay sa Bigboard.,빅보오드,빅보오드,True,금융시장·거래,,1.0,1.0,1.0,0,,0,
KO-FIN-01679,빗더마켓 전략과 관련된 투자 정보를 확인하고 싶습니다.,Gusto kong suriin ang impormasyon ng pamumuhunan na nauugnay sa Strategy ng Bitdermarket.,빗더마켓 전략,빗더마켓 전략,True,자산운용·투자,,1.0,1.0,1.0,0,,40,빗더마켓 전략
KO-FIN-01681,사고신고 관련 상담을 받고 싶습니다.,Gusto kong humingi ng payo tungkol dito.,사고신고,사고신고,True,금융 지원,,0.0,1.0,0.0,0,사고신고,40,사고신고
KO-FIN-01684,사고신고 관련 업무는 고객센터를 통해 안내받을 수 있습니다.,Ang mga gawain na nauugnay sa Nagkaroon ng aksidente. ay magagamit sa pamamagitan ng customer center.,사고신고,사고신고,True,금융 지원,,1.0,1.0,1.0,0,,40,사고신고
KO-FIN-01686,사고증권 가신고제도 처리 절차를 확인하고 싶습니다.,Gusto kong suriin ang proseso ng pagproseso.,사고증권 가신고제도,사고증권 가신고제도,True,증권·예탁,,0.0,1.0,0.0,0,사고증권 가신고제도,40,사고증권 가신고제도
KO-FIN-01689,사고증권이 무엇인지 설명해 주세요.,Ipaliwanag kung ano ang Patunay ng aksidente.,사고증권,사고증권,True,증권·예탁,,1.0,1.0,1.0,0,,0,
KO-FIN-01695,사내유보와 관련해 투자 전에 확인해야 할 사항이 있나요?,Mayroon bang mga bagay na dapat mong suriin bago mamuhunan tungkol sa Ang lalaki ay Yubo.?,사내유보,사내유보,True,주식,,1.0,1.0,1.0,0,,40,사내유보
KO-FIN-01697,사다리형 만기구성전략이 무엇인지 설명해 주세요.,Ipaliwanag kung ano ang Ang mga taktika ng mga hagdan.,사다리형 만기구성전략,사다리형 만기구성전략,True,채권,,1.0,1.0,1.0,0,,40,사다리형 만기구성전략
KO-FIN-01704,사모의 세부 조건과 절차는 거래 유형에 따라 달라질 수 있습니다.,Ang mga detalyadong kondisyon at pamamaraan ng Ang aking ina. ay maaaring mag-iiba depende sa uri ng transaksyon.,사모,사모,True,기업금융·자본조달,증권·예탁,1.0,1.0,1.0,0,,70,사모
KO-FIN-01707,사모펀드에 가입하기 전에 어떤 점을 확인해야 하나요?,Ano ang dapat mong suriin bago sumali sa Sampo Fund?,사모펀드,사모펀드,True,펀드·신탁,기업금융·자본조달 / 자산운용·투자,1.0,1.0,1.0,0,,20,사모펀드
KO-FIN-01709,사무라이본드의 이용 조건을 알려주세요.,Ipaalam sa akin ang mga tuntunin ng paggamit ng SamuraiBond.,사무라이본드,사무라이본드,True,대출,,1.0,1.0,1.0,0,,0,
KO-FIN-01713,사설증권시장이 무엇을 의미하나요?,Ano ang ibig sabihin ng Pribadong merkado ng securities?,사설증권시장,사설증권시장,True,금융시장·거래,증권·예탁,1.0,1.0,1.0,0,,0,
KO-FIN-01718,사업보고서와 관련된 시장 정보를 확인하고 싶습니다.,Gusto kong suriin ang impormasyon ng merkado na nauugnay sa Mga ulat sa negosyo..,사업보고서,사업보고서,True,금융시장·거래,금융법규·감독,1.0,1.0,1.0,0,,20,사업보고서
KO-FIN-01722,사업설명서 처리 절차를 확인하고 싶습니다.,Gusto kong suriin ang proseso ng pagproseso.,사업설명서,사업설명서,True,증권·예탁,,0.0,1.0,0.0,0,사업설명서,40,사업설명서
KO-FIN-01725,사이또리회원이 무엇을 의미하나요?,Ano ang ibig sabihin ng Ang mga miyembro ng Sitoli?,사이또리회원,사이또리회원,True,금융시장·거래,,1.0,1.0,1.0,0,,40,사이또리회원
KO-FIN-01731,사이버 주주총회와 관련해 투자 전에 확인해야 할 사항이 있나요?,Mayroon bang mga bagay na dapat mong suriin bago mamuhunan tungkol sa Ang Cyber Shareholder Meeting?,사이버 주주총회,사이버 주주총회,True,주식,,1.0,1.0,1.0,0,,0,
KO-FIN-01733,사전매매대조과정이 무엇을 의미하나요?,Ano ang ibig sabihin ng Mga proseso ng pag-aayos ng pagbebenta?,사전매매대조과정,사전매매대조과정,True,금융시장·거래,,1.0,1.0,1.0,0,,20,사전매매대조과정
KO-FIN-01737,사채권이 무엇인지 설명해 주세요.,Ipaliwanag kung ano ang Mga panuntunan.,사채권,사채권,True,채권,,1.0,1.0,1.0,0,,40,사채권
KO-FIN-01741,사채발행이 무엇인지 설명해 주세요.,Ipaliwanag kung ano ang Pag-aalis ng utang.,사채발행,사채발행,True,채권,기업금융·자본조달 / 증권·예탁 / 금융법규·감독,1.0,1.0,1.0,0,,40,사채발행
KO-FIN-01746,사채원부의 조건과 수익 구조를 확인하고 싶습니다.,Gusto kong suriin ang mga kondisyon at istraktura ng kita ng Mga tagapagtanggol..,사채원부,사채원부,True,채권,,1.0,1.0,1.0,0,,40,사채원부
KO-FIN-01749,산업금융채권이 무엇인지 설명해 주세요.,Ipaliwanag kung ano ang Mga utang sa pananalapi sa industriya.,산업금융채권,산업금융채권,True,채권,,1.0,1.0,1.0,0,,0,
KO-FIN-01753,상계적 차감이 무엇인지 설명해 주세요.,Ipaliwanag kung ano ang Ang pag-iingat sa itaas..,상계적 차감,상계적 차감,True,지급결제·청산,금융시장·거래,1.0,1.0,1.0,0,,40,상계적 차감
KO-FIN-01758,상대매매와 관련된 시장 정보를 확인하고 싶습니다.,Gusto kong suriin ang impormasyon ng merkado na nauugnay sa Pagpapalitan.,상대매매,상대매매,True,금융시장·거래,,1.0,1.0,1.0,0,,60,상대매매
KO-FIN-01766,상쇄거래와 관련된 시장 정보를 확인하고 싶습니다.,Gusto kong suriin ang impormasyon ng merkado na nauugnay sa Pagpapalit ng mga kalakalan.,상쇄거래,상쇄거래,True,금융시장·거래,,1.0,1.0,1.0,0,,40,상쇄거래
KO-FIN-01769,상임대리인이 무엇인지 설명해 주세요.,Ipaliwanag kung ano ang Ang permanenteng deputy..,상임대리인,상임대리인,True,증권·예탁,법률·계약 / 주식 / 금융시장·거래,1.0,1.0,1.0,0,,0,
KO-FIN-01773,상장이 무엇을 의미하나요?,Ano ang ibig sabihin ng Pangulo.?,상장,상장,True,금융시장·거래,,1.0,1.0,1.0,0,,70,상장
KO-FIN-01777,상장심사기준이 무엇을 의미하나요?,Ano ang ibig sabihin ng Pinakamahusay na stock broker.?,상장심사기준,상장심사기준,True,금융시장·거래,증권·예탁 / 주식,1.0,1.0,1.0,0,,40,상장심사기준
KO-FIN-01782,상장회사협의회와 관련된 시장 정보를 확인하고 싶습니다.,Gusto kong suriin ang impormasyon ng merkado na nauugnay sa Ang konseho ng mga kumpanya sa merkado.,상장회사협의회,상장회사협의회,True,금융시장·거래,,1.0,1.0,1.0,0,,0,
KO-FIN-01785,상품유가증권이 무엇인지 설명해 주세요.,Ipaliwanag kung ano ang Mga pasilidad sa mga kalakal.,상품유가증권,상품유가증권,True,증권·예탁,,1.0,1.0,1.0,0,,20,상품유가증권
KO-FIN-01789,상호결제제도가 무엇인지 설명해 주세요.,Ipaliwanag kung ano ang Ang mga sistema ng inter-resolusyon ay.,상호결제제도,상호결제제도,True,지급결제·청산,금융시장·거래,1.0,1.0,1.0,0,,40,상호결제제도
KO-FIN-01794,상호다중연계 처리 절차를 확인하고 싶습니다.,Gusto kong suriin ang proseso ng pagproseso.,상호다중연계,상호다중연계,True,증권·예탁,자산운용·투자 / 지급결제·청산,0.0,1.0,0.0,0,상호다중연계,40,상호다중연계
KO-FIN-01798,상호단일연계 처리 절차를 확인하고 싶습니다.,Gusto kong suriin ang proseso ng pagproseso.,상호단일연계,상호단일연계,True,증권·예탁,,0.0,1.0,0.0,0,상호단일연계,0,
KO-FIN-01802,상호동시거래와 관련된 시장 정보를 확인하고 싶습니다.,Gusto kong suriin ang impormasyon ng merkado na nauugnay sa Pagpaparehistro sa parehong oras.,상호동시거래,상호동시거래,True,금융시장·거래,증권·예탁,1.0,1.0,1.0,0,,60,상호동시거래
KO-FIN-01810,상호연계 처리 절차를 확인하고 싶습니다.,Gusto kong suriin ang proseso ng pagproseso.,상호연계,상호연계,True,증권·예탁,,0.0,1.0,0.0,0,상호연계,0,
KO-FIN-01815,상호주와 관련해 투자 전에 확인해야 할 사항이 있나요?,Mayroon bang mga bagay na dapat mong suriin bago mamuhunan tungkol sa Pagkakapareho?,상호주,상호주,True,주식,금융법규·감독,1.0,1.0,1.0,0,,40,상호주
KO-FIN-01819,상환과 관련된 투자 정보를 확인하고 싶습니다.,Gusto kong suriin ang impormasyon ng pamumuhunan na nauugnay sa Pagbabayad.,상환,상환,True,자산운용·투자,,1.0,1.0,1.0,0,,70,상환
KO-FIN-01823,상환주와 관련해 투자 전에 확인해야 할 사항이 있나요?,Mayroon bang mga bagay na dapat mong suriin bago mamuhunan tungkol sa Mga tagapagtanggol?,상환주,상환주,True,주식,,1.0,1.0,1.0,0,,40,상환주
KO-FIN-01827,서면투표제와 관련해 투자 전에 확인해야 할 사항이 있나요?,Mayroon bang mga bagay na dapat mong suriin bago mamuhunan tungkol sa Ang pagsulat ng boto.?,서면투표제,서면투표제,True,주식,,1.0,1.0,1.0,0,,40,서면투표제
KO-FIN-01830,선도거래와 관련된 시장 정보를 확인하고 싶습니다.,Gusto kong suriin ang impormasyon ng merkado na nauugnay sa Ang mga pinuno ng kalakalan.,선도거래,선도거래,True,금융시장·거래,파생상품,1.0,1.0,1.0,0,,40,선도거래
KO-FIN-01833,선도계약이 금융거래에서 무엇을 의미하나요?,Ano ang ibig sabihin ng Pangunahing kontrata sa pananalapi?,선도계약,선도계약,True,법률·계약,파생상품 / 금융시장·거래,1.0,1.0,1.0,0,,20,선도계약
KO-FIN-01838,선물거래와 관련된 시장 정보를 확인하고 싶습니다.,Gusto kong suriin ang impormasyon ng merkado na nauugnay sa Ang pagpapalit ng regalo..,선물거래,선물거래,True,금융시장·거래,파생상품 / 자산운용·투자,1.0,1.0,1.0,0,,20,선물거래
KO-FIN-01844,선물거래위원회를 확인할 때 시장 상황과 거래 조건을 함께 살펴보세요.,"Kapag sinusuri mo ang Komisyon ng Gift Exchange, suriin ang mga sitwasyon sa merkado at ang mga kondisyon ng kalakalan.",선물거래위원회,선물거래위원회,True,금융시장·거래,파생상품,1.0,1.0,1.0,0,,0,
KO-FIN-01845,선물계약이 무엇인지 쉽게 설명해 주세요.,Ipaliwanag mo kung ano ang Mga kontrata ng regalo.,선물계약,선물계약,True,파생상품,법률·계약 / 금융시장·거래 / 지급결제·청산,1.0,1.0,1.0,0,,0,
KO-FIN-01849,선물시장이 무엇을 의미하나요?,Ano ang ibig sabihin ng Ang merkado ng regalo?,선물시장,선물시장,True,금융시장·거래,파생상품 / 지급결제·청산,1.0,1.0,1.0,0,,0,
KO-FIN-01853,선물중개상이 무엇인지 쉽게 설명해 주세요.,Ipaliwanag mo kung ano ang Ang mga regalo.,선물중개상,선물중개상,True,파생상품,금융시장·거래,1.0,1.0,1.0,0,,0,
KO-FIN-01857,선물환에 대해 자세히 알려주세요.,Magbigay ng detalye tungkol sa Ang mga regalo.,선물환,선물환,True,해외송금·외환,파생상품,1.0,1.0,1.0,0,,0,
KO-FIN-01858,선물환을 확인하고 싶습니다.,Gusto kong suriin ang Ang mga regalo,선물환,선물환,True,해외송금·외환,파생상품,1.0,1.0,1.0,0,,0,
KO-FIN-01861,선물환마진에 대해 자세히 알려주세요.,Magbigay ng detalye tungkol sa Ang pagpapalit ng regalo..,선물환마진,선물환마진,True,해외송금·외환,파생상품,1.0,1.0,1.0,0,,0,
KO-FIN-01862,선물환마진을 확인하고 싶습니다.,Gusto kong suriin ang Ang pagpapalit ng regalo.,선물환마진,선물환마진,True,해외송금·외환,파생상품,1.0,1.0,1.0,0,,0,
KO-FIN-01865,선의취득이 금융거래에서 무엇을 의미하나요?,Ano ang ibig sabihin ng Ang pag-aaral ng pag-ibig sa pananalapi?,선의취득,선의취득,True,법률·계약,,1.0,1.0,1.0,0,,40,선의취득
KO-FIN-01871,성장주와 관련해 투자 전에 확인해야 할 사항이 있나요?,Mayroon bang mga bagay na dapat mong suriin bago mamuhunan tungkol sa Ang paglago?,성장주,성장주,True,주식,,1.0,1.0,1.0,0,,0,
KO-FIN-01876,소비대차의 적용 여부는 계약 내용과 관련 법령을 확인해야 합니다.,Dapat mong suriin ang nilalaman ng Mga sasakyan ng konsumo at ang mga kaugnay na batas.,소비대차;계약,소비대차,True,법률·계약,,0.5,1.0,0.5,0,계약,30,계약
KO-FIN-01879,소비임치에 대해 상담받고 싶습니다.,Gusto kong kumunsulta tungkol sa Pagsusuplay.,소비임치,소비임치,True,예금상품,법률·계약,1.0,1.0,1.0,0,,40,소비임치
KO-FIN-01881,소수주주권이 무엇인지 설명해 주세요.,Ipaliwanag kung ano ang Pangkalahatang Soberanyo.,소수주주권,소수주주권,True,주식,,1.0,1.0,1.0,0,,20,소수주주권
KO-FIN-01886,소액주주와 관련된 정보를 확인하고 싶습니다.,Gusto kong suriin ang impormasyon tungkol sa Maliit na Shareholder.,소액주주,소액주주,True,주식,,1.0,1.0,1.0,0,,0,
KO-FIN-01890,송금이체를 이용하려면 어떻게 해야 하나요?,Paano ko gagamitin ang Ang mga transfers?,송금이체,송금이체,True,이체,,1.0,1.0,1.0,0,,20,송금이체
KO-FIN-01894,수권자본제도와 관련된 정보를 확인하고 싶습니다.,Gusto kong suriin ang impormasyon tungkol sa Ang patente ng kapital..,수권자본제도,수권자본제도,True,주식,,1.0,1.0,1.0,0,,20,수권자본제도
KO-FIN-01897,수도부족분<결제부족분>이 무엇인지 설명해 주세요.,Ipaliwanag kung ano ang Mga Kapamilya. Mga Kapamilya..,수도부족분<결제부족분>,수도부족분<결제부족분>,True,지급결제·청산,증권·예탁,1.0,1.0,1.0,0,,40,수도부족분<결제부족분>
KO-FIN-01901,수량우선의 원칙이 무엇을 의미하나요?,Ano ang ibig sabihin ng Prinsipyo ng Quantum Priority?,수량우선의 원칙,수량우선의 원칙,True,금융시장·거래,,1.0,1.0,1.0,0,,0,
KO-FIN-01905,수요예측방식이 무엇인지 설명해 주세요.,Ipaliwanag kung ano ang Mga pamamaraan ng paghula sa pangangailangan.,수요예측방식,수요예측방식,True,증권·예탁,,1.0,1.0,1.0,0,,20,수요예측방식
KO-FIN-01909,수의상환<임의상환>이 무엇인지 설명해 주세요.,Ipaliwanag kung ano ang Pag-aayos ng doktor..,수의상환<임의상환>,수의상환<임의상환>,True,채권,,1.0,1.0,1.0,0,,40,수의상환<임의상환>
KO-FIN-01914,수의상환사채의 조건과 수익 구조를 확인하고 싶습니다.,Gusto kong suriin ang mga kondisyon at istraktura ng kita ng Mga bayarin para sa mga doktor ng hayop..,수의상환사채,수의상환사채,True,채권,,1.0,1.0,1.0,0,,40,수의상환사채
KO-FIN-01919,수익률과 관련된 투자 정보를 확인하고 싶습니다.,Gusto kong suriin ang impormasyon ng pamumuhunan na nauugnay sa Mga rate ng kita.,수익률,수익률,True,자산운용·투자,,1.0,1.0,1.0,0,,40,수익률
KO-FIN-01921,수익률곡선이 무엇인지 설명해 주세요.,Ipaliwanag kung ano ang Ang kurba ng kita.,수익률곡선,수익률곡선,True,채권,,1.0,1.0,1.0,0,,20,수익률곡선
KO-FIN-01927,수익률곡선타기전략과 관련된 투자 정보를 확인하고 싶습니다.,Gusto kong suriin ang impormasyon ng pamumuhunan na nauugnay sa Mga diskarte sa pag-ikot ng kurba ng kita.,수익률곡선타기전략,수익률곡선타기전략,True,자산운용·투자,,1.0,1.0,1.0,0,,20,수익률곡선타기전략
KO-FIN-01930,수익률스프레드의 조건과 수익 구조를 확인하고 싶습니다.,Gusto kong suriin ang mga kondisyon at istraktura ng kita ng Ang mga rate ng kita spread.,수익률스프레드,수익률스프레드,True,채권,자산운용·투자,1.0,1.0,1.0,0,,40,수익률스프레드
KO-FIN-01938,수익증권의 운용 방식과 수수료를 확인하고 싶습니다.,Gusto kong malaman kung paano ito ginagamit at kung ano ang bayad nito.,수익증권,수익증권,True,펀드·신탁,증권·예탁,0.0,1.0,0.0,0,수익증권,40,수익증권
KO-FIN-01941,수정주가평균이 무엇인지 설명해 주세요.,Ipaliwanag kung ano ang Ang average ng fertility ay.,수정주가평균,수정주가평균,True,주식,,1.0,1.0,1.0,0,,20,수정주가평균
KO-FIN-01945,수탁계약준칙이 무엇을 의미하나요?,Ano ang ibig sabihin ng Mga panuntunan ng kontrata ng pagpapadala?,수탁계약준칙,수탁계약준칙,True,금융시장·거래,펀드·신탁 / 법률·계약 / 증권·예탁,1.0,1.0,1.0,0,,20,수탁계약준칙
KO-FIN-01957,순수무액면주식이 무엇인지 설명해 주세요.,Ipaliwanag kung ano ang Ang mga net cash stock..,순수무액면주식,순수무액면주식,True,주식,,1.0,1.0,1.0,0,,40,순수무액면주식
KO-FIN-01962,순운전자본을 통해 어떤 정보를 확인할 수 있나요?,Anong impormasyon ang maaari mong suriin sa Ang malinis na proteksyon.?,순운전자본,순운전자본,True,회계·재무,,1.0,1.0,1.0,0,,40,순운전자본
KO-FIN-01964,순운전자본은 기준 시점과 작성 기준을 함께 확인해야 합니다.,Ang Ang malinis na proteksyon. ay dapat na i-verify kasama ang mga pamantayan ng oras at mga pamantayan ng pagsulat.,순운전자본,순운전자본,True,회계·재무,,1.0,1.0,1.0,0,,40,순운전자본
KO-FIN-01967,순자산가치와 관련해 투자 전에 확인해야 할 사항이 있나요?,Mayroon bang mga bagay na dapat mong suriin bago mamuhunan tungkol sa Ang net asset?,순자산가치,순자산가치,True,주식,,1.0,1.0,1.0,0,,0,
KO-FIN-01969,순차변·순대변잔고포지션이 무엇인지 설명해 주세요.,"Ipaliwanag kung ano ang Ang sequential side, simple side at posisyon.",순차변·순대변잔고포지션,순차변·순대변잔고포지션,True,지급결제·청산,,1.0,1.0,1.0,0,,40,순차변·순대변잔고포지션
KO-FIN-01975,스왑거래 거래에는 어떤 위험이 있나요?,Ano ang mga panganib sa kalakalan?,스왑거래,스왑거래,True,파생상품,금융시장·거래,0.0,1.0,0.0,0,스왑거래,40,스왑거래
KO-FIN-01977,스왑션이 무엇인지 쉽게 설명해 주세요.,Ipaliwanag mo kung ano ang Ang pag-iingat..,스왑션,스왑션,True,파생상품,,1.0,1.0,1.0,0,,40,스왑션
KO-FIN-01984,스위스옵션 금융선물거래소를 확인할 때 시장 상황과 거래 조건을 함께 살펴보세요.,"Kapag sinusuri mo ang Swiss Options pinansiyal na pagpapalit ng mga regalo, suriin ang mga sitwasyon sa merkado at ang mga kondisyon ng kalakalan.",스위스옵션 금융선물거래소,스위스옵션 금융선물거래소,True,금융시장·거래,파생상품,1.0,1.0,1.0,0,,0,
KO-FIN-01986,스칼퍼와 관련된 시장 정보를 확인하고 싶습니다.,Gusto kong suriin ang impormasyon ng merkado na nauugnay sa Ang scalper..,스칼퍼,스칼퍼,True,금융시장·거래,,1.0,1.0,1.0,0,,0,
KO-FIN-01989,스톡옵션이 무엇인지 쉽게 설명해 주세요.,Ipaliwanag mo kung ano ang Mga stock option.,스톡옵션,스톡옵션,True,파생상품,주식,1.0,1.0,1.0,0,,20,스톡옵션
KO-FIN-01993,스트래들이 무엇을 의미하나요?,Ano ang ibig sabihin ng Ang Straddle.?,스트래들,스트래들,True,금융시장·거래,,1.0,1.0,1.0,0,,0,
KO-FIN-01997,스트랩이 무엇인지 쉽게 설명해 주세요.,Ipaliwanag mo kung ano ang Ang strap..,스트랩,스트랩,True,파생상품,,1.0,1.0,1.0,0,,40,스트랩
KO-FIN-02001,스트립이 금융거래에서 무엇을 의미하나요?,Ano ang ibig sabihin ng Strip sa pananalapi?,스트립,스트립,True,법률·계약,,1.0,1.0,1.0,0,,0,
KO-FIN-02006,스페셜리스트와 관련된 시장 정보를 확인하고 싶습니다.,Gusto kong suriin ang impormasyon ng merkado na nauugnay sa Mga espesyalista.,스페셜리스트,스페셜리스트,True,금융시장·거래,,1.0,1.0,1.0,0,,40,스페셜리스트
KO-FIN-02011,스폿펀드에 가입하기 전에 어떤 점을 확인해야 하나요?,Ano ang dapat mong suriin bago sumali sa Ang Spark Fund.?,스폿펀드,스폿펀드,True,펀드·신탁,,1.0,1.0,1.0,0,,0,
KO-FIN-02014,스프레드와 관련된 시장 정보를 확인하고 싶습니다.,Gusto kong suriin ang impormasyon ng merkado na nauugnay sa Paglalaganap.,스프레드,스프레드,True,금융시장·거래,,1.0,1.0,1.0,0,,40,스프레드
KO-FIN-02018,스프레드거래와 관련된 시장 정보를 확인하고 싶습니다.,Gusto kong suriin ang impormasyon ng merkado na nauugnay sa Pagpapalaganap ng kalakalan.,스프레드거래,스프레드거래,True,금융시장·거래,,1.0,1.0,1.0,0,,40,스프레드거래
KO-FIN-02023,스프레드운용과 관련된 투자 정보를 확인하고 싶습니다.,Gusto kong suriin ang impormasyon ng pamumuhunan na nauugnay sa Pag-andar ng pagkalat.,스프레드운용,스프레드운용,True,자산운용·투자,,1.0,1.0,1.0,0,,40,스프레드운용
KO-FIN-02027,스프리트에 대해 상담받고 싶습니다.,Gusto kong kumunsulta tungkol sa Ang Sprit..,스프리트,스프리트,True,대출,,1.0,1.0,1.0,0,,0,
KO-FIN-02032,시가발행제도의 세부 조건과 절차는 거래 유형에 따라 달라질 수 있습니다.,Ang mga detalyadong kondisyon at pamamaraan ng Ito'y isang sistema ng pag-andar sa oras. ay maaaring mag-iiba depende sa uri ng transaksyon.,시가발행제도,시가발행제도,True,기업금융·자본조달,주식,1.0,1.0,1.0,0,,40,시가발행제도
KO-FIN-02033,시가총액이 무엇인지 설명해 주세요.,Ipaliwanag kung ano ang Pangkalahatang halaga ng merkado.,시가총액,시가총액,True,주식,,1.0,1.0,1.0,0,,20,시가총액
KO-FIN-02039,시가총액식 주가지수와 관련해 투자 전에 확인해야 할 사항이 있나요?,Mayroon bang mga bagay na dapat mong suriin bago mamuhunan tungkol sa Pangkalahatang halaga ng stock market?,시가총액식 주가지수,시가총액식 주가지수,True,주식,,1.0,1.0,1.0,0,,40,시가총액식 주가지수
KO-FIN-02042,시간외 종가매매와 관련된 시장 정보를 확인하고 싶습니다.,Gusto kong suriin ang impormasyon ng merkado na nauugnay sa Pagbebenta ng mga tunog sa labas ng oras.,시간외 종가매매,시간외 종가매매,True,금융시장·거래,,1.0,1.0,1.0,0,,40,시간외 종가매매
KO-FIN-02045,시간우선의 원칙이 무엇을 의미하나요?,Ano ang ibig sabihin ng Prinsipyo ng Paglalakbay sa Oras?,시간우선의 원칙,시간우선의 원칙,True,금융시장·거래,,1.0,1.0,1.0,0,,0,
KO-FIN-02050,시스템위험이 금융거래에 어떤 영향을 주나요?,Ano ang epekto nito sa pangangalakal sa pananalapi?,시스템위험,시스템위험,True,신용·리스크,,0.0,1.0,0.0,0,시스템위험,0,
KO-FIN-02052,시스템위험은 거래 조건이나 이용 가능 여부에 영향을 줄 수 있습니다.,Ang Mga panganib sa sistema ay maaaring makaapekto sa mga kondisyon ng kalakalan o kung magagamit.,시스템위험,시스템위험,True,신용·리스크,,1.0,1.0,1.0,0,,0,
KO-FIN-02053,시장분할이론이 무엇을 의미하나요?,Ano ang ibig sabihin ng Ang teorya ng pamamahagi ng merkado.?,시장분할이론,시장분할이론,True,금융시장·거래,대출 / 자산운용·투자 / 채권,1.0,1.0,1.0,0,,0,
KO-FIN-02058,시장위험이 금융거래에 어떤 영향을 주나요?,Ano ang epekto nito sa pangangalakal sa pananalapi?,시장위험,시장위험,True,신용·리스크,금융시장·거래 / 금융기관·은행,0.0,1.0,0.0,0,시장위험,0,
KO-FIN-02060,시장위험은 거래 조건이나 이용 가능 여부에 영향을 줄 수 있습니다.,Ang Panganib sa merkado ay maaaring makaapekto sa mga kondisyon ng kalakalan o kung magagamit.,시장위험,시장위험,True,신용·리스크,금융시장·거래 / 금융기관·은행,1.0,1.0,1.0,0,,0,
KO-FIN-02061,시장주문이 무엇을 의미하나요?,Ano ang ibig sabihin ng Mga tanong sa merkado?,시장주문,시장주문,True,금융시장·거래,,1.0,1.0,1.0,0,,0,
KO-FIN-02065,시장타이밍수입이 무엇을 의미하나요?,Ano ang ibig sabihin ng Pangkalahatang oras pag-access?,시장타이밍수입,시장타이밍수입,True,금융시장·거래,,1.0,1.0,1.0,0,,40,시장타이밍수입
KO-FIN-02071,시장포트폴리오와 관련된 투자 정보를 확인하고 싶습니다.,Gusto kong suriin ang impormasyon ng pamumuhunan na nauugnay sa Portfolio ng merkado.,시장포트폴리오,시장포트폴리오,True,자산운용·투자,금융시장·거래,1.0,1.0,1.0,0,,0,
KO-FIN-02075,시차유동성위험을 줄이려면 어떤 점을 확인해야 하나요?,Ano ang dapat kong suriin upang mabawasan ang Panganib sa Simultaneous Mobility?,시차유동성위험,시차유동성위험,True,신용·리스크,증권·예탁 / 지급결제·청산,1.0,1.0,1.0,0,,0,
KO-FIN-02076,시차유동성위험은 거래 조건이나 이용 가능 여부에 영향을 줄 수 있습니다.,Ang Panganib sa Simultaneous Mobility ay maaaring makaapekto sa mga kondisyon ng kalakalan o kung magagamit.,시차유동성위험,시차유동성위험,True,신용·리스크,증권·예탁 / 지급결제·청산,1.0,1.0,1.0,0,,0,
KO-FIN-02077,신규상장이 무엇을 의미하나요?,Ano ang ibig sabihin ng Mga bagong mamimili?,신규상장,신규상장,True,금융시장·거래,,1.0,1.0,1.0,0,,40,신규상장
KO-FIN-02082,신디케이트 처리 절차를 확인하고 싶습니다.,Gusto kong suriin ang proseso ng pagproseso.,신디케이트,신디케이트,True,증권·예탁,,0.0,1.0,0.0,0,신디케이트,40,신디케이트
KO-FIN-02086,신용거래와 관련된 시장 정보를 확인하고 싶습니다.,Gusto kong suriin ang impormasyon ng merkado na nauugnay sa Mga kalakalan sa kredito.,신용거래,신용거래,True,금융시장·거래,대출 / 증권·예탁 / 신용·리스크 / 주식,1.0,1.0,1.0,0,,0,
KO-FIN-02090,신용위험이 금융거래에 어떤 영향을 주나요?,Ano ang epekto nito sa pangangalakal sa pananalapi?,신용위험,신용위험,True,신용·리스크,,0.0,1.0,0.0,0,신용위험,0,
KO-FIN-02092,신용위험은 거래 조건이나 이용 가능 여부에 영향을 줄 수 있습니다.,Ang Mga panganib sa kredito ay maaaring makaapekto sa mga kondisyon ng kalakalan o kung magagamit.,신용위험,신용위험,True,신용·리스크,,1.0,1.0,1.0,0,,0,
KO-FIN-02095,신용평가기관을 줄이려면 어떤 점을 확인해야 하나요?,Ano ang dapat kong suriin upang mabawasan ang Mga rating agency?,신용평가기관,신용평가기관,True,신용·리스크,,1.0,1.0,1.0,0,,0,
KO-FIN-02096,신용평가기관은 거래 조건이나 이용 가능 여부에 영향을 줄 수 있습니다.,Ang Mga rating agency ay maaaring makaapekto sa mga kondisyon ng kalakalan o kung magagamit.,신용평가기관,신용평가기관,True,신용·리스크,,1.0,1.0,1.0,0,,0,
KO-FIN-02097,신주인수권이 무엇인지 설명해 주세요.,Ipaliwanag kung ano ang Pagmamay-ari ng mga bagong tao.,신주인수권,신주인수권,True,주식,기업금융·자본조달,1.0,1.0,1.0,0,,40,신주인수권
KO-FIN-02102,신주인수권부사채의 조건과 수익 구조를 확인하고 싶습니다.,Gusto kong suriin ang mga kondisyon at istraktura ng kita ng Mga utang sa mga bagong may-ari.,신주인수권부사채,신주인수권부사채,True,채권,주식 / 기업금융·자본조달,1.0,1.0,1.0,0,,40,신주인수권부사채
KO-FIN-02105,신주인수권증권이 무엇인지 설명해 주세요.,Ipaliwanag kung ano ang Bagong Patakaran sa Pagmamay-ari.,신주인수권증권,신주인수권증권,True,증권·예탁,주식 / 기업금융·자본조달,1.0,1.0,1.0,0,,40,신주인수권증권
KO-FIN-02111,신주인수권증서와 관련해 투자 전에 확인해야 할 사항이 있나요?,Mayroon bang mga bagay na dapat mong suriin bago mamuhunan tungkol sa Bagong pasaporte.?,신주인수권증서,신주인수권증서,True,주식,증권·예탁 / 기업금융·자본조달,1.0,1.0,1.0,0,,40,신주인수권증서
KO-FIN-02115,신탁에 가입하기 전에 어떤 점을 확인해야 하나요?,Ano ang dapat mong suriin bago sumali sa Magtiwala.?,신탁,신탁,True,펀드·신탁,,1.0,1.0,1.0,0,,70,신탁
KO-FIN-02118,신탁계정의 운용 방식과 수수료를 확인하고 싶습니다.,Gusto kong malaman kung paano ito ginagamit at kung ano ang bayad nito.,신탁계정,신탁계정,True,펀드·신탁,증권·예탁,0.0,1.0,0.0,0,신탁계정,20,신탁계정
KO-FIN-02122,신탁법의 운용 방식과 수수료를 확인하고 싶습니다.,Gusto kong malaman kung paano ito ginagamit at kung ano ang bayad nito.,신탁법,신탁법,True,펀드·신탁,,0.0,1.0,0.0,0,신탁법,20,신탁법
KO-FIN-02126,신탁보수의 운용 방식과 수수료를 확인하고 싶습니다.,Gusto kong malaman kung paano ito ginagamit at kung ano ang bayad nito.,신탁보수,신탁보수,True,펀드·신탁,,0.0,1.0,0.0,0,신탁보수,40,신탁보수
KO-FIN-02130,신탁자의 운용 방식과 수수료를 확인하고 싶습니다.,Gusto kong malaman kung paano ito ginagamit at kung ano ang bayad nito.,신탁자,신탁자,True,펀드·신탁,,0.0,1.0,0.0,0,신탁자,40,신탁자
KO-FIN-02134,신탁재산의 운용 방식과 수수료를 확인하고 싶습니다.,Gusto kong malaman kung paano ito ginagamit at kung ano ang bayad nito.,신탁재산,신탁재산,True,펀드·신탁,,0.0,1.0,0.0,0,신탁재산,0,
KO-FIN-02138,신탁재산표시 말소 처리 절차를 확인하고 싶습니다.,Gusto kong suriin ang proseso ng pagproseso.,신탁재산표시 말소,신탁재산표시 말소,True,증권·예탁,펀드·신탁 / 금융법규·감독,0.0,1.0,0.0,0,신탁재산표시 말소,40,신탁재산표시 말소
KO-FIN-02142,신탁회사의 운용 방식과 수수료를 확인하고 싶습니다.,Gusto kong malaman kung paano ito ginagamit at kung ano ang bayad nito.,신탁회사,신탁회사,True,펀드·신탁,,0.0,1.0,0.0,0,신탁회사,0,
KO-FIN-02147,실권주와 관련해 투자 전에 확인해야 할 사항이 있나요?,Mayroon bang mga bagay na dapat mong suriin bago mamuhunan tungkol sa Ang tunay na may kapangyarihan?,실권주,실권주,True,주식,,1.0,1.0,1.0,0,,40,실권주
KO-FIN-02150,실기주 처리 절차를 확인하고 싶습니다.,Gusto kong suriin ang proseso ng pagproseso.,실기주,실기주,True,증권·예탁,주식 / 법률·계약,0.0,1.0,0.0,0,실기주,40,실기주
KO-FIN-02153,실기주과실이 무엇인지 설명해 주세요.,Ipaliwanag kung ano ang Ang silid ng pag-aalaga.,실기주과실,실기주과실,True,증권·예탁,주식,1.0,1.0,1.0,0,,40,실기주과실
KO-FIN-02158,실물거래와 관련된 시장 정보를 확인하고 싶습니다.,Gusto kong suriin ang impormasyon ng merkado na nauugnay sa Tunay na kalakalan.,실물거래,실물거래,True,금융시장·거래,,1.0,1.0,1.0,0,,20,실물거래
KO-FIN-02163,실물결제 과정에서 문제가 발생한 것 같습니다.,Mukhang may problema sa Ang tunay na solusyon.,실물결제,실물결제,True,지급결제·청산,금융시장·거래 / 증권·예탁,1.0,1.0,1.0,0,,40,실물결제
KO-FIN-02165,실시간 총액이 무엇인지 설명해 주세요.,Ipaliwanag mo kung ano ang real-time total.,,실시간 총액,False,지급결제·청산,금융기관·은행 / 이체 / 금융시장·거래,1.0,1.0,1.0,0,,0,
KO-FIN-02169,실적배당신탁이 무엇인지 설명해 주세요.,"Ipaliwanag kung ano ang Sa totoo lang, ang iyong lamesa..",실적배당신탁,실적배당신탁,True,주식,펀드·신탁 / 세금,1.0,1.0,1.0,0,,20,실적배당신탁
KO-FIN-02175,실질이자율과 관련된 내용을 확인하고 싶습니다.,Gusto kong suriin ang tungkol sa Katotohanan at rate,실질이자율,실질이자율,True,기타 금융일반,,1.0,1.0,1.0,0,,20,실질이자율
KO-FIN-02176,실질이자율의 정확한 의미는 해당 금융거래의 맥락과 함께 확인해야 합니다.,Ang eksaktong kahulugan ng Katotohanan at rate ay dapat patunayan sa konteksto ng kalakalan sa pananalapi.,실질이자율,실질이자율,True,기타 금융일반,,1.0,1.0,1.0,0,,20,실질이자율
KO-FIN-02179,실질주주 권리배정 명세표와 관련해 투자 전에 확인해야 할 사항이 있나요?,Mayroon bang mga bagay na dapat mong suriin bago mamuhunan tungkol sa Ang tunay na shareholder listahan ng mga karapatan?,실질주주 권리배정 명세표,실질주주 권리배정 명세표,True,주식,증권·예탁,1.0,1.0,1.0,0,,0,
KO-FIN-02182,실질주주와 관련된 정보를 확인하고 싶습니다.,Gusto kong suriin ang impormasyon tungkol sa Mga aktwal na may-ari.,실질주주,실질주주,True,주식,증권·예탁,1.0,1.0,1.0,0,,40,실질주주
KO-FIN-02186,실질주주증명서제도와 관련된 정보를 확인하고 싶습니다.,Gusto kong suriin ang impormasyon tungkol sa Ang tunay na Shareholder Certificate System.,실질주주증명서제도,실질주주증명서제도,True,주식,증권·예탁,1.0,1.0,1.0,0,,40,실질주주증명서제도
KO-FIN-02191,실현수익률과 관련된 투자 정보를 확인하고 싶습니다.,Gusto kong suriin ang impormasyon ng pamumuhunan na nauugnay sa Realistic rate ng kita.,실현수익률,실현수익률,True,자산운용·투자,,1.0,1.0,1.0,0,,0,
KO-FIN-02196,실효이자율은 심사 결과에 따라 이용 가능 여부가 달라질 수 있습니다.,Ang Epektibo at rate ay maaaring mag-iba depende sa mga resulta ng pagsusuri.,실효이자율,실효이자율,True,대출,,1.0,1.0,1.0,0,,20,실효이자율
KO-FIN-02199,쌍방연계방식과 관련된 내용을 확인하고 싶습니다.,Gusto kong suriin ang tungkol sa Mga paraan ng pakikipag-ugnayan,쌍방연계방식,쌍방연계방식,True,기타 금융일반,,1.0,1.0,1.0,0,,40,쌍방연계방식
KO-FIN-02200,쌍방연계방식의 정확한 의미는 해당 금융거래의 맥락과 함께 확인해야 합니다.,Ang eksaktong kahulugan ng Mga paraan ng pakikipag-ugnayan ay dapat patunayan sa konteksto ng kalakalan sa pananalapi.,쌍방연계방식,쌍방연계방식,True,기타 금융일반,,1.0,1.0,1.0,0,,40,쌍방연계방식
KO-FIN-02203,써클결제 과정에서 문제가 발생한 것 같습니다.,Mukhang may problema sa Paglutas ng Sirklo.,써클결제,써클결제,True,지급결제·청산,,1.0,1.0,1.0,0,,40,써클결제
KO-FIN-02206,아리랑본드의 조건과 수익 구조를 확인하고 싶습니다.,Gusto kong suriin ang mga kondisyon at istraktura ng kita ng Arlan Bond..,아리랑본드,아리랑본드,True,채권,,1.0,1.0,1.0,0,,0,
KO-FIN-02210,아시아·태평양 중앙예탁기관협의회 처리 절차를 확인하고 싶습니다.,Gusto kong suriin ang proseso ng pagproseso.,아시아·태평양 중앙예탁기관협의회,아시아·태평양 중앙예탁기관협의회,True,증권·예탁,,0.0,1.0,0.0,0,아시아·태평양 중앙예탁기관협의회,0,
KO-FIN-02214,아시안달러본드와 관련된 시장 정보를 확인하고 싶습니다.,Gusto kong suriin ang impormasyon ng merkado na nauugnay sa Asian Dollar Bonds.,아시안달러본드,아시안달러본드,True,금융시장·거래,,1.0,1.0,1.0,0,,0,
KO-FIN-02219,액면가와 관련해 투자 전에 확인해야 할 사항이 있나요?,Mayroon bang mga bagay na dapat mong suriin bago mamuhunan tungkol sa Ang likido ay?,액면가,액면가,True,주식,,1.0,1.0,1.0,0,,40,액면가
KO-FIN-02222,액면발행을 이용하려면 어떤 조건이 필요한가요?,Ano ang mga kundisyon para magamit ang Paglalakbay ng tubig?,액면발행,액면발행,True,기업금융·자본조달,,1.0,1.0,1.0,0,,40,액면발행
KO-FIN-02223,액면발행과 관련된 비용과 절차를 확인하고 싶습니다.,Gusto kong suriin ang mga gastos at pamamaraan na nauugnay sa Paglalakbay ng tubig.,액면발행,액면발행,True,기업금융·자본조달,,1.0,1.0,1.0,0,,40,액면발행
KO-FIN-02225,액면분할이 무엇인지 설명해 주세요.,Ipaliwanag kung ano ang Paghahati ng tubig..,액면분할,액면분할,True,주식,,1.0,1.0,1.0,0,,40,액면분할
KO-FIN-02230,양도담보의 조건과 수익 구조를 확인하고 싶습니다.,Gusto kong suriin ang mga kondisyon at istraktura ng kita ng Magpasya na..,양도담보,양도담보,True,채권,,1.0,1.0,1.0,0,,40,양도담보
KO-FIN-02234,양도성예금증서에 적용되는 금리는 어떻게 되나요?,Ano ang magiging interes sa Mga sertipiko ng deposito.?,양도성예금증서,양도성예금증서,True,예금상품,증권·예탁,1.0,1.0,1.0,0,,0,
KO-FIN-02237,양키달러시장이 무엇을 의미하나요?,Ano ang ibig sabihin ng Yankees dolyar merkado?,양키달러시장,양키달러시장,True,금융시장·거래,,1.0,1.0,1.0,0,,0,
KO-FIN-02243,양키본드와 관련된 투자 정보를 확인하고 싶습니다.,Gusto kong suriin ang impormasyon ng pamumuhunan na nauugnay sa Yankees Bond.,양키본드,양키본드,True,자산운용·투자,,1.0,1.0,1.0,0,,0,
KO-FIN-02247,어카운트 결제 과정에서 문제가 발생한 것 같습니다.,Mukhang may problema sa Pagbabayad ng account.,어카운트 결제,어카운트 결제,True,지급결제·청산,,1.0,1.0,1.0,0,,30,어카운트 결제
KO-FIN-02250,언더라이터 처리 절차를 확인하고 싶습니다.,Gusto kong suriin ang proseso ng pagproseso.,언더라이터,언더라이터,True,증권·예탁,,0.0,1.0,0.0,0,언더라이터,40,언더라이터
KO-FIN-02254,역금리와 관련된 거래 조건을 확인하고 싶습니다.,Gusto kong suriin ang mga kondisyon ng transaksyon na nauugnay sa Pag-iwas.,역금리,역금리,True,국제금융,,1.0,1.0,1.0,0,,40,역금리
KO-FIN-02258,역레포와 관련된 시장 정보를 확인하고 싶습니다.,Gusto kong suriin ang impormasyon ng merkado na nauugnay sa Pag-iwas..,역레포,역레포,True,금융시장·거래,,1.0,1.0,1.0,0,,40,역레포
KO-FIN-02262,역분식결산을 통해 어떤 정보를 확인할 수 있나요?,Anong impormasyon ang maaari mong suriin sa Pag-aayos ng reverse osmosis?,역분식결산,역분식결산,True,회계·재무,,1.0,1.0,1.0,0,,40,역분식결산
KO-FIN-02264,역분식결산은 기준 시점과 작성 기준을 함께 확인해야 합니다.,Ang Pag-aayos ng reverse osmosis ay dapat na i-verify kasama ang mga pamantayan ng oras at mga pamantayan ng pagsulat.,역분식결산,역분식결산,True,회계·재무,,1.0,1.0,1.0,0,,40,역분식결산
KO-FIN-02266,역외금융과 관련된 거래 조건을 확인하고 싶습니다.,Gusto kong suriin ang mga kondisyon ng transaksyon na nauugnay sa Pagpapalit ng pera.,역외금융,역외금융,True,국제금융,,1.0,1.0,1.0,0,,40,역외금융
KO-FIN-02268,역외금융과 관련된 거래에서는 국가별 규정과 통화를 함께 확인해야 합니다.,"Sa mga transaksyon na nauugnay sa Pagpapalit ng pera, dapat mong suriin ang mga panuntunan ng bansa at pera.",역외금융,역외금융,True,국제금융,,1.0,1.0,1.0,0,,40,역외금융
KO-FIN-02269,역외시장이 무엇을 의미하나요?,Ano ang ibig sabihin ng Sa labas ng merkado?,역외시장,역외시장,True,금융시장·거래,국제금융,1.0,1.0,1.0,0,,0,
KO-FIN-02274,역외자금과 관련된 거래 조건을 확인하고 싶습니다.,Gusto kong suriin ang mga kondisyon ng transaksyon na nauugnay sa Ang mga diskwento.,역외자금,역외자금,True,국제금융,,1.0,1.0,1.0,0,,40,역외자금
KO-FIN-02276,역외자금과 관련된 거래에서는 국가별 규정과 통화를 함께 확인해야 합니다.,"Sa mga transaksyon na nauugnay sa Ang mga diskwento, dapat mong suriin ang mga panuntunan ng bansa at pera.",역외자금,역외자금,True,국제금융,,1.0,1.0,1.0,0,,40,역외자금
KO-FIN-02279,역외펀드에 가입하기 전에 어떤 점을 확인해야 하나요?,Ano ang dapat mong suriin bago sumali sa Mga pondo sa labas ng bahay?,역외펀드,역외펀드,True,펀드·신탁,국제금융 / 자산운용·투자 / 세금,1.0,1.0,1.0,0,,40,역외펀드
KO-FIN-02283,연기금과 관련된 투자 정보를 확인하고 싶습니다.,Gusto kong suriin ang impormasyon ng pamumuhunan na nauugnay sa Pag-aahon.,연기금,연기금,True,자산운용·투자,,1.0,1.0,1.0,0,,40,연기금
KO-FIN-02288,연방준비은행과 관련된 세부 업무는 해당 기관의 안내를 확인해 주세요.,Para sa mga detalyadong gawain na nauugnay sa Ang Pederal Reserve Bank mangyaring suriin ang mga tagubilin ng nasabing ahensya.,연방준비은행,연방준비은행,True,금융기관·은행,,1.0,1.0,1.0,0,,0,
KO-FIN-02290,연방준비제도에서 이용할 수 있는 금융업무는 무엇인가요?,Ano ang mga serbisyo sa pananalapi na magagamit sa Ang Federal Reserve.?,연방준비제도,연방준비제도,True,금융기관·은행,,1.0,1.0,1.0,0,,0,
KO-FIN-02295,연속결제 과정에서 문제가 발생한 것 같습니다.,Mukhang may problema sa Mga Sumusunod na Solution.,연속결제,연속결제,True,지급결제·청산,금융시장·거래,1.0,1.0,1.0,0,,40,연속결제
KO-FIN-02299,연속차감결제 과정에서 문제가 발생한 것 같습니다.,Mukhang may problema sa Pagpapatupad ng Sekuenteng Pagpapatupad.,연속차감결제,연속차감결제,True,지급결제·청산,,1.0,1.0,1.0,0,,40,연속차감결제
KO-FIN-02302,연쇄거래와 관련된 시장 정보를 확인하고 싶습니다.,Gusto kong suriin ang impormasyon ng merkado na nauugnay sa Mga kalakalan sa kadena.,연쇄거래,연쇄거래,True,금융시장·거래,,1.0,1.0,1.0,0,,40,연쇄거래
KO-FIN-02306,영구사채의 조건과 수익 구조를 확인하고 싶습니다.,Gusto kong suriin ang mga kondisyon at istraktura ng kita ng Permanenteng kontrata.,영구사채,영구사채,True,채권,자산운용·투자,1.0,1.0,1.0,0,,20,영구사채
KO-FIN-02309,영시조항이 무엇을 의미하나요?,Ano ang ibig sabihin ng Mga Batas ng Pranses?,영시조항,영시조항,True,금융시장·거래,,1.0,1.0,1.0,0,,40,영시조항
KO-FIN-02314,예납조치와 관련된 시장 정보를 확인하고 싶습니다.,Gusto kong suriin ang impormasyon ng merkado na nauugnay sa Pag-aayos ng pag-aalaga.,예납조치,예납조치,True,금융시장·거래,,1.0,1.0,1.0,0,,40,예납조치
KO-FIN-02317,예비증권이 무엇인지 설명해 주세요.,Ipaliwanag kung ano ang Mga reservation.,예비증권,예비증권,True,증권·예탁,채권,1.0,1.0,1.0,0,,20,예비증권
KO-FIN-02321,예탁이 무엇인지 설명해 주세요.,Ipaliwanag kung ano ang Pag-uutos..,예탁,예탁,True,증권·예탁,법률·계약 / 금융법규·감독,1.0,1.0,1.0,0,,70,예탁
KO-FIN-02326,예탁계좌 처리 절차를 확인하고 싶습니다.,Gusto kong suriin ang proseso ng pagproseso.,예탁계좌,예탁계좌,True,증권·예탁,계좌,0.0,1.0,0.0,0,예탁계좌,20,예탁계좌
KO-FIN-02329,예탁대상유가증권이 무엇인지 설명해 주세요.,Ipaliwanag kung ano ang Mga pasilidad sa pag-iingat..,예탁대상유가증권,예탁대상유가증권,True,증권·예탁,,1.0,1.0,1.0,0,,40,예탁대상유가증권
KO-FIN-02334,예탁자 처리 절차를 확인하고 싶습니다.,Gusto kong suriin ang proseso ng pagproseso.,예탁자,예탁자,True,증권·예탁,,0.0,1.0,0.0,0,예탁자,40,예탁자
KO-FIN-02338,예탁자계좌부 처리 절차를 확인하고 싶습니다.,Gusto kong suriin ang proseso ng pagproseso.,예탁자계좌부,예탁자계좌부,True,증권·예탁,,0.0,1.0,0.0,0,예탁자계좌부,20,예탁자계좌부
KO-FIN-02341,예탁자기금이 무엇인지 설명해 주세요.,Ipaliwanag kung ano ang Mga deposito..,예탁자기금,예탁자기금,True,증권·예탁,,1.0,1.0,1.0,0,,0,
KO-FIN-02346,예탁증명서제도 처리 절차를 확인하고 싶습니다.,Gusto kong suriin ang proseso ng pagproseso.,예탁증명서제도,예탁증명서제도,True,증권·예탁,,0.0,1.0,0.0,0,예탁증명서제도,20,예탁증명서제도
KO-FIN-02350,예탁증서 처리 절차를 확인하고 싶습니다.,Gusto kong suriin ang proseso ng pagproseso.,예탁증서,예탁증서,True,증권·예탁,,0.0,1.0,0.0,0,예탁증서,40,예탁증서
KO-FIN-02355,옐로우칩과 관련된 투자 정보를 확인하고 싶습니다.,Gusto kong suriin ang impormasyon ng pamumuhunan na nauugnay sa Ang mga chip ng Yellowstone.,옐로우칩,옐로우칩,True,자산운용·투자,,1.0,1.0,1.0,0,,40,옐로우칩
KO-FIN-02357,오버나이트 repo이 무엇을 의미하나요?,Ano ang ibig sabihin ng Overnight repo?,오버나이트 repo,오버나이트 repo,True,금융시장·거래,,1.0,1.0,1.0,0,,0,
KO-FIN-02362,온라인 리얼타임 시스템은 어디에서 확인할 수 있나요?,Saan ko malalaman ang Online na real-time na sistema?,온라인 리얼타임 시스템,온라인 리얼타임 시스템,True,계좌,,1.0,1.0,1.0,0,,0,
KO-FIN-02363,온라인 리얼타임 시스템이 정상적으로 표시되지 않습니다.,Ang Online na real-time na sistema ay hindi normal na nagpapakita.,온라인 리얼타임 시스템,온라인 리얼타임 시스템,True,계좌,,1.0,1.0,1.0,0,,0,
KO-FIN-02366,온라인 증권거래와 관련된 시장 정보를 확인하고 싶습니다.,Gusto kong suriin ang impormasyon ng merkado na nauugnay sa Online na kalakalan.,온라인 증권거래,온라인 증권거래,True,금융시장·거래,증권·예탁,1.0,1.0,1.0,0,,0,
KO-FIN-02371,온라인 투자은행과 관련된 투자 정보를 확인하고 싶습니다.,Gusto kong suriin ang impormasyon ng pamumuhunan na nauugnay sa Ang online investment banking.,온라인 투자은행,온라인 투자은행,True,자산운용·투자,금융기관·은행,1.0,1.0,1.0,0,,0,
KO-FIN-02373,옵션이 무엇인지 쉽게 설명해 주세요.,Ipaliwanag mo kung ano ang Mga pagpipilian.,옵션,옵션,True,파생상품,증권·예탁 / 법률·계약,1.0,1.0,1.0,0,,70,옵션
KO-FIN-02377,옵션가격결정모형이 무엇인지 쉽게 설명해 주세요.,Ipaliwanag mo kung ano ang Mga modelo ng pagpapasya sa presyo ng pagpipilian.,옵션가격결정모형,옵션가격결정모형,True,파생상품,금융공학·분석 / 금융시장·거래 / 주식,1.0,1.0,1.0,0,,0,
KO-FIN-02382,옵션거래와 관련된 시장 정보를 확인하고 싶습니다.,Gusto kong suriin ang impormasyon ng merkado na nauugnay sa Mga pagpipilian sa pangangalakal.,옵션거래,옵션거래,True,금융시장·거래,파생상품,1.0,1.0,1.0,0,,40,옵션거래
KO-FIN-02386,옵션부사채의 조건과 수익 구조를 확인하고 싶습니다.,Gusto kong suriin ang mga kondisyon at istraktura ng kita ng Option Debt.,옵션부사채,옵션부사채,True,채권,파생상품,1.0,1.0,1.0,0,,20,옵션부사채
KO-FIN-02389,외국보관기관이 무엇인지 설명해 주세요.,Ipaliwanag kung ano ang Mga Tagapangasiwa ng Banyagang Bansa.,외국보관기관,외국보관기관,True,증권·예탁,,1.0,1.0,1.0,0,,20,외국보관기관
KO-FIN-02394,외국시장거래와 관련된 시장 정보를 확인하고 싶습니다.,Gusto kong suriin ang impormasyon ng merkado na nauugnay sa Mga kalakalan sa ibang bansa.,외국시장거래,외국시장거래,True,금융시장·거래,,1.0,1.0,1.0,0,,40,외국시장거래
KO-FIN-02399,외국인 투자등록번호와 관련된 투자 정보를 확인하고 싶습니다.,Gusto kong suriin ang impormasyon ng pamumuhunan na nauugnay sa Ang numero ng foreign investment register..,외국인 투자등록번호,외국인 투자등록번호,True,자산운용·투자,,1.0,1.0,1.0,0,,0,
KO-FIN-02402,외국채의 조건과 수익 구조를 확인하고 싶습니다.,Gusto kong suriin ang mga kondisyon at istraktura ng kita ng Mga utang sa ibang bansa.,외국채,외국채,True,채권,자산운용·투자,1.0,1.0,1.0,0,,0,
KO-FIN-02405,외국환거래법에 대해 자세히 알려주세요.,Magbigay ng detalye tungkol sa Batas ng Pagbabago.,외국환거래법,외국환거래법,True,해외송금·외환,금융시장·거래,1.0,1.0,1.0,0,,40,외국환거래법
KO-FIN-02406,외국환거래법을 확인하고 싶습니다.,Gusto kong suriin ang Batas ng Pagbabago,외국환거래법,외국환거래법,True,해외송금·외환,금융시장·거래,1.0,1.0,1.0,0,,40,외국환거래법
KO-FIN-02412,외부금융은 심사 결과에 따라 이용 가능 여부가 달라질 수 있습니다.,Ang Panlabas na Pinansiyal ay maaaring mag-iba depende sa mga resulta ng pagsusuri.,외부금융,외부금융,True,대출,,1.0,1.0,1.0,0,,0,
KO-FIN-02415,외수펀드에 가입하기 전에 어떤 점을 확인해야 하나요?,Ano ang dapat mong suriin bago sumali sa Pangkalahatang Pondo?,외수펀드,외수펀드,True,펀드·신탁,,1.0,1.0,1.0,0,,40,외수펀드
KO-FIN-02418,외평채의 조건과 수익 구조를 확인하고 싶습니다.,Gusto kong suriin ang mga kondisyon at istraktura ng kita ng Ang mga panlabas na kulay.,외평채,외평채,True,채권,,1.0,1.0,1.0,0,,40,외평채
KO-FIN-02421,외화증권이 무엇인지 설명해 주세요.,Ipaliwanag kung ano ang Mga pautang sa pananalapi.,외화증권,외화증권,True,증권·예탁,해외송금·외환 / 금융시장·거래,1.0,1.0,1.0,0,,40,외화증권
KO-FIN-02426,외화차입 담보관리제 처리 절차를 확인하고 싶습니다.,Gusto kong suriin ang proseso ng pagproseso.,외화차입 담보관리제,외화차입 담보관리제,True,증권·예탁,해외송금·외환 / 대출,0.0,1.0,0.0,0,외화차입 담보관리제,40,외화차입 담보관리제
KO-FIN-02429,외환시장이 무엇을 의미하나요?,Ano ang ibig sabihin ng Mga merkado ng pera?,외환시장,외환시장,True,금융시장·거래,해외송금·외환,1.0,1.0,1.0,0,,20,외환시장
KO-FIN-02435,우량주와 관련해 투자 전에 확인해야 할 사항이 있나요?,Mayroon bang mga bagay na dapat mong suriin bago mamuhunan tungkol sa Magandang araw.?,우량주,우량주,True,주식,,1.0,1.0,1.0,0,,40,우량주
KO-FIN-02437,우리사주조합이 무엇인지 설명해 주세요.,Ipaliwanag kung ano ang Ang aming mga shareholder..,우리사주조합,우리사주조합,True,주식,,1.0,1.0,1.0,0,,20,우리사주조합
KO-FIN-02443,우선주와 관련해 투자 전에 확인해야 할 사항이 있나요?,Mayroon bang mga bagay na dapat mong suriin bago mamuhunan tungkol sa Una sa lahat.?,우선주,우선주,True,주식,,1.0,1.0,1.0,0,,0,
KO-FIN-02446,운영위험이 금융거래에 어떤 영향을 주나요?,Ano ang epekto nito sa pangangalakal sa pananalapi?,운영위험,운영위험,True,신용·리스크,,0.0,1.0,0.0,0,운영위험,20,운영위험
KO-FIN-02454,워크아웃에서 이용할 수 있는 금융업무는 무엇인가요?,Ano ang mga serbisyo sa pananalapi na magagamit sa Pag-eehersisyo?,워크아웃,워크아웃,True,금융기관·은행,,1.0,1.0,1.0,0,,40,워크아웃
KO-FIN-02458,원본위험이 금융거래에 어떤 영향을 주나요?,Ano ang epekto nito sa pangangalakal sa pananalapi?,원본위험,원본위험,True,신용·리스크,금융시장·거래 / 지급결제·청산,0.0,1.0,0.0,0,원본위험,0,
KO-FIN-02460,원본위험은 거래 조건이나 이용 가능 여부에 영향을 줄 수 있습니다.,Ang Ang orihinal na panganib ay maaaring makaapekto sa mga kondisyon ng kalakalan o kung magagamit.,원본위험,원본위험,True,신용·리스크,금융시장·거래 / 지급결제·청산,1.0,1.0,1.0,0,,0,
KO-FIN-02462,원천과세의 적용 기준을 알려주세요.,Ipaalam sa akin ang mga pamantayan ng Ang pinagmulan at ang impormasyon.,원천과세,원천과세,True,세금,,1.0,1.0,1.0,0,,40,원천과세
KO-FIN-02464,원천과세의 적용 여부는 거래 유형과 세법에 따라 달라질 수 있습니다.,Ang paggamit ng Ang pinagmulan at ang impormasyon ay maaaring mag-iiba depende sa uri ng transaksyon at batas sa buwis.,원천과세,원천과세,True,세금,,1.0,1.0,1.0,0,,40,원천과세
KO-FIN-02466,원천징수의 적용 기준을 알려주세요.,Ipaalam sa akin ang mga pamantayan ng Ang pinagmulan ng pag-aani.,원천징수,원천징수,True,세금,,1.0,1.0,1.0,0,,40,원천징수
KO-FIN-02468,원천징수의 적용 여부는 거래 유형과 세법에 따라 달라질 수 있습니다.,Ang paggamit ng Ang pinagmulan ng pag-aani ay maaaring mag-iiba depende sa uri ng transaksyon at batas sa buwis.,원천징수,원천징수,True,세금,,1.0,1.0,1.0,0,,40,원천징수
KO-FIN-02469,원화표시채권이 무엇인지 설명해 주세요.,Ipaliwanag kung ano ang Mga utang sa token ng pera.,원화표시채권,원화표시채권,True,채권,,1.0,1.0,1.0,0,,40,원화표시채권
KO-FIN-02473,웹거래시스템이 무엇을 의미하나요?,Ano ang ibig sabihin ng Mga sistema ng pagbebenta sa web?,웹거래시스템,웹거래시스템,True,금융시장·거래,,1.0,1.0,1.0,0,,0,
KO-FIN-02477,위약손해배상공동기금이 무엇을 의미하나요?,Ano ang ibig sabihin ng Ang Pederal na Pondo para sa Pagbabayad ng Pang-aapi sa Pang-aapi.?,위약손해배상공동기금,위약손해배상공동기금,True,금융시장·거래,증권·예탁,1.0,1.0,1.0,0,,40,위약손해배상공동기금
KO-FIN-02481,위임장이 무엇인지 설명해 주세요.,Ipaliwanag kung ano ang Pangasiwaan.,위임장,위임장,True,주식,,1.0,1.0,1.0,0,,40,위임장
KO-FIN-02485,위임장경쟁이 무엇인지 설명해 주세요.,Ipaliwanag kung ano ang Paglalaban sa Pangulo.,위임장경쟁,위임장경쟁,True,주식,,1.0,1.0,1.0,0,,40,위임장경쟁
KO-FIN-02490,위탁매매와 관련된 시장 정보를 확인하고 싶습니다.,Gusto kong suriin ang impormasyon ng merkado na nauugnay sa Pagbebenta ng trustee.,위탁매매,위탁매매,True,금융시장·거래,증권·예탁,1.0,1.0,1.0,0,,0,
KO-FIN-02494,위탁수수료와 관련된 시장 정보를 확인하고 싶습니다.,Gusto kong suriin ang impormasyon ng merkado na nauugnay sa Mga bayarin sa pagtitiwala.,위탁수수료,위탁수수료,True,금융시장·거래,,1.0,1.0,1.0,0,,0,
KO-FIN-02499,위탁자 때문에 추가로 확인해야 할 사항이 있나요?,Mayroon bang karagdagang mga bagay na dapat kong suriin dahil sa Ang tagapagtanggol.?,위탁자,위탁자,True,금융법규·감독,,1.0,1.0,1.0,0,,40,위탁자
KO-FIN-02500,위탁자의 적용 범위는 관련 법령과 규정에 따라 달라질 수 있습니다.,Ang saklaw ng Ang tagapagtanggol. ay maaaring mag-iiba depende sa mga kaugnay na batas at regulasyon.,위탁자,위탁자,True,금융법규·감독,,1.0,1.0,1.0,0,,40,위탁자
KO-FIN-02501,위탁자청산서비스가 무엇인지 설명해 주세요.,Ipaliwanag kung ano ang Mga Serbisyong Paglilinis sa Mga Tagapangalaga.,위탁자청산서비스,위탁자청산서비스,True,지급결제·청산,금융시장·거래,1.0,1.0,1.0,0,,0,
KO-FIN-02505,위탁증거금이 무엇인지 쉽게 설명해 주세요.,Ipaliwanag mo kung ano ang Mga katiwalaang utang..,위탁증거금,위탁증거금,True,파생상품,금융시장·거래 / 증권·예탁 / 자산운용·투자,1.0,1.0,1.0,0,,40,위탁증거금
KO-FIN-02515,위험프리미엄을 줄이려면 어떤 점을 확인해야 하나요?,Ano ang dapat kong suriin upang mabawasan ang Ang risgo premium?,위험프리미엄,위험프리미엄,True,신용·리스크,자산운용·투자,1.0,1.0,1.0,0,,0,
KO-FIN-02516,위험프리미엄은 거래 조건이나 이용 가능 여부에 영향을 줄 수 있습니다.,Ang Ang risgo premium ay maaaring makaapekto sa mga kondisyon ng kalakalan o kung magagamit.,위험프리미엄,위험프리미엄,True,신용·리스크,자산운용·투자,1.0,1.0,1.0,0,,0,
KO-FIN-02517,유가증권 현송이 무엇인지 설명해 주세요.,Ipaliwanag kung ano ang Pagpapadala ng warranty.,유가증권 현송,유가증권 현송,True,증권·예탁,,1.0,1.0,1.0,0,,20,유가증권 현송
KO-FIN-02521,유가증권이 무엇인지 설명해 주세요.,Ipaliwanag kung ano ang Mga testamento.,유가증권,유가증권,True,증권·예탁,,1.0,1.0,1.0,0,,20,유가증권
KO-FIN-02526,유가증권신고서 처리 절차를 확인하고 싶습니다.,Gusto kong suriin ang proseso ng pagproseso.,유가증권신고서,유가증권신고서,True,증권·예탁,,0.0,1.0,0.0,0,유가증권신고서,40,유가증권신고서
KO-FIN-02530,유동성에서 이용할 수 있는 금융업무는 무엇인가요?,Ano ang mga serbisyo sa pananalapi na magagamit sa Liquidity?,유동성,유동성,True,금융기관·은행,,1.0,1.0,1.0,0,,0,
KO-FIN-02534,유동성위험이 금융거래에 어떤 영향을 주나요?,Ano ang epekto nito sa pangangalakal sa pananalapi?,유동성위험,유동성위험,True,신용·리스크,,0.0,1.0,0.0,0,유동성위험,0,
KO-FIN-02536,유동성위험은 거래 조건이나 이용 가능 여부에 영향을 줄 수 있습니다.,Ang Panganib sa likididad ay maaaring makaapekto sa mga kondisyon ng kalakalan o kung magagamit.,유동성위험,유동성위험,True,신용·리스크,,1.0,1.0,1.0,0,,0,
KO-FIN-02540,유동화 중개기관은 심사 결과에 따라 이용 가능 여부가 달라질 수 있습니다.,Ang Ang mga broker ng liquidity ay maaaring mag-iba depende sa mga resulta ng pagsusuri.,유동화 중개기관,유동화 중개기관,True,대출,,1.0,1.0,1.0,0,,0,
KO-FIN-02542,유럽중앙예탁기관협의회 처리 절차를 확인하고 싶습니다.,Gusto kong suriin ang proseso ng pagproseso.,유럽중앙예탁기관협의회,유럽중앙예탁기관협의회,True,증권·예탁,,0.0,1.0,0.0,0,유럽중앙예탁기관협의회,0,
KO-FIN-02548,유럽중앙은행과 관련된 세부 업무는 해당 기관의 안내를 확인해 주세요.,Para sa mga detalyadong gawain na nauugnay sa Ang European Central Bank mangyaring suriin ang mga tagubilin ng nasabing ahensya.,유럽중앙은행,유럽중앙은행,True,금융기관·은행,,1.0,1.0,1.0,0,,0,
KO-FIN-02552,유럽통화단위의 정확한 의미는 해당 금융거래의 맥락과 함께 확인해야 합니다.,Ang eksaktong kahulugan ng Ang European Monetary Union ay dapat patunayan sa konteksto ng kalakalan sa pananalapi.,유럽통화단위,유럽통화단위,True,기타 금융일반,,1.0,1.0,1.0,0,,0,
KO-FIN-02553,유럽통화제도에 대해 자세히 알려주세요.,Magbigay ng detalye tungkol sa Ang European Monetary System ay.,유럽통화제도,유럽통화제도,True,해외송금·외환,,1.0,1.0,1.0,0,,0,
KO-FIN-02557,유럽형 옵션이 무엇인지 쉽게 설명해 주세요.,Ipaliwanag mo kung ano ang Mga pagpipilian sa Europa.,유럽형 옵션,유럽형 옵션,True,파생상품,,1.0,1.0,1.0,0,,20,유럽형 옵션
KO-FIN-02562,유로와 관련된 시장 정보를 확인하고 싶습니다.,Gusto kong suriin ang impormasyon ng merkado na nauugnay sa Euro.,유로,유로,True,금융시장·거래,,1.0,1.0,1.0,0,,30,유로
KO-FIN-02567,유로달러에 대해 상담받고 싶습니다.,Gusto kong kumunsulta tungkol sa Euro dolyar.,유로달러,유로달러,True,대출,금융시장·거래,1.0,1.0,1.0,0,,0,
KO-FIN-02569,유로머니에 대해 자세히 알려주세요.,Magbigay ng detalye tungkol sa Ang euro..,유로머니,유로머니,True,해외송금·외환,,1.0,1.0,1.0,0,,0,
KO-FIN-02574,유로본드의 조건과 수익 구조를 확인하고 싶습니다.,Gusto kong suriin ang mga kondisyon at istraktura ng kita ng Ang Eurobond.,유로본드,유로본드,True,채권,자산운용·투자,1.0,1.0,1.0,0,,20,유로본드
KO-FIN-02577,유로시장이 무엇을 의미하나요?,Ano ang ibig sabihin ng Ang merkado ng euro?,유로시장,유로시장,True,금융시장·거래,국제금융,1.0,1.0,1.0,0,,0,
KO-FIN-02582,유로통화에 적용되는 금리는 어떻게 되나요?,Paano ang mga interes na inilalapat sa Pagpapalit ng euro?,유로통화,유로통화,True,예금상품,,1.0,1.0,1.0,0,,20,유로통화
KO-FIN-02586,유보율을 통해 어떤 정보를 확인할 수 있나요?,Anong impormasyon ang maaari mong suriin sa Mga rate ng pagkamayabong?,유보율,유보율,True,회계·재무,,1.0,1.0,1.0,0,,20,유보율
KO-FIN-02588,유보율은 기준 시점과 작성 기준을 함께 확인해야 합니다.,Ang Mga rate ng pagkamayabong ay dapat kumpirmahin kasama ang mga pamantayan ng oras at ang mga pamantayan ng pagsulat.,유보율,유보율,True,회계·재무,,1.0,1.0,1.0,0,,20,유보율
KO-FIN-02590,유상증자와 관련된 정보를 확인하고 싶습니다.,Gusto kong suriin ang impormasyon tungkol sa Mga saksi..,유상증자,유상증자,True,주식,,1.0,1.0,1.0,0,,40,유상증자
KO-FIN-02593,유지증거금이 무엇인지 쉽게 설명해 주세요.,Ipaliwanag mo kung ano ang Pananaligang katibayan.,유지증거금,유지증거금,True,파생상품,,1.0,1.0,1.0,0,,40,유지증거금
KO-FIN-02597,유지청구권이 무엇인지 설명해 주세요.,Ipaliwanag kung ano ang Mga karapatan sa pagpapanatili.,유지청구권,유지청구권,True,주식,법률·계약,1.0,1.0,1.0,0,,40,유지청구권
KO-FIN-02601,유치권이 무엇인지 설명해 주세요.,Ipaliwanag kung ano ang Karapatan.,유치권,유치권,True,채권,,1.0,1.0,1.0,0,,20,유치권
KO-FIN-02605,유통시장이 무엇을 의미하나요?,Ano ang ibig sabihin ng Mga merkado ng pamamahagi?,유통시장,유통시장,True,금융시장·거래,증권·예탁 / 자산운용·투자,1.0,1.0,1.0,0,,0,
KO-FIN-02609,유통DR이 무엇인지 설명해 주세요.,Ipaliwanag kung ano ang Distribusyon DR.,유통DR,유통DR,True,주식,,1.0,1.0,1.0,0,,20,유통DR
KO-FIN-02613,의결권 대리인이 금융거래에서 무엇을 의미하나요?,Ano ang ibig sabihin ng Ang tagapagtanggol ng karapatan sa pagpapasya sa pananalapi?,의결권 대리인,의결권 대리인,True,법률·계약,주식,1.0,1.0,1.0,0,,40,의결권 대리인
KO-FIN-02619,의결권 불통일행사와 관련해 투자 전에 확인해야 할 사항이 있나요?,Mayroon bang mga bagay na dapat mong suriin bago mamuhunan tungkol sa Ang Pagpapasya sa Pagpapasya?,의결권 불통일행사,의결권 불통일행사,True,주식,,1.0,1.0,1.0,0,,40,의결권 불통일행사
KO-FIN-02621,의결권이 무엇인지 설명해 주세요.,Ipaliwanag kung ano ang Karapatang Magpasya.,의결권,의결권,True,주식,,1.0,1.0,1.0,0,,0,
KO-FIN-02628,의결권대리행사 권유의 적용 여부는 계약 내용과 관련 법령을 확인해야 합니다.,Dapat mong suriin ang nilalaman ng Pinapayagan ang mga tagapagtanggol ng karapatan sa pagpapasya at ang mga kaugnay na batas.,의결권대리행사 권유;계약,의결권대리행사 권유,True,법률·계약,주식,0.5,1.0,0.5,0,계약,60,의결권대리행사 권유;계약
KO-FIN-02635,의결권신탁에 가입하기 전에 어떤 점을 확인해야 하나요?,Ano ang dapat mong suriin bago sumali sa Pananampalataya sa Kapangyarihan sa Pagpasya?,의결권신탁,의결권신탁,True,펀드·신탁,주식,1.0,1.0,1.0,0,,40,의결권신탁
KO-FIN-02639,의결권주와 관련해 투자 전에 확인해야 할 사항이 있나요?,Mayroon bang mga bagay na dapat mong suriin bago mamuhunan tungkol sa Mga may kapangyarihang magpasya?,의결권주,의결권주,True,주식,,1.0,1.0,1.0,0,,20,의결권주
KO-FIN-02641,의결권행사의 제한이 무엇인지 설명해 주세요.,Ipaliwanag kung ano ang Mga Limitasyon ng mga Nagpapasiya.,의결권행사의 제한,의결권행사의 제한,True,주식,,1.0,1.0,1.0,0,,0,
KO-FIN-02645,의제배당이 무엇인지 설명해 주세요.,Ipaliwanag kung ano ang Pag-uusap.,의제배당,의제배당,True,주식,,1.0,1.0,1.0,0,,40,의제배당
KO-FIN-02649,의제예탁이 무엇인지 설명해 주세요.,Ipaliwanag kung ano ang Pag-order ng mga bagay.,의제예탁,의제예탁,True,증권·예탁,,1.0,1.0,1.0,0,,40,의제예탁
KO-FIN-02653,이머징 마켓이 무엇인지 설명해 주세요.,Ipaliwanag kung ano ang Ang Amazing Market.,이머징 마켓,이머징 마켓,True,주식,,1.0,1.0,1.0,0,,40,이머징 마켓
KO-FIN-02657,이익배당이 무엇인지 설명해 주세요.,Ipaliwanag kung ano ang Pagbabahagi ng kita.,이익배당,이익배당,True,주식,,1.0,1.0,1.0,0,,40,이익배당
KO-FIN-02661,이익잉여금이 무엇을 의미하나요?,Ano ang ibig sabihin ng Mga bonus ng kita?,이익잉여금,이익잉여금,True,금융시장·거래,,1.0,1.0,1.0,0,,40,이익잉여금
KO-FIN-02667,이익잉여금처분계산서와 관련해 투자 전에 확인해야 할 사항이 있나요?,Mayroon bang mga bagay na dapat mong suriin bago mamuhunan tungkol sa Ang mga accounting ng mga benepisyo.?,이익잉여금처분계산서,이익잉여금처분계산서,True,주식,,1.0,1.0,1.0,0,,40,이익잉여금처분계산서
KO-FIN-02670,이익준비금을 통해 어떤 정보를 확인할 수 있나요?,Anong impormasyon ang maaari mong suriin sa Pag-iingat ng kita?,이익준비금,이익준비금,True,회계·재무,,1.0,1.0,1.0,0,,40,이익준비금
KO-FIN-02672,이익준비금은 기준 시점과 작성 기준을 함께 확인해야 합니다.,Ang Pag-iingat ng kita ay dapat na i-verify kasama ang mga pamantayan ng oras at mga pamantayan ng pagsulat.,이익준비금,이익준비금,True,회계·재무,,1.0,1.0,1.0,0,,40,이익준비금
KO-FIN-02674,이익참가부사채의 조건과 수익 구조를 확인하고 싶습니다.,Gusto kong suriin ang mga kondisyon at istraktura ng kita ng Mga utang sa pakinabang.,이익참가부사채,이익참가부사채,True,채권,주식,1.0,1.0,1.0,0,,0,
KO-FIN-02678,이자 계산일수의 조건과 수익 구조를 확인하고 싶습니다.,Gusto kong suriin ang mga kondisyon at istraktura ng kita ng Magbayad ng interes..,이자 계산일수,이자 계산일수,True,채권,,1.0,1.0,1.0,0,,20,이자 계산일수
KO-FIN-02681,이자락이 무엇을 의미하나요?,Ano ang ibig sabihin ng Ang mga ito ay?,이자락,이자락,True,금융시장·거래,자산운용·투자,1.0,1.0,1.0,0,,40,이자락
KO-FIN-02685,이자소득이 무엇인지 설명해 주세요.,Ipaliwanag kung ano ang Mga kita ng interes.,이자소득,이자소득,True,채권,펀드·신탁,1.0,1.0,1.0,0,,20,이자소득
KO-FIN-02690,이자율위험이 금융거래에 어떤 영향을 주나요?,Ano ang epekto nito sa pangangalakal sa pananalapi?,이자율위험,이자율위험,True,신용·리스크,,0.0,1.0,0.0,0,이자율위험,20,이자율위험
KO-FIN-02692,이자율위험은 거래 조건이나 이용 가능 여부에 영향을 줄 수 있습니다.,Ang Ang mga panganib ng interes ay maaaring makaapekto sa mga kondisyon ng kalakalan o kung magagamit.,이자율위험,이자율위험,True,신용·리스크,,1.0,1.0,1.0,0,,20,이자율위험
KO-FIN-02694,이중과세의 적용 기준을 알려주세요.,Ipaalam sa akin ang mga pamantayan ng Dalawa at tatlong..,이중과세,이중과세,True,세금,주식,1.0,1.0,1.0,0,,40,이중과세
KO-FIN-02696,이중과세의 적용 여부는 거래 유형과 세법에 따라 달라질 수 있습니다.,Ang paggamit ng Dalawa at tatlong. ay maaaring mag-iiba depende sa uri ng transaksyon at batas sa buwis.,이중과세,이중과세,True,세금,주식,1.0,1.0,1.0,0,,40,이중과세
KO-FIN-02697,이중청약이 무엇인지 설명해 주세요.,Ipaliwanag kung ano ang Dalawang pag-aalis..,이중청약,이중청약,True,증권·예탁,주식,1.0,1.0,1.0,0,,40,이중청약
KO-FIN-02702,이표채의 조건과 수익 구조를 확인하고 싶습니다.,Gusto kong suriin ang mga kondisyon at istraktura ng kita ng Ang mga tanda na ito.,이표채,이표채,True,채권,,1.0,1.0,1.0,0,,40,이표채
KO-FIN-02707,이행보증기관을 줄이려면 어떤 점을 확인해야 하나요?,Ano ang dapat kong suriin upang mabawasan ang Mga Ahente ng Pag-iimbak?,이행보증기관,이행보증기관,True,신용·리스크,증권·예탁 / 대출,1.0,1.0,1.0,0,,20,이행보증기관
KO-FIN-02708,이행보증기관은 거래 조건이나 이용 가능 여부에 영향을 줄 수 있습니다.,Ang Mga Ahente ng Pag-iimbak ay maaaring makaapekto sa mga kondisyon ng kalakalan o kung magagamit.,이행보증기관,이행보증기관,True,신용·리스크,증권·예탁 / 대출,1.0,1.0,1.0,0,,20,이행보증기관
KO-FIN-02711,익일자금결제 과정에서 문제가 발생한 것 같습니다.,Mukhang may problema sa Isang araw na pagbabayad.,익일자금결제,익일자금결제,True,지급결제·청산,이체 / 금융기관·은행,1.0,1.0,1.0,0,,40,익일자금결제
KO-FIN-02715,최근 인덱세이션의 변화를 확인하고 싶습니다.,Gusto kong suriin ang mga kamakailang pagbabago sa Ang indexation.,인덱세이션,인덱세이션,True,경제·거시금융,,1.0,1.0,1.0,0,,0,
KO-FIN-02716,인덱세이션은 다른 경제지표와 함께 해석하는 것이 좋습니다.,Ang Ang indexation ay mas mahusay na ipaliwanag kasama ang iba pang mga tagapagpahiwatig ng ekonomiya.,인덱세이션,인덱세이션,True,경제·거시금융,,1.0,1.0,1.0,0,,0,
KO-FIN-02719,인덱스펀드에 가입하기 전에 어떤 점을 확인해야 하나요?,Ano ang dapat mong suriin bago sumali sa Ang index fund?,인덱스펀드,인덱스펀드,True,펀드·신탁,자산운용·투자 / 금융공학·분석,1.0,1.0,1.0,0,,20,인덱스펀드
KO-FIN-02722,인덴추어의 조건과 수익 구조를 확인하고 싶습니다.,Gusto kong suriin ang mga kondisyon at istraktura ng kita ng Ang Indenture..,인덴추어,인덴추어,True,채권,,1.0,1.0,1.0,0,,40,인덴추어
KO-FIN-02725,인도형 repo이 무엇을 의미하나요?,Ano ang ibig sabihin ng Repo ng India?,인도형 repo,인도형 repo,True,금융시장·거래,,1.0,1.0,1.0,0,,20,인도형 repo
KO-FIN-02732,인수의 세부 조건과 절차는 거래 유형에 따라 달라질 수 있습니다.,Ang mga detalyadong kondisyon at pamamaraan ng Pag-aari ay maaaring mag-iiba depende sa uri ng transaksyon.,인수,인수,True,기업금융·자본조달,증권·예탁,1.0,1.0,1.0,0,,70,인수
KO-FIN-02734,인수단을 이용하려면 어떤 조건이 필요한가요?,Ano ang mga kundisyon para magamit ang Ang pag-aari?,인수단,인수단,True,기업금융·자본조달,,1.0,1.0,1.0,0,,40,인수단
KO-FIN-02735,인수단과 관련된 비용과 절차를 확인하고 싶습니다.,Gusto kong suriin ang mga gastos at pamamaraan na nauugnay sa Ang pag-aari.,인수단,인수단,True,기업금융·자본조달,,1.0,1.0,1.0,0,,40,인수단
KO-FIN-02740,인터넷 인수업자의 세부 조건과 절차는 거래 유형에 따라 달라질 수 있습니다.,Ang mga detalyadong kondisyon at pamamaraan ng Ang Internet Acquirer ay maaaring mag-iiba depende sa uri ng transaksyon.,인터넷 인수업자,인터넷 인수업자,True,기업금융·자본조달,자산운용·투자,1.0,1.0,1.0,0,,0,
KO-FIN-02744,인터페이스의 정확한 의미는 해당 금융거래의 맥락과 함께 확인해야 합니다.,Ang eksaktong kahulugan ng Ang interface ay dapat patunayan sa konteksto ng kalakalan sa pananalapi.,인터페이스,인터페이스,True,기타 금융일반,,1.0,1.0,1.0,0,,0,
KO-FIN-02745,인트라넷이 무엇을 의미하나요?,Ano ang ibig sabihin ng Intranet?,인트라넷,인트라넷,True,금융시장·거래,,1.0,1.0,1.0,0,,0,
KO-FIN-02749,일괄등록이 무엇인지 설명해 주세요.,Ipaliwanag kung ano ang Talaan ng mga listahan.,일괄등록,일괄등록,True,증권·예탁,채권,1.0,1.0,1.0,0,,40,일괄등록
KO-FIN-02753,일괄예탁이 무엇인지 설명해 주세요.,Ipaliwanag kung ano ang Pag-order ng mga order.,일괄예탁,일괄예탁,True,증권·예탁,,1.0,1.0,1.0,0,,40,일괄예탁
KO-FIN-02757,일괄처리방식이 무엇인지 설명해 주세요.,Ipaliwanag kung ano ang Pag-aayos ng grupo.,일괄처리방식,일괄처리방식,True,지급결제·청산,,1.0,1.0,1.0,0,,40,일괄처리방식
KO-FIN-02764,일반균형이론은 심사 결과에 따라 이용 가능 여부가 달라질 수 있습니다.,Ang Ang pangkalahatang teorya ng balanse. ay maaaring mag-iba depende sa mga resulta ng pagsusuri.,일반균형이론,일반균형이론,True,대출,,1.0,1.0,1.0,0,,0,
KO-FIN-02765,일반담보물이 무엇인지 설명해 주세요.,Ipaliwanag kung ano ang Pangkaraniwang balita.,일반담보물,일반담보물,True,증권·예탁,,1.0,1.0,1.0,0,,20,일반담보물
KO-FIN-02773,일방매매확인이 무엇을 의미하나요?,Ano ang ibig sabihin ng Pinatunayan ang pagbebenta.?,일방매매확인,일방매매확인,True,금융시장·거래,증권·예탁,1.0,1.0,1.0,0,,40,일방매매확인
KO-FIN-02777,일방연계방식이 무엇인지 설명해 주세요.,Ipaliwanag kung ano ang Ito ay isang paraan ng pakikipag-ugnayan..,일방연계방식,일방연계방식,True,증권·예탁,,1.0,1.0,1.0,0,,40,일방연계방식
KO-FIN-02782,일본증권결제회사 처리 절차를 확인하고 싶습니다.,Gusto kong suriin ang proseso ng pagproseso.,일본증권결제회사,일본증권결제회사,True,증권·예탁,지급결제·청산 / 금융시장·거래 / 주식,0.0,1.0,0.0,0,일본증권결제회사,0,
KO-FIN-02786,일본증권보관대체기구 처리 절차를 확인하고 싶습니다.,Gusto kong suriin ang proseso ng pagproseso.,일본증권보관대체기구,일본증권보관대체기구,True,증권·예탁,,0.0,1.0,0.0,0,일본증권보관대체기구,20,일본증권보관대체기구
KO-FIN-02789,일일정산이 무엇인지 쉽게 설명해 주세요.,Ipaliwanag mo kung ano ang Isang Araw ng Pag-iipon.,일일정산,일일정산,True,파생상품,,1.0,1.0,1.0,0,,40,일일정산
KO-FIN-02793,일일차감이 무엇인지 설명해 주세요.,Ipaliwanag kung ano ang Araw-araw..,일일차감,일일차감,True,지급결제·청산,,1.0,1.0,1.0,0,,20,일일차감
KO-FIN-02798,일임매매와 관련된 시장 정보를 확인하고 싶습니다.,Gusto kong suriin ang impormasyon ng merkado na nauugnay sa Araw-araw.,일임매매,일임매매,True,금융시장·거래,증권·예탁,1.0,1.0,1.0,0,,0,
KO-FIN-02801,일중대월이 무엇인지 설명해 주세요.,Ipaliwanag kung ano ang Sa loob ng isang buwan.,일중대월,일중대월,True,지급결제·청산,,1.0,1.0,1.0,0,,40,일중대월
KO-FIN-02807,임시주주총회와 관련해 투자 전에 확인해야 할 사항이 있나요?,Mayroon bang mga bagay na dapat mong suriin bago mamuhunan tungkol sa Ang pansamantalang pulong ng mga shareholder?,임시주주총회,임시주주총회,True,주식,,1.0,1.0,1.0,0,,0,
KO-FIN-02809,임의준비금이 무엇인지 설명해 주세요.,Ipaliwanag kung ano ang Ang arbitrary reserve.,임의준비금,임의준비금,True,주식,,1.0,1.0,1.0,0,,0,
KO-FIN-02816,임치의 적용 여부는 계약 내용과 관련 법령을 확인해야 합니다.,Dapat mong suriin ang nilalaman ng Impiyerno at ang mga kaugnay na batas.,임치;계약,임치,True,법률·계약,,0.5,1.0,0.5,0,계약,70,임치;계약
KO-FIN-02817,임퓨테이션이 무엇인지 설명해 주세요.,Ipaliwanag kung ano ang Imputasyon.,임퓨테이션,임퓨테이션,True,주식,세금,1.0,1.0,1.0,0,,0,
KO-FIN-02821,잉여금이 무엇인지 설명해 주세요.,Ipaliwanag kung ano ang Ang mga surplus.,잉여금,잉여금,True,주식,,1.0,1.0,1.0,0,,40,잉여금
KO-FIN-02826,자기매매와 관련된 시장 정보를 확인하고 싶습니다.,Gusto kong suriin ang impormasyon ng merkado na nauugnay sa Pagbebenta ng sarili..,자기매매,자기매매,True,금융시장·거래,증권·예탁,1.0,1.0,1.0,0,,20,자기매매
KO-FIN-02830,자동계좌이체를 이용하려면 어떻게 해야 하나요?,Paano ko gagamitin ang Automatic na switch.?,자동계좌이체,자동계좌이체,True,이체,계좌,1.0,1.0,1.0,0,,20,자동계좌이체
KO-FIN-02833,자동교환결제제도가 무엇인지 설명해 주세요.,Ipaliwanag kung ano ang Ang auto-switch solution ay.,자동교환결제제도,자동교환결제제도,True,지급결제·청산,이체 / 금융기관·은행,1.0,1.0,1.0,0,,40,자동교환결제제도
KO-FIN-02838,자동명의개서제도 처리 절차를 확인하고 싶습니다.,Gusto kong suriin ang proseso ng pagproseso.,자동명의개서제도,자동명의개서제도,True,증권·예탁,,0.0,1.0,0.0,0,자동명의개서제도,40,자동명의개서제도
KO-FIN-02841,자동호가전달시스템이 무엇을 의미하나요?,Ano ang ibig sabihin ng Automatic na sistema ng pagmamaneho.?,자동호가전달시스템,자동호가전달시스템,True,금융시장·거래,,1.0,1.0,1.0,0,,0,
KO-FIN-02846,자본금을 통해 어떤 정보를 확인할 수 있나요?,Anong impormasyon ang maaari mong suriin sa Ang kapital?,자본금,자본금,True,회계·재무,주식,1.0,1.0,1.0,0,,40,자본금
KO-FIN-02848,자본금은 기준 시점과 작성 기준을 함께 확인해야 합니다.,Ang Ang kapital ay dapat na i-verify kasama ang mga pamantayan ng oras at mga pamantayan ng pagsulat.,자본금,자본금,True,회계·재무,주식,1.0,1.0,1.0,0,,40,자본금
KO-FIN-02849,자본시장이 무엇을 의미하나요?,Ano ang ibig sabihin ng Ang merkado ng kapital?,자본시장,자본시장,True,금융시장·거래,,1.0,1.0,1.0,0,,0,
KO-FIN-02855,자본시장선과 관련된 투자 정보를 확인하고 싶습니다.,Gusto kong suriin ang impormasyon ng pamumuhunan na nauugnay sa Ang mga merkado ng kapital.,자본시장선,자본시장선,True,자산운용·투자,금융시장·거래,1.0,1.0,1.0,0,,0,
KO-FIN-02857,자본이득이 무엇을 의미하나요?,Ano ang ibig sabihin ng Kapitalikong kita?,자본이득,자본이득,True,금융시장·거래,,1.0,1.0,1.0,0,,20,자본이득
KO-FIN-02862,자본이익계획을 통해 어떤 정보를 확인할 수 있나요?,Anong impormasyon ang maaari mong suriin sa Capital Profit Planning?,자본이익계획,자본이익계획,True,회계·재무,,1.0,1.0,1.0,0,,0,
KO-FIN-02864,자본이익계획은 기준 시점과 작성 기준을 함께 확인해야 합니다.,Ang Capital Profit Planning ay dapat na i-verify kasama ang mga pamantayan ng oras at mga pamantayan ng pagsulat.,자본이익계획,자본이익계획,True,회계·재무,,1.0,1.0,1.0,0,,0,
KO-FIN-02865,자본잉여금이 무엇인지 설명해 주세요.,Ipaliwanag kung ano ang Ang mga kapital na dagdag.,자본잉여금,자본잉여금,True,주식,,1.0,1.0,1.0,0,,20,자본잉여금
KO-FIN-02870,자본자산가격결정모형은 금융상품을 분석할 때 어떻게 사용되나요?,Paano ginagamit ang Modelo ng pagpapasya sa presyo ng kapital kapag sinusuri ang mga produktong pinansyal?,자본자산가격결정모형,자본자산가격결정모형,True,금융공학·분석,금융시장·거래 / 자산운용·투자,1.0,1.0,1.0,0,,0,
KO-FIN-02872,자본자산가격결정모형의 결과는 사용한 가정과 시장 데이터에 따라 달라질 수 있습니다.,Ang mga resulta ng Modelo ng pagpapasya sa presyo ng kapital ay maaaring mag-iiba depende sa mga pinag-aasang data at merkado na ginamit.,자본자산가격결정모형,자본자산가격결정모형,True,금융공학·분석,금융시장·거래 / 자산운용·투자,1.0,1.0,1.0,0,,0,
KO-FIN-02873,자본준비금이 무엇인지 설명해 주세요.,Ipaliwanag kung ano ang Ang kapital na reserba.,자본준비금,자본준비금,True,주식,금융법규·감독,1.0,1.0,1.0,0,,20,자본준비금
KO-FIN-02877,자사주 취득이 무엇인지 설명해 주세요.,Ipaliwanag kung ano ang Nakakuha ng kanyang sariling bahagi.,자사주 취득,자사주 취득,True,주식,금융시장·거래,1.0,1.0,1.0,0,,40,자사주 취득
KO-FIN-02881,자산담보부증권이 무엇인지 설명해 주세요.,Ipaliwanag kung ano ang Mga Tuntunin ng Pananampalataya.,자산담보부증권,자산담보부증권,True,증권·예탁,대출 / 부동산금융,1.0,1.0,1.0,0,,40,자산담보부증권
KO-FIN-02887,자산운용회사와 관련된 투자 정보를 확인하고 싶습니다.,Gusto kong suriin ang impormasyon ng pamumuhunan na nauugnay sa Kumpanya ng asset management.,자산운용회사,자산운용회사,True,자산운용·투자,,1.0,1.0,1.0,0,,0,
KO-FIN-02891,자산의 유동화와 관련된 투자 정보를 확인하고 싶습니다.,Gusto kong suriin ang impormasyon ng pamumuhunan na nauugnay sa Liquidity ng mga asset.,자산의 유동화,자산의 유동화,True,자산운용·투자,,1.0,1.0,1.0,0,,0,
KO-FIN-02896,자산재평가는 기준 시점과 작성 기준을 함께 확인해야 합니다.,Dapat mong suriin ang Mga asset assessment kasama ang oras ng pagsasaalang-alang at ang mga pamantayan ng pagsulat.,자산재평가,자산재평가,True,회계·재무,,1.0,1.0,1.0,0,,0,
KO-FIN-02899,자산주와 관련된 투자 정보를 확인하고 싶습니다.,Gusto kong suriin ang impormasyon ng pamumuhunan na nauugnay sa Ang mga may-ari.,자산주,자산주,True,자산운용·투자,,1.0,1.0,1.0,0,,20,자산주
KO-FIN-02901,자율규제기관이 무엇을 의미하나요?,Ano ang ibig sabihin ng Ang Autonomous Regulatory Agency?,자율규제기관,자율규제기관,True,금융시장·거래,지급결제·청산,1.0,1.0,1.0,0,,0,
KO-FIN-02906,자전거래와 관련된 시장 정보를 확인하고 싶습니다.,Gusto kong suriin ang impormasyon ng merkado na nauugnay sa Magbisikleta..,자전거래,자전거래,True,금융시장·거래,,1.0,1.0,1.0,0,,20,자전거래
KO-FIN-02910,잔액인수는 어디에서 확인할 수 있나요?,Saan ko malalaman ang Bilang ng mga natitirang halaga?,잔액인수,잔액인수,True,계좌,기업금융·자본조달 / 증권·예탁,1.0,1.0,1.0,0,,40,잔액인수
KO-FIN-02915,잔존가액과 관련된 내용을 확인하고 싶습니다.,Gusto kong suriin ang tungkol sa Mga natitirang halaga,잔존가액,잔존가액,True,기타 금융일반,,1.0,1.0,1.0,0,,0,
KO-FIN-02916,잔존가액의 정확한 의미는 해당 금융거래의 맥락과 함께 확인해야 합니다.,Ang eksaktong kahulugan ng Mga natitirang halaga ay dapat patunayan sa konteksto ng kalakalan sa pananalapi.,잔존가액,잔존가액,True,기타 금융일반,,1.0,1.0,1.0,0,,0,
KO-FIN-02919,잠정이체 과정에서 문제가 발생한 것 같습니다.,Mukhang may problema sa Ang pag-lock..,잠정이체,잠정이체,True,지급결제·청산,,1.0,1.0,1.0,0,,40,잠정이체
KO-FIN-02922,장기채의 조건과 수익 구조를 확인하고 싶습니다.,Gusto kong suriin ang mga kondisyon at istraktura ng kita ng Ang pangmatagalang utang.,장기채,장기채,True,채권,,1.0,1.0,1.0,0,,20,장기채
KO-FIN-02927,장내결제 과정에서 문제가 발생한 것 같습니다.,Mukhang may problema sa Mga solusyon sa panloob.,장내결제,장내결제,True,지급결제·청산,금융시장·거래 / 증권·예탁,1.0,1.0,1.0,0,,20,장내결제
KO-FIN-02930,장외거래와 관련된 시장 정보를 확인하고 싶습니다.,Gusto kong suriin ang impormasyon ng merkado na nauugnay sa Ang panlabas na kalakalan.,장외거래,장외거래,True,금융시장·거래,,1.0,1.0,1.0,0,,40,장외거래
KO-FIN-02934,장외결제와 관련된 시장 정보를 확인하고 싶습니다.,Gusto kong suriin ang impormasyon ng merkado na nauugnay sa Mga panlabas na solusyon.,장외결제,장외결제,True,금융시장·거래,지급결제·청산 / 증권·예탁,1.0,1.0,1.0,0,,20,장외결제
KO-FIN-02937,장외시장이 무엇을 의미하나요?,Ano ang ibig sabihin ng Ang outdoor market.?,장외시장,장외시장,True,금융시장·거래,,1.0,1.0,1.0,0,,0,
KO-FIN-02942,재담보 처리 절차를 확인하고 싶습니다.,Gusto kong suriin ang proseso ng pagproseso.,재담보,재담보,True,증권·예탁,,0.0,1.0,0.0,0,재담보,50,재담보
KO-FIN-02945,재발행이 무엇인지 설명해 주세요.,Ipaliwanag kung ano ang Pag-reboot.,재발행,재발행,True,증권·예탁,,1.0,1.0,1.0,0,,40,재발행
KO-FIN-02949,재정가격결정이론이 무엇을 의미하나요?,Ano ang ibig sabihin ng Ang mga desisyon sa presyo ng pananalapi ay?,재정가격결정이론,재정가격결정이론,True,금융시장·거래,자산운용·투자 / 대출,1.0,1.0,1.0,0,,20,재정가격결정이론
KO-FIN-02954,재투자수익률을 고려할 때 어떤 위험을 확인해야 하나요?,Ano ang mga panganib na dapat mong malaman kapag isinasaalang-alang ang Ang rate ng pagbabalik ng puhunan?,재투자수익률,재투자수익률,True,자산운용·투자,주식,1.0,1.0,1.0,0,,20,재투자수익률
KO-FIN-02963,재투자위험과 관련된 투자 정보를 확인하고 싶습니다.,Gusto kong suriin ang impormasyon ng pamumuhunan na nauugnay sa Ang panganib ng muling pamumuhunan.,재투자위험,재투자위험,True,자산운용·투자,신용·리스크 / 대출,1.0,1.0,1.0,0,,0,
KO-FIN-02966,저당권과 관련된 금리와 비용을 확인하고 싶습니다.,Gusto kong suriin ang mga interes at gastos na nauugnay sa Karapatan.,저당권,저당권,True,부동산금융,채권,1.0,1.0,1.0,0,,20,저당권
KO-FIN-02967,저당권을 이용할 때 필요한 서류는 무엇인가요?,Anong mga dokumento ang kailanganin kapag gumagamit ka ng Karapatan?,저당권,저당권,True,부동산금융,채권,1.0,1.0,1.0,0,,20,저당권
KO-FIN-02969,저당대출담보부채권이 무엇인지 설명해 주세요.,Ipaliwanag kung ano ang Ang mga utang sa pag-aalis ng mga tao.,저당대출담보부채권,저당대출담보부채권,True,채권,대출 / 부동산금융,1.0,1.0,1.0,0,,40,저당대출담보부채권
KO-FIN-02974,저당대출원리금이체채권을 이용하려면 어떻게 해야 하나요?,Paano ko gagamitin ang Ang mga ito ay ang mga ito ay ang mga ito ay ang mga ito?,저당대출원리금이체채권,저당대출원리금이체채권,True,이체,대출 / 채권 / 부동산금융 / 자산운용·투자,1.0,1.0,1.0,0,,40,저당대출원리금이체채권
KO-FIN-02976,저당대출원리금이체채권을 진행하기 전에 입력한 정보를 다시 확인해 주세요.,Mangyaring suriin muli ang iyong nai-type bago magpatuloy.,저당대출원리금이체채권,저당대출원리금이체채권,True,이체,대출 / 채권 / 부동산금융 / 자산운용·투자,0.0,1.0,0.0,0,저당대출원리금이체채권,40,저당대출원리금이체채권
KO-FIN-02977,적격증권이 무엇인지 설명해 주세요.,Ipaliwanag kung ano ang Mga sertipiko ng kakayahan.,적격증권,적격증권,True,증권·예탁,,1.0,1.0,1.0,0,,0,
KO-FIN-02983,전량결제 과정에서 문제가 발생한 것 같습니다.,Mukhang may problema sa Pag-aalis ng kuryente.,전량결제,전량결제,True,지급결제·청산,금융시장·거래,1.0,1.0,1.0,0,,40,전량결제
KO-FIN-02986,전미증권업협회 처리 절차를 확인하고 싶습니다.,Gusto kong suriin ang proseso ng pagproseso.,전미증권업협회,전미증권업협회,True,증권·예탁,금융시장·거래,0.0,1.0,0.0,0,전미증권업협회,40,전미증권업협회
KO-FIN-02990,전업주의 처리 절차를 확인하고 싶습니다.,Gusto kong suriin ang proseso ng pagproseso.,전업주의,전업주의,True,증권·예탁,금융기관·은행 / 대출,0.0,1.0,0.0,0,전업주의,40,전업주의
KO-FIN-02995,전자공시제도 때문에 추가로 확인해야 할 사항이 있나요?,Mayroon bang karagdagang mga bagay na dapat kong suriin dahil sa Ang mga elektronikong pampublikong sistema?,전자공시제도,전자공시제도,True,금융법규·감독,,1.0,1.0,1.0,0,,0,
KO-FIN-02996,전자공시제도의 적용 범위는 관련 법령과 규정에 따라 달라질 수 있습니다.,Ang saklaw ng Ang mga elektronikong pampublikong sistema ay maaaring mag-iiba depende sa mga kaugnay na batas at regulasyon.,전자공시제도,전자공시제도,True,금융법규·감독,,1.0,1.0,1.0,0,,0,
KO-FIN-02997,전자매매확인이 무엇을 의미하나요?,Ano ang ibig sabihin ng Nakumpirma ang pagbebenta.?,전자매매확인,전자매매확인,True,금융시장·거래,,1.0,1.0,1.0,0,,40,전자매매확인
KO-FIN-03002,전자자금이체제도를 이용하려면 어떻게 해야 하나요?,Paano ko gagamitin ang Ang sistema ng e-money ay?,전자자금이체제도,전자자금이체제도,True,이체,지급결제·청산,1.0,1.0,1.0,0,,40,전자자금이체제도
KO-FIN-03005,전자증권이 무엇인지 설명해 주세요.,Ipaliwanag kung ano ang E-ticket.,전자증권,전자증권,True,증권·예탁,,1.0,1.0,1.0,0,,20,전자증권
KO-FIN-03010,전환사채의 조건과 수익 구조를 확인하고 싶습니다.,Gusto kong suriin ang mga kondisyon at istraktura ng kita ng Mga kondisyon ng paglipat.,전환사채,전환사채,True,채권,,1.0,1.0,1.0,0,,40,전환사채
KO-FIN-03014,전환신주이자와 관련된 정보를 확인하고 싶습니다.,Gusto kong suriin ang impormasyon tungkol sa Siya ay isang transformer..,전환신주이자,전환신주이자,True,주식,채권,1.0,1.0,1.0,0,,40,전환신주이자
KO-FIN-03017,전환주식이 무엇인지 설명해 주세요.,Ipaliwanag kung ano ang Pagbabago ng stock.,전환주식,전환주식,True,주식,,1.0,1.0,1.0,0,,40,전환주식
KO-FIN-03021,전환청구권이 무엇인지 설명해 주세요.,Ipaliwanag kung ano ang Mga karapatan sa paglipat.,전환청구권,전환청구권,True,증권·예탁,,1.0,1.0,1.0,0,,40,전환청구권
KO-FIN-03026,점두매매와 관련된 시장 정보를 확인하고 싶습니다.,Gusto kong suriin ang impormasyon ng merkado na nauugnay sa Ang pag-aabang..,점두매매,점두매매,True,금융시장·거래,,1.0,1.0,1.0,0,,40,점두매매
KO-FIN-03032,점유의 적용 여부는 계약 내용과 관련 법령을 확인해야 합니다.,Dapat mong suriin ang nilalaman ng Pag-aari at ang mga kaugnay na batas.,점유;계약,점유,True,법률·계약,주식,0.5,1.0,0.5,0,계약,50,점유;계약
KO-FIN-03033,점유개정형 repo이 무엇인지 설명해 주세요.,Ipaliwanag kung ano ang Repo ng pag-aari.,점유개정형 repo,점유개정형 repo,True,증권·예탁,금융시장·거래,1.0,1.0,1.0,0,,40,점유개정형 repo
KO-FIN-03037,정시상환이 무엇인지 설명해 주세요.,Ipaliwanag kung ano ang Pagbabago ng oras..,정시상환,정시상환,True,채권,,1.0,1.0,1.0,0,,40,정시상환
KO-FIN-03042,정크본드의 조건과 수익 구조를 확인하고 싶습니다.,Gusto kong suriin ang mga kondisyon at istraktura ng kita ng Ang Junk Bond..,정크본드,정크본드,True,채권,,1.0,1.0,1.0,0,,50,정크본드
KO-FIN-03045,제3시장이 무엇을 의미하나요?,Ano ang ibig sabihin ng Ang ikatlong merkado.?,제3시장,제3시장,True,금융시장·거래,,1.0,1.0,1.0,0,,40,제3시장
KO-FIN-03049,제4시장이 무엇을 의미하나요?,Ano ang ibig sabihin ng Ang ikaapat na merkado.?,제4시장,제4시장,True,금융시장·거래,,1.0,1.0,1.0,0,,40,제4시장
KO-FIN-03053,제권판결이 금융거래에서 무엇을 의미하나요?,Ano ang ibig sabihin ng Ang Paghatol ng Karapatan sa pananalapi?,제권판결,제권판결,True,법률·계약,증권·예탁,1.0,1.0,1.0,0,,40,제권판결
KO-FIN-03060,제로베타 포트폴리오의 결과는 사용한 가정과 시장 데이터에 따라 달라질 수 있습니다.,Ang mga resulta ng Ang Jerobeta Portfolio ay maaaring mag-iiba depende sa mga pinag-aasang data at merkado na ginamit.,제로베타 포트폴리오,제로베타 포트폴리오,True,금융공학·분석,자산운용·투자,1.0,1.0,1.0,0,,0,
KO-FIN-03062,제로쿠폰채의 조건과 수익 구조를 확인하고 싶습니다.,Gusto kong suriin ang mga kondisyon at istraktura ng kita ng Walang kupon..,제로쿠폰채,제로쿠폰채,True,채권,,1.0,1.0,1.0,0,,40,제로쿠폰채
KO-FIN-03066,조건부보관계좌는 어디에서 확인할 수 있나요?,Saan ko malalaman ang Mga account ng kondisyunal na pangangalaga?,조건부보관계좌,조건부보관계좌,True,계좌,대출,1.0,1.0,1.0,0,,0,
KO-FIN-03070,종업원지주제도와 관련된 정보를 확인하고 싶습니다.,Gusto kong suriin ang impormasyon tungkol sa Ang sistema ng suporta sa empleyado..,종업원지주제도,종업원지주제도,True,주식,,1.0,1.0,1.0,0,,40,종업원지주제도
KO-FIN-03075,종합주가지수와 관련해 투자 전에 확인해야 할 사항이 있나요?,Mayroon bang mga bagay na dapat mong suriin bago mamuhunan tungkol sa Ang kabuuan ng mga factor.?,종합주가지수,종합주가지수,True,주식,금융시장·거래,1.0,1.0,1.0,0,,40,종합주가지수
KO-FIN-03077,주가수익비율이 무엇인지 설명해 주세요.,Ipaliwanag kung ano ang Mga rate ng kita sa mga shareholder.,주가수익비율,주가수익비율,True,주식,,1.0,1.0,1.0,0,,20,주가수익비율
KO-FIN-03081,주가이동평균선이 무엇인지 설명해 주세요.,Ipaliwanag kung ano ang Ang timog-kanlurang equator.,주가이동평균선,주가이동평균선,True,주식,,1.0,1.0,1.0,0,,40,주가이동평균선
KO-FIN-03087,주가지수와 관련해 투자 전에 확인해야 할 사항이 있나요?,Mayroon bang mga bagay na dapat mong suriin bago mamuhunan tungkol sa Pinakamainam.?,주가지수,주가지수,True,주식,,1.0,1.0,1.0,0,,40,주가지수
KO-FIN-03090,주가지수선물거래와 관련된 시장 정보를 확인하고 싶습니다.,Gusto kong suriin ang impormasyon ng merkado na nauugnay sa Pagbebenta ng stock options.,주가지수선물거래,주가지수선물거래,True,금융시장·거래,주식 / 파생상품,1.0,1.0,1.0,0,,40,주가지수선물거래
KO-FIN-03093,주가평균이 무엇인지 설명해 주세요.,Ipaliwanag kung ano ang Ang mga estado ay ang average.,주가평균,주가평균,True,주식,,1.0,1.0,1.0,0,,20,주가평균
KO-FIN-03100,주간사회사의 세부 조건과 절차는 거래 유형에 따라 달라질 수 있습니다.,Ang mga detalyadong kondisyon at pamamaraan ng Mga Linggo ng Panlipunan ay maaaring mag-iiba depende sa uri ng transaksyon.,주간사회사,주간사회사,True,기업금융·자본조달,증권·예탁,1.0,1.0,1.0,0,,20,주간사회사
KO-FIN-03101,주권이 무엇인지 설명해 주세요.,Ipaliwanag kung ano ang Soberanya.,주권,주권,True,주식,,1.0,1.0,1.0,0,,30,주권
KO-FIN-03106,주권계속예탁제도 처리 절차를 확인하고 싶습니다.,Gusto kong suriin ang proseso ng pagproseso.,주권계속예탁제도,주권계속예탁제도,True,증권·예탁,주식,0.0,1.0,0.0,0,주권계속예탁제도,40,주권계속예탁제도
KO-FIN-03111,주권기번호와 관련해 투자 전에 확인해야 할 사항이 있나요?,Mayroon bang mga bagay na dapat mong suriin bago mamuhunan tungkol sa Mga numero ng pamamahala?,주권기번호,주권기번호,True,주식,증권·예탁,1.0,1.0,1.0,0,,20,주권기번호
KO-FIN-03115,주권불소지와 관련해 투자 전에 확인해야 할 사항이 있나요?,Mayroon bang mga bagay na dapat mong suriin bago mamuhunan tungkol sa Pag-aakusahan ng Soberanyo?,주권불소지,주권불소지,True,주식,,1.0,1.0,1.0,0,,20,주권불소지
KO-FIN-03117,주권수령증이 무엇인지 설명해 주세요.,Ipaliwanag kung ano ang Pagmamay-ari.,주권수령증,주권수령증,True,주식,,1.0,1.0,1.0,0,,40,주권수령증
KO-FIN-03122,주당 순자산가치의 조건과 수익 구조를 확인하고 싶습니다.,Gusto kong suriin ang mga kondisyon at istraktura ng kita ng Ang halaga ng puhunan sa bawat tao.,주당 순자산가치,주당 순자산가치,True,채권,,1.0,1.0,1.0,0,,20,주당 순자산가치
KO-FIN-03125,주당순이익이 무엇인지 설명해 주세요.,Ipaliwanag kung ano ang Ang bawat linggo ay may gantimpala..,주당순이익,주당순이익,True,주식,,1.0,1.0,1.0,0,,40,주당순이익
KO-FIN-03129,주당순자산비율이 무엇인지 설명해 주세요.,Ipaliwanag kung ano ang Per capita na net asset ratio.,주당순자산비율,주당순자산비율,True,주식,,1.0,1.0,1.0,0,,0,
KO-FIN-03133,주식매수청구권이 무엇인지 설명해 주세요.,Ipaliwanag kung ano ang Mga karapatan sa pagbili at pagbebenta.,주식매수청구권,주식매수청구권,True,주식,금융시장·거래,1.0,1.0,1.0,0,,40,주식매수청구권
KO-FIN-03137,주식발행차액이 무엇인지 설명해 주세요.,Ipaliwanag kung ano ang Ang halaga ng pautang.,주식발행차액,주식발행차액,True,주식,기업금융·자본조달,1.0,1.0,1.0,0,,40,주식발행차액
KO-FIN-03141,주식배당이 무엇인지 설명해 주세요.,Ipaliwanag kung ano ang Ang mga shareholder.,주식배당,주식배당,True,주식,,1.0,1.0,1.0,0,,40,주식배당
KO-FIN-03147,주식배당예고제와 관련해 투자 전에 확인해야 할 사항이 있나요?,Mayroon bang mga bagay na dapat mong suriin bago mamuhunan tungkol sa Pag-iipon ng stock.?,주식배당예고제,주식배당예고제,True,주식,,1.0,1.0,1.0,0,,40,주식배당예고제
KO-FIN-03149,주식병합이 무엇인지 설명해 주세요.,Ipaliwanag kung ano ang Ang mga stock corporation.,주식병합,주식병합,True,주식,금융시장·거래,1.0,1.0,1.0,0,,0,
KO-FIN-03153,주식분할이 무엇인지 설명해 주세요.,Ipaliwanag kung ano ang Magbahagi ng mga stock..,주식분할,주식분할,True,주식,,1.0,1.0,1.0,0,,40,주식분할
KO-FIN-03157,주식소각이 무엇인지 설명해 주세요.,Ipaliwanag kung ano ang Ang pag-sign up ng mga stock.,주식소각,주식소각,True,주식,,1.0,1.0,1.0,0,,20,주식소각
KO-FIN-03161,주식스왑이 무엇인지 쉽게 설명해 주세요.,Ipaliwanag mo kung ano ang Ang stock market..,주식스왑,주식스왑,True,파생상품,주식 / 자산운용·투자,1.0,1.0,1.0,0,,20,주식스왑
KO-FIN-03167,주식의 공유와 관련해 투자 전에 확인해야 할 사항이 있나요?,Mayroon bang mga bagay na dapat mong suriin bago mamuhunan tungkol sa Ang pagbabahagi ng stock?,주식의 공유,주식의 공유,True,주식,,1.0,1.0,1.0,0,,40,주식의 공유
KO-FIN-03169,주식청약이 무엇인지 설명해 주세요.,Ipaliwanag kung ano ang Ang mga stock cleaning.,주식청약,주식청약,True,주식,,1.0,1.0,1.0,0,,40,주식청약
KO-FIN-03175,주식형투자신탁에 가입하기 전에 어떤 점을 확인해야 하나요?,Ano ang dapat mong suriin bago sumali sa Ang stock investment trust.?,주식형투자신탁,주식형투자신탁,True,펀드·신탁,자산운용·투자 / 주식,1.0,1.0,1.0,0,,0,
KO-FIN-03178,주주와 관련된 정보를 확인하고 싶습니다.,Gusto kong suriin ang impormasyon tungkol sa Ang mga shareholder.,주주,주주,True,주식,,1.0,1.0,1.0,0,,30,주주
KO-FIN-03181,주주권이 무엇인지 설명해 주세요.,Ipaliwanag kung ano ang Soberanyo.,주주권,주주권,True,주식,,1.0,1.0,1.0,0,,0,
KO-FIN-03187,주주명부와 관련해 투자 전에 확인해야 할 사항이 있나요?,Mayroon bang mga bagay na dapat mong suriin bago mamuhunan tungkol sa Pangalan ng nagmamay-ari?,주주명부,주주명부,True,주식,법률·계약,1.0,1.0,1.0,0,,40,주주명부
KO-FIN-03191,주주명부폐쇄와 관련해 투자 전에 확인해야 할 사항이 있나요?,Mayroon bang mga bagay na dapat mong suriin bago mamuhunan tungkol sa Ang mga may-ari ng mga pangalan ng pag-aalis?,주주명부폐쇄,주주명부폐쇄,True,주식,채권,1.0,1.0,1.0,0,,40,주주명부폐쇄
KO-FIN-03193,주주명부폐쇄기간이 무엇인지 설명해 주세요.,Ipaliwanag kung ano ang Panahon ng pag-iwas sa pagmamay-ari.,주주명부폐쇄기간,주주명부폐쇄기간,True,주식,채권,1.0,1.0,1.0,0,,40,주주명부폐쇄기간
KO-FIN-03197,주주명부폐쇄기준일이 무엇인지 설명해 주세요.,Ipaliwanag kung ano ang Ang mga may-ari ng bahay ay handa na sa pagtatapos..,주주명부폐쇄기준일,주주명부폐쇄기준일,True,주식,증권·예탁,1.0,1.0,1.0,0,,40,주주명부폐쇄기준일
KO-FIN-03202,주주제안제도와 관련된 정보를 확인하고 싶습니다.,Gusto kong suriin ang impormasyon tungkol sa Ang mga shareholder na plano.,주주제안제도,주주제안제도,True,주식,,1.0,1.0,1.0,0,,20,주주제안제도
KO-FIN-03205,주주총회 참석장이 무엇인지 설명해 주세요.,Ipaliwanag kung ano ang Pangulo ng Kapulungan ng mga Shareholder.,주주총회 참석장,주주총회 참석장,True,주식,,1.0,1.0,1.0,0,,0,
KO-FIN-03211,주주총회와 관련해 투자 전에 확인해야 할 사항이 있나요?,Mayroon bang mga bagay na dapat mong suriin bago mamuhunan tungkol sa Kapulungan ng mga Shareholder?,주주총회,주주총회,True,주식,금융법규·감독 / 회계·재무,1.0,1.0,1.0,0,,0,
KO-FIN-03213,주주평등의 원칙이 무엇인지 설명해 주세요.,Ipaliwanag kung ano ang Prinsipyo ng Kapantay-pantay ng Shareholder.,주주평등의 원칙,주주평등의 원칙,True,주식,,1.0,1.0,1.0,0,,0,
KO-FIN-03218,준공유 처리 절차를 확인하고 싶습니다.,Gusto kong suriin ang proseso ng pagproseso.,준공유,준공유,True,증권·예탁,법률·계약 / 금융법규·감독 / 주식,0.0,1.0,0.0,0,준공유,40,준공유
KO-FIN-03221,준비금의 자본전입이 무엇인지 설명해 주세요.,Ipaliwanag kung ano ang Mga kapital na paglipat ng reserve.,준비금의 자본전입,준비금의 자본전입,True,주식,,1.0,1.0,1.0,0,,20,준비금의 자본전입
KO-FIN-03228,준점유의 적용 여부는 계약 내용과 관련 법령을 확인해야 합니다.,Dapat mong suriin ang nilalaman ng Pag-aari at ang mga kaugnay na batas.,준점유;계약,준점유,True,법률·계약,예금상품,0.5,1.0,0.5,0,계약,30,준점유;계약
KO-FIN-03229,준회원이 무엇을 의미하나요?,Ano ang ibig sabihin ng Deputy Pangulo?,준회원,준회원,True,금융시장·거래,,1.0,1.0,1.0,0,,20,준회원
KO-FIN-03234,중·동유럽 중앙예탁기관협의회 처리 절차를 확인하고 싶습니다.,Gusto kong suriin ang proseso ng pagproseso.,중·동유럽 중앙예탁기관협의회,중·동유럽 중앙예탁기관협의회,True,증권·예탁,,0.0,1.0,0.0,0,중·동유럽 중앙예탁기관협의회,0,
KO-FIN-03237,중간배당이 무엇인지 설명해 주세요.,Ipaliwanag kung ano ang Ang katamtamang bahagi.,중간배당,중간배당,True,주식,,1.0,1.0,1.0,0,,20,중간배당
KO-FIN-03244,중개회사를 확인할 때 시장 상황과 거래 조건을 함께 살펴보세요.,"Kapag sinusuri mo ang Mga broker., suriin ang mga sitwasyon sa merkado at ang mga kondisyon ng kalakalan.",중개회사,중개회사,True,금융시장·거래,증권·예탁,1.0,1.0,1.0,0,,40,중개회사
KO-FIN-03245,증거금이 무엇인지 쉽게 설명해 주세요.,Ipaliwanag mo kung ano ang Mga ebidensiya.,증거금,증거금,True,파생상품,,1.0,1.0,1.0,0,,0,
KO-FIN-03249,증거증권이 무엇인지 설명해 주세요.,Ipaliwanag kung ano ang Mga katibayan.,증거증권,증거증권,True,증권·예탁,,1.0,1.0,1.0,0,,0,
KO-FIN-03254,증권·대금 동시결제 처리 절차를 확인하고 싶습니다.,Gusto kong suriin ang proseso ng pagproseso.,증권·대금 동시결제,증권·대금 동시결제,True,증권·예탁,지급결제·청산,0.0,1.0,0.0,0,증권·대금 동시결제,20,증권·대금 동시결제
KO-FIN-03257,증권거래법이 무엇인지 설명해 주세요.,Ipaliwanag kung ano ang Batas sa Stock Exchange.,증권거래법,증권거래법,True,증권·예탁,금융시장·거래,1.0,1.0,1.0,0,,0,
KO-FIN-03262,증권거래세와 관련된 시장 정보를 확인하고 싶습니다.,Gusto kong suriin ang impormasyon ng merkado na nauugnay sa Ito ay sa stock market..,증권거래세,증권거래세,True,금융시장·거래,증권·예탁,1.0,1.0,1.0,0,,50,증권거래세
KO-FIN-03265,증권거래준비금이 무엇인지 설명해 주세요.,Ipaliwanag kung ano ang Ang mga stock exchange reserve..,증권거래준비금,증권거래준비금,True,증권·예탁,금융시장·거래,1.0,1.0,1.0,0,,20,증권거래준비금
KO-FIN-03269,증권공동 온라인시스템이 무엇인지 설명해 주세요.,Ipaliwanag kung ano ang Ang stock exchange online na sistema.,증권공동 온라인시스템,증권공동 온라인시스템,True,증권·예탁,자산운용·투자,1.0,1.0,1.0,0,,0,
KO-FIN-03273,증권금융이 무엇인지 설명해 주세요.,Ipaliwanag kung ano ang Pinansiyal na securities.,증권금융,증권금융,True,증권·예탁,대출 / 금융시장·거래,1.0,1.0,1.0,0,,20,증권금융
KO-FIN-03277,증권담보금융이 무엇인지 설명해 주세요.,Ipaliwanag kung ano ang Pinansiyal na securities..,증권담보금융,증권담보금융,True,증권·예탁,자산운용·투자,1.0,1.0,1.0,0,,20,증권담보금융
KO-FIN-03282,증권대위 처리 절차를 확인하고 싶습니다.,Gusto kong suriin ang proseso ng pagproseso.,증권대위,증권대위,True,증권·예탁,법률·계약 / 자산운용·투자,0.0,1.0,0.0,0,증권대위,40,증권대위
KO-FIN-03286,증권대차제도 처리 절차를 확인하고 싶습니다.,Gusto kong suriin ang proseso ng pagproseso.,증권대차제도,증권대차제도,True,증권·예탁,,0.0,1.0,0.0,0,증권대차제도,20,증권대차제도
KO-FIN-03290,증권대행업무 처리 절차를 확인하고 싶습니다.,Gusto kong suriin ang proseso ng pagproseso.,증권대행업무,증권대행업무,True,증권·예탁,,0.0,1.0,0.0,0,증권대행업무,20,증권대행업무
KO-FIN-03294,증권분석사 처리 절차를 확인하고 싶습니다.,Gusto kong suriin ang proseso ng pagproseso.,증권분석사,증권분석사,True,증권·예탁,자산운용·투자,0.0,1.0,0.0,0,증권분석사,20,증권분석사
KO-FIN-03298,증권선물위원회 처리 절차를 확인하고 싶습니다.,Gusto kong suriin ang proseso ng pagproseso.,증권선물위원회,증권선물위원회,True,증권·예탁,파생상품 / 금융법규·감독,0.0,1.0,0.0,0,증권선물위원회,40,증권선물위원회
KO-FIN-03301,증권시장이 무엇을 의미하나요?,Ano ang ibig sabihin ng Ang stock market?,증권시장,증권시장,True,금융시장·거래,증권·예탁 / 자산운용·투자,1.0,1.0,1.0,0,,20,증권시장
KO-FIN-03305,증권시장선이 무엇인지 설명해 주세요.,Ipaliwanag kung ano ang Ang merkado ng stock.,증권시장선,증권시장선,True,증권·예탁,금융시장·거래 / 자산운용·투자,1.0,1.0,1.0,0,,20,증권시장선
KO-FIN-03309,증권예탁원이 무엇인지 설명해 주세요.,Ipaliwanag kung ano ang Mga tagapagtanggol ng securities.,증권예탁원,증권예탁원,True,증권·예탁,,1.0,1.0,1.0,0,,20,증권예탁원
KO-FIN-03314,증권용지 관리번호 처리 절차를 확인하고 싶습니다.,Gusto kong suriin ang proseso ng pagproseso.,증권용지 관리번호,증권용지 관리번호,True,증권·예탁,,0.0,1.0,0.0,0,증권용지 관리번호,0,
KO-FIN-03317,증권유통금융이 무엇인지 설명해 주세요.,Ipaliwanag kung ano ang Pagpapalitan ng securities.,증권유통금융,증권유통금융,True,증권·예탁,대출 / 지급결제·청산 / 금융시장·거래 / 주식,1.0,1.0,1.0,0,,20,증권유통금융
KO-FIN-03321,증권인수금융이 무엇인지 설명해 주세요.,Ipaliwanag kung ano ang Pagpapalitan ng securities.,증권인수금융,증권인수금융,True,증권·예탁,기업금융·자본조달 / 주식,1.0,1.0,1.0,0,,20,증권인수금융
KO-FIN-03326,증권자본주의 처리 절차를 확인하고 싶습니다.,Gusto kong suriin ang proseso ng pagproseso.,증권자본주의,증권자본주의,True,증권·예탁,,0.0,1.0,0.0,0,증권자본주의,0,
KO-FIN-03331,증권투자신탁에 가입하기 전에 어떤 점을 확인해야 하나요?,Ano ang dapat mong suriin bago sumali sa Pag-iimbestigahan sa securities.?,증권투자신탁,증권투자신탁,True,펀드·신탁,증권·예탁 / 자산운용·투자,1.0,1.0,1.0,0,,20,증권투자신탁
KO-FIN-03333,증권특성선이 무엇인지 설명해 주세요.,Ipaliwanag kung ano ang Mga katangian ng securities.,증권특성선,증권특성선,True,증권·예탁,,1.0,1.0,1.0,0,,0,
KO-FIN-03337,증권화 현상이 무엇인지 설명해 주세요.,Ipaliwanag kung ano ang Pangyayari ng securitization.,증권화 현상,증권화 현상,True,증권·예탁,,1.0,1.0,1.0,0,,0,
KO-FIN-03343,증권회사 역외펀드에 가입하기 전에 어떤 점을 확인해야 하나요?,Ano ang dapat mong suriin bago sumali sa Ang mga stock brokerage outsourcing pondo?,증권회사 역외펀드,증권회사 역외펀드,True,펀드·신탁,증권·예탁 / 국제금융,1.0,1.0,1.0,0,,40,증권회사 역외펀드
KO-FIN-03346,증자와 관련된 정보를 확인하고 싶습니다.,Gusto kong suriin ang impormasyon tungkol sa Mga saksi.,증자,증자,True,주식,,1.0,1.0,1.0,0,,50,증자
KO-FIN-03350,지방채의 적용 기준을 알려주세요.,Ipaalam sa akin ang mga pamantayan ng Ang mga taba.,지방채,지방채,True,세금,,1.0,1.0,1.0,0,,0,
KO-FIN-03352,지방채의 적용 여부는 거래 유형과 세법에 따라 달라질 수 있습니다.,Ang paggamit ng Ang mga taba ay maaaring mag-iiba depende sa uri ng transaksyon at batas sa buwis.,지방채,지방채,True,세금,,1.0,1.0,1.0,0,,0,
KO-FIN-03354,지배주주와 관련된 정보를 확인하고 싶습니다.,Gusto kong suriin ang impormasyon tungkol sa Nagmamay-ari.,지배주주,지배주주,True,주식,,1.0,1.0,1.0,0,,40,지배주주
KO-FIN-03357,지분권이 무엇인지 설명해 주세요.,Ipaliwanag kung ano ang Mga pananagutan.,지분권,지분권,True,증권·예탁,법률·계약,1.0,1.0,1.0,0,,40,지분권
KO-FIN-03361,지분법이 무엇인지 설명해 주세요.,Ipaliwanag kung ano ang Mga Batas ng Paghahati.,지분법,지분법,True,주식,,1.0,1.0,1.0,0,,0,
KO-FIN-03367,지수법과 관련된 내용을 확인하고 싶습니다.,Gusto kong suriin ang tungkol sa Ang pamamaraan ng index,지수법,지수법,True,기타 금융일반,,1.0,1.0,1.0,0,,40,지수법
KO-FIN-03368,지수법의 정확한 의미는 해당 금융거래의 맥락과 함께 확인해야 합니다.,Ang eksaktong kahulugan ng Ang pamamaraan ng index ay dapat patunayan sa konteksto ng kalakalan sa pananalapi.,지수법,지수법,True,기타 금융일반,,1.0,1.0,1.0,0,,40,지수법
KO-FIN-03369,지시증권이 무엇인지 설명해 주세요.,Ipaliwanag kung ano ang Mga sertipiko ng utos.,지시증권,지시증권,True,증권·예탁,금융법규·감독,1.0,1.0,1.0,0,,40,지시증권
KO-FIN-03373,지정가주문이 무엇을 의미하나요?,Ano ang ibig sabihin ng Mga katanungan?,지정가주문,지정가주문,True,금융시장·거래,,1.0,1.0,1.0,0,,40,지정가주문
KO-FIN-03379,지정시점결제시스템 과정에서 문제가 발생한 것 같습니다.,Mukhang may problema sa Pinakamainam na sistema ng pagpapasya..,지정시점결제시스템,지정시점결제시스템,True,지급결제·청산,,1.0,1.0,1.0,0,,20,지정시점결제시스템
KO-FIN-03382,지주회사와 관련된 정보를 확인하고 싶습니다.,Gusto kong suriin ang impormasyon tungkol sa Ang Holding Company.,지주회사,지주회사,True,주식,,1.0,1.0,1.0,0,,0,
KO-FIN-03385,지체보상금이 무엇인지 설명해 주세요.,Ipaliwanag kung ano ang Mga bayad sa pagkaantala.,지체보상금,지체보상금,True,증권·예탁,,1.0,1.0,1.0,0,,40,지체보상금
KO-FIN-03389,직상장이 무엇을 의미하나요?,Ano ang ibig sabihin ng Ang tuwid na posisyon?,직상장,직상장,True,금융시장·거래,,1.0,1.0,1.0,0,,40,직상장
KO-FIN-03395,직접공시 때문에 추가로 확인해야 할 사항이 있나요?,Mayroon bang karagdagang mga bagay na dapat kong suriin dahil sa Pampublikong direktang?,직접공시,직접공시,True,금융법규·감독,금융시장·거래,1.0,1.0,1.0,0,,0,
KO-FIN-03396,직접공시의 적용 범위는 관련 법령과 규정에 따라 달라질 수 있습니다.,Ang saklaw ng Pampublikong direktang ay maaaring mag-iiba depende sa mga kaugnay na batas at regulasyon.,직접공시,직접공시,True,금융법규·감독,금융시장·거래,1.0,1.0,1.0,0,,0,
KO-FIN-03399,직접금융과 관련된 투자 정보를 확인하고 싶습니다.,Gusto kong suriin ang impormasyon ng pamumuhunan na nauugnay sa Direkta na pinansiyal.,직접금융,직접금융,True,자산운용·투자,,1.0,1.0,1.0,0,,0,
KO-FIN-03402,직접발행을 이용하려면 어떤 조건이 필요한가요?,Ano ang mga kundisyon para magamit ang Direct na pag-alis?,직접발행,직접발행,True,기업금융·자본조달,증권·예탁,1.0,1.0,1.0,0,,20,직접발행
KO-FIN-03403,직접발행과 관련된 비용과 절차를 확인하고 싶습니다.,Gusto kong suriin ang mga gastos at pamamaraan na nauugnay sa Direct na pag-alis.,직접발행,직접발행,True,기업금융·자본조달,증권·예탁,1.0,1.0,1.0,0,,20,직접발행
KO-FIN-03406,직접점유 처리 절차를 확인하고 싶습니다.,Gusto kong suriin ang proseso ng pagproseso.,직접점유,직접점유,True,증권·예탁,,0.0,1.0,0.0,0,직접점유,40,직접점유
KO-FIN-03412,직접참가자를 확인할 때 시장 상황과 거래 조건을 함께 살펴보세요.,"Kapag sinusuri mo ang Maging isang direktang kalahok., suriin ang mga kondisyon ng merkado at ang mga kondisyon ng kalakalan.",직접참가자,직접참가자,True,금융시장·거래,,1.0,1.0,1.0,0,,20,직접참가자
KO-FIN-03413,직접청약이 무엇인지 설명해 주세요.,Ipaliwanag kung ano ang Ito ay isang direktang paggamot..,직접청약,직접청약,True,주식,증권·예탁,1.0,1.0,1.0,0,,50,직접청약
KO-FIN-03419,직접투자와 관련된 투자 정보를 확인하고 싶습니다.,Gusto kong suriin ang impormasyon ng pamumuhunan na nauugnay sa Tuwid na pamumuhunan.,직접투자,직접투자,True,자산운용·투자,,1.0,1.0,1.0,0,,20,직접투자
KO-FIN-03421,질권이 금융거래에서 무엇을 의미하나요?,Ano ang ibig sabihin ng Katayuan sa pananalapi?,질권,질권,True,법률·계약,주식 / 채권,1.0,1.0,1.0,0,,70,질권
KO-FIN-03428,질권설정자의 적용 여부는 계약 내용과 관련 법령을 확인해야 합니다.,Dapat mong suriin ang nilalaman ng Mga tagabuo ng kalidad at ang mga kaugnay na batas.,질권설정자;계약,질권설정자,True,법률·계약,,0.5,1.0,0.5,0,계약,40,질권설정자;계약
KO-FIN-03432,질권자의 적용 여부는 계약 내용과 관련 법령을 확인해야 합니다.,Dapat mong suriin ang nilalaman ng Mga tagapagtaguyod at ang mga kaugnay na batas.,질권자;계약,질권자,True,법률·계약,,0.5,1.0,0.5,0,계약,30,질권자;계약
KO-FIN-03434,집단경쟁매매와 관련된 시장 정보를 확인하고 싶습니다.,Gusto kong suriin ang impormasyon ng merkado na nauugnay sa Paglalaro ng grupo.,집단경쟁매매,집단경쟁매매,True,금융시장·거래,,1.0,1.0,1.0,0,,40,집단경쟁매매
KO-FIN-03439,집중결제 과정에서 문제가 발생한 것 같습니다.,Mukhang may problema sa Pagpokus sa mga solusyon.,집중결제,집중결제,True,지급결제·청산,,1.0,1.0,1.0,0,,20,집중결제
KO-FIN-03441,집중예탁이 무엇인지 설명해 주세요.,Ipaliwanag kung ano ang Mag-focus sa pag-aayos.,집중예탁,집중예탁,True,증권·예탁,,1.0,1.0,1.0,0,,20,집중예탁
KO-FIN-03445,차감이 무엇인지 설명해 주세요.,Ipaliwanag kung ano ang Ang pag-iisip..,차감,차감,True,지급결제·청산,,1.0,1.0,1.0,0,,70,차감
KO-FIN-03451,차감결제 과정에서 문제가 발생한 것 같습니다.,Mukhang may problema sa Pag-aayos ng malamig..,차감결제,차감결제,True,지급결제·청산,금융시장·거래,1.0,1.0,1.0,0,,40,차감결제
KO-FIN-03455,차금결제 과정에서 문제가 발생한 것 같습니다.,Mukhang may problema sa Pag-aayos ng pera.,차금결제,차금결제,True,지급결제·청산,금융시장·거래,1.0,1.0,1.0,0,,40,차금결제
KO-FIN-03457,차등배당이 무엇인지 설명해 주세요.,Ipaliwanag kung ano ang Para sa mga kalahok..,차등배당,차등배당,True,주식,,1.0,1.0,1.0,0,,40,차등배당
KO-FIN-03462,차변 대변을 통해 어떤 정보를 확인할 수 있나요?,Anong impormasyon ang maaari mong suriin sa Mga titi sa tabi ng kotse.?,차변 대변,차변 대변,True,회계·재무,,1.0,1.0,1.0,0,,40,차변 대변
KO-FIN-03464,차변 대변은 기준 시점과 작성 기준을 함께 확인해야 합니다.,Ang Mga titi sa tabi ng kotse. ay dapat kumpirmahin kasama ang mga pamantayan ng oras at ang mga pamantayan ng pagsulat.,차변 대변,차변 대변,True,회계·재무,,1.0,1.0,1.0,0,,40,차변 대변
KO-FIN-03466,차변이체 또는 추심시스템을 이용하려면 어떻게 해야 하나요?,Paano ko gagamitin ang Pagbabago ng mga variable o mga sistema ng pag-iingat?,차변이체 또는 추심시스템,차변이체 또는 추심시스템,True,이체,,1.0,1.0,1.0,0,,0,
KO-FIN-03468,차변이체 또는 추심시스템을 진행하기 전에 입력한 정보를 다시 확인해 주세요.,Mangyaring suriin muli ang iyong nai-type bago magpatuloy.,차변이체 또는 추심시스템,차변이체 또는 추심시스템,True,이체,,0.0,1.0,0.0,0,차변이체 또는 추심시스템,0,
KO-FIN-03470,차익거래와 관련된 시장 정보를 확인하고 싶습니다.,Gusto kong suriin ang impormasyon ng merkado na nauugnay sa Magpalit ng tseke..,차익거래,차익거래,True,금융시장·거래,,1.0,1.0,1.0,0,,40,차익거래
KO-FIN-03475,차입매수에 대해 상담받고 싶습니다.,Gusto kong kumunsulta tungkol sa Pagbili at pagbebenta.,차입매수,차입매수,True,대출,금융시장·거래,1.0,1.0,1.0,0,,40,차입매수
KO-FIN-03479,차주와 관련해 투자 전에 확인해야 할 사항이 있나요?,Mayroon bang mga bagay na dapat mong suriin bago mamuhunan tungkol sa Mag-inom ng alak.?,차주,차주,True,주식,,1.0,1.0,1.0,0,,80,차주
KO-FIN-03481,차환이 무엇인지 설명해 주세요.,Ipaliwanag kung ano ang Pagbabago.,차환,차환,True,채권,,1.0,1.0,1.0,0,,70,차환
KO-FIN-03487,참가적우선주와 관련해 투자 전에 확인해야 할 사항이 있나요?,Mayroon bang mga bagay na dapat mong suriin bago mamuhunan tungkol sa Participatory na mga priority?,참가적우선주,참가적우선주,True,주식,,1.0,1.0,1.0,0,,0,
KO-FIN-03489,창고증권이 무엇인지 설명해 주세요.,Ipaliwanag kung ano ang Mga sertipiko ng imbakan.,창고증권,창고증권,True,증권·예탁,,1.0,1.0,1.0,0,,0,
KO-FIN-03495,창립총회와 관련해 투자 전에 확인해야 할 사항이 있나요?,Mayroon bang mga bagay na dapat mong suriin bago mamuhunan tungkol sa Pagtatag ng Kapulungan?,창립총회,창립총회,True,주식,금융법규·감독,1.0,1.0,1.0,0,,40,창립총회
KO-FIN-03499,창업비와 관련해 투자 전에 확인해야 할 사항이 있나요?,Mayroon bang mga bagay na dapat mong suriin bago mamuhunan tungkol sa Mga presyo ng pagsisimula?,창업비,창업비,True,주식,,1.0,1.0,1.0,0,,40,창업비
KO-FIN-03501,채권이 무엇인지 설명해 주세요.,Ipaliwanag kung ano ang Mga utang.,채권,채권,True,채권,자산운용·투자,1.0,1.0,1.0,0,,30,채권
KO-FIN-03506,채권가격지수의 조건과 수익 구조를 확인하고 싶습니다.,Gusto kong suriin ang mga kondisyon at istraktura ng kita ng Ang index ng presyo ng mga bono.,채권가격지수,채권가격지수,True,채권,금융시장·거래,1.0,1.0,1.0,0,,0,
KO-FIN-03510,채권등급평가의 조건과 수익 구조를 확인하고 싶습니다.,Gusto kong suriin ang mga kondisyon at istraktura ng kita ng Mga rating ng utang.,채권등급평가,채권등급평가,True,채권,자산운용·투자,1.0,1.0,1.0,0,,20,채권등급평가
KO-FIN-03514,채권딜러제도의 조건과 수익 구조를 확인하고 싶습니다.,Gusto kong suriin ang mga kondisyon at istraktura ng kita ng Ang mga negosyante ng bono..,채권딜러제도,채권딜러제도,True,채권,금융시장·거래 / 자산운용·투자,1.0,1.0,1.0,0,,40,채권딜러제도
KO-FIN-03517,채권면역전략이 무엇인지 설명해 주세요.,Ipaliwanag kung ano ang Mga diskarte sa mga utang.,채권면역전략,채권면역전략,True,채권,자산운용·투자,1.0,1.0,1.0,0,,20,채권면역전략
KO-FIN-03521,채권상장심사기준이 무엇인지 설명해 주세요.,Ipaliwanag kung ano ang Ang rating ng bond market..,채권상장심사기준,채권상장심사기준,True,채권,금융시장·거래,1.0,1.0,1.0,0,,20,채권상장심사기준
KO-FIN-03525,채권상장폐지기준이 무엇을 의미하나요?,Ano ang ibig sabihin ng Ang mga bond market closures.?,채권상장폐지기준,채권상장폐지기준,True,금융시장·거래,채권,1.0,1.0,1.0,0,,20,채권상장폐지기준
KO-FIN-03530,채권선물거래와 관련된 시장 정보를 확인하고 싶습니다.,Gusto kong suriin ang impormasyon ng merkado na nauugnay sa Pagbebenta ng mga bond option.,채권선물거래,채권선물거래,True,금융시장·거래,채권 / 파생상품,1.0,1.0,1.0,0,,40,채권선물거래
KO-FIN-03533,채권수익률이 무엇인지 설명해 주세요.,Ipaliwanag kung ano ang Mga rate ng kita sa mga bono.,채권수익률,채권수익률,True,채권,,1.0,1.0,1.0,0,,0,
KO-FIN-03538,채권수익률의 기간구조의 조건과 수익 구조를 확인하고 싶습니다.,Gusto kong suriin ang mga kondisyon at istraktura ng kita ng Ang panandaliang istraktura ng mga rate ng kita sa mga bono.,채권수익률의 기간구조,채권수익률의 기간구조,True,채권,,1.0,1.0,1.0,0,,0,
KO-FIN-03542,채권수익률의 위험구조의 조건과 수익 구조를 확인하고 싶습니다.,Gusto kong suriin ang mga kondisyon at istraktura ng kita ng Ang istraktura ng panganib ng mga rate ng kita ng bono.,채권수익률의 위험구조,채권수익률의 위험구조,True,채권,신용·리스크,1.0,1.0,1.0,0,,0,
KO-FIN-03546,채권시가평가제의 조건과 수익 구조를 확인하고 싶습니다.,Gusto kong suriin ang mga kondisyon at istraktura ng kita ng Ang mga bond stock rating.,채권시가평가제,채권시가평가제,True,채권,신용·리스크,1.0,1.0,1.0,0,,40,채권시가평가제
KO-FIN-03549,채권시장안정기금이 무엇인지 설명해 주세요.,Ipaliwanag kung ano ang Ang bond market reinsurance fund.,채권시장안정기금,채권시장안정기금,True,채권,금융시장·거래,1.0,1.0,1.0,0,,0,
KO-FIN-03554,채권양도의 조건과 수익 구조를 확인하고 싶습니다.,Gusto kong suriin ang mga kondisyon at istraktura ng kita ng Ang mga utang ay.,채권양도,채권양도,True,채권,법률·계약,1.0,1.0,1.0,0,,40,채권양도
KO-FIN-03557,채권원리금상환이 무엇인지 설명해 주세요.,Ipaliwanag kung ano ang Pagbabalik ng mga utang.,채권원리금상환,채권원리금상환,True,채권,,1.0,1.0,1.0,0,,40,채권원리금상환
KO-FIN-03562,채무불이행이 금융거래에 어떤 영향을 주나요?,Ano ang epekto nito sa pangangalakal sa pananalapi?,채무불이행,채무불이행,True,신용·리스크,,0.0,1.0,0.0,0,채무불이행,40,채무불이행
KO-FIN-03564,채무불이행은 거래 조건이나 이용 가능 여부에 영향을 줄 수 있습니다.,Ang Pagbabayad ng utang ay maaaring makaapekto sa mga kondisyon ng kalakalan o kung magagamit.,채무불이행,채무불이행,True,신용·리스크,,1.0,1.0,1.0,0,,40,채무불이행
KO-FIN-03567,채무불이행위험을 줄이려면 어떤 점을 확인해야 하나요?,Ano ang dapat kong suriin upang mabawasan ang Mga pagsubok sa pagkalugi?,채무불이행위험,채무불이행위험,True,신용·리스크,,1.0,1.0,1.0,0,,40,채무불이행위험
KO-FIN-03568,채무불이행위험은 거래 조건이나 이용 가능 여부에 영향을 줄 수 있습니다.,Ang Mga pagsubok sa pagkalugi ay maaaring makaapekto sa mga kondisyon ng kalakalan o kung magagamit.,채무불이행위험,채무불이행위험,True,신용·리스크,,1.0,1.0,1.0,0,,40,채무불이행위험
KO-FIN-03569,책임재산이 무엇인지 설명해 주세요.,Ipaliwanag kung ano ang Responsibilidad.,책임재산,책임재산,True,채권,,1.0,1.0,1.0,0,,0,
KO-FIN-03575,청산 과정에서 문제가 발생한 것 같습니다.,Mukhang may problema sa Ang pag-aayos.,청산,청산,True,지급결제·청산,금융시장·거래,1.0,1.0,1.0,0,,70,청산
KO-FIN-03578,청산거래와 관련된 시장 정보를 확인하고 싶습니다.,Gusto kong suriin ang impormasyon ng merkado na nauugnay sa Pag-aayos ng pag-aayos.,청산거래,청산거래,True,금융시장·거래,지급결제·청산,1.0,1.0,1.0,0,,40,청산거래
KO-FIN-03583,청산결제시스템 과정에서 문제가 발생한 것 같습니다.,Mukhang may problema sa Mga sistema ng paglilinis.,청산결제시스템,청산결제시스템,True,지급결제·청산,,1.0,1.0,1.0,0,,20,청산결제시스템
KO-FIN-03585,청산회사가 무엇인지 설명해 주세요.,Ipaliwanag kung ano ang Mga kumpanya ng pagmimina.,청산회사,청산회사,True,지급결제·청산,금융시장·거래,1.0,1.0,1.0,0,,20,청산회사
KO-FIN-03589,청산회원이 무엇인지 설명해 주세요.,Ipaliwanag kung ano ang Ang mga miyembro ng Senado.,청산회원,청산회원,True,지급결제·청산,,1.0,1.0,1.0,0,,40,청산회원
KO-FIN-03593,청약증거금이 무엇인지 쉽게 설명해 주세요.,Ipaliwanag mo kung ano ang Mga dokumento ng kontrata.,청약증거금,청약증거금,True,파생상품,증권·예탁,1.0,1.0,1.0,0,,40,청약증거금
KO-FIN-03597,체결시점매매확인 시스템이 무엇을 의미하나요?,Ano ang ibig sabihin ng Mga sistema ng pagpapatunay ng pagbebenta sa oras ng pag-sign up?,체결시점매매확인 시스템,체결시점매매확인 시스템,True,금융시장·거래,,1.0,1.0,1.0,0,,0,
KO-FIN-03603,체계적 위험을 줄이려면 어떤 점을 확인해야 하나요?,Ano ang dapat kong suriin upang mabawasan ang Isang sistematikong panganib?,체계적 위험,체계적 위험,True,신용·리스크,,1.0,1.0,1.0,0,,0,
KO-FIN-03604,체계적 위험은 거래 조건이나 이용 가능 여부에 영향을 줄 수 있습니다.,Ang Isang sistematikong panganib ay maaaring makaapekto sa mga kondisyon ng kalakalan o kung magagamit.,체계적 위험,체계적 위험,True,신용·리스크,,1.0,1.0,1.0,0,,0,
KO-FIN-03605,초과담보율이 무엇인지 설명해 주세요.,Ipaliwanag kung ano ang Ang rate ng overdosis.,초과담보율,초과담보율,True,증권·예탁,,1.0,1.0,1.0,0,,40,초과담보율
KO-FIN-03610,총계정원장은 어디에서 확인할 수 있나요?,Saan ko malalaman ang Pangkalahatang Pangulo.?,총계정원장,총계정원장,True,계좌,,1.0,1.0,1.0,0,,40,총계정원장
KO-FIN-03611,총계정원장이 정상적으로 표시되지 않습니다.,Ang Pangkalahatang Pangulo. ay hindi normal na nagpapakita.,총계정원장,총계정원장,True,계좌,,1.0,1.0,1.0,0,,40,총계정원장
KO-FIN-03616,총액인수의 세부 조건과 절차는 거래 유형에 따라 달라질 수 있습니다.,Ang mga detalyadong kondisyon at pamamaraan ng Bilang ng mga halaga ay maaaring mag-iiba depende sa uri ng transaksyon.,총액인수,총액인수,True,기업금융·자본조달,,1.0,1.0,1.0,0,,40,총액인수
KO-FIN-03617,총액지급증권이 무엇인지 설명해 주세요.,Ipaliwanag kung ano ang Pangkalahatang halaga ng mga sertipiko.,총액지급증권,총액지급증권,True,증권·예탁,,1.0,1.0,1.0,0,,40,총액지급증권
KO-FIN-03624,총유의 적용 여부는 계약 내용과 관련 법령을 확인해야 합니다.,Dapat mong suriin ang nilalaman ng Ang gasolina ng baril at ang mga kaugnay na batas.,총유;계약,총유,True,법률·계약,,0.5,1.0,0.5,0,계약,50,총유;계약
KO-FIN-03627,최소분산포트폴리오와 관련된 투자 정보를 확인하고 싶습니다.,Gusto kong suriin ang impormasyon ng pamumuhunan na nauugnay sa Minimum na pamamahagi ng portfolio.,최소분산포트폴리오,최소분산포트폴리오,True,자산운용·투자,,1.0,1.0,1.0,0,,0,
KO-FIN-03629,최소증거금이 무엇인지 쉽게 설명해 주세요.,Ipaliwanag mo kung ano ang Minimum na halaga ng ebidensiya.,최소증거금,최소증거금,True,파생상품,금융시장·거래,1.0,1.0,1.0,0,,0,
KO-FIN-03636,최적규모의 정확한 의미는 해당 금융거래의 맥락과 함께 확인해야 합니다.,Ang eksaktong kahulugan ng Ang pinakamainam na sukat ay dapat patunayan sa konteksto ng kalakalan sa pananalapi.,최적규모,최적규모,True,기타 금융일반,,1.0,1.0,1.0,0,,40,최적규모
KO-FIN-03639,최적포트폴리오와 관련된 투자 정보를 확인하고 싶습니다.,Gusto kong suriin ang impormasyon ng pamumuhunan na nauugnay sa Pinakamainam na portfolio.,최적포트폴리오,최적포트폴리오,True,자산운용·투자,,1.0,1.0,1.0,0,,0,
KO-FIN-03643,최종이체 과정에서 문제가 발생한 것 같습니다.,Mukhang may problema sa Ang huling katawan..,최종이체,최종이체,True,지급결제·청산,,1.0,1.0,1.0,0,,40,최종이체
KO-FIN-03645,추가상장이 무엇을 의미하나요?,Ano ang ibig sabihin ng Dagdag na presyo?,추가상장,추가상장,True,금융시장·거래,,1.0,1.0,1.0,0,,40,추가상장
KO-FIN-03651,추가증거금 납부요구 거래에는 어떤 위험이 있나요?,Ano ang mga panganib sa kalakalan?,추가증거금 납부요구,추가증거금 납부요구,True,파생상품,,0.0,1.0,0.0,0,추가증거금 납부요구,20,추가증거금 납부요구
KO-FIN-03653,추가증거금이 무엇인지 쉽게 설명해 주세요.,Ipaliwanag mo kung ano ang Bilang karagdagan sa ebidensiya.,추가증거금,추가증거금,True,파생상품,,1.0,1.0,1.0,0,,20,추가증거금
KO-FIN-03657,추정이익이 금융거래에 어떻게 적용되나요?,Paano ito nalalapat sa pananalapi?,추정이익,추정이익,True,금융법규·감독,,0.0,1.0,0.0,0,추정이익,0,
KO-FIN-03659,추정이익 때문에 추가로 확인해야 할 사항이 있나요?,Mayroon bang karagdagang mga bagay na dapat kong suriin dahil sa Ang mga pagtatantya?,추정이익,추정이익,True,금융법규·감독,,1.0,1.0,1.0,0,,0,
KO-FIN-03664,추정재무제표는 기준 시점과 작성 기준을 함께 확인해야 합니다.,Dapat mong suriin ang Ang mga tinatayang pinansiyal na talaan kasama ang oras ng pagsasaalang-alang at ang mga pamantayan ng pagsulat.,추정재무제표,추정재무제표,True,회계·재무,,1.0,1.0,1.0,0,,0,
KO-FIN-03666,출입직원등록제도 처리 절차를 확인하고 싶습니다.,Gusto kong suriin ang proseso ng pagproseso.,출입직원등록제도,출입직원등록제도,True,증권·예탁,,0.0,1.0,0.0,0,출입직원등록제도,40,출입직원등록제도
KO-FIN-03670,출자 처리 절차를 확인하고 싶습니다.,Gusto kong suriin ang proseso ng pagproseso.,출자,출자,True,증권·예탁,,0.0,1.0,0.0,0,출자,70,출자
KO-FIN-03674,출자인수권을 이용하려면 어떤 조건이 필요한가요?,Ano ang mga kundisyon para magamit ang Karapatan sa Paglabas?,출자인수권,출자인수권,True,기업금융·자본조달,,1.0,1.0,1.0,0,,0,
KO-FIN-03675,출자인수권과 관련된 비용과 절차를 확인하고 싶습니다.,Gusto kong suriin ang mga gastos at pamamaraan na nauugnay sa Karapatan sa Paglabas.,출자인수권,출자인수권,True,기업금융·자본조달,,1.0,1.0,1.0,0,,0,
KO-FIN-03677,출자전환이 무엇인지 설명해 주세요.,Ipaliwanag kung ano ang Pagbabago ng pag-aalis.,출자전환,출자전환,True,주식,,1.0,1.0,1.0,0,,40,출자전환
KO-FIN-03681,출자증권이 무엇인지 설명해 주세요.,Ipaliwanag kung ano ang Mga pasaporte.,출자증권,출자증권,True,증권·예탁,,1.0,1.0,1.0,0,,20,출자증권
KO-FIN-03685,출자총액제한이 무엇인지 설명해 주세요.,Ipaliwanag kung ano ang Mga limitasyon sa halaga ng pera..,출자총액제한,출자총액제한,True,주식,,1.0,1.0,1.0,0,,40,출자총액제한
KO-FIN-03691,충당금과 관련된 내용을 확인하고 싶습니다.,Gusto kong suriin ang tungkol sa Pagbabayad,충당금,충당금,True,기타 금융일반,,1.0,1.0,1.0,0,,40,충당금
KO-FIN-03692,충당금의 정확한 의미는 해당 금융거래의 맥락과 함께 확인해야 합니다.,Ang eksaktong kahulugan ng Pagbabayad ay dapat patunayan sa konteksto ng kalakalan sa pananalapi.,충당금,충당금,True,기타 금융일반,,1.0,1.0,1.0,0,,40,충당금
KO-FIN-03694,충분성을 통해 어떤 정보를 확인할 수 있나요?,Anong impormasyon ang maaari mong suriin sa Sapat na?,충분성,충분성,True,회계·재무,,1.0,1.0,1.0,0,,40,충분성
KO-FIN-03696,충분성은 기준 시점과 작성 기준을 함께 확인해야 합니다.,Ang Sapat na ay dapat kumpirmahin kasama ang mga pamantayan ng oras at ang mga pamantayan ng pagsulat.,충분성,충분성,True,회계·재무,,1.0,1.0,1.0,0,,40,충분성
KO-FIN-03699,카멜레온펀드에 가입하기 전에 어떤 점을 확인해야 하나요?,Ano ang dapat mong suriin bago sumali sa Ang Kameleon Fund.?,카멜레온펀드,카멜레온펀드,True,펀드·신탁,,1.0,1.0,1.0,0,,0,
KO-FIN-03703,컨트리 펀드에 가입하기 전에 어떤 점을 확인해야 하나요?,Ano ang dapat mong suriin bago sumali sa Mga pondo ng bansa?,컨트리 펀드,컨트리 펀드,True,펀드·신탁,증권·예탁,1.0,1.0,1.0,0,,40,컨트리 펀드
KO-FIN-03705,코레스은행에 대해 자세히 알려주세요.,Magbigay ng detalye tungkol sa Ang Kores Bank..,코레스은행,코레스은행,True,해외송금·외환,금융기관·은행,1.0,1.0,1.0,0,,40,코레스은행
KO-FIN-03706,코레스은행을 확인하고 싶습니다.,Gusto kong suriin ang Ang Kores Bank.,코레스은행,코레스은행,True,해외송금·외환,금융기관·은행,1.0,1.0,1.0,0,,40,코레스은행
KO-FIN-03711,코리아유로펀드에 가입하기 전에 어떤 점을 확인해야 하나요?,Ano ang dapat mong suriin bago sumali sa Ang korean euro fund?,코리아유로펀드,코리아유로펀드,True,펀드·신탁,자산운용·투자,1.0,1.0,1.0,0,,0,
KO-FIN-03715,코리아펀드에 가입하기 전에 어떤 점을 확인해야 하나요?,Ano ang dapat mong suriin bago sumali sa Ang Korea Fund?,코리아펀드,코리아펀드,True,펀드·신탁,금융시장·거래 / 증권·예탁,1.0,1.0,1.0,0,,40,코리아펀드
KO-FIN-03717,코스닥 등록법인이 무엇인지 설명해 주세요.,Ipaliwanag kung ano ang Ang Cosstock Registration Act..,코스닥 등록법인,코스닥 등록법인,True,증권·예탁,,1.0,1.0,1.0,0,,0,
KO-FIN-03721,코스닥 등록주식이 무엇인지 설명해 주세요.,Ipaliwanag kung ano ang Ang mga listahan ng mga bahagi ng Cosstock.,코스닥 등록주식,코스닥 등록주식,True,주식,증권·예탁 / 자산운용·투자 / 금융시장·거래,1.0,1.0,1.0,0,,20,코스닥 등록주식
KO-FIN-03725,코스닥이 무엇을 의미하나요?,Ano ang ibig sabihin ng Costock?,코스닥,코스닥,True,금융시장·거래,,1.0,1.0,1.0,0,,0,
KO-FIN-03729,콘탱고가 무엇인지 설명해 주세요.,Ipaliwanag kung ano ang Ang kontango..,콘탱고,콘탱고,True,지급결제·청산,,1.0,1.0,1.0,0,,40,콘탱고
KO-FIN-03736,콜은 심사 결과에 따라 이용 가능 여부가 달라질 수 있습니다.,Ang Si Cole. ay maaaring mag-iba depende sa mga resulta ng pagsusuri.,콜,콜,True,대출,금융기관·은행,1.0,1.0,1.0,0,,30,콜
KO-FIN-03738,콜레이트에서 이용할 수 있는 금융업무는 무엇인가요?,Ano ang mga serbisyo sa pananalapi na magagamit sa Si Collette.?,콜레이트,콜레이트,True,금융기관·은행,,1.0,1.0,1.0,0,,20,콜레이트
KO-FIN-03742,쿠폰부사채의 조건과 수익 구조를 확인하고 싶습니다.,Gusto kong suriin ang mga kondisyon at istraktura ng kita ng Pagbabayad ng kupon.,쿠폰부사채,쿠폰부사채,True,채권,,1.0,1.0,1.0,0,,20,쿠폰부사채
KO-FIN-03747,타이거펀드에 가입하기 전에 어떤 점을 확인해야 하나요?,Ano ang dapat mong suriin bago sumali sa Ang tiger fund?,타이거펀드,타이거펀드,True,펀드·신탁,자산운용·투자,1.0,1.0,1.0,0,,40,타이거펀드
KO-FIN-03749,탈중개화현상이 무엇인지 설명해 주세요.,Ipaliwanag kung ano ang Ang mga pangyayari ng pag-aalis ng timbang.,탈중개화현상,탈중개화현상,True,지급결제·청산,,1.0,1.0,1.0,0,,20,탈중개화현상
KO-FIN-03756,텀론은 심사 결과에 따라 이용 가능 여부가 달라질 수 있습니다.,Ang Tumron. ay maaaring mag-iba depende sa mga resulta ng pagsusuri.,텀론,텀론,True,대출,,1.0,1.0,1.0,0,,30,텀론
KO-FIN-03760,테크노스트럭처의 정확한 의미는 해당 금융거래의 맥락과 함께 확인해야 합니다.,Ang eksaktong kahulugan ng Teknostruktura ay dapat patunayan sa konteksto ng kalakalan sa pananalapi.,테크노스트럭처,테크노스트럭처,True,기타 금융일반,,1.0,1.0,1.0,0,,40,테크노스트럭처
KO-FIN-03764,토론토선물거래소를 확인할 때 시장 상황과 거래 조건을 함께 살펴보세요.,"Kapag sinusuri mo ang Ang Toronto Stock Exchange., suriin ang mga kondisyon ng merkado at ang mga kondisyon ng kalakalan.",토론토선물거래소,토론토선물거래소,True,금융시장·거래,파생상품 / 대출,1.0,1.0,1.0,0,,0,
KO-FIN-03768,토론토증권거래소를 확인할 때 시장 상황과 거래 조건을 함께 살펴보세요.,"Kapag sinusuri mo ang Ang Toronto Stock Exchange., suriin ang mga kondisyon ng merkado at ang mga kondisyon ng kalakalan.",토론토증권거래소,토론토증권거래소,True,금융시장·거래,증권·예탁 / 대출,1.0,1.0,1.0,0,,0,
KO-FIN-03771,토빈의 분리정리와 관련된 투자 정보를 확인하고 싶습니다.,Gusto kong suriin ang impormasyon ng pamumuhunan na nauugnay sa Ang teorya ng paghihiwalay ni Tobin..,토빈의 분리정리,토빈의 분리정리,True,자산운용·투자,,1.0,1.0,1.0,0,,0,
KO-FIN-03774,통일규격유가증권 관리현황보고서 처리 절차를 확인하고 싶습니다.,Gusto kong suriin ang proseso ng pagproseso.,통일규격유가증권 관리현황보고서,통일규격유가증권 관리현황보고서,True,증권·예탁,,0.0,1.0,0.0,0,통일규격유가증권 관리현황보고서,40,통일규격유가증권 관리현황보고서
KO-FIN-03777,통일규격유가증권이 무엇인지 설명해 주세요.,Ipaliwanag kung ano ang Pangkalahatang Boto ng Pag-aari.,통일규격유가증권,통일규격유가증권,True,증권·예탁,,1.0,1.0,1.0,0,,40,통일규격유가증권
KO-FIN-03781,통일상사법이 무엇인지 설명해 주세요.,Ipaliwanag kung ano ang Pangkalahatang Batas.,통일상사법,통일상사법,True,증권·예탁,금융법규·감독,1.0,1.0,1.0,0,,40,통일상사법
KO-FIN-03786,통정매매와 관련된 시장 정보를 확인하고 싶습니다.,Gusto kong suriin ang impormasyon ng merkado na nauugnay sa Pagbebenta ng mga pasahero.,통정매매,통정매매,True,금융시장·거래,증권·예탁,1.0,1.0,1.0,0,,40,통정매매
KO-FIN-03791,통합결제 과정에서 문제가 발생한 것 같습니다.,Mukhang may problema sa Mga solusyon sa pagsasama-sama.,통합결제,통합결제,True,지급결제·청산,,1.0,1.0,1.0,0,,40,통합결제
KO-FIN-03793,통합결제기구협의회가 무엇인지 설명해 주세요.,Ipaliwanag kung ano ang Pangkalahatang Konseho ng Mga Organisasyong Nagtatagpo ng Integrasyon.,통합결제기구협의회,통합결제기구협의회,True,지급결제·청산,,1.0,1.0,1.0,0,,20,통합결제기구협의회
KO-FIN-03798,통합계좌 처리 절차를 확인하고 싶습니다.,Gusto kong suriin ang proseso ng pagproseso.,통합계좌,통합계좌,True,증권·예탁,,0.0,1.0,0.0,0,통합계좌,40,통합계좌
KO-FIN-03801,통화선물이 무엇인지 쉽게 설명해 주세요.,Ipaliwanag mo kung ano ang Mga handog sa salapi.,통화선물,통화선물,True,파생상품,해외송금·외환 / 금융시장·거래,1.0,1.0,1.0,0,,40,통화선물
KO-FIN-03805,통화선물옵션이 무엇인지 쉽게 설명해 주세요.,Ipaliwanag mo kung ano ang Mga pagpipilian sa cash gift.,통화선물옵션,통화선물옵션,True,파생상품,해외송금·외환,1.0,1.0,1.0,0,,40,통화선물옵션
KO-FIN-03809,통화스왑이 무엇인지 쉽게 설명해 주세요.,Ipaliwanag mo kung ano ang Ang tawag ay....,통화스왑,통화스왑,True,파생상품,해외송금·외환,1.0,1.0,1.0,0,,40,통화스왑
KO-FIN-03813,통화안정증권이 무엇인지 설명해 주세요.,Ipaliwanag kung ano ang Mga panuntunan sa pananalapi.,통화안정증권,통화안정증권,True,증권·예탁,,1.0,1.0,1.0,0,,40,통화안정증권
KO-FIN-03817,통화옵션에 대해 자세히 알려주세요.,Magbigay ng detalye tungkol sa Mga pagpipilian sa tawag.,통화옵션,통화옵션,True,해외송금·외환,파생상품,1.0,1.0,1.0,0,,0,
KO-FIN-03818,통화옵션을 확인하고 싶습니다.,Gusto kong suriin ang Mga pagpipilian sa tawag,통화옵션,통화옵션,True,해외송금·외환,파생상품,1.0,1.0,1.0,0,,0,
KO-FIN-03824,통화지표는 운용 결과에 따라 원금 손실이 발생할 수 있습니다.,Ang Mga contact card ay maaaring maging sanhi ng pagkawala ng pondo depende sa mga resulta ng pagpapatakbo.,통화지표,통화지표,True,펀드·신탁,,1.0,1.0,1.0,0,,40,통화지표
KO-FIN-03827,통화채권투자신탁수익증권에 가입하기 전에 어떤 점을 확인해야 하나요?,"Ano ang dapat mong suriin bago sumali sa Mga pautang sa pera, pamumuhunan, pagtitiwala, kapakinabangan.?",통화채권투자신탁수익증권,통화채권투자신탁수익증권,True,펀드·신탁,자산운용·투자,1.0,1.0,1.0,0,,40,통화채권투자신탁수익증권
KO-FIN-03831,투자등록과 관련된 투자 정보를 확인하고 싶습니다.,Gusto kong suriin ang impormasyon ng pamumuhunan na nauugnay sa Mga talaan ng pamumuhunan.,투자등록,투자등록,True,자산운용·투자,금융시장·거래,1.0,1.0,1.0,0,,0,
KO-FIN-03835,투자신탁에 가입하기 전에 어떤 점을 확인해야 하나요?,Ano ang dapat mong suriin bago sumali sa Pananampalataya sa pamumuhunan?,투자신탁,투자신탁,True,펀드·신탁,자산운용·투자,1.0,1.0,1.0,0,,20,투자신탁
KO-FIN-03838,투자신탁협회의 운용 방식과 수수료를 확인하고 싶습니다.,Gusto kong malaman kung paano ito ginagamit at kung ano ang bayad nito.,투자신탁협회,투자신탁협회,True,펀드·신탁,자산운용·투자,0.0,1.0,0.0,0,투자신탁협회,0,
KO-FIN-03843,투자자문업과 관련된 투자 정보를 확인하고 싶습니다.,Gusto kong suriin ang impormasyon ng pamumuhunan na nauugnay sa Mga negosyo ng mamumuhunan.,투자자문업,투자자문업,True,자산운용·투자,,1.0,1.0,1.0,0,,0,
KO-FIN-03847,특별결의와 관련해 투자 전에 확인해야 할 사항이 있나요?,Mayroon bang mga bagay na dapat mong suriin bago mamuhunan tungkol sa Pangkalahatang desisyon?,특별결의,특별결의,True,주식,,1.0,1.0,1.0,0,,40,특별결의
KO-FIN-03852,특별담보물은 심사 결과에 따라 이용 가능 여부가 달라질 수 있습니다.,Ang Pangkalahatang Balita ay maaaring mag-iba depende sa mga resulta ng pagsusuri.,특별담보물,특별담보물,True,대출,,1.0,1.0,1.0,0,,40,특별담보물
KO-FIN-03854,특별인출권과 관련된 거래 조건을 확인하고 싶습니다.,Gusto kong suriin ang mga kondisyon ng transaksyon na nauugnay sa Pangkalahatang Patent.,특별인출권,특별인출권,True,국제금융,,1.0,1.0,1.0,0,,40,특별인출권
KO-FIN-03856,특별인출권과 관련된 거래에서는 국가별 규정과 통화를 함께 확인해야 합니다.,"Sa mga transaksyon na nauugnay sa Pangkalahatang Patent, dapat mong suriin ang mga panuntunan ng bansa at pera.",특별인출권,특별인출권,True,국제금융,,1.0,1.0,1.0,0,,40,특별인출권
KO-FIN-03858,특수채의 조건과 수익 구조를 확인하고 싶습니다.,Gusto kong suriin ang mga kondisyon at istraktura ng kita ng Pangkalahatang utang.,특수채,특수채,True,채권,금융기관·은행,1.0,1.0,1.0,0,,40,특수채
KO-FIN-03861,파생금융상품이 무엇인지 쉽게 설명해 주세요.,Ipaliwanag mo kung ano ang Mga produkto ng derivative sa pananalapi.,파생금융상품,파생금융상품,True,파생상품,금융시장·거래,1.0,1.0,1.0,0,,0,
KO-FIN-03866,파생적예금에 적용되는 금리는 어떻게 되나요?,Ano ang magiging interes sa Ang mga derivative deposit?,파생적예금,파생적예금,True,예금상품,파생상품,1.0,1.0,1.0,0,,20,파생적예금
KO-FIN-03869,파생증권이 무엇인지 설명해 주세요.,Ipaliwanag kung ano ang Mga sertipiko ng pinagmulan.,파생증권,파생증권,True,증권·예탁,파생상품,1.0,1.0,1.0,0,,40,파생증권
KO-FIN-03875,파생통화 거래에는 어떤 위험이 있나요?,Ano ang mga panganib sa kalakalan?,파생통화,파생통화,True,파생상품,,0.0,1.0,0.0,0,파생통화,20,파생통화
KO-FIN-03879,패리티와 관련해 투자 전에 확인해야 할 사항이 있나요?,Mayroon bang mga bagay na dapat mong suriin bago mamuhunan tungkol sa Parity?,패리티,패리티,True,주식,,1.0,1.0,1.0,0,,40,패리티
KO-FIN-03882,팩터와 관련된 시장 정보를 확인하고 싶습니다.,Gusto kong suriin ang impormasyon ng merkado na nauugnay sa Factor.,팩터,팩터,True,금융시장·거래,,1.0,1.0,1.0,0,,70,팩터
KO-FIN-03887,퍼포먼스 펀드에 가입하기 전에 어떤 점을 확인해야 하나요?,Ano ang dapat mong suriin bago sumali sa Ang Performance Fund?,퍼포먼스 펀드,퍼포먼스 펀드,True,펀드·신탁,,1.0,1.0,1.0,0,,40,퍼포먼스 펀드
KO-FIN-03890,펀드매니저의 운용 방식과 수수료를 확인하고 싶습니다.,Gusto kong malaman kung paano ito ginagamit at kung ano ang bayad nito.,펀드매니저,펀드매니저,True,펀드·신탁,,0.0,1.0,0.0,0,펀드매니저,0,
KO-FIN-03893,페니스탁이 무엇을 의미하나요?,Ano ang ibig sabihin ng Ang pinggan ng penis.?,페니스탁,페니스탁,True,금융시장·거래,,1.0,1.0,1.0,0,,40,페니스탁
KO-FIN-03900,펠드스타인이론은 심사 결과에 따라 이용 가능 여부가 달라질 수 있습니다.,Ang Si Feldstein. ay maaaring mag-iba depende sa mga resulta ng pagsusuri.,펠드스타인이론,펠드스타인이론,True,대출,,1.0,1.0,1.0,0,,0,
KO-FIN-03901,평가절하에 대해 자세히 알려주세요.,Magbigay ng detalye tungkol sa Iwasan mo na..,평가절하,평가절하,True,해외송금·외환,,1.0,1.0,1.0,0,,40,평가절하
KO-FIN-03905,폐기증권이 무엇인지 설명해 주세요.,Ipaliwanag kung ano ang Mga sertipiko ng pag-aalis.,폐기증권,폐기증권,True,증권·예탁,,1.0,1.0,1.0,0,,40,폐기증권
KO-FIN-03910,폐쇄식 담보부사채의 조건과 수익 구조를 확인하고 싶습니다.,Gusto kong suriin ang mga kondisyon at istraktura ng kita ng Ang pag-iwan ng mga utang sa bangko.,폐쇄식 담보부사채,폐쇄식 담보부사채,True,채권,,1.0,1.0,1.0,0,,40,폐쇄식 담보부사채
KO-FIN-03915,폐쇄형 투자신탁에 가입하기 전에 어떤 점을 확인해야 하나요?,Ano ang dapat mong suriin bago sumali sa Isang closed-ended investment trust.?,폐쇄형 투자신탁,폐쇄형 투자신탁,True,펀드·신탁,자산운용·투자,1.0,1.0,1.0,0,,40,폐쇄형 투자신탁
KO-FIN-03920,포괄주의는 기준 시점과 작성 기준을 함께 확인해야 합니다.,Dapat mong suriin ang Pagsasama-sama kasama ang mga pamantayan ng oras at mga pamantayan ng pagsulat.,포괄주의,포괄주의,True,회계·재무,,1.0,1.0,1.0,0,,40,포괄주의
KO-FIN-03922,포괄증자와 관련된 정보를 확인하고 싶습니다.,Gusto kong suriin ang impormasyon tungkol sa Ang lahat ng mga saksi.,포괄증자,포괄증자,True,주식,,1.0,1.0,1.0,0,,40,포괄증자
KO-FIN-03925,포뮬러 플랜이 무엇인지 설명해 주세요.,Ipaliwanag kung ano ang Ang plano ng formula.,포뮬러 플랜,포뮬러 플랜,True,주식,,1.0,1.0,1.0,0,,40,포뮬러 플랜
KO-FIN-03930,포스트와 관련된 시장 정보를 확인하고 싶습니다.,Gusto kong suriin ang impormasyon ng merkado na nauugnay sa Nag-post.,포스트,포스트,True,금융시장·거래,,1.0,1.0,1.0,0,,0,
KO-FIN-03935,포트폴리오 관리와 관련된 투자 정보를 확인하고 싶습니다.,Gusto kong suriin ang impormasyon ng pamumuhunan na nauugnay sa Pamamahala ng Portfolio.,포트폴리오 관리,포트폴리오 관리,True,자산운용·투자,,1.0,1.0,1.0,0,,0,
KO-FIN-03939,포트폴리오 선택과 관련된 투자 정보를 확인하고 싶습니다.,Gusto kong suriin ang impormasyon ng pamumuhunan na nauugnay sa Pagpipili ng portfolio.,포트폴리오 선택,포트폴리오 선택,True,자산운용·투자,,1.0,1.0,1.0,0,,0,
KO-FIN-03943,포트폴리오 인슈어런스와 관련된 투자 정보를 확인하고 싶습니다.,Gusto kong suriin ang impormasyon ng pamumuhunan na nauugnay sa Ang Portfolio Insurance.,포트폴리오 인슈어런스,포트폴리오 인슈어런스,True,자산운용·투자,,1.0,1.0,1.0,0,,0,
KO-FIN-03947,폭포효과 거래에는 어떤 위험이 있나요?,Ano ang mga panganib sa kalakalan?,폭포효과,폭포효과,True,파생상품,,0.0,1.0,0.0,0,폭포효과,20,폭포효과
KO-FIN-03949,표면이율이 무엇인지 설명해 주세요.,Ipaliwanag kung ano ang Ang rate ng pag-unlad ng lupa.,표면이율,표면이율,True,채권,,1.0,1.0,1.0,0,,40,표면이율
KO-FIN-03955,풀서비스 브로커와 관련해 투자 전에 확인해야 할 사항이 있나요?,Mayroon bang mga bagay na dapat mong suriin bago mamuhunan tungkol sa Isang Full Service Broker?,풀서비스 브로커,풀서비스 브로커,True,주식,,1.0,1.0,1.0,0,,0,
KO-FIN-03957,풋 옵션이 무엇인지 쉽게 설명해 주세요.,Ipaliwanag mo kung ano ang Mga pagpipilian sa paa.,풋 옵션,풋 옵션,True,파생상품,법률·계약,1.0,1.0,1.0,0,,40,풋 옵션
KO-FIN-03963,풋-콜 패리티와 관련된 투자 정보를 확인하고 싶습니다.,Gusto kong suriin ang impormasyon ng pamumuhunan na nauugnay sa Pagkakapantay ng Foot-Col..,풋-콜 패리티,풋-콜 패리티,True,자산운용·투자,,1.0,1.0,1.0,0,,40,풋-콜 패리티
KO-FIN-03966,프로그램매매와 관련된 시장 정보를 확인하고 싶습니다.,Gusto kong suriin ang impormasyon ng merkado na nauugnay sa Pagbebenta ng mga programa.,프로그램매매,프로그램매매,True,금융시장·거래,자산운용·투자,1.0,1.0,1.0,0,,0,
KO-FIN-03970,플라워본드의 조건과 수익 구조를 확인하고 싶습니다.,Gusto kong suriin ang mga kondisyon at istraktura ng kita ng Ang Flowerbond..,플라워본드,플라워본드,True,채권,,1.0,1.0,1.0,0,,0,
KO-FIN-03974,플로어 브로커와 관련된 시장 정보를 확인하고 싶습니다.,Gusto kong suriin ang impormasyon ng merkado na nauugnay sa Ang floor broker..,플로어 브로커,플로어 브로커,True,금융시장·거래,지급결제·청산,1.0,1.0,1.0,0,,0,
KO-FIN-03977,필터기법이 무엇인지 설명해 주세요.,Ipaliwanag kung ano ang Mga pamamaraan ng pag-filter.,필터기법,필터기법,True,주식,,1.0,1.0,1.0,0,,0,
KO-FIN-03982,핑크 쉬트와 관련된 시장 정보를 확인하고 싶습니다.,Gusto kong suriin ang impormasyon ng merkado na nauugnay sa Ang pink sheet..,핑크 쉬트,핑크 쉬트,True,금융시장·거래,,1.0,1.0,1.0,0,,0,
KO-FIN-03988,한국선물거래소를 확인할 때 시장 상황과 거래 조건을 함께 살펴보세요.,"Kapag sinusuri mo ang Ang Korea Gift Exchange, suriin ang mga sitwasyon sa merkado at ang mga kondisyon ng kalakalan.",한국선물거래소,한국선물거래소,True,금융시장·거래,파생상품,1.0,1.0,1.0,0,,0,
KO-FIN-03991,한국선물협회 거래에는 어떤 위험이 있나요?,Ano ang mga panganib sa kalakalan?,한국선물협회,한국선물협회,True,파생상품,금융시장·거래,0.0,1.0,0.0,0,한국선물협회,0,
KO-FIN-03994,한국예탁증서 처리 절차를 확인하고 싶습니다.,Gusto kong suriin ang proseso ng pagproseso.,한국예탁증서,한국예탁증서,True,증권·예탁,금융시장·거래,0.0,1.0,0.0,0,한국예탁증서,0,
KO-FIN-03998,한국자금중개주식회사와 관련된 정보를 확인하고 싶습니다.,Gusto kong suriin ang impormasyon tungkol sa Pinasok ng Korea..,한국자금중개주식회사,한국자금중개주식회사,True,주식,해외송금·외환 / 금융시장·거래,1.0,1.0,1.0,0,,40,한국자금중개주식회사
KO-FIN-04002,한국주택저당금융주식회사와 관련된 정보를 확인하고 싶습니다.,Gusto kong suriin ang impormasyon tungkol sa Korean Housing Deposit Financing Joint Venture.,한국주택저당금융주식회사,한국주택저당금융주식회사,True,주식,부동산금융 / 자산운용·투자 / 금융기관·은행,1.0,1.0,1.0,0,,20,한국주택저당금융주식회사
KO-FIN-04006,한국증권금융주식회사 처리 절차를 확인하고 싶습니다.,Gusto kong suriin ang proseso ng pagproseso.,한국증권금융주식회사,한국증권금융주식회사,True,증권·예탁,금융시장·거래 / 주식 / 대출,0.0,1.0,0.0,0,한국증권금융주식회사,0,
KO-FIN-04010,한국증권대체결제주식회사 처리 절차를 확인하고 싶습니다.,Gusto kong suriin ang proseso ng pagproseso.,한국증권대체결제주식회사,한국증권대체결제주식회사,True,증권·예탁,주식 / 지급결제·청산 / 금융시장·거래,0.0,1.0,0.0,0,한국증권대체결제주식회사,20,한국증권대체결제주식회사
KO-FIN-04014,한국증권업협회 처리 절차를 확인하고 싶습니다.,Gusto kong suriin ang proseso ng pagproseso.,한국증권업협회,한국증권업협회,True,증권·예탁,금융시장·거래,0.0,1.0,0.0,0,한국증권업협회,0,
KO-FIN-04017,한국증권연구원이 무엇인지 설명해 주세요.,Ipaliwanag kung ano ang Ang Korea Securities Research Institute.,한국증권연구원,한국증권연구원,True,증권·예탁,,1.0,1.0,1.0,0,,0,
KO-FIN-04022,한국증권전산주식회사 처리 절차를 확인하고 싶습니다.,Gusto kong suriin ang proseso ng pagproseso.,한국증권전산주식회사,한국증권전산주식회사,True,증권·예탁,주식 / 금융시장·거래,0.0,1.0,0.0,0,한국증권전산주식회사,20,한국증권전산주식회사
KO-FIN-04026,할인발행을 이용하려면 어떤 조건이 필요한가요?,Ano ang mga kundisyon para magamit ang Discount pag-alis?,할인발행,할인발행,True,기업금융·자본조달,채권,1.0,1.0,1.0,0,,20,할인발행
KO-FIN-04027,할인발행과 관련된 비용과 절차를 확인하고 싶습니다.,Gusto kong suriin ang mga gastos at pamamaraan na nauugnay sa Discount pag-alis.,할인발행,할인발행,True,기업금융·자본조달,채권,1.0,1.0,1.0,0,,20,할인발행
KO-FIN-04030,할인상사에서 이용할 수 있는 금융업무는 무엇인가요?,Ano ang mga serbisyo sa pananalapi na magagamit sa Ang diskwento?,할인상사,할인상사,True,금융기관·은행,,1.0,1.0,1.0,0,,0,
KO-FIN-04034,할인율에서 이용할 수 있는 금융업무는 무엇인가요?,Ano ang mga serbisyo sa pananalapi na magagamit sa Mga diskwento?,할인율,할인율,True,금융기관·은행,,1.0,1.0,1.0,0,,0,
KO-FIN-04038,할인채의 조건과 수익 구조를 확인하고 싶습니다.,Gusto kong suriin ang mga kondisyon at istraktura ng kita ng Ang diskwento..,할인채,할인채,True,채권,,1.0,1.0,1.0,0,,0,
KO-FIN-04042,합병교부금을 이용하려면 어떤 조건이 필요한가요?,Ano ang mga kundisyon para magamit ang Mga bayad sa pagsasama-sama?,합병교부금,합병교부금,True,기업금융·자본조달,주식,1.0,1.0,1.0,0,,0,
KO-FIN-04043,합병교부금과 관련된 비용과 절차를 확인하고 싶습니다.,Gusto kong suriin ang mga gastos at pamamaraan na nauugnay sa Mga bayad sa pagsasama-sama.,합병교부금,합병교부금,True,기업금융·자본조달,주식,1.0,1.0,1.0,0,,0,
KO-FIN-04046,합병기일을 이용하려면 어떤 조건이 필요한가요?,Ano ang mga kundisyon para magamit ang Araw ng pagsasama?,합병기일,합병기일,True,기업금융·자본조달,주식,1.0,1.0,1.0,0,,40,합병기일
KO-FIN-04047,합병기일과 관련된 비용과 절차를 확인하고 싶습니다.,Gusto kong suriin ang mga gastos at pamamaraan na nauugnay sa Araw ng pagsasama.,합병기일,합병기일,True,기업금융·자본조달,주식,1.0,1.0,1.0,0,,40,합병기일
KO-FIN-04050,합병비율을 이용하려면 어떤 조건이 필요한가요?,Ano ang mga kundisyon para magamit ang Mga rate ng pagsasama?,합병비율,합병비율,True,기업금융·자본조달,주식,1.0,1.0,1.0,0,,40,합병비율
KO-FIN-04051,합병비율과 관련된 비용과 절차를 확인하고 싶습니다.,Gusto kong suriin ang mga gastos at pamamaraan na nauugnay sa Mga rate ng pagsasama.,합병비율,합병비율,True,기업금융·자본조달,주식,1.0,1.0,1.0,0,,40,합병비율
KO-FIN-04054,합병차익을 이용하려면 어떤 조건이 필요한가요?,Ano ang mga kundisyon para magamit ang Mga kita sa pagsasama?,합병차익,합병차익,True,기업금융·자본조달,,1.0,1.0,1.0,0,,40,합병차익
KO-FIN-04055,합병차익과 관련된 비용과 절차를 확인하고 싶습니다.,Gusto kong suriin ang mga gastos at pamamaraan na nauugnay sa Mga kita sa pagsasama.,합병차익,합병차익,True,기업금융·자본조달,,1.0,1.0,1.0,0,,40,합병차익
KO-FIN-04058,합산주주와 관련된 정보를 확인하고 싶습니다.,Gusto kong suriin ang impormasyon tungkol sa Ang pinagsamang mga shareholder.,합산주주,합산주주,True,주식,,1.0,1.0,1.0,0,,0,
KO-FIN-04064,합유의 정확한 의미는 해당 금융거래의 맥락과 함께 확인해야 합니다.,Ang eksaktong kahulugan ng Magsama. ay dapat patunayan sa konteksto ng kalakalan sa pananalapi.,합유,합유,True,기타 금융일반,,1.0,1.0,1.0,0,,70,합유
KO-FIN-04065,핫머니에 대해 자세히 알려주세요.,Magbigay ng detalye tungkol sa Hot mommy.,핫머니,핫머니,True,해외송금·외환,,1.0,1.0,1.0,0,,40,핫머니
KO-FIN-04070,항상성장모형은 금융상품을 분석할 때 어떻게 사용되나요?,Paano ginagamit ang Ito ay palaging ang pag-growth matrix. kapag sinusuri ang mga produktong pinansyal?,항상성장모형,항상성장모형,True,금융공학·분석,주식 / 자산운용·투자,1.0,1.0,1.0,0,,20,항상성장모형
KO-FIN-04072,항상성장모형의 결과는 사용한 가정과 시장 데이터에 따라 달라질 수 있습니다.,Ang mga resulta ng Ito ay palaging ang pag-growth matrix. ay maaaring mag-iiba depende sa mga pinag-aasang data at merkado na ginamit.,항상성장모형,항상성장모형,True,금융공학·분석,주식 / 자산운용·투자,1.0,1.0,1.0,0,,20,항상성장모형
KO-FIN-04073,해외증권 관련주식이 무엇인지 설명해 주세요.,Ipaliwanag kung ano ang Aktibo na may kinalaman sa foreign securities.,해외증권 관련주식,해외증권 관련주식,True,증권·예탁,주식,1.0,1.0,1.0,0,,0,
KO-FIN-04077,해외증권이 무엇인지 설명해 주세요.,Ipaliwanag kung ano ang Papers sa ibang bansa.,해외증권,해외증권,True,증권·예탁,,1.0,1.0,1.0,0,,20,해외증권
KO-FIN-04083,헤지펀드에 가입하기 전에 어떤 점을 확인해야 하나요?,Ano ang dapat mong suriin bago sumali sa Mga hedge fund.?,헤지펀드,헤지펀드,True,펀드·신탁,파생상품,1.0,1.0,1.0,0,,0,
KO-FIN-04085,헤징이 무엇을 의미하나요?,Ano ang ibig sabihin ng Paghihigpit?,헤징,헤징,True,금융시장·거래,,1.0,1.0,1.0,0,,70,헤징
KO-FIN-04091,현금관리계좌 과정에서 문제가 발생한 것 같습니다.,Mukhang may problema sa Mga account ng cash.,현금관리계좌,현금관리계좌,True,지급결제·청산,,1.0,1.0,1.0,0,,0,
KO-FIN-04094,현물채의 조건과 수익 구조를 확인하고 싶습니다.,Gusto kong suriin ang mga kondisyon at istraktura ng kita ng Ang cash..,현물채,현물채,True,채권,,1.0,1.0,1.0,0,,20,현물채
KO-FIN-04098,현물출자와 관련된 정보를 확인하고 싶습니다.,Gusto kong suriin ang impormasyon tungkol sa Ang pag-aalis..,현물출자,현물출자,True,주식,,1.0,1.0,1.0,0,,40,현물출자
KO-FIN-04101,현물환거래에 대해 자세히 알려주세요.,Magbigay ng detalye tungkol sa Pagpapalit ng cash.,현물환거래,현물환거래,True,해외송금·외환,금융시장·거래,1.0,1.0,1.0,0,,20,현물환거래
KO-FIN-04106,현선매매와 관련된 시장 정보를 확인하고 싶습니다.,Gusto kong suriin ang impormasyon ng merkado na nauugnay sa Pagbebenta sa telepono.,현선매매,현선매매,True,금융시장·거래,증권·예탁,1.0,1.0,1.0,0,,40,현선매매
KO-FIN-04109,현지대리인이 금융거래에서 무엇을 의미하나요?,Ano ang ibig sabihin ng Mga lokal na kinatawan. sa pananalapi?,현지대리인,현지대리인,True,법률·계약,증권·예탁,1.0,1.0,1.0,0,,20,현지대리인
KO-FIN-04113,현지보관기관이 무엇인지 설명해 주세요.,Ipaliwanag kung ano ang Mga lokal na ahensya..,현지보관기관,현지보관기관,True,증권·예탁,자산운용·투자,1.0,1.0,1.0,0,,20,현지보관기관
KO-FIN-04117,호가구동시장이 무엇을 의미하나요?,Ano ang ibig sabihin ng Mercado ng Hokkaido?,호가구동시장,호가구동시장,True,금융시장·거래,,1.0,1.0,1.0,0,,20,호가구동시장
KO-FIN-04121,호가전예납이 무엇을 의미하나요?,Ano ang ibig sabihin ng Ang pag-iingat ng bahay.?,호가전예납,호가전예납,True,금융시장·거래,,1.0,1.0,1.0,0,,40,호가전예납
KO-FIN-04125,혼합보관이 무엇인지 설명해 주세요.,Ipaliwanag kung ano ang Ang halo-halong paningin.,혼합보관,혼합보관,True,증권·예탁,,1.0,1.0,1.0,0,,20,혼합보관
KO-FIN-04131,혼합주와 관련해 투자 전에 확인해야 할 사항이 있나요?,Mayroon bang mga bagay na dapat mong suriin bago mamuhunan tungkol sa Ang halo-halo?,혼합주,혼합주,True,주식,,1.0,1.0,1.0,0,,0,
KO-FIN-04133,확정금리부증권이 무엇인지 설명해 주세요.,Ipaliwanag kung ano ang Mga sertipikasyon ng pustahan..,확정금리부증권,확정금리부증권,True,증권·예탁,,1.0,1.0,1.0,0,,40,확정금리부증권
KO-FIN-04137,환 포지션에 대해 자세히 알려주세요.,Magbigay ng detalye tungkol sa Mga posisyon ng pantasya.,환 포지션,환 포지션,True,해외송금·외환,,1.0,1.0,1.0,0,,20,환 포지션
KO-FIN-04138,환 포지션을 확인하고 싶습니다.,Gusto kong suriin ang Mga posisyon ng pantasya,환 포지션,환 포지션,True,해외송금·외환,,1.0,1.0,1.0,0,,20,환 포지션
KO-FIN-04141,환노출에 대해 자세히 알려주세요.,Magbigay ng detalye tungkol sa Pag-alis ng pag-alis.,환노출,환노출,True,해외송금·외환,,1.0,1.0,1.0,0,,40,환노출
KO-FIN-04142,환노출을 확인하고 싶습니다.,Gusto kong suriin ang Pag-alis ng pag-alis,환노출,환노출,True,해외송금·외환,,1.0,1.0,1.0,0,,40,환노출
KO-FIN-04145,환리스크에 대해 자세히 알려주세요.,Magbigay ng detalye tungkol sa Ang lahat ng ito..,환리스크,환리스크,True,해외송금·외환,신용·리스크,1.0,1.0,1.0,0,,40,환리스크
KO-FIN-04149,환어음이 무엇인지 설명해 주세요.,Ipaliwanag kung ano ang Pag-uusap..,환어음,환어음,True,지급결제·청산,,1.0,1.0,1.0,0,,40,환어음
KO-FIN-04153,환취권이 무엇인지 설명해 주세요.,Ipaliwanag kung ano ang Mga karapatan sa paghinga.,환취권,환취권,True,증권·예탁,법률·계약,1.0,1.0,1.0,0,,40,환취권
KO-FIN-04157,회사분할이 금융거래에 어떻게 적용되나요?,Paano ito nalalapat sa pananalapi?,회사분할,회사분할,True,금융법규·감독,,0.0,1.0,0.0,0,회사분할,20,회사분할
KO-FIN-04159,회사분할 때문에 추가로 확인해야 할 사항이 있나요?,Mayroon bang karagdagang bagay na dapat kong suriin dahil sa Ibahagi ang kumpanya.?,회사분할,회사분할,True,금융법규·감독,,1.0,1.0,1.0,0,,20,회사분할
KO-FIN-04161,회사정리법이 무엇인지 설명해 주세요.,Ipaliwanag kung ano ang Patakaran sa Korporasyon.,회사정리법,회사정리법,True,주식,,1.0,1.0,1.0,0,,40,회사정리법
KO-FIN-04166,회사채의 조건과 수익 구조를 확인하고 싶습니다.,Gusto kong suriin ang mga kondisyon at istraktura ng kita ng Mga utang ng kumpanya.,회사채,회사채,True,채권,,1.0,1.0,1.0,0,,0,
KO-FIN-04171,회사형 투자신탁에 가입하기 전에 어떤 점을 확인해야 하나요?,Ano ang dapat mong suriin bago sumali sa Mga kumpanyang pananaligang katiwalaan?,회사형 투자신탁,회사형 투자신탁,True,펀드·신탁,자산운용·투자,1.0,1.0,1.0,0,,40,회사형 투자신탁
KO-FIN-04174,회원증권회사 처리 절차를 확인하고 싶습니다.,Gusto kong suriin ang proseso ng pagproseso.,회원증권회사,회원증권회사,True,증권·예탁,금융시장·거래,0.0,1.0,0.0,0,회원증권회사,20,회원증권회사
KO-FIN-04179,후배주와 관련해 투자 전에 확인해야 할 사항이 있나요?,Mayroon bang mga bagay na dapat mong suriin bago mamuhunan tungkol sa Ang tagapagmana.?,후배주,후배주,True,주식,,1.0,1.0,1.0,0,,40,후배주
KO-FIN-04182,후순위채의 조건과 수익 구조를 확인하고 싶습니다.,Gusto kong suriin ang mga kondisyon at istraktura ng kita ng Ang pagkakasunod-sunod.,후순위채,후순위채,True,채권,,1.0,1.0,1.0,0,,20,후순위채
KO-FIN-04185,ABMF이 무엇인지 설명해 주세요.,Ipaliwanag kung ano ang ASEAN+3 Bond Market Forun.,ABMF,ABMF,True,채권,,1.0,1.0,1.0,0,,0,
KO-FIN-04189,ABMI이 무엇인지 설명해 주세요.,"Ipaliwanag kung ano ang Asian Bond  Markets Initiative, 아시아 채권시장 이니셔티브.",ABMI,ABMI,True,채권,,1.0,1.0,1.0,0,,0,
KO-FIN-04193,ACG이 무엇인지 설명해 주세요.,Ipaliwanag kung ano ang Asia-Pacific Central Securities Depository Group.,ACG,ACG,True,증권·예탁,,1.0,1.0,1.0,0,,0,
KO-FIN-04197,AECSD이 무엇인지 설명해 주세요.,Ipaliwanag kung ano ang Association of Eurasian CSDs.,AECSD,AECSD,True,증권·예탁,,1.0,1.0,1.0,0,,0,
KO-FIN-04201,Affirmation이 무엇을 의미하나요?,Ano ang ibig sabihin ng Affirmation?,Affirmation,Affirmation,True,금융시장·거래,,1.0,1.0,1.0,0,,0,
KO-FIN-04206,ANNA은 어떤 금융 상황에서 사용되나요?,Anong mga sitwasyon sa pananalapi ang ginagamit ng Association of National Numbering Agency?,ANNA,ANNA,True,기타 금융일반,,1.0,1.0,1.0,0,,0,
KO-FIN-04208,ANNA의 정확한 의미는 해당 금융거래의 맥락과 함께 확인해야 합니다.,Ang eksaktong kahulugan ng Association of National Numbering Agency ay dapat patunayan sa konteksto ng kalakalan sa pananalapi.,ANNA,ANNA,True,기타 금융일반,,1.0,1.0,1.0,0,,0,
KO-FIN-04213,ASIFMA이 무엇을 의미하나요?,Ano ang ibig sabihin ng Asia Securities Industry & Financial Markets Association?,ASIFMA,ASIFMA,True,금융시장·거래,,1.0,1.0,1.0,0,,0,
KO-FIN-04221,ATS이 무엇을 의미하나요?,"Ano ang ibig sabihin ng Alternative Trading System, 대체거래시스템?",ATS,ATS,True,금융시장·거래,,1.0,1.0,1.0,0,,0,
KO-FIN-04225,AUSTRACLEAR이 무엇인지 설명해 주세요.,Ipaliwanag kung ano ang AUSTRACLEAR.,AUSTRACLEAR,AUSTRACLEAR,True,지급결제·청산,금융시장·거래,1.0,1.0,1.0,0,,0,
KO-FIN-04229,BA이 무엇을 의미하나요?,"Ano ang ibig sabihin ng Bankers' Acceptance, 은행인수어음?",BA,BA,True,금융시장·거래,,1.0,1.0,1.0,0,,0,
KO-FIN-04233,Bachmann Report이 무엇인지 설명해 주세요.,Ipaliwanag kung ano ang Bachmann Report.,Bachmann Report,Bachmann Report,True,지급결제·청산,증권·예탁,1.0,1.0,1.0,0,,0,
KO-FIN-04237,back office이 무엇을 의미하나요?,Ano ang ibig sabihin ng back office?,back office,back office,True,금융시장·거래,증권·예탁,1.0,1.0,1.0,0,,0,
KO-FIN-04243,최근 backwardation의 변화를 확인하고 싶습니다.,Gusto kong suriin ang mga kamakailang pagbabago sa backwardation.,backwardation,backwardation,True,경제·거시금융,,1.0,1.0,1.0,0,,0,
KO-FIN-04244,backwardation은 다른 경제지표와 함께 해석하는 것이 좋습니다.,Ang backwardation ay mas mahusay na ipaliwanag kasama ang iba pang mga tagapagpahiwatig ng ekonomiya.,backwardation,backwardation,True,경제·거시금융,,1.0,1.0,1.0,0,,0,
KO-FIN-04245,bad delivery이 무엇인지 설명해 주세요.,Ipaliwanag kung ano ang bad delivery.,bad delivery,bad delivery,True,증권·예탁,,1.0,1.0,1.0,0,,0,
KO-FIN-04252,bancassurance과 관련된 세부 업무는 해당 기관의 안내를 확인해 주세요.,Para sa mga detalyadong gawain na nauugnay sa bancassurance mangyaring suriin ang mga tagubilin ng nasabing ahensya.,bancassurance,bancassurance,True,금융기관·은행,,1.0,1.0,1.0,0,,0,
KO-FIN-04253,BBS이 무엇을 의미하나요?,Ano ang ibig sabihin ng bulletin board system?,BBS,BBS,True,금융시장·거래,,1.0,1.0,1.0,0,,0,
KO-FIN-04257,bear hug이 무엇인지 설명해 주세요.,Ipaliwanag kung ano ang bear hug.,bear hug,bear hug,True,주식,,1.0,1.0,1.0,0,,0,
KO-FIN-04261,bear raid이 무엇인지 설명해 주세요.,Ipaliwanag kung ano ang bear raid.,bear raid,bear raid,True,주식,금융시장·거래,1.0,1.0,1.0,0,,0,
KO-FIN-04266,BIC에서 이용할 수 있는 금융업무는 무엇인가요?,"Ano ang mga serbisyo sa pananalapi na magagamit sa Bank Indentifier Code, 은행식별코드?",BIC,BIC,True,금융기관·은행,,1.0,1.0,1.0,0,,0,
KO-FIN-04269,black monday이 무엇을 의미하나요?,Ano ang ibig sabihin ng black monday?,black monday,black monday,True,금융시장·거래,주식,1.0,1.0,1.0,0,,0,
KO-FIN-04273,blanket fidelity bond이 무엇인지 설명해 주세요.,Ipaliwanag kung ano ang blanket fidelity bond.,blanket fidelity bond,blanket fidelity bond,True,증권·예탁,,1.0,1.0,1.0,0,,0,
KO-FIN-04277,BLUE SKY LAW이 무엇인지 설명해 주세요.,Ipaliwanag kung ano ang BLUE SKY LAW.,BLUE SKY LAW,BLUE SKY LAW,True,증권·예탁,,1.0,1.0,1.0,0,,0,
KO-FIN-04284,BOK-WIRE과 관련된 세부 업무는 해당 기관의 안내를 확인해 주세요.,Para sa mga detalyadong gawain na nauugnay sa BOK-WIRE mangyaring suriin ang mga tagubilin ng nasabing ahensya.,BOK-WIRE,BOK-WIRE,True,금융기관·은행,,1.0,1.0,1.0,0,,0,
KO-FIN-04285,bond power이 무엇인지 설명해 주세요.,Ipaliwanag kung ano ang bond power.,bond power,bond power,True,채권,,1.0,1.0,1.0,0,,0,
KO-FIN-04289,book entry only이 무엇인지 설명해 주세요.,Ipaliwanag kung ano ang book entry only.,book entry only,book entry only,True,증권·예탁,,1.0,1.0,1.0,0,,0,
KO-FIN-04293,buy/sell-back이 무엇인지 설명해 주세요.,Ipaliwanag kung ano ang buy/sell-back.,buy/sell-back,buy/sell-back,True,증권·예탁,,1.0,1.0,1.0,0,,0,
KO-FIN-04300,CAMEL과 관련된 세부 업무는 해당 기관의 안내를 확인해 주세요.,Para sa mga detalyadong gawain na nauugnay sa CAMEL mangyaring suriin ang mga tagubilin ng nasabing ahensya.,CAMEL,CAMEL,True,금융기관·은행,,1.0,1.0,1.0,0,,0,
KO-FIN-04301,cargo project이 무엇인지 설명해 주세요.,Ipaliwanag kung ano ang cargo project.,cargo project,cargo project,True,증권·예탁,주식,1.0,1.0,1.0,0,,0,
KO-FIN-04305,cashless society은 어떻게 이용하나요?,Paano ginagamit ang cashless society?,cashless society,cashless society,True,카드·전자금융,,1.0,1.0,1.0,0,,0,
KO-FIN-04308,cashless society 이용 시 개인정보와 인증정보를 안전하게 관리해 주세요.,Mangyaring panatilihing ligtas ang iyong personal na impormasyon at mga impormasyon ng pagkakakilanlan kapag gumagamit ka ng cashless society,cashless society,cashless society,True,카드·전자금융,,1.0,1.0,1.0,0,,0,
KO-FIN-04309,CBF이 무엇인지 설명해 주세요.,Ipaliwanag kung ano ang Clearstream Banking Frankfurt.,CBF,CBF,True,증권·예탁,,1.0,1.0,1.0,0,,0,
KO-FIN-04313,CBL이 무엇인지 설명해 주세요.,Ipaliwanag kung ano ang Clearstream Banking Luxembourg.,CBL,CBL,True,증권·예탁,,1.0,1.0,1.0,0,,0,
KO-FIN-04317,CCASS이 무엇인지 설명해 주세요.,Ipaliwanag kung ano ang Central Clearing and Settlement System.,CCASS,CCASS,True,지급결제·청산,,1.0,1.0,1.0,0,,0,
KO-FIN-04325,CDS이 무엇인지 쉽게 설명해 주세요.,"Ipaliwanag mo kung ano ang Credit Default Swap, 신용부도스와프.",CDS,CDS,True,파생상품,,1.0,1.0,1.0,0,,0,
KO-FIN-04329,CEDEL이 무엇인지 설명해 주세요.,Ipaliwanag kung ano ang Central de Livraison de Valeurs Mobili res.,CEDEL,CEDEL,True,증권·예탁,금융시장·거래,1.0,1.0,1.0,0,,0,
KO-FIN-04333,CFA이 무엇인지 설명해 주세요.,Ipaliwanag kung ano ang Chartered Financial Analysts.,CFA,CFA,True,증권·예탁,,1.0,1.0,1.0,0,,0,
KO-FIN-04337,CFI이 무엇인지 설명해 주세요.,"Ipaliwanag kung ano ang Classification of Financial Instruments, 국제상품분류코드.",CFI,CFI,True,증권·예탁,,1.0,1.0,1.0,0,,0,
KO-FIN-04342,CFO을 통해 어떤 정보를 확인할 수 있나요?,Anong impormasyon ang maaari mong suriin sa Chief Financial Officer?,CFO,CFO,True,회계·재무,,1.0,1.0,1.0,0,,0,
KO-FIN-04344,CFO은 기준 시점과 작성 기준을 함께 확인해야 합니다.,Ang Chief Financial Officer ay dapat na i-verify kasama ang mga pamantayan ng oras at mga pamantayan ng pagsulat.,CFO,CFO,True,회계·재무,,1.0,1.0,1.0,0,,0,
KO-FIN-04347,CGIF과 관련된 투자 정보를 확인하고 싶습니다.,Gusto kong suriin ang impormasyon ng pamumuhunan na nauugnay sa Credit Guarantee and Investment Facility.,CGIF,CGIF,True,자산운용·투자,,1.0,1.0,1.0,0,,0,
KO-FIN-04349,CGO이 무엇인지 설명해 주세요.,Ipaliwanag kung ano ang Central Gilts Office.,CGO,CGO,True,증권·예탁,,1.0,1.0,1.0,0,,0,
KO-FIN-04353,CHAPS이 무엇을 의미하나요?,Ano ang ibig sabihin ng Clearing House Automated Payment System?,CHAPS,CHAPS,True,금융시장·거래,,1.0,1.0,1.0,0,,0,
KO-FIN-04357,checking이 무엇을 의미하나요?,Ano ang ibig sabihin ng checking?,checking,checking,True,금융시장·거래,,1.0,1.0,1.0,0,,0,
KO-FIN-04361,checkless society이 무엇을 의미하나요?,Ano ang ibig sabihin ng checkless society?,checkless society,checkless society,True,금융시장·거래,,1.0,1.0,1.0,0,,0,
KO-FIN-04365,CHESS이 무엇인지 설명해 주세요.,Ipaliwanag kung ano ang Clearing House Electronic Subregister System.,CHESS,CHESS,True,지급결제·청산,,1.0,1.0,1.0,0,,0,
KO-FIN-04370,CHIPS을 이용하려면 어떻게 해야 하나요?,Paano ko gagamitin ang Clearing House Interbank Payments System?,CHIPS,CHIPS,True,이체,지급결제·청산,1.0,1.0,1.0,0,,0,
KO-FIN-04372,CHIPS을 진행하기 전에 입력한 정보를 다시 확인해 주세요.,Mangyaring suriin muli ang iyong nai-type bago magpatuloy.,CHIPS,CHIPS,True,이체,지급결제·청산,0.0,1.0,0.0,0,CHIPS,0,
KO-FIN-04373,CIK이 무엇인지 설명해 주세요.,Ipaliwanag kung ano ang Caisse Interprofessionnelle Kas.,CIK,CIK,True,증권·예탁,금융시장·거래 / 자산운용·투자,1.0,1.0,1.0,0,,0,
KO-FIN-04377,CMA이 무엇인지 설명해 주세요.,Ipaliwanag kung ano ang Cash Management Account.,CMA,CMA,True,증권·예탁,펀드·신탁 / 자산운용·투자,1.0,1.0,1.0,0,,0,
KO-FIN-04381,CMI에 대해 자세히 알려주세요.,Magbigay ng detalye tungkol sa Chiang Mai Initiative.,CMI,CMI,True,해외송금·외환,,1.0,1.0,1.0,0,,0,
KO-FIN-04382,CMI을 확인하고 싶습니다.,Gusto kong suriin ang Chiang Mai Initiative,CMI,CMI,True,해외송금·외환,,1.0,1.0,1.0,0,,0,
KO-FIN-04385,CMO이 무엇인지 설명해 주세요.,Ipaliwanag kung ano ang Central Moneymarket Office.,CMO,CMO,True,증권·예탁,,1.0,1.0,1.0,0,,0,
KO-FIN-04392,commodity financing은 심사 결과에 따라 이용 가능 여부가 달라질 수 있습니다.,Ang commodity financing ay maaaring mag-iba depende sa mga resulta ng pagsusuri.,commodity financing,commodity financing,True,대출,,1.0,1.0,1.0,0,,0,
KO-FIN-04393,concentration limit이 무엇인지 설명해 주세요.,Ipaliwanag kung ano ang concentration limit.,concentration limit,concentration limit,True,증권·예탁,,1.0,1.0,1.0,0,,0,
KO-FIN-04397,confirmation이 무엇을 의미하나요?,Ano ang ibig sabihin ng confirmation?,confirmation,confirmation,True,금융시장·거래,,1.0,1.0,1.0,0,,0,
KO-FIN-04402,conglomerate을 이용하려면 어떤 조건이 필요한가요?,Ano ang mga kundisyon para magamit ang conglomerate?,conglomerate,conglomerate,True,기업금융·자본조달,,1.0,1.0,1.0,0,,0,
KO-FIN-04403,conglomerate과 관련된 비용과 절차를 확인하고 싶습니다.,Gusto kong suriin ang mga gastos at pamamaraan na nauugnay sa conglomerate.,conglomerate,conglomerate,True,기업금융·자본조달,,1.0,1.0,1.0,0,,0,
KO-FIN-04407,"country risk, sovereign risk과 관련된 투자 정보를 확인하고 싶습니다.","Gusto kong suriin ang impormasyon ng pamumuhunan na nauugnay sa Panganib sa bansa, panganib sa soberanya..","country risk, sovereign risk","country risk, sovereign risk",True,자산운용·투자,,1.0,1.0,1.0,0,,40,"country risk, sovereign risk"
KO-FIN-04409,coupon rate이 무엇인지 설명해 주세요.,Ipaliwanag kung ano ang coupon rate.,coupon rate,coupon rate,True,채권,,1.0,1.0,1.0,0,,0,
KO-FIN-04413,covered warrant이 무엇인지 쉽게 설명해 주세요.,Ipaliwanag mo kung ano ang covered warrant.,covered warrant,covered warrant,True,파생상품,,1.0,1.0,1.0,0,,0,
KO-FIN-04417,CPSS이 무엇인지 설명해 주세요.,Ipaliwanag kung ano ang Committee on Payment and Settlement System.,CPSS,CPSS,True,지급결제·청산,,1.0,1.0,1.0,0,,0,
KO-FIN-04421,CREST이 무엇인지 설명해 주세요.,Ipaliwanag kung ano ang CREST.,CREST,CREST,True,증권·예탁,금융시장·거래 / 지급결제·청산 / 채권 / 자산운용·투자,1.0,1.0,1.0,0,,0,
KO-FIN-04425,crossing network이 무엇을 의미하나요?,Ano ang ibig sabihin ng crossing network?,crossing network,crossing network,True,금융시장·거래,,1.0,1.0,1.0,0,,0,
KO-FIN-04431,crown jewel과 관련된 내용을 확인하고 싶습니다.,Gusto kong suriin ang tungkol sa crown jewel,crown jewel,crown jewel,True,기타 금융일반,,1.0,1.0,1.0,0,,0,
KO-FIN-04432,crown jewel의 정확한 의미는 해당 금융거래의 맥락과 함께 확인해야 합니다.,Ang eksaktong kahulugan ng crown jewel ay dapat patunayan sa konteksto ng kalakalan sa pananalapi.,crown jewel,crown jewel,True,기타 금융일반,,1.0,1.0,1.0,0,,0,
KO-FIN-04433,CSD이 무엇인지 설명해 주세요.,Ipaliwanag kung ano ang Central Securities Depsitory.,CSD,CSD,True,증권·예탁,금융시장·거래,1.0,1.0,1.0,0,,0,
KO-FIN-04437,CUSIP이 무엇인지 설명해 주세요.,Ipaliwanag kung ano ang The Committee on Uniform Securities Identification Procedures.,CUSIP,CUSIP,True,증권·예탁,,1.0,1.0,1.0,0,,0,
KO-FIN-04441,D.K.이 무엇을 의미하나요?,Ano ang ibig sabihin ng Don't Know?,D.K.,D.K.,True,금융시장·거래,,1.0,1.0,1.0,0,,0,
KO-FIN-04445,day trading이 무엇인지 설명해 주세요.,Ipaliwanag kung ano ang day trading.,day trading,day trading,True,주식,,1.0,1.0,1.0,0,,0,
KO-FIN-04449,DBC이 무엇인지 설명해 주세요.,Ipaliwanag kung ano ang Deutsche B rse Clearing AG.,DBC,DBC,True,증권·예탁,금융시장·거래,1.0,1.0,1.0,0,,0,
KO-FIN-04453,delivery notice이 무엇인지 설명해 주세요.,Ipaliwanag kung ano ang delivery notice.,delivery notice,delivery notice,True,지급결제·청산,,1.0,1.0,1.0,0,,0,
KO-FIN-04460,dollar usance과 관련된 세부 업무는 해당 기관의 안내를 확인해 주세요.,Para sa mga detalyadong gawain na nauugnay sa dollar usance mangyaring suriin ang mga tagubilin ng nasabing ahensya.,dollar usance,dollar usance,True,금융기관·은행,,1.0,1.0,1.0,0,,0,
KO-FIN-04461,DTC이 무엇인지 설명해 주세요.,Ipaliwanag kung ano ang Depository Trust Company.,DTC,DTC,True,증권·예탁,지급결제·청산 / 금융시장·거래,1.0,1.0,1.0,0,,0,
KO-FIN-04465,Due bill이 무엇인지 설명해 주세요.,Ipaliwanag kung ano ang Due bill.,Due bill,Due bill,True,주식,,1.0,1.0,1.0,0,,0,
KO-FIN-04469,dutch auction이 무엇인지 설명해 주세요.,Ipaliwanag kung ano ang dutch auction.,dutch auction,dutch auction,True,채권,,1.0,1.0,1.0,0,,0,
KO-FIN-04473,DVP link이 무엇인지 설명해 주세요.,Ipaliwanag kung ano ang DVP link.,DVP link,DVP link,True,증권·예탁,,1.0,1.0,1.0,0,,0,
KO-FIN-04477,E-TRADE이 무엇인지 설명해 주세요.,Ipaliwanag kung ano ang E-TRADE.,E-TRADE,E-TRADE,True,증권·예탁,,1.0,1.0,1.0,0,,0,
KO-FIN-04481,ECF이 무엇인지 설명해 주세요.,Ipaliwanag kung ano ang Electronic Clearing Frankfurt.,ECF,ECF,True,지급결제·청산,금융기관·은행,1.0,1.0,1.0,0,,0,
KO-FIN-04485,EDR이 무엇인지 설명해 주세요.,Ipaliwanag kung ano ang European DR.,EDR,EDR,True,증권·예탁,,1.0,1.0,1.0,0,,0,
KO-FIN-04489,EMCC이 무엇인지 설명해 주세요.,Ipaliwanag kung ano ang Emerging Markets Clearing Corporation.,EMCC,EMCC,True,지급결제·청산,금융시장·거래,1.0,1.0,1.0,0,,0,
KO-FIN-04495,EMEA과 관련된 내용을 확인하고 싶습니다.,Gusto kong suriin ang tungkol sa EMEA,EMEA,EMEA,True,기타 금융일반,,1.0,1.0,1.0,0,,0,
KO-FIN-04496,EMEA의 정확한 의미는 해당 금융거래의 맥락과 함께 확인해야 합니다.,Ang eksaktong kahulugan ng EMEA ay dapat patunayan sa konteksto ng kalakalan sa pananalapi.,EMEA,EMEA,True,기타 금융일반,,1.0,1.0,1.0,0,,0,
KO-FIN-04497,ETF이 무엇을 의미하나요?,"Ano ang ibig sabihin ng Exchange Traded Funds, 상장지수펀드?",ETF,ETF,True,금융시장·거래,,1.0,1.0,1.0,0,,0,
KO-FIN-04504,EURIBOR은 심사 결과에 따라 이용 가능 여부가 달라질 수 있습니다.,Ang EURIBOR ay maaaring mag-iba depende sa mga resulta ng pagsusuri.,EURIBOR,EURIBOR,True,대출,,1.0,1.0,1.0,0,,0,
KO-FIN-04505,EUROCLEAR이 무엇인지 설명해 주세요.,Ipaliwanag kung ano ang EUROCLEAR.,EUROCLEAR,EUROCLEAR,True,증권·예탁,,1.0,1.0,1.0,0,,0,
KO-FIN-04511,EVA과 관련된 투자 정보를 확인하고 싶습니다.,Gusto kong suriin ang impormasyon ng pamumuhunan na nauugnay sa Economic Value Added.,EVA,EVA,True,자산운용·투자,,1.0,1.0,1.0,0,,0,
KO-FIN-04513,fallen angel이 무엇인지 설명해 주세요.,Ipaliwanag kung ano ang fallen angel.,fallen angel,fallen angel,True,증권·예탁,,1.0,1.0,1.0,0,,0,
KO-FIN-04518,FED-WIRE을 이용하려면 어떻게 해야 하나요?,Paano ko gagamitin ang FED-WIRE?,FED-WIRE,FED-WIRE,True,이체,증권·예탁,1.0,1.0,1.0,0,,0,
KO-FIN-04520,FED-WIRE을 진행하기 전에 입력한 정보를 다시 확인해 주세요.,Mangyaring suriin muli ang iyong nai-type bago magpatuloy.,FED-WIRE,FED-WIRE,True,이체,증권·예탁,0.0,1.0,0.0,0,FED-WIRE,0,
KO-FIN-04521,fill or kill order이 무엇을 의미하나요?,Ano ang ibig sabihin ng fill or kill order?,fill or kill order,fill or kill order,True,금융시장·거래,,1.0,1.0,1.0,0,,0,
KO-FIN-04525,finality of payment이 무엇인지 설명해 주세요.,Ipaliwanag kung ano ang finality of payment.,finality of payment,finality of payment,True,지급결제·청산,이체 / 금융기관·은행,1.0,1.0,1.0,0,,0,
KO-FIN-04529,five hundred dollar rule이 금융거래에 어떻게 적용되나요?,Paano ito nalalapat sa pananalapi?,five hundred dollar rule,five hundred dollar rule,True,금융법규·감독,,0.0,1.0,0.0,0,five hundred dollar rule,0,
KO-FIN-04531,five hundred dollar rule 때문에 추가로 확인해야 할 사항이 있나요?,Mayroon bang karagdagang bagay na dapat kong suriin dahil sa five hundred dollar rule?,five hundred dollar rule,five hundred dollar rule,True,금융법규·감독,,1.0,1.0,1.0,0,,0,
KO-FIN-04533,FIX이 무엇을 의미하나요?,Ano ang ibig sabihin ng Financial Information Exchange?,FIX,FIX,True,금융시장·거래,,1.0,1.0,1.0,0,,0,
KO-FIN-04537,flipping이 무엇인지 설명해 주세요.,Ipaliwanag kung ano ang flipping.,flipping,flipping,True,증권·예탁,,1.0,1.0,1.0,0,,0,
KO-FIN-04541,FORM 10-K이 금융거래에서 무엇을 의미하나요?,Ano ang ibig sabihin ng FORM 10-K sa pananalapi?,FORM 10-K,FORM 10-K,True,법률·계약,,1.0,1.0,1.0,0,,0,
KO-FIN-04545,FORM 10-Q이 무엇인지 설명해 주세요.,Ipaliwanag kung ano ang FORM 10-Q.,FORM 10-Q,FORM 10-Q,True,증권·예탁,,1.0,1.0,1.0,0,,0,
KO-FIN-04549,FORM 3이 무엇인지 설명해 주세요.,Ipaliwanag kung ano ang FORM 3.,FORM 3,FORM 3,True,주식,금융시장·거래,1.0,1.0,1.0,0,,0,
KO-FIN-04553,FORM 4이 무엇인지 설명해 주세요.,Ipaliwanag kung ano ang FORM 4.,FORM 4,FORM 4,True,주식,,1.0,1.0,1.0,0,,0,
KO-FIN-04557,FORM 8-K이 무엇을 의미하나요?,Ano ang ibig sabihin ng FORM 8-K?,FORM 8-K,FORM 8-K,True,금융시장·거래,,1.0,1.0,1.0,0,,0,
KO-FIN-04561,forward pricing이 무엇인지 설명해 주세요.,Ipaliwanag kung ano ang forward pricing.,forward pricing,forward pricing,True,주식,,1.0,1.0,1.0,0,,0,
KO-FIN-04568,FUND/NETWORKING은 운용 결과에 따라 원금 손실이 발생할 수 있습니다.,Ang FUND/NETWORKING ay maaaring maging sanhi ng pagkawala ng pondo depende sa mga resulta ng pagpapatakbo.,FUND/NETWORKING,FUND/NETWORKING,True,펀드·신탁,,1.0,1.0,1.0,0,,0,
KO-FIN-04569,FUND/SERV이 무엇인지 설명해 주세요.,Ipaliwanag kung ano ang FUND/SERV.,FUND/SERV,FUND/SERV,True,지급결제·청산,금융기관·은행,1.0,1.0,1.0,0,,0,
KO-FIN-04573,FV/EBITDA이 무엇인지 설명해 주세요.,Ipaliwanag kung ano ang FV/EBITDA.,FV/EBITDA,FV/EBITDA,True,주식,,1.0,1.0,1.0,0,,0,
KO-FIN-04577,G-30이 무엇인지 설명해 주세요.,Ipaliwanag kung ano ang Group of Thirty.,G-30,G-30,True,증권·예탁,,1.0,1.0,1.0,0,,0,
KO-FIN-04581,gilt-edged securities이 무엇인지 설명해 주세요.,Ipaliwanag kung ano ang gilt-edged securities.,gilt-edged securities,gilt-edged securities,True,증권·예탁,,1.0,1.0,1.0,0,,0,
KO-FIN-04588,giro lombard over draft과 관련된 세부 업무는 해당 기관의 안내를 확인해 주세요.,Para sa mga detalyadong gawain na nauugnay sa giro lombard over draft mangyaring suriin ang mga tagubilin ng nasabing ahensya.,giro lombard over draft,giro lombard over draft,True,금융기관·은행,,1.0,1.0,1.0,0,,0,
KO-FIN-04589,GLOBALCLEAR이 무엇인지 설명해 주세요.,Ipaliwanag kung ano ang GLOBALCLEAR.,GLOBALCLEAR,GLOBALCLEAR,True,지급결제·청산,,1.0,1.0,1.0,0,,0,
KO-FIN-04593,GLOBEX ALLIANCE이 무엇을 의미하나요?,Ano ang ibig sabihin ng GLOBEX ALLIANCE?,GLOBEX ALLIANCE,GLOBEX ALLIANCE,True,금융시장·거래,,1.0,1.0,1.0,0,,0,
KO-FIN-04597,GNMA이 무엇인지 설명해 주세요.,Ipaliwanag kung ano ang Government National Mortgage Association.,GNMA,GNMA,True,증권·예탁,,1.0,1.0,1.0,0,,0,
KO-FIN-04601,greenmail이 무엇인지 설명해 주세요.,Ipaliwanag kung ano ang greenmail.,greenmail,greenmail,True,주식,,1.0,1.0,1.0,0,,0,
KO-FIN-04607,grey market과 관련된 투자 정보를 확인하고 싶습니다.,Gusto kong suriin ang impormasyon ng pamumuhunan na nauugnay sa grey market.,grey market,grey market,True,자산운용·투자,,1.0,1.0,1.0,0,,0,
KO-FIN-04609,gun jumping이 무엇을 의미하나요?,Ano ang ibig sabihin ng gun jumping?,gun jumping,gun jumping,True,금융시장·거래,,1.0,1.0,1.0,0,,0,
KO-FIN-04613,HKSCC이 무엇을 의미하나요?,Ano ang ibig sabihin ng Hong Kong Securities Clearing Co.?,HKSCC,HKSCC,True,금융시장·거래,증권·예탁,1.0,1.0,1.0,0,,0,
KO-FIN-04617,hub & spokes이 무엇인지 설명해 주세요.,Ipaliwanag kung ano ang hub at spokes.,hub & spokes,hub & spokes,True,지급결제·청산,증권·예탁,1.0,1.0,1.0,0,,40,hub & spokes
KO-FIN-04621,IBAN에 대해 자세히 알려주세요.,Magbigay ng detalye tungkol sa International Bank Account Number.,IBAN,IBAN,True,해외송금·외환,,1.0,1.0,1.0,0,,0,
KO-FIN-04622,IBAN을 확인하고 싶습니다.,Gusto kong suriin ang International Bank Account Number,IBAN,IBAN,True,해외송금·외환,,1.0,1.0,1.0,0,,0,
KO-FIN-04625,IID이 무엇을 의미하나요?,Ano ang ibig sabihin ng International Institutional Delivery?,IID,IID,True,금융시장·거래,,1.0,1.0,1.0,0,,0,
KO-FIN-04630,IMF 8조국과 관련된 거래 조건을 확인하고 싶습니다.,Gusto kong suriin ang mga kondisyon ng transaksyon na nauugnay sa IMF walong bansa.,IMF 8조국,IMF 8조국,True,국제금융,,1.0,1.0,1.0,0,,0,
KO-FIN-04632,IMF 8조국과 관련된 거래에서는 국가별 규정과 통화를 함께 확인해야 합니다.,"Sa mga transaksyon na nauugnay sa IMF walong bansa, dapat mong suriin ang mga panuntunan ng bansa at pera.",IMF 8조국,IMF 8조국,True,국제금융,,1.0,1.0,1.0,0,,0,
KO-FIN-04634,IMF 구제금융과 관련된 거래 조건을 확인하고 싶습니다.,Gusto kong suriin ang mga kondisyon ng transaksyon na nauugnay sa Ang IMF rescue financing.,IMF 구제금융,IMF 구제금융,True,국제금융,,1.0,1.0,1.0,0,,0,
KO-FIN-04636,IMF 구제금융과 관련된 거래에서는 국가별 규정과 통화를 함께 확인해야 합니다.,"Para sa mga transaksyon na nauugnay sa Ang IMF rescue financing, dapat mong suriin ang mga panuntunan ng bansa at pera.",IMF 구제금융,IMF 구제금융,True,국제금융,,1.0,1.0,1.0,0,,0,
KO-FIN-04637,indenture이 무엇인지 설명해 주세요.,Ipaliwanag kung ano ang indenture.,indenture,indenture,True,채권,,1.0,1.0,1.0,0,,0,
KO-FIN-04641,independent broker이 무엇을 의미하나요?,Ano ang ibig sabihin ng independent broker?,independent broker,independent broker,True,금융시장·거래,,1.0,1.0,1.0,0,,0,
KO-FIN-04648,infrastructure은 심사 결과에 따라 이용 가능 여부가 달라질 수 있습니다.,Ang infrastructure ay maaaring mag-iba depende sa mga resulta ng pagsusuri.,infrastructure,infrastructure,True,대출,,1.0,1.0,1.0,0,,0,
KO-FIN-04649,INSTINET이 무엇을 의미하나요?,Ano ang ibig sabihin ng INSTINET?,INSTINET,INSTINET,True,금융시장·거래,,1.0,1.0,1.0,0,,0,
KO-FIN-04656,interlinker은 심사 결과에 따라 이용 가능 여부가 달라질 수 있습니다.,Ang interlinker ay maaaring mag-iba depende sa mga resulta ng pagsusuri.,interlinker,interlinker,True,대출,,1.0,1.0,1.0,0,,0,
KO-FIN-04657,intermarket trading system이 무엇을 의미하나요?,Ano ang ibig sabihin ng intermarket trading system?,intermarket trading system,intermarket trading system,True,금융시장·거래,,1.0,1.0,1.0,0,,0,
KO-FIN-04661,investment bank이 무엇인지 설명해 주세요.,Ipaliwanag kung ano ang investment bank.,investment bank,investment bank,True,증권·예탁,펀드·신탁 / 자산운용·투자,1.0,1.0,1.0,0,,0,
KO-FIN-04668,investment banking과 관련된 세부 업무는 해당 기관의 안내를 확인해 주세요.,Para sa mga detalyadong gawain na nauugnay sa investment banking mangyaring suriin ang mga tagubilin ng nasabing ahensya.,investment banking,investment banking,True,금융기관·은행,,1.0,1.0,1.0,0,,0,
KO-FIN-04671,investment company과 관련된 투자 정보를 확인하고 싶습니다.,Gusto kong suriin ang impormasyon ng pamumuhunan na nauugnay sa investment company.,investment company,investment company,True,자산운용·투자,,1.0,1.0,1.0,0,,0,
KO-FIN-04675,ISDN과 관련된 내용을 확인하고 싶습니다.,Gusto kong suriin ang tungkol sa Integrated Service Degital Network,ISDN,ISDN,True,기타 금융일반,,1.0,1.0,1.0,0,,0,
KO-FIN-04676,ISDN의 정확한 의미는 해당 금융거래의 맥락과 함께 확인해야 합니다.,Ang eksaktong kahulugan ng Integrated Service Degital Network ay dapat patunayan sa konteksto ng kalakalan sa pananalapi.,ISDN,ISDN,True,기타 금융일반,,1.0,1.0,1.0,0,,0,
KO-FIN-04677,ISIN이 무엇인지 설명해 주세요.,Ipaliwanag kung ano ang ISO 6166.,ISIN,ISIN,True,증권·예탁,,1.0,1.0,1.0,0,,0,
KO-FIN-04685,ISMA이 무엇을 의미하나요?,Ano ang ibig sabihin ng International Securities Market Associations?,ISMA,ISMA,True,금융시장·거래,증권·예탁,1.0,1.0,1.0,0,,0,
KO-FIN-04689,ISO 20022이 무엇인지 설명해 주세요.,Ipaliwanag kung ano ang ISO 20022.,ISO 20022,ISO 20022,True,증권·예탁,,1.0,1.0,1.0,0,,0,
KO-FIN-04693,ISO 7775이 무엇인지 설명해 주세요.,Ipaliwanag kung ano ang ISO 7775.,ISO 7775,ISO 7775,True,증권·예탁,,1.0,1.0,1.0,0,,0,
KO-FIN-04697,ISO이 무엇인지 설명해 주세요.,Ipaliwanag kung ano ang International Organization for Standardization.,ISO,ISO,True,증권·예탁,,1.0,1.0,1.0,0,,0,
KO-FIN-04701,ITM이 무엇인지 쉽게 설명해 주세요.,Ipaliwanag mo kung ano ang In-The-Money.,ITM,ITM,True,파생상품,,1.0,1.0,1.0,0,,0,
KO-FIN-04705,Jobber이 무엇을 의미하나요?,Ano ang ibig sabihin ng Jobber?,Jobber,Jobber,True,금융시장·거래,,1.0,1.0,1.0,0,,0,
KO-FIN-04709,kassenverein이 무엇인지 설명해 주세요.,Ipaliwanag kung ano ang kassenverein.,kassenverein,kassenverein,True,증권·예탁,,1.0,1.0,1.0,0,,0,
KO-FIN-04713,KELER이 무엇인지 설명해 주세요.,Ipaliwanag kung ano ang KELER.,KELER,KELER,True,증권·예탁,금융시장·거래,1.0,1.0,1.0,0,,0,
KO-FIN-04719,killer bees과 관련된 투자 정보를 확인하고 싶습니다.,Gusto kong suriin ang impormasyon ng pamumuhunan na nauugnay sa killer bees.,killer bees,killer bees,True,자산운용·투자,,1.0,1.0,1.0,0,,0,
KO-FIN-04721,know-your customer rule이 무엇을 의미하나요?,Ano ang ibig sabihin ng know-your customer rule?,know-your customer rule,know-your customer rule,True,금융시장·거래,,1.0,1.0,1.0,0,,0,
KO-FIN-04725,KOSPI 200이 무엇인지 설명해 주세요.,Ipaliwanag kung ano ang Korea Composite Stock Price Index 200.,KOSPI 200,KOSPI 200,True,주식,,1.0,1.0,1.0,0,,0,
KO-FIN-04729,Lamfalussy기준이 무엇인지 설명해 주세요.,Ipaliwanag kung ano ang Lamfalussy pamantayan.,Lamfalussy기준,Lamfalussy기준,True,지급결제·청산,,1.0,1.0,1.0,0,,40,Lamfalussy기준
KO-FIN-04736,LBO은 심사 결과에 따라 이용 가능 여부가 달라질 수 있습니다.,Ang Leveraged Buy Out ay maaaring mag-iba depende sa mga resulta ng pagsusuri.,LBO,LBO,True,대출,,1.0,1.0,1.0,0,,0,
KO-FIN-04737,Link-Up Markets이 무엇인지 설명해 주세요.,Ipaliwanag kung ano ang Link-Up Markets.,Link-Up Markets,Link-Up Markets,True,지급결제·청산,,1.0,1.0,1.0,0,,0,
KO-FIN-04741,local trader이 무엇을 의미하나요?,Ano ang ibig sabihin ng local trader?,local trader,local trader,True,금융시장·거래,,1.0,1.0,1.0,0,,0,
KO-FIN-04746,M&A을 이용하려면 어떤 조건이 필요한가요?,Ano ang mga kundisyon para magamit ang Mga M&A?,M&A,M&A,True,기업금융·자본조달,,1.0,1.0,1.0,0,,0,
KO-FIN-04747,M&A과 관련된 비용과 절차를 확인하고 싶습니다.,Gusto kong suriin ang mga gastos at pamamaraan na nauugnay sa Mga M&A.,M&A,M&A,True,기업금융·자본조달,,1.0,1.0,1.0,0,,0,
KO-FIN-04752,"M1, M2, M3과 관련된 세부 업무는 해당 기관의 안내를 확인해 주세요.","Para sa mga detalyadong gawain na nauugnay sa M1, M2, M3. mangyaring suriin ang mga tagubilin ng nasabing ahensya.","M1, M2, M3","M1, M2, M3",True,금융기관·은행,,1.0,1.0,1.0,0,,0,
KO-FIN-04753,MADOFF이 무엇을 의미하나요?,Ano ang ibig sabihin ng MADOFF?,MADOFF,MADOFF,True,금융시장·거래,증권·예탁,1.0,1.0,1.0,0,,0,
KO-FIN-04757,MALONEY ACT이 무엇을 의미하나요?,Ano ang ibig sabihin ng MALONEY ACT?,MALONEY ACT,MALONEY ACT,True,금융시장·거래,,1.0,1.0,1.0,0,,0,
KO-FIN-04761,matched book이 무엇을 의미하나요?,Ano ang ibig sabihin ng matched book?,matched book,matched book,True,금융시장·거래,,1.0,1.0,1.0,0,,0,
KO-FIN-04768,matching fund은 운용 결과에 따라 원금 손실이 발생할 수 있습니다.,Ang matching fund ay maaaring maging sanhi ng pagkawala ng pondo depende sa mga resulta ng pagpapatakbo.,matching fund,matching fund,True,펀드·신탁,자산운용·투자,1.0,1.0,1.0,0,,0,
KO-FIN-04769,MIC이 무엇을 의미하나요?,"Ano ang ibig sabihin ng Market Identifier Codes, 시장식별코드?",MIC,MIC,True,금융시장·거래,,1.0,1.0,1.0,0,,0,
KO-FIN-04775,MiFID과 관련된 투자 정보를 확인하고 싶습니다.,"Gusto kong suriin ang impormasyon ng pamumuhunan na nauugnay sa Market in Financial Instrument Directive, 유럽의 금융상품투자지침.",MiFID,MiFID,True,자산운용·투자,,1.0,1.0,1.0,0,,0,
KO-FIN-04777,MIT이 무엇을 의미하나요?,Ano ang ibig sabihin ng Market-If-Touched) 주문?,MIT,MIT,True,금융시장·거래,,1.0,1.0,1.0,0,,0,
KO-FIN-04784,MM의 자본구조 이론은 심사 결과에 따라 이용 가능 여부가 달라질 수 있습니다.,Ang Ang teorya ng istraktura ng kapital ng MM ay maaaring mag-iba depende sa mga resulta ng pagsusuri.,MM의 자본구조 이론,MM의 자본구조 이론,True,대출,,1.0,1.0,1.0,0,,0,
KO-FIN-04785,Moddy's investment grade이 무엇인지 설명해 주세요.,Ipaliwanag kung ano ang Ang Moddy's investment grade.,Moddy's investment grade,Moddy's investment grade,True,채권,,1.0,1.0,1.0,0,,40,Moddy's investment grade
KO-FIN-04789,MONTE TITOLI S.P.A.이 무엇인지 설명해 주세요.,Ipaliwanag kung ano ang MONTE TITOLI S.P.A..,MONTE TITOLI S.P.A.,MONTE TITOLI S.P.A.,True,증권·예탁,주식 / 금융기관·은행,1.0,1.0,1.0,0,,0,
KO-FIN-04793,MSRB이 무엇인지 설명해 주세요.,Ipaliwanag kung ano ang Municipal Securities Rulemaking Board.,MSRB,MSRB,True,증권·예탁,,1.0,1.0,1.0,0,,0,
KO-FIN-04800,narrow bank은 심사 결과에 따라 이용 가능 여부가 달라질 수 있습니다.,Ang narrow bank ay maaaring mag-iba depende sa mga resulta ng pagsusuri.,narrow bank,narrow bank,True,대출,,1.0,1.0,1.0,0,,0,
KO-FIN-04801,national market system이 무엇을 의미하나요?,Ano ang ibig sabihin ng NMS?,national market system,national market system,True,금융시장·거래,,1.0,1.0,1.0,0,,0,
KO-FIN-04805,NECIGEF이 무엇인지 설명해 주세요.,Ipaliwanag kung ano ang Nederlands Centraal Instituut voor Giraal Effectenverkeer B.V..,NECIGEF,NECIGEF,True,증권·예탁,금융시장·거래,1.0,1.0,1.0,0,,0,
KO-FIN-04809,net credit or net debit position이 무엇인지 설명해 주세요.,Ipaliwanag kung ano ang net credit or net debit position.,net credit or net debit position,net credit or net debit position,True,지급결제·청산,,1.0,1.0,1.0,0,,0,
KO-FIN-04813,net debit caps이 무엇인지 설명해 주세요.,Ipaliwanag kung ano ang net debit caps.,net debit caps,net debit caps,True,증권·예탁,,1.0,1.0,1.0,0,,0,
KO-FIN-04817,net sender limits이 무엇인지 설명해 주세요.,Ipaliwanag kung ano ang net sender limits.,net sender limits,net sender limits,True,지급결제·청산,,1.0,1.0,1.0,0,,0,
KO-FIN-04821,NICRA이 무엇인지 설명해 주세요.,Ipaliwanag kung ano ang New International Credit Rating Agency.,NICRA,NICRA,True,채권,,1.0,1.0,1.0,0,,0,
KO-FIN-04827,NMPG과 관련된 내용을 확인하고 싶습니다.,Gusto kong suriin ang tungkol sa National Market Practice Group,NMPG,NMPG,True,기타 금융일반,,1.0,1.0,1.0,0,,0,
KO-FIN-04828,NMPG의 정확한 의미는 해당 금융거래의 맥락과 함께 확인해야 합니다.,Ang eksaktong kahulugan ng National Market Practice Group ay dapat patunayan sa konteksto ng kalakalan sa pananalapi.,NMPG,NMPG,True,기타 금융일반,,1.0,1.0,1.0,0,,0,
KO-FIN-04829,nominee name이 무엇인지 설명해 주세요.,Ipaliwanag kung ano ang nominee name.,nominee name,nominee name,True,증권·예탁,주식,1.0,1.0,1.0,0,,0,
KO-FIN-04836,nostro account과 관련된 세부 업무는 해당 기관의 안내를 확인해 주세요.,Para sa mga detalyadong gawain na nauugnay sa nostro account mangyaring suriin ang mga tagubilin ng nasabing ahensya.,nostro account,nostro account,True,금융기관·은행,,1.0,1.0,1.0,0,,0,
KO-FIN-04837,NSCC이 무엇을 의미하나요?,Ano ang ibig sabihin ng National Securities Clearing Corporation?,NSCC,NSCC,True,금융시장·거래,지급결제·청산 / 펀드·신탁 / 증권·예탁,1.0,1.0,1.0,0,,0,
KO-FIN-04841,NYSE rule 387이 무엇을 의미하나요?,Ano ang ibig sabihin ng A?,NYSE rule 387,NYSE rule 387,True,금융시장·거래,증권·예탁,1.0,1.0,1.0,0,,0,
KO-FIN-04847,on-line system과 관련된 투자 정보를 확인하고 싶습니다.,Gusto kong suriin ang impormasyon ng pamumuhunan na nauugnay sa on-line system.,on-line system,on-line system,True,자산운용·투자,,1.0,1.0,1.0,0,,0,
KO-FIN-04849,open position이 무엇을 의미하나요?,Ano ang ibig sabihin ng open position?,open position,open position,True,금융시장·거래,,1.0,1.0,1.0,0,,0,
KO-FIN-04853,OTM이 무엇을 의미하나요?,Ano ang ibig sabihin ng Out of the money?,OTM,OTM,True,금융시장·거래,,1.0,1.0,1.0,0,,0,
KO-FIN-04858,P&A에서 이용할 수 있는 금융업무는 무엇인가요?,Ano ang mga serbisyo sa pananalapi na magagamit sa P&A?,P&A,P&A,True,금융기관·은행,,1.0,1.0,1.0,0,,40,P&A
KO-FIN-04861,pac-man strategy이 무엇인지 설명해 주세요.,Ipaliwanag kung ano ang pac-man strategy.,pac-man strategy,pac-man strategy,True,주식,,1.0,1.0,1.0,0,,0,
KO-FIN-04866,paper-based credit transfers은 어디에서 확인할 수 있나요?,Saan ko malalaman ang paper-based credit transfers?,paper-based credit transfers,paper-based credit transfers,True,계좌,이체,1.0,1.0,1.0,0,,0,
KO-FIN-04872,PB은 심사 결과에 따라 이용 가능 여부가 달라질 수 있습니다.,"Ang PrimeBroker, 프라임브로커 ay maaaring mag-iba depende sa mga resulta ng pagsusuri.",PB,PB,True,대출,,1.0,1.0,1.0,0,,0,
KO-FIN-04873,PIKS이 무엇인지 설명해 주세요.,Ipaliwanag kung ano ang payment-in-king securities.,PIKS,PIKS,True,채권,,1.0,1.0,1.0,0,,0,
KO-FIN-04877,plus tick이 무엇을 의미하나요?,Ano ang ibig sabihin ng plus tick?,plus tick,plus tick,True,금융시장·거래,,1.0,1.0,1.0,0,,0,
KO-FIN-04881,poison pill이 무엇인지 설명해 주세요.,Ipaliwanag kung ano ang poison pill.,poison pill,poison pill,True,주식,,1.0,1.0,1.0,0,,0,
KO-FIN-04885,POSIT이 무엇을 의미하나요?,Ano ang ibig sabihin ng POSIT?,POSIT,POSIT,True,금융시장·거래,,1.0,1.0,1.0,0,,0,
KO-FIN-04889,position에 대해 자세히 알려주세요.,Magbigay ng detalye tungkol sa position.,position,position,True,해외송금·외환,금융시장·거래,1.0,1.0,1.0,0,,0,
KO-FIN-04890,position을 확인하고 싶습니다.,Gusto kong suriin ang position,position,position,True,해외송금·외환,금융시장·거래,1.0,1.0,1.0,0,,0,
KO-FIN-04896,pre-commitment approach과 관련된 세부 업무는 해당 기관의 안내를 확인해 주세요.,Para sa mga detalyadong gawain na nauugnay sa pre-commitment approach mangyaring suriin ang mga tagubilin ng nasabing ahensya.,pre-commitment approach,pre-commitment approach,True,금융기관·은행,,1.0,1.0,1.0,0,,0,
KO-FIN-04897,PTS이 무엇을 의미하나요?,Ano ang ibig sabihin ng Participant Terminal System?,PTS,PTS,True,금융시장·거래,증권·예탁,1.0,1.0,1.0,0,,0,
KO-FIN-04903,QFI과 관련된 투자 정보를 확인하고 싶습니다.,"Gusto kong suriin ang impormasyon ng pamumuhunan na nauugnay sa Qualified Foreign Intermediary, 적격외국금융기관.",QFI,QFI,True,자산운용·투자,,1.0,1.0,1.0,0,,0,
KO-FIN-04907,QIB과 관련된 투자 정보를 확인하고 싶습니다.,"Gusto kong suriin ang impormasyon ng pamumuhunan na nauugnay sa Qualified Institutional Buyer, 적격기관투자자.",QIB,QIB,True,자산운용·투자,,1.0,1.0,1.0,0,,0,
KO-FIN-04909,QuantEX이 무엇을 의미하나요?,Ano ang ibig sabihin ng QuantEX?,QuantEX,QuantEX,True,금융시장·거래,,1.0,1.0,1.0,0,,0,
KO-FIN-04913,registar이 무엇인지 설명해 주세요.,Ipaliwanag kung ano ang registar.,registar,registar,True,채권,증권·예탁,1.0,1.0,1.0,0,,0,
KO-FIN-04917,registered competitive trader이 무엇을 의미하나요?,Ano ang ibig sabihin ng registered competitive trader?,registered competitive trader,registered competitive trader,True,금융시장·거래,,1.0,1.0,1.0,0,,0,
KO-FIN-04921,REGULATION A이 금융거래에 어떻게 적용되나요?,Paano ito nalalapat sa pananalapi?,REGULATION A,REGULATION A,True,금융법규·감독,,0.0,1.0,0.0,0,REGULATION A,0,
KO-FIN-04923,REGULATION A 때문에 추가로 확인해야 할 사항이 있나요?,Mayroon bang karagdagang bagay na dapat kong suriin dahil sa REGULATION A?,REGULATION A,REGULATION A,True,금융법규·감독,,1.0,1.0,1.0,0,,0,
KO-FIN-04925,REGULATION D이 금융거래에 어떻게 적용되나요?,Paano ito nalalapat sa pananalapi?,REGULATION D,REGULATION D,True,금융법규·감독,,0.0,1.0,0.0,0,REGULATION D,0,
KO-FIN-04927,REGULATION D 때문에 추가로 확인해야 할 사항이 있나요?,Mayroon bang karagdagang bagay na dapat kong suriin dahil sa REGULATION D?,REGULATION D,REGULATION D,True,금융법규·감독,,1.0,1.0,1.0,0,,0,
KO-FIN-04932,REGULATION G은 심사 결과에 따라 이용 가능 여부가 달라질 수 있습니다.,Ang REGULATION G ay maaaring mag-iba depende sa mga resulta ng pagsusuri.,REGULATION G,REGULATION G,True,대출,,1.0,1.0,1.0,0,,0,
KO-FIN-04935,REGULATION Q에 대해 상담받고 싶습니다.,Gusto kong kumunsulta tungkol sa REGULATION Q.,REGULATION Q,REGULATION Q,True,예금상품,,1.0,1.0,1.0,0,,0,
KO-FIN-04937,REGULATION T이 무엇인지 설명해 주세요.,Ipaliwanag kung ano ang REGULATION T.,REGULATION T,REGULATION T,True,증권·예탁,,1.0,1.0,1.0,0,,0,
KO-FIN-04941,REGULATION U이 무엇인지 설명해 주세요.,Ipaliwanag kung ano ang REGULATION U.,REGULATION U,REGULATION U,True,증권·예탁,대출,1.0,1.0,1.0,0,,0,
KO-FIN-04945,RELIT이 무엇인지 설명해 주세요.,"Ipaliwanag kung ano ang Reglement et Livraison de Titres, Payment and Delivery of Shares) System.",RELIT,RELIT,True,지급결제·청산,금융시장·거래,1.0,1.0,1.0,0,,0,
KO-FIN-04949,reorganization이 무엇인지 설명해 주세요.,Ipaliwanag kung ano ang reorganization.,reorganization,reorganization,True,채권,,1.0,1.0,1.0,0,,0,
KO-FIN-04956,repo-to-maturity은 심사 결과에 따라 이용 가능 여부가 달라질 수 있습니다.,Ang repo-to-maturity ay maaaring mag-iba depende sa mga resulta ng pagsusuri.,repo-to-maturity,repo-to-maturity,True,대출,,1.0,1.0,1.0,0,,0,
KO-FIN-04957,repo/RP이 무엇인지 설명해 주세요.,Ipaliwanag kung ano ang repurchase agreements.,repo/RP,repo/RP,True,채권,증권·예탁 / 금융시장·거래 / 대출,1.0,1.0,1.0,0,,0,
KO-FIN-04961,RGV이 무엇인지 설명해 주세요.,Ipaliwanag kung ano ang Relit Grand Vitesse.,RGV,RGV,True,지급결제·청산,금융기관·은행,1.0,1.0,1.0,0,,0,
KO-FIN-04965,round lot이 무엇을 의미하나요?,Ano ang ibig sabihin ng round lot?,round lot,round lot,True,금융시장·거래,,1.0,1.0,1.0,0,,0,
KO-FIN-04969,RSI이 무엇인지 설명해 주세요.,"Ipaliwanag kung ano ang Regional Settlement Intermediary, 역내예탁결제기구.",RSI,RSI,True,증권·예탁,,1.0,1.0,1.0,0,,0,
KO-FIN-04975,rule OF 72과 관련된 투자 정보를 확인하고 싶습니다.,Gusto kong suriin ang impormasyon ng pamumuhunan na nauugnay sa rule OF 72.,rule OF 72,rule OF 72,True,자산운용·투자,,1.0,1.0,1.0,0,,0,
KO-FIN-04977,rule of fair practice이 무엇인지 설명해 주세요.,Ipaliwanag kung ano ang rule of fair practice.,rule of fair practice,rule of fair practice,True,증권·예탁,,1.0,1.0,1.0,0,,0,
KO-FIN-04981,RVP이 무엇인지 설명해 주세요.,Ipaliwanag kung ano ang Receive Versus Payment.,RVP,RVP,True,증권·예탁,,1.0,1.0,1.0,0,,0,
KO-FIN-04985,S&R이 무엇인지 설명해 주세요.,Ipaliwanag kung ano ang S&R.,S&R,S&R,True,지급결제·청산,,1.0,1.0,1.0,0,,0,
KO-FIN-04989,SAFE 21이 무엇인지 설명해 주세요.,Ipaliwanag kung ano ang SAFE 21.,SAFE 21,SAFE 21,True,증권·예탁,,1.0,1.0,1.0,0,,0,
KO-FIN-04993,Saturday night special이 무엇인지 설명해 주세요.,Ipaliwanag kung ano ang Saturday night special.,Saturday night special,Saturday night special,True,주식,,1.0,1.0,1.0,0,,0,
KO-FIN-04997,SCHEDULE 13D이 무엇인지 설명해 주세요.,Ipaliwanag kung ano ang SCHEDULE 13D.,SCHEDULE 13D,SCHEDULE 13D,True,주식,,1.0,1.0,1.0,0,,0,
KO-FIN-05001,SECOM이 무엇을 의미하나요?,Ano ang ibig sabihin ng SEGA Communication System?,SECOM,SECOM,True,금융시장·거래,,1.0,1.0,1.0,0,,0,
KO-FIN-05005,SEDOL이 무엇을 의미하나요?,Ano ang ibig sabihin ng Stock Exchange Daily Official List?,SEDOL,SEDOL,True,금융시장·거래,,1.0,1.0,1.0,0,,0,
KO-FIN-05009,SEGA이 무엇인지 설명해 주세요.,"Ipaliwanag kung ano ang Schweizerische Effekten Giro AG, Swiss Securities Clearing Corporation.",SEGA,SEGA,True,증권·예탁,,1.0,1.0,1.0,0,,0,
KO-FIN-05013,segregation of securities이 무엇인지 설명해 주세요.,Ipaliwanag kung ano ang segregation of securities.,segregation of securities,segregation of securities,True,증권·예탁,,1.0,1.0,1.0,0,,0,
KO-FIN-05017,settlement이 무엇인지 설명해 주세요.,Ipaliwanag kung ano ang settlement.,settlement,settlement,True,채권,,1.0,1.0,1.0,0,,0,
KO-FIN-05021,SIAC이 무엇을 의미하나요?,Ano ang ibig sabihin ng Securities Industry Automation Corporation?,SIAC,SIAC,True,금융시장·거래,,1.0,1.0,1.0,0,,0,
KO-FIN-05025,SICOVAM이 무엇인지 설명해 주세요.,Ipaliwanag kung ano ang SICOVAM.,SICOVAM,SICOVAM,True,증권·예탁,,1.0,1.0,1.0,0,,0,
KO-FIN-05029,SIS SegaIntersettle이 무엇인지 설명해 주세요.,Ipaliwanag kung ano ang SIS SegaIntersettle.,SIS SegaIntersettle,SIS SegaIntersettle,True,증권·예탁,,1.0,1.0,1.0,0,,0,
KO-FIN-05034,sleeping beauty과 관련된 금리와 비용을 확인하고 싶습니다.,Gusto kong suriin ang mga interes at gastos na nauugnay sa sleeping beauty.,sleeping beauty,sleeping beauty,True,부동산금융,,1.0,1.0,1.0,0,,0,
KO-FIN-05035,sleeping beauty을 이용할 때 필요한 서류는 무엇인가요?,Ano ang mga dokumento na kailangan kapag gumagamit ka ng sleeping beauty?,sleeping beauty,sleeping beauty,True,부동산금융,,1.0,1.0,1.0,0,,0,
KO-FIN-05037,SMPG이 무엇인지 설명해 주세요.,Ipaliwanag kung ano ang Securities Market Practice Group.,SMPG,SMPG,True,증권·예탁,,1.0,1.0,1.0,0,,0,
KO-FIN-05043,snow balling과 관련된 내용을 확인하고 싶습니다.,Gusto kong suriin ang tungkol sa snow balling,snow balling,snow balling,True,기타 금융일반,,1.0,1.0,1.0,0,,0,
KO-FIN-05044,snow balling의 정확한 의미는 해당 금융거래의 맥락과 함께 확인해야 합니다.,Ang eksaktong kahulugan ng snow balling ay dapat patunayan sa konteksto ng kalakalan sa pananalapi.,snow balling,snow balling,True,기타 금융일반,,1.0,1.0,1.0,0,,0,
KO-FIN-05045,spagetti problem이 무엇인지 설명해 주세요.,Ipaliwanag kung ano ang factory.,spagetti problem,spagetti problem,True,증권·예탁,,1.0,1.0,1.0,0,,0,
KO-FIN-05049,stock power이 무엇인지 설명해 주세요.,Ipaliwanag kung ano ang stock power.,stock power,stock power,True,주식,,1.0,1.0,1.0,0,,0,
KO-FIN-05053,stock watcher이 무엇을 의미하나요?,Ano ang ibig sabihin ng stock watcher?,stock watcher,stock watcher,True,금융시장·거래,,1.0,1.0,1.0,0,,0,
KO-FIN-05057,STP이 무엇을 의미하나요?,Ano ang ibig sabihin ng Straight-through Processing?,STP,STP,True,금융시장·거래,,1.0,1.0,1.0,0,,0,
KO-FIN-05061,street name이 무엇인지 설명해 주세요.,Ipaliwanag kung ano ang street name.,street name,street name,True,증권·예탁,,1.0,1.0,1.0,0,,0,
KO-FIN-05068,subparticipation은 심사 결과에 따라 이용 가능 여부가 달라질 수 있습니다.,Ang subparticipation ay maaaring mag-iba depende sa mga resulta ng pagsusuri.,subparticipation,subparticipation,True,대출,,1.0,1.0,1.0,0,,0,
KO-FIN-05069,suicide pill이 무엇인지 설명해 주세요.,Ipaliwanag kung ano ang suicide pill.,suicide pill,suicide pill,True,주식,,1.0,1.0,1.0,0,,0,
KO-FIN-05076,sunday bank과 관련된 세부 업무는 해당 기관의 안내를 확인해 주세요.,Para sa mga detalyadong gawain na nauugnay sa sunday bank mangyaring suriin ang mga tagubilin ng nasabing ahensya.,sunday bank,sunday bank,True,금융기관·은행,,1.0,1.0,1.0,0,,0,
KO-FIN-05077,sushi bond이 무엇인지 설명해 주세요.,Ipaliwanag kung ano ang sushi bond.,sushi bond,sushi bond,True,채권,,1.0,1.0,1.0,0,,0,
KO-FIN-05081,SWIFT에 대해 자세히 알려주세요.,Magbigay ng detalye tungkol sa Society for Worldwide Interbank Financial Telecommunication.,SWIFT,SWIFT,True,해외송금·외환,금융시장·거래 / 국제금융,1.0,1.0,1.0,0,,0,
KO-FIN-05082,SWIFT을 확인하고 싶습니다.,Gusto kong suriin ang Society for Worldwide Interbank Financial Telecommunication,SWIFT,SWIFT,True,해외송금·외환,금융시장·거래 / 국제금융,1.0,1.0,1.0,0,,0,
KO-FIN-05088,system repo과 관련된 세부 업무는 해당 기관의 안내를 확인해 주세요.,Para sa mga detalyadong gawain na nauugnay sa system repo mangyaring suriin ang mga tagubilin ng nasabing ahensya.,system repo,system repo,True,금융기관·은행,,1.0,1.0,1.0,0,,0,
KO-FIN-05089,T-BILL이 무엇인지 설명해 주세요.,Ipaliwanag kung ano ang T-BILL.,T-BILL,T-BILL,True,증권·예탁,,1.0,1.0,1.0,0,,0,
KO-FIN-05093,T-BOND이 무엇인지 설명해 주세요.,Ipaliwanag kung ano ang T-BOND.,T-BOND,T-BOND,True,증권·예탁,,1.0,1.0,1.0,0,,0,
KO-FIN-05097,T-NOTE이 무엇인지 설명해 주세요.,Ipaliwanag kung ano ang T-NOTE.,T-NOTE,T-NOTE,True,증권·예탁,,1.0,1.0,1.0,0,,0,
KO-FIN-05101,T2S이 무엇인지 설명해 주세요.,Ipaliwanag kung ano ang TARGET2-Securities.,T2S,T2S,True,지급결제·청산,증권·예탁,1.0,1.0,1.0,0,,0,
KO-FIN-05105,TAKASBANK이 무엇인지 설명해 주세요.,Ipaliwanag kung ano ang TAKASBANK.,TAKASBANK,TAKASBANK,True,증권·예탁,금융기관·은행,1.0,1.0,1.0,0,,0,
KO-FIN-05109,TALISMAN이 무엇을 의미하나요?,Ano ang ibig sabihin ng TALISMAN?,TALISMAN,TALISMAN,True,금융시장·거래,지급결제·청산 / 증권·예탁,1.0,1.0,1.0,0,,0,
KO-FIN-05113,TARGET이 무엇인지 설명해 주세요.,Ipaliwanag kung ano ang TARGET.,TARGET,TARGET,True,지급결제·청산,금융기관·은행,1.0,1.0,1.0,0,,0,
KO-FIN-05117,TAURUS이 무엇을 의미하나요?,Ano ang ibig sabihin ng Transfer and Automated Registration of Uncertificated Stock?,TAURUS,TAURUS,True,금융시장·거래,,1.0,1.0,1.0,0,,0,
KO-FIN-05123,tax call option과 관련된 납부 내역을 확인하고 싶습니다.,Gusto kong suriin ang mga input ng pagbabayad na nauugnay sa tax call option.,tax call option,tax call option,True,세금,,1.0,1.0,1.0,0,,0,
KO-FIN-05124,tax call option의 적용 여부는 거래 유형과 세법에 따라 달라질 수 있습니다.,Ang paggamit ng tax call option ay maaaring mag-iiba depende sa uri ng transaksyon at batas sa buwis.,tax call option,tax call option,True,세금,,1.0,1.0,1.0,0,,0,
KO-FIN-05128,TELEKURS과 관련된 세부 업무는 해당 기관의 안내를 확인해 주세요.,Para sa mga detalyadong gawain na nauugnay sa TELEKURS mangyaring suriin ang mga tagubilin ng nasabing ahensya.,TELEKURS,TELEKURS,True,금융기관·은행,,1.0,1.0,1.0,0,,0,
KO-FIN-05129,tick이 무엇인지 설명해 주세요.,Ipaliwanag kung ano ang tick.,tick,tick,True,증권·예탁,,1.0,1.0,1.0,0,,0,
KO-FIN-05133,ticker tape이 무엇을 의미하나요?,Ano ang ibig sabihin ng ticker tape?,ticker tape,ticker tape,True,금융시장·거래,,1.0,1.0,1.0,0,,0,
KO-FIN-05137,TRADEPOINT이 무엇을 의미하나요?,Ano ang ibig sabihin ng TRADEPOINT?,TRADEPOINT,TRADEPOINT,True,금융시장·거래,,1.0,1.0,1.0,0,,0,
KO-FIN-05141,tranches이 무엇인지 설명해 주세요.,Ipaliwanag kung ano ang tranches.,tranches,tranches,True,채권,,1.0,1.0,1.0,0,,0,
KO-FIN-05145,TRAX이 무엇인지 설명해 주세요.,Ipaliwanag kung ano ang TRAX.,TRAX,TRAX,True,증권·예탁,,1.0,1.0,1.0,0,,0,
KO-FIN-05149,twenty-day period이 무엇인지 설명해 주세요.,Ipaliwanag kung ano ang twenty-day period.,twenty-day period,twenty-day period,True,증권·예탁,,1.0,1.0,1.0,0,,0,
KO-FIN-05153,two-dollar broker이 무엇을 의미하나요?,Ano ang ibig sabihin ng two-dollar broker?,two-dollar broker,two-dollar broker,True,금융시장·거래,,1.0,1.0,1.0,0,,0,
KO-FIN-05157,two-sided comparison이 무엇을 의미하나요?,Ano ang ibig sabihin ng two-sided comparison?,two-sided comparison,two-sided comparison,True,금융시장·거래,,1.0,1.0,1.0,0,,0,
KO-FIN-05163,UNIFI과 관련된 내용을 확인하고 싶습니다.,Gusto kong suriin ang tungkol sa UNIversal Financial Industry message scheme,UNIFI,UNIFI,True,기타 금융일반,,1.0,1.0,1.0,0,,0,
KO-FIN-05164,UNIFI의 정확한 의미는 해당 금융거래의 맥락과 함께 확인해야 합니다.,Ang eksaktong kahulugan ng UNIversal Financial Industry message scheme ay dapat patunayan sa konteksto ng kalakalan sa pananalapi.,UNIFI,UNIFI,True,기타 금융일반,,1.0,1.0,1.0,0,,0,
KO-FIN-05165,uniform practice code이 금융거래에 어떻게 적용되나요?,Paano ito nalalapat sa pananalapi?,uniform practice code,uniform practice code,True,금융법규·감독,,0.0,1.0,0.0,0,uniform practice code,0,
KO-FIN-05167,uniform practice code 때문에 추가로 확인해야 할 사항이 있나요?,Mayroon bang karagdagang mga bagay na dapat kong suriin dahil sa uniform practice code?,uniform practice code,uniform practice code,True,금융법규·감독,,1.0,1.0,1.0,0,,0,
KO-FIN-05169,uptick이 무엇인지 설명해 주세요.,Ipaliwanag kung ano ang uptick.,uptick,uptick,True,주식,,1.0,1.0,1.0,0,,0,
KO-FIN-05173,value broker이 무엇을 의미하나요?,Ano ang ibig sabihin ng value broker?,value broker,value broker,True,금융시장·거래,,1.0,1.0,1.0,0,,0,
KO-FIN-05180,value date과 관련된 세부 업무는 해당 기관의 안내를 확인해 주세요.,Para sa mga detalyadong gawain na nauugnay sa value date mangyaring suriin ang mga tagubilin ng nasabing ahensya.,value date,value date,True,금융기관·은행,,1.0,1.0,1.0,0,,0,
KO-FIN-05181,VAR에 대해 자세히 알려주세요.,Magbigay ng detalye tungkol sa Value at risk.,VAR,VAR,True,해외송금·외환,,1.0,1.0,1.0,0,,0,
KO-FIN-05182,VAR을 확인하고 싶습니다.,Gusto kong suriin ang Value at risk,VAR,VAR,True,해외송금·외환,,1.0,1.0,1.0,0,,0,
KO-FIN-05185,VP이 무엇인지 설명해 주세요.,Ipaliwanag kung ano ang VP.,VP,VP,True,증권·예탁,,1.0,1.0,1.0,0,,0,
KO-FIN-05189,VPC이 무엇을 의미하나요?,Ano ang ibig sabihin ng VPC?,VPC,VPC,True,금융시장·거래,지급결제·청산,1.0,1.0,1.0,0,,0,
KO-FIN-05193,VPS이 무엇인지 설명해 주세요.,Ipaliwanag kung ano ang VPS.,VPS,VPS,True,증권·예탁,,1.0,1.0,1.0,0,,0,
KO-FIN-05199,WHITE KNIGHT과 관련된 내용을 확인하고 싶습니다.,Gusto kong suriin ang tungkol sa WHITE KNIGHT,WHITE KNIGHT,WHITE KNIGHT,True,기타 금융일반,,1.0,1.0,1.0,0,,0,
KO-FIN-05200,WHITE KNIGHT의 정확한 의미는 해당 금융거래의 맥락과 함께 확인해야 합니다.,Ang eksaktong kahulugan ng WHITE KNIGHT ay dapat patunayan sa konteksto ng kalakalan sa pananalapi.,WHITE KNIGHT,WHITE KNIGHT,True,기타 금융일반,,1.0,1.0,1.0,0,,0,
KO-FIN-05201,WILLIAMS ACT이 무엇인지 설명해 주세요.,Ipaliwanag kung ano ang WILLIAMS ACT.,WILLIAMS ACT,WILLIAMS ACT,True,주식,,1.0,1.0,1.0,0,,0,
KO-FIN-05205,wire house이 무엇인지 설명해 주세요.,Ipaliwanag kung ano ang wire house.,wire house,wire house,True,증권·예탁,,1.0,1.0,1.0,0,,0,
KO-FIN-05209,WIT CAPITAL이 무엇인지 설명해 주세요.,Ipaliwanag kung ano ang WIT CAPITAL.,WIT CAPITAL,WIT CAPITAL,True,증권·예탁,,1.0,1.0,1.0,0,,0,
KO-FIN-05215,X-비효율성과 관련된 내용을 확인하고 싶습니다.,Gusto kong suriin ang tungkol sa X-kapaki-pakinabang,X-비효율성,X-비효율성,True,기타 금융일반,,1.0,1.0,1.0,0,,0,
KO-FIN-05216,X-비효율성의 정확한 의미는 해당 금융거래의 맥락과 함께 확인해야 합니다.,Ang eksaktong kahulugan ng X-kapaki-pakinabang ay dapat patunayan sa konteksto ng kalakalan sa pananalapi.,X-비효율성,X-비효율성,True,기타 금융일반,,1.0,1.0,1.0,0,,0,
KO-FIN-05217,X이 무엇인지 설명해 주세요.,Ipaliwanag kung ano ang XD.,X,X,True,주식,,1.0,1.0,1.0,0,,0,
KO-FIN-05223,XML과 관련된 내용을 확인하고 싶습니다.,Gusto kong suriin ang tungkol sa eXtensible Markup Language,XML,XML,True,기타 금융일반,,1.0,1.0,1.0,0,,0,
KO-FIN-05224,XML의 정확한 의미는 해당 금융거래의 맥락과 함께 확인해야 합니다.,Ang eksaktong kahulugan ng eXtensible Markup Language ay dapat patunayan sa konteksto ng kalakalan sa pananalapi.,XML,XML,True,기타 금융일반,,1.0,1.0,1.0,0,,0,
KO-FIN-05225,XR이 무엇인지 설명해 주세요.,Ipaliwanag kung ano ang XR.,XR,XR,True,주식,,1.0,1.0,1.0,0,,0,
KO-FIN-05229,XW이 무엇인지 설명해 주세요.,Ipaliwanag kung ano ang XW.,XW,XW,True,증권·예탁,,1.0,1.0,1.0,0,,0,
KO-FIN-05233,계좌 잔액을 확인하고 싶습니다.,Gusto kong suriin ang balanse ng account.,,잔액,False,계좌,,1.0,1.0,1.0,0,,0,
KO-FIN-05234,최근 한 달간의 거래내역을 확인해 주세요.,Suriin ang mga kalakalan sa nakaraang buwan.,,거래내역,False,계좌,,1.0,1.0,1.0,0,,0,
KO-FIN-05235,제 계좌번호를 어디에서 확인할 수 있나요?,Saan ko masusuri ang aking account number?,,계좌번호,False,계좌,,1.0,1.0,1.0,0,,0,
KO-FIN-05236,입금한 금액이 계좌에 반영되었는지 확인해 주세요.,Mangyaring suriin kung ang halaga ng iyong nai-deposit ay nai-reflect sa iyong account.,,입금,False,계좌,,1.0,1.0,1.0,0,,0,
KO-FIN-05237,제가 하지 않은 출금 내역이 있습니다.,Mayroon akong mga input na hindi ko ginawa.,,출금,False,계좌,,1.0,1.0,1.0,0,,0,
KO-FIN-05238,이 계좌를 해지하려면 어떻게 해야 하나요?,Ano ang dapat kong gawin upang tanggalin ang account na ito?,,계좌해지,False,계좌,,1.0,1.0,1.0,0,,0,
KO-FIN-05239,이 계좌로 돈을 이체하고 싶습니다.,Gusto kong mag-transfer ng pera sa account na ito.,,계좌이체,False,이체,,1.0,1.0,1.0,0,,0,
KO-FIN-05240,하루 이체한도는 얼마인가요?,Ano ang limitasyon ng isang araw?,,이체한도,False,이체,,1.0,1.0,1.0,0,,0,
KO-FIN-05241,계좌이체 수수료가 있나요?,Mayroon bang mga bayarin sa paglilipat ng account?,,이체수수료,False,이체,,1.0,1.0,1.0,0,,0,
KO-FIN-05242,자동이체를 등록하고 싶습니다.,Gusto kong magrehistro ng isang autopsy.,,자동이체,False,이체,,1.0,1.0,1.0,0,,0,
KO-FIN-05244,다음 주 월요일로 예약이체를 설정해 주세요.,Mangyaring i-set up ang iyong reservation sa susunod na Linggo.,,예약이체,False,이체,,1.0,1.0,1.0,0,,0,
KO-FIN-05245,방금 잘못 이체했는데 취소할 수 있나요?,Nagkamali ako sa paglilipat. Maaari mo bang kanselahin?,,이체취소,False,이체,,1.0,1.0,1.0,0,,0,
KO-FIN-05246,이체하기 전에 수취인 이름과 계좌번호를 확인해 주세요.,Mangyaring suriin ang pangalan at numero ng account bago mag-transfer.,,수취인,False,이체,,1.0,1.0,1.0,0,,0,
KO-FIN-05247,해외에 있는 가족에게 돈을 보내고 싶습니다.,Gusto kong magpadala ng pera sa aking pamilya sa ibang bansa.,,해외송금,False,해외송금·외환,,1.0,1.0,1.0,0,,0,
KO-FIN-05248,해외송금 수수료를 확인해 주세요.,Mangyaring suriin ang mga bayarin sa pagpapadala sa ibang bansa.,,해외송금 수수료,False,해외송금·외환,,1.0,1.0,1.0,0,,0,
KO-FIN-05249,오늘 적용되는 원화와 달러의 환율을 알려주세요.,Ipaalam sa akin ang kasalukuyang halaga ng yuan at dolyar.,,환율,False,해외송금·외환,,1.0,1.0,1.0,0,,0,
KO-FIN-05250,해외송금에 필요한 SWIFT 코드는 어디에서 확인하나요?,Saan ko makikita ang Society for Worldwide Interbank Financial Telecommunication code para sa pagpapadala sa ibang bansa?,SWIFT,SWIFT 코드,False,해외송금·외환,,1.0,1.0,1.0,0,,0,
KO-FIN-05251,해외송금 전에 수취은행 정보를 확인하고 싶습니다.,Gusto kong suriin ang impormasyon ng bangko bago magpadala sa ibang bansa.,,수취은행,False,해외송금·외환,,1.0,1.0,1.0,0,,0,
KO-FIN-05252,외국인 고객의 해외송금 한도는 얼마인가요?,Ano ang limitasyon ng pagpadala ng mga dayuhang customer sa ibang bansa?,,송금한도,False,해외송금·외환,,1.0,1.0,1.0,0,,0,
KO-FIN-05253,해외송금을 했는데 아직 수취인이 돈을 받지 못했습니다.,"Nagpadala ako ng pera sa ibang bansa, at hindi pa rin nakatanggap ng pera ang mga nakatanggap.",,송금상태,False,해외송금·외환,,1.0,1.0,1.0,0,,0,
KO-FIN-05254,원화를 달러로 환전하고 싶습니다.,Gusto kong palitan ang mga dolyares sa mga dolyares.,,환전,False,해외송금·외환,,1.0,1.0,1.0,0,,0,
KO-FIN-05255,이번 달 공과금을 납부하고 싶습니다.,Gusto kong magbayad ng buwis ngayong buwan.,,공과금,False,공과금,,1.0,1.0,1.0,0,,0,
KO-FIN-05256,지난달 공과금 납부내역을 확인해 주세요.,Suriin ang mga pagbabayad ng buwis sa nakaraang buwan.,,납부내역,False,공과금,,1.0,1.0,1.0,0,,0,
KO-FIN-05257,이 공과금의 납부기한은 언제인가요?,Kailan ang deadline para sa pagbabayad ng buwis?,,납부기한,False,공과금,,1.0,1.0,1.0,0,,0,
KO-FIN-05258,전기요금을 자동납부로 등록하고 싶습니다.,Gusto kong magrehistro ng mga bayarin ng kuryente bilang isang ATM.,,자동납부,False,공과금,,1.0,1.0,1.0,0,,0,
KO-FIN-05259,공과금을 납부했는데 미납으로 표시됩니다.,"Binigay ko ang bayad ng invoice, at ito'y ipinapakita bilang hindi natanggap.",,납부오류,False,공과금,,1.0,1.0,1.0,0,,0,
KO-FIN-05260,통장을 분실해서 분실신고를 하고 싶습니다.,Gusto kong mag-report ng pagkawala.,,분실신고,False,금융 지원,,1.0,1.0,1.0,0,,0,
KO-FIN-05261,카드를 잃어버렸습니다. 바로 사용을 정지해 주세요.,Nawala ko ang card. Itigil na agad ang paggamit.,,카드분실,False,금융 지원,,1.0,1.0,1.0,0,,0,
KO-FIN-05262,상담원과 연결해 주세요.,Dalhin mo ako sa isang tagapayo.,,고객센터,False,금융 지원,,1.0,1.0,1.0,0,,0,
KO-FIN-05263,베트남어로 안내를 받을 수 있나요?,Maaari ba akong makakuha ng mga patnubay sa wikang Vietnamese?,,다국어 ARS,False,금융 지원,,1.0,1.0,1.0,0,,0,
KO-FIN-05264,업무 처리를 위해 본인확인이 필요합니다.,Kailangan mo ng pag-verify ng iyong sarili para sa pagproseso.,,본인확인,False,금융 지원,,1.0,1.0,1.0,0,,0,
KO-FIN-05265,비밀번호를 여러 번 잘못 입력해서 이용이 제한되었습니다.,"Ilang beses akong nagkamali ng password, kaya na-restrict ako.",,비밀번호,False,금융 지원,,1.0,1.0,1.0,0,,0,
KO-FIN-05266,보이스피싱이 의심되는 송금을 했습니다. 어떻게 해야 하나요?,Nag-transfer ako ng suspek na voice spying. Ano ang gagawin ko?,,보이스피싱,False,금융 지원,,1.0,1.0,1.0,0,,0,
KO-FIN-05267,정기예금 금리는 얼마인가요?,Magkano ang interest sa regular deposit?,,정기예금,False,예금상품,,1.0,1.0,1.0,0,,0,
KO-FIN-05268,외국인도 적금에 가입할 수 있나요?,Maaari bang sumali ang mga dayuhan?,,적금,False,예금상품,,1.0,1.0,1.0,0,,0,
KO-FIN-05269,예금을 중도해지하면 이자는 어떻게 되나요?,Ano ang mangyayari sa kita kung i-hedge mo ang iyong deposito?,,중도해지,False,예금상품,,1.0,1.0,1.0,0,,0,
KO-FIN-05270,예금 만기일은 언제인가요?,Kailan ang Pagtuklas araw ng deposito?,만기,만기,True,예금상품,,1.0,1.0,1.0,0,,70,만기
KO-FIN-05271,외국인도 대출을 받을 수 있나요?,Maaari bang kumuha ng pautang ang mga dayuhan?,,대출,False,대출,,1.0,1.0,1.0,0,,0,
KO-FIN-05272,대출금리는 어떻게 결정되나요?,Paano ang mga bayarin ay tinukoy?,,대출금리,False,대출,,1.0,1.0,1.0,0,,0,
KO-FIN-05273,대출금의 상환일은 언제인가요?,Kailan ang Pagbabayad araw ng utang?,상환,상환일,False,대출,,1.0,1.0,1.0,0,,70,상환
KO-FIN-05274,대출금을 만기 전에 상환할 수 있나요?,Maaari ba akong magbayad ng pautang bago magbayad?,만기;상환,중도상환,False,대출,,0.0,1.0,0.0,0,만기;상환,70,만기;상환
KO-FIN-05275,대출 상환일을 지나면 어떤 불이익이 있나요?,Ano ang mga disbentaha kapag tapos na ang loan Pagbabayad araw?,상환,연체,False,대출,,1.0,1.0,1.0,0,,70,상환
KO-FIN-05276,체크카드를 발급받고 싶습니다.,Gusto kong bigyan ng check card.,,체크카드,False,카드·전자금융,,1.0,1.0,1.0,0,,0,
KO-FIN-05277,카드의 하루 결제한도는 얼마인가요?,Ano ang limitasyon ng pagbabayad sa isang araw ng card?,,결제한도,False,카드·전자금융,,1.0,1.0,1.0,0,,0,
KO-FIN-05278,이 카드는 해외에서도 사용할 수 있나요?,Maaari ko bang gamitin ang card na ito sa ibang bansa?,,해외결제,False,카드·전자금융,,1.0,1.0,1.0,0,,0,
KO-FIN-05279,취소한 카드 결제가 아직 환불되지 않았습니다.,Hindi pa binawi ang naka-cancel na bayarin sa card.,,결제취소,False,카드·전자금융,,1.0,1.0,1.0,0,,0,
KO-FIN-05280,ATM에서 현금을 출금하려면 어떻게 해야 하나요?,Paano magdeposito ng cash sa At the Money?,ATM,ATM,True,카드·전자금융,,1.0,1.0,1.0,0,,0,
KO-FIN-05281,이번 달 보험료는 얼마인가요?,Magkano ang bayad ng seguro ngayong buwan?,,보험료,False,보험,,1.0,1.0,1.0,0,,0,
KO-FIN-05282,보험금을 청구하려면 어떤 서류가 필요한가요?,Ano ang mga dokumento na kailangan ko upang makabili ng bayad sa seguro?,,보험금,False,보험,,1.0,1.0,1.0,0,,0,
KO-FIN-05283,이 보험에서 보장되는 항목을 알려주세요.,Ipaalam sa akin kung ano ang garantiya sa insuransang ito.,,보장내용,False,보험,,1.0,1.0,1.0,0,,0,
KO-FIN-05284,연금은 언제부터 받을 수 있나요?,Kailan ako makakakuha ng pensiyon?,,연금,False,연금,,1.0,1.0,1.0,0,,0,
KO-FIN-05285,연금 납입내역을 확인하고 싶습니다.,Gusto kong suriin ang mga panloob na kontribusyon sa pensiyon.,,납입내역,False,연금,,1.0,1.0,1.0,0,,0,
