sentence_id,ko_source,target_sentence,terms_used,known_term,known_term_matched,category,related_category,identifier_survival_rate,identifier_order_preserved_rate,restore_success_rate,fallback_used,lost_terms,max_suspicion_score,flagged_terms
KO-FIN-00001,가격역지정 주문이 무엇을 의미하나요?,Lệnh đặt giá ngược có nghĩa là gì?,가격역지정 주문,가격역지정 주문,True,금융시장·거래,,1.0,1.0,1.0,0,,20,가격역지정 주문
KO-FIN-00005,가격우선의 원칙이 무엇을 의미하나요?,Nguyên tắc ưu tiên giá cả có nghĩa là gì?,가격우선의 원칙,가격우선의 원칙,True,금융시장·거래,,1.0,1.0,1.0,0,,0,
KO-FIN-00009,가격제한폭이 무엇을 의미하나요?,Mức dao động giá tối đa có nghĩa là gì?,가격제한폭,가격제한폭,True,금융시장·거래,,1.0,1.0,1.0,0,,20,가격제한폭
KO-FIN-00014,가교은행에서 이용할 수 있는 금융업무는 무엇인가요?,Các dịch vụ tài chính nào có sẵn tại Ngân hàng trung gian?,가교은행,가교은행,True,금융기관·은행,,1.0,1.0,1.0,0,,0,
KO-FIN-00019,가산금리에 대해 상담받고 싶습니다.,Tôi muốn được tư vấn về Lãi suất cộng thêm.,가산금리,가산금리,True,대출,,1.0,1.0,1.0,0,,40,가산금리
KO-FIN-00026,가압류의 조건과 수익 구조를 확인하고 싶습니다.,Tôi muốn tìm hiểu về các điều kiện và cơ cấu lợi nhuận của Tạm giữ tài sản.,가압류,가압류,True,채권,,1.0,1.0,1.0,0,,40,가압류
KO-FIN-00029,가중주가평균이 무엇인지 설명해 주세요.,Vui lòng giải thích Trung bình giá trị gia quyền là gì.,가중주가평균,가중주가평균,True,주식,금융시장·거래,1.0,1.0,1.0,0,,40,가중주가평균
KO-FIN-00033,간사단이 무엇인지 설명해 주세요.,Vui lòng giải thích Ban thư ký là gì.,간사단,간사단,True,증권·예탁,,1.0,1.0,1.0,0,,40,간사단
KO-FIN-00038,간사회사 처리 절차를 확인하고 싶습니다.,Tôi muốn tìm hiểu về quy trình xử lý Công ty quản lý quỹ.,간사회사,간사회사,True,증권·예탁,금융기관·은행,1.0,1.0,1.0,0,,20,간사회사
KO-FIN-00043,간접공시 때문에 추가로 확인해야 할 사항이 있나요?,Có vấn đề nào cần xác minh thêm liên quan đến Công bố gián tiếp không?,간접공시,간접공시,True,금융법규·감독,금융시장·거래,1.0,1.0,1.0,0,,20,간접공시
KO-FIN-00044,간접공시의 적용 범위는 관련 법령과 규정에 따라 달라질 수 있습니다.,Phạm vi áp dụng của Công bố gián tiếp có thể thay đổi tùy theo các văn bản pháp luật và quy định có liên quan.,간접공시,간접공시,True,금융법규·감독,금융시장·거래,1.0,1.0,1.0,0,,20,간접공시
KO-FIN-00046,간접금융에서 이용할 수 있는 금융업무는 무엇인가요?,Các dịch vụ tài chính nào có sẵn tại Tài chính gián tiếp?,간접금융,간접금융,True,금융기관·은행,,1.0,1.0,1.0,0,,0,
KO-FIN-00049,간접모집이 무엇인지 설명해 주세요.,Vui lòng giải thích Tuyển dụng gián tiếp là gì.,간접모집,간접모집,True,증권·예탁,,1.0,1.0,1.0,0,,20,간접모집
KO-FIN-00054,간접발행을 이용하려면 어떤 조건이 필요한가요?,"Để sử dụng Phát hành gián tiếp, cần phải đáp ứng những điều kiện nào?",간접발행,간접발행,True,기업금융·자본조달,,1.0,1.0,1.0,0,,20,간접발행
KO-FIN-00055,간접발행과 관련된 비용과 절차를 확인하고 싶습니다.,Tôi muốn tìm hiểu về các chi phí và thủ tục liên quan đến Phát hành gián tiếp.,간접발행,간접발행,True,기업금융·자본조달,,1.0,1.0,1.0,0,,20,간접발행
KO-FIN-00058,간접점유 처리 절차를 확인하고 싶습니다.,Tôi muốn tìm hiểu về quy trình xử lý Sở hữu gián tiếp.,간접점유,간접점유,True,증권·예탁,법률·계약 / 금융법규·감독,1.0,1.0,1.0,0,,0,
KO-FIN-00064,간접참가자를 확인할 때 시장 상황과 거래 조건을 함께 살펴보세요.,"Khi xem xét Người tham gia gián tiếp, hãy xem xét cả tình hình thị trường và các điều kiện giao dịch.",간접참가자,간접참가자,True,금융시장·거래,,1.0,1.0,1.0,0,,0,
KO-FIN-00069,감리대상종목이 무엇을 의미하나요?,Các mặt hàng thuộc đối tượng giám sát có nghĩa là gì?,감리대상종목,감리대상종목,True,금융시장·거래,,1.0,1.0,1.0,0,,20,감리대상종목
KO-FIN-00073,감자차익이 무엇인지 설명해 주세요.,Vui lòng giải thích Lợi nhuận từ chênh lệch giá khoai tây là gì.,감자차익,감자차익,True,주식,,1.0,1.0,1.0,0,,30,감자차익
KO-FIN-00077,감채기금이 무엇인지 설명해 주세요.,Vui lòng giải thích Quỹ Gamchae là gì.,감채기금,감채기금,True,채권,,1.0,1.0,1.0,0,,40,감채기금
KO-FIN-00081,감채기금부채권이 무엇인지 설명해 주세요.,Vui lòng giải thích Trái phiếu từ Quỹ hỗ trợ nông nghiệp là gì.,감채기금부채권,감채기금부채권,True,채권,,1.0,1.0,1.0,0,,20,감채기금부채권
KO-FIN-00085,강세장이 무엇을 의미하나요?,Thị trường tăng giá có nghĩa là gì?,강세장,강세장,True,금융시장·거래,,1.0,1.0,1.0,0,,40,강세장
KO-FIN-00090,강제매수와 관련된 시장 정보를 확인하고 싶습니다.,Tôi muốn xem thông tin thị trường liên quan đến Mua bắt buộc.,강제매수,강제매수,True,금융시장·거래,,1.0,1.0,1.0,0,,40,강제매수
KO-FIN-00095,개발신탁에 가입하기 전에 어떤 점을 확인해야 하나요?,"Trước khi đăng ký Quỹ phát triển, tôi cần kiểm tra những điều gì?",개발신탁,개발신탁,True,펀드·신탁,,1.0,1.0,1.0,0,,20,개발신탁
KO-FIN-00098,개방식 담보사채의 조건과 수익 구조를 확인하고 싶습니다.,Tôi muốn tìm hiểu về các điều kiện và cơ cấu lợi nhuận của Trái phiếu có bảo đảm mở.,개방식 담보사채,개방식 담보사채,True,채권,,1.0,1.0,1.0,0,,40,개방식 담보사채
KO-FIN-00104,개방형 리포의 적용 여부는 계약 내용과 관련 법령을 확인해야 합니다.,"Để xác định liệu Báo cáo mở có được áp dụng hay không, cần phải kiểm tra nội dung của Hợp đồng và các văn bản pháp luật liên quan.",개방형 리포;계약,개방형 리포,True,법률·계약,,1.0,1.0,1.0,0,,30,개방형 리포;계약
KO-FIN-00107,개방형 투자신탁에 가입하기 전에 어떤 점을 확인해야 하나요?,"Trước khi đăng ký Quỹ đầu tư mở, tôi cần kiểm tra những điều gì?",개방형 투자신탁,개방형 투자신탁,True,펀드·신탁,자산운용·투자,1.0,1.0,1.0,0,,40,개방형 투자신탁
KO-FIN-00111,개별결제 과정에서 문제가 발생한 것 같습니다.,Có vẻ như đã xảy ra sự cố trong quá trình Thanh toán riêng lẻ.,개별결제,개별결제,True,지급결제·청산,,1.0,1.0,1.0,0,,0,
KO-FIN-00114,개별경쟁매매와 관련된 시장 정보를 확인하고 싶습니다.,Tôi muốn xem thông tin thị trường liên quan đến Giao dịch cạnh tranh riêng lẻ.,개별경쟁매매,개별경쟁매매,True,금융시장·거래,,1.0,1.0,1.0,0,,0,
KO-FIN-00117,개시증거금이 무엇인지 쉽게 설명해 주세요.,Xin vui lòng giải thích một cách dễ hiểu về Khoản ký quỹ ban đầu là gì.,개시증거금,개시증거금,True,파생상품,,1.0,1.0,1.0,0,,20,개시증거금
KO-FIN-00121,거래량비율이 무엇을 의미하나요?,Tỷ lệ khối lượng giao dịch có nghĩa là gì?,거래량비율,거래량비율,True,금융시장·거래,,1.0,1.0,1.0,0,,0,
KO-FIN-00125,거래량회전율이 무엇을 의미하나요?,Tỷ lệ luân chuyển khối lượng giao dịch có nghĩa là gì?,거래량회전율,거래량회전율,True,금융시장·거래,,1.0,1.0,1.0,0,,0,
KO-FIN-00129,거래성립률이 무엇을 의미하나요?,Tỷ lệ giao dịch thành công có nghĩa là gì?,거래성립률,거래성립률,True,금융시장·거래,,1.0,1.0,1.0,0,,0,
KO-FIN-00133,거래소 시장이 무엇을 의미하나요?,Thị trường sàn giao dịch có nghĩa là gì?,거래소 시장,거래소 시장,True,금융시장·거래,,1.0,1.0,1.0,0,,0,
KO-FIN-00137,거래소 회원이 무엇을 의미하나요?,Thành viên sàn giao dịch có nghĩa là gì?,거래소 회원,거래소 회원,True,금융시장·거래,,1.0,1.0,1.0,0,,0,
KO-FIN-00142,거래취소와 관련된 시장 정보를 확인하고 싶습니다.,Tôi muốn xem thông tin thị trường liên quan đến Hủy giao dịch.,거래취소,거래취소,True,금융시장·거래,지급결제·청산,1.0,1.0,1.0,0,,0,
KO-FIN-00146,건설이자와 관련된 정보를 확인하고 싶습니다.,Tôi muốn tra cứu thông tin liên quan đến Lãi suất cho vay xây dựng.,건설이자,건설이자,True,주식,,1.0,1.0,1.0,0,,0,
KO-FIN-00149,겐사끼시장이 무엇을 의미하나요?,Chợ Gensaki có nghĩa là gì?,겐사끼시장,겐사끼시장,True,금융시장·거래,,1.0,1.0,1.0,0,,0,
KO-FIN-00154,격탁매매와 관련된 시장 정보를 확인하고 싶습니다.,Tôi muốn xem thông tin thị trường liên quan đến Giao dịch chênh lệch giá.,격탁매매,격탁매매,True,금융시장·거래,,1.0,1.0,1.0,0,,40,격탁매매
KO-FIN-00157,견양증권이 무엇인지 설명해 주세요.,Vui lòng giải thích Gyeonyang Securities là gì.,견양증권,견양증권,True,증권·예탁,,1.0,1.0,1.0,0,,0,
KO-FIN-00168,결산보고서는 기준 시점과 작성 기준을 함께 확인해야 합니다.,"Đối với Báo cáo tài chính, cần phải xác minh cả thời điểm tham chiếu và tiêu chuẩn lập báo cáo.",결산보고서,결산보고서,True,회계·재무,,1.0,1.0,1.0,0,,0,
KO-FIN-00169,결제기구가 무엇인지 설명해 주세요.,Xin vui lòng giải thích Tổ chức thanh toán là gì.,결제기구,결제기구,True,지급결제·청산,증권·예탁 / 금융시장·거래,1.0,1.0,1.0,0,,0,
KO-FIN-00173,결제기금이 무엇인지 설명해 주세요.,Vui lòng giải thích Quỹ thanh toán là gì.,결제기금,결제기금,True,지급결제·청산,,1.0,1.0,1.0,0,,0,
KO-FIN-00177,결제대금주선제도가 무엇인지 설명해 주세요.,Xin vui lòng giải thích Chế độ hỗ trợ thanh toán là gì.,결제대금주선제도,결제대금주선제도,True,지급결제·청산,금융기관·은행 / 증권·예탁,1.0,1.0,1.0,0,,40,결제대금주선제도
KO-FIN-00181,결제대용증이 무엇인지 설명해 주세요.,Vui lòng giải thích Giấy chứng nhận thanh toán là gì.,결제대용증,결제대용증,True,지급결제·청산,증권·예탁,1.0,1.0,1.0,0,,0,
KO-FIN-00185,결제리스크 관리제도가 무엇인지 설명해 주세요.,Xin vui lòng giải thích Hệ thống quản lý rủi ro thanh toán là gì.,결제리스크 관리제도,결제리스크 관리제도,True,지급결제·청산,신용·리스크 / 금융기관·은행,1.0,1.0,1.0,0,,20,결제리스크 관리제도
KO-FIN-00191,결제불이행거래 과정에서 문제가 발생한 것 같습니다.,Có vẻ như đã xảy ra sự cố trong quá trình Giao dịch không thanh toán.,결제불이행거래,결제불이행거래,True,지급결제·청산,금융시장·거래,1.0,1.0,1.0,0,,20,결제불이행거래
KO-FIN-00193,결제순서조작이 무엇인지 설명해 주세요.,Vui lòng giải thích Thao túng trình tự thanh toán là gì.,결제순서조작,결제순서조작,True,지급결제·청산,,1.0,1.0,1.0,0,,0,
KO-FIN-00197,결제시한이 무엇인지 설명해 주세요.,Vui lòng giải thích Hạn chót thanh toán là gì.,결제시한,결제시한,True,지급결제·청산,,1.0,1.0,1.0,0,,40,결제시한
KO-FIN-00205,결제위험의 비대칭성이 무엇인지 설명해 주세요.,Vui lòng giải thích Tính bất đối xứng của rủi ro thanh toán là gì.,결제위험의 비대칭성,결제위험의 비대칭성,True,지급결제·청산,신용·리스크 / 금융시장·거래,1.0,1.0,1.0,0,,0,
KO-FIN-00209,결제은행제도가 무엇인지 설명해 주세요.,Xin vui lòng giải thích Hệ thống ngân hàng thanh toán là gì.,결제은행제도,결제은행제도,True,지급결제·청산,금융기관·은행,1.0,1.0,1.0,0,,0,
KO-FIN-00213,결제일이 무엇인지 설명해 주세요.,Vui lòng giải thích Ngày thanh toán là gì.,결제일,결제일,True,지급결제·청산,,1.0,1.0,1.0,0,,0,
KO-FIN-00217,결제적체현상이 무엇인지 설명해 주세요.,Vui lòng giải thích Tình trạng ùn tắc thanh toán là gì.,결제적체현상,결제적체현상,True,지급결제·청산,,1.0,1.0,1.0,0,,20,결제적체현상
KO-FIN-00221,결제전 예납이 무엇을 의미하나요?,Thanh toán trước khi thanh toán có nghĩa là gì?,결제전 예납,결제전 예납,True,금융시장·거래,지급결제·청산,1.0,1.0,1.0,0,,40,결제전 예납
KO-FIN-00225,결제후 업무처리가 무엇인지 설명해 주세요.,Xin vui lòng giải thích Xử lý công việc sau khi thanh toán là gì.,결제후 업무처리,결제후 업무처리,True,지급결제·청산,,1.0,1.0,1.0,0,,20,결제후 업무처리
KO-FIN-00234,겸업주의에서 이용할 수 있는 금융업무는 무엇인가요?,Các dịch vụ tài chính nào có sẵn tại Nguyên tắc kiêm nhiệm?,겸업주의,겸업주의,True,금융기관·은행,,1.0,1.0,1.0,0,,40,겸업주의
KO-FIN-00238,경개의 조건과 수익 구조를 확인하고 싶습니다.,Tôi muốn tìm hiểu về các điều kiện và cơ cấu lợi nhuận của Cảnh quan.,경개,경개,True,채권,증권·예탁 / 법률·계약 / 금융시장·거래,1.0,1.0,1.0,0,,30,경개
KO-FIN-00241,경개적 차감이 무엇인지 설명해 주세요.,Vui lòng giải thích Khấu trừ theo tỷ lệ cố định là gì.,경개적 차감,경개적 차감,True,채권,,1.0,1.0,1.0,0,,40,경개적 차감
KO-FIN-00248,경과이자를 확인할 때 시장 상황과 거래 조건을 함께 살펴보세요.,"Khi xem xét Lãi suất lũy tiến, hãy cân nhắc cả tình hình thị trường và các điều kiện giao dịch.",경과이자,경과이자,True,금융시장·거래,,1.0,1.0,1.0,0,,40,경과이자
KO-FIN-00251,최근 경기종합지수의 변화를 확인하고 싶습니다.,Tôi muốn xem những thay đổi gần đây của Chỉ số tổng hợp Gyeonggi.,경기종합지수,경기종합지수,True,경제·거시금융,,1.0,1.0,1.0,0,,0,
KO-FIN-00255,최근 경상수지의 변화를 확인하고 싶습니다.,Tôi muốn xem những thay đổi gần đây của Cán cân vãng lai.,경상수지,경상수지,True,경제·거시금융,,1.0,1.0,1.0,0,,40,경상수지
KO-FIN-00258,경쟁매매와 관련된 시장 정보를 확인하고 싶습니다.,Tôi muốn xem thông tin thị trường liên quan đến Giao dịch cạnh tranh.,경쟁매매,경쟁매매,True,금융시장·거래,,1.0,1.0,1.0,0,,20,경쟁매매
KO-FIN-00263,최근 경제통합의 변화를 확인하고 싶습니다.,Tôi muốn xem những thay đổi gần đây của Hội nhập kinh tế.,경제통합,경제통합,True,경제·거시금융,,1.0,1.0,1.0,0,,0,
KO-FIN-00264,경제통합은 다른 경제지표와 함께 해석하는 것이 좋습니다.,Nên phân tích Hội nhập kinh tế cùng với các chỉ số kinh tế khác.,경제통합,경제통합,True,경제·거시금융,,1.0,1.0,1.0,0,,0,
KO-FIN-00267,최근 경제협력개발기구의 변화를 확인하고 싶습니다.,Tôi muốn xem những thay đổi gần đây của Tổ chức Hợp tác và Phát triển Kinh tế.,경제협력개발기구,경제협력개발기구,True,경제·거시금융,,1.0,1.0,1.0,0,,0,
KO-FIN-00272,계약의 적용 여부는 계약 내용과 관련 법령을 확인해야 합니다.,"Để xác định liệu Hợp đồng có được áp dụng hay không, cần phải kiểm tra nội dung của Hợp đồng và các văn bản pháp luật liên quan.",계약;계약,계약,True,법률·계약,,1.0,1.0,1.0,0,,30,계약;계약
KO-FIN-00275,계약형투자신탁에 가입하기 전에 어떤 점을 확인해야 하나요?,"Trước khi đăng ký Quỹ đầu tư theo hợp đồng, tôi cần kiểm tra những điều gì?",계약형투자신탁,계약형투자신탁,True,펀드·신탁,자산운용·투자 / 법률·계약,1.0,1.0,1.0,0,,0,
KO-FIN-00279,계절주와 관련해 투자 전에 확인해야 할 사항이 있나요?,Có điều gì cần lưu ý trước khi đầu tư vào Rượu theo mùa không?,계절주,계절주,True,주식,,1.0,1.0,1.0,0,,20,계절주
KO-FIN-00282,계좌대체 처리 절차를 확인하고 싶습니다.,Tôi muốn tìm hiểu về quy trình xử lý Thay đổi tài khoản.,계좌대체,계좌대체,True,증권·예탁,,1.0,1.0,1.0,0,,40,계좌대체
KO-FIN-00285,계좌설정이 무엇인지 설명해 주세요.,Vui lòng giải thích Cài đặt tài khoản là gì.,계좌설정,계좌설정,True,증권·예탁,,1.0,1.0,1.0,0,,0,
KO-FIN-00290,고객계좌부 처리 절차를 확인하고 싶습니다.,Tôi muốn tìm hiểu về quy trình xử lý Sổ tài khoản khách hàng.,고객계좌부,고객계좌부,True,증권·예탁,,1.0,1.0,1.0,0,,0,
KO-FIN-00294,고객계좌자동이전서비스 처리 절차를 확인하고 싶습니다.,Tôi muốn tìm hiểu về quy trình xử lý Dịch vụ chuyển đổi tài khoản khách hàng tự động.,고객계좌자동이전서비스,고객계좌자동이전서비스,True,증권·예탁,,1.0,1.0,1.0,0,,0,
KO-FIN-00298,고객예탁금 이용료 처리 절차를 확인하고 싶습니다.,Tôi muốn tìm hiểu về quy trình xử lý Phí sử dụng tiền ký quỹ của khách hàng.,고객예탁금 이용료,고객예탁금 이용료,True,증권·예탁,,1.0,1.0,1.0,0,,0,
KO-FIN-00301,고객예탁분이 무엇인지 설명해 주세요.,Vui lòng giải thích Số tiền ký quỹ của khách hàng là gì.,고객예탁분,고객예탁분,True,증권·예탁,,1.0,1.0,1.0,0,,20,고객예탁분
KO-FIN-00305,고객예탁증권이 무엇인지 설명해 주세요.,Vui lòng giải thích Chứng khoán ký quỹ của khách hàng là gì.,고객예탁증권,고객예탁증권,True,증권·예탁,,1.0,1.0,1.0,0,,0,
KO-FIN-00310,고오든 모형은 금융상품을 분석할 때 어떻게 사용되나요?,Mô hình Gordon được sử dụng như thế nào trong việc phân tích các sản phẩm tài chính?,고오든 모형,고오든 모형,True,금융공학·분석,,1.0,1.0,1.0,0,,0,
KO-FIN-00312,고오든 모형의 결과는 사용한 가정과 시장 데이터에 따라 달라질 수 있습니다.,Kết quả của Mô hình Gordon có thể thay đổi tùy thuộc vào các giả định và dữ liệu thị trường được sử dụng.,고오든 모형,고오든 모형,True,금융공학·분석,,1.0,1.0,1.0,0,,0,
KO-FIN-00315,고정형 투자신탁에 가입하기 전에 어떤 점을 확인해야 하나요?,"Trước khi đăng ký Quỹ đầu tư cố định, tôi cần kiểm tra những điều gì?",고정형 투자신탁,고정형 투자신탁,True,펀드·신탁,자산운용·투자,1.0,1.0,1.0,0,,0,
KO-FIN-00317,고정환율제도에 대해 자세히 알려주세요.,Xin vui lòng giải thích chi tiết về Chế độ tỷ giá hối đoái cố định.,고정환율제도,고정환율제도,True,해외송금·외환,,1.0,1.0,1.0,0,,0,
KO-FIN-00323,골든 크로스와 관련해 투자 전에 확인해야 할 사항이 있나요?,Có điều gì cần kiểm tra trước khi đầu tư liên quan đến Golden Cross không?,골든 크로스,골든 크로스,True,주식,,1.0,1.0,1.0,0,,0,
KO-FIN-00326,공개/발성호가와 관련된 시장 정보를 확인하고 싶습니다.,Tôi muốn xem thông tin thị trường liên quan đến Công khai/Phát thanh.,공개/발성호가,공개/발성호가,True,금융시장·거래,,1.0,1.0,1.0,0,,0,
KO-FIN-00330,공개매수와 관련된 시장 정보를 확인하고 싶습니다.,Tôi muốn xem thông tin thị trường liên quan đến Chương trình mua lại cổ phiếu công khai.,공개매수,공개매수,True,금융시장·거래,금융법규·감독,1.0,1.0,1.0,0,,30,공개매수
KO-FIN-00334,공개매수설명서와 관련된 시장 정보를 확인하고 싶습니다.,Tôi muốn xem thông tin thị trường liên quan đến Tài liệu giải thích về đợt mua lại công khai.,공개매수설명서,공개매수설명서,True,금융시장·거래,,1.0,1.0,1.0,0,,0,
KO-FIN-00338,공개매수신고서와 관련된 시장 정보를 확인하고 싶습니다.,Tôi muốn kiểm tra thông tin thị trường liên quan đến Thông báo chào mua công khai.,공개매수신고서,공개매수신고서,True,금융시장·거래,증권·예탁,1.0,1.0,1.0,0,,20,공개매수신고서
KO-FIN-00341,공개법인이 무엇을 의미하나요?,Tổ chức công có nghĩa là gì?,공개법인,공개법인,True,금융시장·거래,자산운용·투자 / 증권·예탁,1.0,1.0,1.0,0,,40,공개법인
KO-FIN-00345,공개시장조작이 무엇을 의미하나요?,Các hoạt động can thiệp thị trường mở có nghĩa là gì?,공개시장조작,공개시장조작,True,금융시장·거래,금융기관·은행 / 증권·예탁,1.0,1.0,1.0,0,,40,공개시장조작
KO-FIN-00351,공기업과 관련된 투자 정보를 확인하고 싶습니다.,Tôi muốn xem thông tin đầu tư liên quan đến Doanh nghiệp nhà nước.,공기업,공기업,True,자산운용·투자,,1.0,1.0,1.0,0,,0,
KO-FIN-00354,공동간사회사 처리 절차를 확인하고 싶습니다.,Tôi muốn tìm hiểu về quy trình xử lý Công ty đồng tổ chức.,공동간사회사,공동간사회사,True,증권·예탁,기업금융·자본조달,1.0,1.0,1.0,0,,0,
KO-FIN-00360,공동대리의 적용 여부는 계약 내용과 관련 법령을 확인해야 합니다.,"Để xác định liệu Đại diện chung có được áp dụng hay không, cần phải kiểm tra nội dung của Hợp đồng và các văn bản pháp luật liên quan.",공동대리;계약,공동대리,True,법률·계약,,1.0,1.0,1.0,0,,30,계약
KO-FIN-00361,공동지배인이 금융거래에 어떻게 적용되나요?,Người đồng quản lý được áp dụng như thế nào trong giao dịch tài chính này?,공동지배인,공동지배인,True,금융법규·감독,,1.0,1.0,1.0,0,,20,공동지배인
KO-FIN-00363,공동지배인 때문에 추가로 확인해야 할 사항이 있나요?,Có vấn đề nào cần kiểm tra thêm liên quan đến Người đồng quản lý không?,공동지배인,공동지배인,True,금융법규·감독,,1.0,1.0,1.0,0,,20,공동지배인
KO-FIN-00366,공매도와 관련된 시장 정보를 확인하고 싶습니다.,Tôi muốn xem thông tin thị trường liên quan đến Bán khống.,공매도,공매도,True,금융시장·거래,주식,1.0,1.0,1.0,0,,40,공매도
KO-FIN-00370,공매수와 관련된 시장 정보를 확인하고 싶습니다.,Tôi muốn xem thông tin thị trường liên quan đến Mua khống.,공매수,공매수,True,금융시장·거래,,1.0,1.0,1.0,0,,40,공매수
KO-FIN-00380,공모부대서비스회사의 세부 조건과 절차는 거래 유형에 따라 달라질 수 있습니다.,Các điều kiện và thủ tục chi tiết của Công ty cung cấp dịch vụ hỗ trợ cho các đơn vị tham gia đấu thầu có thể thay đổi tùy theo loại giao dịch.,공모부대서비스회사,공모부대서비스회사,True,기업금융·자본조달,,1.0,1.0,1.0,0,,20,공모부대서비스회사
KO-FIN-00382,공모증자와 관련된 정보를 확인하고 싶습니다.,Tôi muốn tra cứu thông tin liên quan đến Phát hành cổ phiếu ra công chúng.,공모증자,공모증자,True,주식,기업금융·자본조달 / 증권·예탁,1.0,1.0,1.0,0,,40,공모증자
KO-FIN-00388,공모채의 세부 조건과 절차는 거래 유형에 따라 달라질 수 있습니다.,Các điều kiện và thủ tục chi tiết của Trái phiếu phát hành công khai có thể thay đổi tùy theo loại giao dịch.,공모채,공모채,True,기업금융·자본조달,채권,1.0,1.0,1.0,0,,20,공모채
KO-FIN-00389,공사채등록법이 무엇인지 설명해 주세요.,Vui lòng giải thích Luật Đăng ký Trái phiếu Công ty là gì.,공사채등록법,공사채등록법,True,채권,,1.0,1.0,1.0,0,,0,
KO-FIN-00395,공사채형투자신탁에 가입하기 전에 어떤 점을 확인해야 하나요?,"Trước khi đăng ký Quỹ đầu tư trái phiếu doanh nghiệp, tôi cần kiểm tra những điều gì?",공사채형투자신탁,공사채형투자신탁,True,펀드·신탁,채권 / 자산운용·투자,1.0,1.0,1.0,0,,20,공사채형투자신탁
KO-FIN-00404,공시최고의 적용 여부는 계약 내용과 관련 법령을 확인해야 합니다.,"Để xác định liệu Thông báo chính thức có được áp dụng hay không, cần phải kiểm tra nội dung của Hợp đồng và các văn bản pháp luật liên quan.",공시최고;계약,공시최고,True,법률·계약,금융법규·감독,1.0,1.0,1.0,0,,40,공시최고;계약
KO-FIN-00405,공신의 원칙이 무엇인지 설명해 주세요.,Vui lòng giải thích Nguyên tắc công thần là gì.,공신의 원칙,공신의 원칙,True,증권·예탁,법률·계약,1.0,1.0,1.0,0,,0,
KO-FIN-00409,공인중개인이 무엇을 의미하나요?,Môi giới bất động sản được cấp phép có nghĩa là gì?,공인중개인,공인중개인,True,금융시장·거래,,1.0,1.0,1.0,0,,20,공인중개인
KO-FIN-00413,공정거래법이 무엇을 의미하나요?,Luật Cạnh tranh Công bằng có nghĩa là gì?,공정거래법,공정거래법,True,금융시장·거래,,1.0,1.0,1.0,0,,0,
KO-FIN-00418,공정게임모형은 금융상품을 분석할 때 어떻게 사용되나요?,Mô hình trò chơi công bằng được sử dụng như thế nào trong việc phân tích các sản phẩm tài chính?,공정게임모형,공정게임모형,True,금융공학·분석,,1.0,1.0,1.0,0,,0,
KO-FIN-00420,공정게임모형의 결과는 사용한 가정과 시장 데이터에 따라 달라질 수 있습니다.,Kết quả của Mô hình trò chơi công bằng có thể thay đổi tùy thuộc vào các giả định và dữ liệu thị trường được sử dụng.,공정게임모형,공정게임모형,True,금융공학·분석,,1.0,1.0,1.0,0,,0,
KO-FIN-00424,공정할인율과 관련된 세부 업무는 해당 기관의 안내를 확인해 주세요.,Vui lòng tham khảo hướng dẫn của cơ quan có liên quan để biết chi tiết về công việc liên quan đến Tỷ lệ chiết khấu công bằng.,공정할인율,공정할인율,True,금융기관·은행,,1.0,1.0,1.0,0,,0,
KO-FIN-00426,공채의 조건과 수익 구조를 확인하고 싶습니다.,Tôi muốn tìm hiểu về các điều kiện và cơ cấu lợi nhuận của Tuyển dụng công khai.,공채,공채,True,채권,,1.0,1.0,1.0,0,,30,공채
KO-FIN-00430,관계회사와 관련된 정보를 확인하고 싶습니다.,Tôi muốn tra cứu thông tin liên quan đến Công ty liên kết.,관계회사,관계회사,True,주식,,1.0,1.0,1.0,0,,0,
KO-FIN-00433,관리대상종목이 무엇을 의미하나요?,Các mã chứng khoán thuộc diện giám sát có nghĩa là gì?,관리대상종목,관리대상종목,True,금융시장·거래,주식,1.0,1.0,1.0,0,,40,관리대상종목
KO-FIN-00439,최근 관세 및 무역에 관한 일반협정의 변화를 확인하고 싶습니다.,Tôi muốn xem những thay đổi gần đây của Hiệp định chung về thuế quan và thương mại.,관세 및 무역에 관한 일반협정,관세 및 무역에 관한 일반협정,True,경제·거시금융,,1.0,1.0,1.0,0,,0,
KO-FIN-00440,관세 및 무역에 관한 일반협정은 다른 경제지표와 함께 해석하는 것이 좋습니다.,Nên phân tích Hiệp định chung về thuế quan và thương mại cùng với các chỉ số kinh tế khác.,관세 및 무역에 관한 일반협정,관세 및 무역에 관한 일반협정,True,경제·거시금융,,1.0,1.0,1.0,0,,0,
KO-FIN-00441,관할권이 금융거래에서 무엇을 의미하나요?,Thẩm quyền có ý nghĩa gì trong giao dịch tài chính này?,관할권,관할권,True,법률·계약,,1.0,1.0,1.0,0,,20,관할권
KO-FIN-00446,교차담보금제도 처리 절차를 확인하고 싶습니다.,Tôi muốn tìm hiểu về quy trình xử lý Hệ thống thế chấp chéo.,교차담보금제도,교차담보금제도,True,증권·예탁,자산운용·투자,1.0,1.0,1.0,0,,40,교차담보금제도
KO-FIN-00451,교차증거금제도 거래에는 어떤 위험이 있나요?,Giao dịch Hệ thống ký quỹ chéo tiềm ẩn những rủi ro nào?,교차증거금제도,교차증거금제도,True,파생상품,,1.0,1.0,1.0,0,,40,교차증거금제도
KO-FIN-00453,교차헤징이 무엇을 의미하나요?,Phòng ngừa rủi ro chéo có nghĩa là gì?,교차헤징,교차헤징,True,금융시장·거래,,1.0,1.0,1.0,0,,40,교차헤징
KO-FIN-00458,교체발행을 이용하려면 어떤 조건이 필요한가요?,"Để sử dụng Phát hành thay thế, cần phải đáp ứng những điều kiện nào?",교체발행,교체발행,True,기업금융·자본조달,주식,1.0,1.0,1.0,0,,40,교체발행
KO-FIN-00459,교체발행과 관련된 비용과 절차를 확인하고 싶습니다.,Tôi muốn tìm hiểu về các chi phí và thủ tục liên quan đến Phát hành thay thế.,교체발행,교체발행,True,기업금융·자본조달,주식,1.0,1.0,1.0,0,,40,교체발행
KO-FIN-00462,교환사채의 조건과 수익 구조를 확인하고 싶습니다.,Tôi muốn tìm hiểu về các điều kiện và cơ cấu lợi nhuận của Trái phiếu hoán đổi.,교환사채,교환사채,True,채권,증권·예탁,1.0,1.0,1.0,0,,0,
KO-FIN-00465,구상권이 금융거래에서 무엇을 의미하나요?,Quyền đòi bồi thường có ý nghĩa gì trong giao dịch tài chính này?,구상권,구상권,True,법률·계약,증권·예탁,1.0,1.0,1.0,0,,20,구상권
KO-FIN-00471,구주와 관련해 투자 전에 확인해야 할 사항이 있나요?,Có điều gì cần kiểm tra trước khi đầu tư liên quan đến Chúa Cứu Thế không?,구주,구주,True,주식,,1.0,1.0,1.0,0,,30,구주
KO-FIN-00475,국가신인도와 관련된 투자 정보를 확인하고 싶습니다.,Tôi muốn xem thông tin đầu tư liên quan đến Uy tín quốc gia.,국가신인도,국가신인도,True,자산운용·투자,,1.0,1.0,1.0,0,,20,국가신인도
KO-FIN-00478,국내장외거래와 관련된 시장 정보를 확인하고 싶습니다.,Tôi muốn xem thông tin thị trường liên quan đến Giao dịch ngoài sàn trong nước.,국내장외거래,국내장외거래,True,금융시장·거래,,1.0,1.0,1.0,0,,20,국내장외거래
KO-FIN-00483,국민주와 관련해 투자 전에 확인해야 할 사항이 있나요?,Có điều gì cần kiểm tra trước khi đầu tư liên quan đến Báo Dân tộc không?,국민주,국민주,True,주식,,1.0,1.0,1.0,0,,0,
KO-FIN-00485,국민주택채권이 무엇인지 설명해 주세요.,Vui lòng giải thích Trái phiếu nhà ở quốc dân là gì.,국민주택채권,국민주택채권,True,채권,주식,1.0,1.0,1.0,0,,0,
KO-FIN-00491,최근 국민총생산의 변화를 확인하고 싶습니다.,Tôi muốn xem những thay đổi gần đây của Tổng sản phẩm quốc nội.,국민총생산,국민총생산,True,경제·거시금융,,1.0,1.0,1.0,0,,0,
KO-FIN-00492,국민총생산은 다른 경제지표와 함께 해석하는 것이 좋습니다.,Nên phân tích Tổng sản phẩm quốc nội cùng với các chỉ số kinh tế khác.,국민총생산,국민총생산,True,경제·거시금융,,1.0,1.0,1.0,0,,0,
KO-FIN-00494,국제간 거래와 관련된 시장 정보를 확인하고 싶습니다.,Tôi muốn xem thông tin thị trường liên quan đến Giao dịch quốc tế.,국제간 거래,국제간 거래,True,금융시장·거래,자산운용·투자,1.0,1.0,1.0,0,,0,
KO-FIN-00497,국제간 대금지급이 무엇인지 설명해 주세요.,Vui lòng giải thích Thanh toán quốc tế là gì.,국제간 대금지급,국제간 대금지급,True,지급결제·청산,,1.0,1.0,1.0,0,,20,국제간 대금지급
KO-FIN-00503,국제간 대체결제 과정에서 문제가 발생한 것 같습니다.,Có vẻ như đã xảy ra sự cố trong quá trình Thanh toán thay thế quốc tế.,국제간 대체결제,국제간 대체결제,True,지급결제·청산,증권·예탁,1.0,1.0,1.0,0,,0,
KO-FIN-00508,국제결제은행과 관련된 세부 업무는 해당 기관의 안내를 확인해 주세요.,Vui lòng tham khảo hướng dẫn của cơ quan có liên quan để biết chi tiết về công việc liên quan đến Ngân hàng Thanh toán Quốc tế.,국제결제은행,국제결제은행,True,금융기관·은행,국제금융 / 지급결제·청산,1.0,1.0,1.0,0,,0,
KO-FIN-00510,국제결제은행규제에서 이용할 수 있는 금융업무는 무엇인가요?,Các dịch vụ tài chính nào có sẵn tại Quy định của Ngân hàng Thanh toán Quốc tế?,국제결제은행규제,국제결제은행규제,True,금융기관·은행,지급결제·청산 / 국제금융,1.0,1.0,1.0,0,,0,
KO-FIN-00514,국제금융공사와 관련된 거래 조건을 확인하고 싶습니다.,Tôi muốn kiểm tra các điều kiện giao dịch liên quan đến Công ty Tài chính Quốc tế.,국제금융공사,국제금융공사,True,국제금융,,1.0,1.0,1.0,0,,0,
KO-FIN-00518,국제금융센타와 관련된 거래 조건을 확인하고 싶습니다.,Tôi muốn kiểm tra các điều kiện giao dịch liên quan đến Trung tâm Tài chính Quốc tế.,국제금융센타,국제금융센타,True,국제금융,,1.0,1.0,1.0,0,,0,
KO-FIN-00522,국제금융시장과 관련된 거래 조건을 확인하고 싶습니다.,Tôi muốn kiểm tra các điều kiện giao dịch liên quan đến Thị trường tài chính quốc tế.,국제금융시장,국제금융시장,True,국제금융,금융시장·거래,1.0,1.0,1.0,0,,0,
KO-FIN-00524,국제금융시장과 관련된 거래에서는 국가별 규정과 통화를 함께 확인해야 합니다.,"Trong các giao dịch liên quan đến Thị trường tài chính quốc tế, cần phải kiểm tra cả quy định của từng quốc gia và loại tiền tệ tương ứng.",국제금융시장,국제금융시장,True,국제금융,금융시장·거래,1.0,1.0,1.0,0,,0,
KO-FIN-00525,국제보관기관이 무엇인지 설명해 주세요.,Vui lòng giải thích Cơ quan lưu trữ quốc tế là gì.,국제보관기관,국제보관기관,True,증권·예탁,,1.0,1.0,1.0,0,,20,국제보관기관
KO-FIN-00532,국제부흥개발은행과 관련된 세부 업무는 해당 기관의 안내를 확인해 주세요.,Vui lòng tham khảo hướng dẫn của cơ quan có liên quan để biết chi tiết về công việc liên quan đến Ngân hàng Tái thiết và Phát triển Quốc tế.,국제부흥개발은행,국제부흥개발은행,True,금융기관·은행,대출,1.0,1.0,1.0,0,,0,
KO-FIN-00535,국제분산투자와 관련된 투자 정보를 확인하고 싶습니다.,Tôi muốn xem thông tin đầu tư liên quan đến Đầu tư phân tán quốc tế.,국제분산투자,국제분산투자,True,자산운용·투자,,1.0,1.0,1.0,0,,0,
KO-FIN-00538,국제유가증권관리자협회 처리 절차를 확인하고 싶습니다.,Tôi muốn tìm hiểu về quy trình xử lý Hiệp hội Quản lý Chứng khoán Quốc tế.,국제유가증권관리자협회,국제유가증권관리자협회,True,증권·예탁,,1.0,1.0,1.0,0,,0,
KO-FIN-00541,국제전문가시장이 무엇을 의미하나요?,Thị trường chuyên gia quốc tế có nghĩa là gì?,국제전문가시장,국제전문가시장,True,금융시장·거래,자산운용·투자,1.0,1.0,1.0,0,,0,
KO-FIN-00545,국제정합성이 무엇인지 설명해 주세요.,Vui lòng giải thích Tính nhất quán quốc tế là gì.,국제정합성,국제정합성,True,증권·예탁,,1.0,1.0,1.0,0,,20,국제정합성
KO-FIN-00549,국제증권이 무엇인지 설명해 주세요.,Vui lòng giải thích Chứng khoán quốc tế là gì.,국제증권,국제증권,True,증권·예탁,국제금융,1.0,1.0,1.0,0,,0,
KO-FIN-00553,국제증권거래소연맹이 무엇을 의미하나요?,Liên đoàn các Sở giao dịch Chứng khoán Quốc tế có nghĩa là gì?,국제증권거래소연맹,국제증권거래소연맹,True,금융시장·거래,증권·예탁 / 국제금융,1.0,1.0,1.0,0,,0,
KO-FIN-00557,국제증권관리위원회연맹이 무엇인지 설명해 주세요.,Vui lòng giải thích Liên đoàn các Ủy ban Quản lý Chứng khoán Quốc tế là gì.,국제증권관리위원회연맹,국제증권관리위원회연맹,True,증권·예탁,국제금융,1.0,1.0,1.0,0,,0,
KO-FIN-00561,국제증권예탁결제기관이 무엇인지 설명해 주세요.,Vui lòng giải thích Tổ chức lưu ký và thanh toán chứng khoán quốc tế là gì.,국제증권예탁결제기관,국제증권예탁결제기관,True,증권·예탁,지급결제·청산,1.0,1.0,1.0,0,,0,
KO-FIN-00566,국제통화기금과 관련된 거래 조건을 확인하고 싶습니다.,Tôi muốn kiểm tra các điều kiện giao dịch liên quan đến Quỹ Tiền tệ Quốc tế.,국제통화기금,국제통화기금,True,국제금융,,1.0,1.0,1.0,0,,0,
KO-FIN-00568,국제통화기금과 관련된 거래에서는 국가별 규정과 통화를 함께 확인해야 합니다.,"Trong các giao dịch liên quan đến Quỹ Tiền tệ Quốc tế, cần phải kiểm tra cả quy định của từng quốc gia và loại tiền tệ.",국제통화기금,국제통화기금,True,국제금융,,1.0,1.0,1.0,0,,0,
KO-FIN-00571,국제투자신탁에 가입하기 전에 어떤 점을 확인해야 하나요?,"Trước khi đăng ký Quỹ đầu tư quốc tế, tôi cần kiểm tra những điều gì?",국제투자신탁,국제투자신탁,True,펀드·신탁,자산운용·투자,1.0,1.0,1.0,0,,0,
KO-FIN-00578,국채전문딜러의 조건과 수익 구조를 확인하고 싶습니다.,Tôi muốn tìm hiểu về các điều kiện và cơ cấu lợi nhuận của Nhà giao dịch chuyên về trái phiếu chính phủ.,국채전문딜러,국채전문딜러,True,채권,금융시장·거래 / 금융기관·은행,1.0,1.0,1.0,0,,40,국채전문딜러
KO-FIN-00582,국채집합등록제도의 조건과 수익 구조를 확인하고 싶습니다.,Tôi muốn tìm hiểu về các điều kiện và cơ cấu lợi nhuận của Hệ thống đăng ký tập trung trái phiếu chính phủ.,국채집합등록제도,국채집합등록제도,True,채권,증권·예탁 / 금융시장·거래,1.0,1.0,1.0,0,,40,국채집합등록제도
KO-FIN-00585,권리락이 무엇을 의미하나요?,Hạn chế quyền có nghĩa là gì?,권리락,권리락,True,금융시장·거래,주식,1.0,1.0,1.0,0,,40,권리락
KO-FIN-00591,권리락주가와 관련해 투자 전에 확인해야 할 사항이 있나요?,Có điều gì cần kiểm tra trước khi đầu tư liên quan đến Cổ phiếu bị hạn chế quyền lợi không?,권리락주가,권리락주가,True,주식,,1.0,1.0,1.0,0,,40,권리락주가
KO-FIN-00593,권리예탁이 무엇인지 설명해 주세요.,Vui lòng giải thích Lưu ký quyền sở hữu là gì.,권리예탁,권리예탁,True,증권·예탁,주식,1.0,1.0,1.0,0,,40,권리예탁
KO-FIN-00598,권리예탁계좌부 처리 절차를 확인하고 싶습니다.,Tôi muốn tìm hiểu về quy trình xử lý Sổ đăng ký tài khoản lưu ký quyền sở hữu.,권리예탁계좌부,권리예탁계좌부,True,증권·예탁,계좌,1.0,1.0,1.0,0,,20,권리예탁계좌부
KO-FIN-00605,권종이 무엇인지 설명해 주세요.,Vui lòng giải thích Loại quyền là gì.,권종,권종,True,채권,증권·예탁 / 금융법규·감독 / 주식,1.0,1.0,1.0,0,,30,권종
KO-FIN-00609,규정재정이 금융거래에 어떻게 적용되나요?,Xây dựng quy định được áp dụng như thế nào trong giao dịch tài chính này?,규정재정,규정재정,True,금융법규·감독,,1.0,1.0,1.0,0,,40,규정재정
KO-FIN-00611,규정재정 때문에 추가로 확인해야 할 사항이 있나요?,Có điều gì cần kiểm tra thêm do Xây dựng quy định không?,규정재정,규정재정,True,금융법규·감독,,1.0,1.0,1.0,0,,40,규정재정
KO-FIN-00614,그라함 도드모형은 금융상품을 분석할 때 어떻게 사용되나요?,Mô hình Graham-Dodds được sử dụng như thế nào trong việc phân tích các sản phẩm tài chính?,그라함 도드모형,그라함 도드모형,True,금융공학·분석,주식,1.0,1.0,1.0,0,,20,그라함 도드모형
KO-FIN-00616,그라함 도드모형의 결과는 사용한 가정과 시장 데이터에 따라 달라질 수 있습니다.,Kết quả của Mô hình Graham-Dodds có thể thay đổi tùy thuộc vào các giả định và dữ liệu thị trường được sử dụng.,그라함 도드모형,그라함 도드모형,True,금융공학·분석,주식,1.0,1.0,1.0,0,,20,그라함 도드모형
KO-FIN-00621,글래머주식이 무엇인지 설명해 주세요.,Vui lòng giải thích Cổ phiếu Glamour là gì.,글래머주식,글래머주식,True,주식,,1.0,1.0,1.0,0,,0,
KO-FIN-00625,글래스 스티걸법이 무엇인지 설명해 주세요.,Vui lòng giải thích Đạo luật Glass-Steagall là gì.,글래스 스티걸법,글래스 스티걸법,True,증권·예탁,,1.0,1.0,1.0,0,,0,
KO-FIN-00629,글로벌 트레이딩이 무엇을 의미하나요?,Giao dịch toàn cầu có nghĩa là gì?,글로벌 트레이딩,글로벌 트레이딩,True,금융시장·거래,,1.0,1.0,1.0,0,,40,글로벌 트레이딩
KO-FIN-00635,글로벌라이제이션을 줄이려면 어떤 점을 확인해야 하나요?,"Để giảm Toàn cầu hóa, cần lưu ý những điểm nào?",글로벌라이제이션,글로벌라이제이션,True,신용·리스크,,1.0,1.0,1.0,0,,40,글로벌라이제이션
KO-FIN-00636,글로벌라이제이션은 거래 조건이나 이용 가능 여부에 영향을 줄 수 있습니다.,Toàn cầu hóa có thể ảnh hưởng đến các điều kiện giao dịch hoặc khả năng sử dụng.,글로벌라이제이션,글로벌라이제이션,True,신용·리스크,,1.0,1.0,1.0,0,,40,글로벌라이제이션
KO-FIN-00638,글로벌본드의 조건과 수익 구조를 확인하고 싶습니다.,Tôi muốn tìm hiểu về các điều kiện và cơ cấu lợi nhuận của Trái phiếu toàn cầu.,글로벌본드,글로벌본드,True,채권,,1.0,1.0,1.0,0,,0,
KO-FIN-00641,글로컬리제이션이 무엇을 의미하나요?,Toàn cầu hóa và địa phương hóa có nghĩa là gì?,글로컬리제이션,글로컬리제이션,True,금융시장·거래,,1.0,1.0,1.0,0,,40,글로컬리제이션
KO-FIN-00646,금고주에서 이용할 수 있는 금융업무는 무엇인가요?,Các dịch vụ tài chính nào có sẵn tại Cổ phiếu quỹ?,금고주,금고주,True,금융기관·은행,주식,1.0,1.0,1.0,0,,40,금고주
KO-FIN-00649,금리선물이 무엇인지 쉽게 설명해 주세요.,Xin vui lòng giải thích một cách dễ hiểu về Hợp đồng kỳ hạn lãi suất là gì.,금리선물,금리선물,True,파생상품,금융시장·거래,1.0,1.0,1.0,0,,40,금리선물
KO-FIN-00653,금리선물옵션이 무엇인지 쉽게 설명해 주세요.,Xin vui lòng giải thích một cách dễ hiểu về Quyền chọn hợp đồng tương lai lãi suất là gì.,금리선물옵션,금리선물옵션,True,파생상품,,1.0,1.0,1.0,0,,0,
KO-FIN-00657,금리스왑이 무엇인지 쉽게 설명해 주세요.,Xin vui lòng giải thích một cách dễ hiểu về Hoán đổi lãi suất là gì.,금리스왑,금리스왑,True,파생상품,대출 / 법률·계약 / 금융시장·거래,1.0,1.0,1.0,0,,40,금리스왑
KO-FIN-00662,금리연동부사채의 조건과 수익 구조를 확인하고 싶습니다.,Tôi muốn tìm hiểu về các điều kiện và cơ cấu lợi nhuận của Trái phiếu có lãi suất thả nổi.,금리연동부사채,금리연동부사채,True,채권,,1.0,1.0,1.0,0,,40,금리연동부사채
KO-FIN-00666,금리확정부사채의 조건과 수익 구조를 확인하고 싶습니다.,Tôi muốn tìm hiểu về các điều kiện và cơ cấu thu nhập của Trái phiếu không có lãi suất cố định.,금리확정부사채,금리확정부사채,True,채권,,1.0,1.0,1.0,0,,20,금리확정부사채
KO-FIN-00671,금외신탁에 가입하기 전에 어떤 점을 확인해야 하나요?,"Trước khi đăng ký Quỹ ủy thác ngoài nước, tôi cần kiểm tra những điều gì?",금외신탁,금외신탁,True,펀드·신탁,,1.0,1.0,1.0,0,,40,금외신탁
KO-FIN-00673,금융감독위원회/금융감독원이 금융거래에 어떻게 적용되나요?,Ủy ban Giám sát Tài chính/Cơ quan Giám sát Tài chính được áp dụng như thế nào trong giao dịch tài chính này?,금융감독위원회/금융감독원,금융감독위원회/금융감독원,True,금융법규·감독,,1.0,1.0,1.0,0,,0,
KO-FIN-00675,금융감독위원회/금융감독원 때문에 추가로 확인해야 할 사항이 있나요?,Có vấn đề nào cần kiểm tra thêm do Ủy ban Giám sát Tài chính/Cơ quan Giám sát Tài chính không?,금융감독위원회/금융감독원,금융감독위원회/금융감독원,True,금융법규·감독,,1.0,1.0,1.0,0,,0,
KO-FIN-00677,금융결제원이 무엇인지 설명해 주세요.,Vui lòng giải thích Trung tâm Thanh toán Tài chính là gì.,금융결제원,금융결제원,True,지급결제·청산,금융기관·은행,1.0,1.0,1.0,0,,0,
KO-FIN-00681,금융공학이 무엇인지 설명해 주세요.,Vui lòng giải thích Kỹ thuật tài chính là gì.,금융공학,금융공학,True,주식,,1.0,1.0,1.0,0,,20,금융공학
KO-FIN-00686,금융기관에서 이용할 수 있는 금융업무는 무엇인가요?,Các dịch vụ tài chính nào có sẵn tại Tổ chức tài chính?,금융기관,금융기관,True,금융기관·은행,,1.0,1.0,1.0,0,,0,
KO-FIN-00691,금융리스 때문에 추가로 확인해야 할 사항이 있나요?,Có điều gì cần kiểm tra thêm liên quan đến Cho thuê tài chính không?,금융리스,금융리스,True,금융법규·감독,,1.0,1.0,1.0,0,,40,금융리스
KO-FIN-00692,금융리스의 적용 범위는 관련 법령과 규정에 따라 달라질 수 있습니다.,Phạm vi áp dụng của Cho thuê tài chính có thể thay đổi tùy theo các văn bản pháp luật và quy định liên quan.,금융리스,금융리스,True,금융법규·감독,,1.0,1.0,1.0,0,,40,금융리스
KO-FIN-00696,금융비용은 심사 결과에 따라 이용 가능 여부가 달라질 수 있습니다.,Tính khả dụng của Chi phí tài chính có thể thay đổi tùy theo kết quả thẩm định.,금융비용,금융비용,True,대출,,1.0,1.0,1.0,0,,20,금융비용
KO-FIN-00698,금융선물거래와 관련된 시장 정보를 확인하고 싶습니다.,Tôi muốn xem thông tin thị trường liên quan đến Giao dịch hợp đồng tương lai tài chính.,금융선물거래,금융선물거래,True,금융시장·거래,파생상품 / 해외송금·외환,1.0,1.0,1.0,0,,0,
KO-FIN-00702,금융소득종합과세의 적용 기준을 알려주세요.,Xin vui lòng cho biết các tiêu chí áp dụng đối với Đánh thuế tổng hợp đối với thu nhập từ hoạt động tài chính.,금융소득종합과세,금융소득종합과세,True,세금,,1.0,1.0,1.0,0,,0,
KO-FIN-00704,금융소득종합과세의 적용 여부는 거래 유형과 세법에 따라 달라질 수 있습니다.,Việc áp dụng Đánh thuế tổng hợp đối với thu nhập từ hoạt động tài chính có thể thay đổi tùy theo loại giao dịch và luật thuế.,금융소득종합과세,금융소득종합과세,True,세금,,1.0,1.0,1.0,0,,0,
KO-FIN-00705,금융쇼핑몰이 무엇인지 설명해 주세요.,Vui lòng giải thích Trung tâm mua sắm tài chính là gì.,금융쇼핑몰,금융쇼핑몰,True,증권·예탁,,1.0,1.0,1.0,0,,0,
KO-FIN-00709,금융시장이 무엇을 의미하나요?,Thị trường tài chính có nghĩa là gì?,금융시장,금융시장,True,금융시장·거래,,1.0,1.0,1.0,0,,0,
KO-FIN-00714,금융실명제의 적용 기준을 알려주세요.,Xin vui lòng cho biết các tiêu chí áp dụng đối với Chế độ thực danh trong lĩnh vực tài chính.,금융실명제,금융실명제,True,세금,,1.0,1.0,1.0,0,,0,
KO-FIN-00716,금융실명제의 적용 여부는 거래 유형과 세법에 따라 달라질 수 있습니다.,Việc áp dụng Chế độ thực danh trong lĩnh vực tài chính có thể thay đổi tùy theo loại giao dịch và luật thuế.,금융실명제,금융실명제,True,세금,,1.0,1.0,1.0,0,,0,
KO-FIN-00720,금융어음은 심사 결과에 따라 이용 가능 여부가 달라질 수 있습니다.,Tính khả dụng của Hối phiếu tài chính có thể thay đổi tùy theo kết quả thẩm định.,금융어음,금융어음,True,대출,,1.0,1.0,1.0,0,,0,
KO-FIN-00724,금융자산은 심사 결과에 따라 이용 가능 여부가 달라질 수 있습니다.,Tính khả dụng của Tài sản tài chính có thể thay đổi tùy theo kết quả thẩm định.,금융자산,금융자산,True,대출,,1.0,1.0,1.0,0,,0,
KO-FIN-00727,금융장세와 관련해 투자 전에 확인해야 할 사항이 있나요?,Có điều gì cần kiểm tra trước khi đầu tư liên quan đến Tình hình thị trường tài chính không?,금융장세,금융장세,True,주식,,1.0,1.0,1.0,0,,0,
KO-FIN-00730,금융지주회사에서 이용할 수 있는 금융업무는 무엇인가요?,Các dịch vụ tài chính nào có sẵn tại Tập đoàn tài chính?,금융지주회사,금융지주회사,True,금융기관·은행,,1.0,1.0,1.0,0,,20,금융지주회사
KO-FIN-00734,금융채에서 이용할 수 있는 금융업무는 무엇인가요?,Các dịch vụ tài chính nào có sẵn tại Trái phiếu tài chính?,금융채,금융채,True,금융기관·은행,,1.0,1.0,1.0,0,,0,
KO-FIN-00738,금융통화운영위원회에서 이용할 수 있는 금융업무는 무엇인가요?,Các dịch vụ tài chính nào có sẵn tại Ủy ban Điều hành Tài chính và Tiền tệ?,금융통화운영위원회,금융통화운영위원회,True,금융기관·은행,,1.0,1.0,1.0,0,,0,
KO-FIN-00743,금전신탁에 가입하기 전에 어떤 점을 확인해야 하나요?,"Trước khi đăng ký Quỹ ủy thác tiền tệ, tôi cần kiểm tra những điều gì?",금전신탁,금전신탁,True,펀드·신탁,,1.0,1.0,1.0,0,,20,금전신탁
KO-FIN-00746,기간구조의 조건과 수익 구조를 확인하고 싶습니다.,Tôi muốn tìm hiểu về các điều kiện và cơ cấu lợi nhuận của Cấu trúc thời gian.,기간구조,기간구조,True,채권,,1.0,1.0,1.0,0,,0,
KO-FIN-00749,기간물 repo이 무엇을 의미하나요?,Hợp đồng repo kỳ hạn có nghĩa là gì?,기간물 repo,기간물 repo,True,금융시장·거래,,1.0,1.0,1.0,0,,40,기간물 repo
KO-FIN-00754,기관결제제도 처리 절차를 확인하고 싶습니다.,Tôi muốn tìm hiểu về quy trình xử lý Hệ thống thanh toán qua tổ chức.,기관결제제도,기관결제제도,True,증권·예탁,지급결제·청산 / 금융시장·거래,1.0,1.0,1.0,0,,40,기관결제제도
KO-FIN-00757,기관투자가 결제제도가 무엇인지 설명해 주세요.,Xin vui lòng giải thích Hệ thống thanh toán dành cho nhà đầu tư tổ chức là gì.,기관투자가 결제제도,기관투자가 결제제도,True,지급결제·청산,자산운용·투자 / 증권·예탁 / 금융시장·거래,1.0,1.0,1.0,0,,0,
KO-FIN-00763,기관투자가와 관련된 투자 정보를 확인하고 싶습니다.,Tôi muốn xem thông tin đầu tư liên quan đến Nhà đầu tư tổ chức.,기관투자가,기관투자가,True,자산운용·투자,증권·예탁 / 금융기관·은행 / 금융시장·거래,1.0,1.0,1.0,0,,20,기관투자가
KO-FIN-00765,기관화현상이 무엇인지 설명해 주세요.,Vui lòng giải thích Hiện tượng thể chế hóa là gì.,기관화현상,기관화현상,True,주식,,1.0,1.0,1.0,0,,0,
KO-FIN-00769,기대수익률이 무엇인지 설명해 주세요.,Vui lòng giải thích Tỷ suất sinh lời kỳ vọng là gì.,기대수익률,기대수익률,True,주식,,1.0,1.0,1.0,0,,0,
KO-FIN-00776,기대이론은 심사 결과에 따라 이용 가능 여부가 달라질 수 있습니다.,Tính khả dụng của Lý thuyết kỳ vọng có thể thay đổi tùy theo kết quả thẩm định.,기대이론,기대이론,True,대출,자산운용·투자,1.0,1.0,1.0,0,,0,
KO-FIN-00778,기말계속예탁제도 처리 절차를 확인하고 싶습니다.,Tôi muốn tìm hiểu về quy trình xử lý Chế độ lưu ký liên tục đến cuối kỳ.,기말계속예탁제도,기말계속예탁제도,True,증권·예탁,주식 / 법률·계약,1.0,1.0,1.0,0,,40,기말계속예탁제도
KO-FIN-00781,기명날인이 금융거래에서 무엇을 의미하나요?,Chữ ký và con dấu có ý nghĩa gì trong giao dịch tài chính này?,기명날인,기명날인,True,법률·계약,,1.0,1.0,1.0,0,,20,기명날인
KO-FIN-00786,기명사채의 조건과 수익 구조를 확인하고 싶습니다.,Tôi muốn tìm hiểu về các điều kiện và cơ cấu lợi nhuận của Trái phiếu có ghi tên.,기명사채,기명사채,True,채권,,1.0,1.0,1.0,0,,20,기명사채
KO-FIN-00789,기명주식이 무엇인지 설명해 주세요.,Vui lòng giải thích Cổ phiếu ghi danh là gì.,기명주식,기명주식,True,주식,증권·예탁,1.0,1.0,1.0,0,,20,기명주식
KO-FIN-00794,기본적분석은 금융상품을 분석할 때 어떻게 사용되나요?,Phân tích cơ bản được sử dụng như thế nào trong việc phân tích các sản phẩm tài chính?,기본적분석,기본적분석,True,금융공학·분석,,1.0,1.0,1.0,0,,0,
KO-FIN-00796,기본적분석의 결과는 사용한 가정과 시장 데이터에 따라 달라질 수 있습니다.,Kết quả của Phân tích cơ bản có thể thay đổi tùy thuộc vào các giả định và dữ liệu thị trường được sử dụng.,기본적분석,기본적분석,True,금융공학·분석,,1.0,1.0,1.0,0,,0,
KO-FIN-00802,기술적분석은 금융상품을 분석할 때 어떻게 사용되나요?,Phân tích kỹ thuật được sử dụng như thế nào trong việc phân tích các sản phẩm tài chính?,기술적분석,기술적분석,True,금융공학·분석,,1.0,1.0,1.0,0,,0,
KO-FIN-00804,기술적분석의 결과는 사용한 가정과 시장 데이터에 따라 달라질 수 있습니다.,Kết quả của Phân tích kỹ thuật có thể thay đổi tùy thuộc vào các giả định và dữ liệu thị trường được sử dụng.,기술적분석,기술적분석,True,금융공학·분석,,1.0,1.0,1.0,0,,0,
KO-FIN-00806,기어링 레이쇼에서 이용할 수 있는 금융업무는 무엇인가요?,Các dịch vụ tài chính nào có sẵn tại Tỷ số truyền?,기어링 레이쇼,기어링 레이쇼,True,금융기관·은행,,1.0,1.0,1.0,0,,40,기어링 레이쇼
KO-FIN-00812,기업공개의 세부 조건과 절차는 거래 유형에 따라 달라질 수 있습니다.,Các điều kiện và thủ tục chi tiết của Phát hành cổ phiếu ra công chúng có thể thay đổi tùy theo loại giao dịch.,기업공개,기업공개,True,기업금융·자본조달,주식 / 자산운용·투자 / 금융시장·거래,1.0,1.0,1.0,0,,40,기업공개
KO-FIN-00814,기업회계기준을 통해 어떤 정보를 확인할 수 있나요?,"Thông qua Tiêu chuẩn kế toán doanh nghiệp, tôi có thể tra cứu những thông tin nào?",기업회계기준,기업회계기준,True,회계·재무,금융법규·감독,1.0,1.0,1.0,0,,0,
KO-FIN-00816,기업회계기준은 기준 시점과 작성 기준을 함께 확인해야 합니다.,"Đối với Tiêu chuẩn kế toán doanh nghiệp, cần phải kiểm tra cả thời điểm tham chiếu và tiêu chí lập báo cáo.",기업회계기준,기업회계기준,True,회계·재무,금융법규·감독,1.0,1.0,1.0,0,,0,
KO-FIN-00817,기준일이 금융거래에서 무엇을 의미하나요?,Ngày tham chiếu có ý nghĩa gì trong giao dịch tài chính này?,기준일,기준일,True,법률·계약,,1.0,1.0,1.0,0,,40,기준일
KO-FIN-00821,기채시장이 무엇인지 설명해 주세요.,Vui lòng giải thích Thị trường trái phiếu chính phủ là gì.,기채시장,기채시장,True,채권,금융시장·거래,1.0,1.0,1.0,0,,0,
KO-FIN-00825,기초자산이 무엇인지 쉽게 설명해 주세요.,Xin vui lòng giải thích một cách dễ hiểu về Tài sản cơ sở là gì.,기초자산,기초자산,True,파생상품,,1.0,1.0,1.0,0,,0,
KO-FIN-00830,기축통화와 관련된 거래 조건을 확인하고 싶습니다.,Tôi muốn kiểm tra các điều kiện giao dịch liên quan đến Tiền tệ dự trữ.,기축통화,기축통화,True,국제금융,,1.0,1.0,1.0,0,,20,기축통화
KO-FIN-00833,기한부어음이 무엇인지 설명해 주세요.,Vui lòng giải thích Hối phiếu có thời hạn là gì.,기한부어음,기한부어음,True,증권·예탁,,1.0,1.0,1.0,0,,40,기한부어음
KO-FIN-00839,기회비용과 관련된 투자 정보를 확인하고 싶습니다.,Tôi muốn xem thông tin đầu tư liên quan đến Chi phí cơ hội.,기회비용,기회비용,True,자산운용·투자,,1.0,1.0,1.0,0,,0,
KO-FIN-00841,나스닥이 무엇을 의미하나요?,Nasdaq có nghĩa là gì?,나스닥,나스닥,True,금융시장·거래,,1.0,1.0,1.0,0,,0,
KO-FIN-00846,납입자본금을 통해 어떤 정보를 확인할 수 있나요?,"Thông qua Vốn góp, tôi có thể tra cứu những thông tin nào?",납입자본금,납입자본금,True,회계·재무,,1.0,1.0,1.0,0,,40,납입자본금
KO-FIN-00848,납입자본금은 기준 시점과 작성 기준을 함께 확인해야 합니다.,"Đối với Vốn góp, cần phải xác minh cả thời điểm tham chiếu và tiêu chí lập báo cáo.",납입자본금,납입자본금,True,회계·재무,,1.0,1.0,1.0,0,,40,납입자본금
KO-FIN-00855,내부결제 과정에서 문제가 발생한 것 같습니다.,Có vẻ như đã xảy ra sự cố trong quá trình Thanh toán nội bộ.,내부결제,내부결제,True,지급결제·청산,,1.0,1.0,1.0,0,,0,
KO-FIN-00858,내부금융은 어디에서 확인할 수 있나요?,Tôi có thể tra cứu Tài chính nội bộ ở đâu?,내부금융,내부금융,True,계좌,,1.0,1.0,1.0,0,,40,내부금융
KO-FIN-00859,내부금융이 정상적으로 표시되지 않습니다.,Tài chính nội bộ không hiển thị đúng cách.,내부금융,내부금융,True,계좌,,1.0,1.0,1.0,0,,40,내부금융
KO-FIN-00863,내부수익률과 관련된 투자 정보를 확인하고 싶습니다.,Tôi muốn xem thông tin đầu tư liên quan đến Tỷ suất sinh lời nội bộ.,내부수익률,내부수익률,True,자산운용·투자,,1.0,1.0,1.0,0,,0,
KO-FIN-00867,내부유보와 관련해 투자 전에 확인해야 할 사항이 있나요?,Có điều gì cần kiểm tra trước khi đầu tư liên quan đến Lợi nhuận giữ lại không?,내부유보,내부유보,True,주식,,1.0,1.0,1.0,0,,40,내부유보
KO-FIN-00870,내부자거래와 관련된 시장 정보를 확인하고 싶습니다.,Tôi muốn xem thông tin thị trường liên quan đến Giao dịch nội gián.,내부자거래,내부자거래,True,금융시장·거래,자산운용·투자 / 증권·예탁 / 금융법규·감독 / 법률·계약,1.0,1.0,1.0,0,,0,
KO-FIN-00874,내재가치 처리 절차를 확인하고 싶습니다.,Tôi muốn tìm hiểu về quy trình xử lý Giá trị nội tại.,내재가치,내재가치,True,증권·예탁,,1.0,1.0,1.0,0,,0,
KO-FIN-00879,누적적 우선주와 관련해 투자 전에 확인해야 할 사항이 있나요?,Có điều gì cần kiểm tra trước khi đầu tư liên quan đến Cổ phiếu ưu đãi tích lũy không?,누적적 우선주,누적적 우선주,True,주식,,1.0,1.0,1.0,0,,0,
KO-FIN-00883,누적적참가우선주와 관련해 투자 전에 확인해야 할 사항이 있나요?,Có điều gì cần kiểm tra trước khi đầu tư liên quan đến Cổ phiếu ưu đãi tích lũy không?,누적적참가우선주,누적적참가우선주,True,주식,,1.0,1.0,1.0,0,,20,누적적참가우선주
KO-FIN-00887,누적투표제와 관련해 투자 전에 확인해야 할 사항이 있나요?,Có điều gì cần kiểm tra trước khi đầu tư liên quan đến Hệ thống bỏ phiếu tích lũy không?,누적투표제,누적투표제,True,주식,,1.0,1.0,1.0,0,,0,
KO-FIN-00891,뉴라운드와 관련된 투자 정보를 확인하고 싶습니다.,Tôi muốn xem thông tin đầu tư liên quan đến New Round.,뉴라운드,뉴라운드,True,자산운용·투자,,1.0,1.0,1.0,0,,0,
KO-FIN-00896,뉴욕증권거래소를 확인할 때 시장 상황과 거래 조건을 함께 살펴보세요.,"Khi xem xét Sàn Giao dịch Chứng khoán New York, hãy xem xét cả tình hình thị trường và các điều kiện giao dịch.",뉴욕증권거래소,뉴욕증권거래소,True,금융시장·거래,증권·예탁,1.0,1.0,1.0,0,,0,
KO-FIN-00898,니케이 평균지수와 관련된 시장 정보를 확인하고 싶습니다.,Tôi muốn xem thông tin thị trường liên quan đến Chỉ số trung bình Nikkei.,니케이 평균지수,니케이 평균지수,True,금융시장·거래,주식,1.0,1.0,1.0,0,,0,
KO-FIN-00901,다자간 차감이 무엇인지 설명해 주세요.,Vui lòng giải thích Khấu trừ đa phương là gì.,다자간 차감,다자간 차감,True,지급결제·청산,,1.0,1.0,1.0,0,,40,다자간 차감
KO-FIN-00906,다지수모형은 금융상품을 분석할 때 어떻게 사용되나요?,Mô hình đa chỉ số được sử dụng như thế nào khi phân tích các sản phẩm tài chính?,다지수모형,다지수모형,True,금융공학·분석,,1.0,1.0,1.0,0,,20,다지수모형
KO-FIN-00908,다지수모형의 결과는 사용한 가정과 시장 데이터에 따라 달라질 수 있습니다.,Kết quả của Mô hình đa chỉ số có thể thay đổi tùy thuộc vào các giả định và dữ liệu thị trường được sử dụng.,다지수모형,다지수모형,True,금융공학·분석,,1.0,1.0,1.0,0,,20,다지수모형
KO-FIN-00909,단기금융시장 상호기금이 무엇을 의미하나요?,Quỹ tương hỗ thị trường tài chính ngắn hạn có nghĩa là gì?,단기금융시장 상호기금,단기금융시장 상호기금,True,금융시장·거래,,1.0,1.0,1.0,0,,0,
KO-FIN-00913,단기금융시장이 무엇을 의미하나요?,Thị trường tài chính ngắn hạn có nghĩa là gì?,단기금융시장,단기금융시장,True,금융시장·거래,대출,1.0,1.0,1.0,0,,0,
KO-FIN-00918,단기채의 조건과 수익 구조를 확인하고 싶습니다.,Tôi muốn tìm hiểu về các điều kiện và cơ cấu lợi nhuận của Trái phiếu ngắn hạn.,단기채,단기채,True,채권,,1.0,1.0,1.0,0,,0,
KO-FIN-00921,단독주주권이 무엇인지 설명해 주세요.,Vui lòng giải thích Quyền của cổ đông duy nhất là gì.,단독주주권,단독주주권,True,주식,,1.0,1.0,1.0,0,,0,
KO-FIN-00926,단순보관연계 처리 절차를 확인하고 싶습니다.,Tôi muốn tìm hiểu về quy trình xử lý Liên kết lưu trữ đơn thuần.,단순보관연계,단순보관연계,True,증권·예탁,지급결제·청산,1.0,1.0,1.0,0,,40,단순보관연계
KO-FIN-00931,단순주가지수와 관련해 투자 전에 확인해야 할 사항이 있나요?,Có điều gì cần kiểm tra trước khi đầu tư liên quan đến Chỉ số chứng khoán đơn giản không?,단순주가지수,단순주가지수,True,주식,,1.0,1.0,1.0,0,,0,
KO-FIN-00933,단순주가평균이 무엇인지 설명해 주세요.,Vui lòng giải thích Giá trung bình đơn giản là gì.,단순주가평균,단순주가평균,True,주식,,1.0,1.0,1.0,0,,20,단순주가평균
KO-FIN-00939,단위형 투자신탁에 가입하기 전에 어떤 점을 확인해야 하나요?,"Trước khi đăng ký Quỹ đầu tư theo đơn vị, tôi cần kiểm tra những điều gì?",단위형 투자신탁,단위형 투자신탁,True,펀드·신탁,자산운용·투자,1.0,1.0,1.0,0,,20,단위형 투자신탁
KO-FIN-00942,단일지수모형은 금융상품을 분석할 때 어떻게 사용되나요?,Mô hình chỉ số đơn được sử dụng như thế nào trong việc phân tích các sản phẩm tài chính?,단일지수모형,단일지수모형,True,금융공학·분석,,1.0,1.0,1.0,0,,0,
KO-FIN-00944,단일지수모형의 결과는 사용한 가정과 시장 데이터에 따라 달라질 수 있습니다.,Kết quả của Mô hình chỉ số đơn có thể thay đổi tùy thuộc vào các giả định và dữ liệu thị trường được sử dụng.,단일지수모형,단일지수모형,True,금융공학·분석,,1.0,1.0,1.0,0,,0,
KO-FIN-00949,단주매각대금이 무엇을 의미하나요?,Số tiền thu được từ việc bán cổ phần có nghĩa là gì?,단주매각대금,단주매각대금,True,금융시장·거래,주식,1.0,1.0,1.0,0,,20,단주매각대금
KO-FIN-00954,담보거래와 관련된 시장 정보를 확인하고 싶습니다.,Tôi muốn xem thông tin thị trường liên quan đến Giao dịch có bảo đảm.,담보거래,담보거래,True,금융시장·거래,채권 / 증권·예탁,1.0,1.0,1.0,0,,40,담보거래
KO-FIN-00958,담보관리제도 처리 절차를 확인하고 싶습니다.,Tôi muốn tìm hiểu về quy trình xử lý Hệ thống quản lý tài sản thế chấp.,담보관리제도,담보관리제도,True,증권·예탁,,1.0,1.0,1.0,0,,40,담보관리제도
KO-FIN-00961,담보물이 무엇인지 설명해 주세요.,Vui lòng giải thích Tài sản thế chấp là gì.,담보물,담보물,True,증권·예탁,,1.0,1.0,1.0,0,,40,담보물
KO-FIN-00966,담보부사채의 조건과 수익 구조를 확인하고 싶습니다.,Tôi muốn tìm hiểu về các điều kiện và cơ cấu lợi nhuận của Trái phiếu có bảo đảm.,담보부사채,담보부사채,True,채권,,1.0,1.0,1.0,0,,40,담보부사채
KO-FIN-00969,담보유가증권이 무엇인지 설명해 주세요.,Vui lòng giải thích Chứng khoán đảm bảo là gì.,담보유가증권,담보유가증권,True,증권·예탁,,1.0,1.0,1.0,0,,0,
KO-FIN-00975,담보유지비율과 관련된 투자 정보를 확인하고 싶습니다.,Tôi muốn xem thông tin đầu tư liên quan đến Tỷ lệ duy trì tài sản thế chấp.,담보유지비율,담보유지비율,True,자산운용·투자,증권·예탁,1.0,1.0,1.0,0,,20,담보유지비율
KO-FIN-00978,당일결제거래와 관련된 시장 정보를 확인하고 싶습니다.,Tôi muốn xem thông tin thị trường liên quan đến Giao dịch thanh toán trong ngày.,당일결제거래,당일결제거래,True,금융시장·거래,지급결제·청산,1.0,1.0,1.0,0,,0,
KO-FIN-00981,당일자금이 무엇인지 설명해 주세요.,Vui lòng giải thích Tiền mặt trong ngày là gì.,당일자금,당일자금,True,지급결제·청산,,1.0,1.0,1.0,0,,0,
KO-FIN-00999,대금지급보증시스템 과정에서 문제가 발생한 것 같습니다.,Có vẻ như đã xảy ra sự cố trong quá trình Hệ thống bảo lãnh thanh toán.,대금지급보증시스템,대금지급보증시스템,True,지급결제·청산,신용·리스크,1.0,1.0,1.0,0,,0,
KO-FIN-01003,대기시스템 과정에서 문제가 발생한 것 같습니다.,Có vẻ như đã xảy ra sự cố trong quá trình Hệ thống xử lý không khí.,대기시스템,대기시스템,True,지급결제·청산,,1.0,1.0,1.0,0,,0,
KO-FIN-01006,대량매매와 관련된 시장 정보를 확인하고 싶습니다.,Tôi muốn xem thông tin thị trường liên quan đến Giao dịch khối lượng lớn.,대량매매,대량매매,True,금융시장·거래,,1.0,1.0,1.0,0,,20,대량매매
KO-FIN-01010,대량주식보유상황공시제도와 관련된 정보를 확인하고 싶습니다.,Tôi muốn tra cứu thông tin liên quan đến Hệ thống công bố thông tin về tình hình nắm giữ cổ phiếu với số lượng lớn.,대량주식보유상황공시제도,대량주식보유상황공시제도,True,주식,금융법규·감독 / 자산운용·투자 / 금융시장·거래,1.0,1.0,1.0,0,,20,대량주식보유상황공시제도
KO-FIN-01013,대량주식소유의 제한이 무엇인지 설명해 주세요.,Vui lòng giải thích Hạn chế sở hữu cổ phần với số lượng lớn là gì.,대량주식소유의 제한,대량주식소유의 제한,True,주식,금융법규·감독,1.0,1.0,1.0,0,,0,
KO-FIN-01018,대변이체시스템을 이용하려면 어떻게 해야 하나요?,Làm thế nào để sử dụng Hệ thống chuyển phân?,대변이체시스템,대변이체시스템,True,이체,,1.0,1.0,1.0,0,,20,대변이체시스템
KO-FIN-01020,대변이체시스템을 진행하기 전에 입력한 정보를 다시 확인해 주세요.,"Trước khi tiến hành Hệ thống chuyển phân, vui lòng kiểm tra lại thông tin đã nhập.",대변이체시스템,대변이체시스템,True,이체,,1.0,1.0,1.0,0,,20,대변이체시스템
KO-FIN-01021,대용가격이 무엇을 의미하나요?,Giá thay thế có nghĩa là gì?,대용가격,대용가격,True,금융시장·거래,,1.0,1.0,1.0,0,,0,
KO-FIN-01025,대용증거금 필요액이 무엇인지 쉽게 설명해 주세요.,Xin vui lòng giải thích một cách dễ hiểu về Số tiền ký quỹ thay thế cần thiết.,대용증거금 필요액,대용증거금 필요액,True,파생상품,증권·예탁 / 금융시장·거래,1.0,1.0,1.0,0,,40,대용증거금 필요액
KO-FIN-01029,대용증권이 무엇인지 설명해 주세요.,Vui lòng giải thích Chứng khoán thay thế là gì.,대용증권,대용증권,True,증권·예탁,금융시장·거래 / 주식,1.0,1.0,1.0,0,,0,
KO-FIN-01037,대주비율이 무엇을 의미하나요?,Tỷ lệ nợ trên vốn chủ sở hữu có nghĩa là gì?,대주비율,대주비율,True,금융시장·거래,주식,1.0,1.0,1.0,0,,30,대주비율
KO-FIN-01042,대주주와 관련된 정보를 확인하고 싶습니다.,Tôi muốn tra cứu thông tin liên quan đến Cổ đông lớn.,대주주,대주주,True,주식,,1.0,1.0,1.0,0,,40,대주주
KO-FIN-01047,대차수수료에 대해 상담받고 싶습니다.,Tôi muốn được tư vấn về Phí cho vay.,대차수수료,대차수수료,True,대출,증권·예탁,1.0,1.0,1.0,0,,40,대차수수료
KO-FIN-01049,대체거래시스템이 무엇을 의미하나요?,Hệ thống giao dịch thay thế có nghĩa là gì?,대체거래시스템,대체거래시스템,True,금융시장·거래,,1.0,1.0,1.0,0,,0,
KO-FIN-01053,대체결제제도가 무엇인지 설명해 주세요.,Xin vui lòng giải thích Hệ thống thanh toán thay thế là gì.,대체결제제도,대체결제제도,True,지급결제·청산,증권·예탁 / 금융시장·거래 / 자산운용·투자,1.0,1.0,1.0,0,,0,
KO-FIN-01057,대체물/대체성이 무엇인지 설명해 주세요.,Vui lòng giải thích Chất thay thế/Khả năng thay thế là gì.,대체물/대체성,대체물/대체성,True,증권·예탁,,1.0,1.0,1.0,0,,0,
KO-FIN-01063,대체비용위험을 줄이려면 어떤 점을 확인해야 하나요?,"Để giảm Rủi ro chi phí thay thế, cần lưu ý những điểm nào?",대체비용위험,대체비용위험,True,신용·리스크,,1.0,1.0,1.0,0,,0,
KO-FIN-01064,대체비용위험은 거래 조건이나 이용 가능 여부에 영향을 줄 수 있습니다.,Rủi ro chi phí thay thế có thể ảnh hưởng đến các điều kiện giao dịch hoặc khả năng sử dụng.,대체비용위험,대체비용위험,True,신용·리스크,,1.0,1.0,1.0,0,,0,
KO-FIN-01065,대표소송이 무엇인지 설명해 주세요.,Vui lòng giải thích Vụ kiện đại diện là gì.,대표소송,대표소송,True,주식,법률·계약,1.0,1.0,1.0,0,,0,
KO-FIN-01069,대표채권이 무엇인지 설명해 주세요.,Vui lòng giải thích Trái phiếu đại diện là gì.,대표채권,대표채권,True,채권,자산운용·투자,1.0,1.0,1.0,0,,0,
KO-FIN-01073,대행업무 수탁계약이 금융거래에서 무엇을 의미하나요?,Hợp đồng ủy thác dịch vụ có ý nghĩa gì trong giao dịch tài chính này?,대행업무 수탁계약,대행업무 수탁계약,True,법률·계약,증권·예탁 / 펀드·신탁 / 주식,1.0,1.0,1.0,0,,20,대행업무 수탁계약
KO-FIN-01079,데드크로스와 관련해 투자 전에 확인해야 할 사항이 있나요?,Có điều gì cần kiểm tra trước khi đầu tư vào Dead Cross không?,데드크로스,데드크로스,True,주식,,1.0,1.0,1.0,0,,0,
KO-FIN-01083,독일증권시장의 주가지수와 관련해 투자 전에 확인해야 할 사항이 있나요?,Có những điều cần kiểm tra trước khi đầu tư liên quan đến Chỉ số chứng khoán của thị trường chứng khoán Đức không?,독일증권시장의 주가지수,독일증권시장의 주가지수,True,주식,금융시장·거래 / 증권·예탁,1.0,1.0,1.0,0,,0,
KO-FIN-01086,동시호가와 관련된 시장 정보를 확인하고 싶습니다.,Tôi muốn xem thông tin thị trường liên quan đến Đấu giá đồng thời.,동시호가,동시호가,True,금융시장·거래,,1.0,1.0,1.0,0,,20,동시호가
KO-FIN-01090,동일주주와 관련된 정보를 확인하고 싶습니다.,Tôi muốn tra cứu thông tin liên quan đến Cổ đông cùng một bên.,동일주주,동일주주,True,주식,증권·예탁,1.0,1.0,1.0,0,,20,동일주주
KO-FIN-01095,동증주가지수와 관련해 투자 전에 확인해야 할 사항이 있나요?,Có điều gì cần kiểm tra trước khi đầu tư liên quan đến Chỉ số chứng khoán Dongjeong không?,동증주가지수,동증주가지수,True,주식,금융시장·거래,1.0,1.0,1.0,0,,0,
KO-FIN-01098,듀레이션은 금융상품을 분석할 때 어떻게 사용되나요?,Thời lượng được sử dụng như thế nào trong quá trình phân tích các sản phẩm tài chính?,듀레이션,듀레이션,True,금융공학·분석,,1.0,1.0,1.0,0,,40,듀레이션
KO-FIN-01100,듀레이션의 결과는 사용한 가정과 시장 데이터에 따라 달라질 수 있습니다.,Kết quả của Thời lượng có thể thay đổi tùy thuộc vào các giả định và dữ liệu thị trường được sử dụng.,듀레이션,듀레이션,True,금융공학·분석,,1.0,1.0,1.0,0,,40,듀레이션
KO-FIN-01102,등가수익률의 적용 기준을 알려주세요.,Xin vui lòng cho biết các tiêu chí áp dụng của Tỷ suất sinh lời tương đương.,등가수익률,등가수익률,True,세금,,1.0,1.0,1.0,0,,0,
KO-FIN-01104,등가수익률의 적용 여부는 거래 유형과 세법에 따라 달라질 수 있습니다.,Việc áp dụng Tỷ suất sinh lời tương đương có thể thay đổi tùy theo loại giao dịch và luật thuế.,등가수익률,등가수익률,True,세금,,1.0,1.0,1.0,0,,0,
KO-FIN-01105,등록기관이 무엇인지 설명해 주세요.,Vui lòng giải thích Cơ quan đăng ký là gì.,등록기관,등록기관,True,증권·예탁,채권,1.0,1.0,1.0,0,,0,
KO-FIN-01109,등록대리인이 금융거래에서 무엇을 의미하나요?,Đại diện đăng ký có ý nghĩa gì trong giao dịch tài chính này?,등록대리인,등록대리인,True,법률·계약,금융시장·거래 / 증권·예탁,1.0,1.0,1.0,0,,0,
KO-FIN-01113,등록법인이 무엇인지 설명해 주세요.,Vui lòng giải thích Tổ chức được đăng ký là gì.,등록법인,등록법인,True,증권·예탁,펀드·신탁 / 금융시장·거래 / 금융법규·감독 / 채권,1.0,1.0,1.0,0,,20,등록법인
KO-FIN-01117,등록질이 무엇인지 설명해 주세요.,Vui lòng giải thích Câu hỏi đã đăng ký là gì.,등록질,등록질,True,주식,금융법규·감독,1.0,1.0,1.0,0,,0,
KO-FIN-01121,등록채권이 무엇인지 설명해 주세요.,Vui lòng giải thích Khoản nợ đã đăng ký là gì.,등록채권,등록채권,True,채권,,1.0,1.0,1.0,0,,0,
KO-FIN-01126,"등록필증, 등록필통지서의 조건과 수익 구조를 확인하고 싶습니다.","Tôi muốn tìm hiểu về các điều kiện và cơ cấu lợi nhuận của Giấy chứng nhận đăng ký, Thông báo đăng ký.","등록필증, 등록필통지서","등록필증, 등록필통지서",True,채권,,1.0,1.0,1.0,0,,0,
KO-FIN-01130,디스카운트 브로커와 관련된 시장 정보를 확인하고 싶습니다.,Tôi muốn xem thông tin thị trường liên quan đến Công ty môi giới chiết khấu.,디스카운트 브로커,디스카운트 브로커,True,금융시장·거래,,1.0,1.0,1.0,0,,40,디스카운트 브로커
KO-FIN-01138,랜덤워크가설은 금융상품을 분석할 때 어떻게 사용되나요?,Giả thuyết đi bộ ngẫu nhiên được sử dụng như thế nào trong việc phân tích các sản phẩm tài chính?,랜덤워크가설,랜덤워크가설,True,금융공학·분석,,1.0,1.0,1.0,0,,40,랜덤워크가설
KO-FIN-01140,랜덤워크가설의 결과는 사용한 가정과 시장 데이터에 따라 달라질 수 있습니다.,Kết quả của Giả thuyết đi bộ ngẫu nhiên có thể thay đổi tùy thuộc vào các giả định và dữ liệu thị trường được sử dụng.,랜덤워크가설,랜덤워크가설,True,금융공학·분석,,1.0,1.0,1.0,0,,40,랜덤워크가설
KO-FIN-01143,랩 어카운트와 관련된 투자 정보를 확인하고 싶습니다.,Tôi muốn xem thông tin đầu tư liên quan đến Tài khoản Lab.,랩 어카운트,랩 어카운트,True,자산운용·투자,,1.0,1.0,1.0,0,,40,랩 어카운트
KO-FIN-01146,런던은행간 대출금리에서 이용할 수 있는 금융업무는 무엇인가요?,Các dịch vụ tài chính nào có sẵn tại Lãi suất cho vay liên ngân hàng tại London?,런던은행간 대출금리,런던은행간 대출금리,True,금융기관·은행,대출 / 계좌,1.0,1.0,1.0,0,,0,
KO-FIN-01150,런던은행간 예금금리에서 이용할 수 있는 금융업무는 무엇인가요?,Các dịch vụ tài chính nào có sẵn tại Lãi suất tiền gửi liên ngân hàng tại London?,런던은행간 예금금리,런던은행간 예금금리,True,금융기관·은행,예금상품,1.0,1.0,1.0,0,,0,
KO-FIN-01154,레버리지 효과는 어디에서 확인할 수 있나요?,Tôi có thể tra cứu Hiệu ứng đòn bẩy ở đâu?,레버리지 효과,레버리지 효과,True,계좌,,1.0,1.0,1.0,0,,0,
KO-FIN-01159,마코위츠 이론과 관련된 투자 정보를 확인하고 싶습니다.,Tôi muốn xem thông tin đầu tư liên quan đến Lý thuyết Makowitz.,마코위츠 이론,마코위츠 이론,True,자산운용·투자,대출 / 금융공학·분석,1.0,1.0,1.0,0,,0,
KO-FIN-01161,마크다운이 무엇을 의미하나요?,Markdown có nghĩa là gì?,마크다운,마크다운,True,금융시장·거래,,1.0,1.0,1.0,0,,0,
KO-FIN-01166,마팅게일모형은 금융상품을 분석할 때 어떻게 사용되나요?,Mô hình Martingale được sử dụng như thế nào trong việc phân tích các sản phẩm tài chính?,마팅게일모형,마팅게일모형,True,금융공학·분석,,1.0,1.0,1.0,0,,0,
KO-FIN-01168,마팅게일모형의 결과는 사용한 가정과 시장 데이터에 따라 달라질 수 있습니다.,Kết quả của Mô hình Martingale có thể thay đổi tùy thuộc vào các giả định và dữ liệu thị trường được sử dụng.,마팅게일모형,마팅게일모형,True,금융공학·분석,,1.0,1.0,1.0,0,,0,
KO-FIN-01175,만기보유전략과 관련된 투자 정보를 확인하고 싶습니다.,Tôi muốn xem thông tin đầu tư liên quan đến Chiến lược nắm giữ đến ngày đáo hạn.,만기보유전략,만기보유전략,True,자산운용·투자,,1.0,1.0,1.0,0,,20,만기보유전략
KO-FIN-01177,만기수익률이 무엇인지 설명해 주세요.,Vui lòng giải thích Lợi suất đến hạn là gì.,만기수익률,만기수익률,True,채권,,1.0,1.0,1.0,0,,20,만기수익률
KO-FIN-01182,매매거래정지와 관련된 시장 정보를 확인하고 싶습니다.,Tôi muốn xem thông tin thị trường liên quan đến Tạm ngừng giao dịch.,매매거래정지,매매거래정지,True,금융시장·거래,,1.0,1.0,1.0,0,,20,매매거래정지
KO-FIN-01185,매매거래중단이 무엇을 의미하나요?,Tạm ngừng giao dịch mua bán có nghĩa là gì?,매매거래중단,매매거래중단,True,금융시장·거래,,1.0,1.0,1.0,0,,0,
KO-FIN-01190,매매보고서와 관련된 시장 정보를 확인하고 싶습니다.,Tôi muốn xem thông tin thị trường liên quan đến Báo cáo giao dịch.,매매보고서,매매보고서,True,금융시장·거래,증권·예탁,1.0,1.0,1.0,0,,20,매매보고서
KO-FIN-01193,매매상대방이 무엇을 의미하나요?,Bên giao dịch có nghĩa là gì?,매매상대방,매매상대방,True,금융시장·거래,지급결제·청산,1.0,1.0,1.0,0,,40,매매상대방
KO-FIN-01198,매매심리와 관련된 시장 정보를 확인하고 싶습니다.,Tôi muốn tra cứu thông tin thị trường liên quan đến Tâm lý thị trường.,매매심리,매매심리,True,금융시장·거래,,1.0,1.0,1.0,0,,20,매매심리
KO-FIN-01201,매매입회장이 무엇을 의미하나요?,Hội trường giao dịch mua bán có nghĩa là gì?,매매입회장,매매입회장,True,금융시장·거래,,1.0,1.0,1.0,0,,40,매매입회장
KO-FIN-01206,매매중지장치와 관련된 시장 정보를 확인하고 싶습니다.,Tôi muốn xem thông tin thị trường liên quan đến Thiết bị ngắt giao dịch.,매매중지장치,매매중지장치,True,금융시장·거래,,1.0,1.0,1.0,0,,20,매매중지장치
KO-FIN-01209,매매확인이 무엇을 의미하나요?,Xác nhận giao dịch có nghĩa là gì?,매매확인,매매확인,True,금융시장·거래,,1.0,1.0,1.0,0,,20,매매확인
KO-FIN-01213,매출이 무엇인지 설명해 주세요.,Vui lòng giải thích Doanh thu là gì.,매출,매출,True,증권·예탁,,1.0,1.0,1.0,0,,30,매출
KO-FIN-01218,멀티미디어금융시대에서 이용할 수 있는 금융업무는 무엇인가요?,Các dịch vụ tài chính nào có sẵn tại Thời đại tài chính đa phương tiện?,멀티미디어금융시대,멀티미디어금융시대,True,금융기관·은행,,1.0,1.0,1.0,0,,0,
KO-FIN-01221,명령상장이 무엇을 의미하나요?,Niêm yết theo lệnh có nghĩa là gì?,명령상장,명령상장,True,금융시장·거래,증권·예탁,1.0,1.0,1.0,0,,40,명령상장
KO-FIN-01225,명목이자율이 무엇인지 설명해 주세요.,Vui lòng giải thích Lãi suất danh nghĩa là gì.,명목이자율,명목이자율,True,증권·예탁,,1.0,1.0,1.0,0,,40,명목이자율
KO-FIN-01230,명의개서 대행회사 처리 절차를 확인하고 싶습니다.,Tôi muốn tìm hiểu về quy trình xử lý Công ty đại diện làm thủ tục chuyển nhượng quyền sở hữu.,명의개서 대행회사,명의개서 대행회사,True,증권·예탁,,1.0,1.0,1.0,0,,40,명의개서 대행회사
KO-FIN-01233,명의개서 정지기간이 무엇인지 설명해 주세요.,Vui lòng giải thích Thời gian tạm ngừng chuyển nhượng quyền sở hữu là gì.,명의개서 정지기간,명의개서 정지기간,True,증권·예탁,주식,1.0,1.0,1.0,0,,40,명의개서 정지기간
KO-FIN-01238,명의개서 처리 절차를 확인하고 싶습니다.,Tôi muốn tìm hiểu quy trình xử lý Chuyển nhượng quyền sở hữu.,명의개서,명의개서,True,증권·예탁,주식,1.0,1.0,1.0,0,,40,명의개서
KO-FIN-01241,명의개서대리인이 무엇인지 설명해 주세요.,Vui lòng giải thích Người đại diện chuyển nhượng quyền sở hữu là gì.,명의개서대리인,명의개서대리인,True,증권·예탁,법률·계약 / 금융법규·감독,1.0,1.0,1.0,0,,20,명의개서대리인
KO-FIN-01246,명의개서대행업무 처리 절차를 확인하고 싶습니다.,Tôi muốn tìm hiểu về quy trình xử lý Dịch vụ đại diện chuyển nhượng quyền sở hữu.,명의개서대행업무,명의개서대행업무,True,증권·예탁,,1.0,1.0,1.0,0,,40,명의개서대행업무
KO-FIN-01250,모기지담보부증권과 관련된 금리와 비용을 확인하고 싶습니다.,Tôi muốn kiểm tra lãi suất và các khoản phí liên quan đến Chứng khoán được bảo đảm bằng thế chấp.,모기지담보부증권,모기지담보부증권,True,부동산금융,대출 / 증권·예탁,1.0,1.0,1.0,0,,40,모기지담보부증권
KO-FIN-01252,모기지담보부증권은 담보가치와 심사 조건에 따라 이용 조건이 달라질 수 있습니다.,Điều kiện sử dụng Chứng khoán được bảo đảm bằng thế chấp có thể thay đổi tùy theo giá trị tài sản thế chấp và các điều kiện thẩm định.,모기지담보부증권,모기지담보부증권,True,부동산금융,대출 / 증권·예탁,1.0,1.0,1.0,0,,40,모기지담보부증권
KO-FIN-01255,모듈기업과 관련된 투자 정보를 확인하고 싶습니다.,Tôi muốn xem thông tin đầu tư liên quan đến Doanh nghiệp sản xuất mô-đun.,모듈기업,모듈기업,True,자산운용·투자,,1.0,1.0,1.0,0,,0,
KO-FIN-01261,모집설립이 무엇인지 설명해 주세요.,Vui lòng giải thích Tuyển dụng và thành lập là gì.,모집설립,모집설립,True,주식,,1.0,1.0,1.0,0,,20,모집설립
KO-FIN-01266,무권화 처리 절차를 확인하고 싶습니다.,Tôi muốn tìm hiểu về quy trình xử lý Tự động hóa.,무권화,무권화,True,증권·예탁,법률·계약,1.0,1.0,1.0,0,,20,무권화
KO-FIN-01269,무기명주식이 무엇인지 설명해 주세요.,Vui lòng giải thích Cổ phiếu không ghi tên là gì.,무기명주식,무기명주식,True,주식,,1.0,1.0,1.0,0,,20,무기명주식
KO-FIN-01273,무기명채권이 무엇인지 설명해 주세요.,Vui lòng giải thích Trái phiếu không ghi tên là gì.,무기명채권,무기명채권,True,채권,,1.0,1.0,1.0,0,,20,무기명채권
KO-FIN-01278,무담보사채의 조건과 수익 구조를 확인하고 싶습니다.,Tôi muốn tìm hiểu về các điều kiện và cơ cấu lợi nhuận của Trái phiếu không có tài sản đảm bảo.,무담보사채,무담보사채,True,채권,,1.0,1.0,1.0,0,,40,무담보사채
KO-FIN-01281,무배당이 무엇인지 설명해 주세요.,Vui lòng giải thích Không chia cổ tức là gì.,무배당,무배당,True,주식,,1.0,1.0,1.0,0,,20,무배당
KO-FIN-01287,무배주와 관련해 투자 전에 확인해야 할 사항이 있나요?,Có điều gì cần kiểm tra trước khi đầu tư vào Rượu không cồn không?,무배주,무배주,True,주식,,1.0,1.0,1.0,0,,40,무배주
KO-FIN-01294,무상증자와 관련된 정보를 확인하고 싶습니다.,Tôi muốn tra cứu thông tin liên quan đến Phát hành cổ phiếu miễn phí.,무상증자,무상증자,True,주식,,1.0,1.0,1.0,0,,40,무상증자
KO-FIN-01297,무액면주식이 무엇인지 설명해 주세요.,Vui lòng giải thích Cổ phiếu không có mệnh giá là gì.,무액면주식,무액면주식,True,주식,,1.0,1.0,1.0,0,,40,무액면주식
KO-FIN-01303,무위험 이자율을 줄이려면 어떤 점을 확인해야 하나요?,"Để giảm Lãi suất không rủi ro, cần lưu ý những điểm nào?",무위험 이자율,무위험 이자율,True,신용·리스크,자산운용·투자,1.0,1.0,1.0,0,,20,무위험 이자율
KO-FIN-01304,무위험 이자율은 거래 조건이나 이용 가능 여부에 영향을 줄 수 있습니다.,Lãi suất không rủi ro có thể ảnh hưởng đến các điều kiện giao dịch hoặc khả năng sử dụng.,무위험 이자율,무위험 이자율,True,신용·리스크,자산운용·투자,1.0,1.0,1.0,0,,20,무위험 이자율
KO-FIN-01307,무의결권주와 관련해 투자 전에 확인해야 할 사항이 있나요?,Có điều gì cần kiểm tra trước khi đầu tư liên quan đến Cổ phiếu không có quyền biểu quyết không?,무의결권주,무의결권주,True,주식,,1.0,1.0,1.0,0,,40,무의결권주
KO-FIN-01311,무츄얼펀드에 가입하기 전에 어떤 점을 확인해야 하나요?,"Trước khi đăng ký Quỹ đầu tư chung, tôi cần kiểm tra những điều gì?",무츄얼펀드,무츄얼펀드,True,펀드·신탁,자산운용·투자,1.0,1.0,1.0,0,,40,무츄얼펀드
KO-FIN-01316,물상대위의 적용 여부는 계약 내용과 관련 법령을 확인해야 합니다.,"Để xác định liệu Thay thế vật chất có được áp dụng hay không, cần phải kiểm tra nội dung của Hợp đồng và các văn bản pháp luật liên quan.",물상대위;계약,물상대위,True,법률·계약,,1.0,1.0,1.0,0,,30,물상대위;계약
KO-FIN-01318,물적담보의 조건과 수익 구조를 확인하고 싶습니다.,Tôi muốn tìm hiểu về các điều kiện và cơ cấu lợi nhuận của Tài sản thế chấp.,물적담보,물적담보,True,채권,,1.0,1.0,1.0,0,,40,물적담보
KO-FIN-01322,뮤추얼펀드 관리회사의 운용 방식과 수수료를 확인하고 싶습니다.,Tôi muốn tìm hiểu về cách thức hoạt động và mức phí của Công ty quản lý quỹ đầu tư.,뮤추얼펀드 관리회사,뮤추얼펀드 관리회사,True,펀드·신탁,,1.0,1.0,1.0,0,,0,
KO-FIN-01326,뮤추얼펀드 인수회사의 운용 방식과 수수료를 확인하고 싶습니다.,Tôi muốn tìm hiểu về cách thức hoạt động và mức phí của Công ty mua lại quỹ đầu tư chung.,뮤추얼펀드 인수회사,뮤추얼펀드 인수회사,True,펀드·신탁,기업금융·자본조달,1.0,1.0,1.0,0,,20,뮤추얼펀드 인수회사
KO-FIN-01329,미국형옵션이 무엇인지 쉽게 설명해 주세요.,Xin vui lòng giải thích một cách dễ hiểu về Quyền chọn kiểu Mỹ là gì.,미국형옵션,미국형옵션,True,파생상품,,1.0,1.0,1.0,0,,20,미국형옵션
KO-FIN-01334,미발행증권거래와 관련된 시장 정보를 확인하고 싶습니다.,Tôi muốn xem thông tin thị trường liên quan đến Giao dịch chứng khoán chưa phát hành.,미발행증권거래,미발행증권거래,True,금융시장·거래,증권·예탁 / 기업금융·자본조달,1.0,1.0,1.0,0,,0,
KO-FIN-01337,미청산계약이 금융거래에서 무엇을 의미하나요?,Hợp đồng chưa thanh toán có ý nghĩa gì trong giao dịch tài chính này?,미청산계약,미청산계약,True,법률·계약,지급결제·청산 / 금융시장·거래,1.0,1.0,1.0,0,,20,미청산계약
KO-FIN-01341,바벨형 만기구성전략이 무엇인지 설명해 주세요.,Vui lòng giải thích Chiến lược cấu trúc danh mục đầu tư kiểu Babel là gì.,바벨형 만기구성전략,바벨형 만기구성전략,True,채권,,1.0,1.0,1.0,0,,0,
KO-FIN-01345,바스켓방식에 대해 자세히 알려주세요.,Xin vui lòng cho biết thêm thông tin chi tiết về Phương pháp giỏ.,바스켓방식,바스켓방식,True,해외송금·외환,,1.0,1.0,1.0,0,,20,바스켓방식
KO-FIN-01346,바스켓방식을 확인하고 싶습니다.,Tôi muốn kiểm tra Phương pháp giỏ.,바스켓방식,바스켓방식,True,해외송금·외환,,1.0,1.0,1.0,0,,20,바스켓방식
KO-FIN-01349,바흐만보고서가 무엇인지 설명해 주세요.,Xin vui lòng giải thích Báo cáo Bachmann là gì.,바흐만보고서,바흐만보고서,True,지급결제·청산,증권·예탁,1.0,1.0,1.0,0,,0,
KO-FIN-01354,반대매매와 관련된 시장 정보를 확인하고 싶습니다.,Tôi muốn xem thông tin thị trường liên quan đến Giao dịch ngược chiều.,반대매매,반대매매,True,금융시장·거래,,1.0,1.0,1.0,0,,40,반대매매
KO-FIN-01357,발기설립이 무엇인지 설명해 주세요.,Vui lòng giải thích Thành lập là gì.,발기설립,발기설립,True,주식,,1.0,1.0,1.0,0,,0,
KO-FIN-01361,발기인이 무엇인지 설명해 주세요.,Vui lòng giải thích Người sáng lập là gì.,발기인,발기인,True,주식,,1.0,1.0,1.0,0,,40,발기인
KO-FIN-01365,발기인조합이 금융거래에서 무엇을 의미하나요?,Hiệp hội các nhà sáng lập có ý nghĩa gì trong giao dịch tài chính này?,발기인조합,발기인조합,True,법률·계약,,1.0,1.0,1.0,0,,40,발기인조합
KO-FIN-01370,발행가액을 이용하려면 어떤 조건이 필요한가요?,"Để sử dụng Giá phát hành, cần phải đáp ứng những điều kiện nào?",발행가액,발행가액,True,기업금융·자본조달,주식,1.0,1.0,1.0,0,,0,
KO-FIN-01371,발행가액과 관련된 비용과 절차를 확인하고 싶습니다.,Tôi muốn tìm hiểu về các chi phí và thủ tục liên quan đến Giá phát hành.,발행가액,발행가액,True,기업금융·자본조달,주식,1.0,1.0,1.0,0,,0,
KO-FIN-01374,발행시장을 이용하려면 어떤 조건이 필요한가요?,"Để sử dụng Thị trường phát hành, cần đáp ứng những điều kiện nào?",발행시장,발행시장,True,기업금융·자본조달,금융시장·거래 / 증권·예탁 / 자산운용·투자,1.0,1.0,1.0,0,,0,
KO-FIN-01375,발행시장과 관련된 비용과 절차를 확인하고 싶습니다.,Tôi muốn tìm hiểu về các chi phí và thủ tục liên quan đến Thị trường phát hành.,발행시장,발행시장,True,기업금융·자본조달,금융시장·거래 / 증권·예탁 / 자산운용·투자,1.0,1.0,1.0,0,,0,
KO-FIN-01377,배당이 무엇인지 설명해 주세요.,Vui lòng giải thích Cổ tức là gì.,배당,배당,True,주식,,1.0,1.0,1.0,0,,30,배당
KO-FIN-01381,배당가능이익이 무엇인지 설명해 주세요.,Vui lòng giải thích Lợi nhuận có thể chia cổ tức là gì.,배당가능이익,배당가능이익,True,주식,,1.0,1.0,1.0,0,,40,배당가능이익
KO-FIN-01385,배당금지급청구권이 무엇인지 설명해 주세요.,Vui lòng giải thích Quyền yêu cầu chi trả cổ tức là gì.,배당금지급청구권,배당금지급청구권,True,주식,,1.0,1.0,1.0,0,,0,
KO-FIN-01389,배당기산일이 무엇인지 설명해 주세요.,Vui lòng giải thích Ngày tính cổ tức là gì.,배당기산일,배당기산일,True,주식,,1.0,1.0,1.0,0,,0,
KO-FIN-01393,배당락이 무엇인지 설명해 주세요.,Vui lòng giải thích Ngày chốt quyền nhận cổ tức là gì.,배당락,배당락,True,주식,,1.0,1.0,1.0,0,,20,배당락
KO-FIN-01397,배당성향이 무엇인지 설명해 주세요.,Vui lòng giải thích Tỷ lệ chi trả cổ tức là gì.,배당성향,배당성향,True,주식,,1.0,1.0,1.0,0,,20,배당성향
KO-FIN-01401,배당소득이 무엇인지 설명해 주세요.,Vui lòng giải thích Thu nhập từ cổ tức là gì.,배당소득,배당소득,True,주식,,1.0,1.0,1.0,0,,20,배당소득
KO-FIN-01406,배당소득세의 적용 기준을 알려주세요.,Xin vui lòng cho biết các tiêu chí áp dụng của Thuế thu nhập từ cổ tức.,배당소득세,배당소득세,True,세금,주식,1.0,1.0,1.0,0,,0,
KO-FIN-01408,배당소득세의 적용 여부는 거래 유형과 세법에 따라 달라질 수 있습니다.,Việc áp dụng Thuế thu nhập từ cổ tức có thể thay đổi tùy theo loại giao dịch và luật thuế.,배당소득세,배당소득세,True,세금,주식,1.0,1.0,1.0,0,,0,
KO-FIN-01411,배당의 정보효과와 관련해 투자 전에 확인해야 할 사항이 있나요?,Có điều gì cần kiểm tra trước khi đầu tư liên quan đến Hiệu ứng thông tin của cổ tức không?,배당의 정보효과,배당의 정보효과,True,주식,,1.0,1.0,1.0,0,,0,
KO-FIN-01413,배당정책이 무엇인지 설명해 주세요.,Vui lòng giải thích Chính sách chia cổ tức là gì.,배당정책,배당정책,True,주식,,1.0,1.0,1.0,0,,0,
KO-FIN-01417,배당평가모형이 무엇인지 설명해 주세요.,Vui lòng giải thích Mô hình đánh giá cổ tức là gì.,배당평가모형,배당평가모형,True,주식,금융공학·분석,1.0,1.0,1.0,0,,20,배당평가모형
KO-FIN-01424,배서의 적용 여부는 계약 내용과 관련 법령을 확인해야 합니다.,"Để xác định liệu Chữ ký có được áp dụng hay không, cần phải kiểm tra nội dung của Hợp đồng và các văn bản pháp luật liên quan.",배서;계약,배서,True,법률·계약,,1.0,1.0,1.0,0,,30,배서;계약
KO-FIN-01425,백워데이션이 무엇인지 설명해 주세요.,Vui lòng giải thích Đảo ngược là gì.,백워데이션,백워데이션,True,지급결제·청산,,1.0,1.0,1.0,0,,40,백워데이션
KO-FIN-01431,벌처펀드에 가입하기 전에 어떤 점을 확인해야 하나요?,"Trước khi đăng ký Quỹ đầu tư mạo hiểm, tôi cần kiểm tra những điều gì?",벌처펀드,벌처펀드,True,펀드·신탁,,1.0,1.0,1.0,0,,0,
KO-FIN-01433,법정과실이 금융거래에서 무엇을 의미하나요?,Sai sót theo quy định của pháp luật có ý nghĩa gì trong giao dịch tài chính này?,법정과실,법정과실,True,법률·계약,,1.0,1.0,1.0,0,,40,법정과실
KO-FIN-01438,법정관리의 조건과 수익 구조를 확인하고 싶습니다.,Tôi muốn tìm hiểu về các điều kiện và cơ cấu lợi nhuận của Quản lý theo pháp luật.,법정관리,법정관리,True,채권,,1.0,1.0,1.0,0,,0,
KO-FIN-01441,법정담보물권이 금융거래에서 무엇을 의미하나요?,Quyền thế chấp theo pháp luật có ý nghĩa gì trong giao dịch tài chính này?,법정담보물권,법정담보물권,True,법률·계약,,1.0,1.0,1.0,0,,20,법정담보물권
KO-FIN-01448,법정대위의 적용 여부는 계약 내용과 관련 법령을 확인해야 합니다.,"Để xác định liệu Đại diện theo pháp luật có được áp dụng hay không, cần phải kiểm tra nội dung của Hợp đồng và các văn bản pháp luật liên quan.",법정대위;계약,법정대위,True,법률·계약,,1.0,1.0,1.0,0,,30,법정대위;계약
KO-FIN-01451,법정청산 과정에서 문제가 발생한 것 같습니다.,Có vẻ như đã xảy ra sự cố trong quá trình Thanh lý theo pháp luật.,법정청산,법정청산,True,지급결제·청산,,1.0,1.0,1.0,0,,40,법정청산
KO-FIN-01454,베이시스와 관련된 시장 정보를 확인하고 싶습니다.,Tôi muốn xem thông tin thị trường liên quan đến Basis.,베이시스,베이시스,True,금융시장·거래,,1.0,1.0,1.0,0,,0,
KO-FIN-01460,베타계수의 결과는 사용한 가정과 시장 데이터에 따라 달라질 수 있습니다.,Kết quả của Hệ số beta có thể thay đổi tùy thuộc vào các giả định và dữ liệu thị trường được sử dụng.,베타계수,베타계수,True,금융공학·분석,,1.0,1.0,1.0,0,,0,
KO-FIN-01462,베타위험은 금융상품을 분석할 때 어떻게 사용되나요?,Rủi ro phiên bản beta được sử dụng như thế nào trong việc phân tích các sản phẩm tài chính?,베타위험,베타위험,True,금융공학·분석,신용·리스크 / 자산운용·투자,1.0,1.0,1.0,0,,0,
KO-FIN-01464,베타위험의 결과는 사용한 가정과 시장 데이터에 따라 달라질 수 있습니다.,Kết quả của Rủi ro phiên bản beta có thể thay đổi tùy thuộc vào các giả định và dữ liệu thị trường được sử dụng.,베타위험,베타위험,True,금융공학·분석,신용·리스크 / 자산운용·투자,1.0,1.0,1.0,0,,0,
KO-FIN-01466,병행증자와 관련된 정보를 확인하고 싶습니다.,Tôi muốn tra cứu thông tin liên quan đến Phát hành cổ phiếu tăng vốn song song.,병행증자,병행증자,True,주식,,1.0,1.0,1.0,0,,40,병행증자
KO-FIN-01469,보관기관이 무엇인지 설명해 주세요.,Vui lòng giải thích Cơ quan lưu trữ là gì.,보관기관,보관기관,True,증권·예탁,펀드·신탁 / 자산운용·투자 / 금융기관·은행,1.0,1.0,1.0,0,,20,보관기관
KO-FIN-01473,보관원장이 무엇인지 설명해 주세요.,Vui lòng giải thích Sổ đăng ký lưu trữ là gì.,보관원장,보관원장,True,증권·예탁,,1.0,1.0,1.0,0,,40,보관원장
KO-FIN-01478,보관위험이 금융거래에 어떤 영향을 주나요?,Rủi ro bảo quản có ảnh hưởng như thế nào đến giao dịch tài chính này?,보관위험,보관위험,True,신용·리스크,,1.0,1.0,1.0,0,,0,
KO-FIN-01480,보관위험은 거래 조건이나 이용 가능 여부에 영향을 줄 수 있습니다.,Rủi ro bảo quản có thể ảnh hưởng đến các điều kiện giao dịch hoặc tính khả dụng.,보관위험,보관위험,True,신용·리스크,,1.0,1.0,1.0,0,,0,
KO-FIN-01483,보유기간수익률과 관련된 투자 정보를 확인하고 싶습니다.,Tôi muốn xem thông tin đầu tư liên quan đến Lợi suất trong kỳ nắm giữ.,보유기간수익률,보유기간수익률,True,자산운용·투자,,1.0,1.0,1.0,0,,0,
KO-FIN-01485,보유비용이 금융거래에서 무엇을 의미하나요?,Chi phí nắm giữ có ý nghĩa gì trong giao dịch tài chính này?,보유비용,보유비용,True,법률·계약,,1.0,1.0,1.0,0,,0,
KO-FIN-01490,보증사채의 조건과 수익 구조를 확인하고 싶습니다.,Tôi muốn tìm hiểu về các điều kiện và cơ cấu lợi nhuận của Trái phiếu có bảo đảm.,보증사채,보증사채,True,채권,신용·리스크,1.0,1.0,1.0,0,,40,보증사채
KO-FIN-01494,보통거래와 관련된 시장 정보를 확인하고 싶습니다.,Tôi muốn xem thông tin thị trường liên quan đến Giao dịch thông thường.,보통거래,보통거래,True,금융시장·거래,,1.0,1.0,1.0,0,,20,보통거래
KO-FIN-01499,보통결의와 관련해 투자 전에 확인해야 할 사항이 있나요?,Có điều gì cần kiểm tra trước khi đầu tư liên quan đến Nghị quyết thông thường không?,보통결의,보통결의,True,주식,,1.0,1.0,1.0,0,,0,
KO-FIN-01503,보통주와 관련해 투자 전에 확인해야 할 사항이 있나요?,Có điều gì cần kiểm tra trước khi đầu tư liên quan đến Cổ phiếu phổ thông không?,보통주,보통주,True,주식,,1.0,1.0,1.0,0,,20,보통주
KO-FIN-01506,보호예수 처리 절차를 확인하고 싶습니다.,Tôi muốn tìm hiểu về quy trình xử lý Thời gian khóa cổ phiếu.,보호예수,보호예수,True,증권·예탁,,1.0,1.0,1.0,0,,40,보호예수
KO-FIN-01510,보호예수증서 처리 절차를 확인하고 싶습니다.,Tôi muốn tìm hiểu về quy trình xử lý Giấy chứng nhận cổ phiếu bị hạn chế chuyển nhượng.,보호예수증서,보호예수증서,True,증권·예탁,,1.0,1.0,1.0,0,,40,보호예수증서
KO-FIN-01514,복리채의 조건과 수익 구조를 확인하고 싶습니다.,Tôi muốn tìm hiểu về các điều kiện và cơ cấu lợi nhuận của Trái phiếu lãi kép.,복리채,복리채,True,채권,,1.0,1.0,1.0,0,,40,복리채
KO-FIN-01520,복수통화대출은 심사 결과에 따라 이용 가능 여부가 달라질 수 있습니다.,Tính khả dụng của Khoản vay đa tiền tệ có thể thay đổi tùy theo kết quả thẩm định.,복수통화대출,복수통화대출,True,대출,,1.0,1.0,1.0,0,,0,
KO-FIN-01522,복수통화표시채의 조건과 수익 구조를 확인하고 싶습니다.,Tôi muốn tìm hiểu về các điều kiện và cơ cấu lợi nhuận của Trái phiếu hiển thị nhiều loại tiền tệ.,복수통화표시채,복수통화표시채,True,채권,,1.0,1.0,1.0,0,,20,복수통화표시채
KO-FIN-01528,본질가치의 정확한 의미는 해당 금융거래의 맥락과 함께 확인해야 합니다.,Ý nghĩa chính xác của Giá trị cốt lõi cần được xác định dựa trên bối cảnh của giao dịch tài chính đó.,본질가치,본질가치,True,기타 금융일반,,1.0,1.0,1.0,0,,20,본질가치
KO-FIN-01530,부당권유행위의 금지와 관련된 시장 정보를 확인하고 싶습니다.,Tôi muốn xem thông tin thị trường liên quan đến Cấm các hành vi chào mời không công bằng.,부당권유행위의 금지,부당권유행위의 금지,True,금융시장·거래,,1.0,1.0,1.0,0,,20,부당권유행위의 금지
KO-FIN-01535,부도방지협약을 줄이려면 어떤 점을 확인해야 하나요?,"Để giảm Thỏa thuận phòng ngừa vỡ nợ, cần lưu ý những điểm nào?",부도방지협약,부도방지협약,True,신용·리스크,금융기관·은행,1.0,1.0,1.0,0,,20,부도방지협약
KO-FIN-01536,부도방지협약은 거래 조건이나 이용 가능 여부에 영향을 줄 수 있습니다.,Thỏa thuận phòng ngừa vỡ nợ có thể ảnh hưởng đến các điều kiện giao dịch hoặc tính khả dụng.,부도방지협약,부도방지협약,True,신용·리스크,금융기관·은행,1.0,1.0,1.0,0,,20,부도방지협약
KO-FIN-01540,부도처리유예는 거래 조건이나 이용 가능 여부에 영향을 줄 수 있습니다.,Hoãn xử lý phá sản có thể ảnh hưởng đến các điều kiện giao dịch hoặc khả năng sử dụng.,부도처리유예,부도처리유예,True,신용·리스크,,1.0,1.0,1.0,0,,40,부도처리유예
KO-FIN-01542,부동담보제도의 조건과 수익 구조를 확인하고 싶습니다.,Tôi muốn tìm hiểu về các điều kiện và cơ cấu lợi nhuận của Chế độ thế chấp bất động sản.,부동담보제도,부동담보제도,True,채권,,1.0,1.0,1.0,0,,0,
KO-FIN-01547,부동산 투자신탁에 가입하기 전에 어떤 점을 확인해야 하나요?,"Trước khi đăng ký Quỹ đầu tư bất động sản, tôi cần kiểm tra những điều gì?",부동산 투자신탁,부동산 투자신탁,True,펀드·신탁,자산운용·투자 / 부동산금융,1.0,1.0,1.0,0,,0,
KO-FIN-01551,부동주와 관련해 투자 전에 확인해야 할 사항이 있나요?,Có điều gì cần kiểm tra trước khi đầu tư liên quan đến Budoongju không?,부동주,부동주,True,주식,,1.0,1.0,1.0,0,,40,부동주
KO-FIN-01554,부동화 처리 절차를 확인하고 싶습니다.,Tôi muốn tìm hiểu về quy trình xử lý Khóa chặt.,부동화,부동화,True,증권·예탁,,1.0,1.0,1.0,0,,40,부동화
KO-FIN-01557,부보관기관이 무엇인지 설명해 주세요.,Vui lòng giải thích Cơ quan lưu trữ phụ là gì.,부보관기관,부보관기관,True,증권·예탁,,1.0,1.0,1.0,0,,0,
KO-FIN-01561,부실채권 정리기금이 무엇인지 설명해 주세요.,Vui lòng giải thích Quỹ xử lý nợ xấu là gì.,부실채권 정리기금,부실채권 정리기금,True,채권,,1.0,1.0,1.0,0,,0,
KO-FIN-01565,부실채권이 무엇인지 설명해 주세요.,Vui lòng giải thích Nợ xấu là gì.,부실채권,부실채권,True,채권,,1.0,1.0,1.0,0,,40,부실채권
KO-FIN-01569,부실채권정리기금채권이 무엇인지 설명해 주세요.,Vui lòng giải thích Trái phiếu Quỹ xử lý nợ xấu là gì.,부실채권정리기금채권,부실채권정리기금채권,True,채권,금융기관·은행,1.0,1.0,1.0,0,,20,부실채권정리기금채권
KO-FIN-01573,부전환대리인이 무엇인지 설명해 주세요.,Vui lòng giải thích Đại lý không chuyển đổi là gì.,부전환대리인,부전환대리인,True,채권,법률·계약 / 자산운용·투자 / 주식,1.0,1.0,1.0,0,,40,부전환대리인
KO-FIN-01579,분리결제 과정에서 문제가 발생한 것 같습니다.,Có vẻ như đã xảy ra sự cố trong quá trình Thanh toán riêng biệt.,분리결제,분리결제,True,지급결제·청산,,1.0,1.0,1.0,0,,40,분리결제
KO-FIN-01582,분리과세의 적용 기준을 알려주세요.,Xin vui lòng cho biết các tiêu chí áp dụng của Đánh thuế riêng biệt.,분리과세,분리과세,True,세금,주식,1.0,1.0,1.0,0,,40,분리과세
KO-FIN-01584,분리과세의 적용 여부는 거래 유형과 세법에 따라 달라질 수 있습니다.,Việc áp dụng Đánh thuế riêng biệt có thể thay đổi tùy theo loại giao dịch và luật thuế.,분리과세,분리과세,True,세금,주식,1.0,1.0,1.0,0,,40,분리과세
KO-FIN-01585,분리형증권이 무엇인지 설명해 주세요.,Vui lòng giải thích Chứng khoán tách rời là gì.,분리형증권,분리형증권,True,증권·예탁,,1.0,1.0,1.0,0,,0,
KO-FIN-01589,분매기관이 무엇인지 설명해 주세요.,Vui lòng giải thích Cơ quan phân phối là gì.,분매기관,분매기관,True,증권·예탁,,1.0,1.0,1.0,0,,20,분매기관
KO-FIN-01594,분배락조치와 관련된 시장 정보를 확인하고 싶습니다.,Tôi muốn xem thông tin thị trường liên quan đến Các biện pháp phân phối lại.,분배락조치,분배락조치,True,금융시장·거래,증권·예탁,1.0,1.0,1.0,0,,0,
KO-FIN-01599,분산투자와 관련된 투자 정보를 확인하고 싶습니다.,Tôi muốn xem thông tin đầu tư liên quan đến Đầu tư phân tán.,분산투자,분산투자,True,자산운용·투자,,1.0,1.0,1.0,0,,0,
KO-FIN-01602,분할납입채의 조건과 수익 구조를 확인하고 싶습니다.,Tôi muốn tìm hiểu về các điều kiện và cơ cấu lợi nhuận của Nợ trả góp.,분할납입채,분할납입채,True,채권,,1.0,1.0,1.0,0,,40,분할납입채
KO-FIN-01606,불독채의 조건과 수익 구조를 확인하고 싶습니다.,Tôi muốn tìm hiểu về các điều kiện và cơ cấu lợi nhuận của Cây Bulldog.,불독채,불독채,True,채권,,1.0,1.0,1.0,0,,0,
KO-FIN-01610,불릿채의 조건과 수익 구조를 확인하고 싶습니다.,Tôi muốn tìm hiểu về các điều kiện và cơ cấu lợi nhuận của Cây bông lau.,불릿채,불릿채,True,채권,,1.0,1.0,1.0,0,,40,불릿채
KO-FIN-01613,브래디채권이 무엇인지 설명해 주세요.,Vui lòng giải thích Trái phiếu Brady là gì.,브래디채권,브래디채권,True,채권,,1.0,1.0,1.0,0,,0,
KO-FIN-01618,브로커 처리 절차를 확인하고 싶습니다.,Tôi muốn tìm hiểu về quy trình xử lý Môi giới.,브로커,브로커,True,증권·예탁,,1.0,1.0,1.0,0,,40,브로커
KO-FIN-01624,브로커스 론은 심사 결과에 따라 이용 가능 여부가 달라질 수 있습니다.,Tính khả dụng của Khoản vay qua môi giới có thể thay đổi tùy theo kết quả thẩm định.,브로커스 론,브로커스 론,True,대출,,1.0,1.0,1.0,0,,40,브로커스 론
KO-FIN-01626,브릿지 처리 절차를 확인하고 싶습니다.,Tôi muốn tìm hiểu về quy trình xử lý Cầu.,브릿지,브릿지,True,증권·예탁,지급결제·청산,1.0,1.0,1.0,0,,40,브릿지
KO-FIN-01632,브릿지론은 심사 결과에 따라 이용 가능 여부가 달라질 수 있습니다.,Tính khả dụng của Khoản vay cầu nối có thể thay đổi tùy theo kết quả thẩm định.,브릿지론,브릿지론,True,대출,,1.0,1.0,1.0,0,,40,브릿지론
KO-FIN-01634,블루 리스트의 조건과 수익 구조를 확인하고 싶습니다.,Tôi muốn tìm hiểu về các điều kiện và cơ cấu lợi nhuận của Danh sách Xanh.,블루 리스트,블루 리스트,True,채권,,1.0,1.0,1.0,0,,40,블루 리스트
KO-FIN-01637,비가격경쟁이 무엇을 의미하나요?,Cạnh tranh phi giá cả có nghĩa là gì?,비가격경쟁,비가격경쟁,True,금융시장·거래,,1.0,1.0,1.0,0,,20,비가격경쟁
KO-FIN-01641,비거주자에 대해 자세히 알려주세요.,Xin vui lòng cho biết thêm thông tin chi tiết về Người không cư trú.,비거주자,비거주자,True,해외송금·외환,,1.0,1.0,1.0,0,,20,비거주자
KO-FIN-01646,비과세소득의 적용 기준을 알려주세요.,Xin vui lòng cho biết các tiêu chí áp dụng của Thu nhập miễn thuế.,비과세소득,비과세소득,True,세금,,1.0,1.0,1.0,0,,40,비과세소득
KO-FIN-01648,비과세소득의 적용 여부는 거래 유형과 세법에 따라 달라질 수 있습니다.,Việc áp dụng Thu nhập miễn thuế có thể thay đổi tùy theo loại giao dịch và luật thuế.,비과세소득,비과세소득,True,세금,,1.0,1.0,1.0,0,,40,비과세소득
KO-FIN-01649,비상장증권이 무엇인지 설명해 주세요.,Vui lòng giải thích Chứng khoán chưa niêm yết là gì.,비상장증권,비상장증권,True,증권·예탁,금융시장·거래,1.0,1.0,1.0,0,,0,
KO-FIN-01653,비전형계약이 금융거래에서 무엇을 의미하나요?,Hợp đồng phi tiêu chuẩn có ý nghĩa gì trong giao dịch tài chính này?,비전형계약,비전형계약,True,법률·계약,,1.0,1.0,1.0,0,,0,
KO-FIN-01659,비체계적 위험을 줄이려면 어떤 점을 확인해야 하나요?,"Để giảm Rủi ro phi hệ thống, cần lưu ý những điểm nào?",비체계적 위험,비체계적 위험,True,신용·리스크,,1.0,1.0,1.0,0,,0,
KO-FIN-01660,비체계적 위험은 거래 조건이나 이용 가능 여부에 영향을 줄 수 있습니다.,Rủi ro phi hệ thống có thể ảnh hưởng đến các điều kiện giao dịch hoặc khả năng sử dụng.,비체계적 위험,비체계적 위험,True,신용·리스크,,1.0,1.0,1.0,0,,0,
KO-FIN-01664,비통화금융기관과 관련된 세부 업무는 해당 기관의 안내를 확인해 주세요.,Vui lòng tham khảo hướng dẫn của cơ quan có liên quan để biết chi tiết về các công việc liên quan đến Tổ chức tài chính phi tiền tệ.,비통화금융기관,비통화금융기관,True,금융기관·은행,,1.0,1.0,1.0,0,,0,
KO-FIN-01666,비회원증권회사 처리 절차를 확인하고 싶습니다.,Tôi muốn tìm hiểu về quy trình xử lý Công ty chứng khoán không phải là thành viên.,비회원증권회사,비회원증권회사,True,증권·예탁,금융시장·거래,1.0,1.0,1.0,0,,40,비회원증권회사
KO-FIN-01669,빅뱅이 무엇을 의미하나요?,Big Bang có nghĩa là gì?,빅뱅,빅뱅,True,금융시장·거래,,1.0,1.0,1.0,0,,30,빅뱅
KO-FIN-01674,빅보오드와 관련된 시장 정보를 확인하고 싶습니다.,Tôi muốn kiểm tra thông tin thị trường liên quan đến Big Board.,빅보오드,빅보오드,True,금융시장·거래,,1.0,1.0,1.0,0,,0,
KO-FIN-01679,빗더마켓 전략과 관련된 투자 정보를 확인하고 싶습니다.,Tôi muốn xem thông tin đầu tư liên quan đến Chiến lược Bitder Market.,빗더마켓 전략,빗더마켓 전략,True,자산운용·투자,,1.0,1.0,1.0,0,,20,빗더마켓 전략
KO-FIN-01681,사고신고 관련 상담을 받고 싶습니다.,Tôi muốn được tư vấn về Báo cáo tai nạn.,사고신고,사고신고,True,금융 지원,,1.0,1.0,1.0,0,,0,
KO-FIN-01684,사고신고 관련 업무는 고객센터를 통해 안내받을 수 있습니다.,Quý khách có thể liên hệ với Trung tâm Chăm sóc Khách hàng để được hướng dẫn về các thủ tục liên quan đến Báo cáo tai nạn.,사고신고,사고신고,True,금융 지원,,1.0,1.0,1.0,0,,0,
KO-FIN-01686,사고증권 가신고제도 처리 절차를 확인하고 싶습니다.,Tôi muốn tìm hiểu về quy trình xử lý Hệ thống đăng ký sơ bộ chứng khoán bị mất.,사고증권 가신고제도,사고증권 가신고제도,True,증권·예탁,,1.0,1.0,1.0,0,,40,사고증권 가신고제도
KO-FIN-01689,사고증권이 무엇인지 설명해 주세요.,Vui lòng giải thích Chứng khoán bị sự cố là gì.,사고증권,사고증권,True,증권·예탁,,1.0,1.0,1.0,0,,0,
KO-FIN-01697,사다리형 만기구성전략이 무엇인지 설명해 주세요.,Vui lòng giải thích Chiến lược xây dựng danh mục đầu tư theo mô hình thang là gì.,사다리형 만기구성전략,사다리형 만기구성전략,True,채권,,1.0,1.0,1.0,0,,20,사다리형 만기구성전략
KO-FIN-01707,사모펀드에 가입하기 전에 어떤 점을 확인해야 하나요?,"Trước khi đăng ký Quỹ đầu tư tư nhân, tôi cần kiểm tra những điểm nào?",사모펀드,사모펀드,True,펀드·신탁,기업금융·자본조달 / 자산운용·투자,1.0,1.0,1.0,0,,40,사모펀드
KO-FIN-01709,사무라이본드의 이용 조건을 알려주세요.,Xin vui lòng cho biết các điều kiện sử dụng của Samurai Bond.,사무라이본드,사무라이본드,True,대출,,1.0,1.0,1.0,0,,0,
KO-FIN-01713,사설증권시장이 무엇을 의미하나요?,Thị trường chứng khoán tư nhân có nghĩa là gì?,사설증권시장,사설증권시장,True,금융시장·거래,증권·예탁,1.0,1.0,1.0,0,,0,
KO-FIN-01718,사업보고서와 관련된 시장 정보를 확인하고 싶습니다.,Tôi muốn xem thông tin thị trường liên quan đến Báo cáo hoạt động kinh doanh.,사업보고서,사업보고서,True,금융시장·거래,금융법규·감독,1.0,1.0,1.0,0,,0,
KO-FIN-01722,사업설명서 처리 절차를 확인하고 싶습니다.,Tôi muốn tìm hiểu về quy trình xử lý Tài liệu giới thiệu dự án.,사업설명서,사업설명서,True,증권·예탁,,1.0,1.0,1.0,0,,40,사업설명서
KO-FIN-01725,사이또리회원이 무엇을 의미하나요?,Thành viên Saitori có nghĩa là gì?,사이또리회원,사이또리회원,True,금융시장·거래,,1.0,1.0,1.0,0,,20,사이또리회원
KO-FIN-01731,사이버 주주총회와 관련해 투자 전에 확인해야 할 사항이 있나요?,Có điều gì cần kiểm tra trước khi đầu tư liên quan đến Đại hội cổ đông trực tuyến không?,사이버 주주총회,사이버 주주총회,True,주식,,1.0,1.0,1.0,0,,0,
KO-FIN-01733,사전매매대조과정이 무엇을 의미하나요?,Quy trình đối chiếu giao dịch trước có nghĩa là gì?,사전매매대조과정,사전매매대조과정,True,금융시장·거래,,1.0,1.0,1.0,0,,20,사전매매대조과정
KO-FIN-01737,사채권이 무엇인지 설명해 주세요.,Vui lòng giải thích Trái phiếu tư nhân là gì.,사채권,사채권,True,채권,,1.0,1.0,1.0,0,,0,
KO-FIN-01741,사채발행이 무엇인지 설명해 주세요.,Vui lòng giải thích Phát hành trái phiếu tư nhân là gì.,사채발행,사채발행,True,채권,기업금융·자본조달 / 증권·예탁 / 금융법규·감독,1.0,1.0,1.0,0,,0,
KO-FIN-01746,사채원부의 조건과 수익 구조를 확인하고 싶습니다.,Tôi muốn tìm hiểu về các điều kiện và cơ cấu lợi nhuận của Sổ đăng ký trái phiếu tư nhân.,사채원부,사채원부,True,채권,,1.0,1.0,1.0,0,,40,사채원부
KO-FIN-01749,산업금융채권이 무엇인지 설명해 주세요.,Vui lòng giải thích Trái phiếu tài chính công nghiệp là gì.,산업금융채권,산업금융채권,True,채권,,1.0,1.0,1.0,0,,0,
KO-FIN-01753,상계적 차감이 무엇인지 설명해 주세요.,Vui lòng giải thích Khấu trừ theo phương pháp bù trừ là gì.,상계적 차감,상계적 차감,True,지급결제·청산,금융시장·거래,1.0,1.0,1.0,0,,40,상계적 차감
KO-FIN-01766,상쇄거래와 관련된 시장 정보를 확인하고 싶습니다.,Tôi muốn xem thông tin thị trường liên quan đến Giao dịch bù trừ.,상쇄거래,상쇄거래,True,금융시장·거래,,1.0,1.0,1.0,0,,20,상쇄거래
KO-FIN-01769,상임대리인이 무엇인지 설명해 주세요.,Vui lòng giải thích Đại diện thường trực là gì.,상임대리인,상임대리인,True,증권·예탁,법률·계약 / 주식 / 금융시장·거래,1.0,1.0,1.0,0,,0,
KO-FIN-01777,상장심사기준이 무엇을 의미하나요?,Tiêu chuẩn thẩm định niêm yết có nghĩa là gì?,상장심사기준,상장심사기준,True,금융시장·거래,증권·예탁 / 주식,1.0,1.0,1.0,0,,40,상장심사기준
KO-FIN-01782,상장회사협의회와 관련된 시장 정보를 확인하고 싶습니다.,Tôi muốn xem thông tin thị trường liên quan đến Hội đồng các công ty niêm yết.,상장회사협의회,상장회사협의회,True,금융시장·거래,,1.0,1.0,1.0,0,,0,
KO-FIN-01785,상품유가증권이 무엇인지 설명해 주세요.,Vui lòng giải thích Chứng khoán hàng hóa là gì.,상품유가증권,상품유가증권,True,증권·예탁,,1.0,1.0,1.0,0,,0,
KO-FIN-01789,상호결제제도가 무엇인지 설명해 주세요.,Xin vui lòng giải thích Hệ thống thanh toán lẫn nhau là gì.,상호결제제도,상호결제제도,True,지급결제·청산,금융시장·거래,1.0,1.0,1.0,0,,0,
KO-FIN-01794,상호다중연계 처리 절차를 확인하고 싶습니다.,Tôi muốn tìm hiểu về quy trình xử lý Liên kết đa chiều lẫn nhau.,상호다중연계,상호다중연계,True,증권·예탁,자산운용·투자 / 지급결제·청산,1.0,1.0,1.0,0,,40,상호다중연계
KO-FIN-01798,상호단일연계 처리 절차를 확인하고 싶습니다.,Tôi muốn tìm hiểu về quy trình xử lý Liên kết đơn nhất giữa các bên.,상호단일연계,상호단일연계,True,증권·예탁,,1.0,1.0,1.0,0,,40,상호단일연계
KO-FIN-01802,상호동시거래와 관련된 시장 정보를 확인하고 싶습니다.,Tôi muốn xem thông tin thị trường liên quan đến Giao dịch song phương đồng thời.,상호동시거래,상호동시거래,True,금융시장·거래,증권·예탁,1.0,1.0,1.0,0,,20,상호동시거래
KO-FIN-01810,상호연계 처리 절차를 확인하고 싶습니다.,Tôi muốn tìm hiểu về quy trình xử lý Sự liên kết lẫn nhau.,상호연계,상호연계,True,증권·예탁,,1.0,1.0,1.0,0,,0,
KO-FIN-01815,상호주와 관련해 투자 전에 확인해야 할 사항이 있나요?,Có điều gì cần kiểm tra trước khi đầu tư liên quan đến Úc không?,상호주,상호주,True,주식,금융법규·감독,1.0,1.0,1.0,0,,0,
KO-FIN-01819,상환과 관련된 투자 정보를 확인하고 싶습니다.,Tôi muốn xem thông tin đầu tư liên quan đến Hoàn trả.,상환,상환,True,자산운용·투자,,1.0,1.0,1.0,0,,30,상환
KO-FIN-01823,상환주와 관련해 투자 전에 확인해야 할 사항이 있나요?,Có điều gì cần kiểm tra trước khi đầu tư liên quan đến Cổ phiếu có quyền mua lại không?,상환주,상환주,True,주식,,1.0,1.0,1.0,0,,20,상환주
KO-FIN-01827,서면투표제와 관련해 투자 전에 확인해야 할 사항이 있나요?,Có điều gì cần kiểm tra trước khi đầu tư liên quan đến Hệ thống bỏ phiếu bằng văn bản không?,서면투표제,서면투표제,True,주식,,1.0,1.0,1.0,0,,40,서면투표제
KO-FIN-01830,선도거래와 관련된 시장 정보를 확인하고 싶습니다.,Tôi muốn xem thông tin thị trường liên quan đến Giao dịch dẫn đầu.,선도거래,선도거래,True,금융시장·거래,파생상품,1.0,1.0,1.0,0,,20,선도거래
KO-FIN-01833,선도계약이 금융거래에서 무엇을 의미하나요?,Hợp đồng tiên phong có ý nghĩa gì trong giao dịch tài chính này?,선도계약,선도계약,True,법률·계약,파생상품 / 금융시장·거래,1.0,1.0,1.0,0,,0,
KO-FIN-01838,선물거래와 관련된 시장 정보를 확인하고 싶습니다.,Tôi muốn xem thông tin thị trường liên quan đến Giao dịch hợp đồng tương lai.,선물거래,선물거래,True,금융시장·거래,파생상품 / 자산운용·투자,1.0,1.0,1.0,0,,0,
KO-FIN-01844,선물거래위원회를 확인할 때 시장 상황과 거래 조건을 함께 살펴보세요.,"Khi xem xét Ủy ban Giao dịch Hợp đồng Tương lai, hãy xem xét cả tình hình thị trường và các điều kiện giao dịch.",선물거래위원회,선물거래위원회,True,금융시장·거래,파생상품,1.0,1.0,1.0,0,,0,
KO-FIN-01845,선물계약이 무엇인지 쉽게 설명해 주세요.,Xin vui lòng giải thích một cách dễ hiểu về Hợp đồng kỳ hạn là gì.,선물계약,선물계약,True,파생상품,법률·계약 / 금융시장·거래 / 지급결제·청산,1.0,1.0,1.0,0,,20,선물계약
KO-FIN-01849,선물시장이 무엇을 의미하나요?,Thị trường hợp đồng tương lai có nghĩa là gì?,선물시장,선물시장,True,금융시장·거래,파생상품 / 지급결제·청산,1.0,1.0,1.0,0,,0,
KO-FIN-01853,선물중개상이 무엇인지 쉽게 설명해 주세요.,Xin vui lòng giải thích một cách dễ hiểu về Nhà môi giới hợp đồng tương lai là gì.,선물중개상,선물중개상,True,파생상품,금융시장·거래,1.0,1.0,1.0,0,,40,선물중개상
KO-FIN-01857,선물환에 대해 자세히 알려주세요.,Xin vui lòng giải thích chi tiết về Hợp đồng kỳ hạn ngoại hối.,선물환,선물환,True,해외송금·외환,파생상품,1.0,1.0,1.0,0,,20,선물환
KO-FIN-01858,선물환을 확인하고 싶습니다.,Tôi muốn kiểm tra Hợp đồng kỳ hạn ngoại hối.,선물환,선물환,True,해외송금·외환,파생상품,1.0,1.0,1.0,0,,20,선물환
KO-FIN-01861,선물환마진에 대해 자세히 알려주세요.,Xin vui lòng cho biết thêm thông tin chi tiết về Khoản ký quỹ giao dịch ngoại hối kỳ hạn.,선물환마진,선물환마진,True,해외송금·외환,파생상품,1.0,1.0,1.0,0,,40,선물환마진
KO-FIN-01862,선물환마진을 확인하고 싶습니다.,Tôi muốn kiểm tra Khoản ký quỹ giao dịch ngoại hối kỳ hạn.,선물환마진,선물환마진,True,해외송금·외환,파생상품,1.0,1.0,1.0,0,,40,선물환마진
KO-FIN-01865,선의취득이 금융거래에서 무엇을 의미하나요?,Sở hữu thiện chí có ý nghĩa gì trong giao dịch tài chính này?,선의취득,선의취득,True,법률·계약,,1.0,1.0,1.0,0,,20,선의취득
KO-FIN-01871,성장주와 관련해 투자 전에 확인해야 할 사항이 있나요?,Có điều gì cần kiểm tra trước khi đầu tư liên quan đến Cổ phiếu tăng trưởng không?,성장주,성장주,True,주식,,1.0,1.0,1.0,0,,0,
KO-FIN-01876,소비대차의 적용 여부는 계약 내용과 관련 법령을 확인해야 합니다.,"Để xác định liệu Cho vay tiêu dùng có được áp dụng hay không, cần phải kiểm tra nội dung của Hợp đồng và các văn bản pháp luật liên quan.",소비대차;계약,소비대차,True,법률·계약,,1.0,1.0,1.0,0,,30,계약
KO-FIN-01879,소비임치에 대해 상담받고 싶습니다.,Tôi muốn được tư vấn về Gửi tiền tiêu dùng.,소비임치,소비임치,True,예금상품,법률·계약,1.0,1.0,1.0,0,,40,소비임치
KO-FIN-01881,소수주주권이 무엇인지 설명해 주세요.,Vui lòng giải thích Quyền của cổ đông thiểu số là gì.,소수주주권,소수주주권,True,주식,,1.0,1.0,1.0,0,,0,
KO-FIN-01886,소액주주와 관련된 정보를 확인하고 싶습니다.,Tôi muốn tra cứu thông tin liên quan đến Cổ đông nhỏ lẻ.,소액주주,소액주주,True,주식,,1.0,1.0,1.0,0,,0,
KO-FIN-01890,송금이체를 이용하려면 어떻게 해야 하나요?,Làm thế nào để sử dụng Chuyển khoản?,송금이체,송금이체,True,이체,,1.0,1.0,1.0,0,,0,
KO-FIN-01894,수권자본제도와 관련된 정보를 확인하고 싶습니다.,Tôi muốn tra cứu thông tin liên quan đến Chế độ vốn ủy quyền.,수권자본제도,수권자본제도,True,주식,,1.0,1.0,1.0,0,,20,수권자본제도
KO-FIN-01897,수도부족분<결제부족분>이 무엇인지 설명해 주세요.,Vui lòng giải thích Số tiền thiếu trong quỹ thủ đô <Số tiền thiếu trong quỹ thanh toán> là gì.,수도부족분<결제부족분>,수도부족분<결제부족분>,True,지급결제·청산,증권·예탁,1.0,1.0,1.0,0,,40,수도부족분<결제부족분>
KO-FIN-01901,수량우선의 원칙이 무엇을 의미하나요?,Nguyên tắc ưu tiên số lượng có nghĩa là gì?,수량우선의 원칙,수량우선의 원칙,True,금융시장·거래,,1.0,1.0,1.0,0,,0,
KO-FIN-01905,수요예측방식이 무엇인지 설명해 주세요.,Vui lòng giải thích Phương pháp dự báo nhu cầu là gì.,수요예측방식,수요예측방식,True,증권·예탁,,1.0,1.0,1.0,0,,0,
KO-FIN-01909,수의상환<임의상환>이 무엇인지 설명해 주세요.,Vui lòng giải thích Hoàn trả theo thỏa thuận <Hoàn trả tự nguyện> là gì.,수의상환<임의상환>,수의상환<임의상환>,True,채권,,1.0,1.0,1.0,0,,40,수의상환<임의상환>
KO-FIN-01919,수익률과 관련된 투자 정보를 확인하고 싶습니다.,Tôi muốn xem thông tin đầu tư liên quan đến Tỷ suất sinh lời.,수익률,수익률,True,자산운용·투자,,1.0,1.0,1.0,0,,0,
KO-FIN-01921,수익률곡선이 무엇인지 설명해 주세요.,Vui lòng giải thích Đường cong lợi suất là gì.,수익률곡선,수익률곡선,True,채권,,1.0,1.0,1.0,0,,0,
KO-FIN-01927,수익률곡선타기전략과 관련된 투자 정보를 확인하고 싶습니다.,Tôi muốn xem thông tin đầu tư liên quan đến Chiến lược đầu tư theo đường cong lợi suất.,수익률곡선타기전략,수익률곡선타기전략,True,자산운용·투자,,1.0,1.0,1.0,0,,0,
KO-FIN-01930,수익률스프레드의 조건과 수익 구조를 확인하고 싶습니다.,Tôi muốn tìm hiểu về các điều kiện và cơ cấu lợi nhuận của Chênh lệch lợi suất.,수익률스프레드,수익률스프레드,True,채권,자산운용·투자,1.0,1.0,1.0,0,,20,수익률스프레드
KO-FIN-01938,수익증권의 운용 방식과 수수료를 확인하고 싶습니다.,Tôi muốn tìm hiểu về cách thức hoạt động và mức phí của Chứng khoán sinh lời.,수익증권,수익증권,True,펀드·신탁,증권·예탁,1.0,1.0,1.0,0,,0,
KO-FIN-01941,수정주가평균이 무엇인지 설명해 주세요.,Vui lòng giải thích Giá trung bình điều chỉnh là gì.,수정주가평균,수정주가평균,True,주식,,1.0,1.0,1.0,0,,20,수정주가평균
KO-FIN-01945,수탁계약준칙이 무엇을 의미하나요?,Quy tắc về hợp đồng ủy thác có nghĩa là gì?,수탁계약준칙,수탁계약준칙,True,금융시장·거래,펀드·신탁 / 법률·계약 / 증권·예탁,1.0,1.0,1.0,0,,20,수탁계약준칙
KO-FIN-01957,순수무액면주식이 무엇인지 설명해 주세요.,Vui lòng giải thích Cổ phiếu không có mệnh giá là gì.,순수무액면주식,순수무액면주식,True,주식,,1.0,1.0,1.0,0,,40,순수무액면주식
KO-FIN-01962,순운전자본을 통해 어떤 정보를 확인할 수 있나요?,"Thông qua Vốn lưu động, tôi có thể tra cứu những thông tin nào?",순운전자본,순운전자본,True,회계·재무,,1.0,1.0,1.0,0,,20,순운전자본
KO-FIN-01964,순운전자본은 기준 시점과 작성 기준을 함께 확인해야 합니다.,"Đối với Vốn lưu động, cần phải kiểm tra cả thời điểm tham chiếu và tiêu chí lập báo cáo.",순운전자본,순운전자본,True,회계·재무,,1.0,1.0,1.0,0,,20,순운전자본
KO-FIN-01967,순자산가치와 관련해 투자 전에 확인해야 할 사항이 있나요?,Có điều gì cần kiểm tra trước khi đầu tư liên quan đến Giá trị tài sản ròng không?,순자산가치,순자산가치,True,주식,,1.0,1.0,1.0,0,,0,
KO-FIN-01969,순차변·순대변잔고포지션이 무엇인지 설명해 주세요.,Vui lòng giải thích Vị thế số dư bên mua và bên bán là gì.,순차변·순대변잔고포지션,순차변·순대변잔고포지션,True,지급결제·청산,,1.0,1.0,1.0,0,,40,순차변·순대변잔고포지션
KO-FIN-01975,스왑거래 거래에는 어떤 위험이 있나요?,Giao dịch Giao dịch hoán đổi tiềm ẩn những rủi ro nào?,스왑거래,스왑거래,True,파생상품,금융시장·거래,1.0,1.0,1.0,0,,20,스왑거래
KO-FIN-01977,스왑션이 무엇인지 쉽게 설명해 주세요.,Xin vui lòng giải thích một cách dễ hiểu về Swap là gì.,스왑션,스왑션,True,파생상품,,1.0,1.0,1.0,0,,40,스왑션
KO-FIN-01984,스위스옵션 금융선물거래소를 확인할 때 시장 상황과 거래 조건을 함께 살펴보세요.,"Khi xem xét Sàn giao dịch quyền chọn và hợp đồng tương lai Thụy Sĩ, hãy xem xét cả tình hình thị trường và các điều kiện giao dịch.",스위스옵션 금융선물거래소,스위스옵션 금융선물거래소,True,금융시장·거래,파생상품,1.0,1.0,1.0,0,,0,
KO-FIN-01986,스칼퍼와 관련된 시장 정보를 확인하고 싶습니다.,Tôi muốn kiểm tra thông tin thị trường liên quan đến Nhà giao dịch lướt sóng.,스칼퍼,스칼퍼,True,금융시장·거래,,1.0,1.0,1.0,0,,40,스칼퍼
KO-FIN-01989,스톡옵션이 무엇인지 쉽게 설명해 주세요.,Xin vui lòng giải thích một cách dễ hiểu về Quyền chọn cổ phiếu là gì.,스톡옵션,스톡옵션,True,파생상품,주식,1.0,1.0,1.0,0,,20,스톡옵션
KO-FIN-01993,스트래들이 무엇을 의미하나요?,Straddle có nghĩa là gì?,스트래들,스트래들,True,금융시장·거래,,1.0,1.0,1.0,0,,0,
KO-FIN-01997,스트랩이 무엇인지 쉽게 설명해 주세요.,Xin vui lòng giải thích một cách dễ hiểu về Dây đeo là gì.,스트랩,스트랩,True,파생상품,,1.0,1.0,1.0,0,,20,스트랩
KO-FIN-02006,스페셜리스트와 관련된 시장 정보를 확인하고 싶습니다.,Tôi muốn xem thông tin thị trường liên quan đến Chuyên gia.,스페셜리스트,스페셜리스트,True,금융시장·거래,,1.0,1.0,1.0,0,,40,스페셜리스트
KO-FIN-02011,스폿펀드에 가입하기 전에 어떤 점을 확인해야 하나요?,"Trước khi đăng ký Quỹ đầu tư ngắn hạn, tôi cần kiểm tra những điều gì?",스폿펀드,스폿펀드,True,펀드·신탁,,1.0,1.0,1.0,0,,40,스폿펀드
KO-FIN-02014,스프레드와 관련된 시장 정보를 확인하고 싶습니다.,Tôi muốn xem thông tin thị trường liên quan đến Chênh lệch.,스프레드,스프레드,True,금융시장·거래,,1.0,1.0,1.0,0,,40,스프레드
KO-FIN-02018,스프레드거래와 관련된 시장 정보를 확인하고 싶습니다.,Tôi muốn xem thông tin thị trường liên quan đến Giao dịch chênh lệch giá.,스프레드거래,스프레드거래,True,금융시장·거래,,1.0,1.0,1.0,0,,40,스프레드거래
KO-FIN-02023,스프레드운용과 관련된 투자 정보를 확인하고 싶습니다.,Tôi muốn xem thông tin đầu tư liên quan đến Quản lý chênh lệch giá.,스프레드운용,스프레드운용,True,자산운용·투자,,1.0,1.0,1.0,0,,40,스프레드운용
KO-FIN-02027,스프리트에 대해 상담받고 싶습니다.,Tôi muốn được tư vấn về Spirit.,스프리트,스프리트,True,대출,,1.0,1.0,1.0,0,,40,스프리트
KO-FIN-02032,시가발행제도의 세부 조건과 절차는 거래 유형에 따라 달라질 수 있습니다.,Các điều kiện và thủ tục chi tiết của Chế độ phát hành trái phiếu thành phố có thể thay đổi tùy theo loại giao dịch.,시가발행제도,시가발행제도,True,기업금융·자본조달,주식,1.0,1.0,1.0,0,,20,시가발행제도
KO-FIN-02033,시가총액이 무엇인지 설명해 주세요.,Vui lòng giải thích Tổng giá trị vốn hóa thị trường là gì.,시가총액,시가총액,True,주식,,1.0,1.0,1.0,0,,0,
KO-FIN-02039,시가총액식 주가지수와 관련해 투자 전에 확인해야 할 사항이 있나요?,Có điều gì cần kiểm tra trước khi đầu tư liên quan đến Chỉ số chứng khoán theo vốn hóa thị trường không?,시가총액식 주가지수,시가총액식 주가지수,True,주식,,1.0,1.0,1.0,0,,0,
KO-FIN-02042,시간외 종가매매와 관련된 시장 정보를 확인하고 싶습니다.,Tôi muốn xem thông tin thị trường liên quan đến Giao dịch theo giá đóng cửa ngoài giờ.,시간외 종가매매,시간외 종가매매,True,금융시장·거래,,1.0,1.0,1.0,0,,40,시간외 종가매매
KO-FIN-02045,시간우선의 원칙이 무엇을 의미하나요?,Nguyên tắc ưu tiên thời gian có nghĩa là gì?,시간우선의 원칙,시간우선의 원칙,True,금융시장·거래,,1.0,1.0,1.0,0,,0,
KO-FIN-02050,시스템위험이 금융거래에 어떤 영향을 주나요?,Rủi ro hệ thống có ảnh hưởng như thế nào đến giao dịch tài chính này?,시스템위험,시스템위험,True,신용·리스크,,1.0,1.0,1.0,0,,0,
KO-FIN-02052,시스템위험은 거래 조건이나 이용 가능 여부에 영향을 줄 수 있습니다.,Rủi ro hệ thống có thể ảnh hưởng đến các điều kiện giao dịch hoặc khả năng sử dụng.,시스템위험,시스템위험,True,신용·리스크,,1.0,1.0,1.0,0,,0,
KO-FIN-02053,시장분할이론이 무엇을 의미하나요?,Lý thuyết phân khúc thị trường có nghĩa là gì?,시장분할이론,시장분할이론,True,금융시장·거래,대출 / 자산운용·투자 / 채권,1.0,1.0,1.0,0,,0,
KO-FIN-02058,시장위험이 금융거래에 어떤 영향을 주나요?,Rủi ro thị trường có ảnh hưởng như thế nào đến giao dịch tài chính này?,시장위험,시장위험,True,신용·리스크,금융시장·거래 / 금융기관·은행,1.0,1.0,1.0,0,,0,
KO-FIN-02060,시장위험은 거래 조건이나 이용 가능 여부에 영향을 줄 수 있습니다.,Rủi ro thị trường có thể ảnh hưởng đến các điều kiện giao dịch hoặc khả năng sử dụng.,시장위험,시장위험,True,신용·리스크,금융시장·거래 / 금융기관·은행,1.0,1.0,1.0,0,,0,
KO-FIN-02061,시장주문이 무엇을 의미하나요?,Lệnh thị trường có nghĩa là gì?,시장주문,시장주문,True,금융시장·거래,,1.0,1.0,1.0,0,,20,시장주문
KO-FIN-02065,시장타이밍수입이 무엇을 의미하나요?,Thu nhập từ việc nắm bắt thời điểm thị trường có nghĩa là gì?,시장타이밍수입,시장타이밍수입,True,금융시장·거래,,1.0,1.0,1.0,0,,20,시장타이밍수입
KO-FIN-02071,시장포트폴리오와 관련된 투자 정보를 확인하고 싶습니다.,Tôi muốn xem thông tin đầu tư liên quan đến Danh mục đầu tư thị trường.,시장포트폴리오,시장포트폴리오,True,자산운용·투자,금융시장·거래,1.0,1.0,1.0,0,,40,시장포트폴리오
KO-FIN-02075,시차유동성위험을 줄이려면 어떤 점을 확인해야 하나요?,"Để giảm Rủi ro thanh khoản do chênh lệch múi giờ, cần lưu ý những điểm nào?",시차유동성위험,시차유동성위험,True,신용·리스크,증권·예탁 / 지급결제·청산,1.0,1.0,1.0,0,,0,
KO-FIN-02076,시차유동성위험은 거래 조건이나 이용 가능 여부에 영향을 줄 수 있습니다.,Rủi ro thanh khoản do chênh lệch múi giờ có thể ảnh hưởng đến các điều kiện giao dịch hoặc khả năng sử dụng.,시차유동성위험,시차유동성위험,True,신용·리스크,증권·예탁 / 지급결제·청산,1.0,1.0,1.0,0,,0,
KO-FIN-02077,신규상장이 무엇을 의미하나요?,Niêm yết mới có nghĩa là gì?,신규상장,신규상장,True,금융시장·거래,,1.0,1.0,1.0,0,,40,신규상장
KO-FIN-02082,신디케이트 처리 절차를 확인하고 싶습니다.,Tôi muốn tìm hiểu về quy trình xử lý Syndicate.,신디케이트,신디케이트,True,증권·예탁,,1.0,1.0,1.0,0,,0,
KO-FIN-02086,신용거래와 관련된 시장 정보를 확인하고 싶습니다.,Tôi muốn xem thông tin thị trường liên quan đến Giao dịch tín dụng.,신용거래,신용거래,True,금융시장·거래,대출 / 증권·예탁 / 신용·리스크 / 주식,1.0,1.0,1.0,0,,0,
KO-FIN-02090,신용위험이 금융거래에 어떤 영향을 주나요?,Rủi ro tín dụng có ảnh hưởng như thế nào đến giao dịch tài chính này?,신용위험,신용위험,True,신용·리스크,,1.0,1.0,1.0,0,,0,
KO-FIN-02092,신용위험은 거래 조건이나 이용 가능 여부에 영향을 줄 수 있습니다.,Rủi ro tín dụng có thể ảnh hưởng đến các điều kiện giao dịch hoặc khả năng sử dụng.,신용위험,신용위험,True,신용·리스크,,1.0,1.0,1.0,0,,0,
KO-FIN-02095,신용평가기관을 줄이려면 어떤 점을 확인해야 하나요?,"Để giảm Tổ chức xếp hạng tín dụng, cần lưu ý những điểm nào?",신용평가기관,신용평가기관,True,신용·리스크,,1.0,1.0,1.0,0,,20,신용평가기관
KO-FIN-02096,신용평가기관은 거래 조건이나 이용 가능 여부에 영향을 줄 수 있습니다.,Tổ chức xếp hạng tín dụng có thể ảnh hưởng đến các điều kiện giao dịch hoặc tính khả dụng.,신용평가기관,신용평가기관,True,신용·리스크,,1.0,1.0,1.0,0,,20,신용평가기관
KO-FIN-02102,신주인수권부사채의 조건과 수익 구조를 확인하고 싶습니다.,Tôi muốn tìm hiểu về các điều kiện và cơ cấu lợi nhuận của Trái phiếu kèm quyền mua cổ phiếu mới.,신주인수권부사채,신주인수권부사채,True,채권,주식 / 기업금융·자본조달,1.0,1.0,1.0,0,,40,신주인수권부사채
KO-FIN-02105,신주인수권증권이 무엇인지 설명해 주세요.,Vui lòng giải thích Chứng khoán quyền mua cổ phiếu mới là gì.,신주인수권증권,신주인수권증권,True,증권·예탁,주식 / 기업금융·자본조달,1.0,1.0,1.0,0,,20,신주인수권증권
KO-FIN-02111,신주인수권증서와 관련해 투자 전에 확인해야 할 사항이 있나요?,Có điều gì cần kiểm tra trước khi đầu tư liên quan đến Giấy chứng nhận quyền mua cổ phiếu mới không?,신주인수권증서,신주인수권증서,True,주식,증권·예탁 / 기업금융·자본조달,1.0,1.0,1.0,0,,40,신주인수권증서
KO-FIN-02118,신탁계정의 운용 방식과 수수료를 확인하고 싶습니다.,Tôi muốn tìm hiểu về cách thức hoạt động và mức phí của Tài khoản ủy thác.,신탁계정,신탁계정,True,펀드·신탁,증권·예탁,1.0,1.0,1.0,0,,20,신탁계정
KO-FIN-02122,신탁법의 운용 방식과 수수료를 확인하고 싶습니다.,Tôi muốn tìm hiểu về cách thức hoạt động và mức phí của Luật Quản lý tài sản ủy thác.,신탁법,신탁법,True,펀드·신탁,,1.0,1.0,1.0,0,,20,신탁법
KO-FIN-02126,신탁보수의 운용 방식과 수수료를 확인하고 싶습니다.,Tôi muốn tìm hiểu về cách thức hoạt động và mức phí của Phí quản lý quỹ.,신탁보수,신탁보수,True,펀드·신탁,,1.0,1.0,1.0,0,,40,신탁보수
KO-FIN-02130,신탁자의 운용 방식과 수수료를 확인하고 싶습니다.,Tôi muốn tìm hiểu về cách thức hoạt động và mức phí của Người ủy thác.,신탁자,신탁자,True,펀드·신탁,,1.0,1.0,1.0,0,,40,신탁자
KO-FIN-02134,신탁재산의 운용 방식과 수수료를 확인하고 싶습니다.,Tôi muốn tìm hiểu về cách thức hoạt động và mức phí của Tài sản ủy thác.,신탁재산,신탁재산,True,펀드·신탁,,1.0,1.0,1.0,0,,20,신탁재산
KO-FIN-02138,신탁재산표시 말소 처리 절차를 확인하고 싶습니다.,Tôi muốn tìm hiểu về quy trình xử lý Xóa ghi nhận tài sản ủy thác.,신탁재산표시 말소,신탁재산표시 말소,True,증권·예탁,펀드·신탁 / 금융법규·감독,1.0,1.0,1.0,0,,20,신탁재산표시 말소
KO-FIN-02142,신탁회사의 운용 방식과 수수료를 확인하고 싶습니다.,Tôi muốn tìm hiểu về cách thức hoạt động và mức phí của Công ty quản lý quỹ.,신탁회사,신탁회사,True,펀드·신탁,,1.0,1.0,1.0,0,,20,신탁회사
KO-FIN-02150,실기주 처리 절차를 확인하고 싶습니다.,Tôi muốn tìm hiểu về quy trình xử lý Cổ phiếu thực tế.,실기주,실기주,True,증권·예탁,주식 / 법률·계약,1.0,1.0,1.0,0,,0,
KO-FIN-02153,실기주과실이 무엇인지 설명해 주세요.,Vui lòng giải thích Lỗi trong phần thi thực hành là gì.,실기주과실,실기주과실,True,증권·예탁,주식,1.0,1.0,1.0,0,,40,실기주과실
KO-FIN-02158,실물거래와 관련된 시장 정보를 확인하고 싶습니다.,Tôi muốn xem thông tin thị trường liên quan đến Giao dịch thực tế.,실물거래,실물거래,True,금융시장·거래,,1.0,1.0,1.0,0,,0,
KO-FIN-02163,실물결제 과정에서 문제가 발생한 것 같습니다.,Có vẻ như đã xảy ra sự cố trong quá trình Thanh toán bằng tiền mặt.,실물결제,실물결제,True,지급결제·청산,금융시장·거래 / 증권·예탁,1.0,1.0,1.0,0,,40,실물결제
KO-FIN-02169,실적배당신탁이 무엇인지 설명해 주세요.,Vui lòng giải thích Quỹ phân phối lợi nhuận là gì.,실적배당신탁,실적배당신탁,True,주식,펀드·신탁 / 세금,1.0,1.0,1.0,0,,40,실적배당신탁
KO-FIN-02175,실질이자율과 관련된 내용을 확인하고 싶습니다.,Tôi muốn xem thông tin liên quan đến Lãi suất thực tế.,실질이자율,실질이자율,True,기타 금융일반,,1.0,1.0,1.0,0,,0,
KO-FIN-02176,실질이자율의 정확한 의미는 해당 금융거래의 맥락과 함께 확인해야 합니다.,Ý nghĩa chính xác của Lãi suất thực tế cần được xác định dựa trên bối cảnh của giao dịch tài chính đó.,실질이자율,실질이자율,True,기타 금융일반,,1.0,1.0,1.0,0,,0,
KO-FIN-02179,실질주주 권리배정 명세표와 관련해 투자 전에 확인해야 할 사항이 있나요?,Có điều gì cần kiểm tra trước khi đầu tư liên quan đến Bảng chi tiết phân bổ quyền lợi cho cổ đông thực tế không?,실질주주 권리배정 명세표,실질주주 권리배정 명세표,True,주식,증권·예탁,1.0,1.0,1.0,0,,20,실질주주 권리배정 명세표
KO-FIN-02182,실질주주와 관련된 정보를 확인하고 싶습니다.,Tôi muốn tra cứu thông tin liên quan đến Cổ đông thực tế.,실질주주,실질주주,True,주식,증권·예탁,1.0,1.0,1.0,0,,0,
KO-FIN-02186,실질주주증명서제도와 관련된 정보를 확인하고 싶습니다.,Tôi muốn tra cứu thông tin liên quan đến Chế độ chứng nhận cổ đông thực tế.,실질주주증명서제도,실질주주증명서제도,True,주식,증권·예탁,1.0,1.0,1.0,0,,0,
KO-FIN-02191,실현수익률과 관련된 투자 정보를 확인하고 싶습니다.,Tôi muốn tìm hiểu thông tin đầu tư liên quan đến Tỷ suất sinh lời thực tế.,실현수익률,실현수익률,True,자산운용·투자,,1.0,1.0,1.0,0,,0,
KO-FIN-02196,실효이자율은 심사 결과에 따라 이용 가능 여부가 달라질 수 있습니다.,Tính khả dụng của Lãi suất thực tế có thể thay đổi tùy theo kết quả thẩm định.,실효이자율,실효이자율,True,대출,,1.0,1.0,1.0,0,,0,
KO-FIN-02199,쌍방연계방식과 관련된 내용을 확인하고 싶습니다.,Tôi muốn xem nội dung liên quan đến Phương thức liên kết hai chiều.,쌍방연계방식,쌍방연계방식,True,기타 금융일반,,1.0,1.0,1.0,0,,0,
KO-FIN-02200,쌍방연계방식의 정확한 의미는 해당 금융거래의 맥락과 함께 확인해야 합니다.,Ý nghĩa chính xác của Phương thức liên kết hai chiều cần được xác định dựa trên bối cảnh của giao dịch tài chính đó.,쌍방연계방식,쌍방연계방식,True,기타 금융일반,,1.0,1.0,1.0,0,,0,
KO-FIN-02203,써클결제 과정에서 문제가 발생한 것 같습니다.,Có vẻ như đã xảy ra sự cố trong quá trình Thanh toán qua Circle.,써클결제,써클결제,True,지급결제·청산,,1.0,1.0,1.0,0,,20,써클결제
KO-FIN-02206,아리랑본드의 조건과 수익 구조를 확인하고 싶습니다.,Tôi muốn tìm hiểu về các điều kiện và cơ cấu lợi nhuận của Arirang Bond.,아리랑본드,아리랑본드,True,채권,,1.0,1.0,1.0,0,,0,
KO-FIN-02210,아시아·태평양 중앙예탁기관협의회 처리 절차를 확인하고 싶습니다.,Tôi muốn tìm hiểu về quy trình xử lý Hội đồng các tổ chức lưu ký trung ương khu vực châu Á-Thái Bình Dương.,아시아·태평양 중앙예탁기관협의회,아시아·태평양 중앙예탁기관협의회,True,증권·예탁,,1.0,1.0,1.0,0,,0,
KO-FIN-02214,아시안달러본드와 관련된 시장 정보를 확인하고 싶습니다.,Tôi muốn xem thông tin thị trường liên quan đến Trái phiếu bằng đồng đô la châu Á.,아시안달러본드,아시안달러본드,True,금융시장·거래,,1.0,1.0,1.0,0,,20,아시안달러본드
KO-FIN-02219,액면가와 관련해 투자 전에 확인해야 할 사항이 있나요?,Có điều gì cần kiểm tra trước khi đầu tư liên quan đến Mệnh giá không?,액면가,액면가,True,주식,,1.0,1.0,1.0,0,,40,액면가
KO-FIN-02222,액면발행을 이용하려면 어떤 조건이 필요한가요?,"Để sử dụng Phát hành theo mệnh giá, cần phải đáp ứng những điều kiện nào?",액면발행,액면발행,True,기업금융·자본조달,,1.0,1.0,1.0,0,,20,액면발행
KO-FIN-02223,액면발행과 관련된 비용과 절차를 확인하고 싶습니다.,Tôi muốn tìm hiểu về các chi phí và thủ tục liên quan đến Phát hành theo mệnh giá.,액면발행,액면발행,True,기업금융·자본조달,,1.0,1.0,1.0,0,,20,액면발행
KO-FIN-02225,액면분할이 무엇인지 설명해 주세요.,Vui lòng giải thích Chia cổ phiếu là gì.,액면분할,액면분할,True,주식,,1.0,1.0,1.0,0,,0,
KO-FIN-02230,양도담보의 조건과 수익 구조를 확인하고 싶습니다.,Tôi muốn tìm hiểu về các điều kiện và cơ cấu lợi nhuận của Thế chấp chuyển nhượng.,양도담보,양도담보,True,채권,,1.0,1.0,1.0,0,,0,
KO-FIN-02234,양도성예금증서에 적용되는 금리는 어떻게 되나요?,Lãi suất áp dụng cho Chứng chỉ tiền gửi có thể chuyển nhượng là bao nhiêu?,양도성예금증서,양도성예금증서,True,예금상품,증권·예탁,1.0,1.0,1.0,0,,0,
KO-FIN-02237,양키달러시장이 무엇을 의미하나요?,Thị trường đồng đô la Mỹ có nghĩa là gì?,양키달러시장,양키달러시장,True,금융시장·거래,,1.0,1.0,1.0,0,,0,
KO-FIN-02243,양키본드와 관련된 투자 정보를 확인하고 싶습니다.,Tôi muốn xem thông tin đầu tư liên quan đến Yankee Bond.,양키본드,양키본드,True,자산운용·투자,,1.0,1.0,1.0,0,,0,
KO-FIN-02247,어카운트 결제 과정에서 문제가 발생한 것 같습니다.,Có vẻ như đã xảy ra sự cố trong quá trình Thanh toán tài khoản.,어카운트 결제,어카운트 결제,True,지급결제·청산,,1.0,1.0,1.0,0,,0,
KO-FIN-02250,언더라이터 처리 절차를 확인하고 싶습니다.,Tôi muốn tìm hiểu về quy trình xử lý Người thẩm định rủi ro.,언더라이터,언더라이터,True,증권·예탁,,1.0,1.0,1.0,0,,40,언더라이터
KO-FIN-02254,역금리와 관련된 거래 조건을 확인하고 싶습니다.,Tôi muốn kiểm tra các điều kiện giao dịch liên quan đến Lãi suất âm.,역금리,역금리,True,국제금융,,1.0,1.0,1.0,0,,20,역금리
KO-FIN-02258,역레포와 관련된 시장 정보를 확인하고 싶습니다.,Tôi muốn xem thông tin thị trường liên quan đến Giao dịch repo ngược.,역레포,역레포,True,금융시장·거래,,1.0,1.0,1.0,0,,40,역레포
KO-FIN-02262,역분식결산을 통해 어떤 정보를 확인할 수 있나요?,"Thông qua Kết toán theo phương pháp phân bổ ngược, tôi có thể tra cứu những thông tin nào?",역분식결산,역분식결산,True,회계·재무,,1.0,1.0,1.0,0,,20,역분식결산
KO-FIN-02264,역분식결산은 기준 시점과 작성 기준을 함께 확인해야 합니다.,"Đối với Kết toán theo phương pháp phân bổ ngược, cần phải kiểm tra cả thời điểm tham chiếu và tiêu chí lập báo cáo.",역분식결산,역분식결산,True,회계·재무,,1.0,1.0,1.0,0,,20,역분식결산
KO-FIN-02266,역외금융과 관련된 거래 조건을 확인하고 싶습니다.,Tôi muốn kiểm tra các điều kiện giao dịch liên quan đến Tài chính ngoài lãnh thổ.,역외금융,역외금융,True,국제금융,,1.0,1.0,1.0,0,,0,
KO-FIN-02268,역외금융과 관련된 거래에서는 국가별 규정과 통화를 함께 확인해야 합니다.,"Trong các giao dịch liên quan đến Tài chính ngoài lãnh thổ, cần phải kiểm tra cả quy định của từng quốc gia và loại tiền tệ tương ứng.",역외금융,역외금융,True,국제금융,,1.0,1.0,1.0,0,,0,
KO-FIN-02269,역외시장이 무엇을 의미하나요?,Thị trường ngoài lãnh thổ có nghĩa là gì?,역외시장,역외시장,True,금융시장·거래,국제금융,1.0,1.0,1.0,0,,0,
KO-FIN-02274,역외자금과 관련된 거래 조건을 확인하고 싶습니다.,Tôi muốn kiểm tra các điều kiện giao dịch liên quan đến Vốn từ nước ngoài.,역외자금,역외자금,True,국제금융,,1.0,1.0,1.0,0,,20,역외자금
KO-FIN-02276,역외자금과 관련된 거래에서는 국가별 규정과 통화를 함께 확인해야 합니다.,"Trong các giao dịch liên quan đến Vốn từ nước ngoài, cần phải kiểm tra cả quy định của từng quốc gia và loại tiền tệ.",역외자금,역외자금,True,국제금융,,1.0,1.0,1.0,0,,20,역외자금
KO-FIN-02279,역외펀드에 가입하기 전에 어떤 점을 확인해야 하나요?,"Trước khi đăng ký Quỹ đầu tư ngoài lãnh thổ, tôi cần kiểm tra những điều gì?",역외펀드,역외펀드,True,펀드·신탁,국제금융 / 자산운용·투자 / 세금,1.0,1.0,1.0,0,,40,역외펀드
KO-FIN-02283,연기금과 관련된 투자 정보를 확인하고 싶습니다.,Tôi muốn xem thông tin đầu tư liên quan đến Quỹ hưu trí.,연기금,연기금,True,자산운용·투자,,1.0,1.0,1.0,0,,0,
KO-FIN-02288,연방준비은행과 관련된 세부 업무는 해당 기관의 안내를 확인해 주세요.,Vui lòng tham khảo hướng dẫn của cơ quan có liên quan để biết chi tiết về công việc liên quan đến Ngân hàng Dự trữ Liên bang.,연방준비은행,연방준비은행,True,금융기관·은행,,1.0,1.0,1.0,0,,0,
KO-FIN-02290,연방준비제도에서 이용할 수 있는 금융업무는 무엇인가요?,Các dịch vụ tài chính nào có sẵn tại Cục Dự trữ Liên bang?,연방준비제도,연방준비제도,True,금융기관·은행,,1.0,1.0,1.0,0,,0,
KO-FIN-02295,연속결제 과정에서 문제가 발생한 것 같습니다.,Có vẻ như đã xảy ra sự cố trong quá trình Thanh toán định kỳ.,연속결제,연속결제,True,지급결제·청산,금융시장·거래,1.0,1.0,1.0,0,,40,연속결제
KO-FIN-02299,연속차감결제 과정에서 문제가 발생한 것 같습니다.,Có vẻ như đã xảy ra sự cố trong quá trình Thanh toán trừ dần liên tục.,연속차감결제,연속차감결제,True,지급결제·청산,,1.0,1.0,1.0,0,,40,연속차감결제
KO-FIN-02302,연쇄거래와 관련된 시장 정보를 확인하고 싶습니다.,Tôi muốn xem thông tin thị trường liên quan đến Giao dịch liên tiếp.,연쇄거래,연쇄거래,True,금융시장·거래,,1.0,1.0,1.0,0,,0,
KO-FIN-02306,영구사채의 조건과 수익 구조를 확인하고 싶습니다.,Tôi muốn tìm hiểu về các điều kiện và cơ cấu lợi nhuận của Trái phiếu vĩnh viễn.,영구사채,영구사채,True,채권,자산운용·투자,1.0,1.0,1.0,0,,0,
KO-FIN-02309,영시조항이 무엇을 의미하나요?,Điều khoản về thơ ca cổ điển có nghĩa là gì?,영시조항,영시조항,True,금융시장·거래,,1.0,1.0,1.0,0,,20,영시조항
KO-FIN-02314,예납조치와 관련된 시장 정보를 확인하고 싶습니다.,Tôi muốn xem thông tin thị trường liên quan đến Biện pháp nộp trước.,예납조치,예납조치,True,금융시장·거래,,1.0,1.0,1.0,0,,40,예납조치
KO-FIN-02317,예비증권이 무엇인지 설명해 주세요.,Vui lòng giải thích Chứng khoán dự trữ là gì.,예비증권,예비증권,True,증권·예탁,채권,1.0,1.0,1.0,0,,20,예비증권
KO-FIN-02326,예탁계좌 처리 절차를 확인하고 싶습니다.,Tôi muốn kiểm tra quy trình xử lý Tài khoản ký quỹ.,예탁계좌,예탁계좌,True,증권·예탁,계좌,1.0,1.0,1.0,0,,20,예탁계좌
KO-FIN-02329,예탁대상유가증권이 무엇인지 설명해 주세요.,Vui lòng giải thích Chứng khoán có thể ký quỹ là gì.,예탁대상유가증권,예탁대상유가증권,True,증권·예탁,,1.0,1.0,1.0,0,,0,
KO-FIN-02334,예탁자 처리 절차를 확인하고 싶습니다.,Tôi muốn tìm hiểu về quy trình xử lý Chủ tài khoản ký quỹ.,예탁자,예탁자,True,증권·예탁,,1.0,1.0,1.0,0,,40,예탁자
KO-FIN-02338,예탁자계좌부 처리 절차를 확인하고 싶습니다.,Tôi muốn tìm hiểu về quy trình xử lý Sổ tài khoản người gửi ký quỹ.,예탁자계좌부,예탁자계좌부,True,증권·예탁,,1.0,1.0,1.0,0,,0,
KO-FIN-02341,예탁자기금이 무엇인지 설명해 주세요.,Vui lòng giải thích Quỹ người gửi ký quỹ là gì.,예탁자기금,예탁자기금,True,증권·예탁,,1.0,1.0,1.0,0,,40,예탁자기금
KO-FIN-02346,예탁증명서제도 처리 절차를 확인하고 싶습니다.,Tôi muốn tìm hiểu về quy trình xử lý Hệ thống chứng chỉ lưu ký.,예탁증명서제도,예탁증명서제도,True,증권·예탁,,1.0,1.0,1.0,0,,40,예탁증명서제도
KO-FIN-02350,예탁증서 처리 절차를 확인하고 싶습니다.,Tôi muốn tìm hiểu về quy trình xử lý Chứng chỉ lưu ký.,예탁증서,예탁증서,True,증권·예탁,,1.0,1.0,1.0,0,,40,예탁증서
KO-FIN-02355,옐로우칩과 관련된 투자 정보를 확인하고 싶습니다.,Tôi muốn xem thông tin đầu tư liên quan đến Yellow Chip.,옐로우칩,옐로우칩,True,자산운용·투자,,1.0,1.0,1.0,0,,40,옐로우칩
KO-FIN-02357,오버나이트 repo이 무엇을 의미하나요?,Repo qua đêm có nghĩa là gì?,오버나이트 repo,오버나이트 repo,True,금융시장·거래,,1.0,1.0,1.0,0,,40,오버나이트 repo
KO-FIN-02362,온라인 리얼타임 시스템은 어디에서 확인할 수 있나요?,Tôi có thể tra cứu Hệ thống trực tuyến thời gian thực ở đâu?,온라인 리얼타임 시스템,온라인 리얼타임 시스템,True,계좌,,1.0,1.0,1.0,0,,0,
KO-FIN-02363,온라인 리얼타임 시스템이 정상적으로 표시되지 않습니다.,Hệ thống trực tuyến thời gian thực không hiển thị đúng cách.,온라인 리얼타임 시스템,온라인 리얼타임 시스템,True,계좌,,1.0,1.0,1.0,0,,0,
KO-FIN-02366,온라인 증권거래와 관련된 시장 정보를 확인하고 싶습니다.,Tôi muốn xem thông tin thị trường liên quan đến Giao dịch chứng khoán trực tuyến.,온라인 증권거래,온라인 증권거래,True,금융시장·거래,증권·예탁,1.0,1.0,1.0,0,,0,
KO-FIN-02371,온라인 투자은행과 관련된 투자 정보를 확인하고 싶습니다.,Tôi muốn xem thông tin đầu tư liên quan đến Ngân hàng đầu tư trực tuyến.,온라인 투자은행,온라인 투자은행,True,자산운용·투자,금융기관·은행,1.0,1.0,1.0,0,,0,
KO-FIN-02377,옵션가격결정모형이 무엇인지 쉽게 설명해 주세요.,Xin vui lòng giải thích một cách dễ hiểu về Mô hình xác định giá quyền chọn là gì.,옵션가격결정모형,옵션가격결정모형,True,파생상품,금융공학·분석 / 금융시장·거래 / 주식,1.0,1.0,1.0,0,,0,
KO-FIN-02382,옵션거래와 관련된 시장 정보를 확인하고 싶습니다.,Tôi muốn xem thông tin thị trường liên quan đến Giao dịch quyền chọn.,옵션거래,옵션거래,True,금융시장·거래,파생상품,1.0,1.0,1.0,0,,0,
KO-FIN-02389,외국보관기관이 무엇인지 설명해 주세요.,Vui lòng giải thích Tổ chức lưu trữ nước ngoài là gì.,외국보관기관,외국보관기관,True,증권·예탁,,1.0,1.0,1.0,0,,20,외국보관기관
KO-FIN-02394,외국시장거래와 관련된 시장 정보를 확인하고 싶습니다.,Tôi muốn xem thông tin thị trường liên quan đến Giao dịch trên thị trường nước ngoài.,외국시장거래,외국시장거래,True,금융시장·거래,,1.0,1.0,1.0,0,,0,
KO-FIN-02399,외국인 투자등록번호와 관련된 투자 정보를 확인하고 싶습니다.,Tôi muốn xem thông tin đầu tư liên quan đến Số đăng ký đầu tư nước ngoài.,외국인 투자등록번호,외국인 투자등록번호,True,자산운용·투자,,1.0,1.0,1.0,0,,0,
KO-FIN-02402,외국채의 조건과 수익 구조를 확인하고 싶습니다.,Tôi muốn tìm hiểu về các điều kiện và cơ cấu lợi nhuận của Trái phiếu nước ngoài.,외국채,외국채,True,채권,자산운용·투자,1.0,1.0,1.0,0,,0,
KO-FIN-02405,외국환거래법에 대해 자세히 알려주세요.,Xin vui lòng cung cấp thông tin chi tiết về Luật Giao dịch Ngoại hối.,외국환거래법,외국환거래법,True,해외송금·외환,금융시장·거래,1.0,1.0,1.0,0,,0,
KO-FIN-02406,외국환거래법을 확인하고 싶습니다.,Tôi muốn kiểm tra Luật Giao dịch Ngoại hối.,외국환거래법,외국환거래법,True,해외송금·외환,금융시장·거래,1.0,1.0,1.0,0,,0,
KO-FIN-02412,외부금융은 심사 결과에 따라 이용 가능 여부가 달라질 수 있습니다.,Tính khả dụng của Tài chính bên ngoài có thể thay đổi tùy theo kết quả thẩm định.,외부금융,외부금융,True,대출,,1.0,1.0,1.0,0,,0,
KO-FIN-02415,외수펀드에 가입하기 전에 어떤 점을 확인해야 하나요?,"Trước khi đăng ký Quỹ đầu tư nước ngoài, tôi cần kiểm tra những điều gì?",외수펀드,외수펀드,True,펀드·신탁,,1.0,1.0,1.0,0,,40,외수펀드
KO-FIN-02418,외평채의 조건과 수익 구조를 확인하고 싶습니다.,Tôi muốn tìm hiểu về các điều kiện và cơ cấu lợi nhuận của Trái phiếu ngoại hối.,외평채,외평채,True,채권,,1.0,1.0,1.0,0,,0,
KO-FIN-02421,외화증권이 무엇인지 설명해 주세요.,Vui lòng giải thích Chứng khoán ngoại tệ là gì.,외화증권,외화증권,True,증권·예탁,해외송금·외환 / 금융시장·거래,1.0,1.0,1.0,0,,0,
KO-FIN-02426,외화차입 담보관리제 처리 절차를 확인하고 싶습니다.,Tôi muốn tìm hiểu về quy trình xử lý Hệ thống quản lý tài sản đảm bảo cho các khoản vay bằng ngoại tệ.,외화차입 담보관리제,외화차입 담보관리제,True,증권·예탁,해외송금·외환 / 대출,1.0,1.0,1.0,0,,20,외화차입 담보관리제
KO-FIN-02429,외환시장이 무엇을 의미하나요?,Thị trường ngoại hối có nghĩa là gì?,외환시장,외환시장,True,금융시장·거래,해외송금·외환,1.0,1.0,1.0,0,,0,
KO-FIN-02435,우량주와 관련해 투자 전에 확인해야 할 사항이 있나요?,Có điều gì cần kiểm tra trước khi đầu tư vào Cổ phiếu blue-chip không?,우량주,우량주,True,주식,,1.0,1.0,1.0,0,,40,우량주
KO-FIN-02437,우리사주조합이 무엇인지 설명해 주세요.,Vui lòng giải thích Hiệp hội Cổ đông Nhân viên là gì.,우리사주조합,우리사주조합,True,주식,,1.0,1.0,1.0,0,,40,우리사주조합
KO-FIN-02443,우선주와 관련해 투자 전에 확인해야 할 사항이 있나요?,Có điều gì cần kiểm tra trước khi đầu tư liên quan đến Cổ phiếu ưu đãi không?,우선주,우선주,True,주식,,1.0,1.0,1.0,0,,40,우선주
KO-FIN-02446,운영위험이 금융거래에 어떤 영향을 주나요?,Rủi ro hoạt động có ảnh hưởng như thế nào đến giao dịch tài chính này?,운영위험,운영위험,True,신용·리스크,,1.0,1.0,1.0,0,,40,운영위험
KO-FIN-02454,워크아웃에서 이용할 수 있는 금융업무는 무엇인가요?,Các dịch vụ tài chính nào có sẵn tại Chương trình tái cơ cấu nợ?,워크아웃,워크아웃,True,금융기관·은행,,1.0,1.0,1.0,0,,40,워크아웃
KO-FIN-02458,원본위험이 금융거래에 어떤 영향을 주나요?,Rủi ro từ bản gốc có ảnh hưởng như thế nào đến giao dịch tài chính này?,원본위험,원본위험,True,신용·리스크,금융시장·거래 / 지급결제·청산,1.0,1.0,1.0,0,,0,
KO-FIN-02460,원본위험은 거래 조건이나 이용 가능 여부에 영향을 줄 수 있습니다.,Rủi ro từ bản gốc có thể ảnh hưởng đến các điều kiện giao dịch hoặc khả năng sử dụng.,원본위험,원본위험,True,신용·리스크,금융시장·거래 / 지급결제·청산,1.0,1.0,1.0,0,,0,
KO-FIN-02462,원천과세의 적용 기준을 알려주세요.,Xin vui lòng cho biết các tiêu chí áp dụng của Khấu trừ thuế tại nguồn.,원천과세,원천과세,True,세금,,1.0,1.0,1.0,0,,20,원천과세
KO-FIN-02464,원천과세의 적용 여부는 거래 유형과 세법에 따라 달라질 수 있습니다.,Việc áp dụng Khấu trừ thuế tại nguồn có thể thay đổi tùy theo loại giao dịch và luật thuế.,원천과세,원천과세,True,세금,,1.0,1.0,1.0,0,,20,원천과세
KO-FIN-02466,원천징수의 적용 기준을 알려주세요.,Xin vui lòng cho biết các tiêu chí áp dụng đối với Khấu trừ tại nguồn.,원천징수,원천징수,True,세금,,1.0,1.0,1.0,0,,40,원천징수
KO-FIN-02468,원천징수의 적용 여부는 거래 유형과 세법에 따라 달라질 수 있습니다.,Việc áp dụng Khấu trừ tại nguồn có thể thay đổi tùy theo loại giao dịch và luật thuế.,원천징수,원천징수,True,세금,,1.0,1.0,1.0,0,,40,원천징수
KO-FIN-02469,원화표시채권이 무엇인지 설명해 주세요.,Vui lòng giải thích Trái phiếu niêm yết bằng đồng won là gì.,원화표시채권,원화표시채권,True,채권,,1.0,1.0,1.0,0,,20,원화표시채권
KO-FIN-02473,웹거래시스템이 무엇을 의미하나요?,Hệ thống giao dịch trực tuyến có nghĩa là gì?,웹거래시스템,웹거래시스템,True,금융시장·거래,,1.0,1.0,1.0,0,,0,
KO-FIN-02477,위약손해배상공동기금이 무엇을 의미하나요?,Quỹ chung bồi thường thiệt hại do vi phạm hợp đồng có nghĩa là gì?,위약손해배상공동기금,위약손해배상공동기금,True,금융시장·거래,증권·예탁,1.0,1.0,1.0,0,,20,위약손해배상공동기금
KO-FIN-02481,위임장이 무엇인지 설명해 주세요.,Vui lòng giải thích Giấy ủy quyền là gì.,위임장,위임장,True,주식,,1.0,1.0,1.0,0,,0,
KO-FIN-02485,위임장경쟁이 무엇인지 설명해 주세요.,Vui lòng giải thích Cuộc cạnh tranh giành giấy ủy quyền là gì.,위임장경쟁,위임장경쟁,True,주식,,1.0,1.0,1.0,0,,40,위임장경쟁
KO-FIN-02490,위탁매매와 관련된 시장 정보를 확인하고 싶습니다.,Tôi muốn xem thông tin thị trường liên quan đến Giao dịch ủy thác.,위탁매매,위탁매매,True,금융시장·거래,증권·예탁,1.0,1.0,1.0,0,,20,위탁매매
KO-FIN-02494,위탁수수료와 관련된 시장 정보를 확인하고 싶습니다.,Tôi muốn xem thông tin thị trường liên quan đến Phí ủy thác.,위탁수수료,위탁수수료,True,금융시장·거래,,1.0,1.0,1.0,0,,0,
KO-FIN-02499,위탁자 때문에 추가로 확인해야 할 사항이 있나요?,Có vấn đề nào cần kiểm tra thêm liên quan đến Chủ ủy thác không?,위탁자,위탁자,True,금융법규·감독,,1.0,1.0,1.0,0,,40,위탁자
KO-FIN-02500,위탁자의 적용 범위는 관련 법령과 규정에 따라 달라질 수 있습니다.,Phạm vi áp dụng của Chủ ủy thác có thể thay đổi tùy theo các văn bản pháp luật và quy định có liên quan.,위탁자,위탁자,True,금융법규·감독,,1.0,1.0,1.0,0,,40,위탁자
KO-FIN-02501,위탁자청산서비스가 무엇인지 설명해 주세요.,Xin vui lòng giải thích Dịch vụ thanh lý tài sản cho khách hàng ủy thác là gì.,위탁자청산서비스,위탁자청산서비스,True,지급결제·청산,금융시장·거래,1.0,1.0,1.0,0,,0,
KO-FIN-02505,위탁증거금이 무엇인지 쉽게 설명해 주세요.,Xin vui lòng giải thích một cách dễ hiểu về Khoản ký quỹ ủy thác là gì.,위탁증거금,위탁증거금,True,파생상품,금융시장·거래 / 증권·예탁 / 자산운용·투자,1.0,1.0,1.0,0,,0,
KO-FIN-02515,위험프리미엄을 줄이려면 어떤 점을 확인해야 하나요?,"Để giảm Phí rủi ro, cần lưu ý những điểm nào?",위험프리미엄,위험프리미엄,True,신용·리스크,자산운용·투자,1.0,1.0,1.0,0,,20,위험프리미엄
KO-FIN-02516,위험프리미엄은 거래 조건이나 이용 가능 여부에 영향을 줄 수 있습니다.,Phí rủi ro có thể ảnh hưởng đến các điều kiện giao dịch hoặc khả năng sử dụng.,위험프리미엄,위험프리미엄,True,신용·리스크,자산운용·투자,1.0,1.0,1.0,0,,20,위험프리미엄
KO-FIN-02517,유가증권 현송이 무엇인지 설명해 주세요.,Vui lòng giải thích Chuyển nhượng chứng khoán là gì.,유가증권 현송,유가증권 현송,True,증권·예탁,,1.0,1.0,1.0,0,,0,
KO-FIN-02521,유가증권이 무엇인지 설명해 주세요.,Vui lòng giải thích Chứng khoán là gì.,유가증권,유가증권,True,증권·예탁,,1.0,1.0,1.0,0,,0,
KO-FIN-02526,유가증권신고서 처리 절차를 확인하고 싶습니다.,Tôi muốn tìm hiểu về quy trình xử lý Báo cáo niêm yết chứng khoán.,유가증권신고서,유가증권신고서,True,증권·예탁,,1.0,1.0,1.0,0,,40,유가증권신고서
KO-FIN-02530,유동성에서 이용할 수 있는 금융업무는 무엇인가요?,Các dịch vụ tài chính nào có sẵn tại Thanh khoản?,유동성,유동성,True,금융기관·은행,,1.0,1.0,1.0,0,,40,유동성
KO-FIN-02534,유동성위험이 금융거래에 어떤 영향을 주나요?,Rủi ro thanh khoản có ảnh hưởng như thế nào đến giao dịch tài chính này?,유동성위험,유동성위험,True,신용·리스크,,1.0,1.0,1.0,0,,0,
KO-FIN-02536,유동성위험은 거래 조건이나 이용 가능 여부에 영향을 줄 수 있습니다.,Rủi ro thanh khoản có thể ảnh hưởng đến các điều kiện giao dịch hoặc khả năng sử dụng.,유동성위험,유동성위험,True,신용·리스크,,1.0,1.0,1.0,0,,0,
KO-FIN-02540,유동화 중개기관은 심사 결과에 따라 이용 가능 여부가 달라질 수 있습니다.,Tính khả dụng của Tổ chức trung gian chứng khoán hóa có thể thay đổi tùy theo kết quả thẩm định.,유동화 중개기관,유동화 중개기관,True,대출,,1.0,1.0,1.0,0,,0,
KO-FIN-02542,유럽중앙예탁기관협의회 처리 절차를 확인하고 싶습니다.,Tôi muốn tìm hiểu về quy trình xử lý Hội đồng các tổ chức lưu ký trung ương châu Âu.,유럽중앙예탁기관협의회,유럽중앙예탁기관협의회,True,증권·예탁,,1.0,1.0,1.0,0,,0,
KO-FIN-02548,유럽중앙은행과 관련된 세부 업무는 해당 기관의 안내를 확인해 주세요.,Vui lòng tham khảo hướng dẫn của cơ quan có liên quan để biết chi tiết về công việc liên quan đến Ngân hàng Trung ương Châu Âu.,유럽중앙은행,유럽중앙은행,True,금융기관·은행,,1.0,1.0,1.0,0,,0,
KO-FIN-02552,유럽통화단위의 정확한 의미는 해당 금융거래의 맥락과 함께 확인해야 합니다.,Ý nghĩa chính xác của Đơn vị tiền tệ châu Âu cần được xác định dựa trên bối cảnh của giao dịch tài chính tương ứng.,유럽통화단위,유럽통화단위,True,기타 금융일반,,1.0,1.0,1.0,0,,0,
KO-FIN-02553,유럽통화제도에 대해 자세히 알려주세요.,Xin vui lòng cho biết thêm thông tin chi tiết về Hệ thống tiền tệ châu Âu.,유럽통화제도,유럽통화제도,True,해외송금·외환,,1.0,1.0,1.0,0,,0,
KO-FIN-02557,유럽형 옵션이 무엇인지 쉽게 설명해 주세요.,Xin vui lòng giải thích một cách dễ hiểu về Tùy chọn kiểu châu Âu là gì.,유럽형 옵션,유럽형 옵션,True,파생상품,,1.0,1.0,1.0,0,,0,
KO-FIN-02562,유로와 관련된 시장 정보를 확인하고 싶습니다.,Tôi muốn tra cứu thông tin thị trường liên quan đến Euro.,유로,유로,True,금융시장·거래,,1.0,1.0,1.0,0,,30,유로
KO-FIN-02567,유로달러에 대해 상담받고 싶습니다.,Tôi muốn được tư vấn về Eurodollar.,유로달러,유로달러,True,대출,금융시장·거래,1.0,1.0,1.0,0,,0,
KO-FIN-02569,유로머니에 대해 자세히 알려주세요.,Xin vui lòng cho biết thêm thông tin chi tiết về Euromoney.,유로머니,유로머니,True,해외송금·외환,,1.0,1.0,1.0,0,,0,
KO-FIN-02574,유로본드의 조건과 수익 구조를 확인하고 싶습니다.,Tôi muốn tìm hiểu về các điều kiện và cơ cấu lợi nhuận của Trái phiếu châu Âu.,유로본드,유로본드,True,채권,자산운용·투자,1.0,1.0,1.0,0,,40,유로본드
KO-FIN-02577,유로시장이 무엇을 의미하나요?,Thị trường Euro có nghĩa là gì?,유로시장,유로시장,True,금융시장·거래,국제금융,1.0,1.0,1.0,0,,0,
KO-FIN-02582,유로통화에 적용되는 금리는 어떻게 되나요?,Lãi suất áp dụng cho Đồng Euro là bao nhiêu?,유로통화,유로통화,True,예금상품,,1.0,1.0,1.0,0,,0,
KO-FIN-02586,유보율을 통해 어떤 정보를 확인할 수 있나요?,"Thông qua Tỷ lệ dự trữ, tôi có thể tra cứu những thông tin nào?",유보율,유보율,True,회계·재무,,1.0,1.0,1.0,0,,0,
KO-FIN-02588,유보율은 기준 시점과 작성 기준을 함께 확인해야 합니다.,"Đối với Tỷ lệ dự trữ, cần phải kiểm tra cả thời điểm tham chiếu và tiêu chí lập báo cáo.",유보율,유보율,True,회계·재무,,1.0,1.0,1.0,0,,0,
KO-FIN-02593,유지증거금이 무엇인지 쉽게 설명해 주세요.,Xin vui lòng giải thích một cách dễ hiểu về Khoản ký quỹ duy trì là gì.,유지증거금,유지증거금,True,파생상품,,1.0,1.0,1.0,0,,0,
KO-FIN-02597,유지청구권이 무엇인지 설명해 주세요.,Vui lòng giải thích Quyền yêu cầu duy trì là gì.,유지청구권,유지청구권,True,주식,법률·계약,1.0,1.0,1.0,0,,0,
KO-FIN-02605,유통시장이 무엇을 의미하나요?,Thị trường phân phối có nghĩa là gì?,유통시장,유통시장,True,금융시장·거래,증권·예탁 / 자산운용·투자,1.0,1.0,1.0,0,,0,
KO-FIN-02609,유통DR이 무엇인지 설명해 주세요.,Vui lòng giải thích DR trong lĩnh vực phân phối là gì.,유통DR,유통DR,True,주식,,1.0,1.0,1.0,0,,0,
KO-FIN-02613,의결권 대리인이 금융거래에서 무엇을 의미하나요?,Người đại diện bỏ phiếu có ý nghĩa gì trong giao dịch tài chính này?,의결권 대리인,의결권 대리인,True,법률·계약,주식,1.0,1.0,1.0,0,,0,
KO-FIN-02619,의결권 불통일행사와 관련해 투자 전에 확인해야 할 사항이 있나요?,Có điều gì cần kiểm tra trước khi đầu tư vào Việc thực hiện quyền biểu quyết không thống nhất không?,의결권 불통일행사,의결권 불통일행사,True,주식,,1.0,1.0,1.0,0,,40,의결권 불통일행사
KO-FIN-02621,의결권이 무엇인지 설명해 주세요.,Vui lòng giải thích Quyền biểu quyết là gì.,의결권,의결권,True,주식,,1.0,1.0,1.0,0,,20,의결권
KO-FIN-02635,의결권신탁에 가입하기 전에 어떤 점을 확인해야 하나요?,"Trước khi đăng ký Ủy thác quyền biểu quyết, tôi cần kiểm tra những điều gì?",의결권신탁,의결권신탁,True,펀드·신탁,주식,1.0,1.0,1.0,0,,20,의결권신탁
KO-FIN-02641,의결권행사의 제한이 무엇인지 설명해 주세요.,Vui lòng giải thích Hạn chế việc thực hiện quyền biểu quyết là gì.,의결권행사의 제한,의결권행사의 제한,True,주식,,1.0,1.0,1.0,0,,20,의결권행사의 제한
KO-FIN-02645,의제배당이 무엇인지 설명해 주세요.,Vui lòng giải thích Phân phối cổ tức theo chương trình là gì.,의제배당,의제배당,True,주식,,1.0,1.0,1.0,0,,40,의제배당
KO-FIN-02653,이머징 마켓이 무엇인지 설명해 주세요.,Vui lòng giải thích Thị trường mới nổi là gì.,이머징 마켓,이머징 마켓,True,주식,,1.0,1.0,1.0,0,,40,이머징 마켓
KO-FIN-02657,이익배당이 무엇인지 설명해 주세요.,Vui lòng giải thích Chia cổ tức là gì.,이익배당,이익배당,True,주식,,1.0,1.0,1.0,0,,0,
KO-FIN-02661,이익잉여금이 무엇을 의미하나요?,Lợi nhuận chưa phân phối có nghĩa là gì?,이익잉여금,이익잉여금,True,금융시장·거래,,1.0,1.0,1.0,0,,40,이익잉여금
KO-FIN-02667,이익잉여금처분계산서와 관련해 투자 전에 확인해야 할 사항이 있나요?,Có điều gì cần kiểm tra trước khi đầu tư liên quan đến Bảng tính phân phối lợi nhuận không?,이익잉여금처분계산서,이익잉여금처분계산서,True,주식,,1.0,1.0,1.0,0,,20,이익잉여금처분계산서
KO-FIN-02670,이익준비금을 통해 어떤 정보를 확인할 수 있나요?,"Thông qua Quỹ dự phòng lợi nhuận, tôi có thể tra cứu những thông tin nào?",이익준비금,이익준비금,True,회계·재무,,1.0,1.0,1.0,0,,20,이익준비금
KO-FIN-02672,이익준비금은 기준 시점과 작성 기준을 함께 확인해야 합니다.,"Đối với Quỹ dự phòng lợi nhuận, cần phải xác minh cả thời điểm tham chiếu và tiêu chí lập báo cáo.",이익준비금,이익준비금,True,회계·재무,,1.0,1.0,1.0,0,,20,이익준비금
KO-FIN-02674,이익참가부사채의 조건과 수익 구조를 확인하고 싶습니다.,Tôi muốn tìm hiểu về các điều kiện và cơ cấu lợi nhuận của Trái phiếu có chia lợi nhuận.,이익참가부사채,이익참가부사채,True,채권,주식,1.0,1.0,1.0,0,,40,이익참가부사채
KO-FIN-02678,이자 계산일수의 조건과 수익 구조를 확인하고 싶습니다.,Tôi muốn tìm hiểu về các điều kiện và cơ cấu lợi nhuận của Số ngày tính lãi.,이자 계산일수,이자 계산일수,True,채권,,1.0,1.0,1.0,0,,20,이자 계산일수
KO-FIN-02681,이자락이 무엇을 의미하나요?,Tia sáng có nghĩa là gì?,이자락,이자락,True,금융시장·거래,자산운용·투자,1.0,1.0,1.0,0,,40,이자락
KO-FIN-02685,이자소득이 무엇인지 설명해 주세요.,Vui lòng giải thích Thu nhập từ lãi suất là gì.,이자소득,이자소득,True,채권,펀드·신탁,1.0,1.0,1.0,0,,20,이자소득
KO-FIN-02690,이자율위험이 금융거래에 어떤 영향을 주나요?,Rủi ro lãi suất có ảnh hưởng như thế nào đến giao dịch tài chính này?,이자율위험,이자율위험,True,신용·리스크,,1.0,1.0,1.0,0,,40,이자율위험
KO-FIN-02692,이자율위험은 거래 조건이나 이용 가능 여부에 영향을 줄 수 있습니다.,Rủi ro lãi suất có thể ảnh hưởng đến các điều kiện giao dịch hoặc tính khả dụng.,이자율위험,이자율위험,True,신용·리스크,,1.0,1.0,1.0,0,,40,이자율위험
KO-FIN-02694,이중과세의 적용 기준을 알려주세요.,Xin vui lòng cho biết các tiêu chí áp dụng của Đánh thuế hai lần.,이중과세,이중과세,True,세금,주식,1.0,1.0,1.0,0,,40,이중과세
KO-FIN-02696,이중과세의 적용 여부는 거래 유형과 세법에 따라 달라질 수 있습니다.,Việc áp dụng Đánh thuế hai lần có thể khác nhau tùy theo loại giao dịch và luật thuế.,이중과세,이중과세,True,세금,주식,1.0,1.0,1.0,0,,40,이중과세
KO-FIN-02697,이중청약이 무엇인지 설명해 주세요.,Vui lòng giải thích Đăng ký mua kép là gì.,이중청약,이중청약,True,증권·예탁,주식,1.0,1.0,1.0,0,,20,이중청약
KO-FIN-02707,이행보증기관을 줄이려면 어떤 점을 확인해야 하나요?,"Để giảm Tổ chức bảo lãnh thực hiện, cần lưu ý những điểm nào?",이행보증기관,이행보증기관,True,신용·리스크,증권·예탁 / 대출,1.0,1.0,1.0,0,,40,이행보증기관
KO-FIN-02708,이행보증기관은 거래 조건이나 이용 가능 여부에 영향을 줄 수 있습니다.,Tổ chức bảo lãnh thực hiện có thể ảnh hưởng đến các điều kiện giao dịch hoặc khả năng sử dụng.,이행보증기관,이행보증기관,True,신용·리스크,증권·예탁 / 대출,1.0,1.0,1.0,0,,40,이행보증기관
KO-FIN-02711,익일자금결제 과정에서 문제가 발생한 것 같습니다.,Có vẻ như đã xảy ra sự cố trong quá trình Thanh toán vốn vào ngày hôm sau.,익일자금결제,익일자금결제,True,지급결제·청산,이체 / 금융기관·은행,1.0,1.0,1.0,0,,40,익일자금결제
KO-FIN-02715,최근 인덱세이션의 변화를 확인하고 싶습니다.,Tôi muốn xem những thay đổi gần đây của Chỉ mục hóa.,인덱세이션,인덱세이션,True,경제·거시금융,,1.0,1.0,1.0,0,,20,인덱세이션
KO-FIN-02716,인덱세이션은 다른 경제지표와 함께 해석하는 것이 좋습니다.,Nên phân tích Chỉ mục hóa cùng với các chỉ số kinh tế khác.,인덱세이션,인덱세이션,True,경제·거시금융,,1.0,1.0,1.0,0,,20,인덱세이션
KO-FIN-02719,인덱스펀드에 가입하기 전에 어떤 점을 확인해야 하나요?,"Trước khi đăng ký Quỹ chỉ số, tôi cần kiểm tra những điều gì?",인덱스펀드,인덱스펀드,True,펀드·신탁,자산운용·투자 / 금융공학·분석,1.0,1.0,1.0,0,,40,인덱스펀드
KO-FIN-02722,인덴추어의 조건과 수익 구조를 확인하고 싶습니다.,Tôi muốn tìm hiểu về các điều kiện và cơ cấu lợi nhuận của Indenture.,인덴추어,인덴추어,True,채권,,1.0,1.0,1.0,0,,40,인덴추어
KO-FIN-02725,인도형 repo이 무엇을 의미하나요?,Hợp đồng repo kiểu Ấn Độ có nghĩa là gì?,인도형 repo,인도형 repo,True,금융시장·거래,,1.0,1.0,1.0,0,,0,
KO-FIN-02734,인수단을 이용하려면 어떤 조건이 필요한가요?,"Để sử dụng Đoàn tiếp nhận, cần phải đáp ứng những điều kiện nào?",인수단,인수단,True,기업금융·자본조달,,1.0,1.0,1.0,0,,20,인수단
KO-FIN-02735,인수단과 관련된 비용과 절차를 확인하고 싶습니다.,Tôi muốn tìm hiểu về các chi phí và thủ tục liên quan đến Đoàn tiếp nhận.,인수단,인수단,True,기업금융·자본조달,,1.0,1.0,1.0,0,,20,인수단
KO-FIN-02740,인터넷 인수업자의 세부 조건과 절차는 거래 유형에 따라 달라질 수 있습니다.,Các điều kiện và thủ tục chi tiết của Nhà cung cấp dịch vụ Internet có thể thay đổi tùy theo loại giao dịch.,인터넷 인수업자,인터넷 인수업자,True,기업금융·자본조달,자산운용·투자,1.0,1.0,1.0,0,,0,
KO-FIN-02744,인터페이스의 정확한 의미는 해당 금융거래의 맥락과 함께 확인해야 합니다.,Ý nghĩa chính xác của Giao diện cần được xác định dựa trên bối cảnh của giao dịch tài chính đó.,인터페이스,인터페이스,True,기타 금융일반,,1.0,1.0,1.0,0,,0,
KO-FIN-02745,인트라넷이 무엇을 의미하나요?,Intranet có nghĩa là gì?,인트라넷,인트라넷,True,금융시장·거래,,1.0,1.0,1.0,0,,0,
KO-FIN-02749,일괄등록이 무엇인지 설명해 주세요.,Vui lòng giải thích Đăng ký hàng loạt là gì.,일괄등록,일괄등록,True,증권·예탁,채권,1.0,1.0,1.0,0,,20,일괄등록
KO-FIN-02753,일괄예탁이 무엇인지 설명해 주세요.,Vui lòng giải thích Gửi ký quỹ hàng loạt là gì.,일괄예탁,일괄예탁,True,증권·예탁,,1.0,1.0,1.0,0,,40,일괄예탁
KO-FIN-02757,일괄처리방식이 무엇인지 설명해 주세요.,Vui lòng giải thích Phương thức xử lý hàng loạt là gì.,일괄처리방식,일괄처리방식,True,지급결제·청산,,1.0,1.0,1.0,0,,20,일괄처리방식
KO-FIN-02764,일반균형이론은 심사 결과에 따라 이용 가능 여부가 달라질 수 있습니다.,Tính khả dụng của Lý thuyết cân bằng tổng quát có thể thay đổi tùy theo kết quả thẩm định.,일반균형이론,일반균형이론,True,대출,,1.0,1.0,1.0,0,,0,
KO-FIN-02765,일반담보물이 무엇인지 설명해 주세요.,Vui lòng giải thích Tài sản thế chấp thông thường là gì.,일반담보물,일반담보물,True,증권·예탁,,1.0,1.0,1.0,0,,40,일반담보물
KO-FIN-02773,일방매매확인이 무엇을 의미하나요?,Xác nhận giao dịch đơn phương có nghĩa là gì?,일방매매확인,일방매매확인,True,금융시장·거래,증권·예탁,1.0,1.0,1.0,0,,0,
KO-FIN-02777,일방연계방식이 무엇인지 설명해 주세요.,Vui lòng giải thích Phương thức liên kết một chiều là gì.,일방연계방식,일방연계방식,True,증권·예탁,,1.0,1.0,1.0,0,,0,
KO-FIN-02782,일본증권결제회사 처리 절차를 확인하고 싶습니다.,Tôi muốn tìm hiểu về quy trình xử lý Công ty Thanh toán Chứng khoán Nhật Bản.,일본증권결제회사,일본증권결제회사,True,증권·예탁,지급결제·청산 / 금융시장·거래 / 주식,1.0,1.0,1.0,0,,0,
KO-FIN-02786,일본증권보관대체기구 처리 절차를 확인하고 싶습니다.,Tôi muốn tìm hiểu về quy trình xử lý Tổ chức lưu ký chứng khoán thay thế của Nhật Bản.,일본증권보관대체기구,일본증권보관대체기구,True,증권·예탁,,1.0,1.0,1.0,0,,0,
KO-FIN-02789,일일정산이 무엇인지 쉽게 설명해 주세요.,Xin vui lòng giải thích một cách dễ hiểu về Thanh toán hàng ngày là gì.,일일정산,일일정산,True,파생상품,,1.0,1.0,1.0,0,,40,일일정산
KO-FIN-02793,일일차감이 무엇인지 설명해 주세요.,Vui lòng giải thích Khấu trừ hàng ngày là gì.,일일차감,일일차감,True,지급결제·청산,,1.0,1.0,1.0,0,,20,일일차감
KO-FIN-02798,일임매매와 관련된 시장 정보를 확인하고 싶습니다.,Tôi muốn tra cứu thông tin thị trường liên quan đến Giao dịch ủy thác.,일임매매,일임매매,True,금융시장·거래,증권·예탁,1.0,1.0,1.0,0,,40,일임매매
KO-FIN-02801,일중대월이 무엇인지 설명해 주세요.,"Vui lòng giải thích Một ngày, một đêm, một tháng là gì.",일중대월,일중대월,True,지급결제·청산,,1.0,1.0,1.0,0,,40,일중대월
KO-FIN-02807,임시주주총회와 관련해 투자 전에 확인해야 할 사항이 있나요?,Có điều gì cần kiểm tra trước khi đầu tư liên quan đến Đại hội cổ đông bất thường không?,임시주주총회,임시주주총회,True,주식,,1.0,1.0,1.0,0,,0,
KO-FIN-02809,임의준비금이 무엇인지 설명해 주세요.,Vui lòng giải thích Quỹ dự phòng tự nguyện là gì.,임의준비금,임의준비금,True,주식,,1.0,1.0,1.0,0,,40,임의준비금
KO-FIN-02816,임치의 적용 여부는 계약 내용과 관련 법령을 확인해야 합니다.,"Để xác định liệu Lâm Chi có được áp dụng hay không, cần phải kiểm tra nội dung của Hợp đồng và các văn bản pháp luật liên quan.",임치;계약,임치,True,법률·계약,,1.0,1.0,1.0,0,,30,임치;계약
KO-FIN-02817,임퓨테이션이 무엇인지 설명해 주세요.,Vui lòng giải thích Suy luận là gì.,임퓨테이션,임퓨테이션,True,주식,세금,1.0,1.0,1.0,0,,40,임퓨테이션
KO-FIN-02821,잉여금이 무엇인지 설명해 주세요.,Vui lòng giải thích Khoản thặng dư là gì.,잉여금,잉여금,True,주식,,1.0,1.0,1.0,0,,40,잉여금
KO-FIN-02826,자기매매와 관련된 시장 정보를 확인하고 싶습니다.,Tôi muốn xem thông tin thị trường liên quan đến Giao dịch nội bộ.,자기매매,자기매매,True,금융시장·거래,증권·예탁,1.0,1.0,1.0,0,,40,자기매매
KO-FIN-02830,자동계좌이체를 이용하려면 어떻게 해야 하나요?,Làm thế nào để sử dụng Chuyển khoản tự động?,자동계좌이체,자동계좌이체,True,이체,계좌,1.0,1.0,1.0,0,,20,자동계좌이체
KO-FIN-02833,자동교환결제제도가 무엇인지 설명해 주세요.,Xin vui lòng giải thích Hệ thống thanh toán tự động là gì.,자동교환결제제도,자동교환결제제도,True,지급결제·청산,이체 / 금융기관·은행,1.0,1.0,1.0,0,,20,자동교환결제제도
KO-FIN-02838,자동명의개서제도 처리 절차를 확인하고 싶습니다.,Tôi muốn tìm hiểu về quy trình xử lý Hệ thống chuyển nhượng quyền sở hữu tự động.,자동명의개서제도,자동명의개서제도,True,증권·예탁,,1.0,1.0,1.0,0,,40,자동명의개서제도
KO-FIN-02841,자동호가전달시스템이 무엇을 의미하나요?,Hệ thống chuyển giao số hiệu tự động có nghĩa là gì?,자동호가전달시스템,자동호가전달시스템,True,금융시장·거래,,1.0,1.0,1.0,0,,0,
KO-FIN-02846,자본금을 통해 어떤 정보를 확인할 수 있나요?,"Thông qua Vốn điều lệ, tôi có thể tra cứu những thông tin nào?",자본금,자본금,True,회계·재무,주식,1.0,1.0,1.0,0,,0,
KO-FIN-02848,자본금은 기준 시점과 작성 기준을 함께 확인해야 합니다.,"Đối với Vốn điều lệ, cần phải kiểm tra cả thời điểm tham chiếu và tiêu chí lập báo cáo.",자본금,자본금,True,회계·재무,주식,1.0,1.0,1.0,0,,0,
KO-FIN-02849,자본시장이 무엇을 의미하나요?,Thị trường vốn có nghĩa là gì?,자본시장,자본시장,True,금융시장·거래,,1.0,1.0,1.0,0,,0,
KO-FIN-02855,자본시장선과 관련된 투자 정보를 확인하고 싶습니다.,Tôi muốn xem thông tin đầu tư liên quan đến Thị trường vốn.,자본시장선,자본시장선,True,자산운용·투자,금융시장·거래,1.0,1.0,1.0,0,,0,
KO-FIN-02857,자본이득이 무엇을 의미하나요?,Lợi nhuận từ vốn có nghĩa là gì?,자본이득,자본이득,True,금융시장·거래,,1.0,1.0,1.0,0,,20,자본이득
KO-FIN-02862,자본이익계획을 통해 어떤 정보를 확인할 수 있나요?,"Thông qua Kế hoạch lợi nhuận vốn, tôi có thể tra cứu những thông tin nào?",자본이익계획,자본이익계획,True,회계·재무,,1.0,1.0,1.0,0,,0,
KO-FIN-02864,자본이익계획은 기준 시점과 작성 기준을 함께 확인해야 합니다.,"Đối với Kế hoạch lợi nhuận vốn, cần phải kiểm tra cả thời điểm tham chiếu và tiêu chí lập báo cáo.",자본이익계획,자본이익계획,True,회계·재무,,1.0,1.0,1.0,0,,0,
KO-FIN-02865,자본잉여금이 무엇인지 설명해 주세요.,Vui lòng giải thích Thặng dư vốn là gì.,자본잉여금,자본잉여금,True,주식,,1.0,1.0,1.0,0,,0,
KO-FIN-02870,자본자산가격결정모형은 금융상품을 분석할 때 어떻게 사용되나요?,Mô hình xác định giá tài sản vốn được sử dụng như thế nào trong việc phân tích các sản phẩm tài chính?,자본자산가격결정모형,자본자산가격결정모형,True,금융공학·분석,금융시장·거래 / 자산운용·투자,1.0,1.0,1.0,0,,0,
KO-FIN-02872,자본자산가격결정모형의 결과는 사용한 가정과 시장 데이터에 따라 달라질 수 있습니다.,Kết quả của Mô hình xác định giá tài sản vốn có thể thay đổi tùy thuộc vào các giả định và dữ liệu thị trường được sử dụng.,자본자산가격결정모형,자본자산가격결정모형,True,금융공학·분석,금융시장·거래 / 자산운용·투자,1.0,1.0,1.0,0,,0,
KO-FIN-02873,자본준비금이 무엇인지 설명해 주세요.,Vui lòng giải thích Quỹ dự trữ vốn là gì.,자본준비금,자본준비금,True,주식,금융법규·감독,1.0,1.0,1.0,0,,0,
KO-FIN-02877,자사주 취득이 무엇인지 설명해 주세요.,Vui lòng giải thích Mua lại cổ phiếu quỹ là gì.,자사주 취득,자사주 취득,True,주식,금융시장·거래,1.0,1.0,1.0,0,,40,자사주 취득
KO-FIN-02881,자산담보부증권이 무엇인지 설명해 주세요.,Vui lòng giải thích Chứng khoán được bảo đảm bằng tài sản là gì.,자산담보부증권,자산담보부증권,True,증권·예탁,대출 / 부동산금융,1.0,1.0,1.0,0,,0,
KO-FIN-02887,자산운용회사와 관련된 투자 정보를 확인하고 싶습니다.,Tôi muốn xem thông tin đầu tư liên quan đến Công ty quản lý tài sản.,자산운용회사,자산운용회사,True,자산운용·투자,,1.0,1.0,1.0,0,,0,
KO-FIN-02891,자산의 유동화와 관련된 투자 정보를 확인하고 싶습니다.,Tôi muốn xem thông tin đầu tư liên quan đến Chuyển đổi tài sản thành tài sản lưu động.,자산의 유동화,자산의 유동화,True,자산운용·투자,,1.0,1.0,1.0,0,,20,자산의 유동화
KO-FIN-02896,자산재평가는 기준 시점과 작성 기준을 함께 확인해야 합니다.,"Đối với Đánh giá lại tài sản, cần phải xác minh cả thời điểm tham chiếu và tiêu chí lập báo cáo.",자산재평가,자산재평가,True,회계·재무,,1.0,1.0,1.0,0,,0,
KO-FIN-02899,자산주와 관련된 투자 정보를 확인하고 싶습니다.,Tôi muốn xem thông tin đầu tư liên quan đến Cổ phiếu tài sản.,자산주,자산주,True,자산운용·투자,,1.0,1.0,1.0,0,,0,
KO-FIN-02901,자율규제기관이 무엇을 의미하나요?,Cơ quan tự quản có nghĩa là gì?,자율규제기관,자율규제기관,True,금융시장·거래,지급결제·청산,1.0,1.0,1.0,0,,0,
KO-FIN-02906,자전거래와 관련된 시장 정보를 확인하고 싶습니다.,Tôi muốn xem thông tin thị trường liên quan đến Giao dịch tự doanh.,자전거래,자전거래,True,금융시장·거래,,1.0,1.0,1.0,0,,40,자전거래
KO-FIN-02910,잔액인수는 어디에서 확인할 수 있나요?,Tôi có thể tra cứu Chuyển nhượng số dư ở đâu?,잔액인수,잔액인수,True,계좌,기업금융·자본조달 / 증권·예탁,1.0,1.0,1.0,0,,20,잔액인수
KO-FIN-02915,잔존가액과 관련된 내용을 확인하고 싶습니다.,Tôi muốn xem thông tin liên quan đến Giá trị còn lại.,잔존가액,잔존가액,True,기타 금융일반,,1.0,1.0,1.0,0,,40,잔존가액
KO-FIN-02916,잔존가액의 정확한 의미는 해당 금융거래의 맥락과 함께 확인해야 합니다.,Ý nghĩa chính xác của Giá trị còn lại cần được xác định dựa trên bối cảnh của giao dịch tài chính đó.,잔존가액,잔존가액,True,기타 금융일반,,1.0,1.0,1.0,0,,40,잔존가액
KO-FIN-02919,잠정이체 과정에서 문제가 발생한 것 같습니다.,Có vẻ như đã xảy ra sự cố trong quá trình Chuyển khoản tạm thời.,잠정이체,잠정이체,True,지급결제·청산,,1.0,1.0,1.0,0,,40,잠정이체
KO-FIN-02922,장기채의 조건과 수익 구조를 확인하고 싶습니다.,Tôi muốn tìm hiểu về các điều kiện và cơ cấu lợi nhuận của Trái phiếu dài hạn.,장기채,장기채,True,채권,,1.0,1.0,1.0,0,,0,
KO-FIN-02927,장내결제 과정에서 문제가 발생한 것 같습니다.,Có vẻ như đã xảy ra sự cố trong quá trình Thanh toán trực tiếp tại cửa hàng.,장내결제,장내결제,True,지급결제·청산,금융시장·거래 / 증권·예탁,1.0,1.0,1.0,0,,40,장내결제
KO-FIN-02930,장외거래와 관련된 시장 정보를 확인하고 싶습니다.,Tôi muốn xem thông tin thị trường liên quan đến Giao dịch ngoài sàn.,장외거래,장외거래,True,금융시장·거래,,1.0,1.0,1.0,0,,20,장외거래
KO-FIN-02934,장외결제와 관련된 시장 정보를 확인하고 싶습니다.,Tôi muốn xem thông tin thị trường liên quan đến Thanh toán ngoài sàn.,장외결제,장외결제,True,금융시장·거래,지급결제·청산 / 증권·예탁,1.0,1.0,1.0,0,,20,장외결제
KO-FIN-02937,장외시장이 무엇을 의미하나요?,Thị trường phi tập trung có nghĩa là gì?,장외시장,장외시장,True,금융시장·거래,,1.0,1.0,1.0,0,,20,장외시장
KO-FIN-02942,재담보 처리 절차를 확인하고 싶습니다.,Tôi muốn tìm hiểu về quy trình xử lý Tài sản thế chấp bổ sung.,재담보,재담보,True,증권·예탁,,1.0,1.0,1.0,0,,40,재담보
KO-FIN-02945,재발행이 무엇인지 설명해 주세요.,Vui lòng giải thích Tái bản là gì.,재발행,재발행,True,증권·예탁,,1.0,1.0,1.0,0,,20,재발행
KO-FIN-02949,재정가격결정이론이 무엇을 의미하나요?,Lý thuyết xác định giá tài chính có nghĩa là gì?,재정가격결정이론,재정가격결정이론,True,금융시장·거래,자산운용·투자 / 대출,1.0,1.0,1.0,0,,0,
KO-FIN-02954,재투자수익률을 고려할 때 어떤 위험을 확인해야 하나요?,"Khi xem xét Tỷ suất sinh lời từ tái đầu tư, cần xác định những rủi ro nào?",재투자수익률,재투자수익률,True,자산운용·투자,주식,1.0,1.0,1.0,0,,20,재투자수익률
KO-FIN-02963,재투자위험과 관련된 투자 정보를 확인하고 싶습니다.,Tôi muốn xem thông tin đầu tư liên quan đến Rủi ro tái đầu tư.,재투자위험,재투자위험,True,자산운용·투자,신용·리스크 / 대출,1.0,1.0,1.0,0,,0,
KO-FIN-02966,저당권과 관련된 금리와 비용을 확인하고 싶습니다.,Tôi muốn kiểm tra lãi suất và các khoản phí liên quan đến Quyền thế chấp.,저당권,저당권,True,부동산금융,채권,1.0,1.0,1.0,0,,20,저당권
KO-FIN-02967,저당권을 이용할 때 필요한 서류는 무엇인가요?,Các giấy tờ cần thiết khi sử dụng Quyền thế chấp là gì?,저당권,저당권,True,부동산금융,채권,1.0,1.0,1.0,0,,20,저당권
KO-FIN-02969,저당대출담보부채권이 무엇인지 설명해 주세요.,Vui lòng giải thích Trái phiếu có tài sản thế chấp là khoản vay thế chấp là gì.,저당대출담보부채권,저당대출담보부채권,True,채권,대출 / 부동산금융,1.0,1.0,1.0,0,,40,저당대출담보부채권
KO-FIN-02974,저당대출원리금이체채권을 이용하려면 어떻게 해야 하나요?,Làm thế nào để sử dụng Khoản nợ từ khoản vay thế chấp (gốc và lãi)?,저당대출원리금이체채권,저당대출원리금이체채권,True,이체,대출 / 채권 / 부동산금융 / 자산운용·투자,1.0,1.0,1.0,0,,40,저당대출원리금이체채권
KO-FIN-02976,저당대출원리금이체채권을 진행하기 전에 입력한 정보를 다시 확인해 주세요.,"Trước khi thực hiện Khoản nợ từ khoản vay thế chấp (gốc và lãi), vui lòng kiểm tra lại thông tin đã nhập.",저당대출원리금이체채권,저당대출원리금이체채권,True,이체,대출 / 채권 / 부동산금융 / 자산운용·투자,1.0,1.0,1.0,0,,40,저당대출원리금이체채권
KO-FIN-02977,적격증권이 무엇인지 설명해 주세요.,Vui lòng giải thích Chứng khoán đủ điều kiện là gì.,적격증권,적격증권,True,증권·예탁,,1.0,1.0,1.0,0,,0,
KO-FIN-02983,전량결제 과정에서 문제가 발생한 것 같습니다.,Có vẻ như đã xảy ra sự cố trong quá trình Thanh toán toàn bộ.,전량결제,전량결제,True,지급결제·청산,금융시장·거래,1.0,1.0,1.0,0,,40,전량결제
KO-FIN-02986,전미증권업협회 처리 절차를 확인하고 싶습니다.,Tôi muốn kiểm tra quy trình xử lý Hiệp hội Chứng khoán Toàn quốc Hoa Kỳ.,전미증권업협회,전미증권업협회,True,증권·예탁,금융시장·거래,1.0,1.0,1.0,0,,0,
KO-FIN-02990,전업주의 처리 절차를 확인하고 싶습니다.,Tôi muốn tìm hiểu về quy trình xử lý Chủ nghĩa chuyên nghiệp.,전업주의,전업주의,True,증권·예탁,금융기관·은행 / 대출,1.0,1.0,1.0,0,,0,
KO-FIN-02995,전자공시제도 때문에 추가로 확인해야 할 사항이 있나요?,Có vấn đề nào cần kiểm tra thêm do Hệ thống công bố thông tin điện tử không?,전자공시제도,전자공시제도,True,금융법규·감독,,1.0,1.0,1.0,0,,20,전자공시제도
KO-FIN-02996,전자공시제도의 적용 범위는 관련 법령과 규정에 따라 달라질 수 있습니다.,Phạm vi áp dụng của Hệ thống công bố thông tin điện tử có thể thay đổi tùy theo các văn bản pháp luật và quy định có liên quan.,전자공시제도,전자공시제도,True,금융법규·감독,,1.0,1.0,1.0,0,,20,전자공시제도
KO-FIN-02997,전자매매확인이 무엇을 의미하나요?,Xác nhận giao dịch điện tử có nghĩa là gì?,전자매매확인,전자매매확인,True,금융시장·거래,,1.0,1.0,1.0,0,,0,
KO-FIN-03002,전자자금이체제도를 이용하려면 어떻게 해야 하나요?,Làm thế nào để sử dụng Hệ thống chuyển tiền điện tử?,전자자금이체제도,전자자금이체제도,True,이체,지급결제·청산,1.0,1.0,1.0,0,,40,전자자금이체제도
KO-FIN-03005,전자증권이 무엇인지 설명해 주세요.,Vui lòng giải thích Chứng khoán điện tử là gì.,전자증권,전자증권,True,증권·예탁,,1.0,1.0,1.0,0,,0,
KO-FIN-03010,전환사채의 조건과 수익 구조를 확인하고 싶습니다.,Tôi muốn tìm hiểu về các điều kiện và cơ cấu lợi nhuận của Trái phiếu chuyển đổi.,전환사채,전환사채,True,채권,,1.0,1.0,1.0,0,,40,전환사채
KO-FIN-03014,전환신주이자와 관련된 정보를 확인하고 싶습니다.,Tôi muốn tra cứu thông tin liên quan đến Cổ phiếu chuyển đổi và.,전환신주이자,전환신주이자,True,주식,채권,1.0,1.0,1.0,0,,20,전환신주이자
KO-FIN-03017,전환주식이 무엇인지 설명해 주세요.,Vui lòng giải thích Cổ phiếu chuyển đổi là gì.,전환주식,전환주식,True,주식,,1.0,1.0,1.0,0,,0,
KO-FIN-03021,전환청구권이 무엇인지 설명해 주세요.,Vui lòng giải thích Quyền yêu cầu chuyển đổi là gì.,전환청구권,전환청구권,True,증권·예탁,,1.0,1.0,1.0,0,,20,전환청구권
KO-FIN-03026,점두매매와 관련된 시장 정보를 확인하고 싶습니다.,Tôi muốn xem thông tin thị trường liên quan đến Bán lẻ tại quầy.,점두매매,점두매매,True,금융시장·거래,,1.0,1.0,1.0,0,,40,점두매매
KO-FIN-03032,점유의 적용 여부는 계약 내용과 관련 법령을 확인해야 합니다.,"Để xác định liệu Chiếm hữu có được áp dụng hay không, cần phải kiểm tra nội dung của Hợp đồng và các văn bản pháp luật liên quan.",점유;계약,점유,True,법률·계약,주식,1.0,1.0,1.0,0,,30,점유;계약
KO-FIN-03033,점유개정형 repo이 무엇인지 설명해 주세요.,Vui lòng giải thích Repo kiểu sửa đổi quyền sở hữu là gì.,점유개정형 repo,점유개정형 repo,True,증권·예탁,금융시장·거래,1.0,1.0,1.0,0,,0,
KO-FIN-03037,정시상환이 무엇인지 설명해 주세요.,Vui lòng giải thích Trả nợ đúng hạn là gì.,정시상환,정시상환,True,채권,,1.0,1.0,1.0,0,,40,정시상환
KO-FIN-03042,정크본드의 조건과 수익 구조를 확인하고 싶습니다.,Tôi muốn tìm hiểu về các điều kiện và cơ cấu lợi nhuận của Trái phiếu rủi ro cao.,정크본드,정크본드,True,채권,,1.0,1.0,1.0,0,,40,정크본드
KO-FIN-03045,제3시장이 무엇을 의미하나요?,Thị trường thứ ba có nghĩa là gì?,제3시장,제3시장,True,금융시장·거래,,1.0,1.0,1.0,0,,0,
KO-FIN-03049,제4시장이 무엇을 의미하나요?,Chợ số 4 có nghĩa là gì?,제4시장,제4시장,True,금융시장·거래,,1.0,1.0,1.0,0,,0,
KO-FIN-03053,제권판결이 금융거래에서 무엇을 의미하나요?,Phán quyết về quyền sở hữu có ý nghĩa gì trong giao dịch tài chính này?,제권판결,제권판결,True,법률·계약,증권·예탁,1.0,1.0,1.0,0,,20,제권판결
KO-FIN-03060,제로베타 포트폴리오의 결과는 사용한 가정과 시장 데이터에 따라 달라질 수 있습니다.,Kết quả của Danh mục đầu tư ZeroBeta có thể thay đổi tùy thuộc vào các giả định và dữ liệu thị trường được sử dụng.,제로베타 포트폴리오,제로베타 포트폴리오,True,금융공학·분석,자산운용·투자,1.0,1.0,1.0,0,,0,
KO-FIN-03062,제로쿠폰채의 조건과 수익 구조를 확인하고 싶습니다.,Tôi muốn tìm hiểu về các điều kiện và cơ cấu lợi nhuận của Trái phiếu không lãi suất.,제로쿠폰채,제로쿠폰채,True,채권,,1.0,1.0,1.0,0,,40,제로쿠폰채
KO-FIN-03066,조건부보관계좌는 어디에서 확인할 수 있나요?,Tôi có thể tra cứu Tài khoản tiết kiệm có điều kiện ở đâu?,조건부보관계좌,조건부보관계좌,True,계좌,대출,1.0,1.0,1.0,0,,0,
KO-FIN-03070,종업원지주제도와 관련된 정보를 확인하고 싶습니다.,Tôi muốn tra cứu thông tin liên quan đến Chế độ sở hữu cổ phần của người lao động.,종업원지주제도,종업원지주제도,True,주식,,1.0,1.0,1.0,0,,40,종업원지주제도
KO-FIN-03075,종합주가지수와 관련해 투자 전에 확인해야 할 사항이 있나요?,Có điều gì cần kiểm tra trước khi đầu tư liên quan đến Chỉ số chứng khoán tổng hợp không?,종합주가지수,종합주가지수,True,주식,금융시장·거래,1.0,1.0,1.0,0,,0,
KO-FIN-03077,주가수익비율이 무엇인지 설명해 주세요.,Vui lòng giải thích Tỷ lệ giá trên thu nhập là gì.,주가수익비율,주가수익비율,True,주식,,1.0,1.0,1.0,0,,20,주가수익비율
KO-FIN-03081,주가이동평균선이 무엇인지 설명해 주세요.,Vui lòng giải thích Đường trung bình động giá cổ phiếu là gì.,주가이동평균선,주가이동평균선,True,주식,,1.0,1.0,1.0,0,,0,
KO-FIN-03087,주가지수와 관련해 투자 전에 확인해야 할 사항이 있나요?,Có điều gì cần kiểm tra trước khi đầu tư liên quan đến Chỉ số chứng khoán không?,주가지수,주가지수,True,주식,,1.0,1.0,1.0,0,,0,
KO-FIN-03090,주가지수선물거래와 관련된 시장 정보를 확인하고 싶습니다.,Tôi muốn xem thông tin thị trường liên quan đến Giao dịch hợp đồng tương lai chỉ số chứng khoán.,주가지수선물거래,주가지수선물거래,True,금융시장·거래,주식 / 파생상품,1.0,1.0,1.0,0,,0,
KO-FIN-03093,주가평균이 무엇인지 설명해 주세요.,Vui lòng giải thích Chỉ số giá cổ phiếu trung bình là gì.,주가평균,주가평균,True,주식,,1.0,1.0,1.0,0,,40,주가평균
KO-FIN-03100,주간사회사의 세부 조건과 절차는 거래 유형에 따라 달라질 수 있습니다.,Các điều kiện và thủ tục chi tiết của Lịch sử xã hội hàng tuần có thể thay đổi tùy theo loại giao dịch.,주간사회사,주간사회사,True,기업금융·자본조달,증권·예탁,1.0,1.0,1.0,0,,0,
KO-FIN-03101,주권이 무엇인지 설명해 주세요.,Vui lòng giải thích Chủ quyền là gì.,주권,주권,True,주식,,1.0,1.0,1.0,0,,30,주권
KO-FIN-03106,주권계속예탁제도 처리 절차를 확인하고 싶습니다.,Tôi muốn tìm hiểu về quy trình xử lý Hệ thống lưu ký liên tục cổ phiếu.,주권계속예탁제도,주권계속예탁제도,True,증권·예탁,주식,1.0,1.0,1.0,0,,40,주권계속예탁제도
KO-FIN-03111,주권기번호와 관련해 투자 전에 확인해야 할 사항이 있나요?,Có điều gì cần kiểm tra trước khi đầu tư liên quan đến Số hiệu cờ chủ quyền không?,주권기번호,주권기번호,True,주식,증권·예탁,1.0,1.0,1.0,0,,0,
KO-FIN-03115,주권불소지와 관련해 투자 전에 확인해야 할 사항이 있나요?,Có điều gì cần kiểm tra trước khi đầu tư liên quan đến Không có chủ quyền không?,주권불소지,주권불소지,True,주식,,1.0,1.0,1.0,0,,40,주권불소지
KO-FIN-03117,주권수령증이 무엇인지 설명해 주세요.,Vui lòng giải thích Giấy xác nhận nhận chủ quyền là gì.,주권수령증,주권수령증,True,주식,,1.0,1.0,1.0,0,,20,주권수령증
KO-FIN-03122,주당 순자산가치의 조건과 수익 구조를 확인하고 싶습니다.,Tôi muốn tìm hiểu về các điều kiện và cơ cấu lợi nhuận của Giá trị tài sản ròng trên mỗi cổ phiếu.,주당 순자산가치,주당 순자산가치,True,채권,,1.0,1.0,1.0,0,,0,
KO-FIN-03125,주당순이익이 무엇인지 설명해 주세요.,Vui lòng giải thích Lợi nhuận ròng trên mỗi cổ phiếu là gì.,주당순이익,주당순이익,True,주식,,1.0,1.0,1.0,0,,0,
KO-FIN-03129,주당순자산비율이 무엇인지 설명해 주세요.,Vui lòng giải thích Tỷ lệ tài sản ròng trên mỗi cổ phiếu là gì.,주당순자산비율,주당순자산비율,True,주식,,1.0,1.0,1.0,0,,0,
KO-FIN-03133,주식매수청구권이 무엇인지 설명해 주세요.,Vui lòng giải thích Quyền yêu cầu mua cổ phiếu là gì.,주식매수청구권,주식매수청구권,True,주식,금융시장·거래,1.0,1.0,1.0,0,,20,주식매수청구권
KO-FIN-03137,주식발행차액이 무엇인지 설명해 주세요.,Vui lòng giải thích Chênh lệch phát hành cổ phiếu là gì.,주식발행차액,주식발행차액,True,주식,기업금융·자본조달,1.0,1.0,1.0,0,,0,
KO-FIN-03141,주식배당이 무엇인지 설명해 주세요.,Vui lòng giải thích Cổ tức bằng cổ phiếu là gì.,주식배당,주식배당,True,주식,,1.0,1.0,1.0,0,,0,
KO-FIN-03147,주식배당예고제와 관련해 투자 전에 확인해야 할 사항이 있나요?,Có những điều gì cần kiểm tra trước khi đầu tư liên quan đến Chế độ thông báo trước về cổ tức không?,주식배당예고제,주식배당예고제,True,주식,,1.0,1.0,1.0,0,,40,주식배당예고제
KO-FIN-03149,주식병합이 무엇인지 설명해 주세요.,Vui lòng giải thích Sáp nhập cổ phiếu là gì.,주식병합,주식병합,True,주식,금융시장·거래,1.0,1.0,1.0,0,,0,
KO-FIN-03153,주식분할이 무엇인지 설명해 주세요.,Vui lòng giải thích Chia tách cổ phiếu là gì.,주식분할,주식분할,True,주식,,1.0,1.0,1.0,0,,0,
KO-FIN-03157,주식소각이 무엇인지 설명해 주세요.,Vui lòng giải thích Hủy bỏ cổ phiếu là gì.,주식소각,주식소각,True,주식,,1.0,1.0,1.0,0,,20,주식소각
KO-FIN-03161,주식스왑이 무엇인지 쉽게 설명해 주세요.,Xin vui lòng giải thích một cách dễ hiểu về Hoán đổi cổ phiếu là gì.,주식스왑,주식스왑,True,파생상품,주식 / 자산운용·투자,1.0,1.0,1.0,0,,20,주식스왑
KO-FIN-03167,주식의 공유와 관련해 투자 전에 확인해야 할 사항이 있나요?,Có những điều cần kiểm tra trước khi đầu tư liên quan đến Chia sẻ cổ phiếu không?,주식의 공유,주식의 공유,True,주식,,1.0,1.0,1.0,0,,0,
KO-FIN-03169,주식청약이 무엇인지 설명해 주세요.,Vui lòng giải thích Đăng ký mua cổ phiếu là gì.,주식청약,주식청약,True,주식,,1.0,1.0,1.0,0,,20,주식청약
KO-FIN-03175,주식형투자신탁에 가입하기 전에 어떤 점을 확인해야 하나요?,"Trước khi đăng ký Quỹ đầu tư cổ phiếu, tôi cần kiểm tra những điều gì?",주식형투자신탁,주식형투자신탁,True,펀드·신탁,자산운용·투자 / 주식,1.0,1.0,1.0,0,,0,
KO-FIN-03178,주주와 관련된 정보를 확인하고 싶습니다.,Tôi muốn tra cứu thông tin liên quan đến Cổ đông.,주주,주주,True,주식,,1.0,1.0,1.0,0,,30,주주
KO-FIN-03181,주주권이 무엇인지 설명해 주세요.,Vui lòng giải thích Quyền của cổ đông là gì.,주주권,주주권,True,주식,,1.0,1.0,1.0,0,,0,
KO-FIN-03187,주주명부와 관련해 투자 전에 확인해야 할 사항이 있나요?,Có điều gì cần kiểm tra trước khi đầu tư liên quan đến Danh sách cổ đông không?,주주명부,주주명부,True,주식,법률·계약,1.0,1.0,1.0,0,,20,주주명부
KO-FIN-03191,주주명부폐쇄와 관련해 투자 전에 확인해야 할 사항이 있나요?,Có điều gì cần kiểm tra trước khi đầu tư liên quan đến Đóng sổ đăng ký cổ đông không?,주주명부폐쇄,주주명부폐쇄,True,주식,채권,1.0,1.0,1.0,0,,20,주주명부폐쇄
KO-FIN-03193,주주명부폐쇄기간이 무엇인지 설명해 주세요.,Vui lòng giải thích Thời gian đóng sổ cổ đông là gì.,주주명부폐쇄기간,주주명부폐쇄기간,True,주식,채권,1.0,1.0,1.0,0,,40,주주명부폐쇄기간
KO-FIN-03197,주주명부폐쇄기준일이 무엇인지 설명해 주세요.,Vui lòng giải thích Ngày chốt danh sách cổ đông là gì.,주주명부폐쇄기준일,주주명부폐쇄기준일,True,주식,증권·예탁,1.0,1.0,1.0,0,,40,주주명부폐쇄기준일
KO-FIN-03202,주주제안제도와 관련된 정보를 확인하고 싶습니다.,Tôi muốn tra cứu thông tin liên quan đến Chế độ đề xuất của cổ đông.,주주제안제도,주주제안제도,True,주식,,1.0,1.0,1.0,0,,0,
KO-FIN-03205,주주총회 참석장이 무엇인지 설명해 주세요.,Vui lòng giải thích Giấy mời tham dự Đại hội đồng cổ đông là gì.,주주총회 참석장,주주총회 참석장,True,주식,,1.0,1.0,1.0,0,,0,
KO-FIN-03211,주주총회와 관련해 투자 전에 확인해야 할 사항이 있나요?,Có điều gì cần kiểm tra trước khi đầu tư liên quan đến Đại hội cổ đông không?,주주총회,주주총회,True,주식,금융법규·감독 / 회계·재무,1.0,1.0,1.0,0,,0,
KO-FIN-03213,주주평등의 원칙이 무엇인지 설명해 주세요.,Vui lòng giải thích Nguyên tắc bình đẳng giữa các cổ đông là gì.,주주평등의 원칙,주주평등의 원칙,True,주식,,1.0,1.0,1.0,0,,0,
KO-FIN-03218,준공유 처리 절차를 확인하고 싶습니다.,Tôi muốn tìm hiểu về quy trình xử lý Bán công cộng.,준공유,준공유,True,증권·예탁,법률·계약 / 금융법규·감독 / 주식,1.0,1.0,1.0,0,,40,준공유
KO-FIN-03221,준비금의 자본전입이 무엇인지 설명해 주세요.,Vui lòng giải thích Chuyển vốn dự trữ vào vốn chủ sở hữu là gì.,준비금의 자본전입,준비금의 자본전입,True,주식,,1.0,1.0,1.0,0,,20,준비금의 자본전입
KO-FIN-03228,준점유의 적용 여부는 계약 내용과 관련 법령을 확인해야 합니다.,"Để xác định liệu Sở hữu một phần có được áp dụng hay không, cần phải kiểm tra nội dung của Hợp đồng và các văn bản pháp luật liên quan.",준점유;계약,준점유,True,법률·계약,예금상품,1.0,1.0,1.0,0,,40,준점유;계약
KO-FIN-03229,준회원이 무엇을 의미하나요?,Thành viên liên kết có nghĩa là gì?,준회원,준회원,True,금융시장·거래,,1.0,1.0,1.0,0,,0,
KO-FIN-03234,중·동유럽 중앙예탁기관협의회 처리 절차를 확인하고 싶습니다.,Tôi muốn tìm hiểu về quy trình xử lý Hội đồng các tổ chức lưu ký trung ương Trung và Đông Âu.,중·동유럽 중앙예탁기관협의회,중·동유럽 중앙예탁기관협의회,True,증권·예탁,,1.0,1.0,1.0,0,,0,
KO-FIN-03237,중간배당이 무엇인지 설명해 주세요.,Vui lòng giải thích Cổ tức giữa kỳ là gì.,중간배당,중간배당,True,주식,,1.0,1.0,1.0,0,,0,
KO-FIN-03244,중개회사를 확인할 때 시장 상황과 거래 조건을 함께 살펴보세요.,"Khi xem xét Công ty môi giới, hãy xem xét cả tình hình thị trường và các điều kiện giao dịch.",중개회사,중개회사,True,금융시장·거래,증권·예탁,1.0,1.0,1.0,0,,0,
KO-FIN-03245,증거금이 무엇인지 쉽게 설명해 주세요.,Xin vui lòng giải thích một cách dễ hiểu về Tiền ký quỹ là gì.,증거금,증거금,True,파생상품,,1.0,1.0,1.0,0,,0,
KO-FIN-03249,증거증권이 무엇인지 설명해 주세요.,Vui lòng giải thích Chứng khoán làm bằng chứng là gì.,증거증권,증거증권,True,증권·예탁,,1.0,1.0,1.0,0,,20,증거증권
KO-FIN-03254,증권·대금 동시결제 처리 절차를 확인하고 싶습니다.,Tôi muốn tìm hiểu về quy trình xử lý Thanh toán đồng thời chứng khoán và tiền.,증권·대금 동시결제,증권·대금 동시결제,True,증권·예탁,지급결제·청산,1.0,1.0,1.0,0,,20,증권·대금 동시결제
KO-FIN-03257,증권거래법이 무엇인지 설명해 주세요.,Vui lòng giải thích Luật Giao dịch Chứng khoán là gì.,증권거래법,증권거래법,True,증권·예탁,금융시장·거래,1.0,1.0,1.0,0,,0,
KO-FIN-03262,증권거래세와 관련된 시장 정보를 확인하고 싶습니다.,Tôi muốn xem thông tin thị trường liên quan đến Thuế giao dịch chứng khoán.,증권거래세,증권거래세,True,금융시장·거래,증권·예탁,1.0,1.0,1.0,0,,0,
KO-FIN-03265,증권거래준비금이 무엇인지 설명해 주세요.,Vui lòng giải thích Quỹ dự phòng giao dịch chứng khoán là gì.,증권거래준비금,증권거래준비금,True,증권·예탁,금융시장·거래,1.0,1.0,1.0,0,,0,
KO-FIN-03269,증권공동 온라인시스템이 무엇인지 설명해 주세요.,Vui lòng giải thích Hệ thống trực tuyến chung về chứng khoán là gì.,증권공동 온라인시스템,증권공동 온라인시스템,True,증권·예탁,자산운용·투자,1.0,1.0,1.0,0,,0,
KO-FIN-03273,증권금융이 무엇인지 설명해 주세요.,Vui lòng giải thích Tài chính chứng khoán là gì.,증권금융,증권금융,True,증권·예탁,대출 / 금융시장·거래,1.0,1.0,1.0,0,,0,
KO-FIN-03277,증권담보금융이 무엇인지 설명해 주세요.,Vui lòng giải thích Tài chính có bảo đảm bằng chứng khoán là gì.,증권담보금융,증권담보금융,True,증권·예탁,자산운용·투자,1.0,1.0,1.0,0,,40,증권담보금융
KO-FIN-03282,증권대위 처리 절차를 확인하고 싶습니다.,Tôi muốn tìm hiểu về quy trình xử lý Quyền đại diện chứng khoán.,증권대위,증권대위,True,증권·예탁,법률·계약 / 자산운용·투자,1.0,1.0,1.0,0,,0,
KO-FIN-03286,증권대차제도 처리 절차를 확인하고 싶습니다.,Tôi muốn tìm hiểu về quy trình xử lý Hệ thống cho vay chứng khoán.,증권대차제도,증권대차제도,True,증권·예탁,,1.0,1.0,1.0,0,,20,증권대차제도
KO-FIN-03290,증권대행업무 처리 절차를 확인하고 싶습니다.,Tôi muốn tìm hiểu về quy trình xử lý Dịch vụ đại lý chứng khoán.,증권대행업무,증권대행업무,True,증권·예탁,,1.0,1.0,1.0,0,,20,증권대행업무
KO-FIN-03294,증권분석사 처리 절차를 확인하고 싶습니다.,Tôi muốn tìm hiểu về quy trình xử lý Chuyên viên phân tích chứng khoán.,증권분석사,증권분석사,True,증권·예탁,자산운용·투자,1.0,1.0,1.0,0,,0,
KO-FIN-03298,증권선물위원회 처리 절차를 확인하고 싶습니다.,Tôi muốn tìm hiểu về quy trình xử lý Ủy ban Chứng khoán và Hợp đồng Tương lai.,증권선물위원회,증권선물위원회,True,증권·예탁,파생상품 / 금융법규·감독,1.0,1.0,1.0,0,,0,
KO-FIN-03301,증권시장이 무엇을 의미하나요?,Thị trường chứng khoán có nghĩa là gì?,증권시장,증권시장,True,금융시장·거래,증권·예탁 / 자산운용·투자,1.0,1.0,1.0,0,,20,증권시장
KO-FIN-03305,증권시장선이 무엇인지 설명해 주세요.,Vui lòng giải thích Trên thị trường chứng khoán là gì.,증권시장선,증권시장선,True,증권·예탁,금융시장·거래 / 자산운용·투자,1.0,1.0,1.0,0,,20,증권시장선
KO-FIN-03309,증권예탁원이 무엇인지 설명해 주세요.,Vui lòng giải thích Trung tâm Lưu ký Chứng khoán là gì.,증권예탁원,증권예탁원,True,증권·예탁,,1.0,1.0,1.0,0,,20,증권예탁원
KO-FIN-03314,증권용지 관리번호 처리 절차를 확인하고 싶습니다.,Tôi muốn tìm hiểu về quy trình xử lý Số quản lý giấy chứng khoán.,증권용지 관리번호,증권용지 관리번호,True,증권·예탁,,1.0,1.0,1.0,0,,0,
KO-FIN-03317,증권유통금융이 무엇인지 설명해 주세요.,Vui lòng giải thích Tài chính phân phối chứng khoán là gì.,증권유통금융,증권유통금융,True,증권·예탁,대출 / 지급결제·청산 / 금융시장·거래 / 주식,1.0,1.0,1.0,0,,0,
KO-FIN-03321,증권인수금융이 무엇인지 설명해 주세요.,Vui lòng giải thích Tài chính bảo lãnh phát hành chứng khoán là gì.,증권인수금융,증권인수금융,True,증권·예탁,기업금융·자본조달 / 주식,1.0,1.0,1.0,0,,20,증권인수금융
KO-FIN-03326,증권자본주의 처리 절차를 확인하고 싶습니다.,Tôi muốn tìm hiểu về quy trình xử lý Chủ nghĩa tư bản chứng khoán.,증권자본주의,증권자본주의,True,증권·예탁,,1.0,1.0,1.0,0,,0,
KO-FIN-03331,증권투자신탁에 가입하기 전에 어떤 점을 확인해야 하나요?,"Trước khi đăng ký Quỹ đầu tư chứng khoán, tôi cần kiểm tra những điều gì?",증권투자신탁,증권투자신탁,True,펀드·신탁,증권·예탁 / 자산운용·투자,1.0,1.0,1.0,0,,0,
KO-FIN-03333,증권특성선이 무엇인지 설명해 주세요.,Vui lòng giải thích Đặc điểm chứng khoán là gì.,증권특성선,증권특성선,True,증권·예탁,,1.0,1.0,1.0,0,,0,
KO-FIN-03337,증권화 현상이 무엇인지 설명해 주세요.,Vui lòng giải thích Hiện tượng chứng khoán hóa là gì.,증권화 현상,증권화 현상,True,증권·예탁,,1.0,1.0,1.0,0,,0,
KO-FIN-03343,증권회사 역외펀드에 가입하기 전에 어떤 점을 확인해야 하나요?,"Trước khi đăng ký Quỹ đầu tư ngoài lãnh thổ của công ty chứng khoán, tôi cần kiểm tra những điều gì?",증권회사 역외펀드,증권회사 역외펀드,True,펀드·신탁,증권·예탁 / 국제금융,1.0,1.0,1.0,0,,0,
KO-FIN-03350,지방채의 적용 기준을 알려주세요.,Xin vui lòng cho biết các tiêu chí áp dụng của Trái phiếu địa phương.,지방채,지방채,True,세금,,1.0,1.0,1.0,0,,0,
KO-FIN-03352,지방채의 적용 여부는 거래 유형과 세법에 따라 달라질 수 있습니다.,Việc áp dụng Trái phiếu địa phương có thể thay đổi tùy theo loại giao dịch và luật thuế.,지방채,지방채,True,세금,,1.0,1.0,1.0,0,,0,
KO-FIN-03354,지배주주와 관련된 정보를 확인하고 싶습니다.,Tôi muốn tra cứu thông tin liên quan đến Cổ đông chi phối.,지배주주,지배주주,True,주식,,1.0,1.0,1.0,0,,0,
KO-FIN-03357,지분권이 무엇인지 설명해 주세요.,Vui lòng giải thích Quyền sở hữu cổ phần là gì.,지분권,지분권,True,증권·예탁,법률·계약,1.0,1.0,1.0,0,,40,지분권
KO-FIN-03361,지분법이 무엇인지 설명해 주세요.,Vui lòng giải thích Phương pháp vốn chủ sở hữu là gì.,지분법,지분법,True,주식,,1.0,1.0,1.0,0,,40,지분법
KO-FIN-03367,지수법과 관련된 내용을 확인하고 싶습니다.,Tôi muốn xem thông tin liên quan đến Phương pháp chỉ số.,지수법,지수법,True,기타 금융일반,,1.0,1.0,1.0,0,,0,
KO-FIN-03368,지수법의 정확한 의미는 해당 금융거래의 맥락과 함께 확인해야 합니다.,Ý nghĩa chính xác của Phương pháp chỉ số cần được xác định dựa trên bối cảnh của giao dịch tài chính đó.,지수법,지수법,True,기타 금융일반,,1.0,1.0,1.0,0,,0,
KO-FIN-03369,지시증권이 무엇인지 설명해 주세요.,Vui lòng giải thích Chứng khoán chỉ định là gì.,지시증권,지시증권,True,증권·예탁,금융법규·감독,1.0,1.0,1.0,0,,0,
KO-FIN-03373,지정가주문이 무엇을 의미하나요?,Lệnh đặt giá cố định có nghĩa là gì?,지정가주문,지정가주문,True,금융시장·거래,,1.0,1.0,1.0,0,,0,
KO-FIN-03379,지정시점결제시스템 과정에서 문제가 발생한 것 같습니다.,Có vẻ như đã xảy ra sự cố trong quá trình Hệ thống thanh toán theo thời điểm chỉ định.,지정시점결제시스템,지정시점결제시스템,True,지급결제·청산,,1.0,1.0,1.0,0,,0,
KO-FIN-03382,지주회사와 관련된 정보를 확인하고 싶습니다.,Tôi muốn tra cứu thông tin liên quan đến Công ty mẹ.,지주회사,지주회사,True,주식,,1.0,1.0,1.0,0,,0,
KO-FIN-03385,지체보상금이 무엇인지 설명해 주세요.,Vui lòng giải thích Tiền bồi thường chậm trễ là gì.,지체보상금,지체보상금,True,증권·예탁,,1.0,1.0,1.0,0,,40,지체보상금
KO-FIN-03389,직상장이 무엇을 의미하나요?,Niêm yết trực tiếp có nghĩa là gì?,직상장,직상장,True,금융시장·거래,,1.0,1.0,1.0,0,,40,직상장
KO-FIN-03395,직접공시 때문에 추가로 확인해야 할 사항이 있나요?,Có vấn đề nào cần kiểm tra thêm liên quan đến Công bố trực tiếp không?,직접공시,직접공시,True,금융법규·감독,금융시장·거래,1.0,1.0,1.0,0,,40,직접공시
KO-FIN-03396,직접공시의 적용 범위는 관련 법령과 규정에 따라 달라질 수 있습니다.,Phạm vi áp dụng của Công bố trực tiếp có thể thay đổi tùy theo các văn bản pháp luật và quy định liên quan.,직접공시,직접공시,True,금융법규·감독,금융시장·거래,1.0,1.0,1.0,0,,40,직접공시
KO-FIN-03399,직접금융과 관련된 투자 정보를 확인하고 싶습니다.,Tôi muốn xem thông tin đầu tư liên quan đến Tài chính trực tiếp.,직접금융,직접금융,True,자산운용·투자,,1.0,1.0,1.0,0,,0,
KO-FIN-03402,직접발행을 이용하려면 어떤 조건이 필요한가요?,"Để sử dụng Phát hành trực tiếp, cần phải đáp ứng những điều kiện nào?",직접발행,직접발행,True,기업금융·자본조달,증권·예탁,1.0,1.0,1.0,0,,40,직접발행
KO-FIN-03403,직접발행과 관련된 비용과 절차를 확인하고 싶습니다.,Tôi muốn tìm hiểu về các chi phí và thủ tục liên quan đến Phát hành trực tiếp.,직접발행,직접발행,True,기업금융·자본조달,증권·예탁,1.0,1.0,1.0,0,,40,직접발행
KO-FIN-03406,직접점유 처리 절차를 확인하고 싶습니다.,Tôi muốn tìm hiểu về quy trình xử lý Sở hữu trực tiếp.,직접점유,직접점유,True,증권·예탁,,1.0,1.0,1.0,0,,0,
KO-FIN-03412,직접참가자를 확인할 때 시장 상황과 거래 조건을 함께 살펴보세요.,"Khi xem xét Người tham gia trực tiếp, hãy xem xét cả tình hình thị trường và các điều kiện giao dịch.",직접참가자,직접참가자,True,금융시장·거래,,1.0,1.0,1.0,0,,0,
KO-FIN-03413,직접청약이 무엇인지 설명해 주세요.,Vui lòng giải thích Đăng ký trực tiếp là gì.,직접청약,직접청약,True,주식,증권·예탁,1.0,1.0,1.0,0,,20,직접청약
KO-FIN-03419,직접투자와 관련된 투자 정보를 확인하고 싶습니다.,Tôi muốn xem thông tin đầu tư liên quan đến Đầu tư trực tiếp.,직접투자,직접투자,True,자산운용·투자,,1.0,1.0,1.0,0,,0,
KO-FIN-03428,질권설정자의 적용 여부는 계약 내용과 관련 법령을 확인해야 합니다.,"Để xác định liệu Người thiết lập quyền thế chấp có được áp dụng hay không, cần phải kiểm tra nội dung của Hợp đồng và các văn bản pháp luật liên quan.",질권설정자;계약,질권설정자,True,법률·계약,,1.0,1.0,1.0,0,,30,질권설정자;계약
KO-FIN-03432,질권자의 적용 여부는 계약 내용과 관련 법령을 확인해야 합니다.,"Để xác định liệu Người nhận thế chấp có được áp dụng hay không, cần phải kiểm tra nội dung của Hợp đồng và các văn bản pháp luật liên quan.",질권자;계약,질권자,True,법률·계약,,1.0,1.0,1.0,0,,30,계약
KO-FIN-03434,집단경쟁매매와 관련된 시장 정보를 확인하고 싶습니다.,Tôi muốn xem thông tin thị trường liên quan đến Giao dịch cạnh tranh theo nhóm.,집단경쟁매매,집단경쟁매매,True,금융시장·거래,,1.0,1.0,1.0,0,,20,집단경쟁매매
KO-FIN-03439,집중결제 과정에서 문제가 발생한 것 같습니다.,Có vẻ như đã xảy ra sự cố trong quá trình Thanh toán tập trung.,집중결제,집중결제,True,지급결제·청산,,1.0,1.0,1.0,0,,0,
KO-FIN-03441,집중예탁이 무엇인지 설명해 주세요.,Vui lòng giải thích Lưu ký tập trung là gì.,집중예탁,집중예탁,True,증권·예탁,,1.0,1.0,1.0,0,,20,집중예탁
KO-FIN-03451,차감결제 과정에서 문제가 발생한 것 같습니다.,Có vẻ như đã xảy ra sự cố trong khóa học Thanh toán trừ trực tiếp.,차감결제,차감결제,True,지급결제·청산,금융시장·거래,1.0,1.0,1.0,0,,20,차감결제
KO-FIN-03455,차금결제 과정에서 문제가 발생한 것 같습니다.,Có vẻ như đã xảy ra sự cố trong quá trình Thanh toán bù trừ.,차금결제,차금결제,True,지급결제·청산,금융시장·거래,1.0,1.0,1.0,0,,40,차금결제
KO-FIN-03462,차변 대변을 통해 어떤 정보를 확인할 수 있나요?,"Thông qua Nợ Có, tôi có thể tra cứu những thông tin nào?",차변 대변,차변 대변,True,회계·재무,,1.0,1.0,1.0,0,,40,차변 대변
KO-FIN-03464,차변 대변은 기준 시점과 작성 기준을 함께 확인해야 합니다.,"Đối với Nợ Có, cần phải xác minh cả thời điểm tham chiếu và tiêu chí lập báo cáo.",차변 대변,차변 대변,True,회계·재무,,1.0,1.0,1.0,0,,40,차변 대변
KO-FIN-03466,차변이체 또는 추심시스템을 이용하려면 어떻게 해야 하나요?,Làm thế nào để sử dụng Hệ thống chuyển khoản hoặc thu nợ?,차변이체 또는 추심시스템,차변이체 또는 추심시스템,True,이체,,1.0,1.0,1.0,0,,0,
KO-FIN-03468,차변이체 또는 추심시스템을 진행하기 전에 입력한 정보를 다시 확인해 주세요.,"Trước khi tiến hành Hệ thống chuyển khoản hoặc thu nợ, vui lòng kiểm tra lại thông tin đã nhập.",차변이체 또는 추심시스템,차변이체 또는 추심시스템,True,이체,,1.0,1.0,1.0,0,,0,
KO-FIN-03470,차익거래와 관련된 시장 정보를 확인하고 싶습니다.,Tôi muốn xem thông tin thị trường liên quan đến Giao dịch chênh lệch giá.,차익거래,차익거래,True,금융시장·거래,,1.0,1.0,1.0,0,,0,
KO-FIN-03475,차입매수에 대해 상담받고 싶습니다.,Tôi muốn được tư vấn về Mua bằng vốn vay.,차입매수,차입매수,True,대출,금융시장·거래,1.0,1.0,1.0,0,,40,차입매수
KO-FIN-03487,참가적우선주와 관련해 투자 전에 확인해야 할 사항이 있나요?,Có điều gì cần kiểm tra trước khi đầu tư liên quan đến Cổ phiếu ưu đãi có quyền tham gia không?,참가적우선주,참가적우선주,True,주식,,1.0,1.0,1.0,0,,40,참가적우선주
KO-FIN-03489,창고증권이 무엇인지 설명해 주세요.,Vui lòng giải thích Chứng khoán kho hàng là gì.,창고증권,창고증권,True,증권·예탁,,1.0,1.0,1.0,0,,0,
KO-FIN-03495,창립총회와 관련해 투자 전에 확인해야 할 사항이 있나요?,Có điều gì cần kiểm tra trước khi đầu tư liên quan đến Đại hội thành lập không?,창립총회,창립총회,True,주식,금융법규·감독,1.0,1.0,1.0,0,,0,
KO-FIN-03499,창업비와 관련해 투자 전에 확인해야 할 사항이 있나요?,Có điều gì cần kiểm tra trước khi đầu tư vào Chi phí khởi nghiệp không?,창업비,창업비,True,주식,,1.0,1.0,1.0,0,,20,창업비
KO-FIN-03501,채권이 무엇인지 설명해 주세요.,Vui lòng giải thích Trái phiếu là gì.,채권,채권,True,채권,자산운용·투자,1.0,1.0,1.0,0,,30,채권
KO-FIN-03506,채권가격지수의 조건과 수익 구조를 확인하고 싶습니다.,Tôi muốn tìm hiểu về các điều kiện và cơ cấu lợi nhuận của Chỉ số giá trái phiếu.,채권가격지수,채권가격지수,True,채권,금융시장·거래,1.0,1.0,1.0,0,,0,
KO-FIN-03510,채권등급평가의 조건과 수익 구조를 확인하고 싶습니다.,Tôi muốn tìm hiểu về các điều kiện và cơ cấu lợi nhuận của Đánh giá xếp hạng tín dụng.,채권등급평가,채권등급평가,True,채권,자산운용·투자,1.0,1.0,1.0,0,,0,
KO-FIN-03514,채권딜러제도의 조건과 수익 구조를 확인하고 싶습니다.,Tôi muốn tìm hiểu về các điều kiện và cơ cấu lợi nhuận của Hệ thống đại lý trái phiếu.,채권딜러제도,채권딜러제도,True,채권,금융시장·거래 / 자산운용·투자,1.0,1.0,1.0,0,,40,채권딜러제도
KO-FIN-03517,채권면역전략이 무엇인지 설명해 주세요.,Vui lòng giải thích Chiến lược miễn trừ trái phiếu là gì.,채권면역전략,채권면역전략,True,채권,자산운용·투자,1.0,1.0,1.0,0,,0,
KO-FIN-03521,채권상장심사기준이 무엇인지 설명해 주세요.,Vui lòng giải thích Tiêu chuẩn thẩm định niêm yết trái phiếu là gì.,채권상장심사기준,채권상장심사기준,True,채권,금융시장·거래,1.0,1.0,1.0,0,,40,채권상장심사기준
KO-FIN-03525,채권상장폐지기준이 무엇을 의미하나요?,Tiêu chí hủy niêm yết trái phiếu có nghĩa là gì?,채권상장폐지기준,채권상장폐지기준,True,금융시장·거래,채권,1.0,1.0,1.0,0,,40,채권상장폐지기준
KO-FIN-03530,채권선물거래와 관련된 시장 정보를 확인하고 싶습니다.,Tôi muốn xem thông tin thị trường liên quan đến Giao dịch hợp đồng tương lai trái phiếu.,채권선물거래,채권선물거래,True,금융시장·거래,채권 / 파생상품,1.0,1.0,1.0,0,,0,
KO-FIN-03533,채권수익률이 무엇인지 설명해 주세요.,Vui lòng giải thích Lợi suất trái phiếu là gì.,채권수익률,채권수익률,True,채권,,1.0,1.0,1.0,0,,40,채권수익률
KO-FIN-03538,채권수익률의 기간구조의 조건과 수익 구조를 확인하고 싶습니다.,Tôi muốn tìm hiểu về các điều kiện và cơ cấu lợi nhuận của Cấu trúc kỳ hạn của lợi suất trái phiếu.,채권수익률의 기간구조,채권수익률의 기간구조,True,채권,,1.0,1.0,1.0,0,,0,
KO-FIN-03542,채권수익률의 위험구조의 조건과 수익 구조를 확인하고 싶습니다.,Tôi muốn tìm hiểu về các điều kiện và cơ cấu lợi nhuận của Cấu trúc rủi ro của lợi suất trái phiếu.,채권수익률의 위험구조,채권수익률의 위험구조,True,채권,신용·리스크,1.0,1.0,1.0,0,,0,
KO-FIN-03546,채권시가평가제의 조건과 수익 구조를 확인하고 싶습니다.,Tôi muốn tìm hiểu về các điều kiện và cơ cấu lợi nhuận của Hệ thống định giá thị trường trái phiếu.,채권시가평가제,채권시가평가제,True,채권,신용·리스크,1.0,1.0,1.0,0,,0,
KO-FIN-03549,채권시장안정기금이 무엇인지 설명해 주세요.,Vui lòng giải thích Quỹ ổn định thị trường trái phiếu là gì.,채권시장안정기금,채권시장안정기금,True,채권,금융시장·거래,1.0,1.0,1.0,0,,0,
KO-FIN-03554,채권양도의 조건과 수익 구조를 확인하고 싶습니다.,Tôi muốn tìm hiểu về các điều kiện và cơ cấu lợi nhuận của Chuyển nhượng trái phiếu.,채권양도,채권양도,True,채권,법률·계약,1.0,1.0,1.0,0,,20,채권양도
KO-FIN-03557,채권원리금상환이 무엇인지 설명해 주세요.,Vui lòng giải thích Trả nợ gốc và lãi trái phiếu là gì.,채권원리금상환,채권원리금상환,True,채권,,1.0,1.0,1.0,0,,20,채권원리금상환
KO-FIN-03562,채무불이행이 금융거래에 어떤 영향을 주나요?,Vỡ nợ có ảnh hưởng như thế nào đến giao dịch tài chính này?,채무불이행,채무불이행,True,신용·리스크,,1.0,1.0,1.0,0,,40,채무불이행
KO-FIN-03564,채무불이행은 거래 조건이나 이용 가능 여부에 영향을 줄 수 있습니다.,Vỡ nợ có thể ảnh hưởng đến các điều kiện giao dịch hoặc khả năng sử dụng.,채무불이행,채무불이행,True,신용·리스크,,1.0,1.0,1.0,0,,40,채무불이행
KO-FIN-03567,채무불이행위험을 줄이려면 어떤 점을 확인해야 하나요?,"Để giảm Rủi ro vỡ nợ, cần lưu ý những điểm nào?",채무불이행위험,채무불이행위험,True,신용·리스크,,1.0,1.0,1.0,0,,20,채무불이행위험
KO-FIN-03568,채무불이행위험은 거래 조건이나 이용 가능 여부에 영향을 줄 수 있습니다.,Rủi ro vỡ nợ có thể ảnh hưởng đến các điều kiện giao dịch hoặc khả năng sử dụng.,채무불이행위험,채무불이행위험,True,신용·리스크,,1.0,1.0,1.0,0,,20,채무불이행위험
KO-FIN-03569,책임재산이 무엇인지 설명해 주세요.,Vui lòng giải thích Tài sản chịu trách nhiệm là gì.,책임재산,책임재산,True,채권,,1.0,1.0,1.0,0,,0,
KO-FIN-03578,청산거래와 관련된 시장 정보를 확인하고 싶습니다.,Tôi muốn xem thông tin thị trường liên quan đến Giao dịch thanh lý.,청산거래,청산거래,True,금융시장·거래,지급결제·청산,1.0,1.0,1.0,0,,0,
KO-FIN-03583,청산결제시스템 과정에서 문제가 발생한 것 같습니다.,Có vẻ như đã xảy ra sự cố trong quá trình Hệ thống thanh toán bù trừ.,청산결제시스템,청산결제시스템,True,지급결제·청산,,1.0,1.0,1.0,0,,0,
KO-FIN-03585,청산회사가 무엇인지 설명해 주세요.,Xin vui lòng giải thích Công ty đang trong quá trình thanh lý là gì.,청산회사,청산회사,True,지급결제·청산,금융시장·거래,1.0,1.0,1.0,0,,40,청산회사
KO-FIN-03589,청산회원이 무엇인지 설명해 주세요.,Vui lòng giải thích Thành viên đã hủy đăng ký là gì.,청산회원,청산회원,True,지급결제·청산,,1.0,1.0,1.0,0,,20,청산회원
KO-FIN-03593,청약증거금이 무엇인지 쉽게 설명해 주세요.,Xin vui lòng giải thích một cách dễ hiểu về Tiền đặt cọc đăng ký mua nhà là gì.,청약증거금,청약증거금,True,파생상품,증권·예탁,1.0,1.0,1.0,0,,40,청약증거금
KO-FIN-03597,체결시점매매확인 시스템이 무엇을 의미하나요?,Hệ thống xác nhận giao dịch tại thời điểm ký kết có nghĩa là gì?,체결시점매매확인 시스템,체결시점매매확인 시스템,True,금융시장·거래,,1.0,1.0,1.0,0,,0,
KO-FIN-03603,체계적 위험을 줄이려면 어떤 점을 확인해야 하나요?,"Để giảm Rủi ro hệ thống, cần lưu ý những điểm nào?",체계적 위험,체계적 위험,True,신용·리스크,,1.0,1.0,1.0,0,,0,
KO-FIN-03604,체계적 위험은 거래 조건이나 이용 가능 여부에 영향을 줄 수 있습니다.,Rủi ro hệ thống có thể ảnh hưởng đến các điều kiện giao dịch hoặc khả năng sử dụng.,체계적 위험,체계적 위험,True,신용·리스크,,1.0,1.0,1.0,0,,0,
KO-FIN-03605,초과담보율이 무엇인지 설명해 주세요.,Vui lòng giải thích Tỷ lệ thế chấp vượt mức là gì.,초과담보율,초과담보율,True,증권·예탁,,1.0,1.0,1.0,0,,20,초과담보율
KO-FIN-03610,총계정원장은 어디에서 확인할 수 있나요?,Tôi có thể tra cứu Sổ cái tổng hợp ở đâu?,총계정원장,총계정원장,True,계좌,,1.0,1.0,1.0,0,,40,총계정원장
KO-FIN-03611,총계정원장이 정상적으로 표시되지 않습니다.,Sổ cái tổng hợp không hiển thị đúng cách.,총계정원장,총계정원장,True,계좌,,1.0,1.0,1.0,0,,40,총계정원장
KO-FIN-03616,총액인수의 세부 조건과 절차는 거래 유형에 따라 달라질 수 있습니다.,Các điều kiện và thủ tục chi tiết của Chấp nhận toàn bộ có thể thay đổi tùy theo loại giao dịch.,총액인수,총액인수,True,기업금융·자본조달,,1.0,1.0,1.0,0,,40,총액인수
KO-FIN-03617,총액지급증권이 무엇인지 설명해 주세요.,Vui lòng giải thích Chứng khoán thanh toán một lần là gì.,총액지급증권,총액지급증권,True,증권·예탁,,1.0,1.0,1.0,0,,40,총액지급증권
KO-FIN-03627,최소분산포트폴리오와 관련된 투자 정보를 확인하고 싶습니다.,Tôi muốn tra cứu thông tin đầu tư liên quan đến Danh mục đầu tư có độ phân tán tối thiểu.,최소분산포트폴리오,최소분산포트폴리오,True,자산운용·투자,,1.0,1.0,1.0,0,,0,
KO-FIN-03629,최소증거금이 무엇인지 쉽게 설명해 주세요.,Xin vui lòng giải thích một cách dễ hiểu về Số tiền ký quỹ tối thiểu.,최소증거금,최소증거금,True,파생상품,금융시장·거래,1.0,1.0,1.0,0,,0,
KO-FIN-03636,최적규모의 정확한 의미는 해당 금융거래의 맥락과 함께 확인해야 합니다.,Ý nghĩa chính xác của Quy mô tối ưu cần được xác định dựa trên bối cảnh của giao dịch tài chính đó.,최적규모,최적규모,True,기타 금융일반,,1.0,1.0,1.0,0,,20,최적규모
KO-FIN-03639,최적포트폴리오와 관련된 투자 정보를 확인하고 싶습니다.,Tôi muốn xem thông tin đầu tư liên quan đến Danh mục đầu tư tối ưu.,최적포트폴리오,최적포트폴리오,True,자산운용·투자,,1.0,1.0,1.0,0,,40,최적포트폴리오
KO-FIN-03643,최종이체 과정에서 문제가 발생한 것 같습니다.,Có vẻ như đã xảy ra sự cố trong quá trình Chuyển khoản cuối cùng.,최종이체,최종이체,True,지급결제·청산,,1.0,1.0,1.0,0,,40,최종이체
KO-FIN-03645,추가상장이 무엇을 의미하나요?,Niêm yết bổ sung có nghĩa là gì?,추가상장,추가상장,True,금융시장·거래,,1.0,1.0,1.0,0,,20,추가상장
KO-FIN-03651,추가증거금 납부요구 거래에는 어떤 위험이 있나요?,Giao dịch Yêu cầu nộp thêm tiền ký quỹ tiềm ẩn những rủi ro nào?,추가증거금 납부요구,추가증거금 납부요구,True,파생상품,,1.0,1.0,1.0,0,,0,
KO-FIN-03653,추가증거금이 무엇인지 쉽게 설명해 주세요.,Xin vui lòng giải thích một cách dễ hiểu về Khoản ký quỹ bổ sung là gì.,추가증거금,추가증거금,True,파생상품,,1.0,1.0,1.0,0,,0,
KO-FIN-03657,추정이익이 금융거래에 어떻게 적용되나요?,Lợi nhuận dự kiến được áp dụng như thế nào trong giao dịch tài chính này?,추정이익,추정이익,True,금융법규·감독,,1.0,1.0,1.0,0,,40,추정이익
KO-FIN-03659,추정이익 때문에 추가로 확인해야 할 사항이 있나요?,Có vấn đề nào cần kiểm tra thêm do Lợi nhuận dự kiến không?,추정이익,추정이익,True,금융법규·감독,,1.0,1.0,1.0,0,,40,추정이익
KO-FIN-03664,추정재무제표는 기준 시점과 작성 기준을 함께 확인해야 합니다.,"Đối với Báo cáo tài chính dự kiến, cần phải xác minh cả thời điểm tham chiếu và cơ sở lập báo cáo.",추정재무제표,추정재무제표,True,회계·재무,,1.0,1.0,1.0,0,,40,추정재무제표
KO-FIN-03666,출입직원등록제도 처리 절차를 확인하고 싶습니다.,Tôi muốn tìm hiểu về quy trình xử lý Hệ thống đăng ký nhân viên ra vào.,출입직원등록제도,출입직원등록제도,True,증권·예탁,,1.0,1.0,1.0,0,,40,출입직원등록제도
KO-FIN-03674,출자인수권을 이용하려면 어떤 조건이 필요한가요?,"Để sử dụng Quyền mua cổ phần, cần phải đáp ứng những điều kiện nào?",출자인수권,출자인수권,True,기업금융·자본조달,,1.0,1.0,1.0,0,,40,출자인수권
KO-FIN-03675,출자인수권과 관련된 비용과 절차를 확인하고 싶습니다.,Tôi muốn tìm hiểu về các chi phí và thủ tục liên quan đến Quyền mua cổ phần.,출자인수권,출자인수권,True,기업금융·자본조달,,1.0,1.0,1.0,0,,40,출자인수권
KO-FIN-03681,출자증권이 무엇인지 설명해 주세요.,Vui lòng giải thích Chứng khoán góp vốn là gì.,출자증권,출자증권,True,증권·예탁,,1.0,1.0,1.0,0,,20,출자증권
KO-FIN-03685,출자총액제한이 무엇인지 설명해 주세요.,Vui lòng giải thích Giới hạn tổng số vốn góp là gì.,출자총액제한,출자총액제한,True,주식,,1.0,1.0,1.0,0,,20,출자총액제한
KO-FIN-03691,충당금과 관련된 내용을 확인하고 싶습니다.,Tôi muốn xem thông tin liên quan đến Dự phòng.,충당금,충당금,True,기타 금융일반,,1.0,1.0,1.0,0,,40,충당금
KO-FIN-03692,충당금의 정확한 의미는 해당 금융거래의 맥락과 함께 확인해야 합니다.,Ý nghĩa chính xác của Dự phòng cần được xác định dựa trên bối cảnh của giao dịch tài chính đó.,충당금,충당금,True,기타 금융일반,,1.0,1.0,1.0,0,,40,충당금
KO-FIN-03694,충분성을 통해 어떤 정보를 확인할 수 있나요?,"Thông qua Tính đầy đủ, tôi có thể tra cứu những thông tin nào?",충분성,충분성,True,회계·재무,,1.0,1.0,1.0,0,,20,충분성
KO-FIN-03696,충분성은 기준 시점과 작성 기준을 함께 확인해야 합니다.,"Đối với Tính đầy đủ, cần phải kiểm tra cả thời điểm tham chiếu và tiêu chí lập báo cáo.",충분성,충분성,True,회계·재무,,1.0,1.0,1.0,0,,20,충분성
KO-FIN-03699,카멜레온펀드에 가입하기 전에 어떤 점을 확인해야 하나요?,"Trước khi đăng ký Quỹ Chameleon, tôi cần kiểm tra những điều gì?",카멜레온펀드,카멜레온펀드,True,펀드·신탁,,1.0,1.0,1.0,0,,0,
KO-FIN-03703,컨트리 펀드에 가입하기 전에 어떤 점을 확인해야 하나요?,"Trước khi đăng ký Quỹ đầu tư vào thị trường các nước đang phát triển, tôi cần kiểm tra những điều gì?",컨트리 펀드,컨트리 펀드,True,펀드·신탁,증권·예탁,1.0,1.0,1.0,0,,40,컨트리 펀드
KO-FIN-03705,코레스은행에 대해 자세히 알려주세요.,Xin vui lòng cung cấp thông tin chi tiết về Ngân hàng Coress.,코레스은행,코레스은행,True,해외송금·외환,금융기관·은행,1.0,1.0,1.0,0,,0,
KO-FIN-03706,코레스은행을 확인하고 싶습니다.,Tôi muốn kiểm tra Ngân hàng Coress.,코레스은행,코레스은행,True,해외송금·외환,금융기관·은행,1.0,1.0,1.0,0,,0,
KO-FIN-03711,코리아유로펀드에 가입하기 전에 어떤 점을 확인해야 하나요?,"Trước khi đăng ký Quỹ Korea Euro Fund, tôi cần kiểm tra những điều gì?",코리아유로펀드,코리아유로펀드,True,펀드·신탁,자산운용·투자,1.0,1.0,1.0,0,,0,
KO-FIN-03715,코리아펀드에 가입하기 전에 어떤 점을 확인해야 하나요?,"Trước khi đăng ký Quỹ Hàn Quốc, tôi cần kiểm tra những điểm nào?",코리아펀드,코리아펀드,True,펀드·신탁,금융시장·거래 / 증권·예탁,1.0,1.0,1.0,0,,40,코리아펀드
KO-FIN-03717,코스닥 등록법인이 무엇인지 설명해 주세요.,Vui lòng giải thích Công ty niêm yết trên sàn KOSDAQ là gì.,코스닥 등록법인,코스닥 등록법인,True,증권·예탁,,1.0,1.0,1.0,0,,20,코스닥 등록법인
KO-FIN-03721,코스닥 등록주식이 무엇인지 설명해 주세요.,Vui lòng giải thích Cổ phiếu niêm yết trên sàn KOSDAQ là gì.,코스닥 등록주식,코스닥 등록주식,True,주식,증권·예탁 / 자산운용·투자 / 금융시장·거래,1.0,1.0,1.0,0,,0,
KO-FIN-03725,코스닥이 무엇을 의미하나요?,KOSDAQ có nghĩa là gì?,코스닥,코스닥,True,금융시장·거래,,1.0,1.0,1.0,0,,0,
KO-FIN-03729,콘탱고가 무엇인지 설명해 주세요.,Xin vui lòng giải thích Contango là gì.,콘탱고,콘탱고,True,지급결제·청산,,1.0,1.0,1.0,0,,20,콘탱고
KO-FIN-03738,콜레이트에서 이용할 수 있는 금융업무는 무엇인가요?,Các dịch vụ tài chính nào có sẵn tại Collate?,콜레이트,콜레이트,True,금융기관·은행,,1.0,1.0,1.0,0,,0,
KO-FIN-03742,쿠폰부사채의 조건과 수익 구조를 확인하고 싶습니다.,Tôi muốn tìm hiểu về các điều kiện và cơ cấu lợi nhuận của Trái phiếu có kèm phiếu giảm giá.,쿠폰부사채,쿠폰부사채,True,채권,,1.0,1.0,1.0,0,,40,쿠폰부사채
KO-FIN-03747,타이거펀드에 가입하기 전에 어떤 점을 확인해야 하나요?,"Trước khi đăng ký Quỹ Tiger, tôi cần kiểm tra những điều gì?",타이거펀드,타이거펀드,True,펀드·신탁,자산운용·투자,1.0,1.0,1.0,0,,40,타이거펀드
KO-FIN-03749,탈중개화현상이 무엇인지 설명해 주세요.,Vui lòng giải thích Hiện tượng loại bỏ trung gian là gì.,탈중개화현상,탈중개화현상,True,지급결제·청산,,1.0,1.0,1.0,0,,20,탈중개화현상
KO-FIN-03756,텀론은 심사 결과에 따라 이용 가능 여부가 달라질 수 있습니다.,Tính khả dụng của Thumlon có thể thay đổi tùy theo kết quả thẩm định.,텀론,텀론,True,대출,,1.0,1.0,1.0,0,,30,텀론
KO-FIN-03760,테크노스트럭처의 정확한 의미는 해당 금융거래의 맥락과 함께 확인해야 합니다.,Ý nghĩa chính xác của TechnoStructure cần được xác định dựa trên bối cảnh của giao dịch tài chính đó.,테크노스트럭처,테크노스트럭처,True,기타 금융일반,,1.0,1.0,1.0,0,,20,테크노스트럭처
KO-FIN-03764,토론토선물거래소를 확인할 때 시장 상황과 거래 조건을 함께 살펴보세요.,"Khi xem xét Sàn giao dịch hàng hóa tương lai Toronto, hãy xem xét cả tình hình thị trường và các điều kiện giao dịch.",토론토선물거래소,토론토선물거래소,True,금융시장·거래,파생상품 / 대출,1.0,1.0,1.0,0,,0,
KO-FIN-03768,토론토증권거래소를 확인할 때 시장 상황과 거래 조건을 함께 살펴보세요.,"Khi xem xét Sở Giao dịch Chứng khoán Toronto, hãy xem xét cả tình hình thị trường và các điều kiện giao dịch.",토론토증권거래소,토론토증권거래소,True,금융시장·거래,증권·예탁 / 대출,1.0,1.0,1.0,0,,0,
KO-FIN-03771,토빈의 분리정리와 관련된 투자 정보를 확인하고 싶습니다.,Tôi muốn xem thông tin đầu tư liên quan đến Định lý tách biệt của Tobin.,토빈의 분리정리,토빈의 분리정리,True,자산운용·투자,,1.0,1.0,1.0,0,,0,
KO-FIN-03774,통일규격유가증권 관리현황보고서 처리 절차를 확인하고 싶습니다.,Tôi muốn tìm hiểu về quy trình xử lý Báo cáo tình hình quản lý chứng khoán có giá trị tiêu chuẩn thống nhất.,통일규격유가증권 관리현황보고서,통일규격유가증권 관리현황보고서,True,증권·예탁,,1.0,1.0,1.0,0,,20,통일규격유가증권 관리현황보고서
KO-FIN-03777,통일규격유가증권이 무엇인지 설명해 주세요.,Vui lòng giải thích Chứng khoán có tiêu chuẩn thống nhất là gì.,통일규격유가증권,통일규격유가증권,True,증권·예탁,,1.0,1.0,1.0,0,,40,통일규격유가증권
KO-FIN-03781,통일상사법이 무엇인지 설명해 주세요.,Vui lòng giải thích Luật Thương mại Thống nhất là gì.,통일상사법,통일상사법,True,증권·예탁,금융법규·감독,1.0,1.0,1.0,0,,0,
KO-FIN-03786,통정매매와 관련된 시장 정보를 확인하고 싶습니다.,Tôi muốn xem thông tin thị trường liên quan đến Giao dịch thông đồng.,통정매매,통정매매,True,금융시장·거래,증권·예탁,1.0,1.0,1.0,0,,40,통정매매
KO-FIN-03791,통합결제 과정에서 문제가 발생한 것 같습니다.,Có vẻ như đã xảy ra sự cố trong quá trình Thanh toán tích hợp.,통합결제,통합결제,True,지급결제·청산,,1.0,1.0,1.0,0,,0,
KO-FIN-03793,통합결제기구협의회가 무엇인지 설명해 주세요.,Xin vui lòng giải thích Hội đồng các tổ chức thanh toán tích hợp là gì.,통합결제기구협의회,통합결제기구협의회,True,지급결제·청산,,1.0,1.0,1.0,0,,0,
KO-FIN-03798,통합계좌 처리 절차를 확인하고 싶습니다.,Tôi muốn tìm hiểu về quy trình xử lý Tài khoản tổng hợp.,통합계좌,통합계좌,True,증권·예탁,,1.0,1.0,1.0,0,,0,
KO-FIN-03801,통화선물이 무엇인지 쉽게 설명해 주세요.,Xin vui lòng giải thích một cách dễ hiểu về Hợp đồng tương lai tiền tệ.,통화선물,통화선물,True,파생상품,해외송금·외환 / 금융시장·거래,1.0,1.0,1.0,0,,0,
KO-FIN-03805,통화선물옵션이 무엇인지 쉽게 설명해 주세요.,Xin vui lòng giải thích một cách dễ hiểu về Hợp đồng tương lai và quyền chọn tiền tệ là gì.,통화선물옵션,통화선물옵션,True,파생상품,해외송금·외환,1.0,1.0,1.0,0,,0,
KO-FIN-03809,통화스왑이 무엇인지 쉽게 설명해 주세요.,Xin vui lòng giải thích một cách dễ hiểu về Hoán đổi tiền tệ là gì.,통화스왑,통화스왑,True,파생상품,해외송금·외환,1.0,1.0,1.0,0,,20,통화스왑
KO-FIN-03813,통화안정증권이 무엇인지 설명해 주세요.,Vui lòng giải thích Trái phiếu ổn định tiền tệ là gì.,통화안정증권,통화안정증권,True,증권·예탁,,1.0,1.0,1.0,0,,0,
KO-FIN-03817,통화옵션에 대해 자세히 알려주세요.,Xin vui lòng cho biết thêm chi tiết về Quyền chọn tiền tệ.,통화옵션,통화옵션,True,해외송금·외환,파생상품,1.0,1.0,1.0,0,,0,
KO-FIN-03818,통화옵션을 확인하고 싶습니다.,Tôi muốn kiểm tra Quyền chọn tiền tệ.,통화옵션,통화옵션,True,해외송금·외환,파생상품,1.0,1.0,1.0,0,,0,
KO-FIN-03824,통화지표는 운용 결과에 따라 원금 손실이 발생할 수 있습니다.,Chỉ số tiền tệ có thể dẫn đến việc mất vốn tùy thuộc vào kết quả đầu tư.,통화지표,통화지표,True,펀드·신탁,,1.0,1.0,1.0,0,,0,
KO-FIN-03827,통화채권투자신탁수익증권에 가입하기 전에 어떤 점을 확인해야 하나요?,"Trước khi đăng ký Chứng chỉ quỹ đầu tư trái phiếu tiền tệ, tôi cần kiểm tra những điều gì?",통화채권투자신탁수익증권,통화채권투자신탁수익증권,True,펀드·신탁,자산운용·투자,1.0,1.0,1.0,0,,0,
KO-FIN-03831,투자등록과 관련된 투자 정보를 확인하고 싶습니다.,Tôi muốn xem thông tin đầu tư liên quan đến Đăng ký đầu tư.,투자등록,투자등록,True,자산운용·투자,금융시장·거래,1.0,1.0,1.0,0,,0,
KO-FIN-03835,투자신탁에 가입하기 전에 어떤 점을 확인해야 하나요?,"Trước khi đăng ký Quỹ đầu tư, tôi cần kiểm tra những điều gì?",투자신탁,투자신탁,True,펀드·신탁,자산운용·투자,1.0,1.0,1.0,0,,20,투자신탁
KO-FIN-03838,투자신탁협회의 운용 방식과 수수료를 확인하고 싶습니다.,Tôi muốn tìm hiểu về cách thức hoạt động và mức phí của Hiệp hội Quỹ Đầu tư.,투자신탁협회,투자신탁협회,True,펀드·신탁,자산운용·투자,1.0,1.0,1.0,0,,0,
KO-FIN-03843,투자자문업과 관련된 투자 정보를 확인하고 싶습니다.,Tôi muốn xem thông tin đầu tư liên quan đến Hoạt động tư vấn đầu tư.,투자자문업,투자자문업,True,자산운용·투자,,1.0,1.0,1.0,0,,0,
KO-FIN-03847,특별결의와 관련해 투자 전에 확인해야 할 사항이 있나요?,Có điều gì cần kiểm tra trước khi đầu tư liên quan đến Nghị quyết đặc biệt không?,특별결의,특별결의,True,주식,,1.0,1.0,1.0,0,,0,
KO-FIN-03852,특별담보물은 심사 결과에 따라 이용 가능 여부가 달라질 수 있습니다.,Tính khả dụng của Tài sản thế chấp đặc biệt có thể thay đổi tùy theo kết quả thẩm định.,특별담보물,특별담보물,True,대출,,1.0,1.0,1.0,0,,40,특별담보물
KO-FIN-03854,특별인출권과 관련된 거래 조건을 확인하고 싶습니다.,Tôi muốn kiểm tra các điều kiện giao dịch liên quan đến Quyền rút tiền đặc biệt.,특별인출권,특별인출권,True,국제금융,,1.0,1.0,1.0,0,,0,
KO-FIN-03856,특별인출권과 관련된 거래에서는 국가별 규정과 통화를 함께 확인해야 합니다.,"Trong các giao dịch liên quan đến Quyền rút tiền đặc biệt, cần phải kiểm tra cả các quy định của từng quốc gia và loại tiền tệ tương ứng.",특별인출권,특별인출권,True,국제금융,,1.0,1.0,1.0,0,,0,
KO-FIN-03858,특수채의 조건과 수익 구조를 확인하고 싶습니다.,Tôi muốn tìm hiểu về các điều kiện và cơ cấu lợi nhuận của Cây đặc biệt.,특수채,특수채,True,채권,금융기관·은행,1.0,1.0,1.0,0,,40,특수채
KO-FIN-03861,파생금융상품이 무엇인지 쉽게 설명해 주세요.,Xin vui lòng giải thích một cách dễ hiểu về Các sản phẩm tài chính phái sinh là gì.,파생금융상품,파생금융상품,True,파생상품,금융시장·거래,1.0,1.0,1.0,0,,0,
KO-FIN-03866,파생적예금에 적용되는 금리는 어떻게 되나요?,Lãi suất áp dụng cho Tiền gửi phái sinh là bao nhiêu?,파생적예금,파생적예금,True,예금상품,파생상품,1.0,1.0,1.0,0,,0,
KO-FIN-03869,파생증권이 무엇인지 설명해 주세요.,Vui lòng giải thích Chứng khoán phái sinh là gì.,파생증권,파생증권,True,증권·예탁,파생상품,1.0,1.0,1.0,0,,0,
KO-FIN-03875,파생통화 거래에는 어떤 위험이 있나요?,Giao dịch Tiền tệ phái sinh tiềm ẩn những rủi ro nào?,파생통화,파생통화,True,파생상품,,1.0,1.0,1.0,0,,0,
KO-FIN-03879,패리티와 관련해 투자 전에 확인해야 할 사항이 있나요?,Có điều gì cần kiểm tra trước khi đầu tư vào Parity không?,패리티,패리티,True,주식,,1.0,1.0,1.0,0,,0,
KO-FIN-03887,퍼포먼스 펀드에 가입하기 전에 어떤 점을 확인해야 하나요?,"Trước khi đăng ký Quỹ đầu tư hiệu suất, tôi cần kiểm tra những điều gì?",퍼포먼스 펀드,퍼포먼스 펀드,True,펀드·신탁,,1.0,1.0,1.0,0,,40,퍼포먼스 펀드
KO-FIN-03890,펀드매니저의 운용 방식과 수수료를 확인하고 싶습니다.,Tôi muốn tìm hiểu về cách thức hoạt động và mức phí của Quản lý quỹ.,펀드매니저,펀드매니저,True,펀드·신탁,,1.0,1.0,1.0,0,,40,펀드매니저
KO-FIN-03893,페니스탁이 무엇을 의미하나요?,PenisTac có nghĩa là gì?,페니스탁,페니스탁,True,금융시장·거래,,1.0,1.0,1.0,0,,0,
KO-FIN-03900,펠드스타인이론은 심사 결과에 따라 이용 가능 여부가 달라질 수 있습니다.,Tính khả dụng của Lý thuyết Feldstein có thể thay đổi tùy theo kết quả thẩm định.,펠드스타인이론,펠드스타인이론,True,대출,,1.0,1.0,1.0,0,,0,
KO-FIN-03901,평가절하에 대해 자세히 알려주세요.,Xin vui lòng cho biết thêm thông tin chi tiết về Sự mất giá.,평가절하,평가절하,True,해외송금·외환,,1.0,1.0,1.0,0,,40,평가절하
KO-FIN-03905,폐기증권이 무엇인지 설명해 주세요.,Vui lòng giải thích Chứng khoán đã hủy là gì.,폐기증권,폐기증권,True,증권·예탁,,1.0,1.0,1.0,0,,40,폐기증권
KO-FIN-03910,폐쇄식 담보부사채의 조건과 수익 구조를 확인하고 싶습니다.,Tôi muốn tìm hiểu về các điều kiện và cơ cấu lợi nhuận của Trái phiếu có bảo đảm dạng kín.,폐쇄식 담보부사채,폐쇄식 담보부사채,True,채권,,1.0,1.0,1.0,0,,40,폐쇄식 담보부사채
KO-FIN-03915,폐쇄형 투자신탁에 가입하기 전에 어떤 점을 확인해야 하나요?,"Trước khi đăng ký Quỹ đầu tư đóng, tôi cần kiểm tra những điều gì?",폐쇄형 투자신탁,폐쇄형 투자신탁,True,펀드·신탁,자산운용·투자,1.0,1.0,1.0,0,,40,폐쇄형 투자신탁
KO-FIN-03920,포괄주의는 기준 시점과 작성 기준을 함께 확인해야 합니다.,"Đối với Chủ nghĩa toàn diện, cần phải xác minh cả thời điểm tham chiếu và tiêu chí lập báo cáo.",포괄주의,포괄주의,True,회계·재무,,1.0,1.0,1.0,0,,0,
KO-FIN-03922,포괄증자와 관련된 정보를 확인하고 싶습니다.,Tôi muốn tra cứu thông tin liên quan đến Tăng vốn cổ phần toàn diện.,포괄증자,포괄증자,True,주식,,1.0,1.0,1.0,0,,40,포괄증자
KO-FIN-03925,포뮬러 플랜이 무엇인지 설명해 주세요.,Vui lòng giải thích Kế hoạch Công thức là gì.,포뮬러 플랜,포뮬러 플랜,True,주식,,1.0,1.0,1.0,0,,40,포뮬러 플랜
KO-FIN-03930,포스트와 관련된 시장 정보를 확인하고 싶습니다.,Tôi muốn xem thông tin thị trường liên quan đến Bài đăng.,포스트,포스트,True,금융시장·거래,,1.0,1.0,1.0,0,,40,포스트
KO-FIN-03935,포트폴리오 관리와 관련된 투자 정보를 확인하고 싶습니다.,Tôi muốn xem thông tin đầu tư liên quan đến Quản lý danh mục đầu tư.,포트폴리오 관리,포트폴리오 관리,True,자산운용·투자,,1.0,1.0,1.0,0,,0,
KO-FIN-03939,포트폴리오 선택과 관련된 투자 정보를 확인하고 싶습니다.,Tôi muốn xem thông tin đầu tư liên quan đến Lựa chọn danh mục đầu tư.,포트폴리오 선택,포트폴리오 선택,True,자산운용·투자,,1.0,1.0,1.0,0,,0,
KO-FIN-03943,포트폴리오 인슈어런스와 관련된 투자 정보를 확인하고 싶습니다.,Tôi muốn xem thông tin đầu tư liên quan đến Bảo hiểm danh mục đầu tư.,포트폴리오 인슈어런스,포트폴리오 인슈어런스,True,자산운용·투자,,1.0,1.0,1.0,0,,0,
KO-FIN-03947,폭포효과 거래에는 어떤 위험이 있나요?,Giao dịch Hiệu ứng thác nước tiềm ẩn những rủi ro nào?,폭포효과,폭포효과,True,파생상품,,1.0,1.0,1.0,0,,0,
KO-FIN-03949,표면이율이 무엇인지 설명해 주세요.,Vui lòng giải thích Hệ số bề mặt là gì.,표면이율,표면이율,True,채권,,1.0,1.0,1.0,0,,20,표면이율
KO-FIN-03955,풀서비스 브로커와 관련해 투자 전에 확인해야 할 사항이 있나요?,Có điều gì cần kiểm tra trước khi đầu tư liên quan đến Công ty môi giới dịch vụ trọn gói không?,풀서비스 브로커,풀서비스 브로커,True,주식,,1.0,1.0,1.0,0,,20,풀서비스 브로커
KO-FIN-03957,풋 옵션이 무엇인지 쉽게 설명해 주세요.,Xin vui lòng giải thích một cách dễ hiểu về Quyền chọn bán là gì.,풋 옵션,풋 옵션,True,파생상품,법률·계약,1.0,1.0,1.0,0,,0,
KO-FIN-03963,풋-콜 패리티와 관련된 투자 정보를 확인하고 싶습니다.,Tôi muốn xem thông tin đầu tư liên quan đến Nguyên lý tương đương put-call.,풋-콜 패리티,풋-콜 패리티,True,자산운용·투자,,1.0,1.0,1.0,0,,40,풋-콜 패리티
KO-FIN-03966,프로그램매매와 관련된 시장 정보를 확인하고 싶습니다.,Tôi muốn xem thông tin thị trường liên quan đến Giao dịch theo chương trình.,프로그램매매,프로그램매매,True,금융시장·거래,자산운용·투자,1.0,1.0,1.0,0,,0,
KO-FIN-03970,플라워본드의 조건과 수익 구조를 확인하고 싶습니다.,Tôi muốn tìm hiểu về các điều kiện và cơ cấu lợi nhuận của Flowerbond.,플라워본드,플라워본드,True,채권,,1.0,1.0,1.0,0,,0,
KO-FIN-03974,플로어 브로커와 관련된 시장 정보를 확인하고 싶습니다.,Tôi muốn xem thông tin thị trường liên quan đến Môi giới sàn giao dịch.,플로어 브로커,플로어 브로커,True,금융시장·거래,지급결제·청산,1.0,1.0,1.0,0,,40,플로어 브로커
KO-FIN-03977,필터기법이 무엇인지 설명해 주세요.,Vui lòng giải thích Kỹ thuật lọc là gì.,필터기법,필터기법,True,주식,,1.0,1.0,1.0,0,,0,
KO-FIN-03982,핑크 쉬트와 관련된 시장 정보를 확인하고 싶습니다.,Tôi muốn xem thông tin thị trường liên quan đến Tấm trải giường màu hồng.,핑크 쉬트,핑크 쉬트,True,금융시장·거래,,1.0,1.0,1.0,0,,20,핑크 쉬트
KO-FIN-03988,한국선물거래소를 확인할 때 시장 상황과 거래 조건을 함께 살펴보세요.,"Khi xem xét Sàn Giao dịch Hợp đồng Tương lai Hàn Quốc, hãy xem xét cả tình hình thị trường và các điều kiện giao dịch.",한국선물거래소,한국선물거래소,True,금융시장·거래,파생상품,1.0,1.0,1.0,0,,0,
KO-FIN-03991,한국선물협회 거래에는 어떤 위험이 있나요?,Giao dịch Hiệp hội Hợp đồng Tương lai Hàn Quốc tiềm ẩn những rủi ro nào?,한국선물협회,한국선물협회,True,파생상품,금융시장·거래,1.0,1.0,1.0,0,,0,
KO-FIN-03994,한국예탁증서 처리 절차를 확인하고 싶습니다.,Tôi muốn tìm hiểu về quy trình xử lý Chứng chỉ lưu ký Hàn Quốc.,한국예탁증서,한국예탁증서,True,증권·예탁,금융시장·거래,1.0,1.0,1.0,0,,0,
KO-FIN-03998,한국자금중개주식회사와 관련된 정보를 확인하고 싶습니다.,Tôi muốn tra cứu thông tin liên quan đến Công ty Cổ phần Môi giới Tài chính Hàn Quốc.,한국자금중개주식회사,한국자금중개주식회사,True,주식,해외송금·외환 / 금융시장·거래,1.0,1.0,1.0,0,,0,
KO-FIN-04002,한국주택저당금융주식회사와 관련된 정보를 확인하고 싶습니다.,Tôi muốn tra cứu thông tin liên quan đến Công ty Cổ phần Tài chính Thế chấp Nhà ở Hàn Quốc.,한국주택저당금융주식회사,한국주택저당금융주식회사,True,주식,부동산금융 / 자산운용·투자 / 금융기관·은행,1.0,1.0,1.0,0,,0,
KO-FIN-04006,한국증권금융주식회사 처리 절차를 확인하고 싶습니다.,Tôi muốn tìm hiểu về quy trình xử lý Công ty Cổ phần Tài chính Chứng khoán Hàn Quốc.,한국증권금융주식회사,한국증권금융주식회사,True,증권·예탁,금융시장·거래 / 주식 / 대출,1.0,1.0,1.0,0,,0,
KO-FIN-04010,한국증권대체결제주식회사 처리 절차를 확인하고 싶습니다.,Tôi muốn tìm hiểu về quy trình xử lý Công ty Cổ phần Thanh toán Thay thế Chứng khoán Hàn Quốc.,한국증권대체결제주식회사,한국증권대체결제주식회사,True,증권·예탁,주식 / 지급결제·청산 / 금융시장·거래,1.0,1.0,1.0,0,,0,
KO-FIN-04014,한국증권업협회 처리 절차를 확인하고 싶습니다.,Tôi muốn tìm hiểu về quy trình xử lý Hiệp hội Chứng khoán Hàn Quốc.,한국증권업협회,한국증권업협회,True,증권·예탁,금융시장·거래,1.0,1.0,1.0,0,,0,
KO-FIN-04017,한국증권연구원이 무엇인지 설명해 주세요.,Vui lòng giải thích Viện Nghiên cứu Chứng khoán Hàn Quốc là gì.,한국증권연구원,한국증권연구원,True,증권·예탁,,1.0,1.0,1.0,0,,0,
KO-FIN-04022,한국증권전산주식회사 처리 절차를 확인하고 싶습니다.,Tôi muốn tìm hiểu về quy trình xử lý Công ty Cổ phần Hệ thống Máy tính Chứng khoán Hàn Quốc.,한국증권전산주식회사,한국증권전산주식회사,True,증권·예탁,주식 / 금융시장·거래,1.0,1.0,1.0,0,,0,
KO-FIN-04026,할인발행을 이용하려면 어떤 조건이 필요한가요?,"Để sử dụng Phát hành giảm giá, cần phải đáp ứng những điều kiện nào?",할인발행,할인발행,True,기업금융·자본조달,채권,1.0,1.0,1.0,0,,0,
KO-FIN-04027,할인발행과 관련된 비용과 절차를 확인하고 싶습니다.,Tôi muốn tìm hiểu về các chi phí và thủ tục liên quan đến Phát hành giảm giá.,할인발행,할인발행,True,기업금융·자본조달,채권,1.0,1.0,1.0,0,,0,
KO-FIN-04030,할인상사에서 이용할 수 있는 금융업무는 무엇인가요?,Các dịch vụ tài chính nào có sẵn tại Công ty bán hàng giảm giá?,할인상사,할인상사,True,금융기관·은행,,1.0,1.0,1.0,0,,40,할인상사
KO-FIN-04034,할인율에서 이용할 수 있는 금융업무는 무엇인가요?,Các dịch vụ tài chính nào có sẵn tại Tỷ lệ chiết khấu?,할인율,할인율,True,금융기관·은행,,1.0,1.0,1.0,0,,0,
KO-FIN-04038,할인채의 조건과 수익 구조를 확인하고 싶습니다.,Tôi muốn tìm hiểu về các điều kiện và cơ cấu lợi nhuận của Trái phiếu chiết khấu.,할인채,할인채,True,채권,,1.0,1.0,1.0,0,,0,
KO-FIN-04042,합병교부금을 이용하려면 어떤 조건이 필요한가요?,"Để sử dụng Khoản trợ cấp sáp nhập, cần đáp ứng những điều kiện nào?",합병교부금,합병교부금,True,기업금융·자본조달,주식,1.0,1.0,1.0,0,,20,합병교부금
KO-FIN-04043,합병교부금과 관련된 비용과 절차를 확인하고 싶습니다.,Tôi muốn tìm hiểu về các chi phí và thủ tục liên quan đến Khoản trợ cấp sáp nhập.,합병교부금,합병교부금,True,기업금융·자본조달,주식,1.0,1.0,1.0,0,,20,합병교부금
KO-FIN-04046,합병기일을 이용하려면 어떤 조건이 필요한가요?,"Để sử dụng Ngày sáp nhập, cần đáp ứng những điều kiện nào?",합병기일,합병기일,True,기업금융·자본조달,주식,1.0,1.0,1.0,0,,0,
KO-FIN-04047,합병기일과 관련된 비용과 절차를 확인하고 싶습니다.,Tôi muốn tìm hiểu về các chi phí và thủ tục liên quan đến Ngày sáp nhập.,합병기일,합병기일,True,기업금융·자본조달,주식,1.0,1.0,1.0,0,,0,
KO-FIN-04050,합병비율을 이용하려면 어떤 조건이 필요한가요?,"Để sử dụng Tỷ lệ sáp nhập, cần phải đáp ứng những điều kiện nào?",합병비율,합병비율,True,기업금융·자본조달,주식,1.0,1.0,1.0,0,,0,
KO-FIN-04051,합병비율과 관련된 비용과 절차를 확인하고 싶습니다.,Tôi muốn tìm hiểu về các chi phí và thủ tục liên quan đến Tỷ lệ sáp nhập.,합병비율,합병비율,True,기업금융·자본조달,주식,1.0,1.0,1.0,0,,0,
KO-FIN-04054,합병차익을 이용하려면 어떤 조건이 필요한가요?,"Để sử dụng Lợi nhuận từ sáp nhập, cần phải đáp ứng những điều kiện nào?",합병차익,합병차익,True,기업금융·자본조달,,1.0,1.0,1.0,0,,0,
KO-FIN-04055,합병차익과 관련된 비용과 절차를 확인하고 싶습니다.,Tôi muốn tìm hiểu về các chi phí và thủ tục liên quan đến Lợi nhuận từ sáp nhập.,합병차익,합병차익,True,기업금융·자본조달,,1.0,1.0,1.0,0,,0,
KO-FIN-04058,합산주주와 관련된 정보를 확인하고 싶습니다.,Tôi muốn tra cứu thông tin liên quan đến Cổ đông tổng hợp.,합산주주,합산주주,True,주식,,1.0,1.0,1.0,0,,20,합산주주
KO-FIN-04065,핫머니에 대해 자세히 알려주세요.,Xin vui lòng cung cấp thông tin chi tiết về Tiền nóng.,핫머니,핫머니,True,해외송금·외환,,1.0,1.0,1.0,0,,40,핫머니
KO-FIN-04070,항상성장모형은 금융상품을 분석할 때 어떻게 사용되나요?,Mô hình phát triển liên tục được sử dụng như thế nào trong việc phân tích các sản phẩm tài chính?,항상성장모형,항상성장모형,True,금융공학·분석,주식 / 자산운용·투자,1.0,1.0,1.0,0,,40,항상성장모형
KO-FIN-04072,항상성장모형의 결과는 사용한 가정과 시장 데이터에 따라 달라질 수 있습니다.,Kết quả của Mô hình phát triển liên tục có thể thay đổi tùy thuộc vào các giả định và dữ liệu thị trường được sử dụng.,항상성장모형,항상성장모형,True,금융공학·분석,주식 / 자산운용·투자,1.0,1.0,1.0,0,,40,항상성장모형
KO-FIN-04073,해외증권 관련주식이 무엇인지 설명해 주세요.,Vui lòng giải thích Cổ phiếu liên quan đến chứng khoán nước ngoài là gì.,해외증권 관련주식,해외증권 관련주식,True,증권·예탁,주식,1.0,1.0,1.0,0,,0,
KO-FIN-04077,해외증권이 무엇인지 설명해 주세요.,Vui lòng giải thích Chứng khoán nước ngoài là gì.,해외증권,해외증권,True,증권·예탁,,1.0,1.0,1.0,0,,0,
KO-FIN-04083,헤지펀드에 가입하기 전에 어떤 점을 확인해야 하나요?,"Trước khi đăng ký Quỹ đầu cơ, tôi cần kiểm tra những điểm nào?",헤지펀드,헤지펀드,True,펀드·신탁,파생상품,1.0,1.0,1.0,0,,40,헤지펀드
KO-FIN-04091,현금관리계좌 과정에서 문제가 발생한 것 같습니다.,Có vẻ như đã xảy ra sự cố trong quá trình Tài khoản quản lý tiền mặt.,현금관리계좌,현금관리계좌,True,지급결제·청산,,1.0,1.0,1.0,0,,0,
KO-FIN-04094,현물채의 조건과 수익 구조를 확인하고 싶습니다.,Tôi muốn tìm hiểu về các điều kiện và cơ cấu lợi nhuận của Trái phiếu giao ngay.,현물채,현물채,True,채권,,1.0,1.0,1.0,0,,40,현물채
KO-FIN-04098,현물출자와 관련된 정보를 확인하고 싶습니다.,Tôi muốn tra cứu thông tin liên quan đến Đóng góp bằng tài sản hiện vật.,현물출자,현물출자,True,주식,,1.0,1.0,1.0,0,,40,현물출자
KO-FIN-04101,현물환거래에 대해 자세히 알려주세요.,Xin vui lòng cung cấp thông tin chi tiết về Giao dịch ngoại hối giao ngay.,현물환거래,현물환거래,True,해외송금·외환,금융시장·거래,1.0,1.0,1.0,0,,20,현물환거래
KO-FIN-04106,현선매매와 관련된 시장 정보를 확인하고 싶습니다.,Tôi muốn xem thông tin thị trường liên quan đến Giao dịch theo giá thị trường.,현선매매,현선매매,True,금융시장·거래,증권·예탁,1.0,1.0,1.0,0,,40,현선매매
KO-FIN-04109,현지대리인이 금융거래에서 무엇을 의미하나요?,Đại diện tại địa phương có ý nghĩa gì trong giao dịch tài chính này?,현지대리인,현지대리인,True,법률·계약,증권·예탁,1.0,1.0,1.0,0,,20,현지대리인
KO-FIN-04113,현지보관기관이 무엇인지 설명해 주세요.,Vui lòng giải thích Cơ quan lưu trữ tại địa phương là gì.,현지보관기관,현지보관기관,True,증권·예탁,자산운용·투자,1.0,1.0,1.0,0,,0,
KO-FIN-04117,호가구동시장이 무엇을 의미하나요?,Chợ Hogagu-dong có nghĩa là gì?,호가구동시장,호가구동시장,True,금융시장·거래,,1.0,1.0,1.0,0,,0,
KO-FIN-04121,호가전예납이 무엇을 의미하나요?,Tiền đặt cọc trước khi đấu giá có nghĩa là gì?,호가전예납,호가전예납,True,금융시장·거래,,1.0,1.0,1.0,0,,40,호가전예납
KO-FIN-04125,혼합보관이 무엇인지 설명해 주세요.,Vui lòng giải thích Lưu trữ hỗn hợp là gì.,혼합보관,혼합보관,True,증권·예탁,,1.0,1.0,1.0,0,,0,
KO-FIN-04131,혼합주와 관련해 투자 전에 확인해야 할 사항이 있나요?,Có điều gì cần kiểm tra trước khi đầu tư liên quan đến Rượu pha trộn không?,혼합주,혼합주,True,주식,,1.0,1.0,1.0,0,,0,
KO-FIN-04133,확정금리부증권이 무엇인지 설명해 주세요.,Vui lòng giải thích Chứng khoán có lãi suất cố định là gì.,확정금리부증권,확정금리부증권,True,증권·예탁,,1.0,1.0,1.0,0,,0,
KO-FIN-04137,환 포지션에 대해 자세히 알려주세요.,Xin vui lòng cho biết thêm thông tin chi tiết về Vị thế mua.,환 포지션,환 포지션,True,해외송금·외환,,1.0,1.0,1.0,0,,40,환 포지션
KO-FIN-04138,환 포지션을 확인하고 싶습니다.,Tôi muốn kiểm tra Vị thế mua.,환 포지션,환 포지션,True,해외송금·외환,,1.0,1.0,1.0,0,,40,환 포지션
KO-FIN-04141,환노출에 대해 자세히 알려주세요.,Xin vui lòng cho biết thêm thông tin chi tiết về Tiếp xúc với ánh sáng mặt trời.,환노출,환노출,True,해외송금·외환,,1.0,1.0,1.0,0,,30,환노출
KO-FIN-04142,환노출을 확인하고 싶습니다.,Tôi muốn kiểm tra Tiếp xúc với ánh sáng mặt trời.,환노출,환노출,True,해외송금·외환,,1.0,1.0,1.0,0,,30,환노출
KO-FIN-04145,환리스크에 대해 자세히 알려주세요.,Xin vui lòng cho biết thêm thông tin chi tiết về Rủi ro hối đoái.,환리스크,환리스크,True,해외송금·외환,신용·리스크,1.0,1.0,1.0,0,,40,환리스크
KO-FIN-04149,환어음이 무엇인지 설명해 주세요.,Vui lòng giải thích Hối phiếu là gì.,환어음,환어음,True,지급결제·청산,,1.0,1.0,1.0,0,,40,환어음
KO-FIN-04153,환취권이 무엇인지 설명해 주세요.,Vui lòng giải thích Quyền thu hồi là gì.,환취권,환취권,True,증권·예탁,법률·계약,1.0,1.0,1.0,0,,20,환취권
KO-FIN-04157,회사분할이 금융거래에 어떻게 적용되나요?,Tách công ty được áp dụng như thế nào trong giao dịch tài chính này?,회사분할,회사분할,True,금융법규·감독,,1.0,1.0,1.0,0,,0,
KO-FIN-04159,회사분할 때문에 추가로 확인해야 할 사항이 있나요?,Có điều gì cần kiểm tra thêm do Tách công ty không?,회사분할,회사분할,True,금융법규·감독,,1.0,1.0,1.0,0,,0,
KO-FIN-04161,회사정리법이 무엇인지 설명해 주세요.,Vui lòng giải thích Luật Tái cơ cấu Doanh nghiệp là gì.,회사정리법,회사정리법,True,주식,,1.0,1.0,1.0,0,,20,회사정리법
KO-FIN-04166,회사채의 조건과 수익 구조를 확인하고 싶습니다.,Tôi muốn tìm hiểu về các điều kiện và cơ cấu lợi nhuận của Trái phiếu doanh nghiệp.,회사채,회사채,True,채권,,1.0,1.0,1.0,0,,40,회사채
KO-FIN-04171,회사형 투자신탁에 가입하기 전에 어떤 점을 확인해야 하나요?,"Trước khi đăng ký Quỹ đầu tư kiểu công ty, tôi cần kiểm tra những điều gì?",회사형 투자신탁,회사형 투자신탁,True,펀드·신탁,자산운용·투자,1.0,1.0,1.0,0,,0,
KO-FIN-04174,회원증권회사 처리 절차를 확인하고 싶습니다.,Tôi muốn tìm hiểu về quy trình xử lý Công ty chứng khoán thành viên.,회원증권회사,회원증권회사,True,증권·예탁,금융시장·거래,1.0,1.0,1.0,0,,20,회원증권회사
KO-FIN-04179,후배주와 관련해 투자 전에 확인해야 할 사항이 있나요?,Có điều gì cần kiểm tra trước khi đầu tư liên quan đến Cổ phiếu của các công ty mới thành lập không?,후배주,후배주,True,주식,,1.0,1.0,1.0,0,,40,후배주
KO-FIN-04182,후순위채의 조건과 수익 구조를 확인하고 싶습니다.,Tôi muốn tìm hiểu về các điều kiện và cơ cấu lợi nhuận của Trái phiếu thứ cấp.,후순위채,후순위채,True,채권,,1.0,1.0,1.0,0,,40,후순위채
KO-FIN-04185,ABMF이 무엇인지 설명해 주세요.,Vui lòng giải thích ABMF là gì.,ABMF,ABMF,True,채권,,1.0,1.0,1.0,0,,0,
KO-FIN-04189,ABMI이 무엇인지 설명해 주세요.,Vui lòng giải thích ABMI là gì.,ABMI,ABMI,True,채권,,1.0,1.0,1.0,0,,0,
KO-FIN-04193,ACG이 무엇인지 설명해 주세요.,Vui lòng giải thích ACG là gì.,ACG,ACG,True,증권·예탁,,1.0,1.0,1.0,0,,0,
KO-FIN-04197,AECSD이 무엇인지 설명해 주세요.,Vui lòng giải thích AECSD là gì.,AECSD,AECSD,True,증권·예탁,,1.0,1.0,1.0,0,,0,
KO-FIN-04213,ASIFMA이 무엇을 의미하나요?,ASIFMA có nghĩa là gì?,ASIFMA,ASIFMA,True,금융시장·거래,,1.0,1.0,1.0,0,,0,
KO-FIN-04221,ATS이 무엇을 의미하나요?,ATS có nghĩa là gì?,ATS,ATS,True,금융시장·거래,,1.0,1.0,1.0,0,,0,
KO-FIN-04225,AUSTRACLEAR이 무엇인지 설명해 주세요.,Vui lòng giải thích AUSTRACLEAR là gì.,AUSTRACLEAR,AUSTRACLEAR,True,지급결제·청산,금융시장·거래,1.0,1.0,1.0,0,,40,AUSTRACLEAR
KO-FIN-04229,BA이 무엇을 의미하나요?,BA có nghĩa là gì?,BA,BA,True,금융시장·거래,,1.0,1.0,1.0,0,,0,
KO-FIN-04233,Bachmann Report이 무엇인지 설명해 주세요.,Vui lòng giải thích Báo cáo Bachmann là gì.,Bachmann Report,Bachmann Report,True,지급결제·청산,증권·예탁,1.0,1.0,1.0,0,,40,Bachmann Report
KO-FIN-04237,back office이 무엇을 의미하나요?,bộ phận hậu cần có nghĩa là gì?,back office,back office,True,금융시장·거래,증권·예탁,1.0,1.0,1.0,0,,40,back office
KO-FIN-04243,최근 backwardation의 변화를 확인하고 싶습니다.,Tôi muốn xem những thay đổi gần đây của tình trạng giá kỳ hạn thấp hơn giá giao ngay.,backwardation,backwardation,True,경제·거시금융,,1.0,1.0,1.0,0,,40,backwardation
KO-FIN-04244,backwardation은 다른 경제지표와 함께 해석하는 것이 좋습니다.,Nên phân tích tình trạng giá kỳ hạn thấp hơn giá giao ngay cùng với các chỉ số kinh tế khác.,backwardation,backwardation,True,경제·거시금융,,1.0,1.0,1.0,0,,40,backwardation
KO-FIN-04245,bad delivery이 무엇인지 설명해 주세요.,Vui lòng giải thích giao hàng không đúng quy định là gì.,bad delivery,bad delivery,True,증권·예탁,,1.0,1.0,1.0,0,,40,bad delivery
KO-FIN-04253,BBS이 무엇을 의미하나요?,BBS có nghĩa là gì?,BBS,BBS,True,금융시장·거래,,1.0,1.0,1.0,0,,0,
KO-FIN-04257,bear hug이 무엇인지 설명해 주세요.,Vui lòng giải thích cái ôm siết chặt là gì.,bear hug,bear hug,True,주식,,1.0,1.0,1.0,0,,40,bear hug
KO-FIN-04261,bear raid이 무엇인지 설명해 주세요.,Vui lòng giải thích cuộc tấn công bear là gì.,bear raid,bear raid,True,주식,금융시장·거래,1.0,1.0,1.0,0,,40,bear raid
KO-FIN-04266,BIC에서 이용할 수 있는 금융업무는 무엇인가요?,Các dịch vụ tài chính nào có sẵn tại BIC?,BIC,BIC,True,금융기관·은행,,1.0,1.0,1.0,0,,0,
KO-FIN-04269,black monday이 무엇을 의미하나요?,Thứ Hai Đen có nghĩa là gì?,black monday,black monday,True,금융시장·거래,주식,1.0,1.0,1.0,0,,40,black monday
KO-FIN-04277,BLUE SKY LAW이 무엇인지 설명해 주세요.,Vui lòng giải thích BLUE SKY LAW là gì.,BLUE SKY LAW,BLUE SKY LAW,True,증권·예탁,,1.0,1.0,1.0,0,,40,BLUE SKY LAW
KO-FIN-04284,BOK-WIRE과 관련된 세부 업무는 해당 기관의 안내를 확인해 주세요.,Vui lòng tham khảo hướng dẫn của cơ quan có liên quan để biết chi tiết về công việc liên quan đến BOK-WIRE.,BOK-WIRE,BOK-WIRE,True,금융기관·은행,,1.0,1.0,1.0,0,,0,
KO-FIN-04285,bond power이 무엇인지 설명해 주세요.,Vui lòng giải thích sức mạnh của trái phiếu là gì.,bond power,bond power,True,채권,,1.0,1.0,1.0,0,,40,bond power
KO-FIN-04293,buy/sell-back이 무엇인지 설명해 주세요.,Vui lòng giải thích mua/bán lại là gì.,buy/sell-back,buy/sell-back,True,증권·예탁,,1.0,1.0,1.0,0,,40,buy/sell-back
KO-FIN-04300,CAMEL과 관련된 세부 업무는 해당 기관의 안내를 확인해 주세요.,Vui lòng tham khảo hướng dẫn của cơ quan có liên quan để biết chi tiết về công việc liên quan đến CAMEL.,CAMEL,CAMEL,True,금융기관·은행,,1.0,1.0,1.0,0,,0,
KO-FIN-04301,cargo project이 무엇인지 설명해 주세요.,Vui lòng giải thích Dự án Cargo là gì.,cargo project,cargo project,True,증권·예탁,주식,1.0,1.0,1.0,0,,40,cargo project
KO-FIN-04305,cashless society은 어떻게 이용하나요?,Làm thế nào để sử dụng xã hội không dùng tiền mặt?,cashless society,cashless society,True,카드·전자금융,,1.0,1.0,1.0,0,,40,cashless society
KO-FIN-04308,cashless society 이용 시 개인정보와 인증정보를 안전하게 관리해 주세요.,"Khi sử dụng xã hội không dùng tiền mặt, vui lòng quản lý an toàn thông tin cá nhân và thông tin xác thực của quý vị.",cashless society,cashless society,True,카드·전자금융,,1.0,1.0,1.0,0,,40,cashless society
KO-FIN-04309,CBF이 무엇인지 설명해 주세요.,Vui lòng giải thích CBF là gì.,CBF,CBF,True,증권·예탁,,1.0,1.0,1.0,0,,0,
KO-FIN-04313,CBL이 무엇인지 설명해 주세요.,Vui lòng giải thích CBL là gì.,CBL,CBL,True,증권·예탁,,1.0,1.0,1.0,0,,0,
KO-FIN-04317,CCASS이 무엇인지 설명해 주세요.,Vui lòng giải thích CCASS là gì.,CCASS,CCASS,True,지급결제·청산,,1.0,1.0,1.0,0,,0,
KO-FIN-04325,CDS이 무엇인지 쉽게 설명해 주세요.,Xin vui lòng giải thích một cách dễ hiểu về CDS là gì.,CDS,CDS,True,파생상품,,1.0,1.0,1.0,0,,20,CDS
KO-FIN-04329,CEDEL이 무엇인지 설명해 주세요.,Vui lòng giải thích CEDEL là gì.,CEDEL,CEDEL,True,증권·예탁,금융시장·거래,1.0,1.0,1.0,0,,0,
KO-FIN-04333,CFA이 무엇인지 설명해 주세요.,Vui lòng giải thích CFA là gì.,CFA,CFA,True,증권·예탁,,1.0,1.0,1.0,0,,0,
KO-FIN-04337,CFI이 무엇인지 설명해 주세요.,Vui lòng giải thích CFI là gì.,CFI,CFI,True,증권·예탁,,1.0,1.0,1.0,0,,0,
KO-FIN-04342,CFO을 통해 어떤 정보를 확인할 수 있나요?,"Thông qua Giám đốc tài chính (CFO), tôi có thể tra cứu những thông tin nào?",CFO,CFO,True,회계·재무,,1.0,1.0,1.0,0,,0,
KO-FIN-04344,CFO은 기준 시점과 작성 기준을 함께 확인해야 합니다.,"Đối với Giám đốc tài chính (CFO), cần phải xác minh cả thời điểm tham chiếu và tiêu chí lập báo cáo.",CFO,CFO,True,회계·재무,,1.0,1.0,1.0,0,,0,
KO-FIN-04347,CGIF과 관련된 투자 정보를 확인하고 싶습니다.,Tôi muốn xem thông tin đầu tư liên quan đến CGIF.,CGIF,CGIF,True,자산운용·투자,,1.0,1.0,1.0,0,,0,
KO-FIN-04349,CGO이 무엇인지 설명해 주세요.,Vui lòng giải thích CGO là gì.,CGO,CGO,True,증권·예탁,,1.0,1.0,1.0,0,,0,
KO-FIN-04353,CHAPS이 무엇을 의미하나요?,CHAPS có nghĩa là gì?,CHAPS,CHAPS,True,금융시장·거래,,1.0,1.0,1.0,0,,0,
KO-FIN-04361,checkless society이 무엇을 의미하나요?,xã hội không cần séc có nghĩa là gì?,checkless society,checkless society,True,금융시장·거래,,1.0,1.0,1.0,0,,40,checkless society
KO-FIN-04365,CHESS이 무엇인지 설명해 주세요.,Vui lòng giải thích CỜ VUA là gì.,CHESS,CHESS,True,지급결제·청산,,1.0,1.0,1.0,0,,40,CHESS
KO-FIN-04373,CIK이 무엇인지 설명해 주세요.,Vui lòng giải thích CIK là gì.,CIK,CIK,True,증권·예탁,금융시장·거래 / 자산운용·투자,1.0,1.0,1.0,0,,0,
KO-FIN-04377,CMA이 무엇인지 설명해 주세요.,Vui lòng giải thích CMA là gì.,CMA,CMA,True,증권·예탁,펀드·신탁 / 자산운용·투자,1.0,1.0,1.0,0,,0,
KO-FIN-04381,CMI에 대해 자세히 알려주세요.,Xin vui lòng cho biết thêm thông tin chi tiết về CMI.,CMI,CMI,True,해외송금·외환,,1.0,1.0,1.0,0,,0,
KO-FIN-04382,CMI을 확인하고 싶습니다.,Tôi muốn kiểm tra CMI.,CMI,CMI,True,해외송금·외환,,1.0,1.0,1.0,0,,0,
KO-FIN-04385,CMO이 무엇인지 설명해 주세요.,Vui lòng giải thích CMO là gì.,CMO,CMO,True,증권·예탁,,1.0,1.0,1.0,0,,0,
KO-FIN-04402,conglomerate을 이용하려면 어떤 조건이 필요한가요?,"Để sử dụng tập đoàn đa ngành, cần phải đáp ứng những điều kiện nào?",conglomerate,conglomerate,True,기업금융·자본조달,,1.0,1.0,1.0,0,,40,conglomerate
KO-FIN-04403,conglomerate과 관련된 비용과 절차를 확인하고 싶습니다.,Tôi muốn tìm hiểu về các chi phí và thủ tục liên quan đến tập đoàn đa ngành.,conglomerate,conglomerate,True,기업금융·자본조달,,1.0,1.0,1.0,0,,40,conglomerate
KO-FIN-04407,"country risk, sovereign risk과 관련된 투자 정보를 확인하고 싶습니다.","Tôi muốn xem thông tin đầu tư liên quan đến rủi ro quốc gia, rủi ro chủ quyền.","country risk, sovereign risk","country risk, sovereign risk",True,자산운용·투자,,1.0,1.0,1.0,0,,40,"country risk, sovereign risk"
KO-FIN-04413,covered warrant이 무엇인지 쉽게 설명해 주세요.,Xin vui lòng giải thích một cách dễ hiểu về chứng quyền được bảo đảm là gì.,covered warrant,covered warrant,True,파생상품,,1.0,1.0,1.0,0,,40,covered warrant
KO-FIN-04417,CPSS이 무엇인지 설명해 주세요.,Vui lòng giải thích CPSS là gì.,CPSS,CPSS,True,지급결제·청산,,1.0,1.0,1.0,0,,0,
KO-FIN-04421,CREST이 무엇인지 설명해 주세요.,Vui lòng giải thích CREST là gì.,CREST,CREST,True,증권·예탁,금융시장·거래 / 지급결제·청산 / 채권 / 자산운용·투자,1.0,1.0,1.0,0,,0,
KO-FIN-04431,crown jewel과 관련된 내용을 확인하고 싶습니다.,Tôi muốn xem thông tin liên quan đến viên ngọc quý nhất.,crown jewel,crown jewel,True,기타 금융일반,,1.0,1.0,1.0,0,,40,crown jewel
KO-FIN-04432,crown jewel의 정확한 의미는 해당 금융거래의 맥락과 함께 확인해야 합니다.,Ý nghĩa chính xác của viên ngọc quý nhất cần được xác định dựa trên bối cảnh của giao dịch tài chính đó.,crown jewel,crown jewel,True,기타 금융일반,,1.0,1.0,1.0,0,,40,crown jewel
KO-FIN-04433,CSD이 무엇인지 설명해 주세요.,Vui lòng giải thích CSD là gì.,CSD,CSD,True,증권·예탁,금융시장·거래,1.0,1.0,1.0,0,,0,
KO-FIN-04437,CUSIP이 무엇인지 설명해 주세요.,Vui lòng giải thích CUSIP là gì.,CUSIP,CUSIP,True,증권·예탁,,1.0,1.0,1.0,0,,0,
KO-FIN-04441,D.K.이 무엇을 의미하나요?,D.K. có nghĩa là gì?,D.K.,D.K.,True,금융시장·거래,,1.0,1.0,1.0,0,,0,
KO-FIN-04445,day trading이 무엇인지 설명해 주세요.,Vui lòng giải thích giao dịch trong ngày là gì.,day trading,day trading,True,주식,,1.0,1.0,1.0,0,,40,day trading
KO-FIN-04449,DBC이 무엇인지 설명해 주세요.,Vui lòng giải thích DBC là gì.,DBC,DBC,True,증권·예탁,금융시장·거래,1.0,1.0,1.0,0,,0,
KO-FIN-04460,dollar usance과 관련된 세부 업무는 해당 기관의 안내를 확인해 주세요.,Vui lòng tham khảo hướng dẫn của cơ quan có liên quan để biết chi tiết về các công việc liên quan đến thói quen sử dụng đồng đô la.,dollar usance,dollar usance,True,금융기관·은행,,1.0,1.0,1.0,0,,40,dollar usance
KO-FIN-04461,DTC이 무엇인지 설명해 주세요.,Vui lòng giải thích DTC là gì.,DTC,DTC,True,증권·예탁,지급결제·청산 / 금융시장·거래,1.0,1.0,1.0,0,,0,
KO-FIN-04465,Due bill이 무엇인지 설명해 주세요.,Vui lòng giải thích Hóa đơn đến hạn thanh toán là gì.,Due bill,Due bill,True,주식,,1.0,1.0,1.0,0,,40,Due bill
KO-FIN-04469,dutch auction이 무엇인지 설명해 주세요.,Vui lòng giải thích đấu giá kiểu Hà Lan là gì.,dutch auction,dutch auction,True,채권,,1.0,1.0,1.0,0,,40,dutch auction
KO-FIN-04473,DVP link이 무엇인지 설명해 주세요.,Vui lòng giải thích Liên kết DVP là gì.,DVP link,DVP link,True,증권·예탁,,1.0,1.0,1.0,0,,0,
KO-FIN-04477,E-TRADE이 무엇인지 설명해 주세요.,Vui lòng giải thích E-TRADE là gì.,E-TRADE,E-TRADE,True,증권·예탁,,1.0,1.0,1.0,0,,0,
KO-FIN-04481,ECF이 무엇인지 설명해 주세요.,Vui lòng giải thích ECF là gì.,ECF,ECF,True,지급결제·청산,금융기관·은행,1.0,1.0,1.0,0,,0,
KO-FIN-04485,EDR이 무엇인지 설명해 주세요.,Vui lòng giải thích EDR là gì.,EDR,EDR,True,증권·예탁,,1.0,1.0,1.0,0,,0,
KO-FIN-04489,EMCC이 무엇인지 설명해 주세요.,Vui lòng giải thích EMCC là gì.,EMCC,EMCC,True,지급결제·청산,금융시장·거래,1.0,1.0,1.0,0,,0,
KO-FIN-04495,EMEA과 관련된 내용을 확인하고 싶습니다.,Tôi muốn xem nội dung liên quan đến EMEA.,EMEA,EMEA,True,기타 금융일반,,1.0,1.0,1.0,0,,0,
KO-FIN-04496,EMEA의 정확한 의미는 해당 금융거래의 맥락과 함께 확인해야 합니다.,Ý nghĩa chính xác của EMEA cần được xác định dựa trên bối cảnh của giao dịch tài chính đó.,EMEA,EMEA,True,기타 금융일반,,1.0,1.0,1.0,0,,0,
KO-FIN-04497,ETF이 무엇을 의미하나요?,ETF có nghĩa là gì?,ETF,ETF,True,금융시장·거래,,1.0,1.0,1.0,0,,0,
KO-FIN-04504,EURIBOR은 심사 결과에 따라 이용 가능 여부가 달라질 수 있습니다.,Tính khả dụng của EURIBOR có thể thay đổi tùy theo kết quả thẩm định.,EURIBOR,EURIBOR,True,대출,,1.0,1.0,1.0,0,,40,EURIBOR
KO-FIN-04505,EUROCLEAR이 무엇인지 설명해 주세요.,Vui lòng giải thích EUROCLEAR là gì.,EUROCLEAR,EUROCLEAR,True,증권·예탁,,1.0,1.0,1.0,0,,40,EUROCLEAR
KO-FIN-04511,EVA과 관련된 투자 정보를 확인하고 싶습니다.,Tôi muốn xem thông tin đầu tư liên quan đến EVA.,EVA,EVA,True,자산운용·투자,,1.0,1.0,1.0,0,,0,
KO-FIN-04513,fallen angel이 무엇인지 설명해 주세요.,Vui lòng giải thích thiên thần sa ngã là gì.,fallen angel,fallen angel,True,증권·예탁,,1.0,1.0,1.0,0,,40,fallen angel
KO-FIN-04518,FED-WIRE을 이용하려면 어떻게 해야 하나요?,Làm thế nào để sử dụng FED-WIRE?,FED-WIRE,FED-WIRE,True,이체,증권·예탁,1.0,1.0,1.0,0,,0,
KO-FIN-04520,FED-WIRE을 진행하기 전에 입력한 정보를 다시 확인해 주세요.,"Trước khi tiến hành FED-WIRE, vui lòng kiểm tra lại thông tin đã nhập.",FED-WIRE,FED-WIRE,True,이체,증권·예탁,1.0,1.0,1.0,0,,0,
KO-FIN-04521,fill or kill order이 무엇을 의미하나요?,lệnh mua hoặc bán ngay có nghĩa là gì?,fill or kill order,fill or kill order,True,금융시장·거래,,1.0,1.0,1.0,0,,40,fill or kill order
KO-FIN-04525,finality of payment이 무엇인지 설명해 주세요.,Vui lòng giải thích tính cuối cùng của khoản thanh toán là gì.,finality of payment,finality of payment,True,지급결제·청산,이체 / 금융기관·은행,1.0,1.0,1.0,0,,40,finality of payment
KO-FIN-04533,FIX이 무엇을 의미하나요?,FIX có nghĩa là gì?,FIX,FIX,True,금융시장·거래,,1.0,1.0,1.0,0,,0,
KO-FIN-04537,flipping이 무엇인지 설명해 주세요.,Vui lòng giải thích flipping là gì.,flipping,flipping,True,증권·예탁,,1.0,1.0,1.0,0,,40,flipping
KO-FIN-04541,FORM 10-K이 금융거래에서 무엇을 의미하나요?,MẪU 10-K có ý nghĩa gì trong giao dịch tài chính này?,FORM 10-K,FORM 10-K,True,법률·계약,,1.0,1.0,1.0,0,,0,
KO-FIN-04545,FORM 10-Q이 무엇인지 설명해 주세요.,Vui lòng giải thích MẪU 10-Q là gì.,FORM 10-Q,FORM 10-Q,True,증권·예탁,,1.0,1.0,1.0,0,,0,
KO-FIN-04557,FORM 8-K이 무엇을 의미하나요?,MẪU 8-K có nghĩa là gì?,FORM 8-K,FORM 8-K,True,금융시장·거래,,1.0,1.0,1.0,0,,20,FORM 8-K
KO-FIN-04561,forward pricing이 무엇인지 설명해 주세요.,Vui lòng giải thích định giá trước là gì.,forward pricing,forward pricing,True,주식,,1.0,1.0,1.0,0,,40,forward pricing
KO-FIN-04569,FUND/SERV이 무엇인지 설명해 주세요.,Vui lòng giải thích FUND/SERV là gì.,FUND/SERV,FUND/SERV,True,지급결제·청산,금융기관·은행,1.0,1.0,1.0,0,,0,
KO-FIN-04573,FV/EBITDA이 무엇인지 설명해 주세요.,Vui lòng giải thích FV/EBITDA là gì.,FV/EBITDA,FV/EBITDA,True,주식,,1.0,1.0,1.0,0,,0,
KO-FIN-04577,G-30이 무엇인지 설명해 주세요.,Vui lòng giải thích G-30 là gì.,G-30,G-30,True,증권·예탁,,1.0,1.0,1.0,0,,0,
KO-FIN-04581,gilt-edged securities이 무엇인지 설명해 주세요.,Vui lòng giải thích các chứng khoán có độ an toàn cao là gì.,gilt-edged securities,gilt-edged securities,True,증권·예탁,,1.0,1.0,1.0,0,,40,gilt-edged securities
KO-FIN-04588,giro lombard over draft과 관련된 세부 업무는 해당 기관의 안내를 확인해 주세요.,Vui lòng tham khảo hướng dẫn của cơ quan có liên quan để biết chi tiết về công việc liên quan đến Giro Lombard - Dịch vụ thấu chi.,giro lombard over draft,giro lombard over draft,True,금융기관·은행,,1.0,1.0,1.0,0,,0,
KO-FIN-04589,GLOBALCLEAR이 무엇인지 설명해 주세요.,Vui lòng giải thích GLOBALCLEAR là gì.,GLOBALCLEAR,GLOBALCLEAR,True,지급결제·청산,,1.0,1.0,1.0,0,,0,
KO-FIN-04593,GLOBEX ALLIANCE이 무엇을 의미하나요?,GLOBEX ALLIANCE có nghĩa là gì?,GLOBEX ALLIANCE,GLOBEX ALLIANCE,True,금융시장·거래,,1.0,1.0,1.0,0,,40,GLOBEX ALLIANCE
KO-FIN-04597,GNMA이 무엇인지 설명해 주세요.,Vui lòng giải thích GNMA là gì.,GNMA,GNMA,True,증권·예탁,,1.0,1.0,1.0,0,,0,
KO-FIN-04601,greenmail이 무엇인지 설명해 주세요.,Vui lòng giải thích greenmail là gì.,greenmail,greenmail,True,주식,,1.0,1.0,1.0,0,,40,greenmail
KO-FIN-04607,grey market과 관련된 투자 정보를 확인하고 싶습니다.,Tôi muốn xem thông tin đầu tư liên quan đến thị trường xám.,grey market,grey market,True,자산운용·투자,,1.0,1.0,1.0,0,,40,grey market
KO-FIN-04609,gun jumping이 무엇을 의미하나요?,bắn trước khi ra hiệu có nghĩa là gì?,gun jumping,gun jumping,True,금융시장·거래,,1.0,1.0,1.0,0,,40,gun jumping
KO-FIN-04613,HKSCC이 무엇을 의미하나요?,HKSCC có nghĩa là gì?,HKSCC,HKSCC,True,금융시장·거래,증권·예탁,1.0,1.0,1.0,0,,0,
KO-FIN-04617,hub & spokes이 무엇인지 설명해 주세요.,Vui lòng giải thích mô hình trung tâm và các nhánh là gì.,hub & spokes,hub & spokes,True,지급결제·청산,증권·예탁,1.0,1.0,1.0,0,,40,hub & spokes
KO-FIN-04621,IBAN에 대해 자세히 알려주세요.,Xin vui lòng cho biết thêm thông tin chi tiết về IBAN.,IBAN,IBAN,True,해외송금·외환,,1.0,1.0,1.0,0,,0,
KO-FIN-04622,IBAN을 확인하고 싶습니다.,Tôi muốn kiểm tra IBAN.,IBAN,IBAN,True,해외송금·외환,,1.0,1.0,1.0,0,,0,
KO-FIN-04625,IID이 무엇을 의미하나요?,IID có nghĩa là gì?,IID,IID,True,금융시장·거래,,1.0,1.0,1.0,0,,0,
KO-FIN-04630,IMF 8조국과 관련된 거래 조건을 확인하고 싶습니다.,Tôi muốn kiểm tra các điều kiện giao dịch liên quan đến Quốc gia có khoản vay 8 nghìn tỷ từ IMF.,IMF 8조국,IMF 8조국,True,국제금융,,1.0,1.0,1.0,0,,30,IMF 8조국
KO-FIN-04632,IMF 8조국과 관련된 거래에서는 국가별 규정과 통화를 함께 확인해야 합니다.,"Trong các giao dịch liên quan đến Quốc gia có khoản vay 8 nghìn tỷ từ IMF, cần phải kiểm tra cả quy định của từng quốc gia và loại tiền tệ tương ứng.",IMF 8조국,IMF 8조국,True,국제금융,,1.0,1.0,1.0,0,,30,IMF 8조국
KO-FIN-04634,IMF 구제금융과 관련된 거래 조건을 확인하고 싶습니다.,Tôi muốn kiểm tra các điều kiện giao dịch liên quan đến Gói cứu trợ của IMF.,IMF 구제금융,IMF 구제금융,True,국제금융,,1.0,1.0,1.0,0,,0,
KO-FIN-04636,IMF 구제금융과 관련된 거래에서는 국가별 규정과 통화를 함께 확인해야 합니다.,"Trong các giao dịch liên quan đến Gói cứu trợ của IMF, cần phải kiểm tra cả quy định của từng quốc gia và loại tiền tệ.",IMF 구제금융,IMF 구제금융,True,국제금융,,1.0,1.0,1.0,0,,0,
KO-FIN-04656,interlinker은 심사 결과에 따라 이용 가능 여부가 달라질 수 있습니다.,Tính khả dụng của interlinker có thể thay đổi tùy theo kết quả thẩm định.,interlinker,interlinker,True,대출,,1.0,1.0,1.0,0,,40,interlinker
KO-FIN-04657,intermarket trading system이 무엇을 의미하나요?,hệ thống giao dịch liên thị trường có nghĩa là gì?,intermarket trading system,intermarket trading system,True,금융시장·거래,,1.0,1.0,1.0,0,,40,intermarket trading system
KO-FIN-04675,ISDN과 관련된 내용을 확인하고 싶습니다.,Tôi muốn xem thông tin liên quan đến ISDN.,ISDN,ISDN,True,기타 금융일반,,1.0,1.0,1.0,0,,0,
KO-FIN-04676,ISDN의 정확한 의미는 해당 금융거래의 맥락과 함께 확인해야 합니다.,Ý nghĩa chính xác của ISDN cần được xác định dựa trên bối cảnh của giao dịch tài chính đó.,ISDN,ISDN,True,기타 금융일반,,1.0,1.0,1.0,0,,0,
KO-FIN-04677,ISIN이 무엇인지 설명해 주세요.,Vui lòng giải thích ISIN là gì.,ISIN,ISIN,True,증권·예탁,,1.0,1.0,1.0,0,,20,ISIN
KO-FIN-04685,ISMA이 무엇을 의미하나요?,ISMA có nghĩa là gì?,ISMA,ISMA,True,금융시장·거래,증권·예탁,1.0,1.0,1.0,0,,0,
KO-FIN-04689,ISO 20022이 무엇인지 설명해 주세요.,Vui lòng giải thích ISO 20022 là gì.,ISO 20022,ISO 20022,True,증권·예탁,,1.0,1.0,1.0,0,,0,
KO-FIN-04693,ISO 7775이 무엇인지 설명해 주세요.,Vui lòng giải thích ISO 7775 là gì.,ISO 7775,ISO 7775,True,증권·예탁,,1.0,1.0,1.0,0,,0,
KO-FIN-04697,ISO이 무엇인지 설명해 주세요.,Vui lòng giải thích ISO là gì.,ISO,ISO,True,증권·예탁,,1.0,1.0,1.0,0,,0,
KO-FIN-04701,ITM이 무엇인지 쉽게 설명해 주세요.,Xin vui lòng giải thích một cách dễ hiểu về ITM là gì.,ITM,ITM,True,파생상품,,1.0,1.0,1.0,0,,0,
KO-FIN-04709,kassenverein이 무엇인지 설명해 주세요.,Vui lòng giải thích kassenverein là gì.,kassenverein,kassenverein,True,증권·예탁,,1.0,1.0,1.0,0,,40,kassenverein
KO-FIN-04713,KELER이 무엇인지 설명해 주세요.,Vui lòng giải thích KELER là gì.,KELER,KELER,True,증권·예탁,금융시장·거래,1.0,1.0,1.0,0,,40,KELER
KO-FIN-04719,killer bees과 관련된 투자 정보를 확인하고 싶습니다.,Tôi muốn xem thông tin đầu tư liên quan đến ong sát thủ.,killer bees,killer bees,True,자산운용·투자,,1.0,1.0,1.0,0,,40,killer bees
KO-FIN-04721,know-your customer rule이 무엇을 의미하나요?,quy tắc “hiểu rõ khách hàng” có nghĩa là gì?,know-your customer rule,know-your customer rule,True,금융시장·거래,,1.0,1.0,1.0,0,,40,know-your customer rule
KO-FIN-04725,KOSPI 200이 무엇인지 설명해 주세요.,Vui lòng giải thích KOSPI 200 là gì.,KOSPI 200,KOSPI 200,True,주식,,1.0,1.0,1.0,0,,0,
KO-FIN-04729,Lamfalussy기준이 무엇인지 설명해 주세요.,Vui lòng giải thích Tiêu chuẩn Lamfalussy là gì.,Lamfalussy기준,Lamfalussy기준,True,지급결제·청산,,1.0,1.0,1.0,0,,40,Lamfalussy기준
KO-FIN-04736,LBO은 심사 결과에 따라 이용 가능 여부가 달라질 수 있습니다.,Tính khả dụng của LBO có thể thay đổi tùy theo kết quả thẩm định.,LBO,LBO,True,대출,,1.0,1.0,1.0,0,,0,
KO-FIN-04737,Link-Up Markets이 무엇인지 설명해 주세요.,Vui lòng giải thích Link-Up Markets là gì.,Link-Up Markets,Link-Up Markets,True,지급결제·청산,,1.0,1.0,1.0,0,,40,Link-Up Markets
KO-FIN-04741,local trader이 무엇을 의미하나요?,nhà giao dịch địa phương có nghĩa là gì?,local trader,local trader,True,금융시장·거래,,1.0,1.0,1.0,0,,40,local trader
KO-FIN-04746,M&A을 이용하려면 어떤 조건이 필요한가요?,"Để sử dụng M&A, cần đáp ứng những điều kiện nào?",M&A,M&A,True,기업금융·자본조달,,1.0,1.0,1.0,0,,0,
KO-FIN-04747,M&A과 관련된 비용과 절차를 확인하고 싶습니다.,Tôi muốn tìm hiểu về các chi phí và thủ tục liên quan đến M&A.,M&A,M&A,True,기업금융·자본조달,,1.0,1.0,1.0,0,,0,
KO-FIN-04752,"M1, M2, M3과 관련된 세부 업무는 해당 기관의 안내를 확인해 주세요.","Vui lòng tham khảo hướng dẫn của cơ quan có liên quan để biết chi tiết về công việc liên quan đến M1, M2, M3.","M1, M2, M3","M1, M2, M3",True,금융기관·은행,,1.0,1.0,1.0,0,,0,
KO-FIN-04753,MADOFF이 무엇을 의미하나요?,MADOFF có nghĩa là gì?,MADOFF,MADOFF,True,금융시장·거래,증권·예탁,1.0,1.0,1.0,0,,40,MADOFF
KO-FIN-04757,MALONEY ACT이 무엇을 의미하나요?,Đạo luật Maloney có nghĩa là gì?,MALONEY ACT,MALONEY ACT,True,금융시장·거래,,1.0,1.0,1.0,0,,40,MALONEY ACT
KO-FIN-04761,matched book이 무엇을 의미하나요?,cuốn sách trùng khớp có nghĩa là gì?,matched book,matched book,True,금융시장·거래,,1.0,1.0,1.0,0,,40,matched book
KO-FIN-04768,matching fund은 운용 결과에 따라 원금 손실이 발생할 수 있습니다.,quỹ đối ứng có thể dẫn đến việc mất vốn tùy thuộc vào kết quả hoạt động.,matching fund,matching fund,True,펀드·신탁,자산운용·투자,1.0,1.0,1.0,0,,40,matching fund
KO-FIN-04769,MIC이 무엇을 의미하나요?,MIC có nghĩa là gì?,MIC,MIC,True,금융시장·거래,,1.0,1.0,1.0,0,,0,
KO-FIN-04775,MiFID과 관련된 투자 정보를 확인하고 싶습니다.,Tôi muốn xem thông tin đầu tư liên quan đến MiFID.,MiFID,MiFID,True,자산운용·투자,,1.0,1.0,1.0,0,,0,
KO-FIN-04777,MIT이 무엇을 의미하나요?,MIT có nghĩa là gì?,MIT,MIT,True,금융시장·거래,,1.0,1.0,1.0,0,,0,
KO-FIN-04784,MM의 자본구조 이론은 심사 결과에 따라 이용 가능 여부가 달라질 수 있습니다.,Tính khả dụng của Lý thuyết về cơ cấu vốn của MM có thể thay đổi tùy theo kết quả thẩm định.,MM의 자본구조 이론,MM의 자본구조 이론,True,대출,,1.0,1.0,1.0,0,,0,
KO-FIN-04785,Moddy's investment grade이 무엇인지 설명해 주세요.,Vui lòng giải thích Xếp hạng đầu tư của Moody's là gì.,Moddy's investment grade,Moddy's investment grade,True,채권,,1.0,1.0,1.0,0,,40,Moddy's investment grade
KO-FIN-04789,MONTE TITOLI S.P.A.이 무엇인지 설명해 주세요.,Vui lòng giải thích MONTE TITOLI S.P.A. là gì.,MONTE TITOLI S.P.A.,MONTE TITOLI S.P.A.,True,증권·예탁,주식 / 금융기관·은행,1.0,1.0,1.0,0,,0,
KO-FIN-04793,MSRB이 무엇인지 설명해 주세요.,Vui lòng giải thích MSRB là gì.,MSRB,MSRB,True,증권·예탁,,1.0,1.0,1.0,0,,0,
KO-FIN-04800,narrow bank은 심사 결과에 따라 이용 가능 여부가 달라질 수 있습니다.,Tính khả dụng của ngân hàng quy mô nhỏ có thể thay đổi tùy theo kết quả thẩm định.,narrow bank,narrow bank,True,대출,,1.0,1.0,1.0,0,,40,narrow bank
KO-FIN-04801,national market system이 무엇을 의미하나요?,hệ thống thị trường quốc gia có nghĩa là gì?,national market system,national market system,True,금융시장·거래,,1.0,1.0,1.0,0,,40,national market system
KO-FIN-04805,NECIGEF이 무엇인지 설명해 주세요.,Vui lòng giải thích NECIGEF là gì.,NECIGEF,NECIGEF,True,증권·예탁,금융시장·거래,1.0,1.0,1.0,0,,40,NECIGEF
KO-FIN-04813,net debit caps이 무엇인지 설명해 주세요.,Vui lòng giải thích giới hạn rút tiền ròng là gì.,net debit caps,net debit caps,True,증권·예탁,,1.0,1.0,1.0,0,,40,net debit caps
KO-FIN-04817,net sender limits이 무엇인지 설명해 주세요.,Vui lòng giải thích Giới hạn người gửi trên mạng là gì.,net sender limits,net sender limits,True,지급결제·청산,,1.0,1.0,1.0,0,,40,net sender limits
KO-FIN-04821,NICRA이 무엇인지 설명해 주세요.,Vui lòng giải thích NICRA là gì.,NICRA,NICRA,True,채권,,1.0,1.0,1.0,0,,0,
KO-FIN-04827,NMPG과 관련된 내용을 확인하고 싶습니다.,Tôi muốn xem thông tin liên quan đến NMPG.,NMPG,NMPG,True,기타 금융일반,,1.0,1.0,1.0,0,,0,
KO-FIN-04828,NMPG의 정확한 의미는 해당 금융거래의 맥락과 함께 확인해야 합니다.,Ý nghĩa chính xác của NMPG cần được xác định dựa trên bối cảnh của giao dịch tài chính đó.,NMPG,NMPG,True,기타 금융일반,,1.0,1.0,1.0,0,,0,
KO-FIN-04829,nominee name이 무엇인지 설명해 주세요.,Vui lòng giải thích tên người được đề cử là gì.,nominee name,nominee name,True,증권·예탁,주식,1.0,1.0,1.0,0,,40,nominee name
KO-FIN-04836,nostro account과 관련된 세부 업무는 해당 기관의 안내를 확인해 주세요.,Vui lòng tham khảo hướng dẫn của cơ quan có liên quan để biết chi tiết về công việc liên quan đến tài khoản của chúng tôi.,nostro account,nostro account,True,금융기관·은행,,1.0,1.0,1.0,0,,40,nostro account
KO-FIN-04837,NSCC이 무엇을 의미하나요?,NSCC có nghĩa là gì?,NSCC,NSCC,True,금융시장·거래,지급결제·청산 / 펀드·신탁 / 증권·예탁,1.0,1.0,1.0,0,,0,
KO-FIN-04841,NYSE rule 387이 무엇을 의미하나요?,Quy tắc 387 của NYSE có nghĩa là gì?,NYSE rule 387,NYSE rule 387,True,금융시장·거래,증권·예탁,1.0,1.0,1.0,0,,0,
KO-FIN-04847,on-line system과 관련된 투자 정보를 확인하고 싶습니다.,Tôi muốn xem thông tin đầu tư liên quan đến hệ thống trực tuyến.,on-line system,on-line system,True,자산운용·투자,,1.0,1.0,1.0,0,,40,on-line system
KO-FIN-04849,open position이 무엇을 의미하나요?,vị trí tuyển dụng có nghĩa là gì?,open position,open position,True,금융시장·거래,,1.0,1.0,1.0,0,,40,open position
KO-FIN-04853,OTM이 무엇을 의미하나요?,OTM có nghĩa là gì?,OTM,OTM,True,금융시장·거래,,1.0,1.0,1.0,0,,0,
KO-FIN-04858,P&A에서 이용할 수 있는 금융업무는 무엇인가요?,Các dịch vụ tài chính nào có sẵn tại P&A?,P&A,P&A,True,금융기관·은행,,1.0,1.0,1.0,0,,0,
KO-FIN-04866,paper-based credit transfers은 어디에서 확인할 수 있나요?,Tôi có thể tra cứu chuyển đổi tín chỉ trên giấy ở đâu?,paper-based credit transfers,paper-based credit transfers,True,계좌,이체,1.0,1.0,1.0,0,,40,paper-based credit transfers
KO-FIN-04872,PB은 심사 결과에 따라 이용 가능 여부가 달라질 수 있습니다.,Tính khả dụng của PB có thể thay đổi tùy theo kết quả thẩm định.,PB,PB,True,대출,,1.0,1.0,1.0,0,,0,
KO-FIN-04873,PIKS이 무엇인지 설명해 주세요.,Vui lòng giải thích PIKS là gì.,PIKS,PIKS,True,채권,,1.0,1.0,1.0,0,,40,PIKS
KO-FIN-04881,poison pill이 무엇인지 설명해 주세요.,"Vui lòng giải thích chiến thuật ""viên thuốc độc"" là gì.",poison pill,poison pill,True,주식,,1.0,1.0,1.0,0,,40,poison pill
KO-FIN-04885,POSIT이 무엇을 의미하나요?,POSIT có nghĩa là gì?,POSIT,POSIT,True,금융시장·거래,,1.0,1.0,1.0,0,,40,POSIT
KO-FIN-04896,pre-commitment approach과 관련된 세부 업무는 해당 기관의 안내를 확인해 주세요.,Vui lòng tham khảo hướng dẫn của cơ quan có liên quan để biết chi tiết về công việc liên quan đến phương pháp cam kết trước.,pre-commitment approach,pre-commitment approach,True,금융기관·은행,,1.0,1.0,1.0,0,,40,pre-commitment approach
KO-FIN-04897,PTS이 무엇을 의미하나요?,PTS có nghĩa là gì?,PTS,PTS,True,금융시장·거래,증권·예탁,1.0,1.0,1.0,0,,0,
KO-FIN-04903,QFI과 관련된 투자 정보를 확인하고 싶습니다.,Tôi muốn xem thông tin đầu tư liên quan đến QFI.,QFI,QFI,True,자산운용·투자,,1.0,1.0,1.0,0,,0,
KO-FIN-04907,QIB과 관련된 투자 정보를 확인하고 싶습니다.,Tôi muốn xem thông tin đầu tư liên quan đến QIB.,QIB,QIB,True,자산운용·투자,,1.0,1.0,1.0,0,,0,
KO-FIN-04909,QuantEX이 무엇을 의미하나요?,QuantEX có nghĩa là gì?,QuantEX,QuantEX,True,금융시장·거래,,1.0,1.0,1.0,0,,40,QuantEX
KO-FIN-04913,registar이 무엇인지 설명해 주세요.,Vui lòng giải thích registar là gì.,registar,registar,True,채권,증권·예탁,1.0,1.0,1.0,0,,40,registar
KO-FIN-04917,registered competitive trader이 무엇을 의미하나요?,nhà giao dịch cạnh tranh đã đăng ký có nghĩa là gì?,registered competitive trader,registered competitive trader,True,금융시장·거래,,1.0,1.0,1.0,0,,40,registered competitive trader
KO-FIN-04941,REGULATION U이 무엇인지 설명해 주세요.,Vui lòng giải thích QUY ĐỊNH U là gì.,REGULATION U,REGULATION U,True,증권·예탁,대출,1.0,1.0,1.0,0,,40,REGULATION U
KO-FIN-04945,RELIT이 무엇인지 설명해 주세요.,Vui lòng giải thích RELIT là gì.,RELIT,RELIT,True,지급결제·청산,금융시장·거래,1.0,1.0,1.0,0,,0,
KO-FIN-04957,repo/RP이 무엇인지 설명해 주세요.,Vui lòng giải thích repo/RP là gì.,repo/RP,repo/RP,True,채권,증권·예탁 / 금융시장·거래 / 대출,1.0,1.0,1.0,0,,0,
KO-FIN-04961,RGV이 무엇인지 설명해 주세요.,Vui lòng giải thích RGV là gì.,RGV,RGV,True,지급결제·청산,금융기관·은행,1.0,1.0,1.0,0,,0,
KO-FIN-04965,round lot이 무엇을 의미하나요?,lô đất hình tròn có nghĩa là gì?,round lot,round lot,True,금융시장·거래,,1.0,1.0,1.0,0,,40,round lot
KO-FIN-04969,RSI이 무엇인지 설명해 주세요.,Vui lòng giải thích RSI là gì.,RSI,RSI,True,증권·예탁,,1.0,1.0,1.0,0,,0,
KO-FIN-04975,rule OF 72과 관련된 투자 정보를 확인하고 싶습니다.,Tôi muốn xem thông tin đầu tư liên quan đến Quy tắc 72.,rule OF 72,rule OF 72,True,자산운용·투자,,1.0,1.0,1.0,0,,40,rule OF 72
KO-FIN-04977,rule of fair practice이 무엇인지 설명해 주세요.,Vui lòng giải thích nguyên tắc thực hành công bằng là gì.,rule of fair practice,rule of fair practice,True,증권·예탁,,1.0,1.0,1.0,0,,40,rule of fair practice
KO-FIN-04981,RVP이 무엇인지 설명해 주세요.,Vui lòng giải thích RVP là gì.,RVP,RVP,True,증권·예탁,,1.0,1.0,1.0,0,,0,
KO-FIN-04985,S&R이 무엇인지 설명해 주세요.,Vui lòng giải thích S&R là gì.,S&R,S&R,True,지급결제·청산,,1.0,1.0,1.0,0,,0,
KO-FIN-04989,SAFE 21이 무엇인지 설명해 주세요.,Vui lòng giải thích SAFE 21 là gì.,SAFE 21,SAFE 21,True,증권·예탁,,1.0,1.0,1.0,0,,0,
KO-FIN-04993,Saturday night special이 무엇인지 설명해 주세요.,Vui lòng giải thích Chương trình đặc biệt tối thứ Bảy là gì.,Saturday night special,Saturday night special,True,주식,,1.0,1.0,1.0,0,,40,Saturday night special
KO-FIN-04997,SCHEDULE 13D이 무엇인지 설명해 주세요.,Vui lòng giải thích MẪU 13D là gì.,SCHEDULE 13D,SCHEDULE 13D,True,주식,,1.0,1.0,1.0,0,,0,
KO-FIN-05001,SECOM이 무엇을 의미하나요?,SECOM có nghĩa là gì?,SECOM,SECOM,True,금융시장·거래,,1.0,1.0,1.0,0,,0,
KO-FIN-05005,SEDOL이 무엇을 의미하나요?,SEDOL có nghĩa là gì?,SEDOL,SEDOL,True,금융시장·거래,,1.0,1.0,1.0,0,,0,
KO-FIN-05009,SEGA이 무엇인지 설명해 주세요.,Vui lòng giải thích SEGA là gì.,SEGA,SEGA,True,증권·예탁,,1.0,1.0,1.0,0,,40,SEGA
KO-FIN-05021,SIAC이 무엇을 의미하나요?,SIAC có nghĩa là gì?,SIAC,SIAC,True,금융시장·거래,,1.0,1.0,1.0,0,,0,
KO-FIN-05025,SICOVAM이 무엇인지 설명해 주세요.,Vui lòng giải thích SICOVAM là gì.,SICOVAM,SICOVAM,True,증권·예탁,,1.0,1.0,1.0,0,,0,
KO-FIN-05029,SIS SegaIntersettle이 무엇인지 설명해 주세요.,Vui lòng giải thích SIS SegaIntersettle là gì.,SIS SegaIntersettle,SIS SegaIntersettle,True,증권·예탁,,1.0,1.0,1.0,0,,40,SIS SegaIntersettle
KO-FIN-05034,sleeping beauty과 관련된 금리와 비용을 확인하고 싶습니다.,Tôi muốn kiểm tra lãi suất và các khoản phí liên quan đến Người đẹp ngủ trong rừng.,sleeping beauty,sleeping beauty,True,부동산금융,,1.0,1.0,1.0,0,,40,sleeping beauty
KO-FIN-05035,sleeping beauty을 이용할 때 필요한 서류는 무엇인가요?,Các giấy tờ cần thiết khi sử dụng Người đẹp ngủ trong rừng là gì?,sleeping beauty,sleeping beauty,True,부동산금융,,1.0,1.0,1.0,0,,40,sleeping beauty
KO-FIN-05037,SMPG이 무엇인지 설명해 주세요.,Vui lòng giải thích SMPG là gì.,SMPG,SMPG,True,증권·예탁,,1.0,1.0,1.0,0,,0,
KO-FIN-05043,snow balling과 관련된 내용을 확인하고 싶습니다.,Tôi muốn xem thông tin liên quan đến hiệu ứng quả cầu tuyết.,snow balling,snow balling,True,기타 금융일반,,1.0,1.0,1.0,0,,40,snow balling
KO-FIN-05044,snow balling의 정확한 의미는 해당 금융거래의 맥락과 함께 확인해야 합니다.,Ý nghĩa chính xác của hiệu ứng quả cầu tuyết cần được xác định dựa trên bối cảnh của giao dịch tài chính đó.,snow balling,snow balling,True,기타 금융일반,,1.0,1.0,1.0,0,,40,snow balling
KO-FIN-05045,spagetti problem이 무엇인지 설명해 주세요.,Vui lòng giải thích vấn đề mì spaghetti là gì.,spagetti problem,spagetti problem,True,증권·예탁,,1.0,1.0,1.0,0,,40,spagetti problem
KO-FIN-05049,stock power이 무엇인지 설명해 주세요.,Vui lòng giải thích sức mạnh cổ phiếu là gì.,stock power,stock power,True,주식,,1.0,1.0,1.0,0,,40,stock power
KO-FIN-05053,stock watcher이 무엇을 의미하나요?,công cụ theo dõi cổ phiếu có nghĩa là gì?,stock watcher,stock watcher,True,금융시장·거래,,1.0,1.0,1.0,0,,40,stock watcher
KO-FIN-05057,STP이 무엇을 의미하나요?,STP có nghĩa là gì?,STP,STP,True,금융시장·거래,,1.0,1.0,1.0,0,,0,
KO-FIN-05061,street name이 무엇인지 설명해 주세요.,Vui lòng giải thích tên đường là gì.,street name,street name,True,증권·예탁,,1.0,1.0,1.0,0,,40,street name
KO-FIN-05068,subparticipation은 심사 결과에 따라 이용 가능 여부가 달라질 수 있습니다.,Tính khả dụng của sự tham gia gián tiếp có thể thay đổi tùy theo kết quả thẩm định.,subparticipation,subparticipation,True,대출,,1.0,1.0,1.0,0,,40,subparticipation
KO-FIN-05076,sunday bank과 관련된 세부 업무는 해당 기관의 안내를 확인해 주세요.,Vui lòng tham khảo hướng dẫn của cơ quan có liên quan để biết chi tiết về các công việc liên quan đến Ngân hàng Sunday.,sunday bank,sunday bank,True,금융기관·은행,,1.0,1.0,1.0,0,,40,sunday bank
KO-FIN-05077,sushi bond이 무엇인지 설명해 주세요.,Vui lòng giải thích trái phiếu sushi là gì.,sushi bond,sushi bond,True,채권,,1.0,1.0,1.0,0,,40,sushi bond
KO-FIN-05081,SWIFT에 대해 자세히 알려주세요.,Xin vui lòng cho biết thêm thông tin chi tiết về SWIFT.,SWIFT,SWIFT,True,해외송금·외환,금융시장·거래 / 국제금융,1.0,1.0,1.0,0,,0,
KO-FIN-05082,SWIFT을 확인하고 싶습니다.,Tôi muốn kiểm tra SWIFT.,SWIFT,SWIFT,True,해외송금·외환,금융시장·거래 / 국제금융,1.0,1.0,1.0,0,,0,
KO-FIN-05088,system repo과 관련된 세부 업무는 해당 기관의 안내를 확인해 주세요.,Vui lòng tham khảo hướng dẫn của cơ quan có liên quan để biết chi tiết về công việc liên quan đến kho hệ thống.,system repo,system repo,True,금융기관·은행,,1.0,1.0,1.0,0,,40,system repo
KO-FIN-05089,T-BILL이 무엇인지 설명해 주세요.,Vui lòng giải thích T-BILL là gì.,T-BILL,T-BILL,True,증권·예탁,,1.0,1.0,1.0,0,,0,
KO-FIN-05093,T-BOND이 무엇인지 설명해 주세요.,Vui lòng giải thích T-BOND là gì.,T-BOND,T-BOND,True,증권·예탁,,1.0,1.0,1.0,0,,0,
KO-FIN-05097,T-NOTE이 무엇인지 설명해 주세요.,Vui lòng giải thích T-NOTE là gì.,T-NOTE,T-NOTE,True,증권·예탁,,1.0,1.0,1.0,0,,0,
KO-FIN-05101,T2S이 무엇인지 설명해 주세요.,Vui lòng giải thích T2S là gì.,T2S,T2S,True,지급결제·청산,증권·예탁,1.0,1.0,1.0,0,,0,
KO-FIN-05105,TAKASBANK이 무엇인지 설명해 주세요.,Vui lòng giải thích TAKASBANK là gì.,TAKASBANK,TAKASBANK,True,증권·예탁,금융기관·은행,1.0,1.0,1.0,0,,40,TAKASBANK
KO-FIN-05109,TALISMAN이 무엇을 의미하나요?,TALISMAN có nghĩa là gì?,TALISMAN,TALISMAN,True,금융시장·거래,지급결제·청산 / 증권·예탁,1.0,1.0,1.0,0,,0,
KO-FIN-05113,TARGET이 무엇인지 설명해 주세요.,Vui lòng giải thích MỤC TIÊU là gì.,TARGET,TARGET,True,지급결제·청산,금융기관·은행,1.0,1.0,1.0,0,,40,TARGET
KO-FIN-05123,tax call option과 관련된 납부 내역을 확인하고 싶습니다.,Tôi muốn kiểm tra lịch sử thanh toán liên quan đến quyền chọn mua thuế.,tax call option,tax call option,True,세금,,1.0,1.0,1.0,0,,40,tax call option
KO-FIN-05124,tax call option의 적용 여부는 거래 유형과 세법에 따라 달라질 수 있습니다.,Việc áp dụng quyền chọn mua thuế có thể thay đổi tùy theo loại giao dịch và luật thuế.,tax call option,tax call option,True,세금,,1.0,1.0,1.0,0,,40,tax call option
KO-FIN-05128,TELEKURS과 관련된 세부 업무는 해당 기관의 안내를 확인해 주세요.,Vui lòng tham khảo hướng dẫn của cơ quan có liên quan để biết chi tiết về công việc liên quan đến TELEKURS.,TELEKURS,TELEKURS,True,금융기관·은행,,1.0,1.0,1.0,0,,40,TELEKURS
KO-FIN-05137,TRADEPOINT이 무엇을 의미하나요?,TRADEPOINT có nghĩa là gì?,TRADEPOINT,TRADEPOINT,True,금융시장·거래,,1.0,1.0,1.0,0,,40,TRADEPOINT
KO-FIN-05145,TRAX이 무엇인지 설명해 주세요.,Vui lòng giải thích TRAX là gì.,TRAX,TRAX,True,증권·예탁,,1.0,1.0,1.0,0,,40,TRAX
KO-FIN-05149,twenty-day period이 무엇인지 설명해 주세요.,Vui lòng giải thích thời hạn 20 ngày là gì.,twenty-day period,twenty-day period,True,증권·예탁,,1.0,1.0,1.0,0,,40,twenty-day period
KO-FIN-05153,two-dollar broker이 무엇을 의미하나요?,nhà môi giới hai đô la có nghĩa là gì?,two-dollar broker,two-dollar broker,True,금융시장·거래,,1.0,1.0,1.0,0,,40,two-dollar broker
KO-FIN-05157,two-sided comparison이 무엇을 의미하나요?,so sánh hai mặt có nghĩa là gì?,two-sided comparison,two-sided comparison,True,금융시장·거래,,1.0,1.0,1.0,0,,40,two-sided comparison
KO-FIN-05163,UNIFI과 관련된 내용을 확인하고 싶습니다.,Tôi muốn xem thông tin liên quan đến UNIFI.,UNIFI,UNIFI,True,기타 금융일반,,1.0,1.0,1.0,0,,0,
KO-FIN-05164,UNIFI의 정확한 의미는 해당 금융거래의 맥락과 함께 확인해야 합니다.,Ý nghĩa chính xác của UNIFI cần được xác định dựa trên bối cảnh của giao dịch tài chính đó.,UNIFI,UNIFI,True,기타 금융일반,,1.0,1.0,1.0,0,,0,
KO-FIN-05165,uniform practice code이 금융거래에 어떻게 적용되나요?,bộ quy tắc thực hành thống nhất được áp dụng như thế nào trong giao dịch tài chính này?,uniform practice code,uniform practice code,True,금융법규·감독,,1.0,1.0,1.0,0,,40,uniform practice code
KO-FIN-05167,uniform practice code 때문에 추가로 확인해야 할 사항이 있나요?,Có vấn đề nào cần kiểm tra thêm do bộ quy tắc thực hành thống nhất không?,uniform practice code,uniform practice code,True,금융법규·감독,,1.0,1.0,1.0,0,,40,uniform practice code
KO-FIN-05169,uptick이 무엇인지 설명해 주세요.,Vui lòng giải thích sự tăng nhẹ là gì.,uptick,uptick,True,주식,,1.0,1.0,1.0,0,,40,uptick
KO-FIN-05173,value broker이 무엇을 의미하나요?,nhà môi giới giá trị có nghĩa là gì?,value broker,value broker,True,금융시장·거래,,1.0,1.0,1.0,0,,40,value broker
KO-FIN-05181,VAR에 대해 자세히 알려주세요.,Xin vui lòng cho biết thêm thông tin chi tiết về VAR.,VAR,VAR,True,해외송금·외환,,1.0,1.0,1.0,0,,0,
KO-FIN-05182,VAR을 확인하고 싶습니다.,Tôi muốn kiểm tra VAR.,VAR,VAR,True,해외송금·외환,,1.0,1.0,1.0,0,,0,
KO-FIN-05185,VP이 무엇인지 설명해 주세요.,Vui lòng giải thích VP là gì.,VP,VP,True,증권·예탁,,1.0,1.0,1.0,0,,40,VP
KO-FIN-05189,VPC이 무엇을 의미하나요?,VPC có nghĩa là gì?,VPC,VPC,True,금융시장·거래,지급결제·청산,1.0,1.0,1.0,0,,0,
KO-FIN-05193,VPS이 무엇인지 설명해 주세요.,Vui lòng giải thích VPS là gì.,VPS,VPS,True,증권·예탁,,1.0,1.0,1.0,0,,0,
KO-FIN-05199,WHITE KNIGHT과 관련된 내용을 확인하고 싶습니다.,Tôi muốn xem thông tin liên quan đến WHITE KNIGHT.,WHITE KNIGHT,WHITE KNIGHT,True,기타 금융일반,,1.0,1.0,1.0,0,,40,WHITE KNIGHT
KO-FIN-05200,WHITE KNIGHT의 정확한 의미는 해당 금융거래의 맥락과 함께 확인해야 합니다.,Ý nghĩa chính xác của WHITE KNIGHT cần được xác định dựa trên bối cảnh của giao dịch tài chính đó.,WHITE KNIGHT,WHITE KNIGHT,True,기타 금융일반,,1.0,1.0,1.0,0,,40,WHITE KNIGHT
KO-FIN-05201,WILLIAMS ACT이 무엇인지 설명해 주세요.,Vui lòng giải thích Đạo luật Williams là gì.,WILLIAMS ACT,WILLIAMS ACT,True,주식,,1.0,1.0,1.0,0,,40,WILLIAMS ACT
KO-FIN-05205,wire house이 무엇인지 설명해 주세요.,Vui lòng giải thích công ty chứng khoán lớn là gì.,wire house,wire house,True,증권·예탁,,1.0,1.0,1.0,0,,40,wire house
KO-FIN-05209,WIT CAPITAL이 무엇인지 설명해 주세요.,Vui lòng giải thích WIT CAPITAL là gì.,WIT CAPITAL,WIT CAPITAL,True,증권·예탁,,1.0,1.0,1.0,0,,40,WIT CAPITAL
KO-FIN-05215,X-비효율성과 관련된 내용을 확인하고 싶습니다.,Tôi muốn xem thông tin liên quan đến X - Sự kém hiệu quả.,X-비효율성,X-비효율성,True,기타 금융일반,,1.0,1.0,1.0,0,,0,
KO-FIN-05216,X-비효율성의 정확한 의미는 해당 금융거래의 맥락과 함께 확인해야 합니다.,Ý nghĩa chính xác của X - Sự kém hiệu quả cần được xác định dựa trên bối cảnh của giao dịch tài chính tương ứng.,X-비효율성,X-비효율성,True,기타 금융일반,,1.0,1.0,1.0,0,,0,
KO-FIN-05217,X이 무엇인지 설명해 주세요.,Vui lòng giải thích X là gì.,X,X,True,주식,,1.0,1.0,1.0,0,,0,
KO-FIN-05223,XML과 관련된 내용을 확인하고 싶습니다.,Tôi muốn xem nội dung liên quan đến XML.,XML,XML,True,기타 금융일반,,1.0,1.0,1.0,0,,0,
KO-FIN-05224,XML의 정확한 의미는 해당 금융거래의 맥락과 함께 확인해야 합니다.,Ý nghĩa chính xác của XML cần được xác định trong bối cảnh của giao dịch tài chính tương ứng.,XML,XML,True,기타 금융일반,,1.0,1.0,1.0,0,,0,
KO-FIN-05225,XR이 무엇인지 설명해 주세요.,Vui lòng giải thích XR là gì.,XR,XR,True,주식,,1.0,1.0,1.0,0,,0,
KO-FIN-05229,XW이 무엇인지 설명해 주세요.,Vui lòng giải thích XW là gì.,XW,XW,True,증권·예탁,,1.0,1.0,1.0,0,,0,
KO-FIN-05250,해외송금에 필요한 SWIFT 코드는 어디에서 확인하나요?,Tôi có thể tra cứu mã SWIFT cần thiết cho việc chuyển tiền ra nước ngoài ở đâu?,SWIFT,SWIFT 코드,False,해외송금·외환,,1.0,1.0,1.0,0,,0,
KO-FIN-05273,대출금의 상환일은 언제인가요?,Ngày Hoàn trả của khoản vay là khi nào?,상환,상환일,False,대출,,1.0,1.0,1.0,0,,30,상환
KO-FIN-05275,대출 상환일을 지나면 어떤 불이익이 있나요?,Nếu quá hạn trả nợ Hoàn trả ngày thì sẽ gặp những bất lợi nào?,상환,연체,False,대출,,1.0,1.0,1.0,0,,30,상환
KO-FIN-05280,ATM에서 현금을 출금하려면 어떻게 해야 하나요?,Làm thế nào để rút tiền mặt từ ATM?,ATM,ATM,True,카드·전자금융,,1.0,1.0,1.0,0,,0,
