sentence_id,ko_source,target_sentence,terms_used,known_term,known_term_matched,category,related_category,identifier_survival_rate,identifier_order_preserved_rate,restore_success_rate,fallback_used,lost_terms,max_suspicion_score,flagged_terms
KO-FIN-00001,가격역지정 주문이 무엇을 의미하나요?,Apa arti Pesanan dengan Harga yang Ditentukan?,가격역지정 주문,가격역지정 주문,True,금융시장·거래,,1.0,1.0,1.0,0,,0,
KO-FIN-00005,가격우선의 원칙이 무엇을 의미하나요?,Apa arti Prinsip prioritas harga?,가격우선의 원칙,가격우선의 원칙,True,금융시장·거래,,1.0,1.0,1.0,0,,0,
KO-FIN-00009,가격제한폭이 무엇을 의미하나요?,Apa arti Batas fluktuasi harga?,가격제한폭,가격제한폭,True,금융시장·거래,,1.0,1.0,1.0,0,,0,
KO-FIN-00014,가교은행에서 이용할 수 있는 금융업무는 무엇인가요?,Layanan keuangan apa saja yang tersedia di Bank Jembatan?,가교은행,가교은행,True,금융기관·은행,,1.0,1.0,1.0,0,,40,가교은행
KO-FIN-00019,가산금리에 대해 상담받고 싶습니다.,Saya ingin berkonsultasi mengenai Suku bunga tambahan.,가산금리,가산금리,True,대출,,1.0,1.0,1.0,0,,0,
KO-FIN-00022,가쇄 처리 절차를 확인하고 싶습니다.,Saya ingin mengetahui prosedur penanganan pengait.,가쇄,가쇄,True,증권·예탁,금융법규·감독,1.0,1.0,1.0,0,,70,가쇄
KO-FIN-00026,가압류의 조건과 수익 구조를 확인하고 싶습니다.,Saya ingin mengetahui syarat dan struktur keuntungan dari Penyitaan sementara.,가압류,가압류,True,채권,,1.0,1.0,1.0,0,,0,
KO-FIN-00029,가중주가평균이 무엇인지 설명해 주세요.,Tolong jelaskan apa itu Rata-rata tertimbang.,가중주가평균,가중주가평균,True,주식,금융시장·거래,1.0,1.0,1.0,0,,0,
KO-FIN-00033,간사단이 무엇인지 설명해 주세요.,Tolong jelaskan apa itu Tim Sekretariat.,간사단,간사단,True,증권·예탁,,1.0,1.0,1.0,0,,40,간사단
KO-FIN-00038,간사회사 처리 절차를 확인하고 싶습니다.,Saya ingin mengetahui prosedur penanganan Perusahaan Pengelola.,간사회사,간사회사,True,증권·예탁,금융기관·은행,1.0,1.0,1.0,0,,20,간사회사
KO-FIN-00043,간접공시 때문에 추가로 확인해야 할 사항이 있나요?,Apakah ada hal lain yang perlu diperiksa terkait Pengungkapan tidak langsung?,간접공시,간접공시,True,금융법규·감독,금융시장·거래,1.0,1.0,1.0,0,,20,간접공시
KO-FIN-00044,간접공시의 적용 범위는 관련 법령과 규정에 따라 달라질 수 있습니다.,Ruang lingkup penerapan Pengungkapan tidak langsung dapat berbeda-beda sesuai dengan undang-undang dan peraturan yang berlaku.,간접공시,간접공시,True,금융법규·감독,금융시장·거래,1.0,1.0,1.0,0,,20,간접공시
KO-FIN-00046,간접금융에서 이용할 수 있는 금융업무는 무엇인가요?,Layanan keuangan apa saja yang tersedia di Pembiayaan tidak langsung?,간접금융,간접금융,True,금융기관·은행,,1.0,1.0,1.0,0,,0,
KO-FIN-00049,간접모집이 무엇인지 설명해 주세요.,Tolong jelaskan apa itu Perekrutan tidak langsung.,간접모집,간접모집,True,증권·예탁,,1.0,1.0,1.0,0,,20,간접모집
KO-FIN-00054,간접발행을 이용하려면 어떤 조건이 필요한가요?,Apa saja syarat yang diperlukan untuk menggunakan Penerbitan tidak langsung?,간접발행,간접발행,True,기업금융·자본조달,,1.0,1.0,1.0,0,,20,간접발행
KO-FIN-00055,간접발행과 관련된 비용과 절차를 확인하고 싶습니다.,Saya ingin mengetahui biaya dan prosedur yang terkait dengan Penerbitan tidak langsung.,간접발행,간접발행,True,기업금융·자본조달,,1.0,1.0,1.0,0,,20,간접발행
KO-FIN-00058,간접점유 처리 절차를 확인하고 싶습니다.,Saya ingin mengetahui prosedur penanganan Kepemilikan tidak langsung.,간접점유,간접점유,True,증권·예탁,법률·계약 / 금융법규·감독,1.0,1.0,1.0,0,,0,
KO-FIN-00064,간접참가자를 확인할 때 시장 상황과 거래 조건을 함께 살펴보세요.,"Saat memeriksa Peserta tidak langsung, perhatikan juga kondisi pasar dan ketentuan perdagangan.",간접참가자,간접참가자,True,금융시장·거래,,1.0,1.0,1.0,0,,0,
KO-FIN-00066,간주 처리 절차를 확인하고 싶습니다.,Saya ingin mengetahui prosedur penanganan Anggapan.,간주,간주,True,증권·예탁,,1.0,1.0,1.0,0,,70,간주
KO-FIN-00069,감리대상종목이 무엇을 의미하나요?,Apa arti Sektor yang Diawasi?,감리대상종목,감리대상종목,True,금융시장·거래,,1.0,1.0,1.0,0,,40,감리대상종목
KO-FIN-00073,감자차익이 무엇인지 설명해 주세요.,Tolong jelaskan apa itu Keuntungan dari selisih harga kentang.,감자차익,감자차익,True,주식,,1.0,1.0,1.0,0,,30,감자차익
KO-FIN-00077,감채기금이 무엇인지 설명해 주세요.,Tolong jelaskan apa itu Dana Pengurangan Utang.,감채기금,감채기금,True,채권,,1.0,1.0,1.0,0,,0,
KO-FIN-00081,감채기금부채권이 무엇인지 설명해 주세요.,Tolong jelaskan apa itu Obligasi Dana Pengurangan Utang.,감채기금부채권,감채기금부채권,True,채권,,1.0,1.0,1.0,0,,0,
KO-FIN-00085,강세장이 무엇을 의미하나요?,Apa arti Pasar bullish?,강세장,강세장,True,금융시장·거래,,1.0,1.0,1.0,0,,40,강세장
KO-FIN-00090,강제매수와 관련된 시장 정보를 확인하고 싶습니다.,Saya ingin memeriksa informasi pasar terkait Pembelian Paksa.,강제매수,강제매수,True,금융시장·거래,,1.0,1.0,1.0,0,,0,
KO-FIN-00095,개발신탁에 가입하기 전에 어떤 점을 확인해야 하나요?,Apa saja yang perlu diperiksa sebelum mendaftar ke Perwalian Pembangunan?,개발신탁,개발신탁,True,펀드·신탁,,1.0,1.0,1.0,0,,40,개발신탁
KO-FIN-00098,개방식 담보사채의 조건과 수익 구조를 확인하고 싶습니다.,Saya ingin mengetahui syarat dan struktur keuntungan dari Obligasi dengan jaminan terbuka.,개방식 담보사채,개방식 담보사채,True,채권,,1.0,1.0,1.0,0,,40,개방식 담보사채
KO-FIN-00104,개방형 리포의 적용 여부는 계약 내용과 관련 법령을 확인해야 합니다.,"Untuk mengetahui apakah Laporan Terbuka berlaku, perlu memeriksa isi Kontrak dan peraturan perundang-undangan yang terkait.",개방형 리포;계약,개방형 리포,True,법률·계약,,1.0,1.0,1.0,0,,30,개방형 리포;계약
KO-FIN-00107,개방형 투자신탁에 가입하기 전에 어떤 점을 확인해야 하나요?,Apa saja yang perlu diperiksa sebelum mendaftar ke Reksa Dana Terbuka?,개방형 투자신탁,개방형 투자신탁,True,펀드·신탁,자산운용·투자,1.0,1.0,1.0,0,,40,개방형 투자신탁
KO-FIN-00111,개별결제 과정에서 문제가 발생한 것 같습니다.,Tampaknya terjadi masalah dalam proses Pembayaran per transaksi.,개별결제,개별결제,True,지급결제·청산,,1.0,1.0,1.0,0,,40,개별결제
KO-FIN-00114,개별경쟁매매와 관련된 시장 정보를 확인하고 싶습니다.,Saya ingin memeriksa informasi pasar terkait Transaksi Lelang Kompetitif Individual.,개별경쟁매매,개별경쟁매매,True,금융시장·거래,,1.0,1.0,1.0,0,,20,개별경쟁매매
KO-FIN-00117,개시증거금이 무엇인지 쉽게 설명해 주세요.,Tolong jelaskan secara sederhana apa itu Setoran Awal.,개시증거금,개시증거금,True,파생상품,,1.0,1.0,1.0,0,,40,개시증거금
KO-FIN-00121,거래량비율이 무엇을 의미하나요?,Apa arti Rasio Volume Perdagangan?,거래량비율,거래량비율,True,금융시장·거래,,1.0,1.0,1.0,0,,0,
KO-FIN-00125,거래량회전율이 무엇을 의미하나요?,Apa arti Rasio Perputaran Volume Perdagangan?,거래량회전율,거래량회전율,True,금융시장·거래,,1.0,1.0,1.0,0,,0,
KO-FIN-00129,거래성립률이 무엇을 의미하나요?,Apa arti Tingkat keberhasilan transaksi?,거래성립률,거래성립률,True,금융시장·거래,,1.0,1.0,1.0,0,,0,
KO-FIN-00133,거래소 시장이 무엇을 의미하나요?,Apa arti Pasar bursa?,거래소 시장,거래소 시장,True,금융시장·거래,,1.0,1.0,1.0,0,,0,
KO-FIN-00137,거래소 회원이 무엇을 의미하나요?,Apa arti Anggota bursa?,거래소 회원,거래소 회원,True,금융시장·거래,,1.0,1.0,1.0,0,,0,
KO-FIN-00142,거래취소와 관련된 시장 정보를 확인하고 싶습니다.,Saya ingin memeriksa informasi pasar terkait Pembatalan Transaksi.,거래취소,거래취소,True,금융시장·거래,지급결제·청산,1.0,1.0,1.0,0,,0,
KO-FIN-00146,건설이자와 관련된 정보를 확인하고 싶습니다.,Saya ingin memeriksa informasi terkait Bunga pinjaman konstruksi.,건설이자,건설이자,True,주식,,1.0,1.0,1.0,0,,20,건설이자
KO-FIN-00149,겐사끼시장이 무엇을 의미하나요?,Apa arti Pasar Gensaki?,겐사끼시장,겐사끼시장,True,금융시장·거래,,1.0,1.0,1.0,0,,0,
KO-FIN-00154,격탁매매와 관련된 시장 정보를 확인하고 싶습니다.,Saya ingin memeriksa informasi pasar terkait Transaksi dengan harga tetap.,격탁매매,격탁매매,True,금융시장·거래,,1.0,1.0,1.0,0,,40,격탁매매
KO-FIN-00157,견양증권이 무엇인지 설명해 주세요.,Tolong jelaskan apa itu Gyeonyang Securities.,견양증권,견양증권,True,증권·예탁,,1.0,1.0,1.0,0,,0,
KO-FIN-00162,결산을 통해 어떤 정보를 확인할 수 있나요?,Informasi apa saja yang dapat saya periksa melalui Laporan Keuangan?,결산,결산,True,회계·재무,,1.0,1.0,1.0,0,,70,결산
KO-FIN-00164,결산은 기준 시점과 작성 기준을 함께 확인해야 합니다.,Laporan Keuangan harus diperiksa dengan memperhatikan titik waktu acuan dan kriteria penulisan.,결산,결산,True,회계·재무,,1.0,1.0,1.0,0,,70,결산
KO-FIN-00168,결산보고서는 기준 시점과 작성 기준을 함께 확인해야 합니다.,Laporan Keuangan harus diperiksa dengan memperhatikan titik waktu acuan dan kriteria penulisan.,결산보고서,결산보고서,True,회계·재무,,1.0,1.0,1.0,0,,0,
KO-FIN-00169,결제기구가 무엇인지 설명해 주세요.,Tolong jelaskan apa itu Lembaga Pembayaran.,결제기구,결제기구,True,지급결제·청산,증권·예탁 / 금융시장·거래,1.0,1.0,1.0,0,,0,
KO-FIN-00173,결제기금이 무엇인지 설명해 주세요.,Tolong jelaskan apa itu Dana Pembayaran.,결제기금,결제기금,True,지급결제·청산,,1.0,1.0,1.0,0,,0,
KO-FIN-00177,결제대금주선제도가 무엇인지 설명해 주세요.,Tolong jelaskan apa itu Sistem Penyediaan Dana Pembayaran.,결제대금주선제도,결제대금주선제도,True,지급결제·청산,금융기관·은행 / 증권·예탁,1.0,1.0,1.0,0,,20,결제대금주선제도
KO-FIN-00181,결제대용증이 무엇인지 설명해 주세요.,Tolong jelaskan apa itu Surat Pengganti Pembayaran.,결제대용증,결제대용증,True,지급결제·청산,증권·예탁,1.0,1.0,1.0,0,,0,
KO-FIN-00185,결제리스크 관리제도가 무엇인지 설명해 주세요.,Tolong jelaskan apa itu Sistem Pengelolaan Risiko Pembayaran.,결제리스크 관리제도,결제리스크 관리제도,True,지급결제·청산,신용·리스크 / 금융기관·은행,1.0,1.0,1.0,0,,20,결제리스크 관리제도
KO-FIN-00191,결제불이행거래 과정에서 문제가 발생한 것 같습니다.,Tampaknya terjadi masalah pada proses Transaksi yang Tidak Dibayar.,결제불이행거래,결제불이행거래,True,지급결제·청산,금융시장·거래,1.0,1.0,1.0,0,,20,결제불이행거래
KO-FIN-00193,결제순서조작이 무엇인지 설명해 주세요.,Tolong jelaskan apa itu Manipulasi urutan pembayaran.,결제순서조작,결제순서조작,True,지급결제·청산,,1.0,1.0,1.0,0,,0,
KO-FIN-00197,결제시한이 무엇인지 설명해 주세요.,Tolong jelaskan apa itu Batas waktu pembayaran.,결제시한,결제시한,True,지급결제·청산,,1.0,1.0,1.0,0,,40,결제시한
KO-FIN-00205,결제위험의 비대칭성이 무엇인지 설명해 주세요.,Tolong jelaskan apa itu Asimetri Risiko Pembayaran.,결제위험의 비대칭성,결제위험의 비대칭성,True,지급결제·청산,신용·리스크 / 금융시장·거래,1.0,1.0,1.0,0,,0,
KO-FIN-00209,결제은행제도가 무엇인지 설명해 주세요.,Tolong jelaskan apa itu Sistem Bank Penyelenggara Pembayaran.,결제은행제도,결제은행제도,True,지급결제·청산,금융기관·은행,1.0,1.0,1.0,0,,20,결제은행제도
KO-FIN-00213,결제일이 무엇인지 설명해 주세요.,Tolong jelaskan apa itu Tanggal pembayaran.,결제일,결제일,True,지급결제·청산,,1.0,1.0,1.0,0,,0,
KO-FIN-00217,결제적체현상이 무엇인지 설명해 주세요.,Tolong jelaskan apa itu Fenomena penumpukan pembayaran.,결제적체현상,결제적체현상,True,지급결제·청산,,1.0,1.0,1.0,0,,20,결제적체현상
KO-FIN-00221,결제전 예납이 무엇을 의미하나요?,Apa arti Pembayaran di muka sebelum transaksi?,결제전 예납,결제전 예납,True,금융시장·거래,지급결제·청산,1.0,1.0,1.0,0,,40,결제전 예납
KO-FIN-00225,결제후 업무처리가 무엇인지 설명해 주세요.,Tolong jelaskan apa itu Proses setelah pembayaran.,결제후 업무처리,결제후 업무처리,True,지급결제·청산,,1.0,1.0,1.0,0,,20,결제후 업무처리
KO-FIN-00234,겸업주의에서 이용할 수 있는 금융업무는 무엇인가요?,Layanan keuangan apa saja yang tersedia di Prinsip Kegiatansampingan?,겸업주의,겸업주의,True,금융기관·은행,,1.0,1.0,1.0,0,,40,겸업주의
KO-FIN-00238,경개의 조건과 수익 구조를 확인하고 싶습니다.,Saya ingin mengetahui syarat dan struktur keuntungan dari Pemandangan.,경개,경개,True,채권,증권·예탁 / 법률·계약 / 금융시장·거래,1.0,1.0,1.0,0,,30,경개
KO-FIN-00241,경개적 차감이 무엇인지 설명해 주세요.,Tolong jelaskan apa itu Pengurangan berdasarkan kondisi.,경개적 차감,경개적 차감,True,채권,,1.0,1.0,1.0,0,,40,경개적 차감
KO-FIN-00248,경과이자를 확인할 때 시장 상황과 거래 조건을 함께 살펴보세요.,"Saat memeriksa bunga tertunda, perhatikan juga kondisi pasar dan ketentuan perdagangan.",경과이자,경과이자,True,금융시장·거래,,1.0,1.0,1.0,0,,40,경과이자
KO-FIN-00251,최근 경기종합지수의 변화를 확인하고 싶습니다.,Saya ingin melihat perubahan terbaru pada Indeks Komposit Gyeonggi.,경기종합지수,경기종합지수,True,경제·거시금융,,1.0,1.0,1.0,0,,20,경기종합지수
KO-FIN-00255,최근 경상수지의 변화를 확인하고 싶습니다.,Saya ingin melihat perubahan terbaru pada Neraca Transaksi Berjalan.,경상수지,경상수지,True,경제·거시금융,,1.0,1.0,1.0,0,,50,경상수지
KO-FIN-00258,경쟁매매와 관련된 시장 정보를 확인하고 싶습니다.,Saya ingin memeriksa informasi pasar terkait Penjualan Kompetitif.,경쟁매매,경쟁매매,True,금융시장·거래,,1.0,1.0,1.0,0,,0,
KO-FIN-00263,최근 경제통합의 변화를 확인하고 싶습니다.,Saya ingin melihat perubahan terbaru pada Integrasi ekonomi.,경제통합,경제통합,True,경제·거시금융,,1.0,1.0,1.0,0,,0,
KO-FIN-00264,경제통합은 다른 경제지표와 함께 해석하는 것이 좋습니다.,Integrasi ekonomi sebaiknya ditafsirkan bersama dengan indikator ekonomi lainnya.,경제통합,경제통합,True,경제·거시금융,,1.0,1.0,1.0,0,,0,
KO-FIN-00267,최근 경제협력개발기구의 변화를 확인하고 싶습니다.,Saya ingin melihat perubahan terbaru pada Organisasi untuk Kerja Sama dan Pembangunan Ekonomi.,경제협력개발기구,경제협력개발기구,True,경제·거시금융,,1.0,1.0,1.0,0,,0,
KO-FIN-00272,계약의 적용 여부는 계약 내용과 관련 법령을 확인해야 합니다.,"Untuk mengetahui apakah Kontrak berlaku, perlu memeriksa isi Kontrak serta peraturan perundang-undangan yang terkait.",계약;계약,계약,True,법률·계약,,1.0,1.0,1.0,0,,30,계약;계약
KO-FIN-00275,계약형투자신탁에 가입하기 전에 어떤 점을 확인해야 하나요?,Apa saja yang perlu diperiksa sebelum mendaftar ke Reksa Dana Berbasis Kontrak?,계약형투자신탁,계약형투자신탁,True,펀드·신탁,자산운용·투자 / 법률·계약,1.0,1.0,1.0,0,,40,계약형투자신탁
KO-FIN-00279,계절주와 관련해 투자 전에 확인해야 할 사항이 있나요?,Apakah ada hal-hal yang perlu diperiksa sebelum berinvestasi terkait Minuman musiman?,계절주,계절주,True,주식,,1.0,1.0,1.0,0,,20,계절주
KO-FIN-00282,계좌대체 처리 절차를 확인하고 싶습니다.,Saya ingin mengetahui prosedur penanganan Penggantian Rekening.,계좌대체,계좌대체,True,증권·예탁,,1.0,1.0,1.0,0,,40,계좌대체
KO-FIN-00285,계좌설정이 무엇인지 설명해 주세요.,Tolong jelaskan apa itu Pengaturan Rekening.,계좌설정,계좌설정,True,증권·예탁,,1.0,1.0,1.0,0,,0,
KO-FIN-00290,고객계좌부 처리 절차를 확인하고 싶습니다.,Saya ingin mengetahui prosedur penanganan Buku Rekening Nasabah.,고객계좌부,고객계좌부,True,증권·예탁,,1.0,1.0,1.0,0,,0,
KO-FIN-00294,고객계좌자동이전서비스 처리 절차를 확인하고 싶습니다.,Saya ingin mengetahui prosedur penanganan Layanan Pemindahan Otomatis Rekening Nasabah.,고객계좌자동이전서비스,고객계좌자동이전서비스,True,증권·예탁,,1.0,1.0,1.0,0,,0,
KO-FIN-00298,고객예탁금 이용료 처리 절차를 확인하고 싶습니다.,Saya ingin mengetahui prosedur penanganan Biaya Penggunaan Dana Simpanan Nasabah.,고객예탁금 이용료,고객예탁금 이용료,True,증권·예탁,,1.0,1.0,1.0,0,,20,고객예탁금 이용료
KO-FIN-00301,고객예탁분이 무엇인지 설명해 주세요.,Tolong jelaskan apa itu Dana yang disimpan oleh nasabah.,고객예탁분,고객예탁분,True,증권·예탁,,1.0,1.0,1.0,0,,40,고객예탁분
KO-FIN-00305,고객예탁증권이 무엇인지 설명해 주세요.,Tolong jelaskan apa itu Surat Berharga yang Disimpan atas Nama Nasabah.,고객예탁증권,고객예탁증권,True,증권·예탁,,1.0,1.0,1.0,0,,50,고객예탁증권
KO-FIN-00310,고오든 모형은 금융상품을 분석할 때 어떻게 사용되나요?,Bagaimana Model Gordon digunakan dalam menganalisis produk keuangan?,고오든 모형,고오든 모형,True,금융공학·분석,,1.0,1.0,1.0,0,,0,
KO-FIN-00312,고오든 모형의 결과는 사용한 가정과 시장 데이터에 따라 달라질 수 있습니다.,Hasil Model Gordon dapat bervariasi tergantung pada asumsi dan data pasar yang digunakan.,고오든 모형,고오든 모형,True,금융공학·분석,,1.0,1.0,1.0,0,,0,
KO-FIN-00315,고정형 투자신탁에 가입하기 전에 어떤 점을 확인해야 하나요?,Apa saja yang perlu diperiksa sebelum mendaftar ke Reksa Dana Investasi Tetap?,고정형 투자신탁,고정형 투자신탁,True,펀드·신탁,자산운용·투자,1.0,1.0,1.0,0,,40,고정형 투자신탁
KO-FIN-00317,고정환율제도에 대해 자세히 알려주세요.,Tolong jelaskan lebih lanjut tentang Sistem Nilai Tukar Tetap.,고정환율제도,고정환율제도,True,해외송금·외환,,1.0,1.0,1.0,0,,0,
KO-FIN-00323,골든 크로스와 관련해 투자 전에 확인해야 할 사항이 있나요?,Apakah ada hal-hal yang perlu diperiksa sebelum berinvestasi terkait Golden Cross?,골든 크로스,골든 크로스,True,주식,,1.0,1.0,1.0,0,,0,
KO-FIN-00326,공개/발성호가와 관련된 시장 정보를 확인하고 싶습니다.,Saya ingin memeriksa informasi pasar terkait Dipublikasikan oleh/Balsung Ho-go.,공개/발성호가,공개/발성호가,True,금융시장·거래,,1.0,1.0,1.0,0,,20,공개/발성호가
KO-FIN-00330,공개매수와 관련된 시장 정보를 확인하고 싶습니다.,Saya ingin memeriksa informasi pasar terkait Penawaran Umum untuk Membeli Saham.,공개매수,공개매수,True,금융시장·거래,금융법규·감독,1.0,1.0,1.0,0,,40,공개매수
KO-FIN-00334,공개매수설명서와 관련된 시장 정보를 확인하고 싶습니다.,Saya ingin memeriksa informasi pasar yang berkaitan dengan Prospektus Penawaran Umum.,공개매수설명서,공개매수설명서,True,금융시장·거래,,1.0,1.0,1.0,0,,20,공개매수설명서
KO-FIN-00338,공개매수신고서와 관련된 시장 정보를 확인하고 싶습니다.,Saya ingin memeriksa informasi pasar terkait Laporan Penawaran Umum.,공개매수신고서,공개매수신고서,True,금융시장·거래,증권·예탁,1.0,1.0,1.0,0,,20,공개매수신고서
KO-FIN-00341,공개법인이 무엇을 의미하나요?,Apa arti Badan Hukum Publik?,공개법인,공개법인,True,금융시장·거래,자산운용·투자 / 증권·예탁,1.0,1.0,1.0,0,,0,
KO-FIN-00345,공개시장조작이 무엇을 의미하나요?,Apa arti Operasi Pasar Terbuka?,공개시장조작,공개시장조작,True,금융시장·거래,금융기관·은행 / 증권·예탁,1.0,1.0,1.0,0,,40,공개시장조작
KO-FIN-00351,공기업과 관련된 투자 정보를 확인하고 싶습니다.,Saya ingin memeriksa informasi investasi terkait Perusahaan milik negara.,공기업,공기업,True,자산운용·투자,,1.0,1.0,1.0,0,,40,공기업
KO-FIN-00354,공동간사회사 처리 절차를 확인하고 싶습니다.,Saya ingin mengetahui prosedur penanganan Perusahaan Penyelenggara Bersama.,공동간사회사,공동간사회사,True,증권·예탁,기업금융·자본조달,1.0,1.0,1.0,0,,0,
KO-FIN-00360,공동대리의 적용 여부는 계약 내용과 관련 법령을 확인해야 합니다.,"Untuk mengetahui apakah Wakil Bersama berlaku, Anda harus memeriksa isi Kontrak dan peraturan perundang-undangan yang terkait.",공동대리;계약,공동대리,True,법률·계약,,1.0,1.0,1.0,0,,30,계약
KO-FIN-00361,공동지배인이 금융거래에 어떻게 적용되나요?,Bagaimana Pengelola Bersama diterapkan dalam transaksi keuangan ini?,공동지배인,공동지배인,True,금융법규·감독,,1.0,1.0,1.0,0,,20,공동지배인
KO-FIN-00363,공동지배인 때문에 추가로 확인해야 할 사항이 있나요?,Apakah ada hal lain yang perlu diperiksa terkait Pengelola Bersama?,공동지배인,공동지배인,True,금융법규·감독,,1.0,1.0,1.0,0,,20,공동지배인
KO-FIN-00366,공매도와 관련된 시장 정보를 확인하고 싶습니다.,Saya ingin memeriksa informasi pasar terkait Penjualan kosong.,공매도,공매도,True,금융시장·거래,주식,1.0,1.0,1.0,0,,40,공매도
KO-FIN-00370,공매수와 관련된 시장 정보를 확인하고 싶습니다.,Saya ingin memeriksa informasi pasar terkait Pembelian terbuka.,공매수,공매수,True,금융시장·거래,,1.0,1.0,1.0,0,,40,공매수
KO-FIN-00376,공모의 세부 조건과 절차는 거래 유형에 따라 달라질 수 있습니다.,Ketentuan dan prosedur terperinci mengenai Pengumuman dapat berbeda-beda tergantung pada jenis transaksinya.,공모,공모,True,기업금융·자본조달,증권·예탁 / 자산운용·투자 / 금융법규·감독,1.0,1.0,1.0,0,,70,공모
KO-FIN-00380,공모부대서비스회사의 세부 조건과 절차는 거래 유형에 따라 달라질 수 있습니다.,Ketentuan dan prosedur terperinci mengenai Perusahaan Penyedia Layanan untuk Unit Militer dapat berbeda-beda tergantung pada jenis transaksinya.,공모부대서비스회사,공모부대서비스회사,True,기업금융·자본조달,,1.0,1.0,1.0,0,,20,공모부대서비스회사
KO-FIN-00382,공모증자와 관련된 정보를 확인하고 싶습니다.,Saya ingin memeriksa informasi terkait Penawaran Umum Saham Baru.,공모증자,공모증자,True,주식,기업금융·자본조달 / 증권·예탁,1.0,1.0,1.0,0,,40,공모증자
KO-FIN-00388,공모채의 세부 조건과 절차는 거래 유형에 따라 달라질 수 있습니다.,Ketentuan dan prosedur terperinci mengenai Obligasi Penawaran Umum dapat berbeda-beda tergantung pada jenis transaksinya.,공모채,공모채,True,기업금융·자본조달,채권,1.0,1.0,1.0,0,,40,공모채
KO-FIN-00389,공사채등록법이 무엇인지 설명해 주세요.,Tolong jelaskan apa itu Undang-Undang Pendaftaran Obligasi Perusahaan.,공사채등록법,공사채등록법,True,채권,,1.0,1.0,1.0,0,,0,
KO-FIN-00395,공사채형투자신탁에 가입하기 전에 어떤 점을 확인해야 하나요?,Apa saja yang perlu diperiksa sebelum mendaftar ke Reksa Dana Obligasi Perusahaan?,공사채형투자신탁,공사채형투자신탁,True,펀드·신탁,채권 / 자산운용·투자,1.0,1.0,1.0,0,,40,공사채형투자신탁
KO-FIN-00399,공시 때문에 추가로 확인해야 할 사항이 있나요?,Apakah ada hal lain yang perlu diperiksa terkait Pengumuman?,공시,공시,True,금융법규·감독,증권·예탁 / 자산운용·투자 / 법률·계약,1.0,1.0,1.0,0,,70,공시
KO-FIN-00400,공시의 적용 범위는 관련 법령과 규정에 따라 달라질 수 있습니다.,Ruang lingkup penerapan Pengumuman dapat bervariasi sesuai dengan undang-undang dan peraturan yang berlaku.,공시,공시,True,금융법규·감독,증권·예탁 / 자산운용·투자 / 법률·계약,1.0,1.0,1.0,0,,70,공시
KO-FIN-00404,공시최고의 적용 여부는 계약 내용과 관련 법령을 확인해야 합니다.,"Untuk mengetahui apakah Pengumuman Tertinggi berlaku, perlu memeriksa isi Kontrak dan peraturan perundang-undangan yang terkait.",공시최고;계약,공시최고,True,법률·계약,금융법규·감독,1.0,1.0,1.0,0,,30,공시최고;계약
KO-FIN-00405,공신의 원칙이 무엇인지 설명해 주세요.,Tolong jelaskan apa itu Prinsip Penghargaan kepada Pahlawan.,공신의 원칙,공신의 원칙,True,증권·예탁,법률·계약,1.0,1.0,1.0,0,,20,공신의 원칙
KO-FIN-00409,공인중개인이 무엇을 의미하나요?,Apa arti Agen Properti Berlisensi?,공인중개인,공인중개인,True,금융시장·거래,,1.0,1.0,1.0,0,,40,공인중개인
KO-FIN-00413,공정거래법이 무엇을 의미하나요?,Apa arti Undang-Undang Persaingan Usaha yang Sehat?,공정거래법,공정거래법,True,금융시장·거래,,1.0,1.0,1.0,0,,40,공정거래법
KO-FIN-00418,공정게임모형은 금융상품을 분석할 때 어떻게 사용되나요?,Bagaimana Model Permainan yang Adil digunakan dalam menganalisis produk keuangan?,공정게임모형,공정게임모형,True,금융공학·분석,,1.0,1.0,1.0,0,,0,
KO-FIN-00420,공정게임모형의 결과는 사용한 가정과 시장 데이터에 따라 달라질 수 있습니다.,Hasil Model Permainan yang Adil dapat bervariasi tergantung pada asumsi dan data pasar yang digunakan.,공정게임모형,공정게임모형,True,금융공학·분석,,1.0,1.0,1.0,0,,0,
KO-FIN-00424,공정할인율과 관련된 세부 업무는 해당 기관의 안내를 확인해 주세요.,"Untuk detail tugas yang berkaitan dengan Tingkat diskon yang wajar, silakan periksa panduan dari lembaga terkait.",공정할인율,공정할인율,True,금융기관·은행,,1.0,1.0,1.0,0,,20,공정할인율
KO-FIN-00426,공채의 조건과 수익 구조를 확인하고 싶습니다.,Saya ingin mengetahui ketentuan dan struktur keuntungan dari Perekrutan Umum.,공채,공채,True,채권,,1.0,1.0,1.0,0,,70,공채
KO-FIN-00430,관계회사와 관련된 정보를 확인하고 싶습니다.,Saya ingin memeriksa informasi terkait Perusahaan afiliasi.,관계회사,관계회사,True,주식,,1.0,1.0,1.0,0,,20,관계회사
KO-FIN-00433,관리대상종목이 무엇을 의미하나요?,Apa arti Saham yang Dipantau?,관리대상종목,관리대상종목,True,금융시장·거래,주식,1.0,1.0,1.0,0,,40,관리대상종목
KO-FIN-00439,최근 관세 및 무역에 관한 일반협정의 변화를 확인하고 싶습니다.,Saya ingin melihat perubahan terbaru pada Perjanjian Umum tentang Tarif dan Perdagangan.,관세 및 무역에 관한 일반협정,관세 및 무역에 관한 일반협정,True,경제·거시금융,,1.0,1.0,1.0,0,,0,
KO-FIN-00440,관세 및 무역에 관한 일반협정은 다른 경제지표와 함께 해석하는 것이 좋습니다.,Perjanjian Umum tentang Tarif dan Perdagangan sebaiknya diinterpretasikan bersama dengan indikator ekonomi lainnya.,관세 및 무역에 관한 일반협정,관세 및 무역에 관한 일반협정,True,경제·거시금융,,1.0,1.0,1.0,0,,0,
KO-FIN-00441,관할권이 금융거래에서 무엇을 의미하나요?,Apa arti Yurisdiksi dalam transaksi keuangan ini?,관할권,관할권,True,법률·계약,,1.0,1.0,1.0,0,,0,
KO-FIN-00446,교차담보금제도 처리 절차를 확인하고 싶습니다.,Saya ingin mengetahui prosedur penanganan Sistem Jaminan Silang.,교차담보금제도,교차담보금제도,True,증권·예탁,자산운용·투자,1.0,1.0,1.0,0,,40,교차담보금제도
KO-FIN-00451,교차증거금제도 거래에는 어떤 위험이 있나요?,Sistem Margin Silang Apa saja risiko yang terkait dengan transaksi ini?,교차증거금제도,교차증거금제도,True,파생상품,,1.0,1.0,1.0,0,,40,교차증거금제도
KO-FIN-00453,교차헤징이 무엇을 의미하나요?,Apa arti Hedging silang?,교차헤징,교차헤징,True,금융시장·거래,,1.0,1.0,1.0,0,,40,교차헤징
KO-FIN-00458,교체발행을 이용하려면 어떤 조건이 필요한가요?,Apa saja syarat yang diperlukan untuk menggunakan Penerbitan pengganti?,교체발행,교체발행,True,기업금융·자본조달,주식,1.0,1.0,1.0,0,,40,교체발행
KO-FIN-00459,교체발행과 관련된 비용과 절차를 확인하고 싶습니다.,Saya ingin mengetahui biaya dan prosedur yang berkaitan dengan Penerbitan pengganti.,교체발행,교체발행,True,기업금융·자본조달,주식,1.0,1.0,1.0,0,,40,교체발행
KO-FIN-00462,교환사채의 조건과 수익 구조를 확인하고 싶습니다.,Saya ingin mengetahui syarat dan struktur keuntungan dari Obligasi tukar.,교환사채,교환사채,True,채권,증권·예탁,1.0,1.0,1.0,0,,0,
KO-FIN-00465,구상권이 금융거래에서 무엇을 의미하나요?,Apa arti Hak ganti rugi dalam transaksi keuangan ini?,구상권,구상권,True,법률·계약,증권·예탁,1.0,1.0,1.0,0,,40,구상권
KO-FIN-00471,구주와 관련해 투자 전에 확인해야 할 사항이 있나요?,Apakah ada hal-hal yang perlu diperiksa sebelum berinvestasi terkait Tuhan?,구주,구주,True,주식,,1.0,1.0,1.0,0,,70,구주
KO-FIN-00475,국가신인도와 관련된 투자 정보를 확인하고 싶습니다.,Saya ingin memeriksa informasi investasi terkait Kredibilitas Negara.,국가신인도,국가신인도,True,자산운용·투자,,1.0,1.0,1.0,0,,0,
KO-FIN-00478,국내장외거래와 관련된 시장 정보를 확인하고 싶습니다.,Saya ingin memeriksa informasi pasar terkait Transaksi di Luar Pasar Teratur Dalam Negeri.,국내장외거래,국내장외거래,True,금융시장·거래,,1.0,1.0,1.0,0,,0,
KO-FIN-00483,국민주와 관련해 투자 전에 확인해야 할 사항이 있나요?,Apakah ada hal-hal yang perlu diperiksa sebelum berinvestasi terkait Lagu Kebangsaan?,국민주,국민주,True,주식,,1.0,1.0,1.0,0,,20,국민주
KO-FIN-00485,국민주택채권이 무엇인지 설명해 주세요.,Tolong jelaskan apa itu Obligasi Perumahan Rakyat.,국민주택채권,국민주택채권,True,채권,주식,1.0,1.0,1.0,0,,0,
KO-FIN-00491,최근 국민총생산의 변화를 확인하고 싶습니다.,Saya ingin melihat perubahan terbaru pada Produk Domestik Bruto.,국민총생산,국민총생산,True,경제·거시금융,,1.0,1.0,1.0,0,,0,
KO-FIN-00492,국민총생산은 다른 경제지표와 함께 해석하는 것이 좋습니다.,Produk Domestik Bruto sebaiknya diinterpretasikan bersama dengan indikator ekonomi lainnya.,국민총생산,국민총생산,True,경제·거시금융,,1.0,1.0,1.0,0,,0,
KO-FIN-00494,국제간 거래와 관련된 시장 정보를 확인하고 싶습니다.,Saya ingin memeriksa informasi pasar terkait Transaksi internasional.,국제간 거래,국제간 거래,True,금융시장·거래,자산운용·투자,1.0,1.0,1.0,0,,0,
KO-FIN-00497,국제간 대금지급이 무엇인지 설명해 주세요.,Tolong jelaskan apa itu Pembayaran antarnegara.,국제간 대금지급,국제간 대금지급,True,지급결제·청산,,1.0,1.0,1.0,0,,20,국제간 대금지급
KO-FIN-00503,국제간 대체결제 과정에서 문제가 발생한 것 같습니다.,Tampaknya terjadi masalah dalam proses Pembayaran Alternatif Antarnegara.,국제간 대체결제,국제간 대체결제,True,지급결제·청산,증권·예탁,1.0,1.0,1.0,0,,0,
KO-FIN-00508,국제결제은행과 관련된 세부 업무는 해당 기관의 안내를 확인해 주세요.,"Untuk detail tugas yang berkaitan dengan Bank for International Settlements, silakan lihat panduan dari lembaga terkait.",국제결제은행,국제결제은행,True,금융기관·은행,국제금융 / 지급결제·청산,1.0,1.0,1.0,0,,0,
KO-FIN-00510,국제결제은행규제에서 이용할 수 있는 금융업무는 무엇인가요?,Layanan keuangan apa saja yang tersedia di Peraturan Bank for International Settlements?,국제결제은행규제,국제결제은행규제,True,금융기관·은행,지급결제·청산 / 국제금융,1.0,1.0,1.0,0,,0,
KO-FIN-00514,국제금융공사와 관련된 거래 조건을 확인하고 싶습니다.,Saya ingin memeriksa ketentuan transaksi yang terkait dengan Korporasi Keuangan Internasional.,국제금융공사,국제금융공사,True,국제금융,,1.0,1.0,1.0,0,,0,
KO-FIN-00518,국제금융센타와 관련된 거래 조건을 확인하고 싶습니다.,Saya ingin memeriksa ketentuan transaksi yang berkaitan dengan Pusat Keuangan Internasional.,국제금융센타,국제금융센타,True,국제금융,,1.0,1.0,1.0,0,,0,
KO-FIN-00522,국제금융시장과 관련된 거래 조건을 확인하고 싶습니다.,Saya ingin memeriksa ketentuan transaksi yang berkaitan dengan Pasar Keuangan Internasional.,국제금융시장,국제금융시장,True,국제금융,금융시장·거래,1.0,1.0,1.0,0,,0,
KO-FIN-00524,국제금융시장과 관련된 거래에서는 국가별 규정과 통화를 함께 확인해야 합니다.,"Dalam transaksi yang berkaitan dengan Pasar Keuangan Internasional, Anda harus memeriksa peraturan dan mata uang yang berlaku di masing-masing negara.",국제금융시장,국제금융시장,True,국제금융,금융시장·거래,1.0,1.0,1.0,0,,0,
KO-FIN-00525,국제보관기관이 무엇인지 설명해 주세요.,Tolong jelaskan apa itu Lembaga Penyimpanan Internasional.,국제보관기관,국제보관기관,True,증권·예탁,,1.0,1.0,1.0,0,,20,국제보관기관
KO-FIN-00532,국제부흥개발은행과 관련된 세부 업무는 해당 기관의 안내를 확인해 주세요.,"Untuk detail tugas yang berkaitan dengan Bank Internasional untuk Rekonstruksi dan Pembangunan, silakan periksa panduan dari lembaga terkait.",국제부흥개발은행,국제부흥개발은행,True,금융기관·은행,대출,1.0,1.0,1.0,0,,0,
KO-FIN-00535,국제분산투자와 관련된 투자 정보를 확인하고 싶습니다.,Saya ingin memeriksa informasi investasi terkait Investasi Terpencar Internasional.,국제분산투자,국제분산투자,True,자산운용·투자,,1.0,1.0,1.0,0,,0,
KO-FIN-00538,국제유가증권관리자협회 처리 절차를 확인하고 싶습니다.,Saya ingin mengetahui prosedur penanganan Asosiasi Pengelola Sekuritas Internasional.,국제유가증권관리자협회,국제유가증권관리자협회,True,증권·예탁,,1.0,1.0,1.0,0,,0,
KO-FIN-00541,국제전문가시장이 무엇을 의미하나요?,Apa arti Pasar Ahli Internasional?,국제전문가시장,국제전문가시장,True,금융시장·거래,자산운용·투자,1.0,1.0,1.0,0,,0,
KO-FIN-00545,국제정합성이 무엇인지 설명해 주세요.,Tolong jelaskan apa itu Kesesuaian Internasional.,국제정합성,국제정합성,True,증권·예탁,,1.0,1.0,1.0,0,,0,
KO-FIN-00549,국제증권이 무엇인지 설명해 주세요.,Tolong jelaskan apa itu Sekuritas Internasional.,국제증권,국제증권,True,증권·예탁,국제금융,1.0,1.0,1.0,0,,0,
KO-FIN-00553,국제증권거래소연맹이 무엇을 의미하나요?,Apa arti Federasi Bursa Efek Internasional?,국제증권거래소연맹,국제증권거래소연맹,True,금융시장·거래,증권·예탁 / 국제금융,1.0,1.0,1.0,0,,0,
KO-FIN-00557,국제증권관리위원회연맹이 무엇인지 설명해 주세요.,Tolong jelaskan apa itu Federasi Komisi Pengawas Sekuritas Internasional.,국제증권관리위원회연맹,국제증권관리위원회연맹,True,증권·예탁,국제금융,1.0,1.0,1.0,0,,0,
KO-FIN-00561,국제증권예탁결제기관이 무엇인지 설명해 주세요.,Tolong jelaskan apa itu Lembaga Penyimpanan dan Penyelesaian Sekuritas Internasional.,국제증권예탁결제기관,국제증권예탁결제기관,True,증권·예탁,지급결제·청산,1.0,1.0,1.0,0,,0,
KO-FIN-00566,국제통화기금과 관련된 거래 조건을 확인하고 싶습니다.,Saya ingin memeriksa ketentuan transaksi yang terkait dengan Dana Moneter Internasional.,국제통화기금,국제통화기금,True,국제금융,,1.0,1.0,1.0,0,,0,
KO-FIN-00568,국제통화기금과 관련된 거래에서는 국가별 규정과 통화를 함께 확인해야 합니다.,"Dalam transaksi yang berkaitan dengan Dana Moneter Internasional, Anda harus memeriksa peraturan dan mata uang masing-masing negara secara bersamaan.",국제통화기금,국제통화기금,True,국제금융,,1.0,1.0,1.0,0,,0,
KO-FIN-00571,국제투자신탁에 가입하기 전에 어떤 점을 확인해야 하나요?,Apa saja yang perlu diperiksa sebelum mendaftar ke Dana Investasi Internasional?,국제투자신탁,국제투자신탁,True,펀드·신탁,자산운용·투자,1.0,1.0,1.0,0,,0,
KO-FIN-00574,국채의 조건과 수익 구조를 확인하고 싶습니다.,Saya ingin mengetahui syarat dan struktur keuntungan dari Obligasi pemerintah.,국채,국채,True,채권,,1.0,1.0,1.0,0,,70,국채
KO-FIN-00578,국채전문딜러의 조건과 수익 구조를 확인하고 싶습니다.,Saya ingin mengetahui syarat dan struktur pendapatan Dealer spesialis obligasi pemerintah.,국채전문딜러,국채전문딜러,True,채권,금융시장·거래 / 금융기관·은행,1.0,1.0,1.0,0,,0,
KO-FIN-00582,국채집합등록제도의 조건과 수익 구조를 확인하고 싶습니다.,Saya ingin mengetahui syarat dan struktur keuntungan dari Sistem Pendaftaran Terpadu Surat Utang Negara.,국채집합등록제도,국채집합등록제도,True,채권,증권·예탁 / 금융시장·거래,1.0,1.0,1.0,0,,20,국채집합등록제도
KO-FIN-00585,권리락이 무엇을 의미하나요?,Apa arti Kwon Ri-rak?,권리락,권리락,True,금융시장·거래,주식,1.0,1.0,1.0,0,,50,권리락
KO-FIN-00591,권리락주가와 관련해 투자 전에 확인해야 할 사항이 있나요?,Apakah ada hal-hal yang perlu diperiksa sebelum berinvestasi terkait Saham yang haknya telah jatuh tempo?,권리락주가,권리락주가,True,주식,,1.0,1.0,1.0,0,,40,권리락주가
KO-FIN-00593,권리예탁이 무엇인지 설명해 주세요.,Tolong jelaskan apa itu Penitipan Hak.,권리예탁,권리예탁,True,증권·예탁,주식,1.0,1.0,1.0,0,,20,권리예탁
KO-FIN-00598,권리예탁계좌부 처리 절차를 확인하고 싶습니다.,Saya ingin mengetahui prosedur penanganan Buku Rekening Penitipan Hak.,권리예탁계좌부,권리예탁계좌부,True,증권·예탁,계좌,1.0,1.0,1.0,0,,20,권리예탁계좌부
KO-FIN-00603,권리주와 관련해 투자 전에 확인해야 할 사항이 있나요?,Apakah ada hal-hal yang perlu diperiksa sebelum berinvestasi terkait Catatan Hak Cipta?,권리주,권리주,True,주식,금융법규·감독 / 법률·계약,1.0,1.0,1.0,0,,40,권리주
KO-FIN-00605,권종이 무엇인지 설명해 주세요.,Tolong jelaskan apa itu Jenis Hak.,권종,권종,True,채권,증권·예탁 / 금융법규·감독 / 주식,1.0,1.0,1.0,0,,30,권종
KO-FIN-00609,규정재정이 금융거래에 어떻게 적용되나요?,Bagaimana Penetapan Peraturan diterapkan dalam transaksi keuangan ini?,규정재정,규정재정,True,금융법규·감독,,1.0,1.0,1.0,0,,20,규정재정
KO-FIN-00611,규정재정 때문에 추가로 확인해야 할 사항이 있나요?,Apakah ada hal lain yang perlu diperiksa terkait Penetapan Peraturan?,규정재정,규정재정,True,금융법규·감독,,1.0,1.0,1.0,0,,20,규정재정
KO-FIN-00614,그라함 도드모형은 금융상품을 분석할 때 어떻게 사용되나요?,Bagaimana Model Graham-Dodds digunakan dalam menganalisis produk keuangan?,그라함 도드모형,그라함 도드모형,True,금융공학·분석,주식,1.0,1.0,1.0,0,,20,그라함 도드모형
KO-FIN-00616,그라함 도드모형의 결과는 사용한 가정과 시장 데이터에 따라 달라질 수 있습니다.,Hasil Model Graham-Dodds dapat bervariasi tergantung pada asumsi dan data pasar yang digunakan.,그라함 도드모형,그라함 도드모형,True,금융공학·분석,주식,1.0,1.0,1.0,0,,20,그라함 도드모형
KO-FIN-00618,근저당과 관련된 금리와 비용을 확인하고 싶습니다.,Saya ingin mengetahui suku bunga dan biaya yang terkait dengan Hak gadai atas tanah.,근저당,근저당,True,부동산금융,,1.0,1.0,1.0,0,,50,근저당
KO-FIN-00619,근저당을 이용할 때 필요한 서류는 무엇인가요?,Dokumen apa saja yang diperlukan untuk menggunakan Hak gadai atas tanah?,근저당,근저당,True,부동산금융,,1.0,1.0,1.0,0,,50,근저당
KO-FIN-00621,글래머주식이 무엇인지 설명해 주세요.,Tolong jelaskan apa itu Saham Glamour.,글래머주식,글래머주식,True,주식,,1.0,1.0,1.0,0,,0,
KO-FIN-00625,글래스 스티걸법이 무엇인지 설명해 주세요.,Tolong jelaskan apa itu Undang-Undang Glass-Steagall.,글래스 스티걸법,글래스 스티걸법,True,증권·예탁,,1.0,1.0,1.0,0,,0,
KO-FIN-00629,글로벌 트레이딩이 무엇을 의미하나요?,Apa arti Perdagangan Global?,글로벌 트레이딩,글로벌 트레이딩,True,금융시장·거래,,1.0,1.0,1.0,0,,40,글로벌 트레이딩
KO-FIN-00635,글로벌라이제이션을 줄이려면 어떤 점을 확인해야 하나요?,Apa saja hal yang perlu diperhatikan untuk mengurangi Globalisasi?,글로벌라이제이션,글로벌라이제이션,True,신용·리스크,,1.0,1.0,1.0,0,,40,글로벌라이제이션
KO-FIN-00636,글로벌라이제이션은 거래 조건이나 이용 가능 여부에 영향을 줄 수 있습니다.,Globalisasi dapat memengaruhi ketentuan perdagangan atau ketersediaannya.,글로벌라이제이션,글로벌라이제이션,True,신용·리스크,,1.0,1.0,1.0,0,,40,글로벌라이제이션
KO-FIN-00638,글로벌본드의 조건과 수익 구조를 확인하고 싶습니다.,Saya ingin mengetahui ketentuan dan struktur pendapatan Obligasi Global.,글로벌본드,글로벌본드,True,채권,,1.0,1.0,1.0,0,,0,
KO-FIN-00641,글로컬리제이션이 무엇을 의미하나요?,Apa arti Glokalisasi?,글로컬리제이션,글로컬리제이션,True,금융시장·거래,,1.0,1.0,1.0,0,,40,글로컬리제이션
KO-FIN-00646,금고주에서 이용할 수 있는 금융업무는 무엇인가요?,Layanan keuangan apa saja yang tersedia di Pemegang saham utama?,금고주,금고주,True,금융기관·은행,주식,1.0,1.0,1.0,0,,20,금고주
KO-FIN-00649,금리선물이 무엇인지 쉽게 설명해 주세요.,Tolong jelaskan secara sederhana apa itu Kontrak Berjangka Suku Bunga.,금리선물,금리선물,True,파생상품,금융시장·거래,1.0,1.0,1.0,0,,40,금리선물
KO-FIN-00653,금리선물옵션이 무엇인지 쉽게 설명해 주세요.,Tolong jelaskan dengan sederhana apa itu Opsi Kontrak Berjangka Suku Bunga.,금리선물옵션,금리선물옵션,True,파생상품,,1.0,1.0,1.0,0,,0,
KO-FIN-00657,금리스왑이 무엇인지 쉽게 설명해 주세요.,Tolong jelaskan dengan sederhana apa itu Swap suku bunga.,금리스왑,금리스왑,True,파생상품,대출 / 법률·계약 / 금융시장·거래,1.0,1.0,1.0,0,,40,금리스왑
KO-FIN-00662,금리연동부사채의 조건과 수익 구조를 확인하고 싶습니다.,Saya ingin mengetahui syarat dan struktur keuntungan dari Obligasi dengan Suku Bunga Terikat.,금리연동부사채,금리연동부사채,True,채권,,1.0,1.0,1.0,0,,40,금리연동부사채
KO-FIN-00666,금리확정부사채의 조건과 수익 구조를 확인하고 싶습니다.,Saya ingin mengetahui syarat dan struktur keuntungan dari Obligasi tanpa bunga dengan suku bunga tetap.,금리확정부사채,금리확정부사채,True,채권,,1.0,1.0,1.0,0,,40,금리확정부사채
KO-FIN-00671,금외신탁에 가입하기 전에 어떤 점을 확인해야 하나요?,Apa saja yang perlu diperiksa sebelum mendaftar ke Perwalian Non-Emas?,금외신탁,금외신탁,True,펀드·신탁,,1.0,1.0,1.0,0,,40,금외신탁
KO-FIN-00673,금융감독위원회/금융감독원이 금융거래에 어떻게 적용되나요?,Bagaimana Komisi Pengawasan Keuangan/Badan Pengawasan Keuangan diterapkan dalam transaksi keuangan ini?,금융감독위원회/금융감독원,금융감독위원회/금융감독원,True,금융법규·감독,,1.0,1.0,1.0,0,,0,
KO-FIN-00675,금융감독위원회/금융감독원 때문에 추가로 확인해야 할 사항이 있나요?,Apakah ada hal lain yang perlu diperiksa terkait Komisi Pengawasan Keuangan/Badan Pengawasan Keuangan?,금융감독위원회/금융감독원,금융감독위원회/금융감독원,True,금융법규·감독,,1.0,1.0,1.0,0,,0,
KO-FIN-00677,금융결제원이 무엇인지 설명해 주세요.,Tolong jelaskan apa itu Lembaga Kliring dan Pembayaran.,금융결제원,금융결제원,True,지급결제·청산,금융기관·은행,1.0,1.0,1.0,0,,40,금융결제원
KO-FIN-00681,금융공학이 무엇인지 설명해 주세요.,Tolong jelaskan apa itu Rekayasa Keuangan.,금융공학,금융공학,True,주식,,1.0,1.0,1.0,0,,0,
KO-FIN-00686,금융기관에서 이용할 수 있는 금융업무는 무엇인가요?,Layanan keuangan apa saja yang tersedia di Lembaga keuangan?,금융기관,금융기관,True,금융기관·은행,,1.0,1.0,1.0,0,,0,
KO-FIN-00691,금융리스 때문에 추가로 확인해야 할 사항이 있나요?,Apakah ada hal lain yang perlu diperiksa terkait Sewa Guna Usaha?,금융리스,금융리스,True,금융법규·감독,,1.0,1.0,1.0,0,,40,금융리스
KO-FIN-00692,금융리스의 적용 범위는 관련 법령과 규정에 따라 달라질 수 있습니다.,Ruang lingkup penerapan Sewa Guna Usaha dapat bervariasi sesuai dengan undang-undang dan peraturan yang berlaku.,금융리스,금융리스,True,금융법규·감독,,1.0,1.0,1.0,0,,40,금융리스
KO-FIN-00696,금융비용은 심사 결과에 따라 이용 가능 여부가 달라질 수 있습니다.,Ketersediaan Biaya keuangan dapat berubah tergantung pada hasil penilaian.,금융비용,금융비용,True,대출,,1.0,1.0,1.0,0,,20,금융비용
KO-FIN-00698,금융선물거래와 관련된 시장 정보를 확인하고 싶습니다.,Saya ingin memeriksa informasi pasar terkait Perdagangan Kontrak Berjangka Keuangan.,금융선물거래,금융선물거래,True,금융시장·거래,파생상품 / 해외송금·외환,1.0,1.0,1.0,0,,0,
KO-FIN-00702,금융소득종합과세의 적용 기준을 알려주세요.,Tolong jelaskan kriteria penerapan Pajak Penghasilan Komprehensif atas Penghasilan Keuangan.,금융소득종합과세,금융소득종합과세,True,세금,,1.0,1.0,1.0,0,,0,
KO-FIN-00704,금융소득종합과세의 적용 여부는 거래 유형과 세법에 따라 달라질 수 있습니다.,Penerapan Pajak Penghasilan Komprehensif atas Penghasilan Keuangan dapat bervariasi tergantung pada jenis transaksi dan undang-undang perpajakan.,금융소득종합과세,금융소득종합과세,True,세금,,1.0,1.0,1.0,0,,0,
KO-FIN-00705,금융쇼핑몰이 무엇인지 설명해 주세요.,Tolong jelaskan apa itu Pusat Perbelanjaan Keuangan.,금융쇼핑몰,금융쇼핑몰,True,증권·예탁,,1.0,1.0,1.0,0,,0,
KO-FIN-00709,금융시장이 무엇을 의미하나요?,Apa arti Pasar Keuangan?,금융시장,금융시장,True,금융시장·거래,,1.0,1.0,1.0,0,,0,
KO-FIN-00714,금융실명제의 적용 기준을 알려주세요.,Tolong jelaskan kriteria penerapan Sistem Identitas Pemegang Rekening di Sektor Keuangan.,금융실명제,금융실명제,True,세금,,1.0,1.0,1.0,0,,50,금융실명제
KO-FIN-00716,금융실명제의 적용 여부는 거래 유형과 세법에 따라 달라질 수 있습니다.,Penerapan Sistem Identitas Pemegang Rekening di Sektor Keuangan dapat bervariasi tergantung pada jenis transaksi dan undang-undang perpajakan.,금융실명제,금융실명제,True,세금,,1.0,1.0,1.0,0,,50,금융실명제
KO-FIN-00720,금융어음은 심사 결과에 따라 이용 가능 여부가 달라질 수 있습니다.,Ketersediaan Warkat keuangan dapat berubah tergantung pada hasil penilaian.,금융어음,금융어음,True,대출,,1.0,1.0,1.0,0,,20,금융어음
KO-FIN-00724,금융자산은 심사 결과에 따라 이용 가능 여부가 달라질 수 있습니다.,Ketersediaan Aset keuangan dapat berubah tergantung pada hasil penilaian.,금융자산,금융자산,True,대출,,1.0,1.0,1.0,0,,0,
KO-FIN-00727,금융장세와 관련해 투자 전에 확인해야 할 사항이 있나요?,Apakah ada hal-hal yang perlu diperiksa sebelum berinvestasi terkait Kondisi Pasar Keuangan?,금융장세,금융장세,True,주식,,1.0,1.0,1.0,0,,0,
KO-FIN-00730,금융지주회사에서 이용할 수 있는 금융업무는 무엇인가요?,Layanan keuangan apa saja yang tersedia di Perusahaan induk keuangan?,금융지주회사,금융지주회사,True,금융기관·은행,,1.0,1.0,1.0,0,,0,
KO-FIN-00734,금융채에서 이용할 수 있는 금융업무는 무엇인가요?,Layanan keuangan apa saja yang tersedia di Obligasi keuangan?,금융채,금융채,True,금융기관·은행,,1.0,1.0,1.0,0,,0,
KO-FIN-00738,금융통화운영위원회에서 이용할 수 있는 금융업무는 무엇인가요?,Layanan keuangan apa saja yang tersedia di Komite Kebijakan Moneter dan Keuangan?,금융통화운영위원회,금융통화운영위원회,True,금융기관·은행,,1.0,1.0,1.0,0,,0,
KO-FIN-00743,금전신탁에 가입하기 전에 어떤 점을 확인해야 하나요?,Apa saja yang perlu diperiksa sebelum mendaftar ke Perwalian Uang?,금전신탁,금전신탁,True,펀드·신탁,,1.0,1.0,1.0,0,,40,금전신탁
KO-FIN-00746,기간구조의 조건과 수익 구조를 확인하고 싶습니다.,Saya ingin mengetahui syarat dan struktur keuntungan dari Struktur Jangka Waktu.,기간구조,기간구조,True,채권,,1.0,1.0,1.0,0,,0,
KO-FIN-00749,기간물 repo이 무엇을 의미하나요?,Apa arti Repo berjangka?,기간물 repo,기간물 repo,True,금융시장·거래,,1.0,1.0,1.0,0,,40,기간물 repo
KO-FIN-00754,기관결제제도 처리 절차를 확인하고 싶습니다.,Saya ingin mengetahui prosedur penanganan Sistem Pembayaran Institusional.,기관결제제도,기관결제제도,True,증권·예탁,지급결제·청산 / 금융시장·거래,1.0,1.0,1.0,0,,40,기관결제제도
KO-FIN-00757,기관투자가 결제제도가 무엇인지 설명해 주세요.,Tolong jelaskan apa itu Sistem Penyelesaian Transaksi Investor Institusional.,기관투자가 결제제도,기관투자가 결제제도,True,지급결제·청산,자산운용·투자 / 증권·예탁 / 금융시장·거래,1.0,1.0,1.0,0,,0,
KO-FIN-00763,기관투자가와 관련된 투자 정보를 확인하고 싶습니다.,Saya ingin memeriksa informasi investasi terkait Investor institusional.,기관투자가,기관투자가,True,자산운용·투자,증권·예탁 / 금융기관·은행 / 금융시장·거래,1.0,1.0,1.0,0,,0,
KO-FIN-00765,기관화현상이 무엇인지 설명해 주세요.,Tolong jelaskan apa itu Fenomena institusionalisasi.,기관화현상,기관화현상,True,주식,,1.0,1.0,1.0,0,,0,
KO-FIN-00769,기대수익률이 무엇인지 설명해 주세요.,Tolong jelaskan apa itu Tingkat Pengembalian yang Diharapkan.,기대수익률,기대수익률,True,주식,,1.0,1.0,1.0,0,,0,
KO-FIN-00776,기대이론은 심사 결과에 따라 이용 가능 여부가 달라질 수 있습니다.,Ketersediaan Teori Ekspektasi dapat berubah tergantung pada hasil penilaian.,기대이론,기대이론,True,대출,자산운용·투자,1.0,1.0,1.0,0,,0,
KO-FIN-00778,기말계속예탁제도 처리 절차를 확인하고 싶습니다.,Saya ingin mengetahui prosedur penanganan Sistem Penitipan Akhir Periode.,기말계속예탁제도,기말계속예탁제도,True,증권·예탁,주식 / 법률·계약,1.0,1.0,1.0,0,,40,기말계속예탁제도
KO-FIN-00781,기명날인이 금융거래에서 무엇을 의미하나요?,Apa arti Tanda tangan dan cap dalam transaksi keuangan ini?,기명날인,기명날인,True,법률·계약,,1.0,1.0,1.0,0,,40,기명날인
KO-FIN-00786,기명사채의 조건과 수익 구조를 확인하고 싶습니다.,Saya ingin mengetahui syarat dan struktur keuntungan dari Obligasi atas nama.,기명사채,기명사채,True,채권,,1.0,1.0,1.0,0,,40,기명사채
KO-FIN-00789,기명주식이 무엇인지 설명해 주세요.,Tolong jelaskan apa itu Saham atas nama.,기명주식,기명주식,True,주식,증권·예탁,1.0,1.0,1.0,0,,20,기명주식
KO-FIN-00794,기본적분석은 금융상품을 분석할 때 어떻게 사용되나요?,Bagaimana Analisis Fundamental digunakan dalam menganalisis produk keuangan?,기본적분석,기본적분석,True,금융공학·분석,,1.0,1.0,1.0,0,,0,
KO-FIN-00796,기본적분석의 결과는 사용한 가정과 시장 데이터에 따라 달라질 수 있습니다.,Hasil Analisis Fundamental dapat bervariasi tergantung pada asumsi dan data pasar yang digunakan.,기본적분석,기본적분석,True,금융공학·분석,,1.0,1.0,1.0,0,,0,
KO-FIN-00798,기세와 관련된 시장 정보를 확인하고 싶습니다.,Saya ingin memeriksa informasi pasar terkait semangat.,기세,기세,True,금융시장·거래,,1.0,1.0,1.0,0,,70,기세
KO-FIN-00802,기술적분석은 금융상품을 분석할 때 어떻게 사용되나요?,Bagaimana Analisis Teknis digunakan dalam menganalisis produk keuangan?,기술적분석,기술적분석,True,금융공학·분석,,1.0,1.0,1.0,0,,0,
KO-FIN-00804,기술적분석의 결과는 사용한 가정과 시장 데이터에 따라 달라질 수 있습니다.,Hasil Analisis Teknis dapat bervariasi tergantung pada asumsi dan data pasar yang digunakan.,기술적분석,기술적분석,True,금융공학·분석,,1.0,1.0,1.0,0,,0,
KO-FIN-00806,기어링 레이쇼에서 이용할 수 있는 금융업무는 무엇인가요?,Layanan keuangan apa saja yang tersedia di Rasio Penggerak?,기어링 레이쇼,기어링 레이쇼,True,금융기관·은행,,1.0,1.0,1.0,0,,40,기어링 레이쇼
KO-FIN-00812,기업공개의 세부 조건과 절차는 거래 유형에 따라 달라질 수 있습니다.,Ketentuan dan prosedur terperinci mengenai Penawaran Umum Perdana dapat berbeda-beda tergantung pada jenis transaksinya.,기업공개,기업공개,True,기업금융·자본조달,주식 / 자산운용·투자 / 금융시장·거래,1.0,1.0,1.0,0,,40,기업공개
KO-FIN-00814,기업회계기준을 통해 어떤 정보를 확인할 수 있나요?,Informasi apa saja yang dapat saya periksa melalui Standar Akuntansi Perusahaan?,기업회계기준,기업회계기준,True,회계·재무,금융법규·감독,1.0,1.0,1.0,0,,0,
KO-FIN-00816,기업회계기준은 기준 시점과 작성 기준을 함께 확인해야 합니다.,Standar Akuntansi Perusahaan harus diperiksa dengan memperhatikan titik waktu acuan dan kriteria penulisan.,기업회계기준,기업회계기준,True,회계·재무,금융법규·감독,1.0,1.0,1.0,0,,0,
KO-FIN-00817,기준일이 금융거래에서 무엇을 의미하나요?,Apa arti Tanggal acuan dalam transaksi keuangan ini?,기준일,기준일,True,법률·계약,,1.0,1.0,1.0,0,,40,기준일
KO-FIN-00821,기채시장이 무엇인지 설명해 주세요.,Tolong jelaskan apa itu Pasar Obligasi.,기채시장,기채시장,True,채권,금융시장·거래,1.0,1.0,1.0,0,,0,
KO-FIN-00825,기초자산이 무엇인지 쉽게 설명해 주세요.,Tolong jelaskan dengan sederhana apa itu Aset dasar.,기초자산,기초자산,True,파생상품,,1.0,1.0,1.0,0,,0,
KO-FIN-00830,기축통화와 관련된 거래 조건을 확인하고 싶습니다.,Saya ingin memeriksa ketentuan transaksi yang terkait dengan mata uang cadangan.,기축통화,기축통화,True,국제금융,,1.0,1.0,1.0,0,,20,기축통화
KO-FIN-00833,기한부어음이 무엇인지 설명해 주세요.,Tolong jelaskan apa itu wesel berjangka.,기한부어음,기한부어음,True,증권·예탁,,1.0,1.0,1.0,0,,40,기한부어음
KO-FIN-00839,기회비용과 관련된 투자 정보를 확인하고 싶습니다.,Saya ingin memeriksa informasi investasi terkait Biaya peluang.,기회비용,기회비용,True,자산운용·투자,,1.0,1.0,1.0,0,,20,기회비용
KO-FIN-00841,나스닥이 무엇을 의미하나요?,Apa arti Nasdaq?,나스닥,나스닥,True,금융시장·거래,,1.0,1.0,1.0,0,,0,
KO-FIN-00846,납입자본금을 통해 어떤 정보를 확인할 수 있나요?,Informasi apa saja yang dapat dilihat melalui Modal disetor?,납입자본금,납입자본금,True,회계·재무,,1.0,1.0,1.0,0,,20,납입자본금
KO-FIN-00848,납입자본금은 기준 시점과 작성 기준을 함께 확인해야 합니다.,Modal disetor harus diperiksa dengan memperhatikan tanggal acuan dan kriteria penyusunan.,납입자본금,납입자본금,True,회계·재무,,1.0,1.0,1.0,0,,20,납입자본금
KO-FIN-00850,납회 처리 절차를 확인하고 싶습니다.,Saya ingin mengetahui prosedur penanganan Pertemuan Akhir Tahun.,납회,납회,True,증권·예탁,금융시장·거래,1.0,1.0,1.0,0,,70,납회
KO-FIN-00855,내부결제 과정에서 문제가 발생한 것 같습니다.,Tampaknya terjadi masalah dalam proses Pembayaran internal.,내부결제,내부결제,True,지급결제·청산,,1.0,1.0,1.0,0,,0,
KO-FIN-00858,내부금융은 어디에서 확인할 수 있나요?,Di mana saya bisa memeriksa Pembiayaan Internal?,내부금융,내부금융,True,계좌,,1.0,1.0,1.0,0,,0,
KO-FIN-00859,내부금융이 정상적으로 표시되지 않습니다.,Pembiayaan Internal tidak ditampilkan dengan benar.,내부금융,내부금융,True,계좌,,1.0,1.0,1.0,0,,0,
KO-FIN-00863,내부수익률과 관련된 투자 정보를 확인하고 싶습니다.,Saya ingin memeriksa informasi investasi terkait Tingkat Pengembalian Internal.,내부수익률,내부수익률,True,자산운용·투자,,1.0,1.0,1.0,0,,0,
KO-FIN-00867,내부유보와 관련해 투자 전에 확인해야 할 사항이 있나요?,Apakah ada hal-hal yang perlu diperiksa sebelum berinvestasi terkait Laba ditahan?,내부유보,내부유보,True,주식,,1.0,1.0,1.0,0,,40,내부유보
KO-FIN-00870,내부자거래와 관련된 시장 정보를 확인하고 싶습니다.,Saya ingin memeriksa informasi pasar terkait Transaksi orang dalam.,내부자거래,내부자거래,True,금융시장·거래,자산운용·투자 / 증권·예탁 / 금융법규·감독 / 법률·계약,1.0,1.0,1.0,0,,0,
KO-FIN-00874,내재가치 처리 절차를 확인하고 싶습니다.,Saya ingin mengetahui prosedur penanganan Nilai intrinsik.,내재가치,내재가치,True,증권·예탁,,1.0,1.0,1.0,0,,0,
KO-FIN-00879,누적적 우선주와 관련해 투자 전에 확인해야 할 사항이 있나요?,Apakah ada hal-hal yang perlu diperiksa terkait Saham preferen kumulatif sebelum berinvestasi?,누적적 우선주,누적적 우선주,True,주식,,1.0,1.0,1.0,0,,0,
KO-FIN-00883,누적적참가우선주와 관련해 투자 전에 확인해야 할 사항이 있나요?,Apakah ada hal-hal yang perlu diperiksa sebelum berinvestasi terkait Saham Preferen dengan Hak Prioritas Akumulatif?,누적적참가우선주,누적적참가우선주,True,주식,,1.0,1.0,1.0,0,,20,누적적참가우선주
KO-FIN-00887,누적투표제와 관련해 투자 전에 확인해야 할 사항이 있나요?,Apakah ada hal-hal yang perlu diperiksa sebelum berinvestasi terkait Sistem Pemungutan Suara Kumulatif?,누적투표제,누적투표제,True,주식,,1.0,1.0,1.0,0,,0,
KO-FIN-00891,뉴라운드와 관련된 투자 정보를 확인하고 싶습니다.,Saya ingin memeriksa informasi investasi terkait Putaran Baru.,뉴라운드,뉴라운드,True,자산운용·투자,,1.0,1.0,1.0,0,,0,
KO-FIN-00896,뉴욕증권거래소를 확인할 때 시장 상황과 거래 조건을 함께 살펴보세요.,"Saat memeriksa Bursa Efek New York, perhatikan juga kondisi pasar dan ketentuan perdagangan.",뉴욕증권거래소,뉴욕증권거래소,True,금융시장·거래,증권·예탁,1.0,1.0,1.0,0,,0,
KO-FIN-00898,니케이 평균지수와 관련된 시장 정보를 확인하고 싶습니다.,Saya ingin memeriksa informasi pasar terkait Indeks Nikkei.,니케이 평균지수,니케이 평균지수,True,금융시장·거래,주식,1.0,1.0,1.0,0,,0,
KO-FIN-00901,다자간 차감이 무엇인지 설명해 주세요.,Tolong jelaskan apa itu Pengurangan multilateral.,다자간 차감,다자간 차감,True,지급결제·청산,,1.0,1.0,1.0,0,,0,
KO-FIN-00906,다지수모형은 금융상품을 분석할 때 어떻게 사용되나요?,Bagaimana cara menggunakan Model Indeks saat menganalisis produk keuangan?,다지수모형,다지수모형,True,금융공학·분석,,1.0,1.0,1.0,0,,40,다지수모형
KO-FIN-00908,다지수모형의 결과는 사용한 가정과 시장 데이터에 따라 달라질 수 있습니다.,Hasil Model Indeks dapat bervariasi tergantung pada asumsi dan data pasar yang digunakan.,다지수모형,다지수모형,True,금융공학·분석,,1.0,1.0,1.0,0,,40,다지수모형
KO-FIN-00909,단기금융시장 상호기금이 무엇을 의미하나요?,Apa arti Dana Bersama Pasar Keuangan Jangka Pendek?,단기금융시장 상호기금,단기금융시장 상호기금,True,금융시장·거래,,1.0,1.0,1.0,0,,0,
KO-FIN-00913,단기금융시장이 무엇을 의미하나요?,Apa arti Pasar Keuangan Jangka Pendek?,단기금융시장,단기금융시장,True,금융시장·거래,대출,1.0,1.0,1.0,0,,0,
KO-FIN-00918,단기채의 조건과 수익 구조를 확인하고 싶습니다.,Saya ingin mengetahui syarat dan struktur keuntungan dari Obligasi jangka pendek.,단기채,단기채,True,채권,,1.0,1.0,1.0,0,,0,
KO-FIN-00921,단독주주권이 무엇인지 설명해 주세요.,Tolong jelaskan apa itu Hak Pemegang Saham Tunggal.,단독주주권,단독주주권,True,주식,,1.0,1.0,1.0,0,,0,
KO-FIN-00926,단순보관연계 처리 절차를 확인하고 싶습니다.,Saya ingin mengetahui prosedur penanganan Terkait Penyimpanan Sederhana.,단순보관연계,단순보관연계,True,증권·예탁,지급결제·청산,1.0,1.0,1.0,0,,40,단순보관연계
KO-FIN-00931,단순주가지수와 관련해 투자 전에 확인해야 할 사항이 있나요?,Apakah ada hal-hal yang perlu diperiksa sebelum berinvestasi terkait Indeks Saham Sederhana?,단순주가지수,단순주가지수,True,주식,,1.0,1.0,1.0,0,,0,
KO-FIN-00933,단순주가평균이 무엇인지 설명해 주세요.,Tolong jelaskan apa itu Rata-rata harga saham sederhana.,단순주가평균,단순주가평균,True,주식,,1.0,1.0,1.0,0,,20,단순주가평균
KO-FIN-00939,단위형 투자신탁에 가입하기 전에 어떤 점을 확인해야 하나요?,Apa saja yang perlu diperiksa sebelum mendaftar ke Reksa Dana Tipe Unit?,단위형 투자신탁,단위형 투자신탁,True,펀드·신탁,자산운용·투자,1.0,1.0,1.0,0,,40,단위형 투자신탁
KO-FIN-00942,단일지수모형은 금융상품을 분석할 때 어떻게 사용되나요?,Bagaimana Model Indeks Tunggal digunakan dalam menganalisis produk keuangan?,단일지수모형,단일지수모형,True,금융공학·분석,,1.0,1.0,1.0,0,,20,단일지수모형
KO-FIN-00944,단일지수모형의 결과는 사용한 가정과 시장 데이터에 따라 달라질 수 있습니다.,Hasil Model Indeks Tunggal dapat bervariasi tergantung pada asumsi dan data pasar yang digunakan.,단일지수모형,단일지수모형,True,금융공학·분석,,1.0,1.0,1.0,0,,20,단일지수모형
KO-FIN-00946,단주와 관련된 시장 정보를 확인하고 싶습니다.,Saya ingin memeriksa informasi pasar terkait Tanpa alkohol.,단주,단주,True,금융시장·거래,주식,1.0,1.0,1.0,0,,70,단주
KO-FIN-00949,단주매각대금이 무엇을 의미하나요?,Apa arti Harga Jual Saham Tunggal?,단주매각대금,단주매각대금,True,금융시장·거래,주식,1.0,1.0,1.0,0,,20,단주매각대금
KO-FIN-00954,담보거래와 관련된 시장 정보를 확인하고 싶습니다.,Saya ingin memeriksa informasi pasar terkait Transaksi dengan jaminan.,담보거래,담보거래,True,금융시장·거래,채권 / 증권·예탁,1.0,1.0,1.0,0,,0,
KO-FIN-00958,담보관리제도 처리 절차를 확인하고 싶습니다.,Saya ingin mengetahui prosedur penanganan Sistem Pengelolaan Jaminan.,담보관리제도,담보관리제도,True,증권·예탁,,1.0,1.0,1.0,0,,20,담보관리제도
KO-FIN-00961,담보물이 무엇인지 설명해 주세요.,Tolong jelaskan apa itu Barang jaminan.,담보물,담보물,True,증권·예탁,,1.0,1.0,1.0,0,,0,
KO-FIN-00966,담보부사채의 조건과 수익 구조를 확인하고 싶습니다.,Saya ingin mengetahui syarat dan struktur keuntungan dari Obligasi Berjaminan.,담보부사채,담보부사채,True,채권,,1.0,1.0,1.0,0,,20,담보부사채
KO-FIN-00969,담보유가증권이 무엇인지 설명해 주세요.,Tolong jelaskan apa itu Surat berharga yang dijadikan jaminan.,담보유가증권,담보유가증권,True,증권·예탁,,1.0,1.0,1.0,0,,0,
KO-FIN-00975,담보유지비율과 관련된 투자 정보를 확인하고 싶습니다.,Saya ingin memeriksa informasi investasi terkait Rasio Pemeliharaan Jaminan.,담보유지비율,담보유지비율,True,자산운용·투자,증권·예탁,1.0,1.0,1.0,0,,0,
KO-FIN-00978,당일결제거래와 관련된 시장 정보를 확인하고 싶습니다.,Saya ingin memeriksa informasi pasar terkait Transaksi dengan pembayaran pada hari yang sama.,당일결제거래,당일결제거래,True,금융시장·거래,지급결제·청산,1.0,1.0,1.0,0,,40,당일결제거래
KO-FIN-00981,당일자금이 무엇인지 설명해 주세요.,Tolong jelaskan apa itu Dana Hari Ini.,당일자금,당일자금,True,지급결제·청산,,1.0,1.0,1.0,0,,40,당일자금
KO-FIN-00988,당좌대월은 심사 결과에 따라 이용 가능 여부가 달라질 수 있습니다.,Ketersediaan Cek kosong dapat berubah tergantung pada hasil penilaian.,당좌대월,당좌대월,True,대출,,1.0,1.0,1.0,0,,40,당좌대월
KO-FIN-00992,당좌차월은 심사 결과에 따라 이용 가능 여부가 달라질 수 있습니다.,Ketersediaan Kredit giro dapat berubah tergantung pada hasil penilaian.,당좌차월,당좌차월,True,대출,,1.0,1.0,1.0,0,,40,당좌차월
KO-FIN-00993,대권이 무엇인지 설명해 주세요.,Tolong jelaskan apa itu Perebutan kursi kepresidenan.,대권,대권,True,증권·예탁,,1.0,1.0,1.0,0,,60,대권
KO-FIN-00999,대금지급보증시스템 과정에서 문제가 발생한 것 같습니다.,Tampaknya terjadi masalah dalam proses Sistem Jaminan Pembayaran.,대금지급보증시스템,대금지급보증시스템,True,지급결제·청산,신용·리스크,1.0,1.0,1.0,0,,0,
KO-FIN-01003,대기시스템 과정에서 문제가 발생한 것 같습니다.,Tampaknya terjadi masalah dalam proses Sistem Pemantauan.,대기시스템,대기시스템,True,지급결제·청산,,1.0,1.0,1.0,0,,0,
KO-FIN-01006,대량매매와 관련된 시장 정보를 확인하고 싶습니다.,Saya ingin memeriksa informasi pasar terkait Perdagangan dalam jumlah besar.,대량매매,대량매매,True,금융시장·거래,,1.0,1.0,1.0,0,,20,대량매매
KO-FIN-01010,대량주식보유상황공시제도와 관련된 정보를 확인하고 싶습니다.,Saya ingin memeriksa informasi terkait Sistem Pengungkapan Kepemilikan Saham dalam Jumlah Besar.,대량주식보유상황공시제도,대량주식보유상황공시제도,True,주식,금융법규·감독 / 자산운용·투자 / 금융시장·거래,1.0,1.0,1.0,0,,20,대량주식보유상황공시제도
KO-FIN-01013,대량주식소유의 제한이 무엇인지 설명해 주세요.,Tolong jelaskan apa itu Pembatasan Kepemilikan Saham dalam Jumlah Besar.,대량주식소유의 제한,대량주식소유의 제한,True,주식,금융법규·감독,1.0,1.0,1.0,0,,0,
KO-FIN-01018,대변이체시스템을 이용하려면 어떻게 해야 하나요?,Bagaimana cara menggunakan Sistem Pengangkutan Kotoran?,대변이체시스템,대변이체시스템,True,이체,,1.0,1.0,1.0,0,,20,대변이체시스템
KO-FIN-01020,대변이체시스템을 진행하기 전에 입력한 정보를 다시 확인해 주세요.,"Sebelum melanjutkan ke Sistem Pengangkutan Kotoran, harap periksa kembali informasi yang telah Anda masukkan.",대변이체시스템,대변이체시스템,True,이체,,1.0,1.0,1.0,0,,20,대변이체시스템
KO-FIN-01021,대용가격이 무엇을 의미하나요?,Apa arti Harga pengganti?,대용가격,대용가격,True,금융시장·거래,,1.0,1.0,1.0,0,,0,
KO-FIN-01025,대용증거금 필요액이 무엇인지 쉽게 설명해 주세요.,Tolong jelaskan secara sederhana apa itu Jumlah Jaminan Pengganti yang Diperlukan.,대용증거금 필요액,대용증거금 필요액,True,파생상품,증권·예탁 / 금융시장·거래,1.0,1.0,1.0,0,,40,대용증거금 필요액
KO-FIN-01029,대용증권이 무엇인지 설명해 주세요.,Tolong jelaskan apa itu Surat berharga pengganti.,대용증권,대용증권,True,증권·예탁,금융시장·거래 / 주식,1.0,1.0,1.0,0,,0,
KO-FIN-01035,대주에 대해 상담받고 싶습니다.,Saya ingin berkonsultasi mengenai utang utama.,대주,대주,True,대출,금융시장·거래,1.0,1.0,1.0,0,,70,대주
KO-FIN-01037,대주비율이 무엇을 의미하나요?,Apa arti Rasio utang terhadap ekuitas?,대주비율,대주비율,True,금융시장·거래,주식,1.0,1.0,1.0,0,,0,
KO-FIN-01042,대주주와 관련된 정보를 확인하고 싶습니다.,Saya ingin memeriksa informasi terkait Pemegang saham mayoritas.,대주주,대주주,True,주식,,1.0,1.0,1.0,0,,0,
KO-FIN-01047,대차수수료에 대해 상담받고 싶습니다.,Saya ingin berkonsultasi mengenai Biaya peminjaman.,대차수수료,대차수수료,True,대출,증권·예탁,1.0,1.0,1.0,0,,40,대차수수료
KO-FIN-01049,대체거래시스템이 무엇을 의미하나요?,Apa arti Sistem Perdagangan Alternatif?,대체거래시스템,대체거래시스템,True,금융시장·거래,,1.0,1.0,1.0,0,,0,
KO-FIN-01053,대체결제제도가 무엇인지 설명해 주세요.,Tolong jelaskan apa itu Sistem Pembayaran Alternatif.,대체결제제도,대체결제제도,True,지급결제·청산,증권·예탁 / 금융시장·거래 / 자산운용·투자,1.0,1.0,1.0,0,,20,대체결제제도
KO-FIN-01057,대체물/대체성이 무엇인지 설명해 주세요.,Tolong jelaskan apa itu Substitusi/Substitusiabilitas.,대체물/대체성,대체물/대체성,True,증권·예탁,,1.0,1.0,1.0,0,,0,
KO-FIN-01063,대체비용위험을 줄이려면 어떤 점을 확인해야 하나요?,Apa saja yang perlu diperhatikan untuk mengurangi Risiko Biaya Pengganti?,대체비용위험,대체비용위험,True,신용·리스크,,1.0,1.0,1.0,0,,0,
KO-FIN-01064,대체비용위험은 거래 조건이나 이용 가능 여부에 영향을 줄 수 있습니다.,Risiko Biaya Pengganti dapat memengaruhi ketentuan transaksi atau ketersediaannya.,대체비용위험,대체비용위험,True,신용·리스크,,1.0,1.0,1.0,0,,0,
KO-FIN-01065,대표소송이 무엇인지 설명해 주세요.,Tolong jelaskan apa itu Gugatan atas nama perusahaan.,대표소송,대표소송,True,주식,법률·계약,1.0,1.0,1.0,0,,20,대표소송
KO-FIN-01069,대표채권이 무엇인지 설명해 주세요.,Tolong jelaskan apa itu Obligasi Utama.,대표채권,대표채권,True,채권,자산운용·투자,1.0,1.0,1.0,0,,40,대표채권
KO-FIN-01073,대행업무 수탁계약이 금융거래에서 무엇을 의미하나요?,Apa arti Perjanjian Penugasan Jasa dalam transaksi keuangan ini?,대행업무 수탁계약,대행업무 수탁계약,True,법률·계약,증권·예탁 / 펀드·신탁 / 주식,1.0,1.0,1.0,0,,20,대행업무 수탁계약
KO-FIN-01079,데드크로스와 관련해 투자 전에 확인해야 할 사항이 있나요?,Apakah ada hal-hal yang perlu diperiksa sebelum berinvestasi terkait Dead Cross?,데드크로스,데드크로스,True,주식,,1.0,1.0,1.0,0,,0,
KO-FIN-01083,독일증권시장의 주가지수와 관련해 투자 전에 확인해야 할 사항이 있나요?,Apakah ada hal-hal yang perlu diperiksa sebelum berinvestasi terkait Indeks saham pasar sekuritas Jerman?,독일증권시장의 주가지수,독일증권시장의 주가지수,True,주식,금융시장·거래 / 증권·예탁,1.0,1.0,1.0,0,,0,
KO-FIN-01086,동시호가와 관련된 시장 정보를 확인하고 싶습니다.,Saya ingin memeriksa informasi pasar terkait Penawaran Sekaligus.,동시호가,동시호가,True,금융시장·거래,,1.0,1.0,1.0,0,,40,동시호가
KO-FIN-01090,동일주주와 관련된 정보를 확인하고 싶습니다.,Saya ingin memeriksa informasi terkait Pemegang saham yang sama.,동일주주,동일주주,True,주식,증권·예탁,1.0,1.0,1.0,0,,20,동일주주
KO-FIN-01095,동증주가지수와 관련해 투자 전에 확인해야 할 사항이 있나요?,Apakah ada hal-hal yang perlu diperiksa sebelum berinvestasi terkait Indeks Saham Dongjeung?,동증주가지수,동증주가지수,True,주식,금융시장·거래,1.0,1.0,1.0,0,,0,
KO-FIN-01098,듀레이션은 금융상품을 분석할 때 어떻게 사용되나요?,Bagaimana cara menggunakan Durasi saat menganalisis produk keuangan?,듀레이션,듀레이션,True,금융공학·분석,,1.0,1.0,1.0,0,,40,듀레이션
KO-FIN-01100,듀레이션의 결과는 사용한 가정과 시장 데이터에 따라 달라질 수 있습니다.,Hasil Durasi dapat bervariasi tergantung pada asumsi dan data pasar yang digunakan.,듀레이션,듀레이션,True,금융공학·분석,,1.0,1.0,1.0,0,,40,듀레이션
KO-FIN-01102,등가수익률의 적용 기준을 알려주세요.,Tolong jelaskan kriteria penerapan Tingkat Pengembalian Setara.,등가수익률,등가수익률,True,세금,,1.0,1.0,1.0,0,,0,
KO-FIN-01104,등가수익률의 적용 여부는 거래 유형과 세법에 따라 달라질 수 있습니다.,Penerapan Tingkat Pengembalian Setara dapat bervariasi tergantung pada jenis transaksi dan undang-undang perpajakan.,등가수익률,등가수익률,True,세금,,1.0,1.0,1.0,0,,0,
KO-FIN-01105,등록기관이 무엇인지 설명해 주세요.,Tolong jelaskan apa itu Lembaga Pendaftaran.,등록기관,등록기관,True,증권·예탁,채권,1.0,1.0,1.0,0,,0,
KO-FIN-01109,등록대리인이 금융거래에서 무엇을 의미하나요?,Apa arti Wakil Pendaftaran dalam transaksi keuangan ini?,등록대리인,등록대리인,True,법률·계약,금융시장·거래 / 증권·예탁,1.0,1.0,1.0,0,,20,등록대리인
KO-FIN-01113,등록법인이 무엇인지 설명해 주세요.,Tolong jelaskan apa itu Badan Hukum yang Terdaftar.,등록법인,등록법인,True,증권·예탁,펀드·신탁 / 금융시장·거래 / 금융법규·감독 / 채권,1.0,1.0,1.0,0,,0,
KO-FIN-01117,등록질이 무엇인지 설명해 주세요.,Tolong jelaskan apa itu Pertanyaan pendaftaran.,등록질,등록질,True,주식,금융법규·감독,1.0,1.0,1.0,0,,0,
KO-FIN-01121,등록채권이 무엇인지 설명해 주세요.,Tolong jelaskan apa itu Hutang yang terdaftar.,등록채권,등록채권,True,채권,,1.0,1.0,1.0,0,,0,
KO-FIN-01126,"등록필증, 등록필통지서의 조건과 수익 구조를 확인하고 싶습니다.","Saya ingin mengetahui syarat dan struktur pendapatan Sertifikat Pendaftaran, Surat Pemberitahuan Pendaftaran.","등록필증, 등록필통지서","등록필증, 등록필통지서",True,채권,,1.0,1.0,1.0,0,,0,
KO-FIN-01130,디스카운트 브로커와 관련된 시장 정보를 확인하고 싶습니다.,Saya ingin memeriksa informasi pasar terkait Pialang dengan biaya rendah.,디스카운트 브로커,디스카운트 브로커,True,금융시장·거래,,1.0,1.0,1.0,0,,40,디스카운트 브로커
KO-FIN-01136,딜러를 확인할 때 시장 상황과 거래 조건을 함께 살펴보세요.,"Saat memeriksa Dealer, perhatikan juga kondisi pasar dan ketentuan perdagangan.",딜러,딜러,True,금융시장·거래,증권·예탁,1.0,1.0,1.0,0,,30,딜러
KO-FIN-01138,랜덤워크가설은 금융상품을 분석할 때 어떻게 사용되나요?,Bagaimana Hipotesis Perjalanan Acak digunakan dalam menganalisis produk keuangan?,랜덤워크가설,랜덤워크가설,True,금융공학·분석,,1.0,1.0,1.0,0,,40,랜덤워크가설
KO-FIN-01140,랜덤워크가설의 결과는 사용한 가정과 시장 데이터에 따라 달라질 수 있습니다.,Hasil Hipotesis Perjalanan Acak dapat bervariasi tergantung pada asumsi dan data pasar yang digunakan.,랜덤워크가설,랜덤워크가설,True,금융공학·분석,,1.0,1.0,1.0,0,,40,랜덤워크가설
KO-FIN-01143,랩 어카운트와 관련된 투자 정보를 확인하고 싶습니다.,Saya ingin memeriksa informasi investasi terkait Rekening Lab.,랩 어카운트,랩 어카운트,True,자산운용·투자,,1.0,1.0,1.0,0,,40,랩 어카운트
KO-FIN-01146,런던은행간 대출금리에서 이용할 수 있는 금융업무는 무엇인가요?,Layanan keuangan apa saja yang tersedia di Suku Bunga Pinjaman Antarbank di London?,런던은행간 대출금리,런던은행간 대출금리,True,금융기관·은행,대출 / 계좌,1.0,1.0,1.0,0,,0,
KO-FIN-01150,런던은행간 예금금리에서 이용할 수 있는 금융업무는 무엇인가요?,Layanan keuangan apa saja yang tersedia di Suku Bunga Deposito Antarbank di London?,런던은행간 예금금리,런던은행간 예금금리,True,금융기관·은행,예금상품,1.0,1.0,1.0,0,,0,
KO-FIN-01154,레버리지 효과는 어디에서 확인할 수 있나요?,Di mana saya bisa menemukan Efek leverage?,레버리지 효과,레버리지 효과,True,계좌,,1.0,1.0,1.0,0,,0,
KO-FIN-01159,마코위츠 이론과 관련된 투자 정보를 확인하고 싶습니다.,Saya ingin memeriksa informasi investasi terkait Teori Makowitz.,마코위츠 이론,마코위츠 이론,True,자산운용·투자,대출 / 금융공학·분석,1.0,1.0,1.0,0,,0,
KO-FIN-01161,마크다운이 무엇을 의미하나요?,Apa arti Markdown?,마크다운,마크다운,True,금융시장·거래,,1.0,1.0,1.0,0,,0,
KO-FIN-01166,마팅게일모형은 금융상품을 분석할 때 어떻게 사용되나요?,Bagaimana Model Martingale digunakan dalam menganalisis produk keuangan?,마팅게일모형,마팅게일모형,True,금융공학·분석,,1.0,1.0,1.0,0,,0,
KO-FIN-01168,마팅게일모형의 결과는 사용한 가정과 시장 데이터에 따라 달라질 수 있습니다.,Hasil Model Martingale dapat bervariasi tergantung pada asumsi dan data pasar yang digunakan.,마팅게일모형,마팅게일모형,True,금융공학·분석,,1.0,1.0,1.0,0,,0,
KO-FIN-01175,만기보유전략과 관련된 투자 정보를 확인하고 싶습니다.,Saya ingin memeriksa informasi investasi terkait Strategi Memegang Sampai Jatuh Tempo.,만기보유전략,만기보유전략,True,자산운용·투자,,1.0,1.0,1.0,0,,40,만기보유전략
KO-FIN-01177,만기수익률이 무엇인지 설명해 주세요.,Tolong jelaskan apa itu Imbal hasil jatuh tempo.,만기수익률,만기수익률,True,채권,,1.0,1.0,1.0,0,,40,만기수익률
KO-FIN-01182,매매거래정지와 관련된 시장 정보를 확인하고 싶습니다.,Saya ingin memeriksa informasi pasar terkait Penangguhan Transaksi Jual Beli.,매매거래정지,매매거래정지,True,금융시장·거래,,1.0,1.0,1.0,0,,40,매매거래정지
KO-FIN-01185,매매거래중단이 무엇을 의미하나요?,Apa arti Penangguhan Transaksi Jual Beli?,매매거래중단,매매거래중단,True,금융시장·거래,,1.0,1.0,1.0,0,,0,
KO-FIN-01190,매매보고서와 관련된 시장 정보를 확인하고 싶습니다.,Saya ingin memeriksa informasi pasar terkait Laporan Jual Beli.,매매보고서,매매보고서,True,금융시장·거래,증권·예탁,1.0,1.0,1.0,0,,0,
KO-FIN-01193,매매상대방이 무엇을 의미하나요?,Apa arti Pihak yang melakukan transaksi?,매매상대방,매매상대방,True,금융시장·거래,지급결제·청산,1.0,1.0,1.0,0,,40,매매상대방
KO-FIN-01198,매매심리와 관련된 시장 정보를 확인하고 싶습니다.,Saya ingin memeriksa informasi pasar terkait Sentimen pasar.,매매심리,매매심리,True,금융시장·거래,,1.0,1.0,1.0,0,,40,매매심리
KO-FIN-01201,매매입회장이 무엇을 의미하나요?,Apa arti Ruang Transaksi?,매매입회장,매매입회장,True,금융시장·거래,,1.0,1.0,1.0,0,,40,매매입회장
KO-FIN-01206,매매중지장치와 관련된 시장 정보를 확인하고 싶습니다.,Saya ingin memeriksa informasi pasar terkait Sistem Penghentian Perdagangan.,매매중지장치,매매중지장치,True,금융시장·거래,,1.0,1.0,1.0,0,,40,매매중지장치
KO-FIN-01209,매매확인이 무엇을 의미하나요?,Apa arti Konfirmasi Transaksi?,매매확인,매매확인,True,금융시장·거래,,1.0,1.0,1.0,0,,20,매매확인
KO-FIN-01213,매출이 무엇인지 설명해 주세요.,Tolong jelaskan apa itu Pendapatan.,매출,매출,True,증권·예탁,,1.0,1.0,1.0,0,,70,매출
KO-FIN-01218,멀티미디어금융시대에서 이용할 수 있는 금융업무는 무엇인가요?,Layanan keuangan apa saja yang tersedia di Era Keuangan Multimedia?,멀티미디어금융시대,멀티미디어금융시대,True,금융기관·은행,,1.0,1.0,1.0,0,,0,
KO-FIN-01221,명령상장이 무엇을 의미하나요?,Apa arti Pencatatan atas perintah?,명령상장,명령상장,True,금융시장·거래,증권·예탁,1.0,1.0,1.0,0,,20,명령상장
KO-FIN-01225,명목이자율이 무엇인지 설명해 주세요.,Tolong jelaskan apa itu Suku bunga nominal.,명목이자율,명목이자율,True,증권·예탁,,1.0,1.0,1.0,0,,20,명목이자율
KO-FIN-01230,명의개서 대행회사 처리 절차를 확인하고 싶습니다.,Saya ingin mengetahui prosedur penanganan Perusahaan Jasa Pengurusan Akta Pemindahan Hak Milik.,명의개서 대행회사,명의개서 대행회사,True,증권·예탁,,1.0,1.0,1.0,0,,20,명의개서 대행회사
KO-FIN-01233,명의개서 정지기간이 무엇인지 설명해 주세요.,Tolong jelaskan apa itu Masa penangguhan pengalihan hak milik.,명의개서 정지기간,명의개서 정지기간,True,증권·예탁,주식,1.0,1.0,1.0,0,,20,명의개서 정지기간
KO-FIN-01238,명의개서 처리 절차를 확인하고 싶습니다.,Saya ingin mengetahui prosedur penanganan Peralihan Hak Milik.,명의개서,명의개서,True,증권·예탁,주식,1.0,1.0,1.0,0,,40,명의개서
KO-FIN-01241,명의개서대리인이 무엇인지 설명해 주세요.,Tolong jelaskan apa itu Wakil untuk Pengalihan Hak Milik.,명의개서대리인,명의개서대리인,True,증권·예탁,법률·계약 / 금융법규·감독,1.0,1.0,1.0,0,,40,명의개서대리인
KO-FIN-01246,명의개서대행업무 처리 절차를 확인하고 싶습니다.,Saya ingin mengetahui prosedur penanganan Layanan Pengurusan Akta Pemindahan Hak Milik.,명의개서대행업무,명의개서대행업무,True,증권·예탁,,1.0,1.0,1.0,0,,40,명의개서대행업무
KO-FIN-01250,모기지담보부증권과 관련된 금리와 비용을 확인하고 싶습니다.,Saya ingin mengetahui suku bunga dan biaya yang terkait dengan Surat Utang Beragun Hipotek.,모기지담보부증권,모기지담보부증권,True,부동산금융,대출 / 증권·예탁,1.0,1.0,1.0,0,,20,모기지담보부증권
KO-FIN-01252,모기지담보부증권은 담보가치와 심사 조건에 따라 이용 조건이 달라질 수 있습니다.,Syarat penggunaan Surat Utang Beragun Hipotek dapat bervariasi tergantung pada nilai jaminan dan persyaratan penilaian.,모기지담보부증권,모기지담보부증권,True,부동산금융,대출 / 증권·예탁,1.0,1.0,1.0,0,,20,모기지담보부증권
KO-FIN-01255,모듈기업과 관련된 투자 정보를 확인하고 싶습니다.,Saya ingin melihat informasi investasi terkait Perusahaan modul.,모듈기업,모듈기업,True,자산운용·투자,,1.0,1.0,1.0,0,,20,모듈기업
KO-FIN-01257,모집이 무엇인지 설명해 주세요.,Tolong jelaskan apa itu Perekrutan.,모집,모집,True,증권·예탁,,1.0,1.0,1.0,0,,70,모집
KO-FIN-01261,모집설립이 무엇인지 설명해 주세요.,Tolong jelaskan apa itu Perekrutan dan Pendirian.,모집설립,모집설립,True,주식,,1.0,1.0,1.0,0,,20,모집설립
KO-FIN-01266,무권화 처리 절차를 확인하고 싶습니다.,Saya ingin mengetahui prosedur penanganan Dekontaminasi.,무권화,무권화,True,증권·예탁,법률·계약,1.0,1.0,1.0,0,,40,무권화
KO-FIN-01269,무기명주식이 무엇인지 설명해 주세요.,Tolong jelaskan apa itu Saham tanpa nama.,무기명주식,무기명주식,True,주식,,1.0,1.0,1.0,0,,20,무기명주식
KO-FIN-01273,무기명채권이 무엇인지 설명해 주세요.,Tolong jelaskan apa itu Obligasi tanpa nama.,무기명채권,무기명채권,True,채권,,1.0,1.0,1.0,0,,20,무기명채권
KO-FIN-01278,무담보사채의 조건과 수익 구조를 확인하고 싶습니다.,Saya ingin mengetahui syarat dan struktur keuntungan dari Obligasi tanpa jaminan.,무담보사채,무담보사채,True,채권,,1.0,1.0,1.0,0,,40,무담보사채
KO-FIN-01281,무배당이 무엇인지 설명해 주세요.,Tolong jelaskan apa itu Tanpa dividen.,무배당,무배당,True,주식,,1.0,1.0,1.0,0,,20,무배당
KO-FIN-01287,무배주와 관련해 투자 전에 확인해야 할 사항이 있나요?,Apakah ada hal-hal yang perlu diperiksa sebelum berinvestasi terkait Minuman tanpa alkohol?,무배주,무배주,True,주식,,1.0,1.0,1.0,0,,40,무배주
KO-FIN-01290,무보증사채의 조건과 수익 구조를 확인하고 싶습니다.,Saya ingin mengetahui syarat dan struktur keuntungan dari Obligasi tanpa jaminan.,무보증사채,무보증사채,True,채권,신용·리스크,1.0,1.0,1.0,0,,20,무보증사채
KO-FIN-01294,무상증자와 관련된 정보를 확인하고 싶습니다.,Saya ingin memeriksa informasi terkait Penambahan modal tanpa imbalan.,무상증자,무상증자,True,주식,,1.0,1.0,1.0,0,,50,무상증자
KO-FIN-01297,무액면주식이 무엇인지 설명해 주세요.,Tolong jelaskan apa itu Saham tanpa nilai nominal.,무액면주식,무액면주식,True,주식,,1.0,1.0,1.0,0,,40,무액면주식
KO-FIN-01303,무위험 이자율을 줄이려면 어떤 점을 확인해야 하나요?,Apa saja yang perlu diperhatikan untuk mengurangi Suku bunga bebas risiko?,무위험 이자율,무위험 이자율,True,신용·리스크,자산운용·투자,1.0,1.0,1.0,0,,20,무위험 이자율
KO-FIN-01304,무위험 이자율은 거래 조건이나 이용 가능 여부에 영향을 줄 수 있습니다.,Suku bunga bebas risiko dapat memengaruhi ketentuan transaksi atau ketersediaannya.,무위험 이자율,무위험 이자율,True,신용·리스크,자산운용·투자,1.0,1.0,1.0,0,,20,무위험 이자율
KO-FIN-01307,무의결권주와 관련해 투자 전에 확인해야 할 사항이 있나요?,Apakah ada hal-hal yang perlu diperiksa sebelum berinvestasi terkait Saham tanpa hak suara?,무의결권주,무의결권주,True,주식,,1.0,1.0,1.0,0,,40,무의결권주
KO-FIN-01311,무츄얼펀드에 가입하기 전에 어떤 점을 확인해야 하나요?,Apa saja yang perlu diperiksa sebelum mendaftar di Reksa Dana?,무츄얼펀드,무츄얼펀드,True,펀드·신탁,자산운용·투자,1.0,1.0,1.0,0,,0,
KO-FIN-01316,물상대위의 적용 여부는 계약 내용과 관련 법령을 확인해야 합니다.,"Untuk mengetahui apakah Substitusi benda berlaku, perlu memeriksa isi Kontrak dan peraturan perundang-undangan yang terkait.",물상대위;계약,물상대위,True,법률·계약,,1.0,1.0,1.0,0,,30,물상대위;계약
KO-FIN-01318,물적담보의 조건과 수익 구조를 확인하고 싶습니다.,Saya ingin mengetahui syarat dan struktur keuntungan dari Jaminan riil.,물적담보,물적담보,True,채권,,1.0,1.0,1.0,0,,40,물적담보
KO-FIN-01322,뮤추얼펀드 관리회사의 운용 방식과 수수료를 확인하고 싶습니다.,Saya ingin mengetahui cara kerja dan biaya layanan Perusahaan Pengelola Reksa Dana.,뮤추얼펀드 관리회사,뮤추얼펀드 관리회사,True,펀드·신탁,,1.0,1.0,1.0,0,,0,
KO-FIN-01326,뮤추얼펀드 인수회사의 운용 방식과 수수료를 확인하고 싶습니다.,Saya ingin mengetahui cara kerja dan biaya layanan Perusahaan yang mengakuisisi reksa dana.,뮤추얼펀드 인수회사,뮤추얼펀드 인수회사,True,펀드·신탁,기업금융·자본조달,1.0,1.0,1.0,0,,20,뮤추얼펀드 인수회사
KO-FIN-01329,미국형옵션이 무엇인지 쉽게 설명해 주세요.,Tolong jelaskan secara sederhana apa itu Opsi Gaya Amerika.,미국형옵션,미국형옵션,True,파생상품,,1.0,1.0,1.0,0,,0,
KO-FIN-01334,미발행증권거래와 관련된 시장 정보를 확인하고 싶습니다.,Saya ingin memeriksa informasi pasar terkait Perdagangan Surat Berharga yang Belum Diterbitkan.,미발행증권거래,미발행증권거래,True,금융시장·거래,증권·예탁 / 기업금융·자본조달,1.0,1.0,1.0,0,,40,미발행증권거래
KO-FIN-01337,미청산계약이 금융거래에서 무엇을 의미하나요?,Apa arti Kontrak yang belum diselesaikan dalam transaksi keuangan ini?,미청산계약,미청산계약,True,법률·계약,지급결제·청산 / 금융시장·거래,1.0,1.0,1.0,0,,0,
KO-FIN-01341,바벨형 만기구성전략이 무엇인지 설명해 주세요.,Tolong jelaskan apa itu Strategi Pembentukan Portofolio Tipe Babel.,바벨형 만기구성전략,바벨형 만기구성전략,True,채권,,1.0,1.0,1.0,0,,0,
KO-FIN-01345,바스켓방식에 대해 자세히 알려주세요.,Tolong jelaskan lebih lanjut tentang Sistem keranjang.,바스켓방식,바스켓방식,True,해외송금·외환,,1.0,1.0,1.0,0,,20,바스켓방식
KO-FIN-01346,바스켓방식을 확인하고 싶습니다.,Saya ingin memeriksa Sistem keranjang.,바스켓방식,바스켓방식,True,해외송금·외환,,1.0,1.0,1.0,0,,20,바스켓방식
KO-FIN-01349,바흐만보고서가 무엇인지 설명해 주세요.,Tolong jelaskan apa itu Laporan Bachmann.,바흐만보고서,바흐만보고서,True,지급결제·청산,증권·예탁,1.0,1.0,1.0,0,,0,
KO-FIN-01354,반대매매와 관련된 시장 정보를 확인하고 싶습니다.,Saya ingin memeriksa informasi pasar terkait Transaksi berlawanan arah.,반대매매,반대매매,True,금융시장·거래,,1.0,1.0,1.0,0,,40,반대매매
KO-FIN-01357,발기설립이 무엇인지 설명해 주세요.,Tolong jelaskan apa itu Pendirian.,발기설립,발기설립,True,주식,,1.0,1.0,1.0,0,,0,
KO-FIN-01361,발기인이 무엇인지 설명해 주세요.,Tolong jelaskan apa itu Pendiri.,발기인,발기인,True,주식,,1.0,1.0,1.0,0,,40,발기인
KO-FIN-01365,발기인조합이 금융거래에서 무엇을 의미하나요?,Apa arti Kelompok Pendiri dalam transaksi keuangan ini?,발기인조합,발기인조합,True,법률·계약,,1.0,1.0,1.0,0,,40,발기인조합
KO-FIN-01370,발행가액을 이용하려면 어떤 조건이 필요한가요?,Apa saja syarat yang diperlukan untuk menggunakan Nilai nominal?,발행가액,발행가액,True,기업금융·자본조달,주식,1.0,1.0,1.0,0,,40,발행가액
KO-FIN-01371,발행가액과 관련된 비용과 절차를 확인하고 싶습니다.,Saya ingin mengetahui biaya dan prosedur yang terkait dengan Nilai nominal.,발행가액,발행가액,True,기업금융·자본조달,주식,1.0,1.0,1.0,0,,40,발행가액
KO-FIN-01374,발행시장을 이용하려면 어떤 조건이 필요한가요?,Apa saja syarat yang diperlukan untuk menggunakan Pasar penerbitan?,발행시장,발행시장,True,기업금융·자본조달,금융시장·거래 / 증권·예탁 / 자산운용·투자,1.0,1.0,1.0,0,,20,발행시장
KO-FIN-01375,발행시장과 관련된 비용과 절차를 확인하고 싶습니다.,Saya ingin mengetahui biaya dan prosedur yang terkait dengan Pasar penerbitan.,발행시장,발행시장,True,기업금융·자본조달,금융시장·거래 / 증권·예탁 / 자산운용·투자,1.0,1.0,1.0,0,,20,발행시장
KO-FIN-01377,배당이 무엇인지 설명해 주세요.,Tolong jelaskan apa itu Pembagian dividen.,배당,배당,True,주식,,1.0,1.0,1.0,0,,30,배당
KO-FIN-01381,배당가능이익이 무엇인지 설명해 주세요.,Tolong jelaskan apa itu Laba yang Dapat Dibagikan.,배당가능이익,배당가능이익,True,주식,,1.0,1.0,1.0,0,,40,배당가능이익
KO-FIN-01385,배당금지급청구권이 무엇인지 설명해 주세요.,Tolong jelaskan apa itu Hak atas pembayaran dividen.,배당금지급청구권,배당금지급청구권,True,주식,,1.0,1.0,1.0,0,,0,
KO-FIN-01389,배당기산일이 무엇인지 설명해 주세요.,Tolong jelaskan apa itu Tanggal Perhitungan Dividen.,배당기산일,배당기산일,True,주식,,1.0,1.0,1.0,0,,20,배당기산일
KO-FIN-01393,배당락이 무엇인지 설명해 주세요.,Tolong jelaskan apa itu Hari ex-dividen.,배당락,배당락,True,주식,,1.0,1.0,1.0,0,,40,배당락
KO-FIN-01397,배당성향이 무엇인지 설명해 주세요.,Tolong jelaskan apa itu Rasio Pembagian Dividen.,배당성향,배당성향,True,주식,,1.0,1.0,1.0,0,,0,
KO-FIN-01401,배당소득이 무엇인지 설명해 주세요.,Tolong jelaskan apa itu Penghasilan dari dividen.,배당소득,배당소득,True,주식,,1.0,1.0,1.0,0,,20,배당소득
KO-FIN-01406,배당소득세의 적용 기준을 알려주세요.,Tolong jelaskan kriteria penerapan Pajak Penghasilan atas Dividen.,배당소득세,배당소득세,True,세금,주식,1.0,1.0,1.0,0,,40,배당소득세
KO-FIN-01408,배당소득세의 적용 여부는 거래 유형과 세법에 따라 달라질 수 있습니다.,Penerapan Pajak Penghasilan atas Dividen dapat bervariasi tergantung pada jenis transaksi dan undang-undang perpajakan.,배당소득세,배당소득세,True,세금,주식,1.0,1.0,1.0,0,,40,배당소득세
KO-FIN-01411,배당의 정보효과와 관련해 투자 전에 확인해야 할 사항이 있나요?,Apakah ada hal-hal yang perlu diperiksa sebelum berinvestasi terkait Efek Informasi Dividen?,배당의 정보효과,배당의 정보효과,True,주식,,1.0,1.0,1.0,0,,0,
KO-FIN-01413,배당정책이 무엇인지 설명해 주세요.,Tolong jelaskan apa itu Kebijakan Pembagian Dividen.,배당정책,배당정책,True,주식,,1.0,1.0,1.0,0,,0,
KO-FIN-01417,배당평가모형이 무엇인지 설명해 주세요.,Tolong jelaskan apa itu Model Penilaian Dividen.,배당평가모형,배당평가모형,True,주식,금융공학·분석,1.0,1.0,1.0,0,,20,배당평가모형
KO-FIN-01424,배서의 적용 여부는 계약 내용과 관련 법령을 확인해야 합니다.,"Untuk mengetahui apakah Penandatangan berlaku, perlu memeriksa isi Kontrak dan peraturan perundang-undangan yang terkait.",배서;계약,배서,True,법률·계약,,1.0,1.0,1.0,0,,50,배서;계약
KO-FIN-01425,백워데이션이 무엇인지 설명해 주세요.,Tolong jelaskan apa itu Backwardation.,백워데이션,백워데이션,True,지급결제·청산,,1.0,1.0,1.0,0,,0,
KO-FIN-01431,벌처펀드에 가입하기 전에 어떤 점을 확인해야 하나요?,Apa saja yang perlu diperiksa sebelum mendaftar ke Dana Vulture?,벌처펀드,벌처펀드,True,펀드·신탁,,1.0,1.0,1.0,0,,40,벌처펀드
KO-FIN-01433,법정과실이 금융거래에서 무엇을 의미하나요?,Apa arti Kelalaian hukum dalam transaksi keuangan ini?,법정과실,법정과실,True,법률·계약,,1.0,1.0,1.0,0,,40,법정과실
KO-FIN-01438,법정관리의 조건과 수익 구조를 확인하고 싶습니다.,Saya ingin mengetahui syarat dan struktur keuntungan dari Pengawasan Pengadilan.,법정관리,법정관리,True,채권,,1.0,1.0,1.0,0,,40,법정관리
KO-FIN-01441,법정담보물권이 금융거래에서 무엇을 의미하나요?,Apa arti Hak jaminan yang diatur undang-undang dalam transaksi keuangan ini?,법정담보물권,법정담보물권,True,법률·계약,,1.0,1.0,1.0,0,,20,법정담보물권
KO-FIN-01448,법정대위의 적용 여부는 계약 내용과 관련 법령을 확인해야 합니다.,"Untuk mengetahui apakah Substitusi Hukum berlaku, perlu memeriksa isi Kontrak dan peraturan perundang-undangan yang terkait.",법정대위;계약,법정대위,True,법률·계약,,1.0,1.0,1.0,0,,30,법정대위;계약
KO-FIN-01451,법정청산 과정에서 문제가 발생한 것 같습니다.,Tampaknya terjadi masalah dalam proses Likuidasi Pengadilan.,법정청산,법정청산,True,지급결제·청산,,1.0,1.0,1.0,0,,40,법정청산
KO-FIN-01454,베이시스와 관련된 시장 정보를 확인하고 싶습니다.,Saya ingin memeriksa informasi pasar terkait Basis.,베이시스,베이시스,True,금융시장·거래,,1.0,1.0,1.0,0,,40,베이시스
KO-FIN-01460,베타계수의 결과는 사용한 가정과 시장 데이터에 따라 달라질 수 있습니다.,Hasil Koefisien beta dapat bervariasi tergantung pada asumsi dan data pasar yang digunakan.,베타계수,베타계수,True,금융공학·분석,,1.0,1.0,1.0,0,,0,
KO-FIN-01462,베타위험은 금융상품을 분석할 때 어떻게 사용되나요?,Bagaimana Risiko beta digunakan dalam menganalisis produk keuangan?,베타위험,베타위험,True,금융공학·분석,신용·리스크 / 자산운용·투자,1.0,1.0,1.0,0,,0,
KO-FIN-01464,베타위험의 결과는 사용한 가정과 시장 데이터에 따라 달라질 수 있습니다.,Hasil Risiko beta dapat bervariasi tergantung pada asumsi dan data pasar yang digunakan.,베타위험,베타위험,True,금융공학·분석,신용·리스크 / 자산운용·투자,1.0,1.0,1.0,0,,0,
KO-FIN-01466,병행증자와 관련된 정보를 확인하고 싶습니다.,Saya ingin memeriksa informasi terkait Penambahan modal secara paralel.,병행증자,병행증자,True,주식,,1.0,1.0,1.0,0,,30,병행증자
KO-FIN-01469,보관기관이 무엇인지 설명해 주세요.,Tolong jelaskan apa itu Lembaga Penyimpanan.,보관기관,보관기관,True,증권·예탁,펀드·신탁 / 자산운용·투자 / 금융기관·은행,1.0,1.0,1.0,0,,40,보관기관
KO-FIN-01473,보관원장이 무엇인지 설명해 주세요.,Tolong jelaskan apa itu Buku Besar Penyimpanan.,보관원장,보관원장,True,증권·예탁,,1.0,1.0,1.0,0,,40,보관원장
KO-FIN-01478,보관위험이 금융거래에 어떤 영향을 주나요?,"Risiko penyimpanan, apa pengaruhnya terhadap transaksi keuangan ini?",보관위험,보관위험,True,신용·리스크,,1.0,1.0,1.0,0,,20,보관위험
KO-FIN-01480,보관위험은 거래 조건이나 이용 가능 여부에 영향을 줄 수 있습니다.,Risiko penyimpanan dapat memengaruhi ketentuan transaksi atau ketersediaannya.,보관위험,보관위험,True,신용·리스크,,1.0,1.0,1.0,0,,20,보관위험
KO-FIN-01483,보유기간수익률과 관련된 투자 정보를 확인하고 싶습니다.,Saya ingin memeriksa informasi investasi terkait Imbal hasil selama periode kepemilikan.,보유기간수익률,보유기간수익률,True,자산운용·투자,,1.0,1.0,1.0,0,,0,
KO-FIN-01485,보유비용이 금융거래에서 무엇을 의미하나요?,Apa arti Biaya kepemilikan dalam transaksi keuangan ini?,보유비용,보유비용,True,법률·계약,,1.0,1.0,1.0,0,,0,
KO-FIN-01490,보증사채의 조건과 수익 구조를 확인하고 싶습니다.,Saya ingin mengetahui ketentuan dan struktur keuntungan dari Obligasi berjaminan.,보증사채,보증사채,True,채권,신용·리스크,1.0,1.0,1.0,0,,0,
KO-FIN-01494,보통거래와 관련된 시장 정보를 확인하고 싶습니다.,Saya ingin memeriksa informasi pasar terkait Transaksi biasa.,보통거래,보통거래,True,금융시장·거래,,1.0,1.0,1.0,0,,20,보통거래
KO-FIN-01499,보통결의와 관련해 투자 전에 확인해야 할 사항이 있나요?,Apakah ada hal-hal yang perlu diperiksa terkait Keputusan Biasa sebelum berinvestasi?,보통결의,보통결의,True,주식,,1.0,1.0,1.0,0,,40,보통결의
KO-FIN-01503,보통주와 관련해 투자 전에 확인해야 할 사항이 있나요?,Apakah ada hal-hal yang perlu diperiksa sebelum berinvestasi terkait Saham biasa?,보통주,보통주,True,주식,,1.0,1.0,1.0,0,,20,보통주
KO-FIN-01506,보호예수 처리 절차를 확인하고 싶습니다.,Saya ingin mengetahui prosedur penanganan Periode pembekuan.,보호예수,보호예수,True,증권·예탁,,1.0,1.0,1.0,0,,40,보호예수
KO-FIN-01510,보호예수증서 처리 절차를 확인하고 싶습니다.,Saya ingin mengetahui prosedur penanganan Sertifikat Penahanan Saham.,보호예수증서,보호예수증서,True,증권·예탁,,1.0,1.0,1.0,0,,20,보호예수증서
KO-FIN-01514,복리채의 조건과 수익 구조를 확인하고 싶습니다.,Saya ingin mengetahui ketentuan dan struktur pendapatan Obligasi berbunga majemuk.,복리채,복리채,True,채권,,1.0,1.0,1.0,0,,20,복리채
KO-FIN-01520,복수통화대출은 심사 결과에 따라 이용 가능 여부가 달라질 수 있습니다.,Ketersediaan Pinjaman Multi-Mata Uang dapat berubah tergantung pada hasil penilaian.,복수통화대출,복수통화대출,True,대출,,1.0,1.0,1.0,0,,20,복수통화대출
KO-FIN-01522,복수통화표시채의 조건과 수익 구조를 확인하고 싶습니다.,Saya ingin mengetahui syarat dan struktur keuntungan Obligasi dengan Penunjukan Mata Uang Ganda.,복수통화표시채,복수통화표시채,True,채권,,1.0,1.0,1.0,0,,40,복수통화표시채
KO-FIN-01528,본질가치의 정확한 의미는 해당 금융거래의 맥락과 함께 확인해야 합니다.,Arti yang tepat dari Nilai intrinsik harus dipahami dalam konteks transaksi keuangan yang bersangkutan.,본질가치,본질가치,True,기타 금융일반,,1.0,1.0,1.0,0,,20,본질가치
KO-FIN-01530,부당권유행위의 금지와 관련된 시장 정보를 확인하고 싶습니다.,Saya ingin memeriksa informasi pasar terkait Larangan Tindakan Ajakan yang Tidak Wajar.,부당권유행위의 금지,부당권유행위의 금지,True,금융시장·거래,,1.0,1.0,1.0,0,,0,
KO-FIN-01535,부도방지협약을 줄이려면 어떤 점을 확인해야 하나요?,Apa saja yang perlu diperhatikan untuk mengurangi Perjanjian Pencegahan Kebangkrutan?,부도방지협약,부도방지협약,True,신용·리스크,금융기관·은행,1.0,1.0,1.0,0,,0,
KO-FIN-01536,부도방지협약은 거래 조건이나 이용 가능 여부에 영향을 줄 수 있습니다.,Perjanjian Pencegahan Kebangkrutan dapat memengaruhi ketentuan transaksi atau ketersediaannya.,부도방지협약,부도방지협약,True,신용·리스크,금융기관·은행,1.0,1.0,1.0,0,,0,
KO-FIN-01540,부도처리유예는 거래 조건이나 이용 가능 여부에 영향을 줄 수 있습니다.,Penangguhan Penanganan Kebangkrutan dapat memengaruhi ketentuan transaksi atau ketersediaannya.,부도처리유예,부도처리유예,True,신용·리스크,,1.0,1.0,1.0,0,,40,부도처리유예
KO-FIN-01542,부동담보제도의 조건과 수익 구조를 확인하고 싶습니다.,Saya ingin mengetahui syarat dan struktur pendapatan dari Sistem Jaminan Tidak Bergerak.,부동담보제도,부동담보제도,True,채권,,1.0,1.0,1.0,0,,40,부동담보제도
KO-FIN-01547,부동산 투자신탁에 가입하기 전에 어떤 점을 확인해야 하나요?,Apa saja yang perlu diperiksa sebelum mendaftar ke Reksa Dana Investasi Properti?,부동산 투자신탁,부동산 투자신탁,True,펀드·신탁,자산운용·투자 / 부동산금융,1.0,1.0,1.0,0,,0,
KO-FIN-01551,부동주와 관련해 투자 전에 확인해야 할 사항이 있나요?,Apakah ada hal-hal yang perlu diperiksa sebelum berinvestasi terkait Budoongju?,부동주,부동주,True,주식,,1.0,1.0,1.0,0,,40,부동주
KO-FIN-01554,부동화 처리 절차를 확인하고 싶습니다.,Saya ingin mengetahui prosedur penanganan Imobilisasi.,부동화,부동화,True,증권·예탁,,1.0,1.0,1.0,0,,40,부동화
KO-FIN-01557,부보관기관이 무엇인지 설명해 주세요.,Tolong jelaskan apa itu Lembaga Penyimpanan Cadangan.,부보관기관,부보관기관,True,증권·예탁,,1.0,1.0,1.0,0,,20,부보관기관
KO-FIN-01561,부실채권 정리기금이 무엇인지 설명해 주세요.,Tolong jelaskan apa itu Dana Penanganan Kredit Macet.,부실채권 정리기금,부실채권 정리기금,True,채권,,1.0,1.0,1.0,0,,20,부실채권 정리기금
KO-FIN-01565,부실채권이 무엇인지 설명해 주세요.,Tolong jelaskan apa itu Kredit macet.,부실채권,부실채권,True,채권,,1.0,1.0,1.0,0,,40,부실채권
KO-FIN-01569,부실채권정리기금채권이 무엇인지 설명해 주세요.,Tolong jelaskan apa itu Obligasi Dana Penanganan Kredit Bermasalah.,부실채권정리기금채권,부실채권정리기금채권,True,채권,금융기관·은행,1.0,1.0,1.0,0,,40,부실채권정리기금채권
KO-FIN-01573,부전환대리인이 무엇인지 설명해 주세요.,Tolong jelaskan apa itu Wakil Non-Konversi.,부전환대리인,부전환대리인,True,채권,법률·계약 / 자산운용·투자 / 주식,1.0,1.0,1.0,0,,20,부전환대리인
KO-FIN-01579,분리결제 과정에서 문제가 발생한 것 같습니다.,Tampaknya terjadi masalah dalam proses Pembayaran Terpisah.,분리결제,분리결제,True,지급결제·청산,,1.0,1.0,1.0,0,,40,분리결제
KO-FIN-01582,분리과세의 적용 기준을 알려주세요.,Tolong jelaskan kriteria penerapan Pajak Terpisah.,분리과세,분리과세,True,세금,주식,1.0,1.0,1.0,0,,40,분리과세
KO-FIN-01584,분리과세의 적용 여부는 거래 유형과 세법에 따라 달라질 수 있습니다.,Penerapan Pajak Terpisah dapat bervariasi tergantung pada jenis transaksi dan undang-undang perpajakan.,분리과세,분리과세,True,세금,주식,1.0,1.0,1.0,0,,40,분리과세
KO-FIN-01585,분리형증권이 무엇인지 설명해 주세요.,Tolong jelaskan apa itu Surat berharga yang dapat dipisahkan.,분리형증권,분리형증권,True,증권·예탁,,1.0,1.0,1.0,0,,20,분리형증권
KO-FIN-01589,분매기관이 무엇인지 설명해 주세요.,Tolong jelaskan apa itu Lembaga Penjualan.,분매기관,분매기관,True,증권·예탁,,1.0,1.0,1.0,0,,0,
KO-FIN-01594,분배락조치와 관련된 시장 정보를 확인하고 싶습니다.,Saya ingin memeriksa informasi pasar terkait Tindakan pembatasan distribusi.,분배락조치,분배락조치,True,금융시장·거래,증권·예탁,1.0,1.0,1.0,0,,20,분배락조치
KO-FIN-01599,분산투자와 관련된 투자 정보를 확인하고 싶습니다.,Saya ingin memeriksa informasi investasi terkait Diversifikasi Investasi.,분산투자,분산투자,True,자산운용·투자,,1.0,1.0,1.0,0,,20,분산투자
KO-FIN-01602,분할납입채의 조건과 수익 구조를 확인하고 싶습니다.,Saya ingin mengetahui syarat dan struktur keuntungan dari Utang dengan Pembayaran Bertahap.,분할납입채,분할납입채,True,채권,,1.0,1.0,1.0,0,,40,분할납입채
KO-FIN-01606,불독채의 조건과 수익 구조를 확인하고 싶습니다.,Saya ingin mengetahui syarat dan struktur keuntungan dari Daun Bulldog.,불독채,불독채,True,채권,,1.0,1.0,1.0,0,,40,불독채
KO-FIN-01610,불릿채의 조건과 수익 구조를 확인하고 싶습니다.,Saya ingin mengetahui syarat dan struktur keuntungan dari Sapu peluru.,불릿채,불릿채,True,채권,,1.0,1.0,1.0,0,,40,불릿채
KO-FIN-01613,브래디채권이 무엇인지 설명해 주세요.,Tolong jelaskan apa itu Obligasi Brady.,브래디채권,브래디채권,True,채권,,1.0,1.0,1.0,0,,0,
KO-FIN-01618,브로커 처리 절차를 확인하고 싶습니다.,Saya ingin mengetahui prosedur penanganan Pialang.,브로커,브로커,True,증권·예탁,,1.0,1.0,1.0,0,,40,브로커
KO-FIN-01624,브로커스 론은 심사 결과에 따라 이용 가능 여부가 달라질 수 있습니다.,Ketersediaan Pinjaman Broker dapat berubah tergantung pada hasil penilaian.,브로커스 론,브로커스 론,True,대출,,1.0,1.0,1.0,0,,40,브로커스 론
KO-FIN-01626,브릿지 처리 절차를 확인하고 싶습니다.,Saya ingin mengetahui prosedur penanganan Jembatan.,브릿지,브릿지,True,증권·예탁,지급결제·청산,1.0,1.0,1.0,0,,40,브릿지
KO-FIN-01632,브릿지론은 심사 결과에 따라 이용 가능 여부가 달라질 수 있습니다.,Ketersediaan Pinjaman Jembatan dapat berubah tergantung pada hasil penilaian.,브릿지론,브릿지론,True,대출,,1.0,1.0,1.0,0,,40,브릿지론
KO-FIN-01634,블루 리스트의 조건과 수익 구조를 확인하고 싶습니다.,Saya ingin mengetahui syarat dan struktur pendapatan Daftar Biru.,블루 리스트,블루 리스트,True,채권,,1.0,1.0,1.0,0,,0,
KO-FIN-01637,비가격경쟁이 무엇을 의미하나요?,Apa arti Persaingan non-harga?,비가격경쟁,비가격경쟁,True,금융시장·거래,,1.0,1.0,1.0,0,,0,
KO-FIN-01641,비거주자에 대해 자세히 알려주세요.,Tolong jelaskan lebih lanjut tentang bukan penduduk.,비거주자,비거주자,True,해외송금·외환,,1.0,1.0,1.0,0,,40,비거주자
KO-FIN-01646,비과세소득의 적용 기준을 알려주세요.,Tolong jelaskan kriteria penerapan Penghasilan yang Bebas Pajak.,비과세소득,비과세소득,True,세금,,1.0,1.0,1.0,0,,40,비과세소득
KO-FIN-01648,비과세소득의 적용 여부는 거래 유형과 세법에 따라 달라질 수 있습니다.,Penerapan Penghasilan yang Bebas Pajak dapat bervariasi tergantung pada jenis transaksi dan undang-undang perpajakan.,비과세소득,비과세소득,True,세금,,1.0,1.0,1.0,0,,40,비과세소득
KO-FIN-01649,비상장증권이 무엇인지 설명해 주세요.,Tolong jelaskan apa itu Sekuritas yang tidak terdaftar di bursa.,비상장증권,비상장증권,True,증권·예탁,금융시장·거래,1.0,1.0,1.0,0,,0,
KO-FIN-01653,비전형계약이 금융거래에서 무엇을 의미하나요?,Apa arti Kontrak non-standar dalam transaksi keuangan ini?,비전형계약,비전형계약,True,법률·계약,,1.0,1.0,1.0,0,,0,
KO-FIN-01659,비체계적 위험을 줄이려면 어떤 점을 확인해야 하나요?,Apa saja yang perlu diperhatikan untuk mengurangi Risiko tak terstruktur?,비체계적 위험,비체계적 위험,True,신용·리스크,,1.0,1.0,1.0,0,,20,비체계적 위험
KO-FIN-01660,비체계적 위험은 거래 조건이나 이용 가능 여부에 영향을 줄 수 있습니다.,Risiko tak terstruktur dapat memengaruhi ketentuan perdagangan atau ketersediaannya.,비체계적 위험,비체계적 위험,True,신용·리스크,,1.0,1.0,1.0,0,,20,비체계적 위험
KO-FIN-01664,비통화금융기관과 관련된 세부 업무는 해당 기관의 안내를 확인해 주세요.,"Untuk informasi lebih lanjut mengenai Lembaga Keuangan Non-Moneter, silakan periksa panduan dari lembaga terkait.",비통화금융기관,비통화금융기관,True,금융기관·은행,,1.0,1.0,1.0,0,,0,
KO-FIN-01666,비회원증권회사 처리 절차를 확인하고 싶습니다.,Saya ingin mengetahui prosedur penanganan Perusahaan sekuritas non-anggota.,비회원증권회사,비회원증권회사,True,증권·예탁,금융시장·거래,1.0,1.0,1.0,0,,0,
KO-FIN-01669,빅뱅이 무엇을 의미하나요?,Apa arti Big Bang?,빅뱅,빅뱅,True,금융시장·거래,,1.0,1.0,1.0,0,,30,빅뱅
KO-FIN-01674,빅보오드와 관련된 시장 정보를 확인하고 싶습니다.,Saya ingin memeriksa informasi pasar terkait Big Board.,빅보오드,빅보오드,True,금융시장·거래,,1.0,1.0,1.0,0,,0,
KO-FIN-01679,빗더마켓 전략과 관련된 투자 정보를 확인하고 싶습니다.,Saya ingin memeriksa informasi investasi terkait Strategi BitderMarket.,빗더마켓 전략,빗더마켓 전략,True,자산운용·투자,,1.0,1.0,1.0,0,,40,빗더마켓 전략
KO-FIN-01681,사고신고 관련 상담을 받고 싶습니다.,Saya ingin mendapatkan konsultasi terkait Laporan Kecelakaan.,사고신고,사고신고,True,금융 지원,,1.0,1.0,1.0,0,,0,
KO-FIN-01684,사고신고 관련 업무는 고객센터를 통해 안내받을 수 있습니다.,Informasi mengenai Laporan Kecelakaan dapat diperoleh melalui pusat layanan pelanggan.,사고신고,사고신고,True,금융 지원,,1.0,1.0,1.0,0,,0,
KO-FIN-01686,사고증권 가신고제도 처리 절차를 확인하고 싶습니다.,Saya ingin mengetahui prosedur penanganan Sistem Pelaporan Awal Efek yang Terlibat dalam Kecelakaan.,사고증권 가신고제도,사고증권 가신고제도,True,증권·예탁,,1.0,1.0,1.0,0,,40,사고증권 가신고제도
KO-FIN-01689,사고증권이 무엇인지 설명해 주세요.,Tolong jelaskan apa itu Surat berharga yang bermasalah.,사고증권,사고증권,True,증권·예탁,,1.0,1.0,1.0,0,,20,사고증권
KO-FIN-01695,사내유보와 관련해 투자 전에 확인해야 할 사항이 있나요?,Apakah ada hal-hal yang perlu diperiksa sebelum berinvestasi terkait Laba ditahan?,사내유보,사내유보,True,주식,,1.0,1.0,1.0,0,,40,사내유보
KO-FIN-01697,사다리형 만기구성전략이 무엇인지 설명해 주세요.,Tolong jelaskan apa itu Strategi Pembentukan Portofolio Tipe Tangga.,사다리형 만기구성전략,사다리형 만기구성전략,True,채권,,1.0,1.0,1.0,0,,20,사다리형 만기구성전략
KO-FIN-01704,사모의 세부 조건과 절차는 거래 유형에 따라 달라질 수 있습니다.,Ketentuan dan prosedur terperinci mengenai investasi swasta dapat berbeda-beda tergantung pada jenis transaksinya.,사모,사모,True,기업금융·자본조달,증권·예탁,1.0,1.0,1.0,0,,70,사모
KO-FIN-01707,사모펀드에 가입하기 전에 어떤 점을 확인해야 하나요?,Apa saja yang perlu diperiksa sebelum mendaftar ke Hutan modal swasta?,사모펀드,사모펀드,True,펀드·신탁,기업금융·자본조달 / 자산운용·투자,1.0,1.0,1.0,0,,40,사모펀드
KO-FIN-01709,사무라이본드의 이용 조건을 알려주세요.,Tolong jelaskan ketentuan penggunaan Samurai Bond.,사무라이본드,사무라이본드,True,대출,,1.0,1.0,1.0,0,,0,
KO-FIN-01713,사설증권시장이 무엇을 의미하나요?,Apa arti Pasar Sekuritas Swasta?,사설증권시장,사설증권시장,True,금융시장·거래,증권·예탁,1.0,1.0,1.0,0,,0,
KO-FIN-01718,사업보고서와 관련된 시장 정보를 확인하고 싶습니다.,Saya ingin memeriksa informasi pasar terkait Laporan Kinerja.,사업보고서,사업보고서,True,금융시장·거래,금융법규·감독,1.0,1.0,1.0,0,,20,사업보고서
KO-FIN-01722,사업설명서 처리 절차를 확인하고 싶습니다.,Saya ingin mengetahui prosedur penanganan Brosur Proyek.,사업설명서,사업설명서,True,증권·예탁,,1.0,1.0,1.0,0,,40,사업설명서
KO-FIN-01725,사이또리회원이 무엇을 의미하나요?,Apa arti Anggota Saitori?,사이또리회원,사이또리회원,True,금융시장·거래,,1.0,1.0,1.0,0,,20,사이또리회원
KO-FIN-01731,사이버 주주총회와 관련해 투자 전에 확인해야 할 사항이 있나요?,Apakah ada hal-hal yang perlu diperiksa sebelum berinvestasi terkait Rapat Umum Pemegang Saham Daring?,사이버 주주총회,사이버 주주총회,True,주식,,1.0,1.0,1.0,0,,0,
KO-FIN-01733,사전매매대조과정이 무엇을 의미하나요?,Apa arti Proses rekonsiliasi transaksi pra-penjualan?,사전매매대조과정,사전매매대조과정,True,금융시장·거래,,1.0,1.0,1.0,0,,20,사전매매대조과정
KO-FIN-01737,사채권이 무엇인지 설명해 주세요.,Tolong jelaskan apa itu Surat utang swasta.,사채권,사채권,True,채권,,1.0,1.0,1.0,0,,0,
KO-FIN-01741,사채발행이 무엇인지 설명해 주세요.,Tolong jelaskan apa itu Penerbitan obligasi swasta.,사채발행,사채발행,True,채권,기업금융·자본조달 / 증권·예탁 / 금융법규·감독,1.0,1.0,1.0,0,,0,
KO-FIN-01746,사채원부의 조건과 수익 구조를 확인하고 싶습니다.,Saya ingin mengetahui syarat dan struktur keuntungan dari Buku Besar Obligasi Swasta.,사채원부,사채원부,True,채권,,1.0,1.0,1.0,0,,40,사채원부
KO-FIN-01749,산업금융채권이 무엇인지 설명해 주세요.,Tolong jelaskan apa itu Obligasi Keuangan Industri.,산업금융채권,산업금융채권,True,채권,,1.0,1.0,1.0,0,,0,
KO-FIN-01753,상계적 차감이 무엇인지 설명해 주세요.,Tolong jelaskan apa itu Pengurangan akumulatif.,상계적 차감,상계적 차감,True,지급결제·청산,금융시장·거래,1.0,1.0,1.0,0,,0,
KO-FIN-01758,상대매매와 관련된 시장 정보를 확인하고 싶습니다.,Saya ingin memeriksa informasi pasar terkait Perdagangan relatif.,상대매매,상대매매,True,금융시장·거래,,1.0,1.0,1.0,0,,40,상대매매
KO-FIN-01766,상쇄거래와 관련된 시장 정보를 확인하고 싶습니다.,Saya ingin memeriksa informasi pasar terkait Transaksi lindung nilai.,상쇄거래,상쇄거래,True,금융시장·거래,,1.0,1.0,1.0,0,,20,상쇄거래
KO-FIN-01769,상임대리인이 무엇인지 설명해 주세요.,Tolong jelaskan apa itu Wakil Tetap.,상임대리인,상임대리인,True,증권·예탁,법률·계약 / 주식 / 금융시장·거래,1.0,1.0,1.0,0,,20,상임대리인
KO-FIN-01773,상장이 무엇을 의미하나요?,Apa arti Penawaran umum perdana?,상장,상장,True,금융시장·거래,,1.0,1.0,1.0,0,,70,상장
KO-FIN-01777,상장심사기준이 무엇을 의미하나요?,Apa arti Kriteria Penilaian Pencatatan?,상장심사기준,상장심사기준,True,금융시장·거래,증권·예탁 / 주식,1.0,1.0,1.0,0,,40,상장심사기준
KO-FIN-01782,상장회사협의회와 관련된 시장 정보를 확인하고 싶습니다.,Saya ingin memeriksa informasi pasar terkait Asosiasi Perusahaan Terdaftar.,상장회사협의회,상장회사협의회,True,금융시장·거래,,1.0,1.0,1.0,0,,0,
KO-FIN-01785,상품유가증권이 무엇인지 설명해 주세요.,Tolong jelaskan apa itu Surat berharga komoditas.,상품유가증권,상품유가증권,True,증권·예탁,,1.0,1.0,1.0,0,,0,
KO-FIN-01789,상호결제제도가 무엇인지 설명해 주세요.,Tolong jelaskan apa itu Sistem Pembayaran Timbal Balik.,상호결제제도,상호결제제도,True,지급결제·청산,금융시장·거래,1.0,1.0,1.0,0,,0,
KO-FIN-01794,상호다중연계 처리 절차를 확인하고 싶습니다.,Saya ingin mengetahui prosedur penanganan Interkoneksi Multilateral.,상호다중연계,상호다중연계,True,증권·예탁,자산운용·투자 / 지급결제·청산,1.0,1.0,1.0,0,,0,
KO-FIN-01798,상호단일연계 처리 절차를 확인하고 싶습니다.,Saya ingin mengetahui prosedur penanganan Integrasi Tunggal Antar-Perusahaan.,상호단일연계,상호단일연계,True,증권·예탁,,1.0,1.0,1.0,0,,40,상호단일연계
KO-FIN-01802,상호동시거래와 관련된 시장 정보를 확인하고 싶습니다.,Saya ingin memeriksa informasi pasar terkait Transaksi Saling Bersamaan.,상호동시거래,상호동시거래,True,금융시장·거래,증권·예탁,1.0,1.0,1.0,0,,20,상호동시거래
KO-FIN-01810,상호연계 처리 절차를 확인하고 싶습니다.,Saya ingin mengetahui prosedur penanganan Interkoneksi.,상호연계,상호연계,True,증권·예탁,,1.0,1.0,1.0,0,,0,
KO-FIN-01815,상호주와 관련해 투자 전에 확인해야 할 사항이 있나요?,Apakah ada hal-hal yang perlu diperiksa sebelum berinvestasi terkait Australia?,상호주,상호주,True,주식,금융법규·감독,1.0,1.0,1.0,0,,0,
KO-FIN-01819,상환과 관련된 투자 정보를 확인하고 싶습니다.,Saya ingin memeriksa informasi investasi terkait Pelunasan.,상환,상환,True,자산운용·투자,,1.0,1.0,1.0,0,,70,상환
KO-FIN-01823,상환주와 관련해 투자 전에 확인해야 할 사항이 있나요?,Apakah ada hal-hal yang perlu diperiksa terkait Saham yang dapat ditebus sebelum berinvestasi?,상환주,상환주,True,주식,,1.0,1.0,1.0,0,,50,상환주
KO-FIN-01827,서면투표제와 관련해 투자 전에 확인해야 할 사항이 있나요?,Apakah ada hal-hal yang perlu diperiksa sebelum berinvestasi terkait Sistem Pemungutan Suara Tertulis?,서면투표제,서면투표제,True,주식,,1.0,1.0,1.0,0,,0,
KO-FIN-01830,선도거래와 관련된 시장 정보를 확인하고 싶습니다.,Saya ingin memeriksa informasi pasar terkait Transaksi Awal.,선도거래,선도거래,True,금융시장·거래,파생상품,1.0,1.0,1.0,0,,20,선도거래
KO-FIN-01833,선도계약이 금융거래에서 무엇을 의미하나요?,Apa arti Kontrak Awal dalam transaksi keuangan ini?,선도계약,선도계약,True,법률·계약,파생상품 / 금융시장·거래,1.0,1.0,1.0,0,,20,선도계약
KO-FIN-01838,선물거래와 관련된 시장 정보를 확인하고 싶습니다.,Saya ingin memeriksa informasi pasar terkait Perdagangan Berjangka.,선물거래,선물거래,True,금융시장·거래,파생상품 / 자산운용·투자,1.0,1.0,1.0,0,,20,선물거래
KO-FIN-01844,선물거래위원회를 확인할 때 시장 상황과 거래 조건을 함께 살펴보세요.,"Saat memeriksa Komisi Perdagangan Berjangka, perhatikan juga kondisi pasar dan ketentuan perdagangan.",선물거래위원회,선물거래위원회,True,금융시장·거래,파생상품,1.0,1.0,1.0,0,,0,
KO-FIN-01845,선물계약이 무엇인지 쉽게 설명해 주세요.,Tolong jelaskan dengan sederhana apa itu Kontrak Berjangka.,선물계약,선물계약,True,파생상품,법률·계약 / 금융시장·거래 / 지급결제·청산,1.0,1.0,1.0,0,,20,선물계약
KO-FIN-01849,선물시장이 무엇을 의미하나요?,Apa arti Pasar berjangka?,선물시장,선물시장,True,금융시장·거래,파생상품 / 지급결제·청산,1.0,1.0,1.0,0,,20,선물시장
KO-FIN-01853,선물중개상이 무엇인지 쉽게 설명해 주세요.,Tolong jelaskan secara sederhana apa itu Pialang Berjangka.,선물중개상,선물중개상,True,파생상품,금융시장·거래,1.0,1.0,1.0,0,,40,선물중개상
KO-FIN-01857,선물환에 대해 자세히 알려주세요.,Tolong jelaskan lebih lanjut tentang Transaksi valuta asing berjangka.,선물환,선물환,True,해외송금·외환,파생상품,1.0,1.0,1.0,0,,20,선물환
KO-FIN-01858,선물환을 확인하고 싶습니다.,Saya ingin memeriksa Transaksi valuta asing berjangka.,선물환,선물환,True,해외송금·외환,파생상품,1.0,1.0,1.0,0,,20,선물환
KO-FIN-01861,선물환마진에 대해 자세히 알려주세요.,Tolong jelaskan lebih lanjut tentang Margin Valuta Asing Berjangka.,선물환마진,선물환마진,True,해외송금·외환,파생상품,1.0,1.0,1.0,0,,0,
KO-FIN-01862,선물환마진을 확인하고 싶습니다.,Saya ingin memeriksa Margin Valuta Asing Berjangka.,선물환마진,선물환마진,True,해외송금·외환,파생상품,1.0,1.0,1.0,0,,0,
KO-FIN-01865,선의취득이 금융거래에서 무엇을 의미하나요?,Apa arti Perolehan dengan itikad baik dalam transaksi keuangan ini?,선의취득,선의취득,True,법률·계약,,1.0,1.0,1.0,0,,20,선의취득
KO-FIN-01871,성장주와 관련해 투자 전에 확인해야 할 사항이 있나요?,Apakah ada hal-hal yang perlu diperiksa terkait Saham pertumbuhan sebelum berinvestasi?,성장주,성장주,True,주식,,1.0,1.0,1.0,0,,0,
KO-FIN-01876,소비대차의 적용 여부는 계약 내용과 관련 법령을 확인해야 합니다.,"Untuk mengetahui apakah Pinjaman Konsumen berlaku, perlu memeriksa isi Kontrak serta peraturan perundang-undangan yang terkait.",소비대차;계약,소비대차,True,법률·계약,,1.0,1.0,1.0,0,,30,계약
KO-FIN-01879,소비임치에 대해 상담받고 싶습니다.,Saya ingin berkonsultasi mengenai Penitipan Konsumsi.,소비임치,소비임치,True,예금상품,법률·계약,1.0,1.0,1.0,0,,20,소비임치
KO-FIN-01881,소수주주권이 무엇인지 설명해 주세요.,Tolong jelaskan apa itu Hak pemegang saham minoritas.,소수주주권,소수주주권,True,주식,,1.0,1.0,1.0,0,,0,
KO-FIN-01886,소액주주와 관련된 정보를 확인하고 싶습니다.,Saya ingin memeriksa informasi terkait pemegang saham minoritas.,소액주주,소액주주,True,주식,,1.0,1.0,1.0,0,,0,
KO-FIN-01890,송금이체를 이용하려면 어떻게 해야 하나요?,Bagaimana cara menggunakan Transfer dana?,송금이체,송금이체,True,이체,,1.0,1.0,1.0,0,,20,송금이체
KO-FIN-01894,수권자본제도와 관련된 정보를 확인하고 싶습니다.,Saya ingin memeriksa informasi terkait Sistem Modal Otorisasi.,수권자본제도,수권자본제도,True,주식,,1.0,1.0,1.0,0,,40,수권자본제도
KO-FIN-01897,수도부족분<결제부족분>이 무엇인지 설명해 주세요.,Tolong jelaskan apa itu Kekurangan dana <Kekurangan pembayaran>.,수도부족분<결제부족분>,수도부족분<결제부족분>,True,지급결제·청산,증권·예탁,1.0,1.0,1.0,0,,40,수도부족분<결제부족분>
KO-FIN-01901,수량우선의 원칙이 무엇을 의미하나요?,Apa arti Prinsip Prioritas Kuantitas?,수량우선의 원칙,수량우선의 원칙,True,금융시장·거래,,1.0,1.0,1.0,0,,0,
KO-FIN-01905,수요예측방식이 무엇인지 설명해 주세요.,Tolong jelaskan apa itu Metode Perkiraan Permintaan.,수요예측방식,수요예측방식,True,증권·예탁,,1.0,1.0,1.0,0,,0,
KO-FIN-01909,수의상환<임의상환>이 무엇인지 설명해 주세요.,Tolong jelaskan apa itu Pelunasan sesuai jadwal <Pelunasan sukarela>.,수의상환<임의상환>,수의상환<임의상환>,True,채권,,1.0,1.0,1.0,0,,40,수의상환<임의상환>
KO-FIN-01914,수의상환사채의 조건과 수익 구조를 확인하고 싶습니다.,Saya ingin mengetahui ketentuan dan struktur keuntungan dari Obligasi yang Dapat Ditukar Kembali.,수의상환사채,수의상환사채,True,채권,,1.0,1.0,1.0,0,,40,수의상환사채
KO-FIN-01919,수익률과 관련된 투자 정보를 확인하고 싶습니다.,Saya ingin memeriksa informasi investasi terkait Tingkat pengembalian.,수익률,수익률,True,자산운용·투자,,1.0,1.0,1.0,0,,0,
KO-FIN-01921,수익률곡선이 무엇인지 설명해 주세요.,Tolong jelaskan apa itu Kurva imbal hasil.,수익률곡선,수익률곡선,True,채권,,1.0,1.0,1.0,0,,0,
KO-FIN-01927,수익률곡선타기전략과 관련된 투자 정보를 확인하고 싶습니다.,Saya ingin memeriksa informasi investasi terkait Strategi Mengikuti Kurva Imbal Hasil.,수익률곡선타기전략,수익률곡선타기전략,True,자산운용·투자,,1.0,1.0,1.0,0,,20,수익률곡선타기전략
KO-FIN-01930,수익률스프레드의 조건과 수익 구조를 확인하고 싶습니다.,Saya ingin mengetahui syarat dan struktur keuntungan dari Selisih imbal hasil.,수익률스프레드,수익률스프레드,True,채권,자산운용·투자,1.0,1.0,1.0,0,,40,수익률스프레드
KO-FIN-01938,수익증권의 운용 방식과 수수료를 확인하고 싶습니다.,Saya ingin mengetahui cara kerja dan biaya layanan Surat berharga.,수익증권,수익증권,True,펀드·신탁,증권·예탁,1.0,1.0,1.0,0,,40,수익증권
KO-FIN-01941,수정주가평균이 무엇인지 설명해 주세요.,Tolong jelaskan apa itu Rata-rata Harga Saham yang Telah Direvisi.,수정주가평균,수정주가평균,True,주식,,1.0,1.0,1.0,0,,0,
KO-FIN-01945,수탁계약준칙이 무엇을 의미하나요?,Apa arti Pedoman Perjanjian Perwalian?,수탁계약준칙,수탁계약준칙,True,금융시장·거래,펀드·신탁 / 법률·계약 / 증권·예탁,1.0,1.0,1.0,0,,20,수탁계약준칙
KO-FIN-01957,순수무액면주식이 무엇인지 설명해 주세요.,Tolong jelaskan apa itu Saham tanpa nilai nominal.,순수무액면주식,순수무액면주식,True,주식,,1.0,1.0,1.0,0,,40,순수무액면주식
KO-FIN-01962,순운전자본을 통해 어떤 정보를 확인할 수 있나요?,Informasi apa saja yang dapat saya periksa melalui Modal kerja bersih?,순운전자본,순운전자본,True,회계·재무,,1.0,1.0,1.0,0,,0,
KO-FIN-01964,순운전자본은 기준 시점과 작성 기준을 함께 확인해야 합니다.,Modal kerja bersih harus diperiksa dengan memperhatikan titik waktu acuan dan kriteria penyusunan.,순운전자본,순운전자본,True,회계·재무,,1.0,1.0,1.0,0,,0,
KO-FIN-01967,순자산가치와 관련해 투자 전에 확인해야 할 사항이 있나요?,Apakah ada hal-hal yang perlu diperiksa sebelum berinvestasi terkait Nilai Aktiva Bersih?,순자산가치,순자산가치,True,주식,,1.0,1.0,1.0,0,,0,
KO-FIN-01969,순차변·순대변잔고포지션이 무엇인지 설명해 주세요.,Tolong jelaskan apa itu Posisi Saldo Transaksi Berurutan dan Transaksi Tambahan.,순차변·순대변잔고포지션,순차변·순대변잔고포지션,True,지급결제·청산,,1.0,1.0,1.0,0,,40,순차변·순대변잔고포지션
KO-FIN-01975,스왑거래 거래에는 어떤 위험이 있나요?,Transaksi swap Apa saja risiko yang terkait dengan perdagangan?,스왑거래,스왑거래,True,파생상품,금융시장·거래,1.0,1.0,1.0,0,,20,스왑거래
KO-FIN-01977,스왑션이 무엇인지 쉽게 설명해 주세요.,Tolong jelaskan dengan sederhana apa itu Swapsion.,스왑션,스왑션,True,파생상품,,1.0,1.0,1.0,0,,40,스왑션
KO-FIN-01984,스위스옵션 금융선물거래소를 확인할 때 시장 상황과 거래 조건을 함께 살펴보세요.,"Saat memeriksa Bursa Perdagangan Opsi dan Kontrak Berjangka Swiss, perhatikan juga kondisi pasar dan ketentuan perdagangan.",스위스옵션 금융선물거래소,스위스옵션 금융선물거래소,True,금융시장·거래,파생상품,1.0,1.0,1.0,0,,0,
KO-FIN-01986,스칼퍼와 관련된 시장 정보를 확인하고 싶습니다.,Saya ingin memeriksa informasi pasar terkait scalper.,스칼퍼,스칼퍼,True,금융시장·거래,,1.0,1.0,1.0,0,,0,
KO-FIN-01989,스톡옵션이 무엇인지 쉽게 설명해 주세요.,Tolong jelaskan dengan sederhana apa itu Opsi saham.,스톡옵션,스톡옵션,True,파생상품,주식,1.0,1.0,1.0,0,,20,스톡옵션
KO-FIN-01993,스트래들이 무엇을 의미하나요?,Apa arti Straddle?,스트래들,스트래들,True,금융시장·거래,,1.0,1.0,1.0,0,,0,
KO-FIN-01997,스트랩이 무엇인지 쉽게 설명해 주세요.,Tolong jelaskan dengan sederhana apa itu tali.,스트랩,스트랩,True,파생상품,,1.0,1.0,1.0,0,,40,스트랩
KO-FIN-02001,스트립이 금융거래에서 무엇을 의미하나요?,Apa arti strip dalam transaksi keuangan ini?,스트립,스트립,True,법률·계약,,1.0,1.0,1.0,0,,0,
KO-FIN-02006,스페셜리스트와 관련된 시장 정보를 확인하고 싶습니다.,Saya ingin memeriksa informasi pasar terkait Spesialis.,스페셜리스트,스페셜리스트,True,금융시장·거래,,1.0,1.0,1.0,0,,40,스페셜리스트
KO-FIN-02011,스폿펀드에 가입하기 전에 어떤 점을 확인해야 하나요?,Apa saja yang perlu diperiksa sebelum mendaftar ke Dana Spot?,스폿펀드,스폿펀드,True,펀드·신탁,,1.0,1.0,1.0,0,,40,스폿펀드
KO-FIN-02014,스프레드와 관련된 시장 정보를 확인하고 싶습니다.,Saya ingin memeriksa informasi pasar terkait Spread.,스프레드,스프레드,True,금융시장·거래,,1.0,1.0,1.0,0,,40,스프레드
KO-FIN-02018,스프레드거래와 관련된 시장 정보를 확인하고 싶습니다.,Saya ingin memeriksa informasi pasar terkait Perdagangan Spread.,스프레드거래,스프레드거래,True,금융시장·거래,,1.0,1.0,1.0,0,,40,스프레드거래
KO-FIN-02023,스프레드운용과 관련된 투자 정보를 확인하고 싶습니다.,Saya ingin memeriksa informasi investasi terkait Pengelolaan Spread.,스프레드운용,스프레드운용,True,자산운용·투자,,1.0,1.0,1.0,0,,0,
KO-FIN-02027,스프리트에 대해 상담받고 싶습니다.,Saya ingin berkonsultasi mengenai Spirit.,스프리트,스프리트,True,대출,,1.0,1.0,1.0,0,,40,스프리트
KO-FIN-02032,시가발행제도의 세부 조건과 절차는 거래 유형에 따라 달라질 수 있습니다.,Ketentuan dan prosedur terperinci mengenai Sistem Penerbitan Surat Utang dapat berbeda-beda tergantung pada jenis transaksinya.,시가발행제도,시가발행제도,True,기업금융·자본조달,주식,1.0,1.0,1.0,0,,40,시가발행제도
KO-FIN-02033,시가총액이 무엇인지 설명해 주세요.,Tolong jelaskan apa itu Kapitalisasi pasar.,시가총액,시가총액,True,주식,,1.0,1.0,1.0,0,,0,
KO-FIN-02039,시가총액식 주가지수와 관련해 투자 전에 확인해야 할 사항이 있나요?,Apakah ada hal-hal yang perlu diperiksa sebelum berinvestasi terkait Indeks saham berdasarkan kapitalisasi pasar?,시가총액식 주가지수,시가총액식 주가지수,True,주식,,1.0,1.0,1.0,0,,0,
KO-FIN-02042,시간외 종가매매와 관련된 시장 정보를 확인하고 싶습니다.,Saya ingin memeriksa informasi pasar terkait Perdagangan Penutupan di Luar Jam Perdagangan.,시간외 종가매매,시간외 종가매매,True,금융시장·거래,,1.0,1.0,1.0,0,,40,시간외 종가매매
KO-FIN-02045,시간우선의 원칙이 무엇을 의미하나요?,Apa arti Prinsip Prioritas Waktu?,시간우선의 원칙,시간우선의 원칙,True,금융시장·거래,,1.0,1.0,1.0,0,,0,
KO-FIN-02050,시스템위험이 금융거래에 어떤 영향을 주나요?,"Risiko Sistem, apa dampaknya terhadap transaksi keuangan ini?",시스템위험,시스템위험,True,신용·리스크,,1.0,1.0,1.0,0,,0,
KO-FIN-02052,시스템위험은 거래 조건이나 이용 가능 여부에 영향을 줄 수 있습니다.,Risiko Sistem dapat memengaruhi ketentuan transaksi atau ketersediaannya.,시스템위험,시스템위험,True,신용·리스크,,1.0,1.0,1.0,0,,0,
KO-FIN-02053,시장분할이론이 무엇을 의미하나요?,Apa arti Teori Segmentasi Pasar?,시장분할이론,시장분할이론,True,금융시장·거래,대출 / 자산운용·투자 / 채권,1.0,1.0,1.0,0,,0,
KO-FIN-02058,시장위험이 금융거래에 어떤 영향을 주나요?,"Risiko Pasar, apa pengaruhnya terhadap transaksi keuangan ini?",시장위험,시장위험,True,신용·리스크,금융시장·거래 / 금융기관·은행,1.0,1.0,1.0,0,,20,시장위험
KO-FIN-02060,시장위험은 거래 조건이나 이용 가능 여부에 영향을 줄 수 있습니다.,Risiko Pasar dapat memengaruhi ketentuan transaksi atau ketersediaannya.,시장위험,시장위험,True,신용·리스크,금융시장·거래 / 금융기관·은행,1.0,1.0,1.0,0,,20,시장위험
KO-FIN-02061,시장주문이 무엇을 의미하나요?,Apa arti Pesanan Pasar?,시장주문,시장주문,True,금융시장·거래,,1.0,1.0,1.0,0,,0,
KO-FIN-02065,시장타이밍수입이 무엇을 의미하나요?,Apa arti Pendapatan dari Penentuan Waktu Pasar?,시장타이밍수입,시장타이밍수입,True,금융시장·거래,,1.0,1.0,1.0,0,,40,시장타이밍수입
KO-FIN-02071,시장포트폴리오와 관련된 투자 정보를 확인하고 싶습니다.,Saya ingin memeriksa informasi investasi terkait Portofolio Pasar.,시장포트폴리오,시장포트폴리오,True,자산운용·투자,금융시장·거래,1.0,1.0,1.0,0,,0,
KO-FIN-02075,시차유동성위험을 줄이려면 어떤 점을 확인해야 하나요?,Apa saja yang perlu diperhatikan untuk mengurangi Risiko Likuiditas Akibat Perbedaan Waktu?,시차유동성위험,시차유동성위험,True,신용·리스크,증권·예탁 / 지급결제·청산,1.0,1.0,1.0,0,,0,
KO-FIN-02076,시차유동성위험은 거래 조건이나 이용 가능 여부에 영향을 줄 수 있습니다.,Risiko Likuiditas Akibat Perbedaan Waktu dapat memengaruhi ketentuan transaksi atau ketersediaannya.,시차유동성위험,시차유동성위험,True,신용·리스크,증권·예탁 / 지급결제·청산,1.0,1.0,1.0,0,,0,
KO-FIN-02077,신규상장이 무엇을 의미하나요?,Apa arti Penawaran Umum Perdana?,신규상장,신규상장,True,금융시장·거래,,1.0,1.0,1.0,0,,40,신규상장
KO-FIN-02082,신디케이트 처리 절차를 확인하고 싶습니다.,Saya ingin mengetahui prosedur penanganan Sindikat.,신디케이트,신디케이트,True,증권·예탁,,1.0,1.0,1.0,0,,40,신디케이트
KO-FIN-02086,신용거래와 관련된 시장 정보를 확인하고 싶습니다.,Saya ingin memeriksa informasi pasar terkait Transaksi kredit.,신용거래,신용거래,True,금융시장·거래,대출 / 증권·예탁 / 신용·리스크 / 주식,1.0,1.0,1.0,0,,0,
KO-FIN-02090,신용위험이 금융거래에 어떤 영향을 주나요?,"Risiko Kredit, apa dampaknya terhadap transaksi keuangan ini?",신용위험,신용위험,True,신용·리스크,,1.0,1.0,1.0,0,,0,
KO-FIN-02092,신용위험은 거래 조건이나 이용 가능 여부에 영향을 줄 수 있습니다.,Risiko Kredit dapat memengaruhi ketentuan transaksi atau ketersediaannya.,신용위험,신용위험,True,신용·리스크,,1.0,1.0,1.0,0,,0,
KO-FIN-02095,신용평가기관을 줄이려면 어떤 점을 확인해야 하나요?,Apa saja yang perlu diperhatikan untuk mengurangi Lembaga pemeringkat kredit?,신용평가기관,신용평가기관,True,신용·리스크,,1.0,1.0,1.0,0,,0,
KO-FIN-02096,신용평가기관은 거래 조건이나 이용 가능 여부에 영향을 줄 수 있습니다.,Lembaga pemeringkat kredit dapat memengaruhi ketentuan transaksi atau ketersediaannya.,신용평가기관,신용평가기관,True,신용·리스크,,1.0,1.0,1.0,0,,0,
KO-FIN-02097,신주인수권이 무엇인지 설명해 주세요.,Tolong jelaskan apa itu Hak untuk membeli saham baru.,신주인수권,신주인수권,True,주식,기업금융·자본조달,1.0,1.0,1.0,0,,50,신주인수권
KO-FIN-02102,신주인수권부사채의 조건과 수익 구조를 확인하고 싶습니다.,Saya ingin mengetahui syarat dan struktur keuntungan dari Obligasi dengan Hak Pembelian Saham Baru.,신주인수권부사채,신주인수권부사채,True,채권,주식 / 기업금융·자본조달,1.0,1.0,1.0,0,,40,신주인수권부사채
KO-FIN-02105,신주인수권증권이 무엇인지 설명해 주세요.,Tolong jelaskan apa itu Surat Hak Pembelian Saham Baru.,신주인수권증권,신주인수권증권,True,증권·예탁,주식 / 기업금융·자본조달,1.0,1.0,1.0,0,,40,신주인수권증권
KO-FIN-02111,신주인수권증서와 관련해 투자 전에 확인해야 할 사항이 있나요?,Apakah ada hal-hal yang perlu diperiksa sebelum berinvestasi terkait Sertifikat Hak Pembelian Saham Baru?,신주인수권증서,신주인수권증서,True,주식,증권·예탁 / 기업금융·자본조달,1.0,1.0,1.0,0,,20,신주인수권증서
KO-FIN-02115,신탁에 가입하기 전에 어떤 점을 확인해야 하나요?,Apa saja yang perlu diperiksa sebelum mendaftar ke Perwalian?,신탁,신탁,True,펀드·신탁,,1.0,1.0,1.0,0,,70,신탁
KO-FIN-02118,신탁계정의 운용 방식과 수수료를 확인하고 싶습니다.,Saya ingin mengetahui cara kerja dan biaya layanan Rekening perwalian.,신탁계정,신탁계정,True,펀드·신탁,증권·예탁,1.0,1.0,1.0,0,,0,
KO-FIN-02122,신탁법의 운용 방식과 수수료를 확인하고 싶습니다.,Saya ingin mengetahui cara kerja dan biaya layanan Undang-Undang Perwalian.,신탁법,신탁법,True,펀드·신탁,,1.0,1.0,1.0,0,,40,신탁법
KO-FIN-02126,신탁보수의 운용 방식과 수수료를 확인하고 싶습니다.,Saya ingin mengetahui cara kerja dan biaya layanan Biaya administrasi perwalian.,신탁보수,신탁보수,True,펀드·신탁,,1.0,1.0,1.0,0,,20,신탁보수
KO-FIN-02130,신탁자의 운용 방식과 수수료를 확인하고 싶습니다.,Saya ingin mengetahui cara kerja dan biaya layanan Pemberi kuasa.,신탁자,신탁자,True,펀드·신탁,,1.0,1.0,1.0,0,,40,신탁자
KO-FIN-02134,신탁재산의 운용 방식과 수수료를 확인하고 싶습니다.,Saya ingin mengetahui cara kerja dan biaya layanan Harta Perwalian.,신탁재산,신탁재산,True,펀드·신탁,,1.0,1.0,1.0,0,,40,신탁재산
KO-FIN-02138,신탁재산표시 말소 처리 절차를 확인하고 싶습니다.,Saya ingin mengetahui prosedur penanganan Penghapusan Penandaan Harta Perwalian.,신탁재산표시 말소,신탁재산표시 말소,True,증권·예탁,펀드·신탁 / 금융법규·감독,1.0,1.0,1.0,0,,40,신탁재산표시 말소
KO-FIN-02142,신탁회사의 운용 방식과 수수료를 확인하고 싶습니다.,Saya ingin mengetahui cara kerja dan biaya layanan Perusahaan Perwalian.,신탁회사,신탁회사,True,펀드·신탁,,1.0,1.0,1.0,0,,0,
KO-FIN-02147,실권주와 관련해 투자 전에 확인해야 할 사항이 있나요?,Apakah ada hal-hal yang perlu diperiksa sebelum berinvestasi terkait Saham tanpa hak suara?,실권주,실권주,True,주식,,1.0,1.0,1.0,0,,30,실권주
KO-FIN-02150,실기주 처리 절차를 확인하고 싶습니다.,Saya ingin mengetahui prosedur penanganan Saham yang diperdagangkan secara aktif.,실기주,실기주,True,증권·예탁,주식 / 법률·계약,1.0,1.0,1.0,0,,50,실기주
KO-FIN-02153,실기주과실이 무엇인지 설명해 주세요.,Tolong jelaskan apa itu Kesalahan dalam Ujian Praktik.,실기주과실,실기주과실,True,증권·예탁,주식,1.0,1.0,1.0,0,,40,실기주과실
KO-FIN-02158,실물거래와 관련된 시장 정보를 확인하고 싶습니다.,Saya ingin memeriksa informasi pasar terkait Transaksi fisik.,실물거래,실물거래,True,금융시장·거래,,1.0,1.0,1.0,0,,0,
KO-FIN-02163,실물결제 과정에서 문제가 발생한 것 같습니다.,Tampaknya terjadi masalah dalam proses Pembayaran tunai.,실물결제,실물결제,True,지급결제·청산,금융시장·거래 / 증권·예탁,1.0,1.0,1.0,0,,40,실물결제
KO-FIN-02165,실시간 총액이 무엇인지 설명해 주세요.,Tolong jelaskan apa yang dimaksud dengan total real-time.,,실시간 총액,False,지급결제·청산,금융기관·은행 / 이체 / 금융시장·거래,1.0,1.0,1.0,0,,0,
KO-FIN-02169,실적배당신탁이 무엇인지 설명해 주세요.,Tolong jelaskan apa itu Perwalian Dividen Berdasarkan Kinerja.,실적배당신탁,실적배당신탁,True,주식,펀드·신탁 / 세금,1.0,1.0,1.0,0,,40,실적배당신탁
KO-FIN-02175,실질이자율과 관련된 내용을 확인하고 싶습니다.,Saya ingin memeriksa informasi yang berkaitan dengan Suku bunga riil.,실질이자율,실질이자율,True,기타 금융일반,,1.0,1.0,1.0,0,,40,실질이자율
KO-FIN-02176,실질이자율의 정확한 의미는 해당 금융거래의 맥락과 함께 확인해야 합니다.,Arti yang tepat dari Suku bunga riil harus dipahami dalam konteks transaksi keuangan yang bersangkutan.,실질이자율,실질이자율,True,기타 금융일반,,1.0,1.0,1.0,0,,40,실질이자율
KO-FIN-02179,실질주주 권리배정 명세표와 관련해 투자 전에 확인해야 할 사항이 있나요?,Apakah ada hal-hal yang perlu diperiksa sebelum berinvestasi terkait Rincian Penjatahan Hak Pemegang Saham Nyata?,실질주주 권리배정 명세표,실질주주 권리배정 명세표,True,주식,증권·예탁,1.0,1.0,1.0,0,,0,
KO-FIN-02182,실질주주와 관련된 정보를 확인하고 싶습니다.,Saya ingin memeriksa informasi terkait Pemegang saham sebenarnya.,실질주주,실질주주,True,주식,증권·예탁,1.0,1.0,1.0,0,,0,
KO-FIN-02186,실질주주증명서제도와 관련된 정보를 확인하고 싶습니다.,Saya ingin memeriksa informasi terkait Sistem Sertifikat Pemegang Saham Sesungguhnya.,실질주주증명서제도,실질주주증명서제도,True,주식,증권·예탁,1.0,1.0,1.0,0,,20,실질주주증명서제도
KO-FIN-02191,실현수익률과 관련된 투자 정보를 확인하고 싶습니다.,Saya ingin memeriksa informasi investasi terkait Tingkat Pengembalian Riil.,실현수익률,실현수익률,True,자산운용·투자,,1.0,1.0,1.0,0,,0,
KO-FIN-02196,실효이자율은 심사 결과에 따라 이용 가능 여부가 달라질 수 있습니다.,Ketersediaan Suku bunga efektif dapat berubah tergantung pada hasil penilaian.,실효이자율,실효이자율,True,대출,,1.0,1.0,1.0,0,,40,실효이자율
KO-FIN-02199,쌍방연계방식과 관련된 내용을 확인하고 싶습니다.,Saya ingin memeriksa informasi terkait Metode Interkoneksi Dua Arah.,쌍방연계방식,쌍방연계방식,True,기타 금융일반,,1.0,1.0,1.0,0,,0,
KO-FIN-02200,쌍방연계방식의 정확한 의미는 해당 금융거래의 맥락과 함께 확인해야 합니다.,Arti yang tepat dari Metode Interkoneksi Dua Arah harus dipahami dalam konteks transaksi keuangan yang bersangkutan.,쌍방연계방식,쌍방연계방식,True,기타 금융일반,,1.0,1.0,1.0,0,,0,
KO-FIN-02203,써클결제 과정에서 문제가 발생한 것 같습니다.,Tampaknya terjadi masalah dalam proses Pembayaran Circle.,써클결제,써클결제,True,지급결제·청산,,1.0,1.0,1.0,0,,20,써클결제
KO-FIN-02206,아리랑본드의 조건과 수익 구조를 확인하고 싶습니다.,Saya ingin mengetahui syarat dan struktur keuntungan dari Arirang Bond.,아리랑본드,아리랑본드,True,채권,,1.0,1.0,1.0,0,,0,
KO-FIN-02210,아시아·태평양 중앙예탁기관협의회 처리 절차를 확인하고 싶습니다.,Saya ingin mengetahui prosedur penanganan Asosiasi Lembaga Penyimpanan Efek Asia-Pasifik.,아시아·태평양 중앙예탁기관협의회,아시아·태평양 중앙예탁기관협의회,True,증권·예탁,,1.0,1.0,1.0,0,,0,
KO-FIN-02214,아시안달러본드와 관련된 시장 정보를 확인하고 싶습니다.,Saya ingin memeriksa informasi pasar terkait Obligasi Dolar Asia.,아시안달러본드,아시안달러본드,True,금융시장·거래,,1.0,1.0,1.0,0,,0,
KO-FIN-02219,액면가와 관련해 투자 전에 확인해야 할 사항이 있나요?,Apakah ada hal-hal yang perlu diperiksa sebelum berinvestasi terkait Nilai nominal?,액면가,액면가,True,주식,,1.0,1.0,1.0,0,,40,액면가
KO-FIN-02222,액면발행을 이용하려면 어떤 조건이 필요한가요?,Apa saja syarat yang diperlukan untuk menggunakan Penerbitan nominal?,액면발행,액면발행,True,기업금융·자본조달,,1.0,1.0,1.0,0,,20,액면발행
KO-FIN-02223,액면발행과 관련된 비용과 절차를 확인하고 싶습니다.,Saya ingin mengetahui biaya dan prosedur yang terkait dengan Penerbitan nominal.,액면발행,액면발행,True,기업금융·자본조달,,1.0,1.0,1.0,0,,20,액면발행
KO-FIN-02225,액면분할이 무엇인지 설명해 주세요.,Tolong jelaskan apa itu Pembagian nilai nominal.,액면분할,액면분할,True,주식,,1.0,1.0,1.0,0,,20,액면분할
KO-FIN-02230,양도담보의 조건과 수익 구조를 확인하고 싶습니다.,Saya ingin mengetahui syarat dan struktur pendapatan dari Jaminan pengalihan hak milik.,양도담보,양도담보,True,채권,,1.0,1.0,1.0,0,,40,양도담보
KO-FIN-02234,양도성예금증서에 적용되는 금리는 어떻게 되나요?,Berapa suku bunga yang berlaku untuk Sertifikat Deposito yang Dapat Dipindahtangankan?,양도성예금증서,양도성예금증서,True,예금상품,증권·예탁,1.0,1.0,1.0,0,,40,양도성예금증서
KO-FIN-02237,양키달러시장이 무엇을 의미하나요?,Apa arti dari Pasar Dolar Amerika?,양키달러시장,양키달러시장,True,금융시장·거래,,1.0,1.0,1.0,0,,0,
KO-FIN-02243,양키본드와 관련된 투자 정보를 확인하고 싶습니다.,Saya ingin memeriksa informasi investasi terkait Yankee Bond.,양키본드,양키본드,True,자산운용·투자,,1.0,1.0,1.0,0,,0,
KO-FIN-02247,어카운트 결제 과정에서 문제가 발생한 것 같습니다.,Tampaknya terjadi masalah pada proses Pembayaran Akun.,어카운트 결제,어카운트 결제,True,지급결제·청산,,1.0,1.0,1.0,0,,0,
KO-FIN-02250,언더라이터 처리 절차를 확인하고 싶습니다.,Saya ingin mengetahui prosedur penanganan Penilai Risiko.,언더라이터,언더라이터,True,증권·예탁,,1.0,1.0,1.0,0,,40,언더라이터
KO-FIN-02254,역금리와 관련된 거래 조건을 확인하고 싶습니다.,Saya ingin memeriksa ketentuan transaksi yang terkait dengan Suku bunga terbalik.,역금리,역금리,True,국제금융,,1.0,1.0,1.0,0,,40,역금리
KO-FIN-02258,역레포와 관련된 시장 정보를 확인하고 싶습니다.,Saya ingin memeriksa informasi pasar terkait Repo terbalik.,역레포,역레포,True,금융시장·거래,,1.0,1.0,1.0,0,,40,역레포
KO-FIN-02262,역분식결산을 통해 어떤 정보를 확인할 수 있나요?,Informasi apa saja yang dapat saya periksa melalui Penyusunan Laporan Keuangan Terbalik?,역분식결산,역분식결산,True,회계·재무,,1.0,1.0,1.0,0,,50,역분식결산
KO-FIN-02264,역분식결산은 기준 시점과 작성 기준을 함께 확인해야 합니다.,Penyusunan Laporan Keuangan Terbalik harus diperiksa dengan memperhatikan titik waktu acuan dan kriteria penyusunan.,역분식결산,역분식결산,True,회계·재무,,1.0,1.0,1.0,0,,50,역분식결산
KO-FIN-02266,역외금융과 관련된 거래 조건을 확인하고 싶습니다.,Saya ingin memeriksa ketentuan transaksi yang terkait dengan Perbankan luar negeri.,역외금융,역외금융,True,국제금융,,1.0,1.0,1.0,0,,40,역외금융
KO-FIN-02268,역외금융과 관련된 거래에서는 국가별 규정과 통화를 함께 확인해야 합니다.,"Dalam transaksi yang berkaitan dengan Perbankan luar negeri, Anda harus memeriksa peraturan dan mata uang yang berlaku di masing-masing negara.",역외금융,역외금융,True,국제금융,,1.0,1.0,1.0,0,,40,역외금융
KO-FIN-02269,역외시장이 무엇을 의미하나요?,Apa arti Pasar luar negeri?,역외시장,역외시장,True,금융시장·거래,국제금융,1.0,1.0,1.0,0,,0,
KO-FIN-02274,역외자금과 관련된 거래 조건을 확인하고 싶습니다.,Saya ingin memeriksa ketentuan transaksi yang berkaitan dengan Dana luar negeri.,역외자금,역외자금,True,국제금융,,1.0,1.0,1.0,0,,0,
KO-FIN-02276,역외자금과 관련된 거래에서는 국가별 규정과 통화를 함께 확인해야 합니다.,"Dalam transaksi yang berkaitan dengan Dana luar negeri, Anda harus memeriksa peraturan dan mata uang yang berlaku di masing-masing negara.",역외자금,역외자금,True,국제금융,,1.0,1.0,1.0,0,,0,
KO-FIN-02279,역외펀드에 가입하기 전에 어떤 점을 확인해야 하나요?,Apa saja yang perlu diperiksa sebelum mendaftar ke Dana luar negeri?,역외펀드,역외펀드,True,펀드·신탁,국제금융 / 자산운용·투자 / 세금,1.0,1.0,1.0,0,,40,역외펀드
KO-FIN-02283,연기금과 관련된 투자 정보를 확인하고 싶습니다.,Saya ingin memeriksa informasi investasi terkait Dana Pensiun.,연기금,연기금,True,자산운용·투자,,1.0,1.0,1.0,0,,20,연기금
KO-FIN-02288,연방준비은행과 관련된 세부 업무는 해당 기관의 안내를 확인해 주세요.,"Untuk detail tugas yang berkaitan dengan Bank Sentral AS, silakan periksa panduan dari lembaga terkait.",연방준비은행,연방준비은행,True,금융기관·은행,,1.0,1.0,1.0,0,,20,연방준비은행
KO-FIN-02290,연방준비제도에서 이용할 수 있는 금융업무는 무엇인가요?,Layanan keuangan apa saja yang tersedia di Sistem Federal Reserve?,연방준비제도,연방준비제도,True,금융기관·은행,,1.0,1.0,1.0,0,,0,
KO-FIN-02295,연속결제 과정에서 문제가 발생한 것 같습니다.,Tampaknya terjadi masalah dalam proses Pembayaran Berkelanjutan.,연속결제,연속결제,True,지급결제·청산,금융시장·거래,1.0,1.0,1.0,0,,40,연속결제
KO-FIN-02299,연속차감결제 과정에서 문제가 발생한 것 같습니다.,Tampaknya terjadi masalah dalam proses Pembayaran dengan potongan otomatis berulang.,연속차감결제,연속차감결제,True,지급결제·청산,,1.0,1.0,1.0,0,,40,연속차감결제
KO-FIN-02302,연쇄거래와 관련된 시장 정보를 확인하고 싶습니다.,Saya ingin memeriksa informasi pasar terkait Transaksi berantai.,연쇄거래,연쇄거래,True,금융시장·거래,,1.0,1.0,1.0,0,,0,
KO-FIN-02306,영구사채의 조건과 수익 구조를 확인하고 싶습니다.,Saya ingin mengetahui syarat dan struktur pendapatan dari Obligasi abadi.,영구사채,영구사채,True,채권,자산운용·투자,1.0,1.0,1.0,0,,20,영구사채
KO-FIN-02309,영시조항이 무엇을 의미하나요?,Apa arti Klausul Puisi Klasik?,영시조항,영시조항,True,금융시장·거래,,1.0,1.0,1.0,0,,0,
KO-FIN-02314,예납조치와 관련된 시장 정보를 확인하고 싶습니다.,Saya ingin memeriksa informasi pasar yang berkaitan dengan Tindakan pembayaran di muka.,예납조치,예납조치,True,금융시장·거래,,1.0,1.0,1.0,0,,40,예납조치
KO-FIN-02317,예비증권이 무엇인지 설명해 주세요.,Tolong jelaskan apa itu Surat berharga sementara.,예비증권,예비증권,True,증권·예탁,채권,1.0,1.0,1.0,0,,20,예비증권
KO-FIN-02321,예탁이 무엇인지 설명해 주세요.,Tolong jelaskan apa itu Penitipan.,예탁,예탁,True,증권·예탁,법률·계약 / 금융법규·감독,1.0,1.0,1.0,0,,70,예탁
KO-FIN-02326,예탁계좌 처리 절차를 확인하고 싶습니다.,Saya ingin mengetahui prosedur penanganan Rekening Penitipan.,예탁계좌,예탁계좌,True,증권·예탁,계좌,1.0,1.0,1.0,0,,40,예탁계좌
KO-FIN-02329,예탁대상유가증권이 무엇인지 설명해 주세요.,Tolong jelaskan apa itu Surat berharga yang dapat disimpan.,예탁대상유가증권,예탁대상유가증권,True,증권·예탁,,1.0,1.0,1.0,0,,40,예탁대상유가증권
KO-FIN-02334,예탁자 처리 절차를 확인하고 싶습니다.,Saya ingin mengetahui prosedur penanganan Pemegang deposito.,예탁자,예탁자,True,증권·예탁,,1.0,1.0,1.0,0,,0,
KO-FIN-02338,예탁자계좌부 처리 절차를 확인하고 싶습니다.,Saya ingin mengetahui prosedur penanganan Buku Rekening Pemegang Deposito.,예탁자계좌부,예탁자계좌부,True,증권·예탁,,1.0,1.0,1.0,0,,20,예탁자계좌부
KO-FIN-02341,예탁자기금이 무엇인지 설명해 주세요.,Tolong jelaskan apa itu Dana Penitipan.,예탁자기금,예탁자기금,True,증권·예탁,,1.0,1.0,1.0,0,,20,예탁자기금
KO-FIN-02346,예탁증명서제도 처리 절차를 확인하고 싶습니다.,Saya ingin mengetahui prosedur penanganan Sistem Sertifikat Penitipan.,예탁증명서제도,예탁증명서제도,True,증권·예탁,,1.0,1.0,1.0,0,,40,예탁증명서제도
KO-FIN-02350,예탁증서 처리 절차를 확인하고 싶습니다.,Saya ingin mengetahui prosedur penanganan Sertifikat Deposito.,예탁증서,예탁증서,True,증권·예탁,,1.0,1.0,1.0,0,,0,
KO-FIN-02355,옐로우칩과 관련된 투자 정보를 확인하고 싶습니다.,Saya ingin memeriksa informasi investasi terkait Yellow Chip.,옐로우칩,옐로우칩,True,자산운용·투자,,1.0,1.0,1.0,0,,40,옐로우칩
KO-FIN-02357,오버나이트 repo이 무엇을 의미하나요?,Apa arti Repo semalam?,오버나이트 repo,오버나이트 repo,True,금융시장·거래,,1.0,1.0,1.0,0,,40,오버나이트 repo
KO-FIN-02362,온라인 리얼타임 시스템은 어디에서 확인할 수 있나요?,Di mana saya bisa melihat Sistem Real-Time Online?,온라인 리얼타임 시스템,온라인 리얼타임 시스템,True,계좌,,1.0,1.0,1.0,0,,0,
KO-FIN-02363,온라인 리얼타임 시스템이 정상적으로 표시되지 않습니다.,Sistem Real-Time Online tidak ditampilkan dengan benar.,온라인 리얼타임 시스템,온라인 리얼타임 시스템,True,계좌,,1.0,1.0,1.0,0,,0,
KO-FIN-02366,온라인 증권거래와 관련된 시장 정보를 확인하고 싶습니다.,Saya ingin memeriksa informasi pasar terkait Perdagangan sekuritas daring.,온라인 증권거래,온라인 증권거래,True,금융시장·거래,증권·예탁,1.0,1.0,1.0,0,,0,
KO-FIN-02371,온라인 투자은행과 관련된 투자 정보를 확인하고 싶습니다.,Saya ingin memeriksa informasi investasi terkait Bank investasi daring.,온라인 투자은행,온라인 투자은행,True,자산운용·투자,금융기관·은행,1.0,1.0,1.0,0,,0,
KO-FIN-02373,옵션이 무엇인지 쉽게 설명해 주세요.,Tolong jelaskan dengan sederhana apa itu Opsi.,옵션,옵션,True,파생상품,증권·예탁 / 법률·계약,1.0,1.0,1.0,0,,30,옵션
KO-FIN-02377,옵션가격결정모형이 무엇인지 쉽게 설명해 주세요.,Tolong jelaskan dengan sederhana apa itu Model Penentuan Harga Opsi.,옵션가격결정모형,옵션가격결정모형,True,파생상품,금융공학·분석 / 금융시장·거래 / 주식,1.0,1.0,1.0,0,,0,
KO-FIN-02382,옵션거래와 관련된 시장 정보를 확인하고 싶습니다.,Saya ingin memeriksa informasi pasar yang berkaitan dengan Perdagangan opsi.,옵션거래,옵션거래,True,금융시장·거래,파생상품,1.0,1.0,1.0,0,,0,
KO-FIN-02386,옵션부사채의 조건과 수익 구조를 확인하고 싶습니다.,Saya ingin mengetahui syarat dan struktur keuntungan dari Obligasi dengan opsi.,옵션부사채,옵션부사채,True,채권,파생상품,1.0,1.0,1.0,0,,20,옵션부사채
KO-FIN-02389,외국보관기관이 무엇인지 설명해 주세요.,Tolong jelaskan apa itu Lembaga penyimpanan di luar negeri.,외국보관기관,외국보관기관,True,증권·예탁,,1.0,1.0,1.0,0,,40,외국보관기관
KO-FIN-02394,외국시장거래와 관련된 시장 정보를 확인하고 싶습니다.,Saya ingin memeriksa informasi pasar terkait Transaksi di Pasar Luar Negeri.,외국시장거래,외국시장거래,True,금융시장·거래,,1.0,1.0,1.0,0,,0,
KO-FIN-02399,외국인 투자등록번호와 관련된 투자 정보를 확인하고 싶습니다.,Saya ingin memeriksa informasi investasi terkait Nomor Registrasi Investasi Asing.,외국인 투자등록번호,외국인 투자등록번호,True,자산운용·투자,,1.0,1.0,1.0,0,,0,
KO-FIN-02402,외국채의 조건과 수익 구조를 확인하고 싶습니다.,Saya ingin mengetahui syarat dan struktur keuntungan dari Obligasi asing.,외국채,외국채,True,채권,자산운용·투자,1.0,1.0,1.0,0,,0,
KO-FIN-02405,외국환거래법에 대해 자세히 알려주세요.,Tolong jelaskan lebih detail tentang Undang-Undang Transaksi Valuta Asing.,외국환거래법,외국환거래법,True,해외송금·외환,금융시장·거래,1.0,1.0,1.0,0,,0,
KO-FIN-02406,외국환거래법을 확인하고 싶습니다.,Saya ingin memeriksa Undang-Undang Transaksi Valuta Asing.,외국환거래법,외국환거래법,True,해외송금·외환,금융시장·거래,1.0,1.0,1.0,0,,0,
KO-FIN-02412,외부금융은 심사 결과에 따라 이용 가능 여부가 달라질 수 있습니다.,Ketersediaan Pembiayaan eksternal dapat berubah tergantung pada hasil penilaian.,외부금융,외부금융,True,대출,,1.0,1.0,1.0,0,,0,
KO-FIN-02415,외수펀드에 가입하기 전에 어떤 점을 확인해야 하나요?,Apa saja yang perlu diperiksa sebelum mendaftar ke Dana Investasi Luar Negeri?,외수펀드,외수펀드,True,펀드·신탁,,1.0,1.0,1.0,0,,40,외수펀드
KO-FIN-02418,외평채의 조건과 수익 구조를 확인하고 싶습니다.,Saya ingin mengetahui ketentuan dan struktur pendapatan dari Obligasi Devisa.,외평채,외평채,True,채권,,1.0,1.0,1.0,0,,0,
KO-FIN-02421,외화증권이 무엇인지 설명해 주세요.,Tolong jelaskan apa itu Surat berharga dalam mata uang asing.,외화증권,외화증권,True,증권·예탁,해외송금·외환 / 금융시장·거래,1.0,1.0,1.0,0,,0,
KO-FIN-02426,외화차입 담보관리제 처리 절차를 확인하고 싶습니다.,Saya ingin mengetahui prosedur penanganan Sistem Pengelolaan Jaminan Pinjaman Mata Uang Asing.,외화차입 담보관리제,외화차입 담보관리제,True,증권·예탁,해외송금·외환 / 대출,1.0,1.0,1.0,0,,20,외화차입 담보관리제
KO-FIN-02429,외환시장이 무엇을 의미하나요?,Apa arti Pasar Valuta Asing?,외환시장,외환시장,True,금융시장·거래,해외송금·외환,1.0,1.0,1.0,0,,0,
KO-FIN-02435,우량주와 관련해 투자 전에 확인해야 할 사항이 있나요?,Apakah ada hal-hal yang perlu diperiksa sebelum berinvestasi terkait Saham unggulan?,우량주,우량주,True,주식,,1.0,1.0,1.0,0,,20,우량주
KO-FIN-02437,우리사주조합이 무엇인지 설명해 주세요.,Tolong jelaskan apa itu Asosiasi Pemegang Saham Karyawan.,우리사주조합,우리사주조합,True,주식,,1.0,1.0,1.0,0,,40,우리사주조합
KO-FIN-02443,우선주와 관련해 투자 전에 확인해야 할 사항이 있나요?,Apakah ada hal-hal yang perlu diperiksa terkait Saham preferen sebelum berinvestasi?,우선주,우선주,True,주식,,1.0,1.0,1.0,0,,40,우선주
KO-FIN-02446,운영위험이 금융거래에 어떤 영향을 주나요?,Risiko Operasional Apa dampaknya terhadap transaksi keuangan ini?,운영위험,운영위험,True,신용·리스크,,1.0,1.0,1.0,0,,20,운영위험
KO-FIN-02454,워크아웃에서 이용할 수 있는 금융업무는 무엇인가요?,Layanan keuangan apa saja yang tersedia di Workout?,워크아웃,워크아웃,True,금융기관·은행,,1.0,1.0,1.0,0,,40,워크아웃
KO-FIN-02458,원본위험이 금융거래에 어떤 영향을 주나요?,"Risiko Asli, apa dampaknya terhadap transaksi keuangan ini?",원본위험,원본위험,True,신용·리스크,금융시장·거래 / 지급결제·청산,1.0,1.0,1.0,0,,20,원본위험
KO-FIN-02460,원본위험은 거래 조건이나 이용 가능 여부에 영향을 줄 수 있습니다.,Risiko Asli dapat memengaruhi ketentuan transaksi atau ketersediaannya.,원본위험,원본위험,True,신용·리스크,금융시장·거래 / 지급결제·청산,1.0,1.0,1.0,0,,20,원본위험
KO-FIN-02462,원천과세의 적용 기준을 알려주세요.,Tolong jelaskan kriteria penerapan Pemungutan Pajak di Sumber.,원천과세,원천과세,True,세금,,1.0,1.0,1.0,0,,40,원천과세
KO-FIN-02464,원천과세의 적용 여부는 거래 유형과 세법에 따라 달라질 수 있습니다.,Penerapan Pemungutan Pajak di Sumber dapat bervariasi tergantung pada jenis transaksi dan undang-undang perpajakan.,원천과세,원천과세,True,세금,,1.0,1.0,1.0,0,,40,원천과세
KO-FIN-02466,원천징수의 적용 기준을 알려주세요.,Tolong jelaskan kriteria penerapan Pemotongan Pajak di Sumber.,원천징수,원천징수,True,세금,,1.0,1.0,1.0,0,,40,원천징수
KO-FIN-02468,원천징수의 적용 여부는 거래 유형과 세법에 따라 달라질 수 있습니다.,Penerapan Pemotongan Pajak di Sumber dapat bervariasi tergantung pada jenis transaksi dan undang-undang perpajakan.,원천징수,원천징수,True,세금,,1.0,1.0,1.0,0,,40,원천징수
KO-FIN-02469,원화표시채권이 무엇인지 설명해 주세요.,Tolong jelaskan apa itu Obligasi dalam Mata Uang Won.,원화표시채권,원화표시채권,True,채권,,1.0,1.0,1.0,0,,0,
KO-FIN-02473,웹거래시스템이 무엇을 의미하나요?,Apa arti Sistem Transaksi Online?,웹거래시스템,웹거래시스템,True,금융시장·거래,,1.0,1.0,1.0,0,,0,
KO-FIN-02477,위약손해배상공동기금이 무엇을 의미하나요?,Apa arti Dana Bersama Ganti Rugi atas Pelanggaran Perjanjian?,위약손해배상공동기금,위약손해배상공동기금,True,금융시장·거래,증권·예탁,1.0,1.0,1.0,0,,20,위약손해배상공동기금
KO-FIN-02481,위임장이 무엇인지 설명해 주세요.,Tolong jelaskan apa itu Surat Kuasa.,위임장,위임장,True,주식,,1.0,1.0,1.0,0,,40,위임장
KO-FIN-02485,위임장경쟁이 무엇인지 설명해 주세요.,Tolong jelaskan apa itu Persaingan Surat Kuasa.,위임장경쟁,위임장경쟁,True,주식,,1.0,1.0,1.0,0,,0,
KO-FIN-02490,위탁매매와 관련된 시장 정보를 확인하고 싶습니다.,Saya ingin memeriksa informasi pasar yang terkait dengan Perdagangan atas dasar perwalian.,위탁매매,위탁매매,True,금융시장·거래,증권·예탁,1.0,1.0,1.0,0,,0,
KO-FIN-02494,위탁수수료와 관련된 시장 정보를 확인하고 싶습니다.,Saya ingin memeriksa informasi pasar terkait Biaya komisi.,위탁수수료,위탁수수료,True,금융시장·거래,,1.0,1.0,1.0,0,,0,
KO-FIN-02499,위탁자 때문에 추가로 확인해야 할 사항이 있나요?,Apakah ada hal lain yang perlu diperiksa terkait Pemberi Kuasa?,위탁자,위탁자,True,금융법규·감독,,1.0,1.0,1.0,0,,40,위탁자
KO-FIN-02500,위탁자의 적용 범위는 관련 법령과 규정에 따라 달라질 수 있습니다.,Ruang lingkup penerapan Pemberi Kuasa dapat bervariasi sesuai dengan undang-undang dan peraturan yang berlaku.,위탁자,위탁자,True,금융법규·감독,,1.0,1.0,1.0,0,,40,위탁자
KO-FIN-02501,위탁자청산서비스가 무엇인지 설명해 주세요.,Tolong jelaskan apa itu Layanan Likuidasi Penitipan.,위탁자청산서비스,위탁자청산서비스,True,지급결제·청산,금융시장·거래,1.0,1.0,1.0,0,,0,
KO-FIN-02505,위탁증거금이 무엇인지 쉽게 설명해 주세요.,Tolong jelaskan dengan sederhana apa itu Margin Penitipan.,위탁증거금,위탁증거금,True,파생상품,금융시장·거래 / 증권·예탁 / 자산운용·투자,1.0,1.0,1.0,0,,40,위탁증거금
KO-FIN-02515,위험프리미엄을 줄이려면 어떤 점을 확인해야 하나요?,Apa saja yang perlu diperhatikan untuk mengurangi Premi risiko?,위험프리미엄,위험프리미엄,True,신용·리스크,자산운용·투자,1.0,1.0,1.0,0,,0,
KO-FIN-02516,위험프리미엄은 거래 조건이나 이용 가능 여부에 영향을 줄 수 있습니다.,Premi risiko dapat memengaruhi ketentuan transaksi atau ketersediaannya.,위험프리미엄,위험프리미엄,True,신용·리스크,자산운용·투자,1.0,1.0,1.0,0,,0,
KO-FIN-02517,유가증권 현송이 무엇인지 설명해 주세요.,Tolong jelaskan apa itu Pengiriman Efek.,유가증권 현송,유가증권 현송,True,증권·예탁,,1.0,1.0,1.0,0,,20,유가증권 현송
KO-FIN-02521,유가증권이 무엇인지 설명해 주세요.,Tolong jelaskan apa itu Surat berharga.,유가증권,유가증권,True,증권·예탁,,1.0,1.0,1.0,0,,40,유가증권
KO-FIN-02526,유가증권신고서 처리 절차를 확인하고 싶습니다.,Saya ingin mengetahui prosedur penanganan Prospek Efek.,유가증권신고서,유가증권신고서,True,증권·예탁,,1.0,1.0,1.0,0,,40,유가증권신고서
KO-FIN-02530,유동성에서 이용할 수 있는 금융업무는 무엇인가요?,Layanan keuangan apa saja yang tersedia di Likuiditas?,유동성,유동성,True,금융기관·은행,,1.0,1.0,1.0,0,,0,
KO-FIN-02534,유동성위험이 금융거래에 어떤 영향을 주나요?,"Risiko likuiditas, apa dampaknya terhadap transaksi keuangan ini?",유동성위험,유동성위험,True,신용·리스크,,1.0,1.0,1.0,0,,0,
KO-FIN-02536,유동성위험은 거래 조건이나 이용 가능 여부에 영향을 줄 수 있습니다.,Risiko likuiditas dapat memengaruhi ketentuan perdagangan atau ketersediaan layanan.,유동성위험,유동성위험,True,신용·리스크,,1.0,1.0,1.0,0,,0,
KO-FIN-02540,유동화 중개기관은 심사 결과에 따라 이용 가능 여부가 달라질 수 있습니다.,Ketersediaan Lembaga perantara sekuritisasi dapat berubah tergantung pada hasil penilaian.,유동화 중개기관,유동화 중개기관,True,대출,,1.0,1.0,1.0,0,,0,
KO-FIN-02542,유럽중앙예탁기관협의회 처리 절차를 확인하고 싶습니다.,Saya ingin mengetahui prosedur penanganan Asosiasi Lembaga Penyimpanan Efek Eropa.,유럽중앙예탁기관협의회,유럽중앙예탁기관협의회,True,증권·예탁,,1.0,1.0,1.0,0,,20,유럽중앙예탁기관협의회
KO-FIN-02548,유럽중앙은행과 관련된 세부 업무는 해당 기관의 안내를 확인해 주세요.,"Untuk detail tugas yang berkaitan dengan Bank Sentral Eropa, silakan periksa panduan dari lembaga terkait.",유럽중앙은행,유럽중앙은행,True,금융기관·은행,,1.0,1.0,1.0,0,,0,
KO-FIN-02552,유럽통화단위의 정확한 의미는 해당 금융거래의 맥락과 함께 확인해야 합니다.,Arti yang tepat dari Satuan Mata Uang Eropa harus dipahami dalam konteks transaksi keuangan yang bersangkutan.,유럽통화단위,유럽통화단위,True,기타 금융일반,,1.0,1.0,1.0,0,,0,
KO-FIN-02553,유럽통화제도에 대해 자세히 알려주세요.,Tolong jelaskan lebih lanjut tentang Sistem Mata Uang Eropa.,유럽통화제도,유럽통화제도,True,해외송금·외환,,1.0,1.0,1.0,0,,0,
KO-FIN-02557,유럽형 옵션이 무엇인지 쉽게 설명해 주세요.,Tolong jelaskan dengan sederhana apa itu Opsi Gaya Eropa.,유럽형 옵션,유럽형 옵션,True,파생상품,,1.0,1.0,1.0,0,,0,
KO-FIN-02562,유로와 관련된 시장 정보를 확인하고 싶습니다.,Saya ingin memeriksa informasi pasar terkait Euro.,유로,유로,True,금융시장·거래,,1.0,1.0,1.0,0,,30,유로
KO-FIN-02567,유로달러에 대해 상담받고 싶습니다.,Saya ingin berkonsultasi mengenai Eurodollar.,유로달러,유로달러,True,대출,금융시장·거래,1.0,1.0,1.0,0,,0,
KO-FIN-02569,유로머니에 대해 자세히 알려주세요.,Tolong jelaskan lebih lanjut mengenai Euromoney.,유로머니,유로머니,True,해외송금·외환,,1.0,1.0,1.0,0,,0,
KO-FIN-02574,유로본드의 조건과 수익 구조를 확인하고 싶습니다.,Saya ingin mengetahui ketentuan dan struktur keuntungan dari Eurobond.,유로본드,유로본드,True,채권,자산운용·투자,1.0,1.0,1.0,0,,20,유로본드
KO-FIN-02577,유로시장이 무엇을 의미하나요?,Apa arti Pasar Euro?,유로시장,유로시장,True,금융시장·거래,국제금융,1.0,1.0,1.0,0,,0,
KO-FIN-02582,유로통화에 적용되는 금리는 어떻게 되나요?,Berapa suku bunga yang berlaku untuk Mata uang euro?,유로통화,유로통화,True,예금상품,,1.0,1.0,1.0,0,,0,
KO-FIN-02586,유보율을 통해 어떤 정보를 확인할 수 있나요?,Informasi apa saja yang dapat saya peroleh melalui Tingkat penundaan?,유보율,유보율,True,회계·재무,,1.0,1.0,1.0,0,,40,유보율
KO-FIN-02588,유보율은 기준 시점과 작성 기준을 함께 확인해야 합니다.,Tingkat penundaan harus diperiksa bersama dengan titik waktu acuan dan kriteria penulisan.,유보율,유보율,True,회계·재무,,1.0,1.0,1.0,0,,40,유보율
KO-FIN-02590,유상증자와 관련된 정보를 확인하고 싶습니다.,Saya ingin memeriksa informasi terkait Penambahan modal melalui penerbitan saham baru.,유상증자,유상증자,True,주식,,1.0,1.0,1.0,0,,50,유상증자
KO-FIN-02593,유지증거금이 무엇인지 쉽게 설명해 주세요.,Tolong jelaskan dengan sederhana apa itu Jaminan pemeliharaan.,유지증거금,유지증거금,True,파생상품,,1.0,1.0,1.0,0,,0,
KO-FIN-02597,유지청구권이 무엇인지 설명해 주세요.,Tolong jelaskan apa itu Hak untuk menuntut pemeliharaan.,유지청구권,유지청구권,True,주식,법률·계약,1.0,1.0,1.0,0,,50,유지청구권
KO-FIN-02601,유치권이 무엇인지 설명해 주세요.,Tolong jelaskan apa itu Hak retensi.,유치권,유치권,True,채권,,1.0,1.0,1.0,0,,0,
KO-FIN-02605,유통시장이 무엇을 의미하나요?,Apa arti Pasar distribusi?,유통시장,유통시장,True,금융시장·거래,증권·예탁 / 자산운용·투자,1.0,1.0,1.0,0,,0,
KO-FIN-02609,유통DR이 무엇인지 설명해 주세요.,Tolong jelaskan apa itu DR Distribusi.,유통DR,유통DR,True,주식,,1.0,1.0,1.0,0,,20,유통DR
KO-FIN-02613,의결권 대리인이 금융거래에서 무엇을 의미하나요?,Apa arti Wakil pemegang hak suara dalam transaksi keuangan ini?,의결권 대리인,의결권 대리인,True,법률·계약,주식,1.0,1.0,1.0,0,,0,
KO-FIN-02619,의결권 불통일행사와 관련해 투자 전에 확인해야 할 사항이 있나요?,Apakah ada hal-hal yang perlu diperiksa sebelum berinvestasi terkait Pelaksanaan Hak Suara yang Tidak Seragam?,의결권 불통일행사,의결권 불통일행사,True,주식,,1.0,1.0,1.0,0,,20,의결권 불통일행사
KO-FIN-02621,의결권이 무엇인지 설명해 주세요.,Tolong jelaskan apa itu hak suara.,의결권,의결권,True,주식,,1.0,1.0,1.0,0,,20,의결권
KO-FIN-02628,의결권대리행사 권유의 적용 여부는 계약 내용과 관련 법령을 확인해야 합니다.,"Untuk mengetahui apakah Ajakan untuk Menyerahkan Hak Suara berlaku, perlu memeriksa isi Kontrak dan peraturan perundang-undangan yang terkait.",의결권대리행사 권유;계약,의결권대리행사 권유,True,법률·계약,주식,1.0,1.0,1.0,0,,60,의결권대리행사 권유;계약
KO-FIN-02635,의결권신탁에 가입하기 전에 어떤 점을 확인해야 하나요?,Apa saja yang perlu diperiksa sebelum mendaftar ke Perwalian Hak Suara?,의결권신탁,의결권신탁,True,펀드·신탁,주식,1.0,1.0,1.0,0,,40,의결권신탁
KO-FIN-02639,의결권주와 관련해 투자 전에 확인해야 할 사항이 있나요?,Apakah ada hal-hal yang perlu diperiksa sebelum berinvestasi terkait Saham dengan hak suara?,의결권주,의결권주,True,주식,,1.0,1.0,1.0,0,,40,의결권주
KO-FIN-02641,의결권행사의 제한이 무엇인지 설명해 주세요.,Tolong jelaskan apa itu Pembatasan Pelaksanaan Hak Suara.,의결권행사의 제한,의결권행사의 제한,True,주식,,1.0,1.0,1.0,0,,20,의결권행사의 제한
KO-FIN-02645,의제배당이 무엇인지 설명해 주세요.,Tolong jelaskan apa itu Pembagian Dividen Berdasarkan Agenda.,의제배당,의제배당,True,주식,,1.0,1.0,1.0,0,,20,의제배당
KO-FIN-02649,의제예탁이 무엇인지 설명해 주세요.,Tolong jelaskan apa itu Penitipan Agenda.,의제예탁,의제예탁,True,증권·예탁,,1.0,1.0,1.0,0,,40,의제예탁
KO-FIN-02653,이머징 마켓이 무엇인지 설명해 주세요.,Tolong jelaskan apa itu Pasar yang sedang berkembang.,이머징 마켓,이머징 마켓,True,주식,,1.0,1.0,1.0,0,,40,이머징 마켓
KO-FIN-02657,이익배당이 무엇인지 설명해 주세요.,Tolong jelaskan apa itu Pembagian Laba.,이익배당,이익배당,True,주식,,1.0,1.0,1.0,0,,0,
KO-FIN-02661,이익잉여금이 무엇을 의미하나요?,Apa arti Laba ditahan?,이익잉여금,이익잉여금,True,금융시장·거래,,1.0,1.0,1.0,0,,20,이익잉여금
KO-FIN-02667,이익잉여금처분계산서와 관련해 투자 전에 확인해야 할 사항이 있나요?,Apakah ada hal-hal yang perlu diperiksa sebelum berinvestasi terkait Laporan Penggunaan Laba Ditahan?,이익잉여금처분계산서,이익잉여금처분계산서,True,주식,,1.0,1.0,1.0,0,,40,이익잉여금처분계산서
KO-FIN-02670,이익준비금을 통해 어떤 정보를 확인할 수 있나요?,Informasi apa saja yang dapat saya periksa melalui Cadangan Laba?,이익준비금,이익준비금,True,회계·재무,,1.0,1.0,1.0,0,,40,이익준비금
KO-FIN-02672,이익준비금은 기준 시점과 작성 기준을 함께 확인해야 합니다.,Cadangan Laba harus diperiksa dengan memperhatikan titik waktu acuan dan kriteria penyusunan.,이익준비금,이익준비금,True,회계·재무,,1.0,1.0,1.0,0,,40,이익준비금
KO-FIN-02674,이익참가부사채의 조건과 수익 구조를 확인하고 싶습니다.,Saya ingin mengetahui syarat dan struktur keuntungan dari Obligasi dengan Hak atas Laba.,이익참가부사채,이익참가부사채,True,채권,주식,1.0,1.0,1.0,0,,20,이익참가부사채
KO-FIN-02678,이자 계산일수의 조건과 수익 구조를 확인하고 싶습니다.,Saya ingin mengetahui syarat dan struktur keuntungan dari Jumlah hari perhitungan bunga.,이자 계산일수,이자 계산일수,True,채권,,1.0,1.0,1.0,0,,20,이자 계산일수
KO-FIN-02681,이자락이 무엇을 의미하나요?,Apa arti ujung rambut?,이자락,이자락,True,금융시장·거래,자산운용·투자,1.0,1.0,1.0,0,,40,이자락
KO-FIN-02685,이자소득이 무엇인지 설명해 주세요.,Tolong jelaskan apa itu Pendapatan bunga.,이자소득,이자소득,True,채권,펀드·신탁,1.0,1.0,1.0,0,,40,이자소득
KO-FIN-02690,이자율위험이 금융거래에 어떤 영향을 주나요?,"Risiko suku bunga, apa dampaknya terhadap transaksi keuangan ini?",이자율위험,이자율위험,True,신용·리스크,,1.0,1.0,1.0,0,,20,이자율위험
KO-FIN-02692,이자율위험은 거래 조건이나 이용 가능 여부에 영향을 줄 수 있습니다.,Risiko suku bunga dapat memengaruhi ketentuan transaksi atau ketersediaannya.,이자율위험,이자율위험,True,신용·리스크,,1.0,1.0,1.0,0,,20,이자율위험
KO-FIN-02694,이중과세의 적용 기준을 알려주세요.,Tolong jelaskan kriteria penerapan Pajak ganda.,이중과세,이중과세,True,세금,주식,1.0,1.0,1.0,0,,0,
KO-FIN-02696,이중과세의 적용 여부는 거래 유형과 세법에 따라 달라질 수 있습니다.,Penerapan Pajak ganda dapat bervariasi tergantung pada jenis transaksi dan undang-undang perpajakan.,이중과세,이중과세,True,세금,주식,1.0,1.0,1.0,0,,0,
KO-FIN-02697,이중청약이 무엇인지 설명해 주세요.,Tolong jelaskan apa itu Pendaftaran Ganda.,이중청약,이중청약,True,증권·예탁,주식,1.0,1.0,1.0,0,,20,이중청약
KO-FIN-02702,이표채의 조건과 수익 구조를 확인하고 싶습니다.,Saya ingin mengetahui syarat dan struktur keuntungan Lee Pyo-chae.,이표채,이표채,True,채권,,1.0,1.0,1.0,0,,50,이표채
KO-FIN-02707,이행보증기관을 줄이려면 어떤 점을 확인해야 하나요?,Apa saja yang perlu diperhatikan untuk mengurangi Lembaga Penjamin Pelaksanaan?,이행보증기관,이행보증기관,True,신용·리스크,증권·예탁 / 대출,1.0,1.0,1.0,0,,20,이행보증기관
KO-FIN-02708,이행보증기관은 거래 조건이나 이용 가능 여부에 영향을 줄 수 있습니다.,Lembaga Penjamin Pelaksanaan dapat memengaruhi ketentuan transaksi atau ketersediaannya.,이행보증기관,이행보증기관,True,신용·리스크,증권·예탁 / 대출,1.0,1.0,1.0,0,,20,이행보증기관
KO-FIN-02711,익일자금결제 과정에서 문제가 발생한 것 같습니다.,Tampaknya terjadi masalah dalam proses Penyelesaian dana hari berikutnya.,익일자금결제,익일자금결제,True,지급결제·청산,이체 / 금융기관·은행,1.0,1.0,1.0,0,,0,
KO-FIN-02715,최근 인덱세이션의 변화를 확인하고 싶습니다.,Saya ingin melihat perubahan terbaru pada Indeksasi.,인덱세이션,인덱세이션,True,경제·거시금융,,1.0,1.0,1.0,0,,0,
KO-FIN-02716,인덱세이션은 다른 경제지표와 함께 해석하는 것이 좋습니다.,Indeksasi sebaiknya diinterpretasikan bersama dengan indikator ekonomi lainnya.,인덱세이션,인덱세이션,True,경제·거시금융,,1.0,1.0,1.0,0,,0,
KO-FIN-02719,인덱스펀드에 가입하기 전에 어떤 점을 확인해야 하나요?,Apa saja yang perlu diperiksa sebelum mendaftar ke Reksa Dana Indeks?,인덱스펀드,인덱스펀드,True,펀드·신탁,자산운용·투자 / 금융공학·분석,1.0,1.0,1.0,0,,0,
KO-FIN-02722,인덴추어의 조건과 수익 구조를 확인하고 싶습니다.,Saya ingin mengetahui ketentuan dan struktur pendapatan Indentur.,인덴추어,인덴추어,True,채권,,1.0,1.0,1.0,0,,40,인덴추어
KO-FIN-02725,인도형 repo이 무엇을 의미하나요?,Apa arti Repo model India?,인도형 repo,인도형 repo,True,금융시장·거래,,1.0,1.0,1.0,0,,20,인도형 repo
KO-FIN-02732,인수의 세부 조건과 절차는 거래 유형에 따라 달라질 수 있습니다.,Ketentuan dan prosedur terperinci mengenai Pengambilalihan dapat berbeda-beda tergantung pada jenis transaksinya.,인수,인수,True,기업금융·자본조달,증권·예탁,1.0,1.0,1.0,0,,30,인수
KO-FIN-02734,인수단을 이용하려면 어떤 조건이 필요한가요?,Apa saja syarat yang diperlukan untuk menggunakan Tim Akuisisi?,인수단,인수단,True,기업금융·자본조달,,1.0,1.0,1.0,0,,0,
KO-FIN-02735,인수단과 관련된 비용과 절차를 확인하고 싶습니다.,Saya ingin mengetahui biaya dan prosedur yang terkait dengan Tim Akuisisi.,인수단,인수단,True,기업금융·자본조달,,1.0,1.0,1.0,0,,0,
KO-FIN-02740,인터넷 인수업자의 세부 조건과 절차는 거래 유형에 따라 달라질 수 있습니다.,Ketentuan dan prosedur terperinci mengenai Penyedia layanan internet dapat berbeda-beda tergantung pada jenis transaksinya.,인터넷 인수업자,인터넷 인수업자,True,기업금융·자본조달,자산운용·투자,1.0,1.0,1.0,0,,0,
KO-FIN-02744,인터페이스의 정확한 의미는 해당 금융거래의 맥락과 함께 확인해야 합니다.,Arti yang tepat dari Antarmuka harus dipahami dalam konteks transaksi keuangan yang bersangkutan.,인터페이스,인터페이스,True,기타 금융일반,,1.0,1.0,1.0,0,,0,
KO-FIN-02745,인트라넷이 무엇을 의미하나요?,Apa arti Intranet?,인트라넷,인트라넷,True,금융시장·거래,,1.0,1.0,1.0,0,,0,
KO-FIN-02749,일괄등록이 무엇인지 설명해 주세요.,Tolong jelaskan apa itu Pendaftaran Massal.,일괄등록,일괄등록,True,증권·예탁,채권,1.0,1.0,1.0,0,,20,일괄등록
KO-FIN-02753,일괄예탁이 무엇인지 설명해 주세요.,Tolong jelaskan apa itu Penitipan Massal.,일괄예탁,일괄예탁,True,증권·예탁,,1.0,1.0,1.0,0,,40,일괄예탁
KO-FIN-02757,일괄처리방식이 무엇인지 설명해 주세요.,Tolong jelaskan apa itu Metode pemrosesan massal.,일괄처리방식,일괄처리방식,True,지급결제·청산,,1.0,1.0,1.0,0,,20,일괄처리방식
KO-FIN-02764,일반균형이론은 심사 결과에 따라 이용 가능 여부가 달라질 수 있습니다.,Ketersediaan Teori Keseimbangan Umum dapat bervariasi tergantung pada hasil penilaian.,일반균형이론,일반균형이론,True,대출,,1.0,1.0,1.0,0,,0,
KO-FIN-02765,일반담보물이 무엇인지 설명해 주세요.,Tolong jelaskan apa itu Jaminan Umum.,일반담보물,일반담보물,True,증권·예탁,,1.0,1.0,1.0,0,,40,일반담보물
KO-FIN-02773,일방매매확인이 무엇을 의미하나요?,Apa arti Konfirmasi Transaksi Sepihak?,일방매매확인,일방매매확인,True,금융시장·거래,증권·예탁,1.0,1.0,1.0,0,,0,
KO-FIN-02777,일방연계방식이 무엇인지 설명해 주세요.,Tolong jelaskan apa itu Metode pengikatan sepihak.,일방연계방식,일방연계방식,True,증권·예탁,,1.0,1.0,1.0,0,,20,일방연계방식
KO-FIN-02782,일본증권결제회사 처리 절차를 확인하고 싶습니다.,Saya ingin mengetahui prosedur penanganan Perusahaan Kliring Sekuritas Jepang.,일본증권결제회사,일본증권결제회사,True,증권·예탁,지급결제·청산 / 금융시장·거래 / 주식,1.0,1.0,1.0,0,,0,
KO-FIN-02786,일본증권보관대체기구 처리 절차를 확인하고 싶습니다.,Saya ingin mengetahui prosedur penanganan Lembaga Penyimpanan Sekuritas Alternatif Jepang.,일본증권보관대체기구,일본증권보관대체기구,True,증권·예탁,,1.0,1.0,1.0,0,,0,
KO-FIN-02789,일일정산이 무엇인지 쉽게 설명해 주세요.,Tolong jelaskan dengan sederhana apa itu Penutupan Harian.,일일정산,일일정산,True,파생상품,,1.0,1.0,1.0,0,,40,일일정산
KO-FIN-02793,일일차감이 무엇인지 설명해 주세요.,Tolong jelaskan apa itu Pengurangan harian.,일일차감,일일차감,True,지급결제·청산,,1.0,1.0,1.0,0,,0,
KO-FIN-02798,일임매매와 관련된 시장 정보를 확인하고 싶습니다.,Saya ingin memeriksa informasi pasar terkait Perdagangan dengan Kuasa Penuh.,일임매매,일임매매,True,금융시장·거래,증권·예탁,1.0,1.0,1.0,0,,40,일임매매
KO-FIN-02801,일중대월이 무엇인지 설명해 주세요.,"Tolong jelaskan apa itu Satu Hari, Satu Bulan, Satu Bulan.",일중대월,일중대월,True,지급결제·청산,,1.0,1.0,1.0,0,,40,일중대월
KO-FIN-02807,임시주주총회와 관련해 투자 전에 확인해야 할 사항이 있나요?,Apakah ada hal-hal yang perlu diperiksa sebelum berinvestasi terkait Rapat Umum Pemegang Saham Luar Biasa?,임시주주총회,임시주주총회,True,주식,,1.0,1.0,1.0,0,,0,
KO-FIN-02809,임의준비금이 무엇인지 설명해 주세요.,Tolong jelaskan apa itu Cadangan sukarela.,임의준비금,임의준비금,True,주식,,1.0,1.0,1.0,0,,40,임의준비금
KO-FIN-02816,임치의 적용 여부는 계약 내용과 관련 법령을 확인해야 합니다.,"Untuk mengetahui apakah Penitipan berlaku, Anda harus memeriksa isi Kontrak dan peraturan perundang-undangan yang terkait.",임치;계약,임치,True,법률·계약,,1.0,1.0,1.0,0,,50,임치;계약
KO-FIN-02817,임퓨테이션이 무엇인지 설명해 주세요.,Tolong jelaskan apa itu Imputasi.,임퓨테이션,임퓨테이션,True,주식,세금,1.0,1.0,1.0,0,,40,임퓨테이션
KO-FIN-02821,잉여금이 무엇인지 설명해 주세요.,Tolong jelaskan apa itu surplus.,잉여금,잉여금,True,주식,,1.0,1.0,1.0,0,,20,잉여금
KO-FIN-02826,자기매매와 관련된 시장 정보를 확인하고 싶습니다.,Saya ingin memeriksa informasi pasar terkait Transaksi untuk kepentingan sendiri.,자기매매,자기매매,True,금융시장·거래,증권·예탁,1.0,1.0,1.0,0,,40,자기매매
KO-FIN-02830,자동계좌이체를 이용하려면 어떻게 해야 하나요?,Bagaimana cara menggunakan Transfer Otomatis?,자동계좌이체,자동계좌이체,True,이체,계좌,1.0,1.0,1.0,0,,20,자동계좌이체
KO-FIN-02833,자동교환결제제도가 무엇인지 설명해 주세요.,Tolong jelaskan apa itu Sistem Pembayaran Otomatis.,자동교환결제제도,자동교환결제제도,True,지급결제·청산,이체 / 금융기관·은행,1.0,1.0,1.0,0,,20,자동교환결제제도
KO-FIN-02838,자동명의개서제도 처리 절차를 확인하고 싶습니다.,Saya ingin mengetahui prosedur penanganan Sistem Pengalihan Hak Milik Secara Otomatis.,자동명의개서제도,자동명의개서제도,True,증권·예탁,,1.0,1.0,1.0,0,,40,자동명의개서제도
KO-FIN-02841,자동호가전달시스템이 무엇을 의미하나요?,Apa arti Sistem Pengiriman Surat Otomatis?,자동호가전달시스템,자동호가전달시스템,True,금융시장·거래,,1.0,1.0,1.0,0,,0,
KO-FIN-02846,자본금을 통해 어떤 정보를 확인할 수 있나요?,Informasi apa saja yang dapat dilihat melalui Modal disetor?,자본금,자본금,True,회계·재무,주식,1.0,1.0,1.0,0,,0,
KO-FIN-02848,자본금은 기준 시점과 작성 기준을 함께 확인해야 합니다.,Modal disetor harus diperiksa dengan memperhatikan titik waktu acuan dan kriteria penyusunan.,자본금,자본금,True,회계·재무,주식,1.0,1.0,1.0,0,,0,
KO-FIN-02849,자본시장이 무엇을 의미하나요?,Apa arti Pasar Modal?,자본시장,자본시장,True,금융시장·거래,,1.0,1.0,1.0,0,,0,
KO-FIN-02855,자본시장선과 관련된 투자 정보를 확인하고 싶습니다.,Saya ingin memeriksa informasi investasi yang berkaitan dengan Pasar Modal.,자본시장선,자본시장선,True,자산운용·투자,금융시장·거래,1.0,1.0,1.0,0,,0,
KO-FIN-02857,자본이득이 무엇을 의미하나요?,Apa arti Keuntungan modal?,자본이득,자본이득,True,금융시장·거래,,1.0,1.0,1.0,0,,0,
KO-FIN-02862,자본이익계획을 통해 어떤 정보를 확인할 수 있나요?,Informasi apa saja yang dapat saya periksa melalui Rencana Keuntungan Modal?,자본이익계획,자본이익계획,True,회계·재무,,1.0,1.0,1.0,0,,0,
KO-FIN-02864,자본이익계획은 기준 시점과 작성 기준을 함께 확인해야 합니다.,Rencana Keuntungan Modal harus diperiksa dengan memperhatikan titik waktu acuan dan kriteria penulisan.,자본이익계획,자본이익계획,True,회계·재무,,1.0,1.0,1.0,0,,0,
KO-FIN-02865,자본잉여금이 무엇인지 설명해 주세요.,Tolong jelaskan apa itu Surplus Modal.,자본잉여금,자본잉여금,True,주식,,1.0,1.0,1.0,0,,0,
KO-FIN-02870,자본자산가격결정모형은 금융상품을 분석할 때 어떻게 사용되나요?,Bagaimana Model Penentuan Harga Aset Modal digunakan dalam menganalisis produk keuangan?,자본자산가격결정모형,자본자산가격결정모형,True,금융공학·분석,금융시장·거래 / 자산운용·투자,1.0,1.0,1.0,0,,0,
KO-FIN-02872,자본자산가격결정모형의 결과는 사용한 가정과 시장 데이터에 따라 달라질 수 있습니다.,Hasil Model Penentuan Harga Aset Modal dapat bervariasi tergantung pada asumsi dan data pasar yang digunakan.,자본자산가격결정모형,자본자산가격결정모형,True,금융공학·분석,금융시장·거래 / 자산운용·투자,1.0,1.0,1.0,0,,0,
KO-FIN-02873,자본준비금이 무엇인지 설명해 주세요.,Tolong jelaskan apa itu Cadangan Modal.,자본준비금,자본준비금,True,주식,금융법규·감독,1.0,1.0,1.0,0,,20,자본준비금
KO-FIN-02877,자사주 취득이 무엇인지 설명해 주세요.,Tolong jelaskan apa itu Pembelian saham sendiri.,자사주 취득,자사주 취득,True,주식,금융시장·거래,1.0,1.0,1.0,0,,20,자사주 취득
KO-FIN-02881,자산담보부증권이 무엇인지 설명해 주세요.,Tolong jelaskan apa itu Surat Utang Beragun Aset.,자산담보부증권,자산담보부증권,True,증권·예탁,대출 / 부동산금융,1.0,1.0,1.0,0,,0,
KO-FIN-02887,자산운용회사와 관련된 투자 정보를 확인하고 싶습니다.,Saya ingin memeriksa informasi investasi terkait Perusahaan Pengelola Aset.,자산운용회사,자산운용회사,True,자산운용·투자,,1.0,1.0,1.0,0,,0,
KO-FIN-02891,자산의 유동화와 관련된 투자 정보를 확인하고 싶습니다.,Saya ingin memeriksa informasi investasi terkait Likuidasi aset.,자산의 유동화,자산의 유동화,True,자산운용·투자,,1.0,1.0,1.0,0,,0,
KO-FIN-02896,자산재평가는 기준 시점과 작성 기준을 함께 확인해야 합니다.,Penilaian Kembali Aset harus diperiksa dengan memperhatikan titik waktu acuan dan kriteria penulisan.,자산재평가,자산재평가,True,회계·재무,,1.0,1.0,1.0,0,,0,
KO-FIN-02899,자산주와 관련된 투자 정보를 확인하고 싶습니다.,Saya ingin memeriksa informasi investasi yang berkaitan dengan Saham aset.,자산주,자산주,True,자산운용·투자,,1.0,1.0,1.0,0,,0,
KO-FIN-02901,자율규제기관이 무엇을 의미하나요?,Apa arti Lembaga Pengatur Mandiri?,자율규제기관,자율규제기관,True,금융시장·거래,지급결제·청산,1.0,1.0,1.0,0,,0,
KO-FIN-02906,자전거래와 관련된 시장 정보를 확인하고 싶습니다.,Saya ingin memeriksa informasi pasar terkait Transaksi internal.,자전거래,자전거래,True,금융시장·거래,,1.0,1.0,1.0,0,,20,자전거래
KO-FIN-02910,잔액인수는 어디에서 확인할 수 있나요?,Di mana saya bisa melihat Pengambilalihan saldo?,잔액인수,잔액인수,True,계좌,기업금융·자본조달 / 증권·예탁,1.0,1.0,1.0,0,,0,
KO-FIN-02915,잔존가액과 관련된 내용을 확인하고 싶습니다.,Saya ingin memeriksa informasi yang berkaitan dengan Nilai sisa.,잔존가액,잔존가액,True,기타 금융일반,,1.0,1.0,1.0,0,,40,잔존가액
KO-FIN-02916,잔존가액의 정확한 의미는 해당 금융거래의 맥락과 함께 확인해야 합니다.,Arti yang tepat dari Nilai sisa harus dipahami dalam konteks transaksi keuangan yang bersangkutan.,잔존가액,잔존가액,True,기타 금융일반,,1.0,1.0,1.0,0,,40,잔존가액
KO-FIN-02919,잠정이체 과정에서 문제가 발생한 것 같습니다.,Tampaknya terjadi masalah dalam proses Transfer sementara.,잠정이체,잠정이체,True,지급결제·청산,,1.0,1.0,1.0,0,,40,잠정이체
KO-FIN-02922,장기채의 조건과 수익 구조를 확인하고 싶습니다.,Saya ingin mengetahui syarat dan struktur keuntungan dari Obligasi jangka panjang.,장기채,장기채,True,채권,,1.0,1.0,1.0,0,,0,
KO-FIN-02927,장내결제 과정에서 문제가 발생한 것 같습니다.,Tampaknya terjadi masalah dalam proses Pembayaran di Tempat.,장내결제,장내결제,True,지급결제·청산,금융시장·거래 / 증권·예탁,1.0,1.0,1.0,0,,40,장내결제
KO-FIN-02930,장외거래와 관련된 시장 정보를 확인하고 싶습니다.,Saya ingin memeriksa informasi pasar terkait Transaksi di luar bursa.,장외거래,장외거래,True,금융시장·거래,,1.0,1.0,1.0,0,,0,
KO-FIN-02934,장외결제와 관련된 시장 정보를 확인하고 싶습니다.,Saya ingin memeriksa informasi pasar terkait Penyelesaian di Luar Bursa.,장외결제,장외결제,True,금융시장·거래,지급결제·청산 / 증권·예탁,1.0,1.0,1.0,0,,40,장외결제
KO-FIN-02937,장외시장이 무엇을 의미하나요?,Apa arti dari Pasar di luar bursa?,장외시장,장외시장,True,금융시장·거래,,1.0,1.0,1.0,0,,0,
KO-FIN-02942,재담보 처리 절차를 확인하고 싶습니다.,Saya ingin mengetahui prosedur penanganan Jaminan tambahan.,재담보,재담보,True,증권·예탁,,1.0,1.0,1.0,0,,40,재담보
KO-FIN-02945,재발행이 무엇인지 설명해 주세요.,Tolong jelaskan apa itu Penerbitan ulang.,재발행,재발행,True,증권·예탁,,1.0,1.0,1.0,0,,20,재발행
KO-FIN-02949,재정가격결정이론이 무엇을 의미하나요?,Apa arti Teori Penetapan Harga Keuangan?,재정가격결정이론,재정가격결정이론,True,금융시장·거래,자산운용·투자 / 대출,1.0,1.0,1.0,0,,40,재정가격결정이론
KO-FIN-02954,재투자수익률을 고려할 때 어떤 위험을 확인해야 하나요?,Apa saja risiko yang perlu diperhatikan terkait Tingkat Pengembalian Investasi Ulang?,재투자수익률,재투자수익률,True,자산운용·투자,주식,1.0,1.0,1.0,0,,20,재투자수익률
KO-FIN-02963,재투자위험과 관련된 투자 정보를 확인하고 싶습니다.,Saya ingin memeriksa informasi investasi terkait Risiko Reinvestasi.,재투자위험,재투자위험,True,자산운용·투자,신용·리스크 / 대출,1.0,1.0,1.0,0,,0,
KO-FIN-02966,저당권과 관련된 금리와 비용을 확인하고 싶습니다.,Saya ingin mengetahui suku bunga dan biaya yang terkait dengan Hak gadai.,저당권,저당권,True,부동산금융,채권,1.0,1.0,1.0,0,,20,저당권
KO-FIN-02967,저당권을 이용할 때 필요한 서류는 무엇인가요?,Dokumen apa saja yang diperlukan untuk menggunakan Hak gadai?,저당권,저당권,True,부동산금융,채권,1.0,1.0,1.0,0,,20,저당권
KO-FIN-02969,저당대출담보부채권이 무엇인지 설명해 주세요.,Tolong jelaskan apa itu Surat Utang yang Dijamin dengan Pinjaman Hipotek.,저당대출담보부채권,저당대출담보부채권,True,채권,대출 / 부동산금융,1.0,1.0,1.0,0,,20,저당대출담보부채권
KO-FIN-02974,저당대출원리금이체채권을 이용하려면 어떻게 해야 하나요?,Bagaimana cara menggunakan Surat Utang Transfer Pokok dan Bunga Pinjaman Hipotek?,저당대출원리금이체채권,저당대출원리금이체채권,True,이체,대출 / 채권 / 부동산금융 / 자산운용·투자,1.0,1.0,1.0,0,,40,저당대출원리금이체채권
KO-FIN-02976,저당대출원리금이체채권을 진행하기 전에 입력한 정보를 다시 확인해 주세요.,"Sebelum melanjutkan ke Surat Utang Transfer Pokok dan Bunga Pinjaman Hipotek, harap periksa kembali informasi yang telah Anda masukkan.",저당대출원리금이체채권,저당대출원리금이체채권,True,이체,대출 / 채권 / 부동산금융 / 자산운용·투자,1.0,1.0,1.0,0,,40,저당대출원리금이체채권
KO-FIN-02977,적격증권이 무엇인지 설명해 주세요.,Tolong jelaskan apa itu Surat berharga yang memenuhi syarat.,적격증권,적격증권,True,증권·예탁,,1.0,1.0,1.0,0,,0,
KO-FIN-02983,전량결제 과정에서 문제가 발생한 것 같습니다.,Tampaknya terjadi masalah dalam proses Pembayaran Seluruh Jumlah.,전량결제,전량결제,True,지급결제·청산,금융시장·거래,1.0,1.0,1.0,0,,40,전량결제
KO-FIN-02986,전미증권업협회 처리 절차를 확인하고 싶습니다.,Saya ingin mengetahui prosedur penanganan Asosiasi Industri Sekuritas Amerika Serikat.,전미증권업협회,전미증권업협회,True,증권·예탁,금융시장·거래,1.0,1.0,1.0,0,,0,
KO-FIN-02990,전업주의 처리 절차를 확인하고 싶습니다.,Saya ingin mengetahui prosedur penanganan Prinsip Keprofesionalan.,전업주의,전업주의,True,증권·예탁,금융기관·은행 / 대출,1.0,1.0,1.0,0,,40,전업주의
KO-FIN-02995,전자공시제도 때문에 추가로 확인해야 할 사항이 있나요?,Apakah ada hal lain yang perlu diperiksa terkait Sistem Pengungkapan Informasi Elektronik?,전자공시제도,전자공시제도,True,금융법규·감독,,1.0,1.0,1.0,0,,20,전자공시제도
KO-FIN-02996,전자공시제도의 적용 범위는 관련 법령과 규정에 따라 달라질 수 있습니다.,Ruang lingkup penerapan Sistem Pengungkapan Informasi Elektronik dapat berbeda-beda sesuai dengan undang-undang dan peraturan yang berlaku.,전자공시제도,전자공시제도,True,금융법규·감독,,1.0,1.0,1.0,0,,20,전자공시제도
KO-FIN-02997,전자매매확인이 무엇을 의미하나요?,Apa arti Konfirmasi Transaksi Elektronik?,전자매매확인,전자매매확인,True,금융시장·거래,,1.0,1.0,1.0,0,,0,
KO-FIN-03002,전자자금이체제도를 이용하려면 어떻게 해야 하나요?,Bagaimana cara menggunakan Sistem Transfer Dana Elektronik?,전자자금이체제도,전자자금이체제도,True,이체,지급결제·청산,1.0,1.0,1.0,0,,20,전자자금이체제도
KO-FIN-03005,전자증권이 무엇인지 설명해 주세요.,Tolong jelaskan apa itu Surat berharga elektronik.,전자증권,전자증권,True,증권·예탁,,1.0,1.0,1.0,0,,0,
KO-FIN-03010,전환사채의 조건과 수익 구조를 확인하고 싶습니다.,Saya ingin mengetahui syarat dan struktur keuntungan dari Obligasi Konversi.,전환사채,전환사채,True,채권,,1.0,1.0,1.0,0,,40,전환사채
KO-FIN-03014,전환신주이자와 관련된 정보를 확인하고 싶습니다.,Saya ingin memeriksa informasi terkait Saham konversi dan.,전환신주이자,전환신주이자,True,주식,채권,1.0,1.0,1.0,0,,20,전환신주이자
KO-FIN-03017,전환주식이 무엇인지 설명해 주세요.,Tolong jelaskan apa itu Saham Konversi.,전환주식,전환주식,True,주식,,1.0,1.0,1.0,0,,20,전환주식
KO-FIN-03021,전환청구권이 무엇인지 설명해 주세요.,Tolong jelaskan apa itu Hak konversi.,전환청구권,전환청구권,True,증권·예탁,,1.0,1.0,1.0,0,,40,전환청구권
KO-FIN-03026,점두매매와 관련된 시장 정보를 확인하고 싶습니다.,Saya ingin memeriksa informasi pasar terkait Penjualan langsung di toko.,점두매매,점두매매,True,금융시장·거래,,1.0,1.0,1.0,0,,40,점두매매
KO-FIN-03032,점유의 적용 여부는 계약 내용과 관련 법령을 확인해야 합니다.,"Untuk mengetahui apakah Penguasaan berlaku, perlu memeriksa isi Kontrak dan peraturan perundang-undangan yang terkait.",점유;계약,점유,True,법률·계약,주식,1.0,1.0,1.0,0,,70,점유;계약
KO-FIN-03033,점유개정형 repo이 무엇인지 설명해 주세요.,Tolong jelaskan apa itu Repo dengan perubahan kepemilikan.,점유개정형 repo,점유개정형 repo,True,증권·예탁,금융시장·거래,1.0,1.0,1.0,0,,40,점유개정형 repo
KO-FIN-03037,정시상환이 무엇인지 설명해 주세요.,Tolong jelaskan apa itu Pembayaran Tepat Waktu.,정시상환,정시상환,True,채권,,1.0,1.0,1.0,0,,40,정시상환
KO-FIN-03042,정크본드의 조건과 수익 구조를 확인하고 싶습니다.,Saya ingin mengetahui ketentuan dan struktur pendapatan Obligasi sampah.,정크본드,정크본드,True,채권,,1.0,1.0,1.0,0,,40,정크본드
KO-FIN-03045,제3시장이 무엇을 의미하나요?,Apa arti Pasar Ketiga?,제3시장,제3시장,True,금융시장·거래,,1.0,1.0,1.0,0,,0,
KO-FIN-03049,제4시장이 무엇을 의미하나요?,Apa arti Pasar ke-4?,제4시장,제4시장,True,금융시장·거래,,1.0,1.0,1.0,0,,0,
KO-FIN-03053,제권판결이 금융거래에서 무엇을 의미하나요?,Apa arti Putusan Pengadilan dalam transaksi keuangan ini?,제권판결,제권판결,True,법률·계약,증권·예탁,1.0,1.0,1.0,0,,20,제권판결
KO-FIN-03060,제로베타 포트폴리오의 결과는 사용한 가정과 시장 데이터에 따라 달라질 수 있습니다.,Hasil Portofolio ZeroBeta dapat bervariasi tergantung pada asumsi dan data pasar yang digunakan.,제로베타 포트폴리오,제로베타 포트폴리오,True,금융공학·분석,자산운용·투자,1.0,1.0,1.0,0,,0,
KO-FIN-03062,제로쿠폰채의 조건과 수익 구조를 확인하고 싶습니다.,Saya ingin mengetahui syarat dan struktur keuntungan dari Obligasi tanpa kupon.,제로쿠폰채,제로쿠폰채,True,채권,,1.0,1.0,1.0,0,,20,제로쿠폰채
KO-FIN-03066,조건부보관계좌는 어디에서 확인할 수 있나요?,Di mana saya bisa menemukan Rekening Tabungan Bersyarat?,조건부보관계좌,조건부보관계좌,True,계좌,대출,1.0,1.0,1.0,0,,0,
KO-FIN-03070,종업원지주제도와 관련된 정보를 확인하고 싶습니다.,Saya ingin memeriksa informasi yang berkaitan dengan Sistem Kepemilikan Saham Karyawan.,종업원지주제도,종업원지주제도,True,주식,,1.0,1.0,1.0,0,,40,종업원지주제도
KO-FIN-03075,종합주가지수와 관련해 투자 전에 확인해야 할 사항이 있나요?,Apakah ada hal-hal yang perlu diperiksa sebelum berinvestasi terkait Indeks Saham Gabungan?,종합주가지수,종합주가지수,True,주식,금융시장·거래,1.0,1.0,1.0,0,,0,
KO-FIN-03077,주가수익비율이 무엇인지 설명해 주세요.,Tolong jelaskan apa itu Rasio Harga terhadap Laba.,주가수익비율,주가수익비율,True,주식,,1.0,1.0,1.0,0,,0,
KO-FIN-03081,주가이동평균선이 무엇인지 설명해 주세요.,Tolong jelaskan apa itu Garis rata-rata pergerakan harga saham.,주가이동평균선,주가이동평균선,True,주식,,1.0,1.0,1.0,0,,20,주가이동평균선
KO-FIN-03087,주가지수와 관련해 투자 전에 확인해야 할 사항이 있나요?,Apakah ada hal-hal yang perlu diperiksa sebelum berinvestasi terkait Indeks Saham?,주가지수,주가지수,True,주식,,1.0,1.0,1.0,0,,0,
KO-FIN-03090,주가지수선물거래와 관련된 시장 정보를 확인하고 싶습니다.,Saya ingin memeriksa informasi pasar terkait Perdagangan Kontrak Berjangka Indeks Saham.,주가지수선물거래,주가지수선물거래,True,금융시장·거래,주식 / 파생상품,1.0,1.0,1.0,0,,0,
KO-FIN-03093,주가평균이 무엇인지 설명해 주세요.,Tolong jelaskan apa itu Indeks Harga Saham Rata-rata.,주가평균,주가평균,True,주식,,1.0,1.0,1.0,0,,40,주가평균
KO-FIN-03100,주간사회사의 세부 조건과 절차는 거래 유형에 따라 달라질 수 있습니다.,Ketentuan dan prosedur terperinci mengenai Sejarah Sosial Mingguan dapat berbeda-beda tergantung pada jenis transaksinya.,주간사회사,주간사회사,True,기업금융·자본조달,증권·예탁,1.0,1.0,1.0,0,,0,
KO-FIN-03101,주권이 무엇인지 설명해 주세요.,Tolong jelaskan apa itu Kedaulatan.,주권,주권,True,주식,,1.0,1.0,1.0,0,,30,주권
KO-FIN-03106,주권계속예탁제도 처리 절차를 확인하고 싶습니다.,Saya ingin mengetahui prosedur penanganan Sistem Penitipan Saham Berkelanjutan.,주권계속예탁제도,주권계속예탁제도,True,증권·예탁,주식,1.0,1.0,1.0,0,,40,주권계속예탁제도
KO-FIN-03111,주권기번호와 관련해 투자 전에 확인해야 할 사항이 있나요?,Apakah ada hal-hal yang perlu diperiksa sebelum berinvestasi terkait Nomor Bendera Kedaulatan?,주권기번호,주권기번호,True,주식,증권·예탁,1.0,1.0,1.0,0,,0,
KO-FIN-03115,주권불소지와 관련해 투자 전에 확인해야 할 사항이 있나요?,Apakah ada hal-hal yang perlu diperiksa sebelum berinvestasi terkait Tidak memiliki kedaulatan?,주권불소지,주권불소지,True,주식,,1.0,1.0,1.0,0,,40,주권불소지
KO-FIN-03117,주권수령증이 무엇인지 설명해 주세요.,Tolong jelaskan apa itu Tanda Terima Kewenangan.,주권수령증,주권수령증,True,주식,,1.0,1.0,1.0,0,,40,주권수령증
KO-FIN-03122,주당 순자산가치의 조건과 수익 구조를 확인하고 싶습니다.,Saya ingin mengetahui syarat dan struktur pendapatan Nilai aset bersih per saham.,주당 순자산가치,주당 순자산가치,True,채권,,1.0,1.0,1.0,0,,0,
KO-FIN-03125,주당순이익이 무엇인지 설명해 주세요.,Tolong jelaskan apa itu Laba Bersih per Saham.,주당순이익,주당순이익,True,주식,,1.0,1.0,1.0,0,,0,
KO-FIN-03129,주당순자산비율이 무엇인지 설명해 주세요.,Tolong jelaskan apa itu Rasio Nilai Aktiva Bersih per Saham.,주당순자산비율,주당순자산비율,True,주식,,1.0,1.0,1.0,0,,0,
KO-FIN-03133,주식매수청구권이 무엇인지 설명해 주세요.,Tolong jelaskan apa itu Hak untuk meminta pembelian saham.,주식매수청구권,주식매수청구권,True,주식,금융시장·거래,1.0,1.0,1.0,0,,20,주식매수청구권
KO-FIN-03137,주식발행차액이 무엇인지 설명해 주세요.,Tolong jelaskan apa itu Selisih penerbitan saham.,주식발행차액,주식발행차액,True,주식,기업금융·자본조달,1.0,1.0,1.0,0,,0,
KO-FIN-03141,주식배당이 무엇인지 설명해 주세요.,Tolong jelaskan apa itu Dividen saham.,주식배당,주식배당,True,주식,,1.0,1.0,1.0,0,,0,
KO-FIN-03147,주식배당예고제와 관련해 투자 전에 확인해야 할 사항이 있나요?,Apakah ada hal-hal yang perlu diperiksa sebelum berinvestasi terkait Sistem Pemberitahuan Dividen Saham?,주식배당예고제,주식배당예고제,True,주식,,1.0,1.0,1.0,0,,20,주식배당예고제
KO-FIN-03149,주식병합이 무엇인지 설명해 주세요.,Tolong jelaskan apa itu Penggabungan Saham.,주식병합,주식병합,True,주식,금융시장·거래,1.0,1.0,1.0,0,,0,
KO-FIN-03153,주식분할이 무엇인지 설명해 주세요.,Tolong jelaskan apa itu Pemecahan Saham.,주식분할,주식분할,True,주식,,1.0,1.0,1.0,0,,0,
KO-FIN-03157,주식소각이 무엇인지 설명해 주세요.,Tolong jelaskan apa itu Penarikan saham.,주식소각,주식소각,True,주식,,1.0,1.0,1.0,0,,20,주식소각
KO-FIN-03161,주식스왑이 무엇인지 쉽게 설명해 주세요.,Tolong jelaskan dengan sederhana apa itu Pertukaran saham.,주식스왑,주식스왑,True,파생상품,주식 / 자산운용·투자,1.0,1.0,1.0,0,,20,주식스왑
KO-FIN-03167,주식의 공유와 관련해 투자 전에 확인해야 할 사항이 있나요?,Apakah ada hal-hal yang perlu diperiksa sebelum berinvestasi terkait Pembagian Saham?,주식의 공유,주식의 공유,True,주식,,1.0,1.0,1.0,0,,0,
KO-FIN-03169,주식청약이 무엇인지 설명해 주세요.,Tolong jelaskan apa itu Pemesanan Saham.,주식청약,주식청약,True,주식,,1.0,1.0,1.0,0,,20,주식청약
KO-FIN-03175,주식형투자신탁에 가입하기 전에 어떤 점을 확인해야 하나요?,Apa saja yang perlu diperiksa sebelum mendaftar ke Reksa Dana Saham?,주식형투자신탁,주식형투자신탁,True,펀드·신탁,자산운용·투자 / 주식,1.0,1.0,1.0,0,,20,주식형투자신탁
KO-FIN-03178,주주와 관련된 정보를 확인하고 싶습니다.,Saya ingin memeriksa informasi terkait Pemegang saham.,주주,주주,True,주식,,1.0,1.0,1.0,0,,30,주주
KO-FIN-03181,주주권이 무엇인지 설명해 주세요.,Tolong jelaskan apa itu Hak pemegang saham.,주주권,주주권,True,주식,,1.0,1.0,1.0,0,,0,
KO-FIN-03187,주주명부와 관련해 투자 전에 확인해야 할 사항이 있나요?,Apakah ada hal-hal yang perlu diperiksa sebelum berinvestasi terkait Daftar Pemegang Saham?,주주명부,주주명부,True,주식,법률·계약,1.0,1.0,1.0,0,,20,주주명부
KO-FIN-03191,주주명부폐쇄와 관련해 투자 전에 확인해야 할 사항이 있나요?,Apakah ada hal-hal yang perlu diperiksa sebelum berinvestasi terkait Penutupan Daftar Pemegang Saham?,주주명부폐쇄,주주명부폐쇄,True,주식,채권,1.0,1.0,1.0,0,,0,
KO-FIN-03193,주주명부폐쇄기간이 무엇인지 설명해 주세요.,Tolong jelaskan apa itu Periode Penutupan Daftar Pemegang Saham.,주주명부폐쇄기간,주주명부폐쇄기간,True,주식,채권,1.0,1.0,1.0,0,,20,주주명부폐쇄기간
KO-FIN-03197,주주명부폐쇄기준일이 무엇인지 설명해 주세요.,Tolong jelaskan apa itu Tanggal Penutupan Daftar Pemegang Saham.,주주명부폐쇄기준일,주주명부폐쇄기준일,True,주식,증권·예탁,1.0,1.0,1.0,0,,40,주주명부폐쇄기준일
KO-FIN-03202,주주제안제도와 관련된 정보를 확인하고 싶습니다.,Saya ingin memeriksa informasi yang berkaitan dengan Sistem Usulan Pemegang Saham.,주주제안제도,주주제안제도,True,주식,,1.0,1.0,1.0,0,,0,
KO-FIN-03205,주주총회 참석장이 무엇인지 설명해 주세요.,Tolong jelaskan apa itu Surat Undangan Rapat Umum Pemegang Saham.,주주총회 참석장,주주총회 참석장,True,주식,,1.0,1.0,1.0,0,,0,
KO-FIN-03211,주주총회와 관련해 투자 전에 확인해야 할 사항이 있나요?,Apakah ada hal-hal yang perlu diperiksa sebelum berinvestasi terkait Rapat Umum Pemegang Saham?,주주총회,주주총회,True,주식,금융법규·감독 / 회계·재무,1.0,1.0,1.0,0,,0,
KO-FIN-03213,주주평등의 원칙이 무엇인지 설명해 주세요.,Tolong jelaskan apa itu Prinsip Kesetaraan Pemegang Saham.,주주평등의 원칙,주주평등의 원칙,True,주식,,1.0,1.0,1.0,0,,0,
KO-FIN-03218,준공유 처리 절차를 확인하고 싶습니다.,Saya ingin mengetahui prosedur penanganan Semi-publik.,준공유,준공유,True,증권·예탁,법률·계약 / 금융법규·감독 / 주식,1.0,1.0,1.0,0,,20,준공유
KO-FIN-03221,준비금의 자본전입이 무엇인지 설명해 주세요.,Tolong jelaskan apa itu Pengalihan cadangan ke modal.,준비금의 자본전입,준비금의 자본전입,True,주식,,1.0,1.0,1.0,0,,20,준비금의 자본전입
KO-FIN-03228,준점유의 적용 여부는 계약 내용과 관련 법령을 확인해야 합니다.,"Untuk mengetahui apakah Penguasaan sebagian berlaku, perlu memeriksa isi Kontrak dan peraturan perundang-undangan yang terkait.",준점유;계약,준점유,True,법률·계약,예금상품,1.0,1.0,1.0,0,,40,준점유;계약
KO-FIN-03229,준회원이 무엇을 의미하나요?,Apa arti Anggota Asosiasi?,준회원,준회원,True,금융시장·거래,,1.0,1.0,1.0,0,,0,
KO-FIN-03234,중·동유럽 중앙예탁기관협의회 처리 절차를 확인하고 싶습니다.,Saya ingin mengetahui prosedur penanganan Asosiasi Lembaga Penyimpanan Sekuritas Eropa Tengah dan Timur.,중·동유럽 중앙예탁기관협의회,중·동유럽 중앙예탁기관협의회,True,증권·예탁,,1.0,1.0,1.0,0,,20,중·동유럽 중앙예탁기관협의회
KO-FIN-03237,중간배당이 무엇인지 설명해 주세요.,Tolong jelaskan apa itu Pembagian dividen interim.,중간배당,중간배당,True,주식,,1.0,1.0,1.0,0,,0,
KO-FIN-03244,중개회사를 확인할 때 시장 상황과 거래 조건을 함께 살펴보세요.,"Saat memeriksa Perusahaan perantara, perhatikan juga kondisi pasar dan ketentuan perdagangan.",중개회사,중개회사,True,금융시장·거래,증권·예탁,1.0,1.0,1.0,0,,0,
KO-FIN-03245,증거금이 무엇인지 쉽게 설명해 주세요.,Tolong jelaskan dengan sederhana apa itu Uang jaminan.,증거금,증거금,True,파생상품,,1.0,1.0,1.0,0,,0,
KO-FIN-03249,증거증권이 무엇인지 설명해 주세요.,Tolong jelaskan apa itu Surat berharga.,증거증권,증거증권,True,증권·예탁,,1.0,1.0,1.0,0,,40,증거증권
KO-FIN-03254,증권·대금 동시결제 처리 절차를 확인하고 싶습니다.,Saya ingin mengetahui prosedur penanganan Penyelesaian Sekuritas dan Pembayaran Secara Bersamaan.,증권·대금 동시결제,증권·대금 동시결제,True,증권·예탁,지급결제·청산,1.0,1.0,1.0,0,,20,증권·대금 동시결제
KO-FIN-03257,증권거래법이 무엇인지 설명해 주세요.,Tolong jelaskan apa itu Undang-Undang Pasar Modal.,증권거래법,증권거래법,True,증권·예탁,금융시장·거래,1.0,1.0,1.0,0,,40,증권거래법
KO-FIN-03262,증권거래세와 관련된 시장 정보를 확인하고 싶습니다.,Saya ingin memeriksa informasi pasar terkait Pajak Transaksi Sekuritas.,증권거래세,증권거래세,True,금융시장·거래,증권·예탁,1.0,1.0,1.0,0,,0,
KO-FIN-03265,증권거래준비금이 무엇인지 설명해 주세요.,Tolong jelaskan apa itu Cadangan untuk Transaksi Sekuritas.,증권거래준비금,증권거래준비금,True,증권·예탁,금융시장·거래,1.0,1.0,1.0,0,,0,
KO-FIN-03269,증권공동 온라인시스템이 무엇인지 설명해 주세요.,Tolong jelaskan apa itu Sistem Online Bersama untuk Sekuritas.,증권공동 온라인시스템,증권공동 온라인시스템,True,증권·예탁,자산운용·투자,1.0,1.0,1.0,0,,0,
KO-FIN-03273,증권금융이 무엇인지 설명해 주세요.,Tolong jelaskan apa itu Pembiayaan Sekuritas.,증권금융,증권금융,True,증권·예탁,대출 / 금융시장·거래,1.0,1.0,1.0,0,,0,
KO-FIN-03277,증권담보금융이 무엇인지 설명해 주세요.,Tolong jelaskan apa itu Pembiayaan dengan Jaminan Efek.,증권담보금융,증권담보금융,True,증권·예탁,자산운용·투자,1.0,1.0,1.0,0,,20,증권담보금융
KO-FIN-03282,증권대위 처리 절차를 확인하고 싶습니다.,Saya ingin mengetahui prosedur penanganan Subrogasi sekuritas.,증권대위,증권대위,True,증권·예탁,법률·계약 / 자산운용·투자,1.0,1.0,1.0,0,,0,
KO-FIN-03286,증권대차제도 처리 절차를 확인하고 싶습니다.,Saya ingin mengetahui prosedur penanganan Sistem Pinjaman Sekuritas.,증권대차제도,증권대차제도,True,증권·예탁,,1.0,1.0,1.0,0,,20,증권대차제도
KO-FIN-03290,증권대행업무 처리 절차를 확인하고 싶습니다.,Saya ingin mengetahui prosedur penanganan Layanan Agen Sekuritas.,증권대행업무,증권대행업무,True,증권·예탁,,1.0,1.0,1.0,0,,20,증권대행업무
KO-FIN-03294,증권분석사 처리 절차를 확인하고 싶습니다.,Saya ingin mengetahui prosedur penanganan Analis Sekuritas.,증권분석사,증권분석사,True,증권·예탁,자산운용·투자,1.0,1.0,1.0,0,,0,
KO-FIN-03298,증권선물위원회 처리 절차를 확인하고 싶습니다.,Saya ingin mengetahui prosedur penanganan Komisi Sekuritas dan Berjangka.,증권선물위원회,증권선물위원회,True,증권·예탁,파생상품 / 금융법규·감독,1.0,1.0,1.0,0,,0,
KO-FIN-03301,증권시장이 무엇을 의미하나요?,Apa arti Pasar Sekuritas?,증권시장,증권시장,True,금융시장·거래,증권·예탁 / 자산운용·투자,1.0,1.0,1.0,0,,0,
KO-FIN-03305,증권시장선이 무엇인지 설명해 주세요.,Tolong jelaskan apa itu Di pasar sekuritas.,증권시장선,증권시장선,True,증권·예탁,금융시장·거래 / 자산운용·투자,1.0,1.0,1.0,0,,0,
KO-FIN-03309,증권예탁원이 무엇인지 설명해 주세요.,Tolong jelaskan apa itu Lembaga Penyimpanan Efek.,증권예탁원,증권예탁원,True,증권·예탁,,1.0,1.0,1.0,0,,20,증권예탁원
KO-FIN-03314,증권용지 관리번호 처리 절차를 확인하고 싶습니다.,Saya ingin mengetahui prosedur penanganan Nomor Pengelolaan Kertas Sekuritas.,증권용지 관리번호,증권용지 관리번호,True,증권·예탁,,1.0,1.0,1.0,0,,0,
KO-FIN-03317,증권유통금융이 무엇인지 설명해 주세요.,Tolong jelaskan apa itu Perdagangan Sekuritas dan Keuangan.,증권유통금융,증권유통금융,True,증권·예탁,대출 / 지급결제·청산 / 금융시장·거래 / 주식,1.0,1.0,1.0,0,,0,
KO-FIN-03321,증권인수금융이 무엇인지 설명해 주세요.,Tolong jelaskan apa itu Pembiayaan Penjaminan Emisi Efek.,증권인수금융,증권인수금융,True,증권·예탁,기업금융·자본조달 / 주식,1.0,1.0,1.0,0,,40,증권인수금융
KO-FIN-03326,증권자본주의 처리 절차를 확인하고 싶습니다.,Saya ingin mengetahui prosedur penanganan Kapitalisme Sekuritas.,증권자본주의,증권자본주의,True,증권·예탁,,1.0,1.0,1.0,0,,0,
KO-FIN-03331,증권투자신탁에 가입하기 전에 어떤 점을 확인해야 하나요?,Apa saja yang perlu diperiksa sebelum mendaftar ke Reksa Dana Investasi Sekuritas?,증권투자신탁,증권투자신탁,True,펀드·신탁,증권·예탁 / 자산운용·투자,1.0,1.0,1.0,0,,0,
KO-FIN-03333,증권특성선이 무엇인지 설명해 주세요.,Tolong jelaskan apa itu Garis Karakteristik Sekuritas.,증권특성선,증권특성선,True,증권·예탁,,1.0,1.0,1.0,0,,0,
KO-FIN-03337,증권화 현상이 무엇인지 설명해 주세요.,Tolong jelaskan apa itu Fenomena sekuritisasi.,증권화 현상,증권화 현상,True,증권·예탁,,1.0,1.0,1.0,0,,0,
KO-FIN-03343,증권회사 역외펀드에 가입하기 전에 어떤 점을 확인해야 하나요?,Apa saja yang perlu diperiksa sebelum mendaftar ke Dana luar negeri perusahaan sekuritas?,증권회사 역외펀드,증권회사 역외펀드,True,펀드·신탁,증권·예탁 / 국제금융,1.0,1.0,1.0,0,,0,
KO-FIN-03346,증자와 관련된 정보를 확인하고 싶습니다.,Saya ingin memeriksa informasi terkait Penambahan modal.,증자,증자,True,주식,,1.0,1.0,1.0,0,,70,증자
KO-FIN-03350,지방채의 적용 기준을 알려주세요.,Tolong jelaskan kriteria penerapan Obligasi daerah.,지방채,지방채,True,세금,,1.0,1.0,1.0,0,,0,
KO-FIN-03352,지방채의 적용 여부는 거래 유형과 세법에 따라 달라질 수 있습니다.,Penerapan Obligasi daerah dapat bervariasi tergantung pada jenis transaksi dan undang-undang perpajakan.,지방채,지방채,True,세금,,1.0,1.0,1.0,0,,0,
KO-FIN-03354,지배주주와 관련된 정보를 확인하고 싶습니다.,Saya ingin memeriksa informasi terkait Pemegang saham pengendali.,지배주주,지배주주,True,주식,,1.0,1.0,1.0,0,,0,
KO-FIN-03357,지분권이 무엇인지 설명해 주세요.,Tolong jelaskan apa itu Hak kepemilikan saham.,지분권,지분권,True,증권·예탁,법률·계약,1.0,1.0,1.0,0,,40,지분권
KO-FIN-03361,지분법이 무엇인지 설명해 주세요.,Tolong jelaskan apa itu Metode ekuitas.,지분법,지분법,True,주식,,1.0,1.0,1.0,0,,40,지분법
KO-FIN-03367,지수법과 관련된 내용을 확인하고 싶습니다.,Saya ingin memeriksa informasi yang berkaitan dengan Metode Indeks.,지수법,지수법,True,기타 금융일반,,1.0,1.0,1.0,0,,40,지수법
KO-FIN-03368,지수법의 정확한 의미는 해당 금융거래의 맥락과 함께 확인해야 합니다.,Arti yang tepat dari Metode Indeks harus dipahami dalam konteks transaksi keuangan yang bersangkutan.,지수법,지수법,True,기타 금융일반,,1.0,1.0,1.0,0,,40,지수법
KO-FIN-03369,지시증권이 무엇인지 설명해 주세요.,Tolong jelaskan apa itu Surat Perintah.,지시증권,지시증권,True,증권·예탁,금융법규·감독,1.0,1.0,1.0,0,,40,지시증권
KO-FIN-03373,지정가주문이 무엇을 의미하나요?,Apa arti Pesanan dengan Harga Tertentu?,지정가주문,지정가주문,True,금융시장·거래,,1.0,1.0,1.0,0,,0,
KO-FIN-03379,지정시점결제시스템 과정에서 문제가 발생한 것 같습니다.,Tampaknya terjadi masalah dalam proses Sistem Pembayaran pada Waktu yang Ditentukan.,지정시점결제시스템,지정시점결제시스템,True,지급결제·청산,,1.0,1.0,1.0,0,,20,지정시점결제시스템
KO-FIN-03382,지주회사와 관련된 정보를 확인하고 싶습니다.,Saya ingin memeriksa informasi terkait Perusahaan induk.,지주회사,지주회사,True,주식,,1.0,1.0,1.0,0,,0,
KO-FIN-03385,지체보상금이 무엇인지 설명해 주세요.,Tolong jelaskan apa itu Ganti rugi keterlambatan.,지체보상금,지체보상금,True,증권·예탁,,1.0,1.0,1.0,0,,20,지체보상금
KO-FIN-03389,직상장이 무엇을 의미하나요?,Apa arti Penawaran Umum Perdana Langsung?,직상장,직상장,True,금융시장·거래,,1.0,1.0,1.0,0,,40,직상장
KO-FIN-03395,직접공시 때문에 추가로 확인해야 할 사항이 있나요?,Apakah ada hal lain yang perlu diperiksa terkait Pengumuman Langsung?,직접공시,직접공시,True,금융법규·감독,금융시장·거래,1.0,1.0,1.0,0,,20,직접공시
KO-FIN-03396,직접공시의 적용 범위는 관련 법령과 규정에 따라 달라질 수 있습니다.,Ruang lingkup penerapan Pengumuman Langsung dapat berbeda-beda sesuai dengan undang-undang dan peraturan yang berlaku.,직접공시,직접공시,True,금융법규·감독,금융시장·거래,1.0,1.0,1.0,0,,20,직접공시
KO-FIN-03399,직접금융과 관련된 투자 정보를 확인하고 싶습니다.,Saya ingin memeriksa informasi investasi terkait Pembiayaan langsung.,직접금융,직접금융,True,자산운용·투자,,1.0,1.0,1.0,0,,0,
KO-FIN-03402,직접발행을 이용하려면 어떤 조건이 필요한가요?,Apa saja syarat yang diperlukan untuk menggunakan Penerbitan Langsung?,직접발행,직접발행,True,기업금융·자본조달,증권·예탁,1.0,1.0,1.0,0,,20,직접발행
KO-FIN-03403,직접발행과 관련된 비용과 절차를 확인하고 싶습니다.,Saya ingin mengetahui biaya dan prosedur yang terkait dengan Penerbitan Langsung.,직접발행,직접발행,True,기업금융·자본조달,증권·예탁,1.0,1.0,1.0,0,,20,직접발행
KO-FIN-03406,직접점유 처리 절차를 확인하고 싶습니다.,Saya ingin mengetahui prosedur penanganan Penguasaan langsung.,직접점유,직접점유,True,증권·예탁,,1.0,1.0,1.0,0,,20,직접점유
KO-FIN-03412,직접참가자를 확인할 때 시장 상황과 거래 조건을 함께 살펴보세요.,"Saat memeriksa Peserta langsung, perhatikan juga kondisi pasar dan ketentuan perdagangan.",직접참가자,직접참가자,True,금융시장·거래,,1.0,1.0,1.0,0,,0,
KO-FIN-03413,직접청약이 무엇인지 설명해 주세요.,Tolong jelaskan apa itu Pendaftaran Langsung.,직접청약,직접청약,True,주식,증권·예탁,1.0,1.0,1.0,0,,20,직접청약
KO-FIN-03419,직접투자와 관련된 투자 정보를 확인하고 싶습니다.,Saya ingin memeriksa informasi investasi terkait Investasi Langsung.,직접투자,직접투자,True,자산운용·투자,,1.0,1.0,1.0,0,,0,
KO-FIN-03421,질권이 금융거래에서 무엇을 의미하나요?,Apa arti Hak gadai dalam transaksi keuangan ini?,질권,질권,True,법률·계약,주식 / 채권,1.0,1.0,1.0,0,,50,질권
KO-FIN-03428,질권설정자의 적용 여부는 계약 내용과 관련 법령을 확인해야 합니다.,"Untuk mengetahui apakah Pemberi Hak Gadai berlaku, perlu memeriksa isi Kontrak serta peraturan perundang-undangan yang terkait.",질권설정자;계약,질권설정자,True,법률·계약,,1.0,1.0,1.0,0,,40,질권설정자;계약
KO-FIN-03432,질권자의 적용 여부는 계약 내용과 관련 법령을 확인해야 합니다.,"Untuk mengetahui apakah penerima hak gadai berlaku, perlu memeriksa isi Kontrak serta peraturan perundang-undangan yang terkait.",질권자;계약,질권자,True,법률·계약,,1.0,1.0,1.0,0,,30,계약
KO-FIN-03434,집단경쟁매매와 관련된 시장 정보를 확인하고 싶습니다.,Saya ingin memeriksa informasi pasar terkait Transaksi Kompetitif Kelompok.,집단경쟁매매,집단경쟁매매,True,금융시장·거래,,1.0,1.0,1.0,0,,40,집단경쟁매매
KO-FIN-03439,집중결제 과정에서 문제가 발생한 것 같습니다.,Tampaknya terjadi masalah dalam proses Pembayaran Terpusat.,집중결제,집중결제,True,지급결제·청산,,1.0,1.0,1.0,0,,0,
KO-FIN-03441,집중예탁이 무엇인지 설명해 주세요.,Tolong jelaskan apa itu Penitipan Terpusat.,집중예탁,집중예탁,True,증권·예탁,,1.0,1.0,1.0,0,,40,집중예탁
KO-FIN-03445,차감이 무엇인지 설명해 주세요.,Tolong jelaskan apa itu Pengurangan.,차감,차감,True,지급결제·청산,,1.0,1.0,1.0,0,,30,차감
KO-FIN-03451,차감결제 과정에서 문제가 발생한 것 같습니다.,Tampaknya terjadi masalah dalam proses Pembayaran dengan potongan.,차감결제,차감결제,True,지급결제·청산,금융시장·거래,1.0,1.0,1.0,0,,40,차감결제
KO-FIN-03455,차금결제 과정에서 문제가 발생한 것 같습니다.,Tampaknya terjadi masalah dalam proses Pembayaran selisih.,차금결제,차금결제,True,지급결제·청산,금융시장·거래,1.0,1.0,1.0,0,,40,차금결제
KO-FIN-03457,차등배당이 무엇인지 설명해 주세요.,Tolong jelaskan apa itu Pembagian Dividen Berbeda.,차등배당,차등배당,True,주식,,1.0,1.0,1.0,0,,40,차등배당
KO-FIN-03462,차변 대변을 통해 어떤 정보를 확인할 수 있나요?,Informasi apa saja yang dapat saya periksa melalui Debit Kredit?,차변 대변,차변 대변,True,회계·재무,,1.0,1.0,1.0,0,,40,차변 대변
KO-FIN-03464,차변 대변은 기준 시점과 작성 기준을 함께 확인해야 합니다.,Debit Kredit harus diperiksa dengan memperhatikan titik waktu acuan dan kriteria penyusunan.,차변 대변,차변 대변,True,회계·재무,,1.0,1.0,1.0,0,,40,차변 대변
KO-FIN-03466,차변이체 또는 추심시스템을 이용하려면 어떻게 해야 하나요?,Bagaimana cara menggunakan Sistem debitur atau sistem penagihan?,차변이체 또는 추심시스템,차변이체 또는 추심시스템,True,이체,,1.0,1.0,1.0,0,,0,
KO-FIN-03468,차변이체 또는 추심시스템을 진행하기 전에 입력한 정보를 다시 확인해 주세요.,"Sebelum melanjutkan ke Sistem debitur atau sistem penagihan, harap periksa kembali informasi yang telah Anda masukkan.",차변이체 또는 추심시스템,차변이체 또는 추심시스템,True,이체,,1.0,1.0,1.0,0,,0,
KO-FIN-03470,차익거래와 관련된 시장 정보를 확인하고 싶습니다.,Saya ingin memeriksa informasi pasar terkait Arbitrase.,차익거래,차익거래,True,금융시장·거래,,1.0,1.0,1.0,0,,40,차익거래
KO-FIN-03475,차입매수에 대해 상담받고 싶습니다.,Saya ingin berkonsultasi mengenai Pembelian dengan Pinjaman.,차입매수,차입매수,True,대출,금융시장·거래,1.0,1.0,1.0,0,,40,차입매수
KO-FIN-03479,차주와 관련해 투자 전에 확인해야 할 사항이 있나요?,Apakah ada hal-hal yang perlu diperiksa terkait pemilik kendaraan sebelum berinvestasi?,차주,차주,True,주식,,1.0,1.0,1.0,0,,70,차주
KO-FIN-03481,차환이 무엇인지 설명해 주세요.,Tolong jelaskan apa itu Refinancing.,차환,차환,True,채권,,1.0,1.0,1.0,0,,70,차환
KO-FIN-03487,참가적우선주와 관련해 투자 전에 확인해야 할 사항이 있나요?,Apakah ada hal-hal yang perlu diperiksa sebelum berinvestasi terkait Saham Preferen Partisipatif?,참가적우선주,참가적우선주,True,주식,,1.0,1.0,1.0,0,,20,참가적우선주
KO-FIN-03489,창고증권이 무엇인지 설명해 주세요.,Tolong jelaskan apa itu Surat berharga gudang.,창고증권,창고증권,True,증권·예탁,,1.0,1.0,1.0,0,,40,창고증권
KO-FIN-03495,창립총회와 관련해 투자 전에 확인해야 할 사항이 있나요?,Apakah ada hal-hal yang perlu diperiksa sebelum berinvestasi terkait Rapat Umum Pendirian?,창립총회,창립총회,True,주식,금융법규·감독,1.0,1.0,1.0,0,,0,
KO-FIN-03499,창업비와 관련해 투자 전에 확인해야 할 사항이 있나요?,Apakah ada hal-hal yang perlu diperiksa sebelum berinvestasi terkait Biaya pendirian usaha?,창업비,창업비,True,주식,,1.0,1.0,1.0,0,,0,
KO-FIN-03501,채권이 무엇인지 설명해 주세요.,Tolong jelaskan apa itu Obligasi.,채권,채권,True,채권,자산운용·투자,1.0,1.0,1.0,0,,30,채권
KO-FIN-03506,채권가격지수의 조건과 수익 구조를 확인하고 싶습니다.,Saya ingin mengetahui ketentuan dan struktur pendapatan Indeks Harga Obligasi.,채권가격지수,채권가격지수,True,채권,금융시장·거래,1.0,1.0,1.0,0,,0,
KO-FIN-03510,채권등급평가의 조건과 수익 구조를 확인하고 싶습니다.,Saya ingin mengetahui ketentuan dan struktur pendapatan Penilaian Peringkat Obligasi.,채권등급평가,채권등급평가,True,채권,자산운용·투자,1.0,1.0,1.0,0,,0,
KO-FIN-03514,채권딜러제도의 조건과 수익 구조를 확인하고 싶습니다.,Saya ingin mengetahui ketentuan dan struktur keuntungan dari Sistem Pedagang Obligasi.,채권딜러제도,채권딜러제도,True,채권,금융시장·거래 / 자산운용·투자,1.0,1.0,1.0,0,,40,채권딜러제도
KO-FIN-03517,채권면역전략이 무엇인지 설명해 주세요.,Tolong jelaskan apa itu Strategi Imunitas Obligasi.,채권면역전략,채권면역전략,True,채권,자산운용·투자,1.0,1.0,1.0,0,,0,
KO-FIN-03521,채권상장심사기준이 무엇인지 설명해 주세요.,Tolong jelaskan apa itu Kriteria Penilaian Pencatatan Obligasi.,채권상장심사기준,채권상장심사기준,True,채권,금융시장·거래,1.0,1.0,1.0,0,,20,채권상장심사기준
KO-FIN-03525,채권상장폐지기준이 무엇을 의미하나요?,Apa arti Kriteria Pencabutan Pencatatan Obligasi?,채권상장폐지기준,채권상장폐지기준,True,금융시장·거래,채권,1.0,1.0,1.0,0,,40,채권상장폐지기준
KO-FIN-03530,채권선물거래와 관련된 시장 정보를 확인하고 싶습니다.,Saya ingin memeriksa informasi pasar terkait Perdagangan Kontrak Berjangka Obligasi.,채권선물거래,채권선물거래,True,금융시장·거래,채권 / 파생상품,1.0,1.0,1.0,0,,0,
KO-FIN-03533,채권수익률이 무엇인지 설명해 주세요.,Tolong jelaskan apa itu Imbal hasil obligasi.,채권수익률,채권수익률,True,채권,,1.0,1.0,1.0,0,,20,채권수익률
KO-FIN-03538,채권수익률의 기간구조의 조건과 수익 구조를 확인하고 싶습니다.,Saya ingin mengetahui syarat dan struktur keuntungan dari Struktur Tenor Imbal Hasil Obligasi.,채권수익률의 기간구조,채권수익률의 기간구조,True,채권,,1.0,1.0,1.0,0,,0,
KO-FIN-03542,채권수익률의 위험구조의 조건과 수익 구조를 확인하고 싶습니다.,Saya ingin mengetahui syarat dan struktur keuntungan dari Struktur Risiko Imbal Hasil Obligasi.,채권수익률의 위험구조,채권수익률의 위험구조,True,채권,신용·리스크,1.0,1.0,1.0,0,,0,
KO-FIN-03546,채권시가평가제의 조건과 수익 구조를 확인하고 싶습니다.,Saya ingin mengetahui syarat dan struktur keuntungan dari Sistem Penilaian Nilai Pasar Obligasi.,채권시가평가제,채권시가평가제,True,채권,신용·리스크,1.0,1.0,1.0,0,,0,
KO-FIN-03549,채권시장안정기금이 무엇인지 설명해 주세요.,Tolong jelaskan apa itu Dana Stabilisasi Pasar Obligasi.,채권시장안정기금,채권시장안정기금,True,채권,금융시장·거래,1.0,1.0,1.0,0,,0,
KO-FIN-03554,채권양도의 조건과 수익 구조를 확인하고 싶습니다.,Saya ingin mengetahui syarat dan struktur keuntungan dari Pengalihan Hak Tagihan.,채권양도,채권양도,True,채권,법률·계약,1.0,1.0,1.0,0,,40,채권양도
KO-FIN-03557,채권원리금상환이 무엇인지 설명해 주세요.,Tolong jelaskan apa itu Pembayaran Pokok dan Bunga Obligasi.,채권원리금상환,채권원리금상환,True,채권,,1.0,1.0,1.0,0,,40,채권원리금상환
KO-FIN-03562,채무불이행이 금융거래에 어떤 영향을 주나요?,"Gagal bayar, apa dampaknya terhadap transaksi keuangan ini?",채무불이행,채무불이행,True,신용·리스크,,1.0,1.0,1.0,0,,40,채무불이행
KO-FIN-03564,채무불이행은 거래 조건이나 이용 가능 여부에 영향을 줄 수 있습니다.,Gagal bayar dapat memengaruhi ketentuan transaksi atau ketersediaannya.,채무불이행,채무불이행,True,신용·리스크,,1.0,1.0,1.0,0,,40,채무불이행
KO-FIN-03567,채무불이행위험을 줄이려면 어떤 점을 확인해야 하나요?,Apa saja yang perlu diperhatikan untuk mengurangi Risiko gagal bayar?,채무불이행위험,채무불이행위험,True,신용·리스크,,1.0,1.0,1.0,0,,40,채무불이행위험
KO-FIN-03568,채무불이행위험은 거래 조건이나 이용 가능 여부에 영향을 줄 수 있습니다.,Risiko gagal bayar dapat memengaruhi ketentuan transaksi atau ketersediaannya.,채무불이행위험,채무불이행위험,True,신용·리스크,,1.0,1.0,1.0,0,,40,채무불이행위험
KO-FIN-03569,책임재산이 무엇인지 설명해 주세요.,Tolong jelaskan apa itu Harta yang menjadi tanggung jawab.,책임재산,책임재산,True,채권,,1.0,1.0,1.0,0,,20,책임재산
KO-FIN-03575,청산 과정에서 문제가 발생한 것 같습니다.,Tampaknya terjadi masalah dalam proses Likuidasi.,청산,청산,True,지급결제·청산,금융시장·거래,1.0,1.0,1.0,0,,30,청산
KO-FIN-03578,청산거래와 관련된 시장 정보를 확인하고 싶습니다.,Saya ingin memeriksa informasi pasar terkait Transaksi penyelesaian.,청산거래,청산거래,True,금융시장·거래,지급결제·청산,1.0,1.0,1.0,0,,20,청산거래
KO-FIN-03583,청산결제시스템 과정에서 문제가 발생한 것 같습니다.,Tampaknya terjadi masalah dalam proses Sistem Penyelesaian dan Kliring.,청산결제시스템,청산결제시스템,True,지급결제·청산,,1.0,1.0,1.0,0,,0,
KO-FIN-03585,청산회사가 무엇인지 설명해 주세요.,Tolong jelaskan apa itu Perusahaan yang sedang dalam proses likuidasi.,청산회사,청산회사,True,지급결제·청산,금융시장·거래,1.0,1.0,1.0,0,,20,청산회사
KO-FIN-03589,청산회원이 무엇인지 설명해 주세요.,Tolong jelaskan apa itu Anggota yang telah dihapus.,청산회원,청산회원,True,지급결제·청산,,1.0,1.0,1.0,0,,40,청산회원
KO-FIN-03593,청약증거금이 무엇인지 쉽게 설명해 주세요.,Tolong jelaskan dengan sederhana apa itu Uang Jaminan Pendaftaran.,청약증거금,청약증거금,True,파생상품,증권·예탁,1.0,1.0,1.0,0,,20,청약증거금
KO-FIN-03597,체결시점매매확인 시스템이 무엇을 의미하나요?,Apa arti Sistem Verifikasi Transaksi pada Saat Penandatanganan?,체결시점매매확인 시스템,체결시점매매확인 시스템,True,금융시장·거래,,1.0,1.0,1.0,0,,0,
KO-FIN-03603,체계적 위험을 줄이려면 어떤 점을 확인해야 하나요?,Apa saja yang perlu diperhatikan untuk mengurangi Risiko sistemik?,체계적 위험,체계적 위험,True,신용·리스크,,1.0,1.0,1.0,0,,0,
KO-FIN-03604,체계적 위험은 거래 조건이나 이용 가능 여부에 영향을 줄 수 있습니다.,Risiko sistemik dapat memengaruhi ketentuan transaksi atau ketersediaannya.,체계적 위험,체계적 위험,True,신용·리스크,,1.0,1.0,1.0,0,,0,
KO-FIN-03605,초과담보율이 무엇인지 설명해 주세요.,Tolong jelaskan apa itu Rasio jaminan berlebih.,초과담보율,초과담보율,True,증권·예탁,,1.0,1.0,1.0,0,,20,초과담보율
KO-FIN-03610,총계정원장은 어디에서 확인할 수 있나요?,Di mana saya bisa melihat Buku Besar?,총계정원장,총계정원장,True,계좌,,1.0,1.0,1.0,0,,40,총계정원장
KO-FIN-03611,총계정원장이 정상적으로 표시되지 않습니다.,Buku Besar tidak ditampilkan dengan benar.,총계정원장,총계정원장,True,계좌,,1.0,1.0,1.0,0,,40,총계정원장
KO-FIN-03616,총액인수의 세부 조건과 절차는 거래 유형에 따라 달라질 수 있습니다.,Ketentuan dan prosedur terperinci mengenai Asuransi dengan Pertanggungan Total dapat berbeda-beda tergantung pada jenis transaksinya.,총액인수,총액인수,True,기업금융·자본조달,,1.0,1.0,1.0,0,,40,총액인수
KO-FIN-03617,총액지급증권이 무엇인지 설명해 주세요.,Tolong jelaskan apa itu Surat Utang dengan Pembayaran Total.,총액지급증권,총액지급증권,True,증권·예탁,,1.0,1.0,1.0,0,,40,총액지급증권
KO-FIN-03624,총유의 적용 여부는 계약 내용과 관련 법령을 확인해야 합니다.,"Untuk mengetahui apakah Kepemilikan Bersama berlaku, Anda perlu memeriksa isi Kontrak dan peraturan perundang-undangan yang terkait.",총유;계약,총유,True,법률·계약,,1.0,1.0,1.0,0,,70,총유;계약
KO-FIN-03627,최소분산포트폴리오와 관련된 투자 정보를 확인하고 싶습니다.,Saya ingin memeriksa informasi investasi terkait Portofolio dengan Varians Terendah.,최소분산포트폴리오,최소분산포트폴리오,True,자산운용·투자,,1.0,1.0,1.0,0,,20,최소분산포트폴리오
KO-FIN-03629,최소증거금이 무엇인지 쉽게 설명해 주세요.,Tolong jelaskan dengan sederhana apa itu Setoran Awal Minimum.,최소증거금,최소증거금,True,파생상품,금융시장·거래,1.0,1.0,1.0,0,,20,최소증거금
KO-FIN-03636,최적규모의 정확한 의미는 해당 금융거래의 맥락과 함께 확인해야 합니다.,Arti yang tepat dari Ukuran optimal harus dipahami dalam konteks transaksi keuangan yang bersangkutan.,최적규모,최적규모,True,기타 금융일반,,1.0,1.0,1.0,0,,20,최적규모
KO-FIN-03639,최적포트폴리오와 관련된 투자 정보를 확인하고 싶습니다.,Saya ingin memeriksa informasi investasi terkait Portofolio Optimal.,최적포트폴리오,최적포트폴리오,True,자산운용·투자,,1.0,1.0,1.0,0,,0,
KO-FIN-03643,최종이체 과정에서 문제가 발생한 것 같습니다.,Tampaknya terjadi masalah dalam proses Transfer terakhir.,최종이체,최종이체,True,지급결제·청산,,1.0,1.0,1.0,0,,40,최종이체
KO-FIN-03645,추가상장이 무엇을 의미하나요?,Apa arti Pencatatan Tambahan?,추가상장,추가상장,True,금융시장·거래,,1.0,1.0,1.0,0,,20,추가상장
KO-FIN-03651,추가증거금 납부요구 거래에는 어떤 위험이 있나요?,Permintaan Pembayaran Margin Tambahan Apa saja risiko yang terkait dengan transaksi ini?,추가증거금 납부요구,추가증거금 납부요구,True,파생상품,,1.0,1.0,1.0,0,,20,추가증거금 납부요구
KO-FIN-03653,추가증거금이 무엇인지 쉽게 설명해 주세요.,Tolong jelaskan dengan sederhana apa itu Jaminan Tambahan.,추가증거금,추가증거금,True,파생상품,,1.0,1.0,1.0,0,,0,
KO-FIN-03657,추정이익이 금융거래에 어떻게 적용되나요?,Bagaimana Laba yang Diperkirakan diterapkan dalam transaksi keuangan ini?,추정이익,추정이익,True,금융법규·감독,,1.0,1.0,1.0,0,,40,추정이익
KO-FIN-03659,추정이익 때문에 추가로 확인해야 할 사항이 있나요?,Apakah ada hal lain yang perlu diperiksa terkait Laba yang Diperkirakan?,추정이익,추정이익,True,금융법규·감독,,1.0,1.0,1.0,0,,40,추정이익
KO-FIN-03664,추정재무제표는 기준 시점과 작성 기준을 함께 확인해야 합니다.,Laporan Keuangan Proyeksi harus diperiksa dengan memperhatikan titik waktu acuan dan kriteria penulisan.,추정재무제표,추정재무제표,True,회계·재무,,1.0,1.0,1.0,0,,40,추정재무제표
KO-FIN-03666,출입직원등록제도 처리 절차를 확인하고 싶습니다.,Saya ingin mengetahui prosedur penanganan Sistem Pendaftaran Karyawan yang Masuk dan Keluar.,출입직원등록제도,출입직원등록제도,True,증권·예탁,,1.0,1.0,1.0,0,,20,출입직원등록제도
KO-FIN-03670,출자 처리 절차를 확인하고 싶습니다.,Saya ingin mengetahui prosedur penanganan Penanaman Modal.,출자,출자,True,증권·예탁,,1.0,1.0,1.0,0,,70,출자
KO-FIN-03674,출자인수권을 이용하려면 어떤 조건이 필요한가요?,Apa saja syarat yang diperlukan untuk menggunakan Hak Penyerahan Saham?,출자인수권,출자인수권,True,기업금융·자본조달,,1.0,1.0,1.0,0,,40,출자인수권
KO-FIN-03675,출자인수권과 관련된 비용과 절차를 확인하고 싶습니다.,Saya ingin mengetahui biaya dan prosedur yang berkaitan dengan Hak Penyerahan Saham.,출자인수권,출자인수권,True,기업금융·자본조달,,1.0,1.0,1.0,0,,40,출자인수권
KO-FIN-03677,출자전환이 무엇인지 설명해 주세요.,Tolong jelaskan apa itu Konversi utang menjadi ekuitas.,출자전환,출자전환,True,주식,,1.0,1.0,1.0,0,,50,출자전환
KO-FIN-03681,출자증권이 무엇인지 설명해 주세요.,Tolong jelaskan apa itu Surat Modal.,출자증권,출자증권,True,증권·예탁,,1.0,1.0,1.0,0,,40,출자증권
KO-FIN-03685,출자총액제한이 무엇인지 설명해 주세요.,Tolong jelaskan apa itu Batas Total Modal Investasi.,출자총액제한,출자총액제한,True,주식,,1.0,1.0,1.0,0,,20,출자총액제한
KO-FIN-03691,충당금과 관련된 내용을 확인하고 싶습니다.,Saya ingin memeriksa informasi yang berkaitan dengan Cadangan.,충당금,충당금,True,기타 금융일반,,1.0,1.0,1.0,0,,40,충당금
KO-FIN-03692,충당금의 정확한 의미는 해당 금융거래의 맥락과 함께 확인해야 합니다.,Arti yang tepat dari Cadangan harus dipahami dalam konteks transaksi keuangan yang bersangkutan.,충당금,충당금,True,기타 금융일반,,1.0,1.0,1.0,0,,40,충당금
KO-FIN-03694,충분성을 통해 어떤 정보를 확인할 수 있나요?,Informasi apa saja yang dapat saya periksa melalui Kecukupan?,충분성,충분성,True,회계·재무,,1.0,1.0,1.0,0,,0,
KO-FIN-03696,충분성은 기준 시점과 작성 기준을 함께 확인해야 합니다.,Kecukupan harus diperiksa dengan memperhatikan titik waktu acuan dan kriteria penyusunan.,충분성,충분성,True,회계·재무,,1.0,1.0,1.0,0,,0,
KO-FIN-03699,카멜레온펀드에 가입하기 전에 어떤 점을 확인해야 하나요?,Apa saja yang perlu diperiksa sebelum mendaftar ke Kamelon Fund?,카멜레온펀드,카멜레온펀드,True,펀드·신탁,,1.0,1.0,1.0,0,,0,
KO-FIN-03703,컨트리 펀드에 가입하기 전에 어떤 점을 확인해야 하나요?,Apa saja yang perlu diperiksa sebelum mendaftar ke Dana Country?,컨트리 펀드,컨트리 펀드,True,펀드·신탁,증권·예탁,1.0,1.0,1.0,0,,0,
KO-FIN-03705,코레스은행에 대해 자세히 알려주세요.,Tolong jelaskan lebih lanjut tentang Bank Kores.,코레스은행,코레스은행,True,해외송금·외환,금융기관·은행,1.0,1.0,1.0,0,,0,
KO-FIN-03706,코레스은행을 확인하고 싶습니다.,Saya ingin memeriksa Bank Kores.,코레스은행,코레스은행,True,해외송금·외환,금융기관·은행,1.0,1.0,1.0,0,,0,
KO-FIN-03711,코리아유로펀드에 가입하기 전에 어떤 점을 확인해야 하나요?,Apa saja yang perlu diperiksa sebelum mendaftar ke Korea Euro Fund?,코리아유로펀드,코리아유로펀드,True,펀드·신탁,자산운용·투자,1.0,1.0,1.0,0,,0,
KO-FIN-03715,코리아펀드에 가입하기 전에 어떤 점을 확인해야 하나요?,Apa saja yang perlu diperiksa sebelum mendaftar ke Korea Fund?,코리아펀드,코리아펀드,True,펀드·신탁,금융시장·거래 / 증권·예탁,1.0,1.0,1.0,0,,20,코리아펀드
KO-FIN-03717,코스닥 등록법인이 무엇인지 설명해 주세요.,Tolong jelaskan apa itu Perusahaan yang terdaftar di KOSDAQ.,코스닥 등록법인,코스닥 등록법인,True,증권·예탁,,1.0,1.0,1.0,0,,20,코스닥 등록법인
KO-FIN-03721,코스닥 등록주식이 무엇인지 설명해 주세요.,Tolong jelaskan apa itu Saham yang terdaftar di KOSDAQ.,코스닥 등록주식,코스닥 등록주식,True,주식,증권·예탁 / 자산운용·투자 / 금융시장·거래,1.0,1.0,1.0,0,,0,
KO-FIN-03725,코스닥이 무엇을 의미하나요?,Apa arti KOSDAQ?,코스닥,코스닥,True,금융시장·거래,,1.0,1.0,1.0,0,,0,
KO-FIN-03729,콘탱고가 무엇인지 설명해 주세요.,Tolong jelaskan apa itu Contango.,콘탱고,콘탱고,True,지급결제·청산,,1.0,1.0,1.0,0,,0,
KO-FIN-03736,콜은 심사 결과에 따라 이용 가능 여부가 달라질 수 있습니다.,Ketersediaan Panggilan dapat berubah tergantung pada hasil penilaian.,콜,콜,True,대출,금융기관·은행,1.0,1.0,1.0,0,,70,콜
KO-FIN-03738,콜레이트에서 이용할 수 있는 금융업무는 무엇인가요?,Layanan keuangan apa saja yang tersedia di Koleat?,콜레이트,콜레이트,True,금융기관·은행,,1.0,1.0,1.0,0,,0,
KO-FIN-03742,쿠폰부사채의 조건과 수익 구조를 확인하고 싶습니다.,Saya ingin mengetahui syarat dan struktur keuntungan dari Obligasi dengan kupon.,쿠폰부사채,쿠폰부사채,True,채권,,1.0,1.0,1.0,0,,20,쿠폰부사채
KO-FIN-03747,타이거펀드에 가입하기 전에 어떤 점을 확인해야 하나요?,Apa saja yang perlu diperiksa sebelum mendaftar ke Tiger Fund?,타이거펀드,타이거펀드,True,펀드·신탁,자산운용·투자,1.0,1.0,1.0,0,,40,타이거펀드
KO-FIN-03749,탈중개화현상이 무엇인지 설명해 주세요.,Tolong jelaskan apa itu Fenomena deintermediasi.,탈중개화현상,탈중개화현상,True,지급결제·청산,,1.0,1.0,1.0,0,,20,탈중개화현상
KO-FIN-03756,텀론은 심사 결과에 따라 이용 가능 여부가 달라질 수 있습니다.,Ketersediaan Termon dapat berubah tergantung pada hasil penilaian.,텀론,텀론,True,대출,,1.0,1.0,1.0,0,,70,텀론
KO-FIN-03760,테크노스트럭처의 정확한 의미는 해당 금융거래의 맥락과 함께 확인해야 합니다.,Arti yang tepat dari Technostructure harus dipahami dalam konteks transaksi keuangan yang bersangkutan.,테크노스트럭처,테크노스트럭처,True,기타 금융일반,,1.0,1.0,1.0,0,,0,
KO-FIN-03764,토론토선물거래소를 확인할 때 시장 상황과 거래 조건을 함께 살펴보세요.,"Saat memeriksa Bursa Berjangka Toronto, perhatikan juga kondisi pasar dan ketentuan perdagangan.",토론토선물거래소,토론토선물거래소,True,금융시장·거래,파생상품 / 대출,1.0,1.0,1.0,0,,0,
KO-FIN-03768,토론토증권거래소를 확인할 때 시장 상황과 거래 조건을 함께 살펴보세요.,"Saat memeriksa Bursa Efek Toronto, perhatikan juga kondisi pasar dan ketentuan perdagangan.",토론토증권거래소,토론토증권거래소,True,금융시장·거래,증권·예탁 / 대출,1.0,1.0,1.0,0,,0,
KO-FIN-03771,토빈의 분리정리와 관련된 투자 정보를 확인하고 싶습니다.,Saya ingin memeriksa informasi investasi terkait Teorema Pemisahan Tobin.,토빈의 분리정리,토빈의 분리정리,True,자산운용·투자,,1.0,1.0,1.0,0,,0,
KO-FIN-03774,통일규격유가증권 관리현황보고서 처리 절차를 확인하고 싶습니다.,Saya ingin mengetahui prosedur penanganan Laporan Status Pengelolaan Surat Berharga dengan Standar Seragam.,통일규격유가증권 관리현황보고서,통일규격유가증권 관리현황보고서,True,증권·예탁,,1.0,1.0,1.0,0,,20,통일규격유가증권 관리현황보고서
KO-FIN-03777,통일규격유가증권이 무엇인지 설명해 주세요.,Tolong jelaskan apa itu Surat Berharga dengan Standar Seragam.,통일규격유가증권,통일규격유가증권,True,증권·예탁,,1.0,1.0,1.0,0,,40,통일규격유가증권
KO-FIN-03781,통일상사법이 무엇인지 설명해 주세요.,Tolong jelaskan apa itu Undang-Undang Perdagangan Bersatu.,통일상사법,통일상사법,True,증권·예탁,금융법규·감독,1.0,1.0,1.0,0,,0,
KO-FIN-03786,통정매매와 관련된 시장 정보를 확인하고 싶습니다.,Saya ingin memeriksa informasi pasar terkait Transaksi yang disepakati sebelumnya.,통정매매,통정매매,True,금융시장·거래,증권·예탁,1.0,1.0,1.0,0,,40,통정매매
KO-FIN-03791,통합결제 과정에서 문제가 발생한 것 같습니다.,Tampaknya terjadi masalah dalam proses Pembayaran Terpadu.,통합결제,통합결제,True,지급결제·청산,,1.0,1.0,1.0,0,,0,
KO-FIN-03793,통합결제기구협의회가 무엇인지 설명해 주세요.,Tolong jelaskan apa itu Dewan Organisasi Pembayaran Terpadu.,통합결제기구협의회,통합결제기구협의회,True,지급결제·청산,,1.0,1.0,1.0,0,,0,
KO-FIN-03798,통합계좌 처리 절차를 확인하고 싶습니다.,Saya ingin mengetahui prosedur penanganan Rekening Terpadu.,통합계좌,통합계좌,True,증권·예탁,,1.0,1.0,1.0,0,,0,
KO-FIN-03801,통화선물이 무엇인지 쉽게 설명해 주세요.,Tolong jelaskan secara sederhana apa itu Kontrak Berjangka Mata Uang.,통화선물,통화선물,True,파생상품,해외송금·외환 / 금융시장·거래,1.0,1.0,1.0,0,,0,
KO-FIN-03805,통화선물옵션이 무엇인지 쉽게 설명해 주세요.,Tolong jelaskan dengan sederhana apa itu Opsi Berjangka Mata Uang.,통화선물옵션,통화선물옵션,True,파생상품,해외송금·외환,1.0,1.0,1.0,0,,0,
KO-FIN-03809,통화스왑이 무엇인지 쉽게 설명해 주세요.,Tolong jelaskan dengan sederhana apa itu Swap mata uang.,통화스왑,통화스왑,True,파생상품,해외송금·외환,1.0,1.0,1.0,0,,20,통화스왑
KO-FIN-03813,통화안정증권이 무엇인지 설명해 주세요.,Tolong jelaskan apa itu Surat Utang Stabilisasi Mata Uang.,통화안정증권,통화안정증권,True,증권·예탁,,1.0,1.0,1.0,0,,0,
KO-FIN-03817,통화옵션에 대해 자세히 알려주세요.,Tolong jelaskan lebih lanjut tentang Opsi mata uang.,통화옵션,통화옵션,True,해외송금·외환,파생상품,1.0,1.0,1.0,0,,0,
KO-FIN-03818,통화옵션을 확인하고 싶습니다.,Saya ingin memeriksa Opsi mata uang.,통화옵션,통화옵션,True,해외송금·외환,파생상품,1.0,1.0,1.0,0,,0,
KO-FIN-03824,통화지표는 운용 결과에 따라 원금 손실이 발생할 수 있습니다.,Indikator moneter dapat mengakibatkan kerugian pokok tergantung pada hasil operasionalnya.,통화지표,통화지표,True,펀드·신탁,,1.0,1.0,1.0,0,,0,
KO-FIN-03827,통화채권투자신탁수익증권에 가입하기 전에 어떤 점을 확인해야 하나요?,Apa saja yang perlu diperiksa sebelum mendaftar ke Surat Berharga Hasil Investasi Reksa Dana Obligasi Mata Uang?,통화채권투자신탁수익증권,통화채권투자신탁수익증권,True,펀드·신탁,자산운용·투자,1.0,1.0,1.0,0,,40,통화채권투자신탁수익증권
KO-FIN-03831,투자등록과 관련된 투자 정보를 확인하고 싶습니다.,Saya ingin memeriksa informasi investasi terkait Pendaftaran Investasi.,투자등록,투자등록,True,자산운용·투자,금융시장·거래,1.0,1.0,1.0,0,,0,
KO-FIN-03835,투자신탁에 가입하기 전에 어떤 점을 확인해야 하나요?,Apa saja yang perlu diperiksa sebelum mendaftar ke Reksa Dana?,투자신탁,투자신탁,True,펀드·신탁,자산운용·투자,1.0,1.0,1.0,0,,40,투자신탁
KO-FIN-03838,투자신탁협회의 운용 방식과 수수료를 확인하고 싶습니다.,Saya ingin mengetahui cara kerja dan biaya layanan Asosiasi Perwalian Investasi.,투자신탁협회,투자신탁협회,True,펀드·신탁,자산운용·투자,1.0,1.0,1.0,0,,0,
KO-FIN-03843,투자자문업과 관련된 투자 정보를 확인하고 싶습니다.,Saya ingin memeriksa informasi investasi terkait Bisnis Konsultasi Investasi.,투자자문업,투자자문업,True,자산운용·투자,,1.0,1.0,1.0,0,,20,투자자문업
KO-FIN-03847,특별결의와 관련해 투자 전에 확인해야 할 사항이 있나요?,Apakah ada hal-hal yang perlu diperiksa sebelum berinvestasi terkait Keputusan Khusus?,특별결의,특별결의,True,주식,,1.0,1.0,1.0,0,,0,
KO-FIN-03852,특별담보물은 심사 결과에 따라 이용 가능 여부가 달라질 수 있습니다.,Ketersediaan Barang Jaminan Khusus dapat bervariasi tergantung pada hasil penilaian.,특별담보물,특별담보물,True,대출,,1.0,1.0,1.0,0,,0,
KO-FIN-03854,특별인출권과 관련된 거래 조건을 확인하고 싶습니다.,Saya ingin memeriksa ketentuan transaksi yang terkait dengan Hak Penarikan Khusus.,특별인출권,특별인출권,True,국제금융,,1.0,1.0,1.0,0,,0,
KO-FIN-03856,특별인출권과 관련된 거래에서는 국가별 규정과 통화를 함께 확인해야 합니다.,"Dalam transaksi yang berkaitan dengan Hak Penarikan Khusus, Anda harus memeriksa peraturan dan mata uang masing-masing negara.",특별인출권,특별인출권,True,국제금융,,1.0,1.0,1.0,0,,0,
KO-FIN-03858,특수채의 조건과 수익 구조를 확인하고 싶습니다.,Saya ingin mengetahui syarat dan struktur keuntungan dari Obligasi Khusus.,특수채,특수채,True,채권,금융기관·은행,1.0,1.0,1.0,0,,40,특수채
KO-FIN-03861,파생금융상품이 무엇인지 쉽게 설명해 주세요.,Tolong jelaskan dengan sederhana apa itu Produk keuangan derivatif.,파생금융상품,파생금융상품,True,파생상품,금융시장·거래,1.0,1.0,1.0,0,,0,
KO-FIN-03866,파생적예금에 적용되는 금리는 어떻게 되나요?,Berapa suku bunga yang berlaku untuk Deposito derivatif?,파생적예금,파생적예금,True,예금상품,파생상품,1.0,1.0,1.0,0,,0,
KO-FIN-03869,파생증권이 무엇인지 설명해 주세요.,Tolong jelaskan apa itu Sekuritas derivatif.,파생증권,파생증권,True,증권·예탁,파생상품,1.0,1.0,1.0,0,,0,
KO-FIN-03875,파생통화 거래에는 어떤 위험이 있나요?,Mata uang turunan Apa saja risiko yang terkait dengan perdagangan?,파생통화,파생통화,True,파생상품,,1.0,1.0,1.0,0,,0,
KO-FIN-03879,패리티와 관련해 투자 전에 확인해야 할 사항이 있나요?,Apakah ada hal-hal yang perlu diperiksa sebelum berinvestasi terkait paritas?,패리티,패리티,True,주식,,1.0,1.0,1.0,0,,40,패리티
KO-FIN-03882,팩터와 관련된 시장 정보를 확인하고 싶습니다.,Saya ingin memeriksa informasi pasar terkait Faktor.,팩터,팩터,True,금융시장·거래,,1.0,1.0,1.0,0,,70,팩터
KO-FIN-03887,퍼포먼스 펀드에 가입하기 전에 어떤 점을 확인해야 하나요?,Apa saja yang perlu diperiksa sebelum mendaftar ke Dana Kinerja?,퍼포먼스 펀드,퍼포먼스 펀드,True,펀드·신탁,,1.0,1.0,1.0,0,,40,퍼포먼스 펀드
KO-FIN-03890,펀드매니저의 운용 방식과 수수료를 확인하고 싶습니다.,Saya ingin mengetahui cara kerja dan biaya layanan Manajer dana.,펀드매니저,펀드매니저,True,펀드·신탁,,1.0,1.0,1.0,0,,40,펀드매니저
KO-FIN-03893,페니스탁이 무엇을 의미하나요?,Apa arti Penis Tack?,페니스탁,페니스탁,True,금융시장·거래,,1.0,1.0,1.0,0,,20,페니스탁
KO-FIN-03900,펠드스타인이론은 심사 결과에 따라 이용 가능 여부가 달라질 수 있습니다.,Ketersediaan Teori Feldstein dapat berubah tergantung pada hasil penilaian.,펠드스타인이론,펠드스타인이론,True,대출,,1.0,1.0,1.0,0,,0,
KO-FIN-03901,평가절하에 대해 자세히 알려주세요.,Tolong jelaskan lebih lanjut tentang depresiasi.,평가절하,평가절하,True,해외송금·외환,,1.0,1.0,1.0,0,,40,평가절하
KO-FIN-03905,폐기증권이 무엇인지 설명해 주세요.,Tolong jelaskan apa itu Surat berharga yang telah ditarik.,폐기증권,폐기증권,True,증권·예탁,,1.0,1.0,1.0,0,,50,폐기증권
KO-FIN-03910,폐쇄식 담보부사채의 조건과 수익 구조를 확인하고 싶습니다.,Saya ingin mengetahui syarat dan struktur pendapatan Obligasi beragun tertutup.,폐쇄식 담보부사채,폐쇄식 담보부사채,True,채권,,1.0,1.0,1.0,0,,40,폐쇄식 담보부사채
KO-FIN-03915,폐쇄형 투자신탁에 가입하기 전에 어떤 점을 확인해야 하나요?,Apa saja yang perlu diperiksa sebelum mendaftar ke Reksa Dana Tertutup?,폐쇄형 투자신탁,폐쇄형 투자신탁,True,펀드·신탁,자산운용·투자,1.0,1.0,1.0,0,,20,폐쇄형 투자신탁
KO-FIN-03920,포괄주의는 기준 시점과 작성 기준을 함께 확인해야 합니다.,Pendekatan komprehensif harus diperiksa dengan memperhatikan titik waktu acuan dan kriteria penyusunan.,포괄주의,포괄주의,True,회계·재무,,1.0,1.0,1.0,0,,40,포괄주의
KO-FIN-03922,포괄증자와 관련된 정보를 확인하고 싶습니다.,Saya ingin memeriksa informasi terkait Penambahan Modal Komprehensif.,포괄증자,포괄증자,True,주식,,1.0,1.0,1.0,0,,20,포괄증자
KO-FIN-03925,포뮬러 플랜이 무엇인지 설명해 주세요.,Tolong jelaskan apa itu Paket Formula.,포뮬러 플랜,포뮬러 플랜,True,주식,,1.0,1.0,1.0,0,,0,
KO-FIN-03930,포스트와 관련된 시장 정보를 확인하고 싶습니다.,Saya ingin memeriksa informasi pasar terkait Posting.,포스트,포스트,True,금융시장·거래,,1.0,1.0,1.0,0,,0,
KO-FIN-03935,포트폴리오 관리와 관련된 투자 정보를 확인하고 싶습니다.,Saya ingin memeriksa informasi investasi terkait Pengelolaan Portofolio.,포트폴리오 관리,포트폴리오 관리,True,자산운용·투자,,1.0,1.0,1.0,0,,0,
KO-FIN-03939,포트폴리오 선택과 관련된 투자 정보를 확인하고 싶습니다.,Saya ingin memeriksa informasi investasi terkait Pemilihan Portofolio.,포트폴리오 선택,포트폴리오 선택,True,자산운용·투자,,1.0,1.0,1.0,0,,0,
KO-FIN-03943,포트폴리오 인슈어런스와 관련된 투자 정보를 확인하고 싶습니다.,Saya ingin memeriksa informasi investasi terkait Asuransi Portofolio.,포트폴리오 인슈어런스,포트폴리오 인슈어런스,True,자산운용·투자,,1.0,1.0,1.0,0,,0,
KO-FIN-03947,폭포효과 거래에는 어떤 위험이 있나요?,Efek Air Terjun Apa saja risiko yang terkait dengan transaksi ini?,폭포효과,폭포효과,True,파생상품,,1.0,1.0,1.0,0,,20,폭포효과
KO-FIN-03949,표면이율이 무엇인지 설명해 주세요.,Tolong jelaskan apa itu Rasio Permukaan.,표면이율,표면이율,True,채권,,1.0,1.0,1.0,0,,0,
KO-FIN-03955,풀서비스 브로커와 관련해 투자 전에 확인해야 할 사항이 있나요?,Apakah ada hal-hal yang perlu diperiksa sebelum berinvestasi terkait Pialang Layanan Lengkap?,풀서비스 브로커,풀서비스 브로커,True,주식,,1.0,1.0,1.0,0,,0,
KO-FIN-03957,풋 옵션이 무엇인지 쉽게 설명해 주세요.,Tolong jelaskan dengan sederhana apa itu Opsi jual.,풋 옵션,풋 옵션,True,파생상품,법률·계약,1.0,1.0,1.0,0,,0,
KO-FIN-03963,풋-콜 패리티와 관련된 투자 정보를 확인하고 싶습니다.,Saya ingin memeriksa informasi investasi terkait Paritas Put-Call.,풋-콜 패리티,풋-콜 패리티,True,자산운용·투자,,1.0,1.0,1.0,0,,0,
KO-FIN-03966,프로그램매매와 관련된 시장 정보를 확인하고 싶습니다.,Saya ingin memeriksa informasi pasar terkait Perdagangan Program.,프로그램매매,프로그램매매,True,금융시장·거래,자산운용·투자,1.0,1.0,1.0,0,,0,
KO-FIN-03970,플라워본드의 조건과 수익 구조를 확인하고 싶습니다.,Saya ingin mengetahui syarat dan struktur keuntungan dari Flower Bond.,플라워본드,플라워본드,True,채권,,1.0,1.0,1.0,0,,0,
KO-FIN-03974,플로어 브로커와 관련된 시장 정보를 확인하고 싶습니다.,Saya ingin memeriksa informasi pasar terkait Pialang Lantai.,플로어 브로커,플로어 브로커,True,금융시장·거래,지급결제·청산,1.0,1.0,1.0,0,,40,플로어 브로커
KO-FIN-03977,필터기법이 무엇인지 설명해 주세요.,Tolong jelaskan apa itu Teknik penyaringan.,필터기법,필터기법,True,주식,,1.0,1.0,1.0,0,,0,
KO-FIN-03982,핑크 쉬트와 관련된 시장 정보를 확인하고 싶습니다.,Saya ingin memeriksa informasi pasar terkait Selimut Merah Muda.,핑크 쉬트,핑크 쉬트,True,금융시장·거래,,1.0,1.0,1.0,0,,40,핑크 쉬트
KO-FIN-03988,한국선물거래소를 확인할 때 시장 상황과 거래 조건을 함께 살펴보세요.,"Saat memeriksa Bursa Berjangka Korea, perhatikan juga kondisi pasar dan ketentuan perdagangan.",한국선물거래소,한국선물거래소,True,금융시장·거래,파생상품,1.0,1.0,1.0,0,,0,
KO-FIN-03991,한국선물협회 거래에는 어떤 위험이 있나요?,Asosiasi Berjangka Korea Apa saja risiko yang terkait dengan transaksi ini?,한국선물협회,한국선물협회,True,파생상품,금융시장·거래,1.0,1.0,1.0,0,,0,
KO-FIN-03994,한국예탁증서 처리 절차를 확인하고 싶습니다.,Saya ingin mengetahui prosedur penanganan Sertifikat Deposito Korea.,한국예탁증서,한국예탁증서,True,증권·예탁,금융시장·거래,1.0,1.0,1.0,0,,0,
KO-FIN-03998,한국자금중개주식회사와 관련된 정보를 확인하고 싶습니다.,Saya ingin memeriksa informasi terkait Perusahaan Perseroan Terbatas Korea Fund Brokerage.,한국자금중개주식회사,한국자금중개주식회사,True,주식,해외송금·외환 / 금융시장·거래,1.0,1.0,1.0,0,,0,
KO-FIN-04002,한국주택저당금융주식회사와 관련된 정보를 확인하고 싶습니다.,Saya ingin memeriksa informasi terkait Perusahaan Pembiayaan Hipotek Perumahan Korea Tbk..,한국주택저당금융주식회사,한국주택저당금융주식회사,True,주식,부동산금융 / 자산운용·투자 / 금융기관·은행,1.0,1.0,1.0,0,,20,한국주택저당금융주식회사
KO-FIN-04006,한국증권금융주식회사 처리 절차를 확인하고 싶습니다.,Saya ingin mengetahui prosedur penanganan Perusahaan Sekuritas dan Keuangan Korea Tbk..,한국증권금융주식회사,한국증권금융주식회사,True,증권·예탁,금융시장·거래 / 주식 / 대출,1.0,1.0,1.0,0,,0,
KO-FIN-04010,한국증권대체결제주식회사 처리 절차를 확인하고 싶습니다.,Saya ingin mengetahui prosedur penanganan Perusahaan Pembayaran Alternatif Sekuritas Korea.,한국증권대체결제주식회사,한국증권대체결제주식회사,True,증권·예탁,주식 / 지급결제·청산 / 금융시장·거래,1.0,1.0,1.0,0,,0,
KO-FIN-04014,한국증권업협회 처리 절차를 확인하고 싶습니다.,Saya ingin mengetahui prosedur penanganan Asosiasi Industri Sekuritas Korea.,한국증권업협회,한국증권업협회,True,증권·예탁,금융시장·거래,1.0,1.0,1.0,0,,0,
KO-FIN-04017,한국증권연구원이 무엇인지 설명해 주세요.,Tolong jelaskan apa itu Lembaga Penelitian Sekuritas Korea.,한국증권연구원,한국증권연구원,True,증권·예탁,,1.0,1.0,1.0,0,,0,
KO-FIN-04022,한국증권전산주식회사 처리 절차를 확인하고 싶습니다.,Saya ingin mengetahui prosedur penanganan Perusahaan Komputer Sekuritas Korea Tbk..,한국증권전산주식회사,한국증권전산주식회사,True,증권·예탁,주식 / 금융시장·거래,1.0,1.0,1.0,0,,0,
KO-FIN-04026,할인발행을 이용하려면 어떤 조건이 필요한가요?,Apa saja syarat yang diperlukan untuk menggunakan Penerbitan dengan diskon?,할인발행,할인발행,True,기업금융·자본조달,채권,1.0,1.0,1.0,0,,20,할인발행
KO-FIN-04027,할인발행과 관련된 비용과 절차를 확인하고 싶습니다.,Saya ingin mengetahui biaya dan prosedur yang terkait dengan Penerbitan dengan diskon.,할인발행,할인발행,True,기업금융·자본조달,채권,1.0,1.0,1.0,0,,20,할인발행
KO-FIN-04030,할인상사에서 이용할 수 있는 금융업무는 무엇인가요?,Layanan keuangan apa saja yang tersedia di Perusahaan Diskon?,할인상사,할인상사,True,금융기관·은행,,1.0,1.0,1.0,0,,0,
KO-FIN-04034,할인율에서 이용할 수 있는 금융업무는 무엇인가요?,Layanan keuangan apa saja yang tersedia di Tingkat diskon?,할인율,할인율,True,금융기관·은행,,1.0,1.0,1.0,0,,0,
KO-FIN-04038,할인채의 조건과 수익 구조를 확인하고 싶습니다.,Saya ingin mengetahui syarat dan struktur keuntungan dari Surat utang diskon.,할인채,할인채,True,채권,,1.0,1.0,1.0,0,,0,
KO-FIN-04042,합병교부금을 이용하려면 어떤 조건이 필요한가요?,Apa saja syarat yang diperlukan untuk menggunakan Dana Penggabungan?,합병교부금,합병교부금,True,기업금융·자본조달,주식,1.0,1.0,1.0,0,,0,
KO-FIN-04043,합병교부금과 관련된 비용과 절차를 확인하고 싶습니다.,Saya ingin mengetahui biaya dan prosedur yang terkait dengan Dana Penggabungan.,합병교부금,합병교부금,True,기업금융·자본조달,주식,1.0,1.0,1.0,0,,0,
KO-FIN-04046,합병기일을 이용하려면 어떤 조건이 필요한가요?,Apa saja persyaratan yang diperlukan untuk menggunakan Tanggal penggabungan?,합병기일,합병기일,True,기업금융·자본조달,주식,1.0,1.0,1.0,0,,0,
KO-FIN-04047,합병기일과 관련된 비용과 절차를 확인하고 싶습니다.,Saya ingin mengetahui biaya dan prosedur yang berkaitan dengan Tanggal penggabungan.,합병기일,합병기일,True,기업금융·자본조달,주식,1.0,1.0,1.0,0,,0,
KO-FIN-04050,합병비율을 이용하려면 어떤 조건이 필요한가요?,Apa saja persyaratan yang diperlukan untuk menggunakan Rasio penggabungan?,합병비율,합병비율,True,기업금융·자본조달,주식,1.0,1.0,1.0,0,,0,
KO-FIN-04051,합병비율과 관련된 비용과 절차를 확인하고 싶습니다.,Saya ingin mengetahui biaya dan prosedur yang terkait dengan Rasio penggabungan.,합병비율,합병비율,True,기업금융·자본조달,주식,1.0,1.0,1.0,0,,0,
KO-FIN-04054,합병차익을 이용하려면 어떤 조건이 필요한가요?,Apa saja syarat yang diperlukan untuk menggunakan Keuntungan dari penggabungan?,합병차익,합병차익,True,기업금융·자본조달,,1.0,1.0,1.0,0,,20,합병차익
KO-FIN-04055,합병차익과 관련된 비용과 절차를 확인하고 싶습니다.,Saya ingin mengetahui biaya dan prosedur yang terkait dengan Keuntungan dari penggabungan.,합병차익,합병차익,True,기업금융·자본조달,,1.0,1.0,1.0,0,,20,합병차익
KO-FIN-04058,합산주주와 관련된 정보를 확인하고 싶습니다.,Saya ingin memeriksa informasi terkait Pemegang saham gabungan.,합산주주,합산주주,True,주식,,1.0,1.0,1.0,0,,20,합산주주
KO-FIN-04064,합유의 정확한 의미는 해당 금융거래의 맥락과 함께 확인해야 합니다.,Arti yang tepat dari campuran susu harus dipahami dalam konteks transaksi keuangan yang bersangkutan.,합유,합유,True,기타 금융일반,,1.0,1.0,1.0,0,,70,합유
KO-FIN-04065,핫머니에 대해 자세히 알려주세요.,Tolong jelaskan lebih lanjut mengenai Uang panas.,핫머니,핫머니,True,해외송금·외환,,1.0,1.0,1.0,0,,40,핫머니
KO-FIN-04070,항상성장모형은 금융상품을 분석할 때 어떻게 사용되나요?,Bagaimana Model Pertumbuhan Berkelanjutan digunakan dalam menganalisis produk keuangan?,항상성장모형,항상성장모형,True,금융공학·분석,주식 / 자산운용·투자,1.0,1.0,1.0,0,,20,항상성장모형
KO-FIN-04072,항상성장모형의 결과는 사용한 가정과 시장 데이터에 따라 달라질 수 있습니다.,Hasil Model Pertumbuhan Berkelanjutan dapat bervariasi tergantung pada asumsi dan data pasar yang digunakan.,항상성장모형,항상성장모형,True,금융공학·분석,주식 / 자산운용·투자,1.0,1.0,1.0,0,,20,항상성장모형
KO-FIN-04073,해외증권 관련주식이 무엇인지 설명해 주세요.,Tolong jelaskan apa itu Saham yang terkait dengan sekuritas luar negeri.,해외증권 관련주식,해외증권 관련주식,True,증권·예탁,주식,1.0,1.0,1.0,0,,0,
KO-FIN-04077,해외증권이 무엇인지 설명해 주세요.,Tolong jelaskan apa itu Sekuritas Luar Negeri.,해외증권,해외증권,True,증권·예탁,,1.0,1.0,1.0,0,,0,
KO-FIN-04083,헤지펀드에 가입하기 전에 어떤 점을 확인해야 하나요?,Apa saja yang perlu diperiksa sebelum mendaftar ke Hedge fund?,헤지펀드,헤지펀드,True,펀드·신탁,파생상품,1.0,1.0,1.0,0,,0,
KO-FIN-04085,헤징이 무엇을 의미하나요?,Apa arti Hedging?,헤징,헤징,True,금융시장·거래,,1.0,1.0,1.0,0,,30,헤징
KO-FIN-04091,현금관리계좌 과정에서 문제가 발생한 것 같습니다.,Tampaknya terjadi masalah dalam proses Rekening Pengelolaan Kas.,현금관리계좌,현금관리계좌,True,지급결제·청산,,1.0,1.0,1.0,0,,0,
KO-FIN-04094,현물채의 조건과 수익 구조를 확인하고 싶습니다.,Saya ingin mengetahui syarat dan struktur pendapatan Obligasi tunai.,현물채,현물채,True,채권,,1.0,1.0,1.0,0,,0,
KO-FIN-04098,현물출자와 관련된 정보를 확인하고 싶습니다.,Saya ingin memeriksa informasi terkait Setoran dalam bentuk barang.,현물출자,현물출자,True,주식,,1.0,1.0,1.0,0,,40,현물출자
KO-FIN-04101,현물환거래에 대해 자세히 알려주세요.,Tolong jelaskan lebih lanjut tentang Transaksi valuta asing tunai.,현물환거래,현물환거래,True,해외송금·외환,금융시장·거래,1.0,1.0,1.0,0,,0,
KO-FIN-04106,현선매매와 관련된 시장 정보를 확인하고 싶습니다.,Saya ingin memeriksa informasi pasar yang terkait dengan Perdagangan Spot.,현선매매,현선매매,True,금융시장·거래,증권·예탁,1.0,1.0,1.0,0,,40,현선매매
KO-FIN-04109,현지대리인이 금융거래에서 무엇을 의미하나요?,Apa arti Agen lokal dalam transaksi keuangan ini?,현지대리인,현지대리인,True,법률·계약,증권·예탁,1.0,1.0,1.0,0,,20,현지대리인
KO-FIN-04113,현지보관기관이 무엇인지 설명해 주세요.,Tolong jelaskan apa itu Lembaga Penyimpanan Lokal.,현지보관기관,현지보관기관,True,증권·예탁,자산운용·투자,1.0,1.0,1.0,0,,40,현지보관기관
KO-FIN-04117,호가구동시장이 무엇을 의미하나요?,Apa arti Pasar Hogagu-dong?,호가구동시장,호가구동시장,True,금융시장·거래,,1.0,1.0,1.0,0,,0,
KO-FIN-04121,호가전예납이 무엇을 의미하나요?,Apa arti dari Uang muka untuk pembelian rumah?,호가전예납,호가전예납,True,금융시장·거래,,1.0,1.0,1.0,0,,40,호가전예납
KO-FIN-04125,혼합보관이 무엇인지 설명해 주세요.,Tolong jelaskan apa itu Penyimpanan campuran.,혼합보관,혼합보관,True,증권·예탁,,1.0,1.0,1.0,0,,0,
KO-FIN-04131,혼합주와 관련해 투자 전에 확인해야 할 사항이 있나요?,Apakah ada hal-hal yang perlu diperiksa sebelum berinvestasi terkait Minuman campuran?,혼합주,혼합주,True,주식,,1.0,1.0,1.0,0,,0,
KO-FIN-04133,확정금리부증권이 무엇인지 설명해 주세요.,Tolong jelaskan apa itu Surat Utang dengan Suku Bunga Tetap.,확정금리부증권,확정금리부증권,True,증권·예탁,,1.0,1.0,1.0,0,,40,확정금리부증권
KO-FIN-04137,환 포지션에 대해 자세히 알려주세요.,Tolong jelaskan lebih lanjut tentang Posisi Hwan.,환 포지션,환 포지션,True,해외송금·외환,,1.0,1.0,1.0,0,,40,환 포지션
KO-FIN-04138,환 포지션을 확인하고 싶습니다.,Saya ingin memeriksa Posisi Hwan.,환 포지션,환 포지션,True,해외송금·외환,,1.0,1.0,1.0,0,,40,환 포지션
KO-FIN-04141,환노출에 대해 자세히 알려주세요.,Tolong jelaskan lebih lanjut tentang Paparan radiasi.,환노출,환노출,True,해외송금·외환,,1.0,1.0,1.0,0,,20,환노출
KO-FIN-04142,환노출을 확인하고 싶습니다.,Saya ingin memeriksa Paparan radiasi.,환노출,환노출,True,해외송금·외환,,1.0,1.0,1.0,0,,20,환노출
KO-FIN-04145,환리스크에 대해 자세히 알려주세요.,Tolong jelaskan lebih lanjut tentang Risiko fluktuasi nilai tukar.,환리스크,환리스크,True,해외송금·외환,신용·리스크,1.0,1.0,1.0,0,,40,환리스크
KO-FIN-04149,환어음이 무엇인지 설명해 주세요.,Tolong jelaskan apa itu wesel.,환어음,환어음,True,지급결제·청산,,1.0,1.0,1.0,0,,40,환어음
KO-FIN-04153,환취권이 무엇인지 설명해 주세요.,Tolong jelaskan apa itu Hak penarikan kembali.,환취권,환취권,True,증권·예탁,법률·계약,1.0,1.0,1.0,0,,20,환취권
KO-FIN-04157,회사분할이 금융거래에 어떻게 적용되나요?,Bagaimana Pemisahan Perusahaan diterapkan dalam transaksi keuangan ini?,회사분할,회사분할,True,금융법규·감독,,1.0,1.0,1.0,0,,0,
KO-FIN-04159,회사분할 때문에 추가로 확인해야 할 사항이 있나요?,Apakah ada hal lain yang perlu diperiksa terkait Pemisahan Perusahaan?,회사분할,회사분할,True,금융법규·감독,,1.0,1.0,1.0,0,,0,
KO-FIN-04161,회사정리법이 무엇인지 설명해 주세요.,Tolong jelaskan apa itu Undang-Undang Restrukturisasi Perusahaan.,회사정리법,회사정리법,True,주식,,1.0,1.0,1.0,0,,0,
KO-FIN-04166,회사채의 조건과 수익 구조를 확인하고 싶습니다.,Saya ingin mengetahui syarat dan struktur pendapatan Obligasi Perusahaan.,회사채,회사채,True,채권,,1.0,1.0,1.0,0,,0,
KO-FIN-04171,회사형 투자신탁에 가입하기 전에 어떤 점을 확인해야 하나요?,Apa saja yang perlu diperiksa sebelum mendaftar ke Reksa Dana Perusahaan?,회사형 투자신탁,회사형 투자신탁,True,펀드·신탁,자산운용·투자,1.0,1.0,1.0,0,,20,회사형 투자신탁
KO-FIN-04174,회원증권회사 처리 절차를 확인하고 싶습니다.,Saya ingin mengetahui prosedur penanganan Perusahaan sekuritas anggota.,회원증권회사,회원증권회사,True,증권·예탁,금융시장·거래,1.0,1.0,1.0,0,,0,
KO-FIN-04179,후배주와 관련해 투자 전에 확인해야 할 사항이 있나요?,Apakah ada hal-hal yang perlu diperiksa sebelum berinvestasi terkait Saham junior?,후배주,후배주,True,주식,,1.0,1.0,1.0,0,,40,후배주
KO-FIN-04182,후순위채의 조건과 수익 구조를 확인하고 싶습니다.,Saya ingin mengetahui ketentuan dan struktur keuntungan dari Obligasi subordinasi.,후순위채,후순위채,True,채권,,1.0,1.0,1.0,0,,40,후순위채
KO-FIN-04185,ABMF이 무엇인지 설명해 주세요.,Tolong jelaskan apa itu ABMF.,ABMF,ABMF,True,채권,,1.0,1.0,1.0,0,,0,
KO-FIN-04189,ABMI이 무엇인지 설명해 주세요.,Tolong jelaskan apa itu ABMI.,ABMI,ABMI,True,채권,,1.0,1.0,1.0,0,,0,
KO-FIN-04193,ACG이 무엇인지 설명해 주세요.,Tolong jelaskan apa itu ACG.,ACG,ACG,True,증권·예탁,,1.0,1.0,1.0,0,,0,
KO-FIN-04197,AECSD이 무엇인지 설명해 주세요.,Tolong jelaskan apa itu AECSD.,AECSD,AECSD,True,증권·예탁,,1.0,1.0,1.0,0,,0,
KO-FIN-04201,Affirmation이 무엇을 의미하나요?,Apa arti Penegasan?,Affirmation,Affirmation,True,금융시장·거래,,1.0,1.0,1.0,0,,50,Affirmation
KO-FIN-04206,ANNA은 어떤 금융 상황에서 사용되나요?,Dalam situasi keuangan apa saja ANNA digunakan?,ANNA,ANNA,True,기타 금융일반,,1.0,1.0,1.0,0,,60,ANNA
KO-FIN-04208,ANNA의 정확한 의미는 해당 금융거래의 맥락과 함께 확인해야 합니다.,Arti yang tepat dari ANNA harus dipahami dalam konteks transaksi keuangan yang bersangkutan.,ANNA,ANNA,True,기타 금융일반,,1.0,1.0,1.0,0,,60,ANNA
KO-FIN-04213,ASIFMA이 무엇을 의미하나요?,Apa arti ASIFMA?,ASIFMA,ASIFMA,True,금융시장·거래,,1.0,1.0,1.0,0,,40,ASIFMA
KO-FIN-04221,ATS이 무엇을 의미하나요?,Apa arti ATS?,ATS,ATS,True,금융시장·거래,,1.0,1.0,1.0,0,,0,
KO-FIN-04225,AUSTRACLEAR이 무엇인지 설명해 주세요.,Tolong jelaskan apa itu AUSTRACLEAR.,AUSTRACLEAR,AUSTRACLEAR,True,지급결제·청산,금융시장·거래,1.0,1.0,1.0,0,,40,AUSTRACLEAR
KO-FIN-04229,BA이 무엇을 의미하나요?,Apa arti BA?,BA,BA,True,금융시장·거래,,1.0,1.0,1.0,0,,0,
KO-FIN-04233,Bachmann Report이 무엇인지 설명해 주세요.,Tolong jelaskan apa itu Laporan Bachmann.,Bachmann Report,Bachmann Report,True,지급결제·청산,증권·예탁,1.0,1.0,1.0,0,,40,Bachmann Report
KO-FIN-04237,back office이 무엇을 의미하나요?,Apa arti back office?,back office,back office,True,금융시장·거래,증권·예탁,1.0,1.0,1.0,0,,40,back office
KO-FIN-04243,최근 backwardation의 변화를 확인하고 싶습니다.,Saya ingin melihat perubahan terbaru pada backwardation.,backwardation,backwardation,True,경제·거시금융,,1.0,1.0,1.0,0,,50,backwardation
KO-FIN-04244,backwardation은 다른 경제지표와 함께 해석하는 것이 좋습니다.,backwardation sebaiknya diinterpretasikan bersama dengan indikator ekonomi lainnya.,backwardation,backwardation,True,경제·거시금융,,1.0,1.0,1.0,0,,50,backwardation
KO-FIN-04245,bad delivery이 무엇인지 설명해 주세요.,Tolong jelaskan apa itu pengiriman yang buruk.,bad delivery,bad delivery,True,증권·예탁,,1.0,1.0,1.0,0,,40,bad delivery
KO-FIN-04252,bancassurance과 관련된 세부 업무는 해당 기관의 안내를 확인해 주세요.,"Untuk detail tugas yang berkaitan dengan bancassurance, silakan periksa panduan dari lembaga terkait.",bancassurance,bancassurance,True,금융기관·은행,,1.0,1.0,1.0,0,,50,bancassurance
KO-FIN-04253,BBS이 무엇을 의미하나요?,Apa arti BBS?,BBS,BBS,True,금융시장·거래,,1.0,1.0,1.0,0,,0,
KO-FIN-04257,bear hug이 무엇인지 설명해 주세요.,Tolong jelaskan apa itu pelukan erat.,bear hug,bear hug,True,주식,,1.0,1.0,1.0,0,,40,bear hug
KO-FIN-04261,bear raid이 무엇인지 설명해 주세요.,Tolong jelaskan apa itu serangan bear.,bear raid,bear raid,True,주식,금융시장·거래,1.0,1.0,1.0,0,,40,bear raid
KO-FIN-04266,BIC에서 이용할 수 있는 금융업무는 무엇인가요?,Layanan keuangan apa saja yang tersedia di BIC?,BIC,BIC,True,금융기관·은행,,1.0,1.0,1.0,0,,0,
KO-FIN-04269,black monday이 무엇을 의미하나요?,Apa arti dari Senin Hitam?,black monday,black monday,True,금융시장·거래,주식,1.0,1.0,1.0,0,,40,black monday
KO-FIN-04273,blanket fidelity bond이 무엇인지 설명해 주세요.,Tolong jelaskan apa itu jaminan kesetiaan menyeluruh.,blanket fidelity bond,blanket fidelity bond,True,증권·예탁,,1.0,1.0,1.0,0,,40,blanket fidelity bond
KO-FIN-04277,BLUE SKY LAW이 무엇인지 설명해 주세요.,Tolong jelaskan apa itu BLUE SKY LAW.,BLUE SKY LAW,BLUE SKY LAW,True,증권·예탁,,1.0,1.0,1.0,0,,40,BLUE SKY LAW
KO-FIN-04284,BOK-WIRE과 관련된 세부 업무는 해당 기관의 안내를 확인해 주세요.,"Untuk detail tugas yang berkaitan dengan BOK-WIRE, silakan periksa panduan dari lembaga terkait.",BOK-WIRE,BOK-WIRE,True,금융기관·은행,,1.0,1.0,1.0,0,,0,
KO-FIN-04285,bond power이 무엇인지 설명해 주세요.,Tolong jelaskan apa itu kekuatan ikatan.,bond power,bond power,True,채권,,1.0,1.0,1.0,0,,40,bond power
KO-FIN-04289,book entry only이 무엇인지 설명해 주세요.,Tolong jelaskan apa itu hanya pencatatan buku.,book entry only,book entry only,True,증권·예탁,,1.0,1.0,1.0,0,,40,book entry only
KO-FIN-04293,buy/sell-back이 무엇인지 설명해 주세요.,Tolong jelaskan apa itu beli/jual kembali.,buy/sell-back,buy/sell-back,True,증권·예탁,,1.0,1.0,1.0,0,,50,buy/sell-back
KO-FIN-04300,CAMEL과 관련된 세부 업무는 해당 기관의 안내를 확인해 주세요.,"Untuk detail tugas yang berkaitan dengan CAMEL, silakan periksa panduan dari lembaga terkait.",CAMEL,CAMEL,True,금융기관·은행,,1.0,1.0,1.0,0,,0,
KO-FIN-04301,cargo project이 무엇인지 설명해 주세요.,Tolong jelaskan apa itu proyek cargo.,cargo project,cargo project,True,증권·예탁,주식,1.0,1.0,1.0,0,,40,cargo project
KO-FIN-04305,cashless society은 어떻게 이용하나요?,Bagaimana cara menggunakan masyarakat tanpa uang tunai?,cashless society,cashless society,True,카드·전자금융,,1.0,1.0,1.0,0,,40,cashless society
KO-FIN-04308,cashless society 이용 시 개인정보와 인증정보를 안전하게 관리해 주세요.,"Saat menggunakan masyarakat tanpa uang tunai, harap kelola data pribadi dan informasi otentikasi Anda dengan aman.",cashless society,cashless society,True,카드·전자금융,,1.0,1.0,1.0,0,,40,cashless society
KO-FIN-04309,CBF이 무엇인지 설명해 주세요.,Tolong jelaskan apa itu CBF.,CBF,CBF,True,증권·예탁,,1.0,1.0,1.0,0,,0,
KO-FIN-04313,CBL이 무엇인지 설명해 주세요.,Tolong jelaskan apa itu CBL.,CBL,CBL,True,증권·예탁,,1.0,1.0,1.0,0,,0,
KO-FIN-04317,CCASS이 무엇인지 설명해 주세요.,Tolong jelaskan apa itu CCASS.,CCASS,CCASS,True,지급결제·청산,,1.0,1.0,1.0,0,,0,
KO-FIN-04325,CDS이 무엇인지 쉽게 설명해 주세요.,Tolong jelaskan secara sederhana apa itu CDS.,CDS,CDS,True,파생상품,,1.0,1.0,1.0,0,,20,CDS
KO-FIN-04329,CEDEL이 무엇인지 설명해 주세요.,Tolong jelaskan apa itu CEDEL.,CEDEL,CEDEL,True,증권·예탁,금융시장·거래,1.0,1.0,1.0,0,,0,
KO-FIN-04333,CFA이 무엇인지 설명해 주세요.,Tolong jelaskan apa itu CFA.,CFA,CFA,True,증권·예탁,,1.0,1.0,1.0,0,,0,
KO-FIN-04337,CFI이 무엇인지 설명해 주세요.,Tolong jelaskan apa itu CFI.,CFI,CFI,True,증권·예탁,,1.0,1.0,1.0,0,,0,
KO-FIN-04342,CFO을 통해 어떤 정보를 확인할 수 있나요?,Informasi apa saja yang dapat saya periksa melalui CFO?,CFO,CFO,True,회계·재무,,1.0,1.0,1.0,0,,0,
KO-FIN-04344,CFO은 기준 시점과 작성 기준을 함께 확인해야 합니다.,CFO harus diperiksa dengan memperhatikan titik waktu acuan dan kriteria penyusunan.,CFO,CFO,True,회계·재무,,1.0,1.0,1.0,0,,0,
KO-FIN-04347,CGIF과 관련된 투자 정보를 확인하고 싶습니다.,Saya ingin memeriksa informasi investasi terkait CGIF.,CGIF,CGIF,True,자산운용·투자,,1.0,1.0,1.0,0,,0,
KO-FIN-04349,CGO이 무엇인지 설명해 주세요.,Tolong jelaskan apa itu CGO.,CGO,CGO,True,증권·예탁,,1.0,1.0,1.0,0,,0,
KO-FIN-04353,CHAPS이 무엇을 의미하나요?,Apa arti CHAPS?,CHAPS,CHAPS,True,금융시장·거래,,1.0,1.0,1.0,0,,0,
KO-FIN-04357,checking이 무엇을 의미하나요?,Apa arti pemeriksaan?,checking,checking,True,금융시장·거래,,1.0,1.0,1.0,0,,50,checking
KO-FIN-04361,checkless society이 무엇을 의미하나요?,Apa arti masyarakat tanpa cek?,checkless society,checkless society,True,금융시장·거래,,1.0,1.0,1.0,0,,40,checkless society
KO-FIN-04365,CHESS이 무엇인지 설명해 주세요.,Tolong jelaskan apa itu Catur.,CHESS,CHESS,True,지급결제·청산,,1.0,1.0,1.0,0,,40,CHESS
KO-FIN-04370,CHIPS을 이용하려면 어떻게 해야 하나요?,Bagaimana cara menggunakan CHIPS?,CHIPS,CHIPS,True,이체,지급결제·청산,1.0,1.0,1.0,0,,50,CHIPS
KO-FIN-04372,CHIPS을 진행하기 전에 입력한 정보를 다시 확인해 주세요.,"Sebelum melanjutkan ke CHIPS, harap periksa kembali informasi yang telah Anda masukkan.",CHIPS,CHIPS,True,이체,지급결제·청산,1.0,1.0,1.0,0,,50,CHIPS
KO-FIN-04373,CIK이 무엇인지 설명해 주세요.,Tolong jelaskan apa itu CIK.,CIK,CIK,True,증권·예탁,금융시장·거래 / 자산운용·투자,1.0,1.0,1.0,0,,0,
KO-FIN-04377,CMA이 무엇인지 설명해 주세요.,Tolong jelaskan apa itu CMA.,CMA,CMA,True,증권·예탁,펀드·신탁 / 자산운용·투자,1.0,1.0,1.0,0,,0,
KO-FIN-04381,CMI에 대해 자세히 알려주세요.,Tolong jelaskan lebih lanjut tentang CMI.,CMI,CMI,True,해외송금·외환,,1.0,1.0,1.0,0,,0,
KO-FIN-04382,CMI을 확인하고 싶습니다.,Saya ingin memeriksa CMI.,CMI,CMI,True,해외송금·외환,,1.0,1.0,1.0,0,,0,
KO-FIN-04385,CMO이 무엇인지 설명해 주세요.,Tolong jelaskan apa itu CMO.,CMO,CMO,True,증권·예탁,,1.0,1.0,1.0,0,,0,
KO-FIN-04392,commodity financing은 심사 결과에 따라 이용 가능 여부가 달라질 수 있습니다.,Ketersediaan pembiayaan komoditas dapat berubah tergantung pada hasil penilaian.,commodity financing,commodity financing,True,대출,,1.0,1.0,1.0,0,,50,commodity financing
KO-FIN-04393,concentration limit이 무엇인지 설명해 주세요.,Tolong jelaskan apa itu batas konsentrasi.,concentration limit,concentration limit,True,증권·예탁,,1.0,1.0,1.0,0,,50,concentration limit
KO-FIN-04397,confirmation이 무엇을 의미하나요?,Apa arti konfirmasi?,confirmation,confirmation,True,금융시장·거래,,1.0,1.0,1.0,0,,50,confirmation
KO-FIN-04402,conglomerate을 이용하려면 어떤 조건이 필요한가요?,Apa saja syarat yang diperlukan untuk menggunakan konglomerat?,conglomerate,conglomerate,True,기업금융·자본조달,,1.0,1.0,1.0,0,,40,conglomerate
KO-FIN-04403,conglomerate과 관련된 비용과 절차를 확인하고 싶습니다.,Saya ingin mengetahui biaya dan prosedur yang terkait dengan konglomerat.,conglomerate,conglomerate,True,기업금융·자본조달,,1.0,1.0,1.0,0,,40,conglomerate
KO-FIN-04407,"country risk, sovereign risk과 관련된 투자 정보를 확인하고 싶습니다.","Saya ingin memeriksa informasi investasi terkait risiko negara, risiko suverén.","country risk, sovereign risk","country risk, sovereign risk",True,자산운용·투자,,1.0,1.0,1.0,0,,40,"country risk, sovereign risk"
KO-FIN-04409,coupon rate이 무엇인지 설명해 주세요.,Tolong jelaskan apa itu tingkat kupon.,coupon rate,coupon rate,True,채권,,1.0,1.0,1.0,0,,40,coupon rate
KO-FIN-04413,covered warrant이 무엇인지 쉽게 설명해 주세요.,Tolong jelaskan dengan sederhana apa itu warrant tertutup.,covered warrant,covered warrant,True,파생상품,,1.0,1.0,1.0,0,,40,covered warrant
KO-FIN-04417,CPSS이 무엇인지 설명해 주세요.,Tolong jelaskan apa itu CPSS.,CPSS,CPSS,True,지급결제·청산,,1.0,1.0,1.0,0,,0,
KO-FIN-04421,CREST이 무엇인지 설명해 주세요.,Tolong jelaskan apa itu CREST.,CREST,CREST,True,증권·예탁,금융시장·거래 / 지급결제·청산 / 채권 / 자산운용·투자,1.0,1.0,1.0,0,,40,CREST
KO-FIN-04425,crossing network이 무엇을 의미하나요?,Apa arti jaringan persimpangan?,crossing network,crossing network,True,금융시장·거래,,1.0,1.0,1.0,0,,40,crossing network
KO-FIN-04431,crown jewel과 관련된 내용을 확인하고 싶습니다.,Saya ingin memeriksa informasi yang berkaitan dengan mahakarya.,crown jewel,crown jewel,True,기타 금융일반,,1.0,1.0,1.0,0,,40,crown jewel
KO-FIN-04432,crown jewel의 정확한 의미는 해당 금융거래의 맥락과 함께 확인해야 합니다.,Arti yang tepat dari mahakarya harus dipahami dalam konteks transaksi keuangan yang bersangkutan.,crown jewel,crown jewel,True,기타 금융일반,,1.0,1.0,1.0,0,,40,crown jewel
KO-FIN-04433,CSD이 무엇인지 설명해 주세요.,Tolong jelaskan apa itu CSD.,CSD,CSD,True,증권·예탁,금융시장·거래,1.0,1.0,1.0,0,,0,
KO-FIN-04437,CUSIP이 무엇인지 설명해 주세요.,Tolong jelaskan apa itu CUSIP.,CUSIP,CUSIP,True,증권·예탁,,1.0,1.0,1.0,0,,0,
KO-FIN-04441,D.K.이 무엇을 의미하나요?,Apa arti D.K.?,D.K.,D.K.,True,금융시장·거래,,1.0,1.0,1.0,0,,0,
KO-FIN-04445,day trading이 무엇인지 설명해 주세요.,Tolong jelaskan apa itu perdagangan harian.,day trading,day trading,True,주식,,1.0,1.0,1.0,0,,40,day trading
KO-FIN-04449,DBC이 무엇인지 설명해 주세요.,Tolong jelaskan apa itu DBC.,DBC,DBC,True,증권·예탁,금융시장·거래,1.0,1.0,1.0,0,,0,
KO-FIN-04453,delivery notice이 무엇인지 설명해 주세요.,Tolong jelaskan apa itu pemberitahuan pengiriman.,delivery notice,delivery notice,True,지급결제·청산,,1.0,1.0,1.0,0,,50,delivery notice
KO-FIN-04460,dollar usance과 관련된 세부 업무는 해당 기관의 안내를 확인해 주세요.,"Untuk detail lebih lanjut mengenai kurs dolar, silakan periksa panduan dari lembaga terkait.",dollar usance,dollar usance,True,금융기관·은행,,1.0,1.0,1.0,0,,40,dollar usance
KO-FIN-04461,DTC이 무엇인지 설명해 주세요.,Tolong jelaskan apa itu DTC.,DTC,DTC,True,증권·예탁,지급결제·청산 / 금융시장·거래,1.0,1.0,1.0,0,,0,
KO-FIN-04465,Due bill이 무엇인지 설명해 주세요.,Tolong jelaskan apa itu Tagihan yang jatuh tempo.,Due bill,Due bill,True,주식,,1.0,1.0,1.0,0,,40,Due bill
KO-FIN-04469,dutch auction이 무엇인지 설명해 주세요.,Tolong jelaskan apa itu lelang Belanda.,dutch auction,dutch auction,True,채권,,1.0,1.0,1.0,0,,40,dutch auction
KO-FIN-04473,DVP link이 무엇인지 설명해 주세요.,Tolong jelaskan apa itu Tautan DVP.,DVP link,DVP link,True,증권·예탁,,1.0,1.0,1.0,0,,0,
KO-FIN-04477,E-TRADE이 무엇인지 설명해 주세요.,Tolong jelaskan apa itu E-TRADE.,E-TRADE,E-TRADE,True,증권·예탁,,1.0,1.0,1.0,0,,40,E-TRADE
KO-FIN-04481,ECF이 무엇인지 설명해 주세요.,Tolong jelaskan apa itu ECF.,ECF,ECF,True,지급결제·청산,금융기관·은행,1.0,1.0,1.0,0,,0,
KO-FIN-04485,EDR이 무엇인지 설명해 주세요.,Tolong jelaskan apa itu EDR.,EDR,EDR,True,증권·예탁,,1.0,1.0,1.0,0,,0,
KO-FIN-04489,EMCC이 무엇인지 설명해 주세요.,Tolong jelaskan apa itu EMCC.,EMCC,EMCC,True,지급결제·청산,금융시장·거래,1.0,1.0,1.0,0,,0,
KO-FIN-04495,EMEA과 관련된 내용을 확인하고 싶습니다.,Saya ingin memeriksa informasi terkait EMEA.,EMEA,EMEA,True,기타 금융일반,,1.0,1.0,1.0,0,,0,
KO-FIN-04496,EMEA의 정확한 의미는 해당 금융거래의 맥락과 함께 확인해야 합니다.,Arti yang tepat dari EMEA harus dipahami dalam konteks transaksi keuangan yang bersangkutan.,EMEA,EMEA,True,기타 금융일반,,1.0,1.0,1.0,0,,0,
KO-FIN-04497,ETF이 무엇을 의미하나요?,Apa arti ETF?,ETF,ETF,True,금융시장·거래,,1.0,1.0,1.0,0,,0,
KO-FIN-04504,EURIBOR은 심사 결과에 따라 이용 가능 여부가 달라질 수 있습니다.,Ketersediaan EURIBOR dapat berubah tergantung pada hasil penilaian.,EURIBOR,EURIBOR,True,대출,,1.0,1.0,1.0,0,,0,
KO-FIN-04505,EUROCLEAR이 무엇인지 설명해 주세요.,Tolong jelaskan apa itu EUROCLEAR.,EUROCLEAR,EUROCLEAR,True,증권·예탁,,1.0,1.0,1.0,0,,40,EUROCLEAR
KO-FIN-04511,EVA과 관련된 투자 정보를 확인하고 싶습니다.,Saya ingin memeriksa informasi investasi terkait EVA.,EVA,EVA,True,자산운용·투자,,1.0,1.0,1.0,0,,40,EVA
KO-FIN-04513,fallen angel이 무엇인지 설명해 주세요.,Tolong jelaskan apa itu malaikat yang jatuh.,fallen angel,fallen angel,True,증권·예탁,,1.0,1.0,1.0,0,,40,fallen angel
KO-FIN-04518,FED-WIRE을 이용하려면 어떻게 해야 하나요?,Bagaimana cara menggunakan FED-WIRE?,FED-WIRE,FED-WIRE,True,이체,증권·예탁,1.0,1.0,1.0,0,,0,
KO-FIN-04520,FED-WIRE을 진행하기 전에 입력한 정보를 다시 확인해 주세요.,"Sebelum melanjutkan ke FED-WIRE, harap periksa kembali informasi yang telah Anda masukkan.",FED-WIRE,FED-WIRE,True,이체,증권·예탁,1.0,1.0,1.0,0,,0,
KO-FIN-04521,fill or kill order이 무엇을 의미하나요?,"Apa arti pesanan ""isi atau batalkan""?",fill or kill order,fill or kill order,True,금융시장·거래,,1.0,1.0,1.0,0,,40,fill or kill order
KO-FIN-04525,finality of payment이 무엇인지 설명해 주세요.,Tolong jelaskan apa itu kepastian pembayaran.,finality of payment,finality of payment,True,지급결제·청산,이체 / 금융기관·은행,1.0,1.0,1.0,0,,50,finality of payment
KO-FIN-04529,five hundred dollar rule이 금융거래에 어떻게 적용되나요?,Bagaimana aturan lima ratus dolar diterapkan dalam transaksi keuangan ini?,five hundred dollar rule,five hundred dollar rule,True,금융법규·감독,,1.0,1.0,1.0,0,,50,five hundred dollar rule
KO-FIN-04531,five hundred dollar rule 때문에 추가로 확인해야 할 사항이 있나요?,Apakah ada hal lain yang perlu diperiksa terkait aturan lima ratus dolar?,five hundred dollar rule,five hundred dollar rule,True,금융법규·감독,,1.0,1.0,1.0,0,,50,five hundred dollar rule
KO-FIN-04533,FIX이 무엇을 의미하나요?,Apa arti FIX?,FIX,FIX,True,금융시장·거래,,1.0,1.0,1.0,0,,0,
KO-FIN-04537,flipping이 무엇인지 설명해 주세요.,Tolong jelaskan apa itu flipping.,flipping,flipping,True,증권·예탁,,1.0,1.0,1.0,0,,40,flipping
KO-FIN-04541,FORM 10-K이 금융거래에서 무엇을 의미하나요?,Apa arti FORMULIR 10-K dalam transaksi keuangan ini?,FORM 10-K,FORM 10-K,True,법률·계약,,1.0,1.0,1.0,0,,0,
KO-FIN-04545,FORM 10-Q이 무엇인지 설명해 주세요.,Tolong jelaskan apa itu FORMULIR 10-Q.,FORM 10-Q,FORM 10-Q,True,증권·예탁,,1.0,1.0,1.0,0,,0,
KO-FIN-04549,FORM 3이 무엇인지 설명해 주세요.,Tolong jelaskan apa itu FORM 3.,FORM 3,FORM 3,True,주식,금융시장·거래,1.0,1.0,1.0,0,,20,FORM 3
KO-FIN-04553,FORM 4이 무엇인지 설명해 주세요.,Tolong jelaskan apa itu FORMULIR 4.,FORM 4,FORM 4,True,주식,,1.0,1.0,1.0,0,,20,FORM 4
KO-FIN-04557,FORM 8-K이 무엇을 의미하나요?,Apa arti FORMULIR 8-K?,FORM 8-K,FORM 8-K,True,금융시장·거래,,1.0,1.0,1.0,0,,0,
KO-FIN-04561,forward pricing이 무엇인지 설명해 주세요.,Tolong jelaskan apa itu penetapan harga di muka.,forward pricing,forward pricing,True,주식,,1.0,1.0,1.0,0,,40,forward pricing
KO-FIN-04568,FUND/NETWORKING은 운용 결과에 따라 원금 손실이 발생할 수 있습니다.,DANA/JARINGAN dapat mengakibatkan kerugian pokok tergantung pada hasil operasionalnya.,FUND/NETWORKING,FUND/NETWORKING,True,펀드·신탁,,1.0,1.0,1.0,0,,40,FUND/NETWORKING
KO-FIN-04569,FUND/SERV이 무엇인지 설명해 주세요.,Tolong jelaskan apa itu FUND/SERV.,FUND/SERV,FUND/SERV,True,지급결제·청산,금융기관·은행,1.0,1.0,1.0,0,,0,
KO-FIN-04573,FV/EBITDA이 무엇인지 설명해 주세요.,Tolong jelaskan apa itu FV/EBITDA.,FV/EBITDA,FV/EBITDA,True,주식,,1.0,1.0,1.0,0,,0,
KO-FIN-04577,G-30이 무엇인지 설명해 주세요.,Tolong jelaskan apa itu G-30.,G-30,G-30,True,증권·예탁,,1.0,1.0,1.0,0,,0,
KO-FIN-04581,gilt-edged securities이 무엇인지 설명해 주세요.,Tolong jelaskan apa itu surat berharga yang sangat aman.,gilt-edged securities,gilt-edged securities,True,증권·예탁,,1.0,1.0,1.0,0,,40,gilt-edged securities
KO-FIN-04588,giro lombard over draft과 관련된 세부 업무는 해당 기관의 안내를 확인해 주세요.,"Untuk rincian tugas terkait giro lombard overdraft, silakan periksa panduan dari lembaga yang bersangkutan.",giro lombard over draft,giro lombard over draft,True,금융기관·은행,,1.0,1.0,1.0,0,,40,giro lombard over draft
KO-FIN-04589,GLOBALCLEAR이 무엇인지 설명해 주세요.,Tolong jelaskan apa itu GLOBALCLEAR.,GLOBALCLEAR,GLOBALCLEAR,True,지급결제·청산,,1.0,1.0,1.0,0,,40,GLOBALCLEAR
KO-FIN-04593,GLOBEX ALLIANCE이 무엇을 의미하나요?,Apa arti GLOBEX ALLIANCE?,GLOBEX ALLIANCE,GLOBEX ALLIANCE,True,금융시장·거래,,1.0,1.0,1.0,0,,40,GLOBEX ALLIANCE
KO-FIN-04597,GNMA이 무엇인지 설명해 주세요.,Tolong jelaskan apa itu GNMA.,GNMA,GNMA,True,증권·예탁,,1.0,1.0,1.0,0,,0,
KO-FIN-04601,greenmail이 무엇인지 설명해 주세요.,Tolong jelaskan apa itu greenmail.,greenmail,greenmail,True,주식,,1.0,1.0,1.0,0,,40,greenmail
KO-FIN-04607,grey market과 관련된 투자 정보를 확인하고 싶습니다.,Saya ingin memeriksa informasi investasi terkait pasar gelap.,grey market,grey market,True,자산운용·투자,,1.0,1.0,1.0,0,,50,grey market
KO-FIN-04609,gun jumping이 무엇을 의미하나요?,Apa arti gun jumping?,gun jumping,gun jumping,True,금융시장·거래,,1.0,1.0,1.0,0,,50,gun jumping
KO-FIN-04613,HKSCC이 무엇을 의미하나요?,Apa arti HKSCC?,HKSCC,HKSCC,True,금융시장·거래,증권·예탁,1.0,1.0,1.0,0,,0,
KO-FIN-04617,hub & spokes이 무엇인지 설명해 주세요.,Tolong jelaskan apa itu hub & spokes.,hub & spokes,hub & spokes,True,지급결제·청산,증권·예탁,1.0,1.0,1.0,0,,40,hub & spokes
KO-FIN-04621,IBAN에 대해 자세히 알려주세요.,Tolong jelaskan lebih lanjut tentang IBAN.,IBAN,IBAN,True,해외송금·외환,,1.0,1.0,1.0,0,,0,
KO-FIN-04622,IBAN을 확인하고 싶습니다.,Saya ingin memeriksa IBAN.,IBAN,IBAN,True,해외송금·외환,,1.0,1.0,1.0,0,,0,
KO-FIN-04625,IID이 무엇을 의미하나요?,Apa arti IID?,IID,IID,True,금융시장·거래,,1.0,1.0,1.0,0,,0,
KO-FIN-04630,IMF 8조국과 관련된 거래 조건을 확인하고 싶습니다.,Saya ingin memeriksa ketentuan transaksi yang terkait dengan Negara dengan utang sebesar 8 triliun kepada IMF.,IMF 8조국,IMF 8조국,True,국제금융,,1.0,1.0,1.0,0,,30,IMF 8조국
KO-FIN-04632,IMF 8조국과 관련된 거래에서는 국가별 규정과 통화를 함께 확인해야 합니다.,"Dalam transaksi yang berkaitan dengan Negara dengan utang sebesar 8 triliun kepada IMF, Anda harus memeriksa peraturan dan mata uang yang berlaku di masing-masing negara.",IMF 8조국,IMF 8조국,True,국제금융,,1.0,1.0,1.0,0,,30,IMF 8조국
KO-FIN-04634,IMF 구제금융과 관련된 거래 조건을 확인하고 싶습니다.,Saya ingin memeriksa ketentuan transaksi yang terkait dengan Bantuan Keuangan IMF.,IMF 구제금융,IMF 구제금융,True,국제금융,,1.0,1.0,1.0,0,,20,IMF 구제금융
KO-FIN-04636,IMF 구제금융과 관련된 거래에서는 국가별 규정과 통화를 함께 확인해야 합니다.,"Dalam transaksi yang berkaitan dengan Bantuan Keuangan IMF, Anda harus memeriksa peraturan dan mata uang masing-masing negara.",IMF 구제금융,IMF 구제금융,True,국제금융,,1.0,1.0,1.0,0,,20,IMF 구제금융
KO-FIN-04637,indenture이 무엇인지 설명해 주세요.,Tolong jelaskan apa itu perjanjian.,indenture,indenture,True,채권,,1.0,1.0,1.0,0,,50,indenture
KO-FIN-04641,independent broker이 무엇을 의미하나요?,Apa arti broker independen?,independent broker,independent broker,True,금융시장·거래,,1.0,1.0,1.0,0,,50,independent broker
KO-FIN-04648,infrastructure은 심사 결과에 따라 이용 가능 여부가 달라질 수 있습니다.,Ketersediaan infrastruktur dapat bervariasi tergantung pada hasil penilaian.,infrastructure,infrastructure,True,대출,,1.0,1.0,1.0,0,,50,infrastructure
KO-FIN-04649,INSTINET이 무엇을 의미하나요?,Apa arti INSTINET?,INSTINET,INSTINET,True,금융시장·거래,,1.0,1.0,1.0,0,,50,INSTINET
KO-FIN-04656,interlinker은 심사 결과에 따라 이용 가능 여부가 달라질 수 있습니다.,Ketersediaan penghubung dapat berubah tergantung pada hasil penilaian.,interlinker,interlinker,True,대출,,1.0,1.0,1.0,0,,50,interlinker
KO-FIN-04657,intermarket trading system이 무엇을 의미하나요?,Apa arti sistem perdagangan antar pasar?,intermarket trading system,intermarket trading system,True,금융시장·거래,,1.0,1.0,1.0,0,,40,intermarket trading system
KO-FIN-04661,investment bank이 무엇인지 설명해 주세요.,Tolong jelaskan apa itu bank investasi.,investment bank,investment bank,True,증권·예탁,펀드·신탁 / 자산운용·투자,1.0,1.0,1.0,0,,50,investment bank
KO-FIN-04668,investment banking과 관련된 세부 업무는 해당 기관의 안내를 확인해 주세요.,"Untuk rincian tugas yang berkaitan dengan perbankan investasi, silakan periksa panduan dari lembaga terkait.",investment banking,investment banking,True,금융기관·은행,,1.0,1.0,1.0,0,,50,investment banking
KO-FIN-04671,investment company과 관련된 투자 정보를 확인하고 싶습니다.,Saya ingin memeriksa informasi investasi terkait perusahaan investasi.,investment company,investment company,True,자산운용·투자,,1.0,1.0,1.0,0,,50,investment company
KO-FIN-04675,ISDN과 관련된 내용을 확인하고 싶습니다.,Saya ingin memeriksa informasi yang berkaitan dengan ISDN.,ISDN,ISDN,True,기타 금융일반,,1.0,1.0,1.0,0,,0,
KO-FIN-04676,ISDN의 정확한 의미는 해당 금융거래의 맥락과 함께 확인해야 합니다.,Arti yang tepat dari ISDN harus dipahami dalam konteks transaksi keuangan yang bersangkutan.,ISDN,ISDN,True,기타 금융일반,,1.0,1.0,1.0,0,,0,
KO-FIN-04677,ISIN이 무엇인지 설명해 주세요.,Tolong jelaskan apa itu ISIN.,ISIN,ISIN,True,증권·예탁,,1.0,1.0,1.0,0,,60,ISIN
KO-FIN-04685,ISMA이 무엇을 의미하나요?,Apa arti ISMA?,ISMA,ISMA,True,금융시장·거래,증권·예탁,1.0,1.0,1.0,0,,0,
KO-FIN-04689,ISO 20022이 무엇인지 설명해 주세요.,Tolong jelaskan apa itu ISO 20022.,ISO 20022,ISO 20022,True,증권·예탁,,1.0,1.0,1.0,0,,0,
KO-FIN-04693,ISO 7775이 무엇인지 설명해 주세요.,Tolong jelaskan apa itu ISO 7775.,ISO 7775,ISO 7775,True,증권·예탁,,1.0,1.0,1.0,0,,0,
KO-FIN-04697,ISO이 무엇인지 설명해 주세요.,Tolong jelaskan apa itu ISO.,ISO,ISO,True,증권·예탁,,1.0,1.0,1.0,0,,0,
KO-FIN-04701,ITM이 무엇인지 쉽게 설명해 주세요.,Tolong jelaskan dengan sederhana apa itu ITM.,ITM,ITM,True,파생상품,,1.0,1.0,1.0,0,,0,
KO-FIN-04705,Jobber이 무엇을 의미하나요?,Apa arti Jobber?,Jobber,Jobber,True,금융시장·거래,,1.0,1.0,1.0,0,,50,Jobber
KO-FIN-04709,kassenverein이 무엇인지 설명해 주세요.,Tolong jelaskan apa itu kassenverein.,kassenverein,kassenverein,True,증권·예탁,,1.0,1.0,1.0,0,,40,kassenverein
KO-FIN-04713,KELER이 무엇인지 설명해 주세요.,Tolong jelaskan apa itu KELER.,KELER,KELER,True,증권·예탁,금융시장·거래,1.0,1.0,1.0,0,,40,KELER
KO-FIN-04719,killer bees과 관련된 투자 정보를 확인하고 싶습니다.,Saya ingin memeriksa informasi investasi terkait lebah pembunuh.,killer bees,killer bees,True,자산운용·투자,,1.0,1.0,1.0,0,,40,killer bees
KO-FIN-04721,know-your customer rule이 무엇을 의미하나요?,Apa arti aturan kenali nasabah Anda?,know-your customer rule,know-your customer rule,True,금융시장·거래,,1.0,1.0,1.0,0,,40,know-your customer rule
KO-FIN-04725,KOSPI 200이 무엇인지 설명해 주세요.,Tolong jelaskan apa itu KOSPI 200.,KOSPI 200,KOSPI 200,True,주식,,1.0,1.0,1.0,0,,0,
KO-FIN-04729,Lamfalussy기준이 무엇인지 설명해 주세요.,Tolong jelaskan apa itu Standar Lamfalussy.,Lamfalussy기준,Lamfalussy기준,True,지급결제·청산,,1.0,1.0,1.0,0,,40,Lamfalussy기준
KO-FIN-04736,LBO은 심사 결과에 따라 이용 가능 여부가 달라질 수 있습니다.,Ketersediaan LBO dapat berubah tergantung pada hasil penilaian.,LBO,LBO,True,대출,,1.0,1.0,1.0,0,,0,
KO-FIN-04737,Link-Up Markets이 무엇인지 설명해 주세요.,Tolong jelaskan apa itu Link-Up Markets.,Link-Up Markets,Link-Up Markets,True,지급결제·청산,,1.0,1.0,1.0,0,,40,Link-Up Markets
KO-FIN-04741,local trader이 무엇을 의미하나요?,Apa arti pedagang lokal?,local trader,local trader,True,금융시장·거래,,1.0,1.0,1.0,0,,40,local trader
KO-FIN-04746,M&A을 이용하려면 어떤 조건이 필요한가요?,Apa saja syarat yang diperlukan untuk menggunakan M&A?,M&A,M&A,True,기업금융·자본조달,,1.0,1.0,1.0,0,,0,
KO-FIN-04747,M&A과 관련된 비용과 절차를 확인하고 싶습니다.,Saya ingin mengetahui biaya dan prosedur yang berkaitan dengan M&A.,M&A,M&A,True,기업금융·자본조달,,1.0,1.0,1.0,0,,0,
KO-FIN-04752,"M1, M2, M3과 관련된 세부 업무는 해당 기관의 안내를 확인해 주세요.","Untuk detail tugas yang berkaitan dengan M1, M2, M3, silakan periksa panduan dari lembaga terkait.","M1, M2, M3","M1, M2, M3",True,금융기관·은행,,1.0,1.0,1.0,0,,0,
KO-FIN-04753,MADOFF이 무엇을 의미하나요?,Apa arti MADOFF?,MADOFF,MADOFF,True,금융시장·거래,증권·예탁,1.0,1.0,1.0,0,,40,MADOFF
KO-FIN-04757,MALONEY ACT이 무엇을 의미하나요?,Apa arti UNDANG-UNDANG MALONEY?,MALONEY ACT,MALONEY ACT,True,금융시장·거래,,1.0,1.0,1.0,0,,0,
KO-FIN-04761,matched book이 무엇을 의미하나요?,Apa arti buku yang cocok?,matched book,matched book,True,금융시장·거래,,1.0,1.0,1.0,0,,40,matched book
KO-FIN-04768,matching fund은 운용 결과에 따라 원금 손실이 발생할 수 있습니다.,dana pendamping dapat mengakibatkan kerugian pokok tergantung pada hasil operasionalnya.,matching fund,matching fund,True,펀드·신탁,자산운용·투자,1.0,1.0,1.0,0,,40,matching fund
KO-FIN-04769,MIC이 무엇을 의미하나요?,Apa arti MIC?,MIC,MIC,True,금융시장·거래,,1.0,1.0,1.0,0,,0,
KO-FIN-04775,MiFID과 관련된 투자 정보를 확인하고 싶습니다.,Saya ingin memeriksa informasi investasi terkait MiFID.,MiFID,MiFID,True,자산운용·투자,,1.0,1.0,1.0,0,,0,
KO-FIN-04777,MIT이 무엇을 의미하나요?,Apa arti MIT?,MIT,MIT,True,금융시장·거래,,1.0,1.0,1.0,0,,0,
KO-FIN-04784,MM의 자본구조 이론은 심사 결과에 따라 이용 가능 여부가 달라질 수 있습니다.,Ketersediaan Teori Struktur Modal MM dapat berubah tergantung pada hasil penilaian.,MM의 자본구조 이론,MM의 자본구조 이론,True,대출,,1.0,1.0,1.0,0,,0,
KO-FIN-04785,Moddy's investment grade이 무엇인지 설명해 주세요.,Tolong jelaskan apa itu Peringkat investasi Moody's.,Moddy's investment grade,Moddy's investment grade,True,채권,,1.0,1.0,1.0,0,,40,Moddy's investment grade
KO-FIN-04789,MONTE TITOLI S.P.A.이 무엇인지 설명해 주세요.,Tolong jelaskan apa itu MONTE TITOLI S.P.A..,MONTE TITOLI S.P.A.,MONTE TITOLI S.P.A.,True,증권·예탁,주식 / 금융기관·은행,1.0,1.0,1.0,0,,40,MONTE TITOLI S.P.A.
KO-FIN-04793,MSRB이 무엇인지 설명해 주세요.,Tolong jelaskan apa itu MSRB.,MSRB,MSRB,True,증권·예탁,,1.0,1.0,1.0,0,,0,
KO-FIN-04800,narrow bank은 심사 결과에 따라 이용 가능 여부가 달라질 수 있습니다.,Ketersediaan bank khusus dapat berubah tergantung pada hasil penilaian.,narrow bank,narrow bank,True,대출,,1.0,1.0,1.0,0,,40,narrow bank
KO-FIN-04801,national market system이 무엇을 의미하나요?,Apa arti sistem pasar nasional?,national market system,national market system,True,금융시장·거래,,1.0,1.0,1.0,0,,40,national market system
KO-FIN-04805,NECIGEF이 무엇인지 설명해 주세요.,Tolong jelaskan apa itu NECIGEF.,NECIGEF,NECIGEF,True,증권·예탁,금융시장·거래,1.0,1.0,1.0,0,,0,
KO-FIN-04809,net credit or net debit position이 무엇인지 설명해 주세요.,Tolong jelaskan apa itu posisi kredit bersih atau posisi debit bersih.,net credit or net debit position,net credit or net debit position,True,지급결제·청산,,1.0,1.0,1.0,0,,40,net credit or net debit position
KO-FIN-04813,net debit caps이 무엇인지 설명해 주세요.,Tolong jelaskan apa itu batas debit bersih.,net debit caps,net debit caps,True,증권·예탁,,1.0,1.0,1.0,0,,40,net debit caps
KO-FIN-04817,net sender limits이 무엇인지 설명해 주세요.,Tolong jelaskan apa itu batas pengirim jaringan.,net sender limits,net sender limits,True,지급결제·청산,,1.0,1.0,1.0,0,,40,net sender limits
KO-FIN-04821,NICRA이 무엇인지 설명해 주세요.,Tolong jelaskan apa itu NICRA.,NICRA,NICRA,True,채권,,1.0,1.0,1.0,0,,0,
KO-FIN-04827,NMPG과 관련된 내용을 확인하고 싶습니다.,Saya ingin memeriksa informasi yang berkaitan dengan NMPG.,NMPG,NMPG,True,기타 금융일반,,1.0,1.0,1.0,0,,0,
KO-FIN-04828,NMPG의 정확한 의미는 해당 금융거래의 맥락과 함께 확인해야 합니다.,Arti yang tepat dari NMPG harus dipahami dalam konteks transaksi keuangan yang bersangkutan.,NMPG,NMPG,True,기타 금융일반,,1.0,1.0,1.0,0,,0,
KO-FIN-04829,nominee name이 무엇인지 설명해 주세요.,Tolong jelaskan apa itu nama calon.,nominee name,nominee name,True,증권·예탁,주식,1.0,1.0,1.0,0,,40,nominee name
KO-FIN-04836,nostro account과 관련된 세부 업무는 해당 기관의 안내를 확인해 주세요.,"Untuk detail tugas yang berkaitan dengan akun kami, silakan periksa panduan dari lembaga terkait.",nostro account,nostro account,True,금융기관·은행,,1.0,1.0,1.0,0,,40,nostro account
KO-FIN-04837,NSCC이 무엇을 의미하나요?,Apa arti NSCC?,NSCC,NSCC,True,금융시장·거래,지급결제·청산 / 펀드·신탁 / 증권·예탁,1.0,1.0,1.0,0,,0,
KO-FIN-04841,NYSE rule 387이 무엇을 의미하나요?,Apa arti Aturan NYSE 387?,NYSE rule 387,NYSE rule 387,True,금융시장·거래,증권·예탁,1.0,1.0,1.0,0,,0,
KO-FIN-04847,on-line system과 관련된 투자 정보를 확인하고 싶습니다.,Saya ingin melihat informasi investasi terkait sistem daring.,on-line system,on-line system,True,자산운용·투자,,1.0,1.0,1.0,0,,40,on-line system
KO-FIN-04849,open position이 무엇을 의미하나요?,Apa arti lowongan pekerjaan?,open position,open position,True,금융시장·거래,,1.0,1.0,1.0,0,,50,open position
KO-FIN-04853,OTM이 무엇을 의미하나요?,Apa arti OTM?,OTM,OTM,True,금융시장·거래,,1.0,1.0,1.0,0,,0,
KO-FIN-04858,P&A에서 이용할 수 있는 금융업무는 무엇인가요?,Layanan keuangan apa saja yang tersedia di P&A?,P&A,P&A,True,금융기관·은행,,1.0,1.0,1.0,0,,40,P&A
KO-FIN-04861,pac-man strategy이 무엇인지 설명해 주세요.,Tolong jelaskan apa itu strategi Pac-Man.,pac-man strategy,pac-man strategy,True,주식,,1.0,1.0,1.0,0,,50,pac-man strategy
KO-FIN-04866,paper-based credit transfers은 어디에서 확인할 수 있나요?,Di mana saya bisa memeriksa transfer kredit berbasis kertas?,paper-based credit transfers,paper-based credit transfers,True,계좌,이체,1.0,1.0,1.0,0,,40,paper-based credit transfers
KO-FIN-04872,PB은 심사 결과에 따라 이용 가능 여부가 달라질 수 있습니다.,Ketersediaan PB dapat berubah tergantung pada hasil penilaian.,PB,PB,True,대출,,1.0,1.0,1.0,0,,0,
KO-FIN-04873,PIKS이 무엇인지 설명해 주세요.,Tolong jelaskan apa itu PIKS.,PIKS,PIKS,True,채권,,1.0,1.0,1.0,0,,40,PIKS
KO-FIN-04877,plus tick이 무엇을 의미하나요?,Apa arti dari plus centang?,plus tick,plus tick,True,금융시장·거래,,1.0,1.0,1.0,0,,40,plus tick
KO-FIN-04881,poison pill이 무엇인지 설명해 주세요.,Tolong jelaskan apa itu poison pill.,poison pill,poison pill,True,주식,,1.0,1.0,1.0,0,,50,poison pill
KO-FIN-04885,POSIT이 무엇을 의미하나요?,Apa arti POSIT?,POSIT,POSIT,True,금융시장·거래,,1.0,1.0,1.0,0,,40,POSIT
KO-FIN-04889,position에 대해 자세히 알려주세요.,Tolong jelaskan lebih detail mengenai posisi.,position,position,True,해외송금·외환,금융시장·거래,1.0,1.0,1.0,0,,50,position
KO-FIN-04890,position을 확인하고 싶습니다.,Saya ingin memeriksa posisi.,position,position,True,해외송금·외환,금융시장·거래,1.0,1.0,1.0,0,,50,position
KO-FIN-04896,pre-commitment approach과 관련된 세부 업무는 해당 기관의 안내를 확인해 주세요.,"Untuk detail tugas yang berkaitan dengan pendekatan pra-komitmen, silakan periksa panduan dari lembaga terkait.",pre-commitment approach,pre-commitment approach,True,금융기관·은행,,1.0,1.0,1.0,0,,40,pre-commitment approach
KO-FIN-04897,PTS이 무엇을 의미하나요?,Apa arti PTS?,PTS,PTS,True,금융시장·거래,증권·예탁,1.0,1.0,1.0,0,,0,
KO-FIN-04903,QFI과 관련된 투자 정보를 확인하고 싶습니다.,Saya ingin memeriksa informasi investasi terkait QFI.,QFI,QFI,True,자산운용·투자,,1.0,1.0,1.0,0,,0,
KO-FIN-04907,QIB과 관련된 투자 정보를 확인하고 싶습니다.,Saya ingin memeriksa informasi investasi yang berkaitan dengan QIB.,QIB,QIB,True,자산운용·투자,,1.0,1.0,1.0,0,,0,
KO-FIN-04909,QuantEX이 무엇을 의미하나요?,Apa arti QuantEX?,QuantEX,QuantEX,True,금융시장·거래,,1.0,1.0,1.0,0,,40,QuantEX
KO-FIN-04913,registar이 무엇인지 설명해 주세요.,Tolong jelaskan apa itu registar.,registar,registar,True,채권,증권·예탁,1.0,1.0,1.0,0,,50,registar
KO-FIN-04917,registered competitive trader이 무엇을 의미하나요?,Apa arti pedagang terdaftar yang berkompetisi?,registered competitive trader,registered competitive trader,True,금융시장·거래,,1.0,1.0,1.0,0,,40,registered competitive trader
KO-FIN-04921,REGULATION A이 금융거래에 어떻게 적용되나요?,Bagaimana PERATURAN A diterapkan dalam transaksi keuangan ini?,REGULATION A,REGULATION A,True,금융법규·감독,,1.0,1.0,1.0,0,,50,REGULATION A
KO-FIN-04923,REGULATION A 때문에 추가로 확인해야 할 사항이 있나요?,Apakah ada hal lain yang perlu diperiksa terkait PERATURAN A?,REGULATION A,REGULATION A,True,금융법규·감독,,1.0,1.0,1.0,0,,50,REGULATION A
KO-FIN-04925,REGULATION D이 금융거래에 어떻게 적용되나요?,Bagaimana PERATURAN D diterapkan dalam transaksi keuangan ini?,REGULATION D,REGULATION D,True,금융법규·감독,,1.0,1.0,1.0,0,,50,REGULATION D
KO-FIN-04927,REGULATION D 때문에 추가로 확인해야 할 사항이 있나요?,Apakah ada hal lain yang perlu diperiksa terkait PERATURAN D?,REGULATION D,REGULATION D,True,금융법규·감독,,1.0,1.0,1.0,0,,50,REGULATION D
KO-FIN-04932,REGULATION G은 심사 결과에 따라 이용 가능 여부가 달라질 수 있습니다.,Ketersediaan PERATURAN G dapat berubah tergantung pada hasil penilaian.,REGULATION G,REGULATION G,True,대출,,1.0,1.0,1.0,0,,50,REGULATION G
KO-FIN-04935,REGULATION Q에 대해 상담받고 싶습니다.,Saya ingin berkonsultasi mengenai PERATURAN Q.,REGULATION Q,REGULATION Q,True,예금상품,,1.0,1.0,1.0,0,,50,REGULATION Q
KO-FIN-04937,REGULATION T이 무엇인지 설명해 주세요.,Tolong jelaskan apa itu PERATURAN T.,REGULATION T,REGULATION T,True,증권·예탁,,1.0,1.0,1.0,0,,50,REGULATION T
KO-FIN-04941,REGULATION U이 무엇인지 설명해 주세요.,Tolong jelaskan apa itu PERATURAN U.,REGULATION U,REGULATION U,True,증권·예탁,대출,1.0,1.0,1.0,0,,50,REGULATION U
KO-FIN-04945,RELIT이 무엇인지 설명해 주세요.,Tolong jelaskan apa itu RELIT.,RELIT,RELIT,True,지급결제·청산,금융시장·거래,1.0,1.0,1.0,0,,0,
KO-FIN-04949,reorganization이 무엇인지 설명해 주세요.,Tolong jelaskan apa itu reorganisasi.,reorganization,reorganization,True,채권,,1.0,1.0,1.0,0,,50,reorganization
KO-FIN-04956,repo-to-maturity은 심사 결과에 따라 이용 가능 여부가 달라질 수 있습니다.,Ketersediaan repo hingga jatuh tempo dapat berubah tergantung pada hasil penilaian.,repo-to-maturity,repo-to-maturity,True,대출,,1.0,1.0,1.0,0,,40,repo-to-maturity
KO-FIN-04957,repo/RP이 무엇인지 설명해 주세요.,Tolong jelaskan apa itu repo/RP.,repo/RP,repo/RP,True,채권,증권·예탁 / 금융시장·거래 / 대출,1.0,1.0,1.0,0,,0,
KO-FIN-04961,RGV이 무엇인지 설명해 주세요.,Tolong jelaskan apa itu RGV.,RGV,RGV,True,지급결제·청산,금융기관·은행,1.0,1.0,1.0,0,,0,
KO-FIN-04965,round lot이 무엇을 의미하나요?,Apa arti dari lahan berbentuk bulat?,round lot,round lot,True,금융시장·거래,,1.0,1.0,1.0,0,,40,round lot
KO-FIN-04969,RSI이 무엇인지 설명해 주세요.,Tolong jelaskan apa itu RSI.,RSI,RSI,True,증권·예탁,,1.0,1.0,1.0,0,,0,
KO-FIN-04975,rule OF 72과 관련된 투자 정보를 확인하고 싶습니다.,Saya ingin memeriksa informasi investasi terkait Aturan 72.,rule OF 72,rule OF 72,True,자산운용·투자,,1.0,1.0,1.0,0,,40,rule OF 72
KO-FIN-04977,rule of fair practice이 무엇인지 설명해 주세요.,Tolong jelaskan apa itu prinsip praktik yang adil.,rule of fair practice,rule of fair practice,True,증권·예탁,,1.0,1.0,1.0,0,,40,rule of fair practice
KO-FIN-04981,RVP이 무엇인지 설명해 주세요.,Tolong jelaskan apa itu RVP.,RVP,RVP,True,증권·예탁,,1.0,1.0,1.0,0,,0,
KO-FIN-04985,S&R이 무엇인지 설명해 주세요.,Tolong jelaskan apa itu S&R.,S&R,S&R,True,지급결제·청산,,1.0,1.0,1.0,0,,0,
KO-FIN-04989,SAFE 21이 무엇인지 설명해 주세요.,Tolong jelaskan apa itu SAFE 21.,SAFE 21,SAFE 21,True,증권·예탁,,1.0,1.0,1.0,0,,0,
KO-FIN-04993,Saturday night special이 무엇인지 설명해 주세요.,Tolong jelaskan apa itu Acara Spesial Sabtu Malam.,Saturday night special,Saturday night special,True,주식,,1.0,1.0,1.0,0,,40,Saturday night special
KO-FIN-04997,SCHEDULE 13D이 무엇인지 설명해 주세요.,Tolong jelaskan apa itu JADWAL 13D.,SCHEDULE 13D,SCHEDULE 13D,True,주식,,1.0,1.0,1.0,0,,20,SCHEDULE 13D
KO-FIN-05001,SECOM이 무엇을 의미하나요?,Apa arti SECOM?,SECOM,SECOM,True,금융시장·거래,,1.0,1.0,1.0,0,,0,
KO-FIN-05005,SEDOL이 무엇을 의미하나요?,Apa arti SEDOL?,SEDOL,SEDOL,True,금융시장·거래,,1.0,1.0,1.0,0,,0,
KO-FIN-05009,SEGA이 무엇인지 설명해 주세요.,Tolong jelaskan apa itu SEGA.,SEGA,SEGA,True,증권·예탁,,1.0,1.0,1.0,0,,40,SEGA
KO-FIN-05013,segregation of securities이 무엇인지 설명해 주세요.,Tolong jelaskan apa itu pemisahan sekuritas.,segregation of securities,segregation of securities,True,증권·예탁,,1.0,1.0,1.0,0,,50,segregation of securities
KO-FIN-05017,settlement이 무엇인지 설명해 주세요.,Tolong jelaskan apa itu penyelesaian.,settlement,settlement,True,채권,,1.0,1.0,1.0,0,,50,settlement
KO-FIN-05021,SIAC이 무엇을 의미하나요?,Apa arti SIAC?,SIAC,SIAC,True,금융시장·거래,,1.0,1.0,1.0,0,,0,
KO-FIN-05025,SICOVAM이 무엇인지 설명해 주세요.,Tolong jelaskan apa itu SICOVAM.,SICOVAM,SICOVAM,True,증권·예탁,,1.0,1.0,1.0,0,,0,
KO-FIN-05029,SIS SegaIntersettle이 무엇인지 설명해 주세요.,Tolong jelaskan apa itu SIS SegaIntersettle.,SIS SegaIntersettle,SIS SegaIntersettle,True,증권·예탁,,1.0,1.0,1.0,0,,40,SIS SegaIntersettle
KO-FIN-05034,sleeping beauty과 관련된 금리와 비용을 확인하고 싶습니다.,Saya ingin mengetahui suku bunga dan biaya yang terkait dengan putri tidur.,sleeping beauty,sleeping beauty,True,부동산금융,,1.0,1.0,1.0,0,,40,sleeping beauty
KO-FIN-05035,sleeping beauty을 이용할 때 필요한 서류는 무엇인가요?,Dokumen apa saja yang diperlukan untuk menggunakan putri tidur?,sleeping beauty,sleeping beauty,True,부동산금융,,1.0,1.0,1.0,0,,40,sleeping beauty
KO-FIN-05037,SMPG이 무엇인지 설명해 주세요.,Tolong jelaskan apa itu SMPG.,SMPG,SMPG,True,증권·예탁,,1.0,1.0,1.0,0,,0,
KO-FIN-05043,snow balling과 관련된 내용을 확인하고 싶습니다.,Saya ingin memeriksa informasi yang berkaitan dengan efek bola salju.,snow balling,snow balling,True,기타 금융일반,,1.0,1.0,1.0,0,,40,snow balling
KO-FIN-05044,snow balling의 정확한 의미는 해당 금융거래의 맥락과 함께 확인해야 합니다.,Arti yang tepat dari efek bola salju harus dipahami dalam konteks transaksi keuangan yang bersangkutan.,snow balling,snow balling,True,기타 금융일반,,1.0,1.0,1.0,0,,40,snow balling
KO-FIN-05045,spagetti problem이 무엇인지 설명해 주세요.,Tolong jelaskan apa itu masalah spageti.,spagetti problem,spagetti problem,True,증권·예탁,,1.0,1.0,1.0,0,,40,spagetti problem
KO-FIN-05049,stock power이 무엇인지 설명해 주세요.,Tolong jelaskan apa itu daya saham.,stock power,stock power,True,주식,,1.0,1.0,1.0,0,,50,stock power
KO-FIN-05053,stock watcher이 무엇을 의미하나요?,Apa arti pengamat saham?,stock watcher,stock watcher,True,금융시장·거래,,1.0,1.0,1.0,0,,40,stock watcher
KO-FIN-05057,STP이 무엇을 의미하나요?,Apa arti STP?,STP,STP,True,금융시장·거래,,1.0,1.0,1.0,0,,0,
KO-FIN-05061,street name이 무엇인지 설명해 주세요.,Tolong jelaskan apa itu nama jalan.,street name,street name,True,증권·예탁,,1.0,1.0,1.0,0,,40,street name
KO-FIN-05068,subparticipation은 심사 결과에 따라 이용 가능 여부가 달라질 수 있습니다.,Ketersediaan subpartisipasi dapat berubah tergantung pada hasil penilaian.,subparticipation,subparticipation,True,대출,,1.0,1.0,1.0,0,,50,subparticipation
KO-FIN-05069,suicide pill이 무엇인지 설명해 주세요.,Tolong jelaskan apa itu pil bunuh diri.,suicide pill,suicide pill,True,주식,,1.0,1.0,1.0,0,,50,suicide pill
KO-FIN-05076,sunday bank과 관련된 세부 업무는 해당 기관의 안내를 확인해 주세요.,"Untuk detail tugas yang berkaitan dengan bank hari Minggu, silakan periksa panduan dari lembaga terkait.",sunday bank,sunday bank,True,금융기관·은행,,1.0,1.0,1.0,0,,40,sunday bank
KO-FIN-05077,sushi bond이 무엇인지 설명해 주세요.,Tolong jelaskan apa itu sushi bond.,sushi bond,sushi bond,True,채권,,1.0,1.0,1.0,0,,40,sushi bond
KO-FIN-05081,SWIFT에 대해 자세히 알려주세요.,Tolong jelaskan lebih lanjut tentang SWIFT.,SWIFT,SWIFT,True,해외송금·외환,금융시장·거래 / 국제금융,1.0,1.0,1.0,0,,0,
KO-FIN-05082,SWIFT을 확인하고 싶습니다.,Saya ingin memeriksa SWIFT.,SWIFT,SWIFT,True,해외송금·외환,금융시장·거래 / 국제금융,1.0,1.0,1.0,0,,0,
KO-FIN-05088,system repo과 관련된 세부 업무는 해당 기관의 안내를 확인해 주세요.,"Untuk detail pekerjaan yang berkaitan dengan repositori sistem, silakan periksa panduan dari lembaga terkait.",system repo,system repo,True,금융기관·은행,,1.0,1.0,1.0,0,,40,system repo
KO-FIN-05089,T-BILL이 무엇인지 설명해 주세요.,Tolong jelaskan apa itu T-BILL.,T-BILL,T-BILL,True,증권·예탁,,1.0,1.0,1.0,0,,0,
KO-FIN-05093,T-BOND이 무엇인지 설명해 주세요.,Tolong jelaskan apa itu T-BOND.,T-BOND,T-BOND,True,증권·예탁,,1.0,1.0,1.0,0,,0,
KO-FIN-05097,T-NOTE이 무엇인지 설명해 주세요.,Tolong jelaskan apa itu T-NOTE.,T-NOTE,T-NOTE,True,증권·예탁,,1.0,1.0,1.0,0,,0,
KO-FIN-05101,T2S이 무엇인지 설명해 주세요.,Tolong jelaskan apa itu T2S.,T2S,T2S,True,지급결제·청산,증권·예탁,1.0,1.0,1.0,0,,0,
KO-FIN-05105,TAKASBANK이 무엇인지 설명해 주세요.,Tolong jelaskan apa itu TAKASBANK.,TAKASBANK,TAKASBANK,True,증권·예탁,금융기관·은행,1.0,1.0,1.0,0,,40,TAKASBANK
KO-FIN-05109,TALISMAN이 무엇을 의미하나요?,Apa arti TALISMAN?,TALISMAN,TALISMAN,True,금융시장·거래,지급결제·청산 / 증권·예탁,1.0,1.0,1.0,0,,50,TALISMAN
KO-FIN-05113,TARGET이 무엇인지 설명해 주세요.,Tolong jelaskan apa itu TARGET.,TARGET,TARGET,True,지급결제·청산,금융기관·은행,1.0,1.0,1.0,0,,50,TARGET
KO-FIN-05117,TAURUS이 무엇을 의미하나요?,Apa arti TAURUS?,TAURUS,TAURUS,True,금융시장·거래,,1.0,1.0,1.0,0,,50,TAURUS
KO-FIN-05123,tax call option과 관련된 납부 내역을 확인하고 싶습니다.,Saya ingin memeriksa riwayat pembayaran yang terkait dengan opsi beli pajak.,tax call option,tax call option,True,세금,,1.0,1.0,1.0,0,,40,tax call option
KO-FIN-05124,tax call option의 적용 여부는 거래 유형과 세법에 따라 달라질 수 있습니다.,Penerapan opsi beli pajak dapat bervariasi tergantung pada jenis transaksi dan undang-undang perpajakan.,tax call option,tax call option,True,세금,,1.0,1.0,1.0,0,,40,tax call option
KO-FIN-05128,TELEKURS과 관련된 세부 업무는 해당 기관의 안내를 확인해 주세요.,"Untuk detail pekerjaan yang berkaitan dengan TELEKURS, silakan periksa panduan dari lembaga terkait.",TELEKURS,TELEKURS,True,금융기관·은행,,1.0,1.0,1.0,0,,50,TELEKURS
KO-FIN-05129,tick이 무엇인지 설명해 주세요.,Tolong jelaskan apa itu tick.,tick,tick,True,증권·예탁,,1.0,1.0,1.0,0,,50,tick
KO-FIN-05133,ticker tape이 무엇을 의미하나요?,Apa arti pita ticker?,ticker tape,ticker tape,True,금융시장·거래,,1.0,1.0,1.0,0,,40,ticker tape
KO-FIN-05137,TRADEPOINT이 무엇을 의미하나요?,Apa arti TRADEPOINT?,TRADEPOINT,TRADEPOINT,True,금융시장·거래,,1.0,1.0,1.0,0,,40,TRADEPOINT
KO-FIN-05141,tranches이 무엇인지 설명해 주세요.,Tolong jelaskan apa itu tranche.,tranches,tranches,True,채권,,1.0,1.0,1.0,0,,40,tranches
KO-FIN-05145,TRAX이 무엇인지 설명해 주세요.,Tolong jelaskan apa itu TRAX.,TRAX,TRAX,True,증권·예탁,,1.0,1.0,1.0,0,,40,TRAX
KO-FIN-05149,twenty-day period이 무엇인지 설명해 주세요.,Tolong jelaskan apa itu periode dua puluh hari.,twenty-day period,twenty-day period,True,증권·예탁,,1.0,1.0,1.0,0,,40,twenty-day period
KO-FIN-05153,two-dollar broker이 무엇을 의미하나요?,Apa arti broker dua dolar?,two-dollar broker,two-dollar broker,True,금융시장·거래,,1.0,1.0,1.0,0,,40,two-dollar broker
KO-FIN-05157,two-sided comparison이 무엇을 의미하나요?,Apa arti perbandingan dua sisi?,two-sided comparison,two-sided comparison,True,금융시장·거래,,1.0,1.0,1.0,0,,50,two-sided comparison
KO-FIN-05163,UNIFI과 관련된 내용을 확인하고 싶습니다.,Saya ingin memeriksa informasi yang berkaitan dengan UNIFI.,UNIFI,UNIFI,True,기타 금융일반,,1.0,1.0,1.0,0,,0,
KO-FIN-05164,UNIFI의 정확한 의미는 해당 금융거래의 맥락과 함께 확인해야 합니다.,Arti yang tepat dari UNIFI harus dipahami dalam konteks transaksi keuangan yang bersangkutan.,UNIFI,UNIFI,True,기타 금융일반,,1.0,1.0,1.0,0,,0,
KO-FIN-05165,uniform practice code이 금융거래에 어떻게 적용되나요?,Bagaimana kode praktik seragam diterapkan dalam transaksi keuangan ini?,uniform practice code,uniform practice code,True,금융법규·감독,,1.0,1.0,1.0,0,,40,uniform practice code
KO-FIN-05167,uniform practice code 때문에 추가로 확인해야 할 사항이 있나요?,Apakah ada hal lain yang perlu diperiksa terkait kode praktik seragam?,uniform practice code,uniform practice code,True,금융법규·감독,,1.0,1.0,1.0,0,,40,uniform practice code
KO-FIN-05169,uptick이 무엇인지 설명해 주세요.,Tolong jelaskan apa itu kenaikan.,uptick,uptick,True,주식,,1.0,1.0,1.0,0,,50,uptick
KO-FIN-05173,value broker이 무엇을 의미하나요?,Apa arti broker nilai?,value broker,value broker,True,금융시장·거래,,1.0,1.0,1.0,0,,40,value broker
KO-FIN-05180,value date과 관련된 세부 업무는 해당 기관의 안내를 확인해 주세요.,"Untuk detail tugas yang berkaitan dengan tanggal nilai, silakan periksa panduan dari lembaga terkait.",value date,value date,True,금융기관·은행,,1.0,1.0,1.0,0,,40,value date
KO-FIN-05181,VAR에 대해 자세히 알려주세요.,Tolong jelaskan lebih lanjut tentang VAR.,VAR,VAR,True,해외송금·외환,,1.0,1.0,1.0,0,,0,
KO-FIN-05182,VAR을 확인하고 싶습니다.,Saya ingin memeriksa VAR.,VAR,VAR,True,해외송금·외환,,1.0,1.0,1.0,0,,0,
KO-FIN-05185,VP이 무엇인지 설명해 주세요.,Tolong jelaskan apa itu VP.,VP,VP,True,증권·예탁,,1.0,1.0,1.0,0,,0,
KO-FIN-05189,VPC이 무엇을 의미하나요?,Apa arti VPC?,VPC,VPC,True,금융시장·거래,지급결제·청산,1.0,1.0,1.0,0,,0,
KO-FIN-05193,VPS이 무엇인지 설명해 주세요.,Tolong jelaskan apa itu VPS.,VPS,VPS,True,증권·예탁,,1.0,1.0,1.0,0,,0,
KO-FIN-05199,WHITE KNIGHT과 관련된 내용을 확인하고 싶습니다.,Saya ingin memeriksa informasi terkait WHITE KNIGHT.,WHITE KNIGHT,WHITE KNIGHT,True,기타 금융일반,,1.0,1.0,1.0,0,,40,WHITE KNIGHT
KO-FIN-05200,WHITE KNIGHT의 정확한 의미는 해당 금융거래의 맥락과 함께 확인해야 합니다.,Arti yang tepat dari WHITE KNIGHT harus dipahami dalam konteks transaksi keuangan yang bersangkutan.,WHITE KNIGHT,WHITE KNIGHT,True,기타 금융일반,,1.0,1.0,1.0,0,,40,WHITE KNIGHT
KO-FIN-05201,WILLIAMS ACT이 무엇인지 설명해 주세요.,Tolong jelaskan apa itu UNDANG-UNDANG WILLIAMS.,WILLIAMS ACT,WILLIAMS ACT,True,주식,,1.0,1.0,1.0,0,,40,WILLIAMS ACT
KO-FIN-05205,wire house이 무엇인지 설명해 주세요.,Tolong jelaskan apa itu perusahaan sekuritas besar.,wire house,wire house,True,증권·예탁,,1.0,1.0,1.0,0,,40,wire house
KO-FIN-05209,WIT CAPITAL이 무엇인지 설명해 주세요.,Tolong jelaskan apa itu WIT CAPITAL.,WIT CAPITAL,WIT CAPITAL,True,증권·예탁,,1.0,1.0,1.0,0,,40,WIT CAPITAL
KO-FIN-05215,X-비효율성과 관련된 내용을 확인하고 싶습니다.,Saya ingin memeriksa informasi yang berkaitan dengan X-Ketidakefisienan.,X-비효율성,X-비효율성,True,기타 금융일반,,1.0,1.0,1.0,0,,0,
KO-FIN-05216,X-비효율성의 정확한 의미는 해당 금융거래의 맥락과 함께 확인해야 합니다.,Arti yang tepat dari X-Ketidakefisienan harus dipahami dalam konteks transaksi keuangan yang bersangkutan.,X-비효율성,X-비효율성,True,기타 금융일반,,1.0,1.0,1.0,0,,0,
KO-FIN-05217,X이 무엇인지 설명해 주세요.,Tolong jelaskan apa itu X.,X,X,True,주식,,1.0,1.0,1.0,0,,0,
KO-FIN-05223,XML과 관련된 내용을 확인하고 싶습니다.,Saya ingin memeriksa informasi yang berkaitan dengan XML.,XML,XML,True,기타 금융일반,,1.0,1.0,1.0,0,,0,
KO-FIN-05224,XML의 정확한 의미는 해당 금융거래의 맥락과 함께 확인해야 합니다.,Arti yang tepat dari XML harus dipahami dalam konteks transaksi keuangan yang bersangkutan.,XML,XML,True,기타 금융일반,,1.0,1.0,1.0,0,,0,
KO-FIN-05225,XR이 무엇인지 설명해 주세요.,Tolong jelaskan apa itu XR.,XR,XR,True,주식,,1.0,1.0,1.0,0,,0,
KO-FIN-05229,XW이 무엇인지 설명해 주세요.,Tolong jelaskan apa itu XW.,XW,XW,True,증권·예탁,,1.0,1.0,1.0,0,,0,
KO-FIN-05233,계좌 잔액을 확인하고 싶습니다.,Saya ingin memeriksa saldo rekening saya.,,잔액,False,계좌,,1.0,1.0,1.0,0,,0,
KO-FIN-05234,최근 한 달간의 거래내역을 확인해 주세요.,Silakan periksa riwayat transaksi selama sebulan terakhir.,,거래내역,False,계좌,,1.0,1.0,1.0,0,,0,
KO-FIN-05235,제 계좌번호를 어디에서 확인할 수 있나요?,Di mana saya bisa melihat nomor rekening saya?,,계좌번호,False,계좌,,1.0,1.0,1.0,0,,0,
KO-FIN-05236,입금한 금액이 계좌에 반영되었는지 확인해 주세요.,Silakan periksa apakah jumlah yang telah Anda setorkan sudah masuk ke rekening.,,입금,False,계좌,,1.0,1.0,1.0,0,,0,
KO-FIN-05237,제가 하지 않은 출금 내역이 있습니다.,Ada riwayat penarikan yang bukan saya yang lakukan.,,출금,False,계좌,,1.0,1.0,1.0,0,,0,
KO-FIN-05238,이 계좌를 해지하려면 어떻게 해야 하나요?,Bagaimana cara menutup rekening ini?,,계좌해지,False,계좌,,1.0,1.0,1.0,0,,0,
KO-FIN-05239,이 계좌로 돈을 이체하고 싶습니다.,Saya ingin mentransfer uang ke rekening ini.,,계좌이체,False,이체,,1.0,1.0,1.0,0,,0,
KO-FIN-05240,하루 이체한도는 얼마인가요?,Berapa batas transfer hariannya?,,이체한도,False,이체,,1.0,1.0,1.0,0,,0,
KO-FIN-05241,계좌이체 수수료가 있나요?,Apakah ada biaya transfer rekening?,,이체수수료,False,이체,,1.0,1.0,1.0,0,,0,
KO-FIN-05242,자동이체를 등록하고 싶습니다.,Saya ingin mendaftarkan pembayaran otomatis.,,자동이체,False,이체,,1.0,1.0,1.0,0,,0,
KO-FIN-05244,다음 주 월요일로 예약이체를 설정해 주세요.,Silakan atur transfer otomatis untuk hari Senin minggu depan.,,예약이체,False,이체,,1.0,1.0,1.0,0,,0,
KO-FIN-05245,방금 잘못 이체했는데 취소할 수 있나요?,"Saya baru saja salah mentransfer uang, apakah bisa dibatalkan?",,이체취소,False,이체,,1.0,1.0,1.0,0,,0,
KO-FIN-05246,이체하기 전에 수취인 이름과 계좌번호를 확인해 주세요.,"Sebelum melakukan transfer, harap periksa nama penerima dan nomor rekeningnya.",,수취인,False,이체,,1.0,1.0,1.0,0,,0,
KO-FIN-05247,해외에 있는 가족에게 돈을 보내고 싶습니다.,Saya ingin mengirim uang kepada keluarga yang berada di luar negeri.,,해외송금,False,해외송금·외환,,1.0,1.0,1.0,0,,0,
KO-FIN-05248,해외송금 수수료를 확인해 주세요.,Silakan periksa biaya transfer ke luar negeri.,,해외송금 수수료,False,해외송금·외환,,1.0,1.0,1.0,0,,0,
KO-FIN-05249,오늘 적용되는 원화와 달러의 환율을 알려주세요.,Tolong beritahu saya nilai tukar won terhadap dolar hari ini.,,환율,False,해외송금·외환,,1.0,1.0,1.0,0,,0,
KO-FIN-05250,해외송금에 필요한 SWIFT 코드는 어디에서 확인하나요?,Di mana saya bisa memeriksa kode SWIFT yang diperlukan untuk transfer uang ke luar negeri?,SWIFT,SWIFT 코드,False,해외송금·외환,,1.0,1.0,1.0,0,,0,
KO-FIN-05251,해외송금 전에 수취은행 정보를 확인하고 싶습니다.,Saya ingin memeriksa informasi bank penerima sebelum melakukan transfer ke luar negeri.,,수취은행,False,해외송금·외환,,1.0,1.0,1.0,0,,0,
KO-FIN-05252,외국인 고객의 해외송금 한도는 얼마인가요?,Berapa batas transfer ke luar negeri bagi nasabah asing?,,송금한도,False,해외송금·외환,,1.0,1.0,1.0,0,,0,
KO-FIN-05253,해외송금을 했는데 아직 수취인이 돈을 받지 못했습니다.,"Saya telah melakukan transfer ke luar negeri, tetapi penerima belum menerima uangnya.",,송금상태,False,해외송금·외환,,1.0,1.0,1.0,0,,0,
KO-FIN-05254,원화를 달러로 환전하고 싶습니다.,Saya ingin menukar won ke dolar.,,환전,False,해외송금·외환,,1.0,1.0,1.0,0,,0,
KO-FIN-05255,이번 달 공과금을 납부하고 싶습니다.,Saya ingin membayar tagihan utilitas bulan ini.,,공과금,False,공과금,,1.0,1.0,1.0,0,,0,
KO-FIN-05256,지난달 공과금 납부내역을 확인해 주세요.,Silakan periksa riwayat pembayaran tagihan bulan lalu.,,납부내역,False,공과금,,1.0,1.0,1.0,0,,0,
KO-FIN-05257,이 공과금의 납부기한은 언제인가요?,Kapan batas waktu pembayaran tagihan ini?,,납부기한,False,공과금,,1.0,1.0,1.0,0,,0,
KO-FIN-05258,전기요금을 자동납부로 등록하고 싶습니다.,Saya ingin mendaftarkan pembayaran tagihan listrik secara otomatis.,,자동납부,False,공과금,,1.0,1.0,1.0,0,,0,
KO-FIN-05259,공과금을 납부했는데 미납으로 표시됩니다.,"Saya sudah membayar tagihan utilitas, tetapi masih tertera sebagai tunggakan.",,납부오류,False,공과금,,1.0,1.0,1.0,0,,0,
KO-FIN-05260,통장을 분실해서 분실신고를 하고 싶습니다.,Saya kehilangan buku tabungan dan ingin melaporkannya.,,분실신고,False,금융 지원,,1.0,1.0,1.0,0,,0,
KO-FIN-05261,카드를 잃어버렸습니다. 바로 사용을 정지해 주세요.,Saya kehilangan kartu saya. Tolong segera blokir penggunaannya.,,카드분실,False,금융 지원,,1.0,1.0,1.0,0,,0,
KO-FIN-05262,상담원과 연결해 주세요.,Tolong hubungkan saya dengan petugas layanan pelanggan.,,고객센터,False,금융 지원,,1.0,1.0,1.0,0,,0,
KO-FIN-05263,베트남어로 안내를 받을 수 있나요?,Apakah saya bisa mendapatkan panduan dalam bahasa Vietnam?,,다국어 ARS,False,금융 지원,,1.0,1.0,1.0,0,,0,
KO-FIN-05264,업무 처리를 위해 본인확인이 필요합니다.,"Untuk memproses permohonan ini, diperlukan verifikasi identitas.",,본인확인,False,금융 지원,,1.0,1.0,1.0,0,,0,
KO-FIN-05265,비밀번호를 여러 번 잘못 입력해서 이용이 제한되었습니다.,Akses Anda telah dibatasi karena Anda salah memasukkan kata sandi beberapa kali.,,비밀번호,False,금융 지원,,1.0,1.0,1.0,0,,0,
KO-FIN-05266,보이스피싱이 의심되는 송금을 했습니다. 어떻게 해야 하나요?,Saya telah melakukan transfer yang diduga merupakan penipuan melalui telepon. Apa yang harus saya lakukan?,,보이스피싱,False,금융 지원,,1.0,1.0,1.0,0,,0,
KO-FIN-05267,정기예금 금리는 얼마인가요?,Berapa suku bunga deposito berjangka?,,정기예금,False,예금상품,,1.0,1.0,1.0,0,,0,
KO-FIN-05268,외국인도 적금에 가입할 수 있나요?,Apakah warga negara asing juga bisa membuka tabungan berjangka?,,적금,False,예금상품,,1.0,1.0,1.0,0,,0,
KO-FIN-05269,예금을 중도해지하면 이자는 어떻게 되나요?,Bagaimana dengan bunga jika saya menarik simpanan sebelum jatuh tempo?,,중도해지,False,예금상품,,1.0,1.0,1.0,0,,0,
KO-FIN-05270,예금 만기일은 언제인가요?,Kapan jatuh tempo deposito Jatuh tempo hari?,만기,만기,True,예금상품,,1.0,1.0,1.0,0,,80,만기
KO-FIN-05271,외국인도 대출을 받을 수 있나요?,Apakah warga negara asing juga bisa mengajukan pinjaman?,,대출,False,대출,,1.0,1.0,1.0,0,,0,
KO-FIN-05272,대출금리는 어떻게 결정되나요?,Bagaimana cara penetapan suku bunga pinjaman?,,대출금리,False,대출,,1.0,1.0,1.0,0,,0,
KO-FIN-05273,대출금의 상환일은 언제인가요?,Kapan tanggal Pelunasan pinjaman tersebut?,상환,상환일,False,대출,,1.0,1.0,1.0,0,,70,상환
KO-FIN-05274,대출금을 만기 전에 상환할 수 있나요?,Apakah saya dapat Pelunasan pinjaman sebelum Jatuh tempo?,만기;상환,중도상환,False,대출,,1.0,0.0,1.0,0,,80,만기;상환
KO-FIN-05275,대출 상환일을 지나면 어떤 불이익이 있나요?,Apa saja konsekuensi negatifnya jika melewati batas waktu pinjaman Pelunasan hari?,상환,연체,False,대출,,1.0,1.0,1.0,0,,70,상환
KO-FIN-05276,체크카드를 발급받고 싶습니다.,Saya ingin mengajukan permohonan kartu debit.,,체크카드,False,카드·전자금융,,1.0,1.0,1.0,0,,0,
KO-FIN-05277,카드의 하루 결제한도는 얼마인가요?,Berapa batas transaksi harian kartu ini?,,결제한도,False,카드·전자금융,,1.0,1.0,1.0,0,,0,
KO-FIN-05278,이 카드는 해외에서도 사용할 수 있나요?,Apakah kartu ini bisa digunakan di luar negeri?,,해외결제,False,카드·전자금융,,1.0,1.0,1.0,0,,0,
KO-FIN-05279,취소한 카드 결제가 아직 환불되지 않았습니다.,Pembayaran dengan kartu yang telah dibatalkan belum dikembalikan.,,결제취소,False,카드·전자금융,,1.0,1.0,1.0,0,,0,
KO-FIN-05280,ATM에서 현금을 출금하려면 어떻게 해야 하나요?,Bagaimana cara menarik uang tunai di ATM?,ATM,ATM,True,카드·전자금융,,1.0,1.0,1.0,0,,0,
KO-FIN-05281,이번 달 보험료는 얼마인가요?,Berapa premi asuransi bulan ini?,,보험료,False,보험,,1.0,1.0,1.0,0,,0,
KO-FIN-05282,보험금을 청구하려면 어떤 서류가 필요한가요?,Dokumen apa saja yang diperlukan untuk mengajukan klaim asuransi?,,보험금,False,보험,,1.0,1.0,1.0,0,,0,
KO-FIN-05283,이 보험에서 보장되는 항목을 알려주세요.,Tolong jelaskan apa saja yang ditanggung dalam asuransi ini.,,보장내용,False,보험,,1.0,1.0,1.0,0,,0,
KO-FIN-05284,연금은 언제부터 받을 수 있나요?,Kapan saya bisa mulai menerima pensiun?,,연금,False,연금,,1.0,1.0,1.0,0,,0,
KO-FIN-05285,연금 납입내역을 확인하고 싶습니다.,Saya ingin memeriksa riwayat pembayaran iuran pensiun.,,납입내역,False,연금,,1.0,1.0,1.0,0,,0,
