sentence_id,ko_source,target_sentence,terms_used,known_term,known_term_matched,category,related_category,identifier_survival_rate,identifier_order_preserved_rate,restore_success_rate,fallback_used,lost_terms,max_suspicion_score,flagged_terms
KO-FIN-00001,가격역지정 주문이 무엇을 의미하나요?,ကုန်ကျစရိတ် သတ်မှတ်ချက်။ ဆိုတာ ဘာကိုဆိုလိုတာလဲ။,가격역지정 주문,가격역지정 주문,True,금융시장·거래,,1.0,1.0,1.0,0,,40,가격역지정 주문
KO-FIN-00005,가격우선의 원칙이 무엇을 의미하나요?,ဈေးနှုန်း မြင့်မားမှု မူဝါဒ ဆိုတာ ဘာကိုဆိုလိုတာလဲ။,가격우선의 원칙,가격우선의 원칙,True,금융시장·거래,,1.0,1.0,1.0,0,,40,가격우선의 원칙
KO-FIN-00009,가격제한폭이 무엇을 의미하나요?,ကုန်ကျစရိတ် ကန့်သတ်ချက် ဆိုတာ ဘာကိုဆိုလိုတာလဲ။,가격제한폭,가격제한폭,True,금융시장·거래,,1.0,1.0,1.0,0,,20,가격제한폭
KO-FIN-00014,가교은행에서 이용할 수 있는 금융업무는 무엇인가요?,ချိတ်ဆက်ရေး ဘဏ် မှာ သုံးနိုင်တဲ့ ဘဏ္ဍာရေးလုပ်ငန်းတွေက ဘာတွေလဲ။,가교은행,가교은행,True,금융기관·은행,,1.0,1.0,1.0,0,,20,가교은행
KO-FIN-00019,가산금리에 대해 상담받고 싶습니다.,အိမ်မွေးတိရစ္ဆာန် အကြောင်းကို မေးမြန်းလိုပါတယ်။,가산금리,가산금리,True,대출,,1.0,1.0,1.0,0,,40,가산금리
KO-FIN-00026,가압류의 조건과 수익 구조를 확인하고 싶습니다.,ဖိအားပေးသတ္တဝါများ ရဲ့ အခြေအနေနဲ့ ဝင်ငွေ တည်ဆောက်ပုံကို စစ်ဆေးချင်ပါတယ်။,가압류,가압류,True,채권,,1.0,1.0,1.0,0,,40,가압류
KO-FIN-00029,가중주가평균이 무엇인지 설명해 주세요.,အဝလွန်သူတွေဟာ ပျမ်းမျှအားဖြင့် ဆိုတာ ဘာလဲဆိုတာ ရှင်းပြပေးပါဦး။,가중주가평균,가중주가평균,True,주식,금융시장·거래,1.0,1.0,1.0,0,,40,가중주가평균
KO-FIN-00033,간사단이 무엇인지 설명해 주세요.,စောင့်ကြည့်ရေး ဆိုတာ ဘာလဲဆိုတာ ရှင်းပြပေးပါဦး။,간사단,간사단,True,증권·예탁,,1.0,1.0,1.0,0,,40,간사단
KO-FIN-00038,간사회사 처리 절차를 확인하고 싶습니다.,စောင့်ရှောက်သူပါ။ ကို စစ်ဆေးချင်ပါတယ်။,간사회사,간사회사,True,증권·예탁,금융기관·은행,1.0,1.0,1.0,0,,40,간사회사
KO-FIN-00046,간접금융에서 이용할 수 있는 금융업무는 무엇인가요?,တိုက်ရိုက် ငွေကြေးထောက်ပံ့မှု မှာ သုံးနိုင်တဲ့ ဘဏ္ဍာရေးလုပ်ငန်းတွေက ဘာတွေလဲ။,간접금융,간접금융,True,금융기관·은행,,1.0,1.0,1.0,0,,40,간접금융
KO-FIN-00054,간접발행을 이용하려면 어떤 조건이 필요한가요?,ဘေးထွက်ဆိုးကျိုးတွေ ကို အသုံးပြုဖို့ ဘယ်လို အခြေအနေတွေ လိုအပ်ပါသလဲ။,간접발행,간접발행,True,기업금융·자본조달,,1.0,1.0,1.0,0,,40,간접발행
KO-FIN-00055,간접발행과 관련된 비용과 절차를 확인하고 싶습니다.,ဘေးထွက်ဆိုးကျိုးတွေ နဲ့ ပတ်သက်တဲ့ ကုန်ကျစရိတ်နဲ့ လုပ်ထုံးလုပ်နည်းတွေကို စစ်ဆေးချင်ပါတယ်။,간접발행,간접발행,True,기업금융·자본조달,,1.0,1.0,1.0,0,,40,간접발행
KO-FIN-00058,간접점유 처리 절차를 확인하고 싶습니다.,တိုက်ရိုက် ဝယ်ယူခြင်း။ ကို စစ်ဆေးချင်ပါတယ်။,간접점유,간접점유,True,증권·예탁,법률·계약 / 금융법규·감독,1.0,1.0,1.0,0,,40,간접점유
KO-FIN-00064,간접참가자를 확인할 때 시장 상황과 거래 조건을 함께 살펴보세요.,အဆက်မပြတ် ပါဝင်သူ ကို စစ်ဆေးတဲ့အခါ ဈေးကွက်အခြေအနေနဲ့ ကုန်သွယ်မှု အခြေအနေတွေကို အတူတကွ ကြည့်ပါ။,간접참가자,간접참가자,True,금융시장·거래,,1.0,1.0,1.0,0,,40,간접참가자
KO-FIN-00069,감리대상종목이 무엇을 의미하나요?,ဆီးချိုမျိုးစိတ် ဆိုတာ ဘာကိုဆိုလိုတာလဲ။,감리대상종목,감리대상종목,True,금융시장·거래,,1.0,1.0,1.0,0,,40,감리대상종목
KO-FIN-00073,감자차익이 무엇인지 설명해 주세요.,ခရမ်းချဉ်သီး ရလဒ်။ ဆိုတာ ဘာလဲဆိုတာ ရှင်းပြပေးပါဦး။,감자차익,감자차익,True,주식,,1.0,1.0,1.0,0,,40,감자차익
KO-FIN-00077,감채기금이 무엇인지 설명해 주세요.,ချေးငွေ ဆိုတာ ဘာလဲဆိုတာ ရှင်းပြပေးပါဦး။,감채기금,감채기금,True,채권,,1.0,1.0,1.0,0,,40,감채기금
KO-FIN-00081,감채기금부채권이 무엇인지 설명해 주세요.,ချေးငွေ ချေးငွေ ချေးငွေ ဆိုတာ ဘာလဲဆိုတာ ရှင်းပြပေးပါဦး။,감채기금부채권,감채기금부채권,True,채권,,1.0,1.0,1.0,0,,40,감채기금부채권
KO-FIN-00085,강세장이 무엇을 의미하나요?,ဗိုလ်ချုပ်ကြီး။ ဆိုတာ ဘာကိုဆိုလိုတာလဲ။,강세장,강세장,True,금융시장·거래,,1.0,1.0,1.0,0,,20,강세장
KO-FIN-00090,강제매수와 관련된 시장 정보를 확인하고 싶습니다.,အတင်းအကျပ် ရောင်းဝယ်သူ။ နဲ့ ပတ်သက်တဲ့ စျေးကွက် အချက်အလက်တွေကို စစ်ဆေးချင်ပါတယ်။,강제매수,강제매수,True,금융시장·거래,,1.0,1.0,1.0,0,,20,강제매수
KO-FIN-00095,개발신탁에 가입하기 전에 어떤 점을 확인해야 하나요?,ဖွံ့ဖြိုးတိုးတက်မှု ကို မဝင်ခင် ဘယ်အချက်တွေကို စစ်ဆေးသင့်လဲ။,개발신탁,개발신탁,True,펀드·신탁,,1.0,1.0,1.0,0,,0,
KO-FIN-00098,개방식 담보사채의 조건과 수익 구조를 확인하고 싶습니다.,ပွင့်လင်းတဲ့ ချုပ်ဆိုမှုပါ။ ရဲ့ အခြေအနေနဲ့ ဝင်ငွေ တည်ဆောက်ပုံကို စစ်ဆေးချင်ပါတယ်။,개방식 담보사채,개방식 담보사채,True,채권,,1.0,1.0,1.0,0,,40,개방식 담보사채
KO-FIN-00107,개방형 투자신탁에 가입하기 전에 어떤 점을 확인해야 하나요?,ပွင့်လင်းတဲ့ ရင်းနှီးမြှုပ်နှံမှု ကို မဝင်ခင် ဘယ်အချက်တွေကို စစ်ဆေးသင့်လဲ။,개방형 투자신탁,개방형 투자신탁,True,펀드·신탁,자산운용·투자,1.0,1.0,1.0,0,,0,
KO-FIN-00111,개별결제 과정에서 문제가 발생한 것 같습니다.,တစ်ဦးချင်း ဖြေရှင်းနည်း လုပ်နေတုန်းမှာ ပြဿနာတစ်ခု ဖြစ်နေပုံရတယ်။,개별결제,개별결제,True,지급결제·청산,,1.0,1.0,1.0,0,,0,
KO-FIN-00114,개별경쟁매매와 관련된 시장 정보를 확인하고 싶습니다.,တစ်ဦးချင်း ပြိုင်ပွဲ နဲ့ ပတ်သက်တဲ့ စျေးကွက် အချက်အလက်တွေကို စစ်ဆေးချင်ပါတယ်။,개별경쟁매매,개별경쟁매매,True,금융시장·거래,,1.0,1.0,1.0,0,,20,개별경쟁매매
KO-FIN-00117,개시증거금이 무엇인지 쉽게 설명해 주세요.,ပွင့်လင်းတဲ့ သက်သေခံငွေ ဆိုတာ ဘာလဲဆိုတာ ရှင်းပြပေးပါ။,개시증거금,개시증거금,True,파생상품,,1.0,1.0,1.0,0,,40,개시증거금
KO-FIN-00121,거래량비율이 무엇을 의미하나요?,ကုန်သွယ်မှု ပမာဏ ဆိုတာ ဘာကိုဆိုလိုတာလဲ။,거래량비율,거래량비율,True,금융시장·거래,,1.0,1.0,1.0,0,,40,거래량비율
KO-FIN-00129,거래성립률이 무엇을 의미하나요?,ငွေလဲလှယ်နိုင်မှုနှုန်း ဆိုတာ ဘာကိုဆိုလိုတာလဲ။,거래성립률,거래성립률,True,금융시장·거래,,1.0,1.0,1.0,0,,40,거래성립률
KO-FIN-00133,거래소 시장이 무엇을 의미하나요?,ငွေလဲလှယ်စျေးကွက် ဆိုတာ ဘာကိုဆိုလိုတာလဲ။,거래소 시장,거래소 시장,True,금융시장·거래,,1.0,1.0,1.0,0,,20,거래소 시장
KO-FIN-00137,거래소 회원이 무엇을 의미하나요?,ငွေလဲလှယ်ရေး အဖွဲ့ဝင် ဆိုတာ ဘာကိုဆိုလိုတာလဲ။,거래소 회원,거래소 회원,True,금융시장·거래,,1.0,1.0,1.0,0,,40,거래소 회원
KO-FIN-00142,거래취소와 관련된 시장 정보를 확인하고 싶습니다.,ရောင်းဝယ်ရေး နေရာပါ။ နဲ့ ပတ်သက်တဲ့ စျေးကွက် အချက်အလက်တွေကို စစ်ဆေးချင်ပါတယ်။,거래취소,거래취소,True,금융시장·거래,지급결제·청산,1.0,1.0,1.0,0,,40,거래취소
KO-FIN-00146,건설이자와 관련된 정보를 확인하고 싶습니다.,ဆောက်လုပ်ရေးနဲ့ နဲ့ ပတ်သက်တဲ့ အချက်အလက်တွေကို စစ်ဆေးချင်ပါတယ်။,건설이자,건설이자,True,주식,,1.0,1.0,1.0,0,,40,건설이자
KO-FIN-00149,겐사끼시장이 무엇을 의미하나요?,ကျားသစ်စျေးကွက်။ ဆိုတာ ဘာကိုဆိုလိုတာလဲ။,겐사끼시장,겐사끼시장,True,금융시장·거래,,1.0,1.0,1.0,0,,20,겐사끼시장
KO-FIN-00154,격탁매매와 관련된 시장 정보를 확인하고 싶습니다.,အရောင်းအဝယ် နဲ့ ပတ်သက်တဲ့ စျေးကွက် အချက်အလက်တွေကို စစ်ဆေးချင်ပါတယ်။,격탁매매,격탁매매,True,금융시장·거래,,1.0,1.0,1.0,0,,40,격탁매매
KO-FIN-00157,견양증권이 무엇인지 설명해 주세요.,ထောက်ပံ့ရေး လက်မှတ်။ ဆိုတာ ဘာလဲဆိုတာ ရှင်းပြပေးပါဦး။,견양증권,견양증권,True,증권·예탁,,1.0,1.0,1.0,0,,40,견양증권
KO-FIN-00168,결산보고서는 기준 시점과 작성 기준을 함께 확인해야 합니다.,ငွေပေးချေမှု အစီရင်ခံစာမှာ ကို ရည်ညွှန်းချိန်နဲ့ စာရေးခြင်း ရည်ညွှန်းချက်ကို အတူတကွ စစ်ဆေးဖို့လိုပါတယ်။,결산보고서,결산보고서,True,회계·재무,,1.0,1.0,1.0,0,,20,결산보고서
KO-FIN-00169,결제기구가 무엇인지 설명해 주세요.,ငွေပေးချေရေး ကိရိယာ ဆိုတာ ဘာလဲဆိုတာ ရှင်းပြပေးပါ။,결제기구,결제기구,True,지급결제·청산,증권·예탁 / 금융시장·거래,1.0,1.0,1.0,0,,20,결제기구
KO-FIN-00173,결제기금이 무엇인지 설명해 주세요.,ငွေပေးချေမှု ဆိုတာ ဘာလဲဆိုတာ ရှင်းပြပေးပါဦး။,결제기금,결제기금,True,지급결제·청산,,1.0,1.0,1.0,0,,0,
KO-FIN-00177,결제대금주선제도가 무엇인지 설명해 주세요.,ပိုက်ဆံပေးချေမှုစနစ် ဆိုတာ ဘာလဲဆိုတာ ရှင်းပြပေးပါ။,결제대금주선제도,결제대금주선제도,True,지급결제·청산,금융기관·은행 / 증권·예탁,1.0,1.0,1.0,0,,40,결제대금주선제도
KO-FIN-00181,결제대용증이 무엇인지 설명해 주세요.,ငွေပေးချေမှု ဆိုတာ ဘာလဲဆိုတာ ရှင်းပြပေးပါဦး။,결제대용증,결제대용증,True,지급결제·청산,증권·예탁,1.0,1.0,1.0,0,,0,
KO-FIN-00185,결제리스크 관리제도가 무엇인지 설명해 주세요.,ငွေပေးချေမှု အရဲစွန့်မှု စီမံခန့်ခွဲမှု ဆိုတာ ဘာလဲဆိုတာ ရှင်းပြပေးပါ။,결제리스크 관리제도,결제리스크 관리제도,True,지급결제·청산,신용·리스크 / 금융기관·은행,1.0,1.0,1.0,0,,0,
KO-FIN-00191,결제불이행거래 과정에서 문제가 발생한 것 같습니다.,ငွေပေးချေမှုမရှိတဲ့ ကုန်သွယ်မှု လုပ်နေတုန်းမှာ ပြဿနာတစ်ခု ဖြစ်နေပုံရတယ်။,결제불이행거래,결제불이행거래,True,지급결제·청산,금융시장·거래,1.0,1.0,1.0,0,,20,결제불이행거래
KO-FIN-00193,결제순서조작이 무엇인지 설명해 주세요.,အပြီးသတ် စီမံကိန်း။ ဆိုတာ ဘာလဲဆိုတာ ရှင်းပြပေးပါဦး။,결제순서조작,결제순서조작,True,지급결제·청산,,1.0,1.0,1.0,0,,40,결제순서조작
KO-FIN-00205,결제위험의 비대칭성이 무엇인지 설명해 주세요.,ငွေပေးချေမှု အရဲစွန့်မှု မညီမျှမှု ဆိုတာ ဘာလဲဆိုတာ ရှင်းပြပေးပါဦး။,결제위험의 비대칭성,결제위험의 비대칭성,True,지급결제·청산,신용·리스크 / 금융시장·거래,1.0,1.0,1.0,0,,0,
KO-FIN-00209,결제은행제도가 무엇인지 설명해 주세요.,ငွေပေးချေရေး ဘဏ်စနစ်ပါ။ ဆိုတာ ဘာလဲဆိုတာ ရှင်းပြပေးပါ။,결제은행제도,결제은행제도,True,지급결제·청산,금융기관·은행,1.0,1.0,1.0,0,,40,결제은행제도
KO-FIN-00213,결제일이 무엇인지 설명해 주세요.,နောက်ဆုံးရက်ပါ။ ဆိုတာ ဘာလဲဆိုတာ ရှင်းပြပေးပါဦး။,결제일,결제일,True,지급결제·청산,,1.0,1.0,1.0,0,,40,결제일
KO-FIN-00217,결제적체현상이 무엇인지 설명해 주세요.,အဆုံးသတ်မှု ဖြစ်စဉ်ပါ။ ဆိုတာ ဘာလဲဆိုတာ ရှင်းပြပေးပါဦး။,결제적체현상,결제적체현상,True,지급결제·청산,,1.0,1.0,1.0,0,,40,결제적체현상
KO-FIN-00221,결제전 예납이 무엇을 의미하나요?,ငွေပေးချေမှု ကြိုတင်လက်ခံခြင်း ဆိုတာ ဘာကိုဆိုလိုတာလဲ။,결제전 예납,결제전 예납,True,금융시장·거래,지급결제·청산,1.0,1.0,1.0,0,,40,결제전 예납
KO-FIN-00234,겸업주의에서 이용할 수 있는 금융업무는 무엇인가요?,အစုရှယ်ယာသမား မှာ သုံးနိုင်တဲ့ ဘဏ္ဍာရေးလုပ်ငန်းတွေက ဘာတွေလဲ။,겸업주의,겸업주의,True,금융기관·은행,,1.0,1.0,1.0,0,,20,겸업주의
KO-FIN-00241,경개적 차감이 무엇인지 설명해 주세요.,ဆူညံတဲ့ အေးစက်မှု။ ဆိုတာ ဘာလဲဆိုတာ ရှင်းပြပေးပါဦး။,경개적 차감,경개적 차감,True,채권,,1.0,1.0,1.0,0,,40,경개적 차감
KO-FIN-00248,경과이자를 확인할 때 시장 상황과 거래 조건을 함께 살펴보세요.,ပညာရေးနဲ့ ကို စစ်ဆေးတဲ့အခါ ဈေးကွက်အခြေအနေနဲ့ ကုန်သွယ်မှု အခြေအနေတွေကို အတူတကွ ကြည့်ပါ။,경과이자,경과이자,True,금융시장·거래,,1.0,1.0,1.0,0,,40,경과이자
KO-FIN-00251,최근 경기종합지수의 변화를 확인하고 싶습니다.,ပြိုင်ပွဲ စုစုပေါင်းကိန်း။ ၏ လတ်တလော ပြောင်းလဲမှုများကို စစ်ဆေးလိုပါသည်။,경기종합지수,경기종합지수,True,경제·거시금융,,1.0,1.0,1.0,0,,0,
KO-FIN-00255,최근 경상수지의 변화를 확인하고 싶습니다.,အမှတ်တရ ရေချိုးခန်း ၏ လတ်တလော ပြောင်းလဲမှုများကို စစ်ဆေးလိုပါသည်။,경상수지,경상수지,True,경제·거시금융,,1.0,1.0,1.0,0,,40,경상수지
KO-FIN-00258,경쟁매매와 관련된 시장 정보를 확인하고 싶습니다.,ယှဉ်ပြိုင်မှု အရောင်းအဝယ် နဲ့ ပတ်သက်တဲ့ စျေးကွက် အချက်အလက်တွေကို စစ်ဆေးချင်ပါတယ်။,경쟁매매,경쟁매매,True,금융시장·거래,,1.0,1.0,1.0,0,,20,경쟁매매
KO-FIN-00263,최근 경제통합의 변화를 확인하고 싶습니다.,စီးပွားရေး ပေါင်းစည်းမှု ၏ လတ်တလော ပြောင်းလဲမှုများကို စစ်ဆေးလိုပါသည်။,경제통합,경제통합,True,경제·거시금융,,1.0,1.0,1.0,0,,0,
KO-FIN-00264,경제통합은 다른 경제지표와 함께 해석하는 것이 좋습니다.,စီးပွားရေး ပေါင်းစည်းမှု ကို အခြား စီးပွားရေးညွှန်းကိန်းတွေနဲ့ ပေါင်းစပ်သုံးသပ်သင့်ပါတယ်။,경제통합,경제통합,True,경제·거시금융,,1.0,1.0,1.0,0,,0,
KO-FIN-00267,최근 경제협력개발기구의 변화를 확인하고 싶습니다.,စီးပွားရေး ပူးပေါင်းဆောင်ရွက်မှု ဖွံ့ဖြိုးရေးအဖွဲ့ ၏ လတ်တလော ပြောင်းလဲမှုများကို စစ်ဆေးလိုပါသည်။,경제협력개발기구,경제협력개발기구,True,경제·거시금융,,1.0,1.0,1.0,0,,0,
KO-FIN-00275,계약형투자신탁에 가입하기 전에 어떤 점을 확인해야 하나요?,ချုပ်ဆိုထားတဲ့ ရင်းနှီးမြှုပ်နှံမှု ယုံကြည်မှုပါ။ ကို မဝင်ခင် ဘယ်အချက်တွေကို စစ်ဆေးသင့်လဲ။,계약형투자신탁,계약형투자신탁,True,펀드·신탁,자산운용·투자 / 법률·계약,1.0,1.0,1.0,0,,40,계약형투자신탁
KO-FIN-00279,계절주와 관련해 투자 전에 확인해야 할 사항이 있나요?,ရာသီဥတု နဲ့ ပတ်သက်ပြီး ရင်းနှီးမြှုပ်နှံမှု မလုပ်ခင် သေချာဖို့ အချက်တွေရှိလား။,계절주,계절주,True,주식,,1.0,1.0,1.0,0,,40,계절주
KO-FIN-00282,계좌대체 처리 절차를 확인하고 싶습니다.,ငွေစာရင်း အစားထိုးပါ။ ကို စစ်ဆေးချင်ပါတယ်။,계좌대체,계좌대체,True,증권·예탁,,1.0,1.0,1.0,0,,30,계좌대체
KO-FIN-00285,계좌설정이 무엇인지 설명해 주세요.,အကောင့်ဖွင့်ခြင်း ဆိုတာ ဘာလဲဆိုတာ ရှင်းပြပေးပါဦး။,계좌설정,계좌설정,True,증권·예탁,,1.0,1.0,1.0,0,,0,
KO-FIN-00290,고객계좌부 처리 절차를 확인하고 싶습니다.,ဖောက်သည်စာရင်းဌာန။ ကို စစ်ဆေးချင်ပါတယ်။,고객계좌부,고객계좌부,True,증권·예탁,,1.0,1.0,1.0,0,,20,고객계좌부
KO-FIN-00294,고객계좌자동이전서비스 처리 절차를 확인하고 싶습니다.,ဖောက်သည်အကောင့် အလိုအလျောက် ဝန်ဆောင်မှုပါ။ ကို စစ်ဆေးချင်ပါတယ်။,고객계좌자동이전서비스,고객계좌자동이전서비스,True,증권·예탁,,1.0,1.0,1.0,0,,0,
KO-FIN-00298,고객예탁금 이용료 처리 절차를 확인하고 싶습니다.,ဖောက်သည်ငွေကြေး သုံးစွဲမှု အခကြေးငွေ ကို စစ်ဆေးချင်ပါတယ်။,고객예탁금 이용료,고객예탁금 이용료,True,증권·예탁,,1.0,1.0,1.0,0,,0,
KO-FIN-00301,고객예탁분이 무엇인지 설명해 주세요.,ဖောက်သည်များအတွက် ကမ်းလှမ်းချက်။ ဆိုတာ ဘာလဲဆိုတာ ရှင်းပြပေးပါဦး။,고객예탁분,고객예탁분,True,증권·예탁,,1.0,1.0,1.0,0,,40,고객예탁분
KO-FIN-00305,고객예탁증권이 무엇인지 설명해 주세요.,ဖောက်သည်လက်မှတ်။ ဆိုတာ ဘာလဲဆိုတာ ရှင်းပြပေးပါဦး။,고객예탁증권,고객예탁증권,True,증권·예탁,,1.0,1.0,1.0,0,,0,
KO-FIN-00310,고오든 모형은 금융상품을 분석할 때 어떻게 사용되나요?,Gooden ပုံစံပါ။ ကို ငွေရေးကြေးရေး ထုတ်ကုန်တွေကို ဆန်းစစ်ရာမှာ ဘယ်လိုသုံးလဲ။,고오든 모형,고오든 모형,True,금융공학·분석,,1.0,1.0,1.0,0,,40,고오든 모형
KO-FIN-00312,고오든 모형의 결과는 사용한 가정과 시장 데이터에 따라 달라질 수 있습니다.,Gooden ပုံစံပါ။ ရဲ့ ရလဒ်တွေဟာ သုံးထားတဲ့ ယူဆချက်တွေနဲ့ ဈေးကွက် ဒေတာတွေပေါ် မူတည်ပြီး ကွဲပြားနိုင်ပါတယ်။,고오든 모형,고오든 모형,True,금융공학·분석,,1.0,1.0,1.0,0,,40,고오든 모형
KO-FIN-00315,고정형 투자신탁에 가입하기 전에 어떤 점을 확인해야 하나요?,တည်ငြိမ်တဲ့ ရင်းနှီးမြှုပ်နှံမှု ကို မဝင်ခင် ဘယ်အချက်တွေကို စစ်ဆေးသင့်လဲ။,고정형 투자신탁,고정형 투자신탁,True,펀드·신탁,자산운용·투자,1.0,1.0,1.0,0,,0,
KO-FIN-00317,고정환율제도에 대해 자세히 알려주세요.,ငွေလဲနှုန်း သတ်မှတ်စနစ် အကြောင်း အသေးစိတ်ပြောပြပါ။,고정환율제도,고정환율제도,True,해외송금·외환,,1.0,1.0,1.0,0,,20,고정환율제도
KO-FIN-00323,골든 크로스와 관련해 투자 전에 확인해야 할 사항이 있나요?,ရွှေလက်ဝါးကပ်တိုင်။ နဲ့ ပတ်သက်ပြီး ရင်းနှီးမြှုပ်နှံမှု မလုပ်ခင် သေချာဖို့ အချက်တွေရှိလား။,골든 크로스,골든 크로스,True,주식,,1.0,1.0,1.0,0,,0,
KO-FIN-00326,공개/발성호가와 관련된 시장 정보를 확인하고 싶습니다.,ပွင့်လင်း/ဖွံ့ဖြိုးတိုးတက်မှု နဲ့ ပတ်သက်တဲ့ စျေးကွက် အချက်အလက်တွေကို စစ်ဆေးချင်ပါတယ်။,공개/발성호가,공개/발성호가,True,금융시장·거래,,1.0,1.0,1.0,0,,0,
KO-FIN-00330,공개매수와 관련된 시장 정보를 확인하고 싶습니다.,လူသိရှင်ကြား ရောင်းချမှု နဲ့ ပတ်သက်တဲ့ စျေးကွက် အချက်အလက်တွေကို စစ်ဆေးချင်ပါတယ်။,공개매수,공개매수,True,금융시장·거래,금융법규·감독,1.0,1.0,1.0,0,,0,
KO-FIN-00334,공개매수설명서와 관련된 시장 정보를 확인하고 싶습니다.,အရောင်းအဝယ် ကြေညာချက် နဲ့ ပတ်သက်တဲ့ စျေးကွက် အချက်အလက်တွေကို စစ်ဆေးချင်ပါတယ်။,공개매수설명서,공개매수설명서,True,금융시장·거래,,1.0,1.0,1.0,0,,40,공개매수설명서
KO-FIN-00338,공개매수신고서와 관련된 시장 정보를 확인하고 싶습니다.,လူသိရှင်ကြား ရောင်းချမှုပါ။ နဲ့ ပတ်သက်တဲ့ စျေးကွက် အချက်အလက်တွေကို စစ်ဆေးချင်ပါတယ်။,공개매수신고서,공개매수신고서,True,금융시장·거래,증권·예탁,1.0,1.0,1.0,0,,40,공개매수신고서
KO-FIN-00341,공개법인이 무엇을 의미하나요?,ပွင့်လင်းမြင်သာမှု ဥပဒေ ဆိုတာ ဘာကိုဆိုလိုတာလဲ။,공개법인,공개법인,True,금융시장·거래,자산운용·투자 / 증권·예탁,1.0,1.0,1.0,0,,40,공개법인
KO-FIN-00345,공개시장조작이 무엇을 의미하나요?,ပွင့်လင်းမြင်သာတဲ့ စျေးကွက်ပါ။ ဆိုတာ ဘာကိုဆိုလိုတာလဲ။,공개시장조작,공개시장조작,True,금융시장·거래,금융기관·은행 / 증권·예탁,1.0,1.0,1.0,0,,40,공개시장조작
KO-FIN-00351,공기업과 관련된 투자 정보를 확인하고 싶습니다.,လေကြောင်းလုပ်ငန်း နဲ့ ပတ်သက်တဲ့ ရင်းနှီးမြှုပ်နှံမှု အချက်အလက်တွေကို စစ်ဆေးချင်ပါတယ်။,공기업,공기업,True,자산운용·투자,,1.0,1.0,1.0,0,,0,
KO-FIN-00354,공동간사회사 처리 절차를 확인하고 싶습니다.,ပူးပေါင်းဆောင်ရွက်သူ ကို စစ်ဆေးချင်ပါတယ်။,공동간사회사,공동간사회사,True,증권·예탁,기업금융·자본조달,1.0,1.0,1.0,0,,40,공동간사회사
KO-FIN-00363,공동지배인 때문에 추가로 확인해야 할 사항이 있나요?,ပူးပေါင်းဆောင်ရွက်သူပါ။ အတွက် ထပ်ပြီး စစ်ဆေးစရာရှိလား။,공동지배인,공동지배인,True,금융법규·감독,,1.0,1.0,1.0,0,,40,공동지배인
KO-FIN-00366,공매도와 관련된 시장 정보를 확인하고 싶습니다.,လူသိရှင်ကြား လေလံတွေလည်း နဲ့ ပတ်သက်တဲ့ စျေးကွက် အချက်အလက်တွေကို စစ်ဆေးချင်ပါတယ်။,공매도,공매도,True,금융시장·거래,주식,1.0,1.0,1.0,0,,30,공매도
KO-FIN-00370,공매수와 관련된 시장 정보를 확인하고 싶습니다.,အရောင်းအဝယ် နဲ့ ပတ်သက်တဲ့ စျေးကွက် အချက်အလက်တွေကို စစ်ဆေးချင်ပါတယ်။,공매수,공매수,True,금융시장·거래,,1.0,1.0,1.0,0,,40,공매수
KO-FIN-00380,공모부대서비스회사의 세부 조건과 절차는 거래 유형에 따라 달라질 수 있습니다.,အများသုံး ဝန်ဆောင်မှု ကုမ္ပဏီ။ ၏ အသေးစိတ် စည်းမျဉ်းစည်းကမ်းများနှင့် လုပ်ထုံးလုပ်နည်းများသည် ငွေပေးချေမှု အမျိုးအစားအလိုက် ကွဲပြားနိုင်သည်။,공모부대서비스회사,공모부대서비스회사,True,기업금융·자본조달,,1.0,1.0,1.0,0,,0,
KO-FIN-00382,공모증자와 관련된 정보를 확인하고 싶습니다.,လက်တွဲသက်သေ။ နဲ့ ပတ်သက်တဲ့ အချက်အလက်တွေကို စစ်ဆေးချင်ပါတယ်။,공모증자,공모증자,True,주식,기업금융·자본조달 / 증권·예탁,1.0,1.0,1.0,0,,20,공모증자
KO-FIN-00388,공모채의 세부 조건과 절차는 거래 유형에 따라 달라질 수 있습니다.,အစုလိုက်အပြုံလိုက် ၏ အသေးစိတ် စည်းမျဉ်းစည်းကမ်းများနှင့် လုပ်ထုံးလုပ်နည်းများသည် ငွေပေးချေမှု အမျိုးအစားအလိုက် ကွဲပြားနိုင်သည်။,공모채,공모채,True,기업금융·자본조달,채권,1.0,1.0,1.0,0,,40,공모채
KO-FIN-00389,공사채등록법이 무엇인지 설명해 주세요.,အများပိုင်စာရင်းအင်း ဥပဒေ။ ဆိုတာ ဘာလဲဆိုတာ ရှင်းပြပေးပါဦး။,공사채등록법,공사채등록법,True,채권,,1.0,1.0,1.0,0,,40,공사채등록법
KO-FIN-00395,공사채형투자신탁에 가입하기 전에 어떤 점을 확인해야 하나요?,စီမံကိန်းဆိုင်ရာ ရင်းနှီးမြှုပ်နှံမှု ယုံကြည်မှု။ ကို မဝင်ခင် ဘယ်အချက်တွေကို စစ်ဆေးသင့်လဲ။,공사채형투자신탁,공사채형투자신탁,True,펀드·신탁,채권 / 자산운용·투자,1.0,1.0,1.0,0,,20,공사채형투자신탁
KO-FIN-00405,공신의 원칙이 무엇인지 설명해 주세요.,နတ်သမီးရဲ့ မူဝါဒ ဆိုတာ ဘာလဲဆိုတာ ရှင်းပြပေးပါဦး။,공신의 원칙,공신의 원칙,True,증권·예탁,법률·계약,1.0,1.0,1.0,0,,20,공신의 원칙
KO-FIN-00409,공인중개인이 무엇을 의미하나요?,လူသိရှင်ကြား ဆိုတာ ဘာကိုဆိုလိုတာလဲ။,공인중개인,공인중개인,True,금융시장·거래,,1.0,1.0,1.0,0,,20,공인중개인
KO-FIN-00413,공정거래법이 무엇을 의미하나요?,တရားမျှတတဲ့ ကုန်သွယ်မှု ဥပဒေ ဆိုတာ ဘာကိုဆိုလိုတာလဲ။,공정거래법,공정거래법,True,금융시장·거래,,1.0,1.0,1.0,0,,0,
KO-FIN-00418,공정게임모형은 금융상품을 분석할 때 어떻게 사용되나요?,တရားမျှတတဲ့ ကစားနည်း ကို ငွေရေးကြေးရေး ထုတ်ကုန်တွေကို ဆန်းစစ်ရာမှာ ဘယ်လိုသုံးလဲ။,공정게임모형,공정게임모형,True,금융공학·분석,,1.0,1.0,1.0,0,,0,
KO-FIN-00420,공정게임모형의 결과는 사용한 가정과 시장 데이터에 따라 달라질 수 있습니다.,တရားမျှတတဲ့ ကစားနည်း ရဲ့ ရလဒ်တွေဟာ သုံးထားတဲ့ ယူဆချက်တွေနဲ့ ဈေးကွက် ဒေတာတွေပေါ် မူတည်ပြီး ကွဲပြားနိုင်ပါတယ်။,공정게임모형,공정게임모형,True,금융공학·분석,,1.0,1.0,1.0,0,,0,
KO-FIN-00424,공정할인율과 관련된 세부 업무는 해당 기관의 안내를 확인해 주세요.,တရားမျှတမှုနှုန်း နှင့် ပတ်သက်သော အသေးစိတ်လုပ်ငန်းများအတွက် သက်ဆိုင်ရာ အဖွဲ့အစည်း၏ လမ်းညွှန်ချက်များကို ကြည့်ပါ။,공정할인율,공정할인율,True,금융기관·은행,,1.0,1.0,1.0,0,,0,
KO-FIN-00430,관계회사와 관련된 정보를 확인하고 싶습니다.,ဆက်ဆံရေး ကုမ္ပဏီ နဲ့ ပတ်သက်တဲ့ အချက်အလက်တွေကို စစ်ဆေးချင်ပါတယ်။,관계회사,관계회사,True,주식,,1.0,1.0,1.0,0,,0,
KO-FIN-00433,관리대상종목이 무엇을 의미하나요?,ထိန်းချုပ်ဖို့ ခြိမ်းခြောက်ခံရတဲ့ မျိုးစိတ် ဆိုတာ ဘာကိုဆိုလိုတာလဲ။,관리대상종목,관리대상종목,True,금융시장·거래,주식,1.0,1.0,1.0,0,,40,관리대상종목
KO-FIN-00439,최근 관세 및 무역에 관한 일반협정의 변화를 확인하고 싶습니다.,ကုန်စည်နဲ့ ကုန်သွယ်မှုဆိုင်ရာ အထွေထွေ သဘောတူညီချက် ၏ လတ်တလော ပြောင်းလဲမှုများကို စစ်ဆေးလိုပါသည်။,관세 및 무역에 관한 일반협정,관세 및 무역에 관한 일반협정,True,경제·거시금융,,1.0,1.0,1.0,0,,0,
KO-FIN-00440,관세 및 무역에 관한 일반협정은 다른 경제지표와 함께 해석하는 것이 좋습니다.,ကုန်စည်နဲ့ ကုန်သွယ်မှုဆိုင်ရာ အထွေထွေ သဘောတူညီချက် ကို အခြား စီးပွားရေးညွှန်းကိန်းတွေနဲ့ ပေါင်းစပ်သုံးသပ်သင့်ပါတယ်။,관세 및 무역에 관한 일반협정,관세 및 무역에 관한 일반협정,True,경제·거시금융,,1.0,1.0,1.0,0,,0,
KO-FIN-00446,교차담보금제도 처리 절차를 확인하고 싶습니다.,အပြန်အလှန်ပေးချေမှုစနစ်ပါ။ ကို စစ်ဆေးချင်ပါတယ်။,교차담보금제도,교차담보금제도,True,증권·예탁,자산운용·투자,1.0,1.0,1.0,0,,40,교차담보금제도
KO-FIN-00453,교차헤징이 무엇을 의미하나요?,လမ်းဆုံအတားအဆီး ဆိုတာ ဘာကိုဆိုလိုတာလဲ။,교차헤징,교차헤징,True,금융시장·거래,,1.0,1.0,1.0,0,,20,교차헤징
KO-FIN-00458,교체발행을 이용하려면 어떤 조건이 필요한가요?,အပြောင်းအလဲ ထွက်ခွာ ကို အသုံးပြုဖို့ ဘယ်လို အခြေအနေတွေ လိုအပ်ပါသလဲ။,교체발행,교체발행,True,기업금융·자본조달,주식,1.0,1.0,1.0,0,,40,교체발행
KO-FIN-00459,교체발행과 관련된 비용과 절차를 확인하고 싶습니다.,အပြောင်းအလဲ ထွက်ခွာ နဲ့ ပတ်သက်တဲ့ ကုန်ကျစရိတ်နဲ့ လုပ်ထုံးလုပ်နည်းတွေကို သိချင်ပါတယ်။,교체발행,교체발행,True,기업금융·자본조달,주식,1.0,1.0,1.0,0,,40,교체발행
KO-FIN-00462,교환사채의 조건과 수익 구조를 확인하고 싶습니다.,ငွေလဲလှယ်ကြေး ရဲ့ အခြေအနေနဲ့ ဝင်ငွေ တည်ဆောက်ပုံကို စစ်ဆေးချင်ပါတယ်။,교환사채,교환사채,True,채권,증권·예탁,1.0,1.0,1.0,0,,20,교환사채
KO-FIN-00475,국가신인도와 관련된 투자 정보를 확인하고 싶습니다.,နိုင်ငံရေး နတ်ဘုရား။ နဲ့ ပတ်သက်တဲ့ ရင်းနှီးမြှုပ်နှံမှု အချက်အလက်တွေကို စစ်ဆေးချင်ပါတယ်။,국가신인도,국가신인도,True,자산운용·투자,,1.0,1.0,1.0,0,,40,국가신인도
KO-FIN-00478,국내장외거래와 관련된 시장 정보를 확인하고 싶습니다.,ပြည်တွင်း၊ ပြည်ပ ကုန်သွယ်မှု နဲ့ ပတ်သက်တဲ့ စျေးကွက် အချက်အလက်တွေကို စစ်ဆေးချင်ပါတယ်။,국내장외거래,국내장외거래,True,금융시장·거래,,1.0,1.0,1.0,0,,20,국내장외거래
KO-FIN-00483,국민주와 관련해 투자 전에 확인해야 할 사항이 있나요?,နိုင်ငံတော်သမ္မတ။ နဲ့ ပတ်သက်ပြီး ရင်းနှီးမြှုပ်နှံမှု မလုပ်ခင် စစ်ဆေးသင့်တဲ့ အချက်တွေရှိလား။,국민주,국민주,True,주식,,1.0,1.0,1.0,0,,40,국민주
KO-FIN-00485,국민주택채권이 무엇인지 설명해 주세요.,ပြည်သူ့အိမ်ရာ ချေးငွေ ဆိုတာ ဘာလဲဆိုတာ ရှင်းပြပေးပါဦး။,국민주택채권,국민주택채권,True,채권,주식,1.0,1.0,1.0,0,,40,국민주택채권
KO-FIN-00491,최근 국민총생산의 변화를 확인하고 싶습니다.,တစ်နိုင်ငံလုံး GDP ၏ လတ်တလော ပြောင်းလဲမှုများကို စစ်ဆေးလိုပါသည်။,국민총생산,국민총생산,True,경제·거시금융,,1.0,1.0,1.0,0,,0,
KO-FIN-00492,국민총생산은 다른 경제지표와 함께 해석하는 것이 좋습니다.,တစ်နိုင်ငံလုံး GDP ကို အခြား စီးပွားရေးညွှန်းကိန်းတွေနဲ့ ပေါင်းစပ်သုံးသပ်သင့်ပါတယ်။,국민총생산,국민총생산,True,경제·거시금융,,1.0,1.0,1.0,0,,0,
KO-FIN-00494,국제간 거래와 관련된 시장 정보를 확인하고 싶습니다.,နိုင်ငံတကာ ကုန်သွယ်မှုပါ။ နဲ့ ပတ်သက်တဲ့ စျေးကွက် အချက်အလက်တွေကို စစ်ဆေးချင်ပါတယ်။,국제간 거래,국제간 거래,True,금융시장·거래,자산운용·투자,1.0,1.0,1.0,0,,20,국제간 거래
KO-FIN-00497,국제간 대금지급이 무엇인지 설명해 주세요.,နိုင်ငံတကာ ပိတ်ဆို့မှုနှုန်း ဆိုတာ ဘာလဲဆိုတာ ရှင်းပြပေးပါဦး။,국제간 대금지급,국제간 대금지급,True,지급결제·청산,,1.0,1.0,1.0,0,,40,국제간 대금지급
KO-FIN-00503,국제간 대체결제 과정에서 문제가 발생한 것 같습니다.,နိုင်ငံတကာ အစားထိုး ဖြေရှင်းနည်း လုပ်နေတုန်းမှာ ပြဿနာတစ်ခု ဖြစ်နေပုံရတယ်။,국제간 대체결제,국제간 대체결제,True,지급결제·청산,증권·예탁,1.0,1.0,1.0,0,,0,
KO-FIN-00508,국제결제은행과 관련된 세부 업무는 해당 기관의 안내를 확인해 주세요.,နိုင်ငံတကာ ဆုံးဖြတ်ချက် ဘဏ် နှင့် ပတ်သက်သော အသေးစိတ်လုပ်ငန်းများအတွက် သက်ဆိုင်ရာ အဖွဲ့အစည်း၏ လမ်းညွှန်ချက်များကို ကြည့်ပါ။,국제결제은행,국제결제은행,True,금융기관·은행,국제금융 / 지급결제·청산,1.0,1.0,1.0,0,,0,
KO-FIN-00510,국제결제은행규제에서 이용할 수 있는 금융업무는 무엇인가요?,နိုင်ငံတကာ စီမံခန့်ခွဲမှု ဘဏ် စည်းမျဉ်းစည်းကမ်း မှာ သုံးနိုင်တဲ့ ဘဏ္ဍာရေးလုပ်ငန်းတွေက ဘာတွေလဲ။,국제결제은행규제,국제결제은행규제,True,금융기관·은행,지급결제·청산 / 국제금융,1.0,1.0,1.0,0,,0,
KO-FIN-00514,국제금융공사와 관련된 거래 조건을 확인하고 싶습니다.,နိုင်ငံတကာ ဘဏ္ဍာရေးလုပ်ငန်း နဲ့ ပတ်သက်တဲ့ ကုန်သွယ်မှု စည်းမျဉ်းတွေကို စစ်ဆေးချင်ပါတယ်။,국제금융공사,국제금융공사,True,국제금융,,1.0,1.0,1.0,0,,0,
KO-FIN-00518,국제금융센타와 관련된 거래 조건을 확인하고 싶습니다.,နိုင်ငံတကာ ငွေကြေးစင်တာ နဲ့ ပတ်သက်တဲ့ ကုန်သွယ်မှု စည်းမျဉ်းတွေကို စစ်ဆေးချင်ပါတယ်။,국제금융센타,국제금융센타,True,국제금융,,1.0,1.0,1.0,0,,0,
KO-FIN-00522,국제금융시장과 관련된 거래 조건을 확인하고 싶습니다.,နိုင်ငံတကာ ငွေကြေးစျေးကွက် နဲ့ ပတ်သက်တဲ့ ကုန်သွယ်မှု စည်းမျဉ်းတွေကို စစ်ဆေးချင်ပါတယ်။,국제금융시장,국제금융시장,True,국제금융,금융시장·거래,1.0,1.0,1.0,0,,0,
KO-FIN-00524,국제금융시장과 관련된 거래에서는 국가별 규정과 통화를 함께 확인해야 합니다.,နိုင်ငံတကာ ငွေကြေးစျေးကွက် နှင့် ပတ်သက်သော ငွေလဲလှယ်မှုများတွင် နိုင်ငံအလိုက် စည်းမျဉ်းများနှင့် ငွေကြေးကို အတူတကွ စစ်ဆေးရန် လိုအပ်ပါသည်။,국제금융시장,국제금융시장,True,국제금융,금융시장·거래,1.0,1.0,1.0,0,,0,
KO-FIN-00525,국제보관기관이 무엇인지 설명해 주세요.,နိုင်ငံတကာ စောင့်ကြည့်ရေးအဖွဲ့ ဆိုတာ ဘာလဲဆိုတာ ရှင်းပြပေးပါဦး။,국제보관기관,국제보관기관,True,증권·예탁,,1.0,1.0,1.0,0,,20,국제보관기관
KO-FIN-00532,국제부흥개발은행과 관련된 세부 업무는 해당 기관의 안내를 확인해 주세요.,နိုင်ငံတကာ ပြန်လည်ထူထောင်ရေး ဖွံ့ဖြိုးရေးဘဏ် နှင့် ပတ်သက်သော အသေးစိတ်လုပ်ငန်းများအတွက် သက်ဆိုင်ရာ အဖွဲ့အစည်း၏ လမ်းညွှန်ချက်များကို ကြည့်ပါ။,국제부흥개발은행,국제부흥개발은행,True,금융기관·은행,대출,1.0,1.0,1.0,0,,0,
KO-FIN-00535,국제분산투자와 관련된 투자 정보를 확인하고 싶습니다.,နိုင်ငံတကာ ရင်းနှီးမြှုပ်နှံမှု နဲ့ ပတ်သက်တဲ့ ရင်းနှီးမြှုပ်နှံမှု အချက်အလက်တွေကို စစ်ဆေးချင်ပါတယ်။,국제분산투자,국제분산투자,True,자산운용·투자,,1.0,1.0,1.0,0,,0,
KO-FIN-00538,국제유가증권관리자협회 처리 절차를 확인하고 싶습니다.,နိုင်ငံတကာ စက္ကူစီမံခန့်ခွဲမှုအသင်း ကို စစ်ဆေးချင်ပါတယ်။,국제유가증권관리자협회,국제유가증권관리자협회,True,증권·예탁,,1.0,1.0,1.0,0,,0,
KO-FIN-00541,국제전문가시장이 무엇을 의미하나요?,နိုင်ငံတကာ ကျွမ်းကျင်တဲ့ စျေးကွက်ပါ။ ဆိုတာ ဘာကိုဆိုလိုတာလဲ။,국제전문가시장,국제전문가시장,True,금융시장·거래,자산운용·투자,1.0,1.0,1.0,0,,0,
KO-FIN-00545,국제정합성이 무엇인지 설명해 주세요.,နိုင်ငံတကာ ညီညွတ်မှု ဆိုတာ ဘာလဲဆိုတာ ရှင်းပြပေးပါဦး။,국제정합성,국제정합성,True,증권·예탁,,1.0,1.0,1.0,0,,20,국제정합성
KO-FIN-00549,국제증권이 무엇인지 설명해 주세요.,နိုင်ငံတကာ လက်မှတ် ဆိုတာ ဘာလဲဆိုတာ ရှင်းပြပေးပါဦး။,국제증권,국제증권,True,증권·예탁,국제금융,1.0,1.0,1.0,0,,20,국제증권
KO-FIN-00553,국제증권거래소연맹이 무엇을 의미하나요?,နိုင်ငံတကာ စတော့အိတ်ချိန်းအဖွဲ့ချုပ် ဆိုတာ ဘာကိုဆိုလိုတာလဲ။,국제증권거래소연맹,국제증권거래소연맹,True,금융시장·거래,증권·예탁 / 국제금융,1.0,1.0,1.0,0,,0,
KO-FIN-00557,국제증권관리위원회연맹이 무엇인지 설명해 주세요.,နိုင်ငံတကာ ငွေကြေးစီမံခန့်ခွဲမှု ကော်မတီ ဆိုတာ ဘာလဲဆိုတာ ရှင်းပြပေးပါဦး။,국제증권관리위원회연맹,국제증권관리위원회연맹,True,증권·예탁,국제금융,1.0,1.0,1.0,0,,0,
KO-FIN-00561,국제증권예탁결제기관이 무엇인지 설명해 주세요.,နိုင်ငံတကာ ငွေကြေးပေးချေရေး အဖွဲ့အစည်း။ ဆိုတာ ဘာလဲဆိုတာ ရှင်းပြပေးပါဦး။,국제증권예탁결제기관,국제증권예탁결제기관,True,증권·예탁,지급결제·청산,1.0,1.0,1.0,0,,40,국제증권예탁결제기관
KO-FIN-00566,국제통화기금과 관련된 거래 조건을 확인하고 싶습니다.,နိုင်ငံတကာ ငွေကြေးရန်ပုံငွေ နဲ့ ပတ်သက်တဲ့ ကုန်သွယ်မှု စည်းမျဉ်းတွေကို စစ်ဆေးချင်ပါတယ်။,국제통화기금,국제통화기금,True,국제금융,,1.0,1.0,1.0,0,,0,
KO-FIN-00568,국제통화기금과 관련된 거래에서는 국가별 규정과 통화를 함께 확인해야 합니다.,နိုင်ငံတကာ ငွေကြေးရန်ပုံငွေ နှင့် ပတ်သက်သော ငွေလဲလှယ်မှုများတွင် နိုင်ငံအလိုက် စည်းမျဉ်းများနှင့် ငွေကြေးကို အတူတကွ စစ်ဆေးရန် လိုအပ်ပါသည်။,국제통화기금,국제통화기금,True,국제금융,,1.0,1.0,1.0,0,,0,
KO-FIN-00571,국제투자신탁에 가입하기 전에 어떤 점을 확인해야 하나요?,နိုင်ငံတကာ ရင်းနှီးမြှုပ်နှံမှုအဖွဲ့ ကို မဝင်ခင် ဘယ်အချက်တွေကို စစ်ဆေးသင့်လဲ။,국제투자신탁,국제투자신탁,True,펀드·신탁,자산운용·투자,1.0,1.0,1.0,0,,0,
KO-FIN-00574,국채의 조건과 수익 구조를 확인하고 싶습니다.,နိုင်ငံတော် ကြွေးမြီ ရဲ့ အခြေအနေနဲ့ ဝင်ငွေ တည်ဆောက်ပုံကို စစ်ဆေးချင်ပါတယ်။,국채,국채,True,채권,,1.0,1.0,1.0,0,,30,국채
KO-FIN-00578,국채전문딜러의 조건과 수익 구조를 확인하고 싶습니다.,နိုင်ငံတော် ကြွေးမြီ ရောင်းဝယ်သူ ရဲ့ အခြေအနေနဲ့ ဝင်ငွေ တည်ဆောက်ပုံကို စစ်ဆေးချင်ပါတယ်။,국채전문딜러,국채전문딜러,True,채권,금융시장·거래 / 금융기관·은행,1.0,1.0,1.0,0,,40,국채전문딜러
KO-FIN-00582,국채집합등록제도의 조건과 수익 구조를 확인하고 싶습니다.,နိုင်ငံတော် ကြွေးမြီ စုစည်းရေး အစီအစဉ် ရဲ့ အခြေအနေနဲ့ ဝင်ငွေ တည်ဆောက်ပုံကို စစ်ဆေးချင်ပါတယ်။,국채집합등록제도,국채집합등록제도,True,채권,증권·예탁 / 금융시장·거래,1.0,1.0,1.0,0,,40,국채집합등록제도
KO-FIN-00585,권리락이 무엇을 의미하나요?,ရပိုင်ခွင့် ဆိုတာ ဘာကိုဆိုလိုတာလဲ။,권리락,권리락,True,금융시장·거래,주식,1.0,1.0,1.0,0,,20,권리락
KO-FIN-00591,권리락주가와 관련해 투자 전에 확인해야 할 사항이 있나요?,လူ့အခွင့်အရေးသမား နဲ့ ပတ်သက်ပြီး ရင်းနှီးမြှုပ်နှံမှု မလုပ်ခင် စစ်ဆေးသင့်တဲ့ အချက်တွေရှိလား။,권리락주가,권리락주가,True,주식,,1.0,1.0,1.0,0,,20,권리락주가
KO-FIN-00593,권리예탁이 무엇인지 설명해 주세요.,ရပိုင်ခွင့် အာမခံချက် ဆိုတာ ဘာလဲဆိုတာ ရှင်းပြပေးပါဦး။,권리예탁,권리예탁,True,증권·예탁,주식,1.0,1.0,1.0,0,,40,권리예탁
KO-FIN-00598,권리예탁계좌부 처리 절차를 확인하고 싶습니다.,ရပိုင်ခွင့် ထိန်းသိမ်းရေး စာရင်းကိုင် ကို စစ်ဆေးချင်ပါတယ်။,권리예탁계좌부,권리예탁계좌부,True,증권·예탁,계좌,1.0,1.0,1.0,0,,40,권리예탁계좌부
KO-FIN-00603,권리주와 관련해 투자 전에 확인해야 할 사항이 있나요?,အခွင့်အရေးရှင်။ နဲ့ ပတ်သက်ပြီး ရင်းနှီးမြှုပ်နှံမှု မလုပ်ခင် စစ်ဆေးသင့်တဲ့ အချက်တွေရှိလား။,권리주,권리주,True,주식,금융법규·감독 / 법률·계약,1.0,1.0,1.0,0,,40,권리주
KO-FIN-00611,규정재정 때문에 추가로 확인해야 할 사항이 있나요?,စည်းမျဉ်းစည်းကမ်း ပြင်ဆင်ခြင်း အတွက် ထပ်ပြီး စစ်ဆေးစရာရှိလား။,규정재정,규정재정,True,금융법규·감독,,1.0,1.0,1.0,0,,20,규정재정
KO-FIN-00614,그라함 도드모형은 금융상품을 분석할 때 어떻게 사용되나요?,ဂရာဟမ် ဒော့ဒမ်ပုံစံပါ။ ကို ငွေရေးကြေးရေး ထုတ်ကုန်တွေကို ဆန်းစစ်ရာမှာ ဘယ်လိုသုံးလဲ။,그라함 도드모형,그라함 도드모형,True,금융공학·분석,주식,1.0,1.0,1.0,0,,20,그라함 도드모형
KO-FIN-00616,그라함 도드모형의 결과는 사용한 가정과 시장 데이터에 따라 달라질 수 있습니다.,ဂရာဟမ် ဒော့ဒမ်ပုံစံပါ။ ၏ ရလဒ်များသည် အသုံးပြုသော ယူဆချက်နှင့် ဈေးကွက် ဒေတာပေါ် မူတည်၍ ကွဲပြားနိုင်သည်။,그라함 도드모형,그라함 도드모형,True,금융공학·분석,주식,1.0,1.0,1.0,0,,20,그라함 도드모형
KO-FIN-00618,근저당과 관련된 금리와 비용을 확인하고 싶습니다.,အဆိုးဆုံးပါ။ နဲ့ ဆက်စပ်နေတဲ့ အတိုးနဲ့ ကုန်ကျစရိတ်တွေကို သိချင်ပါတယ်။,근저당,근저당,True,부동산금융,,1.0,1.0,1.0,0,,40,근저당
KO-FIN-00619,근저당을 이용할 때 필요한 서류는 무엇인가요?,အဆိုးဆုံးပါ။ ကို အသုံးပြုဖို့ လိုအပ်တဲ့ စာရွက်စာတမ်းတွေက ဘာတွေလဲ။,근저당,근저당,True,부동산금융,,1.0,1.0,1.0,0,,40,근저당
KO-FIN-00621,글래머주식이 무엇인지 설명해 주세요.,ချောမောမှုပါ။ ဆိုတာ ဘာလဲဆိုတာ ရှင်းပြပေးပါဦး။,글래머주식,글래머주식,True,주식,,1.0,1.0,1.0,0,,40,글래머주식
KO-FIN-00625,글래스 스티걸법이 무엇인지 설명해 주세요.,Glass Steagall နည်း။ ဆိုတာ ဘာလဲဆိုတာ ရှင်းပြပေးပါဦး။,글래스 스티걸법,글래스 스티걸법,True,증권·예탁,,1.0,1.0,1.0,0,,0,
KO-FIN-00629,글로벌 트레이딩이 무엇을 의미하나요?,ကမ္ဘာ့ကုန်သွယ်ရေး ဆိုတာ ဘာကိုဆိုလိုတာလဲ။,글로벌 트레이딩,글로벌 트레이딩,True,금융시장·거래,,1.0,1.0,1.0,0,,40,글로벌 트레이딩
KO-FIN-00635,글로벌라이제이션을 줄이려면 어떤 점을 확인해야 하나요?,ကမ္ဘာလုံးဆိုင်ရာဖြစ်စဉ် ကို လျှော့ချဖို့ ဘယ်အချက်ကို စစ်ဆေးဖို့လိုလဲ။,글로벌라이제이션,글로벌라이제이션,True,신용·리스크,,1.0,1.0,1.0,0,,40,글로벌라이제이션
KO-FIN-00636,글로벌라이제이션은 거래 조건이나 이용 가능 여부에 영향을 줄 수 있습니다.,ကမ္ဘာလုံးဆိုင်ရာဖြစ်စဉ် ဟာ ကုန်သွယ်မှု အခြေအနေတွေ (သို့) သုံးစွဲမှုအပေါ် သက်ရောက်မှုရှိနိုင်ပါတယ်။,글로벌라이제이션,글로벌라이제이션,True,신용·리스크,,1.0,1.0,1.0,0,,40,글로벌라이제이션
KO-FIN-00638,글로벌본드의 조건과 수익 구조를 확인하고 싶습니다.,ကမ္ဘာလုံးဆိုင်ရာ ချေးငွေ ရဲ့ အခြေအနေနဲ့ ဝင်ငွေ တည်ဆောက်ပုံကို စစ်ဆေးချင်ပါတယ်။,글로벌본드,글로벌본드,True,채권,,1.0,1.0,1.0,0,,40,글로벌본드
KO-FIN-00641,글로컬리제이션이 무엇을 의미하나요?,Glocalization ဆိုတာက ဆိုတာ ဘာကိုဆိုလိုတာလဲ။,글로컬리제이션,글로컬리제이션,True,금융시장·거래,,1.0,1.0,1.0,0,,40,글로컬리제이션
KO-FIN-00649,금리선물이 무엇인지 쉽게 설명해 주세요.,အတိုးအလျှော့ပေးခြင်း ဆိုတာ ဘာလဲဆိုတာ ရှင်းပြပေးပါ။,금리선물,금리선물,True,파생상품,금융시장·거래,1.0,1.0,1.0,0,,40,금리선물
KO-FIN-00653,금리선물옵션이 무엇인지 쉽게 설명해 주세요.,အတိုးနှုန်း ရွေးချယ်မှု ဆိုတာ ဘာလဲဆိုတာ ရှင်းပြပေးပါ။,금리선물옵션,금리선물옵션,True,파생상품,,1.0,1.0,1.0,0,,40,금리선물옵션
KO-FIN-00657,금리스왑이 무엇인지 쉽게 설명해 주세요.,ရွှေမွှေး။ ဆိုတာ ဘာလဲဆိုတာ ရှင်းပြပေးပါ။,금리스왑,금리스왑,True,파생상품,대출 / 법률·계약 / 금융시장·거래,1.0,1.0,1.0,0,,40,금리스왑
KO-FIN-00662,금리연동부사채의 조건과 수익 구조를 확인하고 싶습니다.,ငွေကြေးဆိုင်ရာ ချေးငွေပါ။ ရဲ့ အခြေအနေနဲ့ ဝင်ငွေ တည်ဆောက်ပုံကို စစ်ဆေးချင်ပါတယ်။,금리연동부사채,금리연동부사채,True,채권,,1.0,1.0,1.0,0,,40,금리연동부사채
KO-FIN-00666,금리확정부사채의 조건과 수익 구조를 확인하고 싶습니다.,အတိုးချဲ့ ချေးငွေပါ။ ရဲ့ အခြေအနေနဲ့ ဝင်ငွေ တည်ဆောက်ပုံကို စစ်ဆေးချင်ပါတယ်။,금리확정부사채,금리확정부사채,True,채권,,1.0,1.0,1.0,0,,40,금리확정부사채
KO-FIN-00671,금외신탁에 가입하기 전에 어떤 점을 확인해야 하나요?,အချိုးမကျတဲ့ ယုံကြည်မှုပါ။ ကို မဝင်ခင် ဘယ်အချက်တွေကို စစ်ဆေးသင့်လဲ။,금외신탁,금외신탁,True,펀드·신탁,,1.0,1.0,1.0,0,,40,금외신탁
KO-FIN-00675,금융감독위원회/금융감독원 때문에 추가로 확인해야 할 사항이 있나요?,ဘဏ္ဍာရေး ကြီးကြပ်ရေး ကော်မတီ/ဘဏ္ဍာရေး ကြီးကြပ်ရေးမှူး အတွက် ထပ်ပြီး စစ်ဆေးစရာရှိလား။,금융감독위원회/금융감독원,금융감독위원회/금융감독원,True,금융법규·감독,,1.0,1.0,1.0,0,,0,
KO-FIN-00677,금융결제원이 무엇인지 설명해 주세요.,ဘဏ္ဍာရေး ဆုံးဖြတ်သူ။ ဆိုတာ ဘာလဲဆိုတာ ရှင်းပြပေးပါဦး။,금융결제원,금융결제원,True,지급결제·청산,금융기관·은행,1.0,1.0,1.0,0,,40,금융결제원
KO-FIN-00681,금융공학이 무엇인지 설명해 주세요.,ဘဏ္ဍာရေး အင်ဂျင်နီယာ ဆိုတာ ဘာလဲဆိုတာ ရှင်းပြပေးပါဦး။,금융공학,금융공학,True,주식,,1.0,1.0,1.0,0,,40,금융공학
KO-FIN-00686,금융기관에서 이용할 수 있는 금융업무는 무엇인가요?,ဘဏ္ဍာရေး အဖွဲ့အစည်း မှာ သုံးနိုင်တဲ့ ဘဏ္ဍာရေးလုပ်ငန်းတွေက ဘာတွေလဲ။,금융기관,금융기관,True,금융기관·은행,,1.0,1.0,1.0,0,,0,
KO-FIN-00691,금융리스 때문에 추가로 확인해야 할 사항이 있나요?,ဘဏ္ဍာရေးသမား။ အတွက် ထပ်ပြီး စစ်ဆေးစရာရှိလား။,금융리스,금융리스,True,금융법규·감독,,1.0,1.0,1.0,0,,40,금융리스
KO-FIN-00692,금융리스의 적용 범위는 관련 법령과 규정에 따라 달라질 수 있습니다.,ဘဏ္ဍာရေးသမား။ ၏ သက်ရောက်မှု ကဏ္ဍသည် သက်ဆိုင်ရာ ဥပဒေများနှင့် စည်းမျဉ်းများအပေါ် မူတည်၍ ကွဲပြားနိုင်သည်။,금융리스,금융리스,True,금융법규·감독,,1.0,1.0,1.0,0,,40,금융리스
KO-FIN-00696,금융비용은 심사 결과에 따라 이용 가능 여부가 달라질 수 있습니다.,ငွေကြေး ကုန်ကျစရိတ် ဟာ သုံးစွဲမှုအပေါ် မူတည်ပြီး ပြောင်းလဲနိုင်ပါတယ်။,금융비용,금융비용,True,대출,,1.0,1.0,1.0,0,,0,
KO-FIN-00698,금융선물거래와 관련된 시장 정보를 확인하고 싶습니다.,ငွေကြေး လက်ဆောင် ရောင်းဝယ်မှု နဲ့ ပတ်သက်တဲ့ စျေးကွက် အချက်အလက်တွေကို စစ်ဆေးချင်ပါတယ်။,금융선물거래,금융선물거래,True,금융시장·거래,파생상품 / 해외송금·외환,1.0,1.0,1.0,0,,0,
KO-FIN-00702,금융소득종합과세의 적용 기준을 알려주세요.,ဘဏ္ဍာရေး ဝင်ငွေ အခွန် ကို အသုံးချမှု သတ်မှတ်ချက်ကို ပေးပါ။,금융소득종합과세,금융소득종합과세,True,세금,,1.0,1.0,1.0,0,,0,
KO-FIN-00704,금융소득종합과세의 적용 여부는 거래 유형과 세법에 따라 달라질 수 있습니다.,ဘဏ္ဍာရေး ဝင်ငွေ အခွန် ၏ အသုံးဝင်မှုသည် ငွေပေးချေမှုအမျိုးအစားနှင့် အခွန်ဥပဒေများအလိုက် ကွဲပြားနိုင်သည်။,금융소득종합과세,금융소득종합과세,True,세금,,1.0,1.0,1.0,0,,0,
KO-FIN-00705,금융쇼핑몰이 무엇인지 설명해 주세요.,ဘဏ္ဍာရေး စျေးဝယ်စင်တာ ဆိုတာ ဘာလဲဆိုတာ ရှင်းပြပေးပါဦး။,금융쇼핑몰,금융쇼핑몰,True,증권·예탁,,1.0,1.0,1.0,0,,0,
KO-FIN-00709,금융시장이 무엇을 의미하나요?,ငွေကြေးစျေးကွက် ဆိုတာ ဘာကိုဆိုလိုတာလဲ။,금융시장,금융시장,True,금융시장·거래,,1.0,1.0,1.0,0,,0,
KO-FIN-00714,금융실명제의 적용 기준을 알려주세요.,ငွေကြေးဆိုင်ရာ ပွင့်လင်းမြင်သာမှု။ ကို အသုံးချမှု သတ်မှတ်ချက်ကို ပေးပါ။,금융실명제,금융실명제,True,세금,,1.0,1.0,1.0,0,,0,
KO-FIN-00716,금융실명제의 적용 여부는 거래 유형과 세법에 따라 달라질 수 있습니다.,ငွေကြေးဆိုင်ရာ ပွင့်လင်းမြင်သာမှု။ ၏ အသုံးဝင်မှုသည် ငွေပေးချေမှုအမျိုးအစားနှင့် အခွန်ဥပဒေများအလိုက် ကွဲပြားနိုင်သည်။,금융실명제,금융실명제,True,세금,,1.0,1.0,1.0,0,,0,
KO-FIN-00720,금융어음은 심사 결과에 따라 이용 가능 여부가 달라질 수 있습니다.,ဘဏ္ဍာရေးစကား က သုံးစွဲမှုအပေါ် မူတည်ပြီး ပြောင်းလဲနိုင်ပါတယ်။,금융어음,금융어음,True,대출,,1.0,1.0,1.0,0,,40,금융어음
KO-FIN-00724,금융자산은 심사 결과에 따라 이용 가능 여부가 달라질 수 있습니다.,ငွေကြေး အရင်းအမြစ် က သုံးစွဲမှုအပေါ် မူတည်ပြီး ပြောင်းလဲနိုင်ပါတယ်။,금융자산,금융자산,True,대출,,1.0,1.0,1.0,0,,0,
KO-FIN-00727,금융장세와 관련해 투자 전에 확인해야 할 사항이 있나요?,ဘဏ္ဍာရေးဝန်ကြီး။ နဲ့ ပတ်သက်ပြီး ရင်းနှီးမြှုပ်နှံမှု မလုပ်ခင် စစ်ဆေးသင့်တဲ့ အချက်တွေရှိလား။,금융장세,금융장세,True,주식,,1.0,1.0,1.0,0,,40,금융장세
KO-FIN-00730,금융지주회사에서 이용할 수 있는 금융업무는 무엇인가요?,ဘဏ္ဍာရေး ပိုင်ဆိုင်မှု ကုမ္ပဏီ။ မှာ သုံးနိုင်တဲ့ ဘဏ္ဍာရေးလုပ်ငန်းတွေက ဘာတွေလဲ။,금융지주회사,금융지주회사,True,금융기관·은행,,1.0,1.0,1.0,0,,0,
KO-FIN-00734,금융채에서 이용할 수 있는 금융업무는 무엇인가요?,ငွေကြေး ချေးငွေ မှာ သုံးနိုင်တဲ့ ဘဏ္ဍာရေးလုပ်ငန်းတွေက ဘာတွေလဲ။,금융채,금융채,True,금융기관·은행,,1.0,1.0,1.0,0,,40,금융채
KO-FIN-00738,금융통화운영위원회에서 이용할 수 있는 금융업무는 무엇인가요?,ငွေလဲလှယ်မှု ထိန်းချုပ်ရေး ကော်မတီ မှာ သုံးနိုင်တဲ့ ဘဏ္ဍာရေးလုပ်ငန်းတွေက ဘာတွေလဲ။,금융통화운영위원회,금융통화운영위원회,True,금융기관·은행,,1.0,1.0,1.0,0,,20,금융통화운영위원회
KO-FIN-00743,금전신탁에 가입하기 전에 어떤 점을 확인해야 하나요?,ငွေပေးချေမှု။ ကို မဝင်ခင် ဘယ်အချက်တွေကို စစ်ဆေးသင့်လဲ။,금전신탁,금전신탁,True,펀드·신탁,,1.0,1.0,1.0,0,,40,금전신탁
KO-FIN-00746,기간구조의 조건과 수익 구조를 확인하고 싶습니다.,အချိန်ဇယား ရဲ့ အခြေအနေနဲ့ ဝင်ငွေ တည်ဆောက်ပုံကို စစ်ဆေးချင်ပါတယ်။,기간구조,기간구조,True,채권,,1.0,1.0,1.0,0,,40,기간구조
KO-FIN-00749,기간물 repo이 무엇을 의미하나요?,အချိန်ကာလ ရင်းနှီးမြှုပ်နှံမှု ဆိုတာ ဘာကိုဆိုလိုတာလဲ။,기간물 repo,기간물 repo,True,금융시장·거래,,1.0,1.0,1.0,0,,40,기간물 repo
KO-FIN-00757,기관투자가 결제제도가 무엇인지 설명해 주세요.,အဖွဲ့အစည်းဆိုင်ရာ ရင်းနှီးမြှုပ်နှံမှုတွေ၊ ငွေပေးချေမှုစနစ်တွေ၊ ဆိုတာ ဘာလဲဆိုတာ ရှင်းပြပေးပါ။,기관투자가 결제제도,기관투자가 결제제도,True,지급결제·청산,자산운용·투자 / 증권·예탁 / 금융시장·거래,1.0,1.0,1.0,0,,20,기관투자가 결제제도
KO-FIN-00763,기관투자가와 관련된 투자 정보를 확인하고 싶습니다.,အဖွဲ့အစည်း ရင်းနှီးမြှုပ်နှံသူ နဲ့ ပတ်သက်တဲ့ ရင်းနှီးမြှုပ်နှံမှု အချက်အလက်တွေကို စစ်ဆေးချင်ပါတယ်။,기관투자가,기관투자가,True,자산운용·투자,증권·예탁 / 금융기관·은행 / 금융시장·거래,1.0,1.0,1.0,0,,0,
KO-FIN-00765,기관화현상이 무엇인지 설명해 주세요.,စက်မှုဖြစ်စဉ်ပါ။ ဆိုတာ ဘာလဲဆိုတာ ရှင်းပြပေးပါဦး။,기관화현상,기관화현상,True,주식,,1.0,1.0,1.0,0,,40,기관화현상
KO-FIN-00769,기대수익률이 무엇인지 설명해 주세요.,မျှော်မှန်းထားတဲ့ အမြတ်နှုန်း ဆိုတာ ဘာလဲဆိုတာ ရှင်းပြပေးပါဦး။,기대수익률,기대수익률,True,주식,,1.0,1.0,1.0,0,,0,
KO-FIN-00776,기대이론은 심사 결과에 따라 이용 가능 여부가 달라질 수 있습니다.,မျှော်လင့်ချက်ပါ။ က သုံးစွဲမှုအပေါ် မူတည်ပြီး ပြောင်းလဲနိုင်ပါတယ်။,기대이론,기대이론,True,대출,자산운용·투자,1.0,1.0,1.0,0,,40,기대이론
KO-FIN-00778,기말계속예탁제도 처리 절차를 확인하고 싶습니다.,အပြီးသတ် စာရင်းပေးသွင်းမှုလည်း ရှိတယ်။ ကို စစ်ဆေးချင်ပါတယ်။,기말계속예탁제도,기말계속예탁제도,True,증권·예탁,주식 / 법률·계약,1.0,1.0,1.0,0,,40,기말계속예탁제도
KO-FIN-00786,기명사채의 조건과 수익 구조를 확인하고 싶습니다.,အမည်မဖော်လိုပါ။ ရဲ့ အခြေအနေနဲ့ ဝင်ငွေ တည်ဆောက်ပုံကို စစ်ဆေးချင်ပါတယ်။,기명사채,기명사채,True,채권,,1.0,1.0,1.0,0,,40,기명사채
KO-FIN-00789,기명주식이 무엇인지 설명해 주세요.,နာမ်စားအက္ခရာ ဆိုတာ ဘာလဲဆိုတာ ရှင်းပြပေးပါဦး။,기명주식,기명주식,True,주식,증권·예탁,1.0,1.0,1.0,0,,40,기명주식
KO-FIN-00794,기본적분석은 금융상품을 분석할 때 어떻게 사용되나요?,အခြေခံ ဆန်းစစ်မှု ကို ငွေရေးကြေးရေး ထုတ်ကုန်တွေကို ဆန်းစစ်ရာမှာ ဘယ်လိုသုံးလဲ။,기본적분석,기본적분석,True,금융공학·분석,,1.0,1.0,1.0,0,,0,
KO-FIN-00796,기본적분석의 결과는 사용한 가정과 시장 데이터에 따라 달라질 수 있습니다.,အခြေခံ ဆန်းစစ်မှု ၏ ရလဒ်များသည် အသုံးပြုသော ယူဆချက်နှင့် ဈေးကွက် ဒေတာပေါ် မူတည်၍ ကွဲပြားနိုင်သည်။,기본적분석,기본적분석,True,금융공학·분석,,1.0,1.0,1.0,0,,0,
KO-FIN-00802,기술적분석은 금융상품을 분석할 때 어떻게 사용되나요?,နည်းပညာ ဆန်းစစ်ချက် ကို ငွေရေးကြေးရေး ထုတ်ကုန်တွေကို ဆန်းစစ်ရာမှာ ဘယ်လိုသုံးလဲ။,기술적분석,기술적분석,True,금융공학·분석,,1.0,1.0,1.0,0,,0,
KO-FIN-00804,기술적분석의 결과는 사용한 가정과 시장 데이터에 따라 달라질 수 있습니다.,နည်းပညာ ဆန်းစစ်ချက် ၏ ရလဒ်များသည် အသုံးပြုသော ယူဆချက်နှင့် ဈေးကွက် ဒေတာပေါ် မူတည်၍ ကွဲပြားနိုင်သည်။,기술적분석,기술적분석,True,금융공학·분석,,1.0,1.0,1.0,0,,0,
KO-FIN-00806,기어링 레이쇼에서 이용할 수 있는 금융업무는 무엇인가요?,Gearing Rays ကို ကြည့်ပါ။ မှာ သုံးနိုင်တဲ့ ဘဏ္ဍာရေးလုပ်ငန်းတွေက ဘာတွေလဲ။,기어링 레이쇼,기어링 레이쇼,True,금융기관·은행,,1.0,1.0,1.0,0,,0,
KO-FIN-00812,기업공개의 세부 조건과 절차는 거래 유형에 따라 달라질 수 있습니다.,ကုမ္ပဏီရဲ့ ကြေညာချက် ၏ အသေးစိတ် စည်းမျဉ်းစည်းကမ်းများနှင့် လုပ်ထုံးလုပ်နည်းများသည် ငွေပေးချေမှု အမျိုးအစားအလိုက် ကွဲပြားနိုင်သည်။,기업공개,기업공개,True,기업금융·자본조달,주식 / 자산운용·투자 / 금융시장·거래,1.0,1.0,1.0,0,,40,기업공개
KO-FIN-00814,기업회계기준을 통해 어떤 정보를 확인할 수 있나요?,ကုမ္ပဏီစာရင်းအင်း စံနှုန်း ကနေ ဘယ်သတင်းအချက်အလက်တွေကို ရှာတွေ့နိုင်လဲ။,기업회계기준,기업회계기준,True,회계·재무,금융법규·감독,1.0,1.0,1.0,0,,20,기업회계기준
KO-FIN-00816,기업회계기준은 기준 시점과 작성 기준을 함께 확인해야 합니다.,ကုမ္ပဏီစာရင်းအင်း စံနှုန်း ကို မှတ်တမ်းတင်ချိန်နဲ့ မှတ်တမ်းတင်ချိန်နဲ့အတူ စစ်ဆေးဖို့လိုပါတယ်။,기업회계기준,기업회계기준,True,회계·재무,금융법규·감독,1.0,1.0,1.0,0,,20,기업회계기준
KO-FIN-00821,기채시장이 무엇인지 설명해 주세요.,ချေးငွေစျေးကွက် ဆိုတာ ဘာလဲဆိုတာ ရှင်းပြပေးပါဦး။,기채시장,기채시장,True,채권,금융시장·거래,1.0,1.0,1.0,0,,0,
KO-FIN-00825,기초자산이 무엇인지 쉽게 설명해 주세요.,အခြေခံ အရင်းအမြစ် ဆိုတာ ဘာလဲဆိုတာ ရှင်းပြပေးပါ။,기초자산,기초자산,True,파생상품,,1.0,1.0,1.0,0,,0,
KO-FIN-00830,기축통화와 관련된 거래 조건을 확인하고 싶습니다.,စိတ်ဓာတ်ကျခြင်း နဲ့ ပတ်သက်တဲ့ ကုန်သွယ်မှု စည်းမျဉ်းတွေကို စစ်ဆေးချင်ပါတယ်။,기축통화,기축통화,True,국제금융,,1.0,1.0,1.0,0,,40,기축통화
KO-FIN-00833,기한부어음이 무엇인지 설명해 주세요.,နောက်ဆုံးအချိန်။ ဆိုတာ ဘာလဲဆိုတာ ရှင်းပြပေးပါဦး။,기한부어음,기한부어음,True,증권·예탁,,1.0,1.0,1.0,0,,40,기한부어음
KO-FIN-00839,기회비용과 관련된 투자 정보를 확인하고 싶습니다.,အခွင့်အလမ်း ကုန်ကျစရိတ် နဲ့ ပတ်သက်တဲ့ ရင်းနှီးမြှုပ်နှံမှု အချက်အလက်တွေကို စစ်ဆေးချင်ပါတယ်။,기회비용,기회비용,True,자산운용·투자,,1.0,1.0,1.0,0,,0,
KO-FIN-00841,나스닥이 무엇을 의미하나요?,Nasdaq ပါ။ ဆိုတာ ဘာကိုဆိုလိုတာလဲ။,나스닥,나스닥,True,금융시장·거래,,1.0,1.0,1.0,0,,0,
KO-FIN-00846,납입자본금을 통해 어떤 정보를 확인할 수 있나요?,ရင်းနှီးမြှုပ်နှံမှု ကနေ ဘယ်သတင်းအချက်အလက်တွေကို ရှာတွေ့နိုင်လဲ။,납입자본금,납입자본금,True,회계·재무,,1.0,1.0,1.0,0,,40,납입자본금
KO-FIN-00848,납입자본금은 기준 시점과 작성 기준을 함께 확인해야 합니다.,ရင်းနှီးမြှုပ်နှံမှု ကို မှတ်တမ်းတင်ချိန်နဲ့ မှတ်တမ်းတင်ချိန်နဲ့အတူ စစ်ဆေးဖို့လိုပါတယ်။,납입자본금,납입자본금,True,회계·재무,,1.0,1.0,1.0,0,,40,납입자본금
KO-FIN-00855,내부결제 과정에서 문제가 발생한 것 같습니다.,အတွင်းပိုင်း ဖြေရှင်းနည်း လုပ်နေတုန်းမှာ ပြဿနာတစ်ခု ဖြစ်နေပုံရတယ်။,내부결제,내부결제,True,지급결제·청산,,1.0,1.0,1.0,0,,20,내부결제
KO-FIN-00858,내부금융은 어디에서 확인할 수 있나요?,ပြည်တွင်း ဘဏ္ဍာရေး ကို ဘယ်မှာတွေ့လဲ။,내부금융,내부금융,True,계좌,,1.0,1.0,1.0,0,,40,내부금융
KO-FIN-00859,내부금융이 정상적으로 표시되지 않습니다.,ပြည်တွင်း ဘဏ္ဍာရေး ကို ပုံမှန် မပြနိုင်ပါ။,내부금융,내부금융,True,계좌,,1.0,1.0,1.0,0,,40,내부금융
KO-FIN-00863,내부수익률과 관련된 투자 정보를 확인하고 싶습니다.,ပြည်တွင်း အမြတ်နှုန်း နဲ့ ပတ်သက်တဲ့ ရင်းနှီးမြှုပ်နှံမှု အချက်အလက်တွေကို စစ်ဆေးချင်ပါတယ်။,내부수익률,내부수익률,True,자산운용·투자,,1.0,1.0,1.0,0,,0,
KO-FIN-00867,내부유보와 관련해 투자 전에 확인해야 할 사항이 있나요?,အတွင်းပိုင်း ယိုဘို နဲ့ ပတ်သက်ပြီး ရင်းနှီးမြှုပ်နှံမှု မလုပ်ခင် စစ်ဆေးသင့်တဲ့ အချက်တွေရှိလား။,내부유보,내부유보,True,주식,,1.0,1.0,1.0,0,,20,내부유보
KO-FIN-00870,내부자거래와 관련된 시장 정보를 확인하고 싶습니다.,အတွင်းရေးမှူး နဲ့ ပတ်သက်တဲ့ စျေးကွက် အချက်အလက်တွေကို စစ်ဆေးချင်ပါတယ်။,내부자거래,내부자거래,True,금융시장·거래,자산운용·투자 / 증권·예탁 / 금융법규·감독 / 법률·계약,1.0,1.0,1.0,0,,40,내부자거래
KO-FIN-00874,내재가치 처리 절차를 확인하고 싶습니다.,ကိုယ်တွင်းတန်ဖိုး ကို စစ်ဆေးချင်ပါတယ်။,내재가치,내재가치,True,증권·예탁,,1.0,1.0,1.0,0,,0,
KO-FIN-00879,누적적 우선주와 관련해 투자 전에 확인해야 할 사항이 있나요?,စုစုပေါင်း ဦးစားပေးမှု။ နဲ့ ပတ်သက်ပြီး ရင်းနှီးမြှုပ်နှံမှု မလုပ်ခင် စစ်ဆေးသင့်တဲ့ အချက်တွေရှိလား။,누적적 우선주,누적적 우선주,True,주식,,1.0,1.0,1.0,0,,20,누적적 우선주
KO-FIN-00883,누적적참가우선주와 관련해 투자 전에 확인해야 할 사항이 있나요?,စုစုပေါင်း ပူးပေါင်းဆောင်ရွက်မှု နဲ့ ပတ်သက်ပြီး ရင်းနှီးမြှုပ်နှံမှု မလုပ်ခင် စစ်ဆေးသင့်တဲ့ အချက်တွေရှိလား။,누적적참가우선주,누적적참가우선주,True,주식,,1.0,1.0,1.0,0,,40,누적적참가우선주
KO-FIN-00887,누적투표제와 관련해 투자 전에 확인해야 할 사항이 있나요?,စုပေါင်းမဲပေးခြင်း နဲ့ ပတ်သက်ပြီး ရင်းနှီးမြှုပ်နှံမှု မလုပ်ခင် စစ်ဆေးသင့်တဲ့ အချက်တွေရှိလား။,누적투표제,누적투표제,True,주식,,1.0,1.0,1.0,0,,20,누적투표제
KO-FIN-00891,뉴라운드와 관련된 투자 정보를 확인하고 싶습니다.,နယူးရော့ဒ် နဲ့ ပတ်သက်တဲ့ ရင်းနှီးမြှုပ်နှံမှု အချက်အလက်တွေကို စစ်ဆေးချင်ပါတယ်။,뉴라운드,뉴라운드,True,자산운용·투자,,1.0,1.0,1.0,0,,0,
KO-FIN-00896,뉴욕증권거래소를 확인할 때 시장 상황과 거래 조건을 함께 살펴보세요.,နယူးယောက် စတော့အိတ်ချိန်း ကို စစ်ဆေးတဲ့အခါ ဈေးကွက်အခြေအနေနဲ့ ကုန်သွယ်မှု အခြေအနေတွေကို အတူတကွ ကြည့်ပါ။,뉴욕증권거래소,뉴욕증권거래소,True,금융시장·거래,증권·예탁,1.0,1.0,1.0,0,,0,
KO-FIN-00898,니케이 평균지수와 관련된 시장 정보를 확인하고 싶습니다.,Nike ပျမ်းမျှ။ နဲ့ ပတ်သက်တဲ့ စျေးကွက် အချက်အလက်တွေကို စစ်ဆေးချင်ပါတယ်။,니케이 평균지수,니케이 평균지수,True,금융시장·거래,주식,1.0,1.0,1.0,0,,20,니케이 평균지수
KO-FIN-00901,다자간 차감이 무엇인지 설명해 주세요.,အိပ်ရာမဝင်တဲ့ အေးဆေးမှု ဆိုတာ ဘာလဲဆိုတာ ရှင်းပြပေးပါဦး။,다자간 차감,다자간 차감,True,지급결제·청산,,1.0,1.0,1.0,0,,40,다자간 차감
KO-FIN-00906,다지수모형은 금융상품을 분석할 때 어떻게 사용되나요?,ကြမ်းပြင်ပုံစံပါ။ ကို ငွေရေးကြေးရေး ထုတ်ကုန်တွေကို ဆန်းစစ်ရာမှာ ဘယ်လိုသုံးလဲ။,다지수모형,다지수모형,True,금융공학·분석,,1.0,1.0,1.0,0,,40,다지수모형
KO-FIN-00908,다지수모형의 결과는 사용한 가정과 시장 데이터에 따라 달라질 수 있습니다.,ကြမ်းပြင်ပုံစံပါ။ ၏ ရလဒ်များသည် အသုံးပြုသော ယူဆချက်နှင့် ဈေးကွက် ဒေတာပေါ် မူတည်၍ ကွဲပြားနိုင်သည်။,다지수모형,다지수모형,True,금융공학·분석,,1.0,1.0,1.0,0,,40,다지수모형
KO-FIN-00909,단기금융시장 상호기금이 무엇을 의미하나요?,ရေတို ငွေကြေး စျေးကွက် ရင်းနှီးမြှုပ်နှံမှု ဆိုတာ ဘာကိုဆိုလိုတာလဲ။,단기금융시장 상호기금,단기금융시장 상호기금,True,금융시장·거래,,1.0,1.0,1.0,0,,0,
KO-FIN-00913,단기금융시장이 무엇을 의미하나요?,ရေတို ငွေကြေးစျေးကွက်ပါ။ ဆိုတာ ဘာကိုဆိုလိုတာလဲ။,단기금융시장,단기금융시장,True,금융시장·거래,대출,1.0,1.0,1.0,0,,0,
KO-FIN-00918,단기채의 조건과 수익 구조를 확인하고 싶습니다.,ရေတိုချေးငွေပါ။ ရဲ့ အခြေအနေနဲ့ ဝင်ငွေ တည်ဆောက်ပုံကို စစ်ဆေးချင်ပါတယ်။,단기채,단기채,True,채권,,1.0,1.0,1.0,0,,20,단기채
KO-FIN-00921,단독주주권이 무엇인지 설명해 주세요.,တစ်နိုင်ငံတည်း အချုပ်အခြာအာဏာ ဆိုတာ ဘာလဲဆိုတာ ရှင်းပြပေးပါဦး။,단독주주권,단독주주권,True,주식,,1.0,1.0,1.0,0,,40,단독주주권
KO-FIN-00926,단순보관연계 처리 절차를 확인하고 싶습니다.,ရိုးရှင်းတဲ့ ဆက်နွယ်မှုစနစ်ပါ။ ကို စစ်ဆေးချင်ပါတယ်။,단순보관연계,단순보관연계,True,증권·예탁,지급결제·청산,1.0,1.0,1.0,0,,20,단순보관연계
KO-FIN-00931,단순주가지수와 관련해 투자 전에 확인해야 할 사항이 있나요?,ရိုးရှင်းတဲ့ ကိန်းဂဏန်းပါ။ နဲ့ ပတ်သက်ပြီး ရင်းနှီးမြှုပ်နှံမှု မလုပ်ခင် စစ်ဆေးသင့်တဲ့ အချက်တွေရှိလား။,단순주가지수,단순주가지수,True,주식,,1.0,1.0,1.0,0,,40,단순주가지수
KO-FIN-00933,단순주가평균이 무엇인지 설명해 주세요.,သာမန်တစ်ပတ်မှာ ပျမ်းမျှ ဆိုတာ ဘာလဲဆိုတာ ရှင်းပြပေးပါဦး။,단순주가평균,단순주가평균,True,주식,,1.0,1.0,1.0,0,,20,단순주가평균
KO-FIN-00939,단위형 투자신탁에 가입하기 전에 어떤 점을 확인해야 하나요?,တစ်စိတ်တစ်ပိုင်း ရင်းနှီးမြှုပ်နှံမှု ကို မဝင်ခင် ဘယ်အချက်တွေကို စစ်ဆေးသင့်လဲ။,단위형 투자신탁,단위형 투자신탁,True,펀드·신탁,자산운용·투자,1.0,1.0,1.0,0,,20,단위형 투자신탁
KO-FIN-00942,단일지수모형은 금융상품을 분석할 때 어떻게 사용되나요?,တစ်ခုတည်းသော ကိန်းဂဏန်းပုံစံပါ။ ကို ငွေရေးကြေးရေး ထုတ်ကုန်တွေကို ဆန်းစစ်ရာမှာ ဘယ်လိုသုံးလဲ။,단일지수모형,단일지수모형,True,금융공학·분석,,1.0,1.0,1.0,0,,20,단일지수모형
KO-FIN-00944,단일지수모형의 결과는 사용한 가정과 시장 데이터에 따라 달라질 수 있습니다.,တစ်ခုတည်းသော ကိန်းဂဏန်းပုံစံပါ။ ၏ ရလဒ်များသည် အသုံးပြုသော ယူဆချက်နှင့် ဈေးကွက် ဒေတာပေါ် မူတည်၍ ကွဲပြားနိုင်သည်။,단일지수모형,단일지수모형,True,금융공학·분석,,1.0,1.0,1.0,0,,20,단일지수모형
KO-FIN-00949,단주매각대금이 무엇을 의미하나요?,တစ်ပတ်စာ လစာပါ။ ဆိုတာ ဘာကိုဆိုလိုတာလဲ။,단주매각대금,단주매각대금,True,금융시장·거래,주식,1.0,1.0,1.0,0,,40,단주매각대금
KO-FIN-00954,담보거래와 관련된 시장 정보를 확인하고 싶습니다.,အကာအကွယ်ပေးတယ်။ နဲ့ ပတ်သက်တဲ့ စျေးကွက် အချက်အလက်တွေကို စစ်ဆေးချင်ပါတယ်။,담보거래,담보거래,True,금융시장·거래,채권 / 증권·예탁,1.0,1.0,1.0,0,,40,담보거래
KO-FIN-00958,담보관리제도 처리 절차를 확인하고 싶습니다.,အာမခံစနစ်ပါ။ ကို စစ်ဆေးချင်ပါတယ်။,담보관리제도,담보관리제도,True,증권·예탁,,1.0,1.0,1.0,0,,40,담보관리제도
KO-FIN-00961,담보물이 무엇인지 설명해 주세요.,ပံ့ပိုးမှု ဆိုတာ ဘာလဲဆိုတာ ရှင်းပြပေးပါဦး။,담보물,담보물,True,증권·예탁,,1.0,1.0,1.0,0,,40,담보물
KO-FIN-00966,담보부사채의 조건과 수익 구조를 확인하고 싶습니다.,အာမခံစာချုပ်။ ရဲ့ အခြေအနေနဲ့ ဝင်ငွေ တည်ဆောက်ပုံကို စစ်ဆေးချင်ပါတယ်။,담보부사채,담보부사채,True,채권,,1.0,1.0,1.0,0,,40,담보부사채
KO-FIN-00969,담보유가증권이 무엇인지 설명해 주세요.,အာမခံစာချုပ် ဆိုတာ ဘာလဲဆိုတာ ရှင်းပြပေးပါဦး။,담보유가증권,담보유가증권,True,증권·예탁,,1.0,1.0,1.0,0,,40,담보유가증권
KO-FIN-00975,담보유지비율과 관련된 투자 정보를 확인하고 싶습니다.,ချုပ်ဆိုမှုနှုန်း နဲ့ ပတ်သက်တဲ့ ရင်းနှီးမြှုပ်နှံမှု အချက်အလက်တွေကို စစ်ဆေးချင်ပါတယ်။,담보유지비율,담보유지비율,True,자산운용·투자,증권·예탁,1.0,1.0,1.0,0,,40,담보유지비율
KO-FIN-00978,당일결제거래와 관련된 시장 정보를 확인하고 싶습니다.,တစ်နေ့တာ စီမံကိန်းပါ။ နဲ့ ပတ်သက်တဲ့ စျေးကွက် အချက်အလက်တွေကို စစ်ဆေးချင်ပါတယ်။,당일결제거래,당일결제거래,True,금융시장·거래,지급결제·청산,1.0,1.0,1.0,0,,40,당일결제거래
KO-FIN-00981,당일자금이 무엇인지 설명해 주세요.,နေ့လည်စာ ဆိုတာ ဘာလဲဆိုတာ ရှင်းပြပေးပါဦး။,당일자금,당일자금,True,지급결제·청산,,1.0,1.0,1.0,0,,40,당일자금
KO-FIN-00988,당좌대월은 심사 결과에 따라 이용 가능 여부가 달라질 수 있습니다.,လက်ဝဲပါတီ က သုံးစွဲမှုအပေါ် မူတည်ပြီး ပြောင်းလဲနိုင်ပါတယ်။,당좌대월,당좌대월,True,대출,,1.0,1.0,1.0,0,,40,당좌대월
KO-FIN-00992,당좌차월은 심사 결과에 따라 이용 가능 여부가 달라질 수 있습니다.,လက်ဝဲဘက်က ကားတစ်စီး က သုံးစွဲမှုအပေါ် မူတည်ပြီး ပြောင်းလဲနိုင်ပါတယ်။,당좌차월,당좌차월,True,대출,,1.0,1.0,1.0,0,,40,당좌차월
KO-FIN-00993,대권이 무엇인지 설명해 주세요.,အချုပ်အခြာအာဏာ ဆိုတာ ဘာလဲဆိုတာ ရှင်းပြပေးပါဦး။,대권,대권,True,증권·예탁,,1.0,1.0,1.0,0,,30,대권
KO-FIN-00999,대금지급보증시스템 과정에서 문제가 발생한 것 같습니다.,ငွေကြေးထောက်ပံ့မှု အာမခံစနစ်ပါ။ လုပ်နေတုန်းမှာ ပြဿနာတစ်ခု ဖြစ်နေပုံရတယ်။,대금지급보증시스템,대금지급보증시스템,True,지급결제·청산,신용·리스크,1.0,1.0,1.0,0,,40,대금지급보증시스템
KO-FIN-01003,대기시스템 과정에서 문제가 발생한 것 같습니다.,လေထုစနစ် လုပ်နေတုန်းမှာ ပြဿနာတစ်ခု ဖြစ်နေပုံရတယ်။,대기시스템,대기시스템,True,지급결제·청산,,1.0,1.0,1.0,0,,0,
KO-FIN-01010,대량주식보유상황공시제도와 관련된 정보를 확인하고 싶습니다.,အစုလိုက်အပြုံလိုက် ရှယ်ယာတွေကို ထိန်းသိမ်းဖို့ နဲ့ ပတ်သက်တဲ့ အချက်အလက်တွေကို စစ်ဆေးချင်ပါတယ်။,대량주식보유상황공시제도,대량주식보유상황공시제도,True,주식,금융법규·감독 / 자산운용·투자 / 금융시장·거래,1.0,1.0,1.0,0,,20,대량주식보유상황공시제도
KO-FIN-01013,대량주식소유의 제한이 무엇인지 설명해 주세요.,အစုရှယ်ယာ ပိုင်ဆိုင်မှု ကန့်သတ်ချက် ဆိုတာ ဘာလဲဆိုတာ ရှင်းပြပေးပါဦး။,대량주식소유의 제한,대량주식소유의 제한,True,주식,금융법규·감독,1.0,1.0,1.0,0,,0,
KO-FIN-01018,대변이체시스템을 이용하려면 어떻게 해야 하나요?,ကိုယ်စားလှယ်စနစ် ကို သုံးဖို့ ဘယ်လိုလုပ်ရမလဲ။,대변이체시스템,대변이체시스템,True,이체,,1.0,1.0,1.0,0,,40,대변이체시스템
KO-FIN-01020,대변이체시스템을 진행하기 전에 입력한 정보를 다시 확인해 주세요.,ကိုယ်စားလှယ်စနစ် ကို မလုပ်ခင် အချက်အလက်တွေကို ထပ်ပြီး စစ်ဆေးပါ။,대변이체시스템,대변이체시스템,True,이체,,1.0,1.0,1.0,0,,40,대변이체시스템
KO-FIN-01021,대용가격이 무엇을 의미하나요?,ကုန်ကျစရိတ် ဆိုတာ ဘာကိုဆိုလိုတာလဲ။,대용가격,대용가격,True,금융시장·거래,,1.0,1.0,1.0,0,,20,대용가격
KO-FIN-01025,대용증거금 필요액이 무엇인지 쉽게 설명해 주세요.,ကိုယ်စားလှယ်လောင်းအတွက် လိုအပ်တဲ့ ပမာဏပါ။ ဆိုတာ ဘာလဲဆိုတာ ရှင်းပြပေးပါ။,대용증거금 필요액,대용증거금 필요액,True,파생상품,증권·예탁 / 금융시장·거래,1.0,1.0,1.0,0,,40,대용증거금 필요액
KO-FIN-01029,대용증권이 무엇인지 설명해 주세요.,ခွင့်ပြုချက် ဆိုတာ ဘာလဲဆိုတာ ရှင်းပြပေးပါဦး။,대용증권,대용증권,True,증권·예탁,금융시장·거래 / 주식,1.0,1.0,1.0,0,,40,대용증권
KO-FIN-01037,대주비율이 무엇을 의미하나요?,အိမ်ထောင်စု အမြတ်နှုန်း ဆိုတာ ဘာကိုဆိုလိုတာလဲ။,대주비율,대주비율,True,금융시장·거래,주식,1.0,1.0,1.0,0,,40,대주비율
KO-FIN-01042,대주주와 관련된 정보를 확인하고 싶습니다.,ပိုင်ရှင်ကြီး။ နဲ့ ပတ်သက်တဲ့ အချက်အလက်တွေကို စစ်ဆေးချင်ပါတယ်။,대주주,대주주,True,주식,,1.0,1.0,1.0,0,,40,대주주
KO-FIN-01047,대차수수료에 대해 상담받고 싶습니다.,ယာဉ်မောင်းခ အကြောင်းကို မေးမြန်းလိုပါတယ်။,대차수수료,대차수수료,True,대출,증권·예탁,1.0,1.0,1.0,0,,40,대차수수료
KO-FIN-01049,대체거래시스템이 무엇을 의미하나요?,အစားထိုးတဲ့ ကုန်သွယ်ရေး စနစ်ပါ။ ဆိုတာ ဘာကိုဆိုလိုတာလဲ။,대체거래시스템,대체거래시스템,True,금융시장·거래,,1.0,1.0,1.0,0,,0,
KO-FIN-01053,대체결제제도가 무엇인지 설명해 주세요.,အခြားနည်းလမ်းတွေလည်း ရှိပါတယ်။ ဆိုတာ ဘာလဲဆိုတာ ရှင်းပြပေးပါ။,대체결제제도,대체결제제도,True,지급결제·청산,증권·예탁 / 금융시장·거래 / 자산운용·투자,1.0,1.0,1.0,0,,40,대체결제제도
KO-FIN-01057,대체물/대체성이 무엇인지 설명해 주세요.,အစားထိုးမှု။ ဆိုတာ ဘာလဲဆိုတာ ရှင်းပြပေးပါဦး။,대체물/대체성,대체물/대체성,True,증권·예탁,,1.0,1.0,1.0,0,,20,대체물/대체성
KO-FIN-01063,대체비용위험을 줄이려면 어떤 점을 확인해야 하나요?,အစားထိုးတဲ့ ကုန်ကျစရိတ် အန္တရာယ် ကို လျှော့ချဖို့ ဘယ်အချက်ကို စစ်ဆေးဖို့လိုလဲ။,대체비용위험,대체비용위험,True,신용·리스크,,1.0,1.0,1.0,0,,0,
KO-FIN-01064,대체비용위험은 거래 조건이나 이용 가능 여부에 영향을 줄 수 있습니다.,အစားထိုးတဲ့ ကုန်ကျစရိတ် အန္တရာယ် ဟာ ကုန်သွယ်မှု အခြေအနေတွေ (သို့) သုံးစွဲမှုအပေါ် သက်ရောက်မှုရှိနိုင်ပါတယ်။,대체비용위험,대체비용위험,True,신용·리스크,,1.0,1.0,1.0,0,,0,
KO-FIN-01065,대표소송이 무엇인지 설명해 주세요.,ကိုယ်စားပြုပြောဆိုချက်။ ဆိုတာ ဘာလဲဆိုတာ ရှင်းပြပေးပါဦး။,대표소송,대표소송,True,주식,법률·계약,1.0,1.0,1.0,0,,40,대표소송
KO-FIN-01069,대표채권이 무엇인지 설명해 주세요.,ကိုယ်စားပြု ချေးငွေ ဆိုတာ ဘာလဲဆိုတာ ရှင်းပြပေးပါဦး။,대표채권,대표채권,True,채권,자산운용·투자,1.0,1.0,1.0,0,,40,대표채권
KO-FIN-01079,데드크로스와 관련해 투자 전에 확인해야 할 사항이 있나요?,Deadcross ပါ။ နဲ့ ပတ်သက်ပြီး ရင်းနှီးမြှုပ်နှံမှု မလုပ်ခင် စစ်ဆေးသင့်တဲ့ အချက်တွေရှိလား။,데드크로스,데드크로스,True,주식,,1.0,1.0,1.0,0,,0,
KO-FIN-01083,독일증권시장의 주가지수와 관련해 투자 전에 확인해야 할 사항이 있나요?,ဂျာမန် စတော့စျေးကွက်ရဲ့ ရှယ်ယာရှင်တွေ နဲ့ ပတ်သက်ပြီး ရင်းနှီးမြှုပ်နှံမှု မလုပ်ခင် စစ်ဆေးသင့်တဲ့ အချက်တွေရှိလား။,독일증권시장의 주가지수,독일증권시장의 주가지수,True,주식,금융시장·거래 / 증권·예탁,1.0,1.0,1.0,0,,0,
KO-FIN-01086,동시호가와 관련된 시장 정보를 확인하고 싶습니다.,အချိန်ကိုက် နဲ့ ပတ်သက်တဲ့ စျေးကွက် အချက်အလက်တွေကို စစ်ဆေးချင်ပါတယ်။,동시호가,동시호가,True,금융시장·거래,,1.0,1.0,1.0,0,,40,동시호가
KO-FIN-01090,동일주주와 관련된 정보를 확인하고 싶습니다.,တူညီတဲ့ ပိုင်ရှင်။ နဲ့ ပတ်သက်တဲ့ အချက်အလက်တွေကို စစ်ဆေးချင်ပါတယ်။,동일주주,동일주주,True,주식,증권·예탁,1.0,1.0,1.0,0,,40,동일주주
KO-FIN-01095,동증주가지수와 관련해 투자 전에 확인해야 할 사항이 있나요?,ပူးတွဲ သက်သေခံပါ။ နဲ့ ပတ်သက်ပြီး ရင်းနှီးမြှုပ်နှံမှု မလုပ်ခင် စစ်ဆေးသင့်တဲ့ အချက်တွေရှိလား။,동증주가지수,동증주가지수,True,주식,금융시장·거래,1.0,1.0,1.0,0,,40,동증주가지수
KO-FIN-01098,듀레이션은 금융상품을 분석할 때 어떻게 사용되나요?,ဒူရေးရှင်း ကို ငွေရေးကြေးရေး ထုတ်ကုန်တွေကို ဆန်းစစ်ရာမှာ ဘယ်လိုသုံးလဲ။,듀레이션,듀레이션,True,금융공학·분석,,1.0,1.0,1.0,0,,40,듀레이션
KO-FIN-01100,듀레이션의 결과는 사용한 가정과 시장 데이터에 따라 달라질 수 있습니다.,ဒူရေးရှင်း ၏ ရလဒ်များသည် အသုံးပြုသော ယူဆချက်နှင့် ဈေးကွက် ဒေတာပေါ် မူတည်၍ ကွဲပြားနိုင်သည်။,듀레이션,듀레이션,True,금융공학·분석,,1.0,1.0,1.0,0,,40,듀레이션
KO-FIN-01102,등가수익률의 적용 기준을 알려주세요.,အပြန်အလှန် အကျိုးအမြတ်နှုန်း ကို အသုံးချမှု သတ်မှတ်ချက်ကို ပေးပါ။,등가수익률,등가수익률,True,세금,,1.0,1.0,1.0,0,,20,등가수익률
KO-FIN-01104,등가수익률의 적용 여부는 거래 유형과 세법에 따라 달라질 수 있습니다.,အပြန်အလှန် အကျိုးအမြတ်နှုန်း ၏ အသုံးဝင်မှုသည် ငွေပေးချေမှုအမျိုးအစားနှင့် အခွန်ဥပဒေများအလိုက် ကွဲပြားနိုင်သည်။,등가수익률,등가수익률,True,세금,,1.0,1.0,1.0,0,,20,등가수익률
KO-FIN-01105,등록기관이 무엇인지 설명해 주세요.,မှတ်ပုံတင်ဌာန ဆိုတာ ဘာလဲဆိုတာ ရှင်းပြပေးပါဦး။,등록기관,등록기관,True,증권·예탁,채권,1.0,1.0,1.0,0,,20,등록기관
KO-FIN-01113,등록법인이 무엇인지 설명해 주세요.,မှတ်ပုံတင် ဥပဒေ။ ဆိုတာ ဘာလဲဆိုတာ ရှင်းပြပေးပါဦး။,등록법인,등록법인,True,증권·예탁,펀드·신탁 / 금융시장·거래 / 금융법규·감독 / 채권,1.0,1.0,1.0,0,,0,
KO-FIN-01117,등록질이 무엇인지 설명해 주세요.,မှတ်ပုံတင်ခြင်း ဆိုတာ ဘာလဲဆိုတာ ရှင်းပြပေးပါဦး။,등록질,등록질,True,주식,금융법규·감독,1.0,1.0,1.0,0,,0,
KO-FIN-01121,등록채권이 무엇인지 설명해 주세요.,မှတ်ပုံတင် ချေးငွေ ဆိုတာ ဘာလဲဆိုတာ ရှင်းပြပေးပါဦး။,등록채권,등록채권,True,채권,,1.0,1.0,1.0,0,,20,등록채권
KO-FIN-01126,"등록필증, 등록필통지서의 조건과 수익 구조를 확인하고 싶습니다.",မှတ်ပုံတင်လက်မှတ်၊ မှတ်ပုံတင်လက်မှတ်။ ရဲ့ အခြေအနေနဲ့ ဝင်ငွေ တည်ဆောက်ပုံကို စစ်ဆေးချင်ပါတယ်။,"등록필증, 등록필통지서","등록필증, 등록필통지서",True,채권,,1.0,1.0,1.0,0,,0,
KO-FIN-01130,디스카운트 브로커와 관련된 시장 정보를 확인하고 싶습니다.,လျှော့စျေးပေးသူပါ။ နဲ့ ပတ်သက်တဲ့ စျေးကွက် အချက်အလက်တွေကို စစ်ဆေးချင်ပါတယ်။,디스카운트 브로커,디스카운트 브로커,True,금융시장·거래,,1.0,1.0,1.0,0,,40,디스카운트 브로커
KO-FIN-01138,랜덤워크가설은 금융상품을 분석할 때 어떻게 사용되나요?,RandomWork ကို တည်ဆောက်ခြင်း။ ကို ငွေရေးကြေးရေး ထုတ်ကုန်တွေကို ဆန်းစစ်ရာမှာ ဘယ်လိုသုံးလဲ။,랜덤워크가설,랜덤워크가설,True,금융공학·분석,,1.0,1.0,1.0,0,,20,랜덤워크가설
KO-FIN-01140,랜덤워크가설의 결과는 사용한 가정과 시장 데이터에 따라 달라질 수 있습니다.,RandomWork ကို တည်ဆောက်ခြင်း။ ၏ ရလဒ်များသည် အသုံးပြုသော ယူဆချက်နှင့် ဈေးကွက် ဒေတာပေါ် မူတည်၍ ကွဲပြားနိုင်သည်။,랜덤워크가설,랜덤워크가설,True,금융공학·분석,,1.0,1.0,1.0,0,,20,랜덤워크가설
KO-FIN-01143,랩 어카운트와 관련된 투자 정보를 확인하고 싶습니다.,RAP အကောင့်။ နဲ့ ပတ်သက်တဲ့ ရင်းနှီးမြှုပ်နှံမှု အချက်အလက်တွေကို စစ်ဆေးချင်ပါတယ်။,랩 어카운트,랩 어카운트,True,자산운용·투자,,1.0,1.0,1.0,0,,40,랩 어카운트
KO-FIN-01146,런던은행간 대출금리에서 이용할 수 있는 금융업무는 무엇인가요?,လန်ဒန်ဘဏ်အချင်းချင်း ချေးငွေ မှာ သုံးနိုင်တဲ့ ဘဏ္ဍာရေးလုပ်ငန်းတွေက ဘာတွေလဲ။,런던은행간 대출금리,런던은행간 대출금리,True,금융기관·은행,대출 / 계좌,1.0,1.0,1.0,0,,20,런던은행간 대출금리
KO-FIN-01150,런던은행간 예금금리에서 이용할 수 있는 금융업무는 무엇인가요?,လန်ဒန် ဘဏ်အချင်းချင်း ချေးငွေပါ။ မှာ သုံးနိုင်တဲ့ ဘဏ္ဍာရေးလုပ်ငန်းတွေက ဘာတွေလဲ။,런던은행간 예금금리,런던은행간 예금금리,True,금융기관·은행,예금상품,1.0,1.0,1.0,0,,0,
KO-FIN-01154,레버리지 효과는 어디에서 확인할 수 있나요?,လွှမ်းမိုးမှု သက်ရောက်မှု။ ကို ဘယ်မှာတွေ့လဲ။,레버리지 효과,레버리지 효과,True,계좌,,1.0,1.0,1.0,0,,20,레버리지 효과
KO-FIN-01159,마코위츠 이론과 관련된 투자 정보를 확인하고 싶습니다.,Markowitz သီအိုရီ နဲ့ ပတ်သက်တဲ့ ရင်းနှီးမြှုပ်နှံမှု အချက်အလက်တွေကို စစ်ဆေးချင်ပါတယ်။,마코위츠 이론,마코위츠 이론,True,자산운용·투자,대출 / 금융공학·분석,1.0,1.0,1.0,0,,0,
KO-FIN-01161,마크다운이 무엇을 의미하나요?,အမှတ်အသားချ ဆိုတာ ဘာကိုဆိုလိုတာလဲ။,마크다운,마크다운,True,금융시장·거래,,1.0,1.0,1.0,0,,40,마크다운
KO-FIN-01166,마팅게일모형은 금융상품을 분석할 때 어떻게 사용되나요?,မတ်တင်ဂေးလ် ပုံစံပါ။ ကို ငွေရေးကြေးရေး ထုတ်ကုန်တွေကို ဆန်းစစ်ရာမှာ ဘယ်လိုသုံးလဲ။,마팅게일모형,마팅게일모형,True,금융공학·분석,,1.0,1.0,1.0,0,,20,마팅게일모형
KO-FIN-01168,마팅게일모형의 결과는 사용한 가정과 시장 데이터에 따라 달라질 수 있습니다.,မတ်တင်ဂေးလ် ပုံစံပါ။ ၏ ရလဒ်များသည် အသုံးပြုသော ယူဆချက်နှင့် ဈေးကွက် ဒေတာပေါ် မူတည်၍ ကွဲပြားနိုင်သည်။,마팅게일모형,마팅게일모형,True,금융공학·분석,,1.0,1.0,1.0,0,,20,마팅게일모형
KO-FIN-01175,만기보유전략과 관련된 투자 정보를 확인하고 싶습니다.,ထိတွေ့မှု ထိန်းသိမ်းရေး နည်းဗျူဟာ နဲ့ ပတ်သက်တဲ့ ရင်းနှီးမြှုပ်နှံမှု အချက်အလက်တွေကို စစ်ဆေးချင်ပါတယ်။,만기보유전략,만기보유전략,True,자산운용·투자,,1.0,1.0,1.0,0,,20,만기보유전략
KO-FIN-01177,만기수익률이 무엇인지 설명해 주세요.,နောက်ဆုံး အမြတ်နှုန်း ဆိုတာ ဘာလဲဆိုတာ ရှင်းပြပေးပါဦး။,만기수익률,만기수익률,True,채권,,1.0,1.0,1.0,0,,0,
KO-FIN-01182,매매거래정지와 관련된 시장 정보를 확인하고 싶습니다.,ရောင်းဝယ်မှု ရပ်ဆိုင်းမှုပါ။ နဲ့ ပတ်သက်တဲ့ စျေးကွက် အချက်အလက်တွေကို စစ်ဆေးချင်ပါတယ်။,매매거래정지,매매거래정지,True,금융시장·거래,,1.0,1.0,1.0,0,,40,매매거래정지
KO-FIN-01185,매매거래중단이 무엇을 의미하나요?,ရောင်းဝယ်ရေး ကော်မတီ။ ဆိုတာ ဘာကိုဆိုလိုတာလဲ။,매매거래중단,매매거래중단,True,금융시장·거래,,1.0,1.0,1.0,0,,40,매매거래중단
KO-FIN-01193,매매상대방이 무엇을 의미하나요?,စျေးဝယ်ခန်း။ ဆိုတာ ဘာကိုဆိုလိုတာလဲ။,매매상대방,매매상대방,True,금융시장·거래,지급결제·청산,1.0,1.0,1.0,0,,40,매매상대방
KO-FIN-01198,매매심리와 관련된 시장 정보를 확인하고 싶습니다.,အရောင်းအဝယ် နဲ့ ပတ်သက်တဲ့ စျေးကွက် အချက်အလက်တွေကို စစ်ဆေးချင်ပါတယ်။,매매심리,매매심리,True,금융시장·거래,,1.0,1.0,1.0,0,,40,매매심리
KO-FIN-01201,매매입회장이 무엇을 의미하나요?,ရောင်းဝယ်ရေး ဦးစီးဌာန။ ဆိုတာ ဘာကိုဆိုလိုတာလဲ။,매매입회장,매매입회장,True,금융시장·거래,,1.0,1.0,1.0,0,,40,매매입회장
KO-FIN-01206,매매중지장치와 관련된 시장 정보를 확인하고 싶습니다.,ရောင်းဝယ်ရေး ကိရိယာပါ။ နဲ့ ပတ်သက်တဲ့ စျေးကွက် အချက်အလက်တွေကို စစ်ဆေးချင်ပါတယ်။,매매중지장치,매매중지장치,True,금융시장·거래,,1.0,1.0,1.0,0,,40,매매중지장치
KO-FIN-01209,매매확인이 무엇을 의미하나요?,ရောင်းချမှု အတည်ပြုတယ်။ ဆိုတာ ဘာကိုဆိုလိုတာလဲ။,매매확인,매매확인,True,금융시장·거래,,1.0,1.0,1.0,0,,40,매매확인
KO-FIN-01213,매출이 무엇인지 설명해 주세요.,ရောင်းအား ဆိုတာ ဘာလဲဆိုတာ ရှင်းပြပေးပါဦး။,매출,매출,True,증권·예탁,,1.0,1.0,1.0,0,,30,매출
KO-FIN-01218,멀티미디어금융시대에서 이용할 수 있는 금융업무는 무엇인가요?,မီဒီယာ ဘဏ္ဍာရေးခေတ်ပါ။ မှာ သုံးနိုင်တဲ့ ဘဏ္ဍာရေးလုပ်ငန်းတွေက ဘာတွေလဲ။,멀티미디어금융시대,멀티미디어금융시대,True,금융기관·은행,,1.0,1.0,1.0,0,,0,
KO-FIN-01221,명령상장이 무엇을 의미하나요?,ညွှန်ကြားရေးမှူး ဆိုတာ ဘာကိုဆိုလိုတာလဲ။,명령상장,명령상장,True,금융시장·거래,증권·예탁,1.0,1.0,1.0,0,,40,명령상장
KO-FIN-01225,명목이자율이 무엇인지 설명해 주세요.,အမည်နဲ့နှုန်း ဆိုတာ ဘာလဲဆိုတာ ရှင်းပြပေးပါဦး။,명목이자율,명목이자율,True,증권·예탁,,1.0,1.0,1.0,0,,20,명목이자율
KO-FIN-01230,명의개서 대행회사 처리 절차를 확인하고 싶습니다.,နာမည်နဲ့ ခွေးကုမ္ပဏီပါ။ ကို စစ်ဆေးချင်ပါတယ်။,명의개서 대행회사,명의개서 대행회사,True,증권·예탁,,1.0,1.0,1.0,0,,20,명의개서 대행회사
KO-FIN-01233,명의개서 정지기간이 무엇인지 설명해 주세요.,နာမည်နဲ့ အမည်ကြားမှာ ဆိုတာ ဘာလဲဆိုတာ ရှင်းပြပေးပါဦး။,명의개서 정지기간,명의개서 정지기간,True,증권·예탁,주식,1.0,1.0,1.0,0,,40,명의개서 정지기간
KO-FIN-01238,명의개서 처리 절차를 확인하고 싶습니다.,နာမည်စာရင်းပါ။ ကို စစ်ဆေးချင်ပါတယ်။,명의개서,명의개서,True,증권·예탁,주식,1.0,1.0,1.0,0,,40,명의개서
KO-FIN-01241,명의개서대리인이 무엇인지 설명해 주세요.,နာမည်စာရင်းပေးသူပါ။ ဆိုတာ ဘာလဲဆိုတာ ရှင်းပြပေးပါဦး။,명의개서대리인,명의개서대리인,True,증권·예탁,법률·계약 / 금융법규·감독,1.0,1.0,1.0,0,,40,명의개서대리인
KO-FIN-01246,명의개서대행업무 처리 절차를 확인하고 싶습니다.,နာမည်စာရင်းထုတ်လုပ်ရေး လုပ်ငန်း ကို စစ်ဆေးချင်ပါတယ်။,명의개서대행업무,명의개서대행업무,True,증권·예탁,,1.0,1.0,1.0,0,,20,명의개서대행업무
KO-FIN-01250,모기지담보부증권과 관련된 금리와 비용을 확인하고 싶습니다.,အိမ်ခြံမြေ အာမခံလက်မှတ်။ နဲ့ ဆက်စပ်တဲ့ အတိုးနဲ့ ကုန်ကျစရိတ်တွေကို စစ်ဆေးချင်ပါတယ်။,모기지담보부증권,모기지담보부증권,True,부동산금융,대출 / 증권·예탁,1.0,1.0,1.0,0,,40,모기지담보부증권
KO-FIN-01252,모기지담보부증권은 담보가치와 심사 조건에 따라 이용 조건이 달라질 수 있습니다.,အိမ်ခြံမြေ အာမခံလက်မှတ်။ ကို သုံးစွဲမှု စည်းကမ်းချက်တွေဟာ အာမခံတန်ဖိုးနဲ့ အကဲဖြတ်မှု စည်းကမ်းချက်တွေကို အခြေခံပြီး ကွဲပြားနိုင်ပါတယ်။,모기지담보부증권,모기지담보부증권,True,부동산금융,대출 / 증권·예탁,1.0,1.0,1.0,0,,40,모기지담보부증권
KO-FIN-01255,모듈기업과 관련된 투자 정보를 확인하고 싶습니다.,မော်ဂျူးကုမ္ပဏီ နဲ့ ပတ်သက်တဲ့ ရင်းနှီးမြှုပ်နှံမှု အချက်အလက်တွေကို စစ်ဆေးချင်ပါတယ်။,모듈기업,모듈기업,True,자산운용·투자,,1.0,1.0,1.0,0,,40,모듈기업
KO-FIN-01257,모집이 무엇인지 설명해 주세요.,စုဆောင်းခြင်း ဆိုတာ ဘာလဲဆိုတာ ရှင်းပြပေးပါဦး။,모집,모집,True,증권·예탁,,1.0,1.0,1.0,0,,30,모집
KO-FIN-01261,모집설립이 무엇인지 설명해 주세요.,လူစုဆောင်းမှု ဆိုတာ ဘာလဲဆိုတာ ရှင်းပြပေးပါဦး။,모집설립,모집설립,True,주식,,1.0,1.0,1.0,0,,0,
KO-FIN-01266,무권화 처리 절차를 확인하고 싶습니다.,အာဏာမဲ့ခြင်း ကို စစ်ဆေးချင်ပါတယ်။,무권화,무권화,True,증권·예탁,법률·계약,1.0,1.0,1.0,0,,20,무권화
KO-FIN-01269,무기명주식이 무엇인지 설명해 주세요.,အမည်မဖော်လိုခြင်း ဆိုတာ ဘာလဲဆိုတာ ရှင်းပြပေးပါဦး။,무기명주식,무기명주식,True,주식,,1.0,1.0,1.0,0,,40,무기명주식
KO-FIN-01273,무기명채권이 무엇인지 설명해 주세요.,သက်တမ်းမပြည့်တဲ့ ချေးငွေ ဆိုတာ ဘာလဲဆိုတာ ရှင်းပြပေးပါဦး။,무기명채권,무기명채권,True,채권,,1.0,1.0,1.0,0,,40,무기명채권
KO-FIN-01278,무담보사채의 조건과 수익 구조를 확인하고 싶습니다.,စကားမပြောပါနဲ့။ ရဲ့ အခြေအနေနဲ့ ဝင်ငွေ တည်ဆောက်ပုံကို စစ်ဆေးချင်ပါတယ်။,무담보사채,무담보사채,True,채권,,1.0,1.0,1.0,0,,40,무담보사채
KO-FIN-01281,무배당이 무엇인지 설명해 주세요.,အချိုးမချိုးပါ။ ဆိုတာ ဘာလဲဆိုတာ ရှင်းပြပေးပါဦး။,무배당,무배당,True,주식,,1.0,1.0,1.0,0,,40,무배당
KO-FIN-01287,무배주와 관련해 투자 전에 확인해야 할 사항이 있나요?,မူးယစ်ဆေးဝါး နဲ့ ပတ်သက်ပြီး ရင်းနှီးမြှုပ်နှံမှု မလုပ်ခင် သေချာဖို့ အချက်တွေရှိလား။,무배주,무배주,True,주식,,1.0,1.0,1.0,0,,40,무배주
KO-FIN-01290,무보증사채의 조건과 수익 구조를 확인하고 싶습니다.,အာမခံမဲ့ ချေးငွေပါ။ ရဲ့ အခြေအနေနဲ့ ဝင်ငွေ တည်ဆောက်ပုံကို စစ်ဆေးချင်ပါတယ်။,무보증사채,무보증사채,True,채권,신용·리스크,1.0,1.0,1.0,0,,40,무보증사채
KO-FIN-01297,무액면주식이 무엇인지 설명해 주세요.,ငွေကြေးမဲ့ ရှယ်ယာ ဆိုတာ ဘာလဲဆိုတာ ရှင်းပြပေးပါဦး။,무액면주식,무액면주식,True,주식,,1.0,1.0,1.0,0,,20,무액면주식
KO-FIN-01303,무위험 이자율을 줄이려면 어떤 점을 확인해야 하나요?,အန္တရာယ်ကင်းတဲ့ အတိုးနှုန်း ကို လျှော့ချဖို့ ဘယ်အချက်ကို စစ်ဆေးဖို့လိုလဲ။,무위험 이자율,무위험 이자율,True,신용·리스크,자산운용·투자,1.0,1.0,1.0,0,,20,무위험 이자율
KO-FIN-01304,무위험 이자율은 거래 조건이나 이용 가능 여부에 영향을 줄 수 있습니다.,အန္တရာယ်ကင်းတဲ့ အတိုးနှုန်း ဟာ ကုန်သွယ်မှု အခြေအနေတွေ (သို့) သုံးစွဲမှုအပေါ် သက်ရောက်မှုရှိနိုင်ပါတယ်။,무위험 이자율,무위험 이자율,True,신용·리스크,자산운용·투자,1.0,1.0,1.0,0,,20,무위험 이자율
KO-FIN-01311,무츄얼펀드에 가입하기 전에 어떤 점을 확인해야 하나요?,ငွေကြေးရန်ပုံငွေ ကို မဝင်ခင် ဘယ်အချက်တွေကို စစ်ဆေးသင့်လဲ။,무츄얼펀드,무츄얼펀드,True,펀드·신탁,자산운용·투자,1.0,1.0,1.0,0,,40,무츄얼펀드
KO-FIN-01318,물적담보의 조건과 수익 구조를 확인하고 싶습니다.,ပစ္စည်းဆိုင်ရာ သတင်းအချက်အလက်။ ရဲ့ အခြေအနေနဲ့ ဝင်ငွေ တည်ဆောက်ပုံကို စစ်ဆေးချင်ပါတယ်။,물적담보,물적담보,True,채권,,1.0,1.0,1.0,0,,20,물적담보
KO-FIN-01322,뮤추얼펀드 관리회사의 운용 방식과 수수료를 확인하고 싶습니다.,ရင်းနှီးမြှုပ်နှံမှု စီမံခန့်ခွဲရေး ကုမ္ပဏီပါ။ ကို အသုံးပြုပုံနဲ့ အခကြေးငွေကို စစ်ဆေးချင်ပါတယ်။,뮤추얼펀드 관리회사,뮤추얼펀드 관리회사,True,펀드·신탁,,1.0,1.0,1.0,0,,20,뮤추얼펀드 관리회사
KO-FIN-01326,뮤추얼펀드 인수회사의 운용 방식과 수수료를 확인하고 싶습니다.,ရင်းနှီးမြှုပ်နှံမှု ရယူရေး ကုမ္ပဏီပါ။ ကို အသုံးပြုပုံနဲ့ အခကြေးငွေကို စစ်ဆေးချင်ပါတယ်။,뮤추얼펀드 인수회사,뮤추얼펀드 인수회사,True,펀드·신탁,기업금융·자본조달,1.0,1.0,1.0,0,,40,뮤추얼펀드 인수회사
KO-FIN-01329,미국형옵션이 무엇인지 쉽게 설명해 주세요.,အမေရိကန် ရွေးချယ်မှုပါ။ ဆိုတာ ဘာလဲဆိုတာ ရှင်းပြပေးပါ။,미국형옵션,미국형옵션,True,파생상품,,1.0,1.0,1.0,0,,40,미국형옵션
KO-FIN-01334,미발행증권거래와 관련된 시장 정보를 확인하고 싶습니다.,စျေးကွက်မဝင်တဲ့ စက္ကူတွေ နဲ့ ပတ်သက်တဲ့ စျေးကွက် အချက်အလက်တွေကို စစ်ဆေးချင်ပါတယ်။,미발행증권거래,미발행증권거래,True,금융시장·거래,증권·예탁 / 기업금융·자본조달,1.0,1.0,1.0,0,,40,미발행증권거래
KO-FIN-01341,바벨형 만기구성전략이 무엇인지 설명해 주세요.,ဗာဗုလုန်ရဲ့ ရေရှည်တည်တံ့မှု နည်းဗျူဟာပါ။ ဆိုတာ ဘာလဲဆိုတာ ရှင်းပြပေးပါဦး။,바벨형 만기구성전략,바벨형 만기구성전략,True,채권,,1.0,1.0,1.0,0,,20,바벨형 만기구성전략
KO-FIN-01345,바스켓방식에 대해 자세히 알려주세요.,ဘတ်စကက်ပုံစံပါ။ အကြောင်း အသေးစိတ်ပြောပြပါ။,바스켓방식,바스켓방식,True,해외송금·외환,,1.0,1.0,1.0,0,,40,바스켓방식
KO-FIN-01346,바스켓방식을 확인하고 싶습니다.,ဘတ်စကက်ပုံစံပါ။ ကို စစ်ဆေးချင်ပါတယ်။,바스켓방식,바스켓방식,True,해외송금·외환,,1.0,1.0,1.0,0,,40,바스켓방식
KO-FIN-01349,바흐만보고서가 무엇인지 설명해 주세요.,Bach ကို ကြည့်နေတာပါ။ ဆိုတာ ဘာလဲဆိုတာ ရှင်းပြပေးပါ။,바흐만보고서,바흐만보고서,True,지급결제·청산,증권·예탁,1.0,1.0,1.0,0,,20,바흐만보고서
KO-FIN-01354,반대매매와 관련된 시장 정보를 확인하고 싶습니다.,ဆန့်ကျင်ဘက် အရောင်း နဲ့ ပတ်သက်တဲ့ စျေးကွက် အချက်အလက်တွေကို စစ်ဆေးချင်ပါတယ်။,반대매매,반대매매,True,금융시장·거래,,1.0,1.0,1.0,0,,20,반대매매
KO-FIN-01361,발기인이 무엇인지 설명해 주세요.,ရောင်ရမ်းမှု။ ဆိုတာ ဘာလဲဆိုတာ ရှင်းပြပေးပါဦး။,발기인,발기인,True,주식,,1.0,1.0,1.0,0,,40,발기인
KO-FIN-01370,발행가액을 이용하려면 어떤 조건이 필요한가요?,ထုတ်ဝေမှု ပမာဏ ကို အသုံးပြုဖို့ ဘယ်လို အခြေအနေတွေ လိုအပ်ပါသလဲ။,발행가액,발행가액,True,기업금융·자본조달,주식,1.0,1.0,1.0,0,,40,발행가액
KO-FIN-01371,발행가액과 관련된 비용과 절차를 확인하고 싶습니다.,ထုတ်ဝေမှု ပမာဏ နဲ့ ပတ်သက်တဲ့ ကုန်ကျစရိတ်နဲ့ လုပ်ထုံးလုပ်နည်းတွေကို သိချင်ပါတယ်။,발행가액,발행가액,True,기업금융·자본조달,주식,1.0,1.0,1.0,0,,40,발행가액
KO-FIN-01374,발행시장을 이용하려면 어떤 조건이 필요한가요?,ထုတ်ဝေမှု စျေးကွက် ကို အသုံးပြုဖို့ ဘယ်လို အခြေအနေတွေ လိုအပ်ပါသလဲ။,발행시장,발행시장,True,기업금융·자본조달,금융시장·거래 / 증권·예탁 / 자산운용·투자,1.0,1.0,1.0,0,,20,발행시장
KO-FIN-01375,발행시장과 관련된 비용과 절차를 확인하고 싶습니다.,ထုတ်ဝေမှု စျေးကွက် နဲ့ ပတ်သက်တဲ့ ကုန်ကျစရိတ်နဲ့ လုပ်ထုံးလုပ်နည်းတွေကို သိချင်ပါတယ်။,발행시장,발행시장,True,기업금융·자본조달,금융시장·거래 / 증권·예탁 / 자산운용·투자,1.0,1.0,1.0,0,,20,발행시장
KO-FIN-01381,배당가능이익이 무엇인지 설명해 주세요.,ဖြန့်ဝေလို့ရတဲ့ အကျိုးအမြတ် ဆိုတာ ဘာလဲဆိုတာ ရှင်းပြပေးပါဦး။,배당가능이익,배당가능이익,True,주식,,1.0,1.0,1.0,0,,40,배당가능이익
KO-FIN-01385,배당금지급청구권이 무엇인지 설명해 주세요.,အခကြေးငွေ ထောက်ပံ့မှု တောင်းဆိုခွင့် ဆိုတာ ဘာလဲဆိုတာ ရှင်းပြပေးပါဦး။,배당금지급청구권,배당금지급청구권,True,주식,,1.0,1.0,1.0,0,,40,배당금지급청구권
KO-FIN-01389,배당기산일이 무엇인지 설명해 주세요.,ခွဲဝေတဲ့နေ့။ ဆိုတာ ဘာလဲဆိုတာ ရှင်းပြပေးပါဦး။,배당기산일,배당기산일,True,주식,,1.0,1.0,1.0,0,,20,배당기산일
KO-FIN-01393,배당락이 무엇인지 설명해 주세요.,ကွဲပြားမှု။ ဆိုတာ ဘာလဲဆိုတာ ရှင်းပြပေးပါဦး။,배당락,배당락,True,주식,,1.0,1.0,1.0,0,,40,배당락
KO-FIN-01397,배당성향이 무엇인지 설명해 주세요.,ဘက်လိုက်မှု။ ဆိုတာ ဘာလဲဆိုတာ ရှင်းပြပေးပါဦး။,배당성향,배당성향,True,주식,,1.0,1.0,1.0,0,,40,배당성향
KO-FIN-01401,배당소득이 무엇인지 설명해 주세요.,အကျိုးခံစားမှု ရလာဒ် ဆိုတာ ဘာလဲဆိုတာ ရှင်းပြပေးပါဦး။,배당소득,배당소득,True,주식,,1.0,1.0,1.0,0,,40,배당소득
KO-FIN-01406,배당소득세의 적용 기준을 알려주세요.,အပိုဆုရငွေပါ။ ကို အသုံးချမှု သတ်မှတ်ချက်ကို ပေးပါ။,배당소득세,배당소득세,True,세금,주식,1.0,1.0,1.0,0,,40,배당소득세
KO-FIN-01408,배당소득세의 적용 여부는 거래 유형과 세법에 따라 달라질 수 있습니다.,အပိုဆုရငွေပါ။ ၏ အသုံးဝင်မှုသည် ငွေပေးချေမှုအမျိုးအစားနှင့် အခွန်ဥပဒေများအလိုက် ကွဲပြားနိုင်သည်။,배당소득세,배당소득세,True,세금,주식,1.0,1.0,1.0,0,,40,배당소득세
KO-FIN-01411,배당의 정보효과와 관련해 투자 전에 확인해야 할 사항이 있나요?,စာရင်းပေးခြင်းရဲ့ သတင်းအချက်အလက် သက်ရောက်မှု နဲ့ ပတ်သက်ပြီး ရင်းနှီးမြှုပ်နှံမှု မလုပ်ခင် သေချာဖို့ အချက်တွေရှိလား။,배당의 정보효과,배당의 정보효과,True,주식,,1.0,1.0,1.0,0,,0,
KO-FIN-01413,배당정책이 무엇인지 설명해 주세요.,ခွဲဝေရေး မူဝါဒ ဆိုတာ ဘာလဲဆိုတာ ရှင်းပြပေးပါဦး။,배당정책,배당정책,True,주식,,1.0,1.0,1.0,0,,20,배당정책
KO-FIN-01417,배당평가모형이 무엇인지 설명해 주세요.,အကဲဖြတ်မှု ပုံစံ ဆိုတာ ဘာလဲဆိုတာ ရှင်းပြပေးပါဦး။,배당평가모형,배당평가모형,True,주식,금융공학·분석,1.0,1.0,1.0,0,,20,배당평가모형
KO-FIN-01425,백워데이션이 무엇인지 설명해 주세요.,Backwardation ဆိုတာက ဆိုတာ ဘာလဲဆိုတာ ရှင်းပြပေးပါဦး။,백워데이션,백워데이션,True,지급결제·청산,,1.0,1.0,1.0,0,,40,백워데이션
KO-FIN-01431,벌처펀드에 가입하기 전에 어떤 점을 확인해야 하나요?,ဘဲလ်ချ်ဖောင်ဒ်။ ကို မဝင်ခင် ဘယ်အချက်တွေကို စစ်ဆေးသင့်လဲ။,벌처펀드,벌처펀드,True,펀드·신탁,,1.0,1.0,1.0,0,,20,벌처펀드
KO-FIN-01438,법정관리의 조건과 수익 구조를 확인하고 싶습니다.,တရားရေးဝန်ထမ်း။ ရဲ့ အခြေအနေနဲ့ ဝင်ငွေ တည်ဆောက်ပုံကို စစ်ဆေးချင်ပါတယ်။,법정관리,법정관리,True,채권,,1.0,1.0,1.0,0,,40,법정관리
KO-FIN-01451,법정청산 과정에서 문제가 발생한 것 같습니다.,တရားရုံးချိန်း လုပ်နေတုန်းမှာ ပြဿနာတစ်ခု ဖြစ်နေပုံရတယ်။,법정청산,법정청산,True,지급결제·청산,,1.0,1.0,1.0,0,,20,법정청산
KO-FIN-01454,베이시스와 관련된 시장 정보를 확인하고 싶습니다.,ဘေ့စ်စ် နဲ့ ပတ်သက်တဲ့ စျေးကွက် အချက်အလက်တွေကို စစ်ဆေးချင်ပါတယ်။,베이시스,베이시스,True,금융시장·거래,,1.0,1.0,1.0,0,,0,
KO-FIN-01460,베타계수의 결과는 사용한 가정과 시장 데이터에 따라 달라질 수 있습니다.,ဘီတာ ကိန်းဂဏန်း ၏ ရလဒ်များသည် အသုံးပြုသော ယူဆချက်နှင့် ဈေးကွက် ဒေတာပေါ် မူတည်၍ ကွဲပြားနိုင်သည်။,베타계수,베타계수,True,금융공학·분석,,1.0,1.0,1.0,0,,20,베타계수
KO-FIN-01462,베타위험은 금융상품을 분석할 때 어떻게 사용되나요?,ဗီတာ အန္တရာယ်ပါ။ ကို ငွေရေးကြေးရေး ထုတ်ကုန်တွေကို ဆန်းစစ်ရာမှာ ဘယ်လိုသုံးလဲ။,베타위험,베타위험,True,금융공학·분석,신용·리스크 / 자산운용·투자,1.0,1.0,1.0,0,,20,베타위험
KO-FIN-01464,베타위험의 결과는 사용한 가정과 시장 데이터에 따라 달라질 수 있습니다.,ဗီတာ အန္တရာယ်ပါ။ ၏ ရလဒ်များသည် အသုံးပြုသော ယူဆချက်နှင့် ဈေးကွက် ဒေတာပေါ် မူတည်၍ ကွဲပြားနိုင်သည်။,베타위험,베타위험,True,금융공학·분석,신용·리스크 / 자산운용·투자,1.0,1.0,1.0,0,,20,베타위험
KO-FIN-01466,병행증자와 관련된 정보를 확인하고 싶습니다.,ဘေးထွက်ဆိုးကျိုးပါ။ နဲ့ ပတ်သက်တဲ့ အချက်အလက်တွေကို စစ်ဆေးချင်ပါတယ်။,병행증자,병행증자,True,주식,,1.0,1.0,1.0,0,,40,병행증자
KO-FIN-01469,보관기관이 무엇인지 설명해 주세요.,သိုလှောင်ရေး ဆိုတာ ဘာလဲဆိုတာ ရှင်းပြပေးပါဦး။,보관기관,보관기관,True,증권·예탁,펀드·신탁 / 자산운용·투자 / 금융기관·은행,1.0,1.0,1.0,0,,40,보관기관
KO-FIN-01473,보관원장이 무엇인지 설명해 주세요.,သိုလှောင်ရေးမှူး။ ဆိုတာ ဘာလဲဆိုတာ ရှင်းပြပေးပါဦး။,보관원장,보관원장,True,증권·예탁,,1.0,1.0,1.0,0,,40,보관원장
KO-FIN-01480,보관위험은 거래 조건이나 이용 가능 여부에 영향을 줄 수 있습니다.,ထိန်းသိမ်းမှု အန္တရာယ်။ ဟာ ကုန်သွယ်မှု အခြေအနေတွေ (သို့) သုံးစွဲမှုအပေါ် သက်ရောက်မှုရှိနိုင်ပါတယ်။,보관위험,보관위험,True,신용·리스크,,1.0,1.0,1.0,0,,30,보관위험
KO-FIN-01483,보유기간수익률과 관련된 투자 정보를 확인하고 싶습니다.,ထိန်းသိမ်းမှု ကာလ အမြတ်နှုန်း နဲ့ ပတ်သက်တဲ့ ရင်းနှီးမြှုပ်နှံမှု အချက်အလက်တွေကို စစ်ဆေးချင်ပါတယ်။,보유기간수익률,보유기간수익률,True,자산운용·투자,,1.0,1.0,1.0,0,,0,
KO-FIN-01490,보증사채의 조건과 수익 구조를 확인하고 싶습니다.,အာမခံချက်။ ရဲ့ အခြေအနေနဲ့ ဝင်ငွေ တည်ဆောက်ပုံကို စစ်ဆေးချင်ပါတယ်။,보증사채,보증사채,True,채권,신용·리스크,1.0,1.0,1.0,0,,20,보증사채
KO-FIN-01494,보통거래와 관련된 시장 정보를 확인하고 싶습니다.,ပုံမှန်အတိုင်းပါ။ နဲ့ ပတ်သက်တဲ့ စျေးကွက် အချက်အလက်တွေကို စစ်ဆေးချင်ပါတယ်။,보통거래,보통거래,True,금융시장·거래,,1.0,1.0,1.0,0,,40,보통거래
KO-FIN-01499,보통결의와 관련해 투자 전에 확인해야 할 사항이 있나요?,ပုံမှန်ဆုံးဖြတ်ချက်က နဲ့ ပတ်သက်ပြီး ရင်းနှီးမြှုပ်နှံမှု မလုပ်ခင် စစ်ဆေးသင့်တဲ့ အချက်တွေရှိလား။,보통결의,보통결의,True,주식,,1.0,1.0,1.0,0,,40,보통결의
KO-FIN-01503,보통주와 관련해 투자 전에 확인해야 할 사항이 있나요?,သာမန်နေ့ပါ။ နဲ့ ပတ်သက်ပြီး ရင်းနှီးမြှုပ်နှံမှု မလုပ်ခင် စစ်ဆေးသင့်တဲ့ အချက်တွေရှိလား။,보통주,보통주,True,주식,,1.0,1.0,1.0,0,,40,보통주
KO-FIN-01506,보호예수 처리 절차를 확인하고 싶습니다.,ကိုယ်ခန္ဓာကို ကာကွယ်ပါ။ ကို စစ်ဆေးချင်ပါတယ်။,보호예수,보호예수,True,증권·예탁,,1.0,1.0,1.0,0,,20,보호예수
KO-FIN-01510,보호예수증서 처리 절차를 확인하고 싶습니다.,ခွင့်ပြုချက်။ ကို စစ်ဆေးချင်ပါတယ်။,보호예수증서,보호예수증서,True,증권·예탁,,1.0,1.0,1.0,0,,40,보호예수증서
KO-FIN-01514,복리채의 조건과 수익 구조를 확인하고 싶습니다.,အဝတ်လျှော်စက်ပါ။ ရဲ့ အခြေအနေနဲ့ ဝင်ငွေ တည်ဆောက်ပုံကို စစ်ဆေးချင်ပါတယ်။,복리채,복리채,True,채권,,1.0,1.0,1.0,0,,40,복리채
KO-FIN-01520,복수통화대출은 심사 결과에 따라 이용 가능 여부가 달라질 수 있습니다.,အပြန်အလှန် ရောင်းဝယ်မှု ဟာ သုံးစွဲမှုအပေါ် မူတည်ပြီး ပြောင်းလဲနိုင်ပါတယ်။,복수통화대출,복수통화대출,True,대출,,1.0,1.0,1.0,0,,40,복수통화대출
KO-FIN-01522,복수통화표시채의 조건과 수익 구조를 확인하고 싶습니다.,လက်စားချေမှု အမှတ်အသားပါ။ ရဲ့ အခြေအနေနဲ့ ဝင်ငွေ တည်ဆောက်ပုံကို စစ်ဆေးချင်ပါတယ်။,복수통화표시채,복수통화표시채,True,채권,,1.0,1.0,1.0,0,,40,복수통화표시채
KO-FIN-01528,본질가치의 정확한 의미는 해당 금융거래의 맥락과 함께 확인해야 합니다.,ပင်ကိုယ်တန်ဖိုး ရဲ့ တိကျတဲ့ အဓိပ္ပါယ်ကို ငွေကြေး ကုန်သွယ်မှု အခြေအနေနဲ့အတူ စစ်ဆေးဖို့လိုပါတယ်။,본질가치,본질가치,True,기타 금융일반,,1.0,1.0,1.0,0,,0,
KO-FIN-01530,부당권유행위의 금지와 관련된 시장 정보를 확인하고 싶습니다.,တရားမျှတမှုမရှိတဲ့ လုပ်ရပ်တွေကို တားမြစ်တယ်။ နဲ့ ပတ်သက်တဲ့ စျေးကွက် အချက်အလက်တွေကို စစ်ဆေးချင်ပါတယ်။,부당권유행위의 금지,부당권유행위의 금지,True,금융시장·거래,,1.0,1.0,1.0,0,,20,부당권유행위의 금지
KO-FIN-01535,부도방지협약을 줄이려면 어떤 점을 확인해야 하나요?,အန္တရာယ်ကင်းစင်ရေး သဘောတူစာချုပ်။ ကို လျှော့ချဖို့ ဘယ်အချက်ကို စစ်ဆေးဖို့လိုလဲ။,부도방지협약,부도방지협약,True,신용·리스크,금융기관·은행,1.0,1.0,1.0,0,,40,부도방지협약
KO-FIN-01536,부도방지협약은 거래 조건이나 이용 가능 여부에 영향을 줄 수 있습니다.,အန္တရာယ်ကင်းစင်ရေး သဘောတူစာချုပ်။ ဟာ ကုန်သွယ်မှု အခြေအနေတွေ (သို့) သုံးစွဲမှုအပေါ် သက်ရောက်မှုရှိနိုင်ပါတယ်။,부도방지협약,부도방지협약,True,신용·리스크,금융기관·은행,1.0,1.0,1.0,0,,40,부도방지협약
KO-FIN-01540,부도처리유예는 거래 조건이나 이용 가능 여부에 영향을 줄 수 있습니다.,အဝတ်လျှော်စက်ပါ။ က ကုန်သွယ်မှု အခြေအနေတွေ (သို့) သုံးစွဲမှုအပေါ် သက်ရောက်မှုရှိနိုင်ပါတယ်။,부도처리유예,부도처리유예,True,신용·리스크,,1.0,1.0,1.0,0,,40,부도처리유예
KO-FIN-01542,부동담보제도의 조건과 수익 구조를 확인하고 싶습니다.,မျောနေတဲ့ အာမခံစနစ်ပါ။ ရဲ့ အခြေအနေနဲ့ ဝင်ငွေ တည်ဆောက်ပုံကို စစ်ဆေးချင်ပါတယ်။,부동담보제도,부동담보제도,True,채권,,1.0,1.0,1.0,0,,40,부동담보제도
KO-FIN-01547,부동산 투자신탁에 가입하기 전에 어떤 점을 확인해야 하나요?,အိမ်ခြံမြေ ရင်းနှီးမြှုပ်နှံမှု ကို မဝင်ခင် ဘယ်အချက်တွေကို စစ်ဆေးသင့်လဲ။,부동산 투자신탁,부동산 투자신탁,True,펀드·신탁,자산운용·투자 / 부동산금융,1.0,1.0,1.0,0,,0,
KO-FIN-01554,부동화 처리 절차를 확인하고 싶습니다.,မျောနေခြင်း ကို စစ်ဆေးချင်ပါတယ်။,부동화,부동화,True,증권·예탁,,1.0,1.0,1.0,0,,40,부동화
KO-FIN-01557,부보관기관이 무엇인지 설명해 주세요.,ထောက်ပံ့စောင့်ရှောက်ရေးဌာန ဆိုတာ ဘာလဲဆိုတာ ရှင်းပြပေးပါဦး။,부보관기관,부보관기관,True,증권·예탁,,1.0,1.0,1.0,0,,40,부보관기관
KO-FIN-01561,부실채권 정리기금이 무엇인지 설명해 주세요.,ချေးငွေချေးငွေ ဆိုတာ ဘာလဲဆိုတာ ရှင်းပြပေးပါဦး။,부실채권 정리기금,부실채권 정리기금,True,채권,,1.0,1.0,1.0,0,,40,부실채권 정리기금
KO-FIN-01565,부실채권이 무엇인지 설명해 주세요.,ချေးငွေ ချိုးဖောက်မှု ဆိုတာ ဘာလဲဆိုတာ ရှင်းပြပေးပါဦး။,부실채권,부실채권,True,채권,,1.0,1.0,1.0,0,,0,
KO-FIN-01569,부실채권정리기금채권이 무엇인지 설명해 주세요.,ချေးငွေမဲ့ ချေးငွေမဲ့ ချေးငွေမဲ့ ဆိုတာ ဘာလဲဆိုတာ ရှင်းပြပေးပါဦး။,부실채권정리기금채권,부실채권정리기금채권,True,채권,금융기관·은행,1.0,1.0,1.0,0,,40,부실채권정리기금채권
KO-FIN-01573,부전환대리인이 무엇인지 설명해 주세요.,ငွေလဲလှယ်မှု အပိုင်းပါ။ ဆိုတာ ဘာလဲဆိုတာ ရှင်းပြပေးပါဦး။,부전환대리인,부전환대리인,True,채권,법률·계약 / 자산운용·투자 / 주식,1.0,1.0,1.0,0,,40,부전환대리인
KO-FIN-01579,분리결제 과정에서 문제가 발생한 것 같습니다.,ခွဲခြားရေး ဖြေရှင်းရေး လုပ်နေတုန်းမှာ ပြဿနာတစ်ခု ဖြစ်နေပုံရတယ်။,분리결제,분리결제,True,지급결제·청산,,1.0,1.0,1.0,0,,40,분리결제
KO-FIN-01582,분리과세의 적용 기준을 알려주세요.,ကွဲပြားမှုပါ။ ကို အသုံးချမှု သတ်မှတ်ချက်ကို ပေးပါ။,분리과세,분리과세,True,세금,주식,1.0,1.0,1.0,0,,40,분리과세
KO-FIN-01584,분리과세의 적용 여부는 거래 유형과 세법에 따라 달라질 수 있습니다.,ကွဲပြားမှုပါ။ ၏ အသုံးဝင်မှုသည် ငွေပေးချေမှုအမျိုးအစားနှင့် အခွန်ဥပဒေများအလိုက် ကွဲပြားနိုင်သည်။,분리과세,분리과세,True,세금,주식,1.0,1.0,1.0,0,,40,분리과세
KO-FIN-01585,분리형증권이 무엇인지 설명해 주세요.,ကွဲပြားတဲ့ လက်မှတ်ပါ။ ဆိုတာ ဘာလဲဆိုတာ ရှင်းပြပေးပါဦး။,분리형증권,분리형증권,True,증권·예탁,,1.0,1.0,1.0,0,,40,분리형증권
KO-FIN-01589,분매기관이 무엇인지 설명해 주세요.,ဖြန့်ဖြူးရေး ကိရိယာ ဆိုတာ ဘာလဲဆိုတာ ရှင်းပြပေးပါဦး။,분매기관,분매기관,True,증권·예탁,,1.0,1.0,1.0,0,,40,분매기관
KO-FIN-01594,분배락조치와 관련된 시장 정보를 확인하고 싶습니다.,ဖြန့်ဖြူးမှု အချိုးအစား နဲ့ ပတ်သက်တဲ့ စျေးကွက် အချက်အလက်တွေကို စစ်ဆေးချင်ပါတယ်။,분배락조치,분배락조치,True,금융시장·거래,증권·예탁,1.0,1.0,1.0,0,,40,분배락조치
KO-FIN-01599,분산투자와 관련된 투자 정보를 확인하고 싶습니다.,ဖြန့်ဖြူးထားတဲ့ ရင်းနှီးမြှုပ်နှံမှု နဲ့ ပတ်သက်တဲ့ ရင်းနှီးမြှုပ်နှံမှု အချက်အလက်တွေကို စစ်ဆေးချင်ပါတယ်။,분산투자,분산투자,True,자산운용·투자,,1.0,1.0,1.0,0,,0,
KO-FIN-01602,분할납입채의 조건과 수익 구조를 확인하고 싶습니다.,ပိုင်းခြားထားတဲ့ ဝင်ငွေ။ ရဲ့ အခြေအနေနဲ့ ဝင်ငွေ တည်ဆောက်ပုံကို စစ်ဆေးချင်ပါတယ်။,분할납입채,분할납입채,True,채권,,1.0,1.0,1.0,0,,40,분할납입채
KO-FIN-01606,불독채의 조건과 수익 구조를 확인하고 싶습니다.,စာမတတ်ဘူး။ ရဲ့ အခြေအနေနဲ့ ဝင်ငွေ တည်ဆောက်ပုံကို စစ်ဆေးချင်ပါတယ်။,불독채,불독채,True,채권,,1.0,1.0,1.0,0,,40,불독채
KO-FIN-01610,불릿채의 조건과 수익 구조를 확인하고 싶습니다.,မိုက်မဲတယ်။ ရဲ့ အခြေအနေနဲ့ ဝင်ငွေ တည်ဆောက်ပုံကို စစ်ဆေးချင်ပါတယ်။,불릿채,불릿채,True,채권,,1.0,1.0,1.0,0,,40,불릿채
KO-FIN-01613,브래디채권이 무엇인지 설명해 주세요.,Brady ချေးငွေ ဆိုတာ ဘာလဲဆိုတာ ရှင်းပြပေးပါဦး။,브래디채권,브래디채권,True,채권,,1.0,1.0,1.0,0,,20,브래디채권
KO-FIN-01618,브로커 처리 절차를 확인하고 싶습니다.,ရောင်းဝယ်သူ ကို စစ်ဆေးချင်ပါတယ်။,브로커,브로커,True,증권·예탁,,1.0,1.0,1.0,0,,40,브로커
KO-FIN-01624,브로커스 론은 심사 결과에 따라 이용 가능 여부가 달라질 수 있습니다.,ဘရိုကာစ် Ron က သုံးစွဲမှုအပေါ် မူတည်ပြီး ပြောင်းလဲနိုင်ပါတယ်။,브로커스 론,브로커스 론,True,대출,,1.0,1.0,1.0,0,,0,
KO-FIN-01626,브릿지 처리 절차를 확인하고 싶습니다.,တံတား။ ကို စစ်ဆေးချင်ပါတယ်။,브릿지,브릿지,True,증권·예탁,지급결제·청산,1.0,1.0,1.0,0,,40,브릿지
KO-FIN-01632,브릿지론은 심사 결과에 따라 이용 가능 여부가 달라질 수 있습니다.,ဘရစ်ဂျီရွန် က သုံးစွဲမှုအပေါ် မူတည်ပြီး ပြောင်းလဲနိုင်ပါတယ်။,브릿지론,브릿지론,True,대출,,1.0,1.0,1.0,0,,0,
KO-FIN-01634,블루 리스트의 조건과 수익 구조를 확인하고 싶습니다.,အပြာစာရင်းပါ။ ရဲ့ အခြေအနေနဲ့ ဝင်ငွေ တည်ဆောက်ပုံကို စစ်ဆေးချင်ပါတယ်။,블루 리스트,블루 리스트,True,채권,,1.0,1.0,1.0,0,,40,블루 리스트
KO-FIN-01637,비가격경쟁이 무엇을 의미하나요?,မိုးရွာသွန်းမှု ပြိုင်ပွဲ။ ဆိုတာ ဘာကိုဆိုလိုတာလဲ။,비가격경쟁,비가격경쟁,True,금융시장·거래,,1.0,1.0,1.0,0,,20,비가격경쟁
KO-FIN-01641,비거주자에 대해 자세히 알려주세요.,ဒုက္ခသည်တွေ အကြောင်း အသေးစိတ်ပြောပြပါ။,비거주자,비거주자,True,해외송금·외환,,1.0,1.0,1.0,0,,40,비거주자
KO-FIN-01646,비과세소득의 적용 기준을 알려주세요.,အခွန်မဲ့ ဝင်ငွေ ကို အသုံးချမှု သတ်မှတ်ချက်ကို ပေးပါ။,비과세소득,비과세소득,True,세금,,1.0,1.0,1.0,0,,20,비과세소득
KO-FIN-01648,비과세소득의 적용 여부는 거래 유형과 세법에 따라 달라질 수 있습니다.,အခွန်မဲ့ ဝင်ငွေ ၏ အသုံးဝင်မှုသည် ငွေပေးချေမှုအမျိုးအစားနှင့် အခွန်ဥပဒေများအလိုက် ကွဲပြားနိုင်သည်။,비과세소득,비과세소득,True,세금,,1.0,1.0,1.0,0,,20,비과세소득
KO-FIN-01649,비상장증권이 무엇인지 설명해 주세요.,အရေးပေါ်လက်မှတ်။ ဆိုတာ ဘာလဲဆိုတာ ရှင်းပြပေးပါဦး။,비상장증권,비상장증권,True,증권·예탁,금융시장·거래,1.0,1.0,1.0,0,,40,비상장증권
KO-FIN-01659,비체계적 위험을 줄이려면 어떤 점을 확인해야 하나요?,စနစ်မကျတဲ့ အန္တရာယ်ပါ။ ကို လျှော့ချဖို့ ဘယ်အချက်ကို စစ်ဆေးဖို့လိုလဲ။,비체계적 위험,비체계적 위험,True,신용·리스크,,1.0,1.0,1.0,0,,0,
KO-FIN-01660,비체계적 위험은 거래 조건이나 이용 가능 여부에 영향을 줄 수 있습니다.,စနစ်မကျတဲ့ အန္တရာယ်ပါ။ ဟာ ကုန်သွယ်မှု အခြေအနေတွေ (သို့) သုံးစွဲမှုအပေါ် သက်ရောက်မှုရှိနိုင်ပါတယ်။,비체계적 위험,비체계적 위험,True,신용·리스크,,1.0,1.0,1.0,0,,0,
KO-FIN-01664,비통화금융기관과 관련된 세부 업무는 해당 기관의 안내를 확인해 주세요.,ငွေကြေးမဟုတ်တဲ့ ငွေကြေးအဖွဲ့အစည်းတွေ နှင့် ပတ်သက်သော အသေးစိတ်လုပ်ငန်းများအတွက် သက်ဆိုင်ရာ အဖွဲ့အစည်း၏ လမ်းညွှန်ချက်များကို ကြည့်ပါ။,비통화금융기관,비통화금융기관,True,금융기관·은행,,1.0,1.0,1.0,0,,0,
KO-FIN-01666,비회원증권회사 처리 절차를 확인하고 싶습니다.,အဖွဲ့ဝင်မဟုတ်တဲ့ စက္ကူကုမ္ပဏီပါ။ ကို စစ်ဆေးချင်ပါတယ်။,비회원증권회사,비회원증권회사,True,증권·예탁,금융시장·거래,1.0,1.0,1.0,0,,20,비회원증권회사
KO-FIN-01669,빅뱅이 무엇을 의미하나요?,မဟာပေါက်ကွဲမှုပါ။ ဆိုတာ ဘာကိုဆိုလိုတာလဲ။,빅뱅,빅뱅,True,금융시장·거래,,1.0,1.0,1.0,0,,30,빅뱅
KO-FIN-01674,빅보오드와 관련된 시장 정보를 확인하고 싶습니다.,ဘုတ်ကြီး။ နဲ့ ပတ်သက်တဲ့ စျေးကွက် အချက်အလက်တွေကို စစ်ဆေးချင်ပါတယ်။,빅보오드,빅보오드,True,금융시장·거래,,1.0,1.0,1.0,0,,20,빅보오드
KO-FIN-01679,빗더마켓 전략과 관련된 투자 정보를 확인하고 싶습니다.,မိတ်ကပ်စျေးကွက် မဟာဗျူဟာ နဲ့ ပတ်သက်တဲ့ ရင်းနှီးမြှုပ်နှံမှု အချက်အလက်တွေကို စစ်ဆေးချင်ပါတယ်။,빗더마켓 전략,빗더마켓 전략,True,자산운용·투자,,1.0,1.0,1.0,0,,20,빗더마켓 전략
KO-FIN-01681,사고신고 관련 상담을 받고 싶습니다.,မတော်တဆဖြစ်ခဲ့တယ်။ နဲ့ပတ်သက်ပြီး အကြံပြုချင်ပါတယ်။,사고신고,사고신고,True,금융 지원,,1.0,1.0,1.0,0,,40,사고신고
KO-FIN-01684,사고신고 관련 업무는 고객센터를 통해 안내받을 수 있습니다.,မတော်တဆဖြစ်ခဲ့တယ်။ နှင့် သက်ဆိုင်သော လုပ်ငန်းများကို Customer Center မှတစ်ဆင့် လမ်းညွှန်နိုင်ပါသည်။,사고신고,사고신고,True,금융 지원,,1.0,1.0,1.0,0,,40,사고신고
KO-FIN-01686,사고증권 가신고제도 처리 절차를 확인하고 싶습니다.,ယာဉ်မတော်တဆမှု လိုင်စင်နဲ့ ထောင်ဒဏ် ကို စစ်ဆေးချင်ပါတယ်။,사고증권 가신고제도,사고증권 가신고제도,True,증권·예탁,,1.0,1.0,1.0,0,,40,사고증권 가신고제도
KO-FIN-01689,사고증권이 무엇인지 설명해 주세요.,မတော်တဆမှု လက်မှတ် ဆိုတာ ဘာလဲဆိုတာ ရှင်းပြပေးပါဦး။,사고증권,사고증권,True,증권·예탁,,1.0,1.0,1.0,0,,20,사고증권
KO-FIN-01695,사내유보와 관련해 투자 전에 확인해야 할 사항이 있나요?,ယောကျ်ားလေး။ နဲ့ ပတ်သက်ပြီး ရင်းနှီးမြှုပ်နှံမှု မလုပ်ခင် စစ်ဆေးသင့်တဲ့ အချက်တွေရှိလား။,사내유보,사내유보,True,주식,,1.0,1.0,1.0,0,,40,사내유보
KO-FIN-01697,사다리형 만기구성전략이 무엇인지 설명해 주세요.,လှေခါးထစ် အရှည်ခံ နည်းဗျူဟာပါ။ ဆိုတာ ဘာလဲဆိုတာ ရှင်းပြပေးပါဦး။,사다리형 만기구성전략,사다리형 만기구성전략,True,채권,,1.0,1.0,1.0,0,,40,사다리형 만기구성전략
KO-FIN-01709,사무라이본드의 이용 조건을 알려주세요.,Samurai Bond ပါ။ ကို အသုံးပြုမှု စည်းမျဉ်းတွေ ပေးပါ။,사무라이본드,사무라이본드,True,대출,,1.0,1.0,1.0,0,,0,
KO-FIN-01713,사설증권시장이 무엇을 의미하나요?,ပိုင်ဆိုင်မှု စျေးကွက် ဆိုတာ ဘာကိုဆိုလိုတာလဲ။,사설증권시장,사설증권시장,True,금융시장·거래,증권·예탁,1.0,1.0,1.0,0,,20,사설증권시장
KO-FIN-01718,사업보고서와 관련된 시장 정보를 확인하고 싶습니다.,စီးပွားရေး အစီရင်ခံစာမှာ နဲ့ ပတ်သက်တဲ့ စျေးကွက် အချက်အလက်တွေကို စစ်ဆေးချင်ပါတယ်။,사업보고서,사업보고서,True,금융시장·거래,금융법규·감독,1.0,1.0,1.0,0,,0,
KO-FIN-01722,사업설명서 처리 절차를 확인하고 싶습니다.,လုပ်ငန်း အစီရင်ခံစာ။ ကို စစ်ဆေးချင်ပါတယ်။,사업설명서,사업설명서,True,증권·예탁,,1.0,1.0,1.0,0,,0,
KO-FIN-01725,사이또리회원이 무엇을 의미하나요?,Saitori အဖွဲ့ဝင်။ ဆိုတာ ဘာကိုဆိုလိုတာလဲ။,사이또리회원,사이또리회원,True,금융시장·거래,,1.0,1.0,1.0,0,,20,사이또리회원
KO-FIN-01731,사이버 주주총회와 관련해 투자 전에 확인해야 할 사항이 있나요?,ဆိုက်ဘာ ရှယ်ယာရှင်များ အစည်းအဝေး နဲ့ ပတ်သက်ပြီး ရင်းနှီးမြှုပ်နှံမှု မလုပ်ခင် စစ်ဆေးသင့်တဲ့ အချက်တွေရှိလား။,사이버 주주총회,사이버 주주총회,True,주식,,1.0,1.0,1.0,0,,0,
KO-FIN-01733,사전매매대조과정이 무엇을 의미하나요?,အရောင်းအဝယ် ကြိုတင် ညှိနှိုင်းမှု ဆိုတာ ဘာကိုဆိုလိုတာလဲ။,사전매매대조과정,사전매매대조과정,True,금융시장·거래,,1.0,1.0,1.0,0,,40,사전매매대조과정
KO-FIN-01737,사채권이 무엇인지 설명해 주세요.,ချေးငွေ ဆိုတာ ဘာလဲဆိုတာ ရှင်းပြပေးပါဦး။,사채권,사채권,True,채권,,1.0,1.0,1.0,0,,40,사채권
KO-FIN-01741,사채발행이 무엇인지 설명해 주세요.,ချေးငွေချေမှု ဆိုတာ ဘာလဲဆိုတာ ရှင်းပြပေးပါဦး။,사채발행,사채발행,True,채권,기업금융·자본조달 / 증권·예탁 / 금융법규·감독,1.0,1.0,1.0,0,,40,사채발행
KO-FIN-01746,사채원부의 조건과 수익 구조를 확인하고 싶습니다.,ဘဏ္ဍာရေး ဝန်ကြီး။ ရဲ့ အခြေအနေနဲ့ ဝင်ငွေ တည်ဆောက်ပုံကို စစ်ဆေးချင်ပါတယ်။,사채원부,사채원부,True,채권,,1.0,1.0,1.0,0,,40,사채원부
KO-FIN-01749,산업금융채권이 무엇인지 설명해 주세요.,စက်မှု ဘဏ္ဍာရေး ချေးငွေ ဆိုတာ ဘာလဲဆိုတာ ရှင်းပြပေးပါဦး။,산업금융채권,산업금융채권,True,채권,,1.0,1.0,1.0,0,,0,
KO-FIN-01753,상계적 차감이 무엇인지 설명해 주세요.,မြင့်မားတဲ့ အေးချမ်းမှုပါ။ ဆိုတာ ဘာလဲဆိုတာ ရှင်းပြပေးပါဦး။,상계적 차감,상계적 차감,True,지급결제·청산,금융시장·거래,1.0,1.0,1.0,0,,40,상계적 차감
KO-FIN-01766,상쇄거래와 관련된 시장 정보를 확인하고 싶습니다.,ရောင်းဝယ်မှု နဲ့ ပတ်သက်တဲ့ စျေးကွက် အချက်အလက်တွေကို စစ်ဆေးချင်ပါတယ်။,상쇄거래,상쇄거래,True,금융시장·거래,,1.0,1.0,1.0,0,,40,상쇄거래
KO-FIN-01769,상임대리인이 무엇인지 설명해 주세요.,အမြဲတမ်း ကိုယ်စားလှယ်ပါ။ ဆိုတာ ဘာလဲဆိုတာ ရှင်းပြပေးပါဦး။,상임대리인,상임대리인,True,증권·예탁,법률·계약 / 주식 / 금융시장·거래,1.0,1.0,1.0,0,,0,
KO-FIN-01777,상장심사기준이 무엇을 의미하나요?,စျေးကွက်ဆိုင်ရာ စံနှုန်းပါ။ ဆိုတာ ဘာကိုဆိုလိုတာလဲ။,상장심사기준,상장심사기준,True,금융시장·거래,증권·예탁 / 주식,1.0,1.0,1.0,0,,40,상장심사기준
KO-FIN-01782,상장회사협의회와 관련된 시장 정보를 확인하고 싶습니다.,ရင်းနှီးမြှုပ်နှံမှု ကောင်စီ နဲ့ ပတ်သက်တဲ့ စျေးကွက် အချက်အလက်တွေကို စစ်ဆေးချင်ပါတယ်။,상장회사협의회,상장회사협의회,True,금융시장·거래,,1.0,1.0,1.0,0,,0,
KO-FIN-01785,상품유가증권이 무엇인지 설명해 주세요.,ကုန်စည်ပိုင်ဆိုင်မှု လက်မှတ် ဆိုတာ ဘာလဲဆိုတာ ရှင်းပြပေးပါဦး။,상품유가증권,상품유가증권,True,증권·예탁,,1.0,1.0,1.0,0,,20,상품유가증권
KO-FIN-01789,상호결제제도가 무엇인지 설명해 주세요.,အပြန်အလှန် ဖြေရှင်းရေး စနစ်ပါ။ ဆိုတာ ဘာလဲဆိုတာ ရှင်းပြပေးပါ။,상호결제제도,상호결제제도,True,지급결제·청산,금융시장·거래,1.0,1.0,1.0,0,,20,상호결제제도
KO-FIN-01794,상호다중연계 처리 절차를 확인하고 싶습니다.,အပြန်အလှန်ဆက်သွယ်မှု ကို စစ်ဆေးချင်ပါတယ်။,상호다중연계,상호다중연계,True,증권·예탁,자산운용·투자 / 지급결제·청산,1.0,1.0,1.0,0,,20,상호다중연계
KO-FIN-01798,상호단일연계 처리 절차를 확인하고 싶습니다.,အပြန်အလှန်ဆက်သွယ်မှု ကို စစ်ဆေးချင်ပါတယ်။,상호단일연계,상호단일연계,True,증권·예탁,,1.0,1.0,1.0,0,,40,상호단일연계
KO-FIN-01802,상호동시거래와 관련된 시장 정보를 확인하고 싶습니다.,အပြန်အလှန် ကုန်သွယ်မှု နဲ့ ပတ်သက်တဲ့ စျေးကွက် အချက်အလက်တွေကို စစ်ဆေးချင်ပါတယ်။,상호동시거래,상호동시거래,True,금융시장·거래,증권·예탁,1.0,1.0,1.0,0,,40,상호동시거래
KO-FIN-01810,상호연계 처리 절차를 확인하고 싶습니다.,အပြန်အလှန် ဆက်သွယ်မှု ကို စစ်ဆေးချင်ပါတယ်။,상호연계,상호연계,True,증권·예탁,,1.0,1.0,1.0,0,,20,상호연계
KO-FIN-01823,상환주와 관련해 투자 전에 확인해야 할 사항이 있나요?,ပြန်ပေးသူ။ နဲ့ပတ်သက်ပြီး ရင်းနှီးမြှုပ်နှံမှု မလုပ်ခင် သေချာဖို့ အချက်တွေရှိလား။,상환주,상환주,True,주식,,1.0,1.0,1.0,0,,40,상환주
KO-FIN-01827,서면투표제와 관련해 투자 전에 확인해야 할 사항이 있나요?,စာရေးမဲပေးခြင်း နဲ့ပတ်သက်ပြီး ရင်းနှီးမြှုပ်နှံမှု မလုပ်ခင် သေချာဖို့ အချက်တွေရှိလား။,서면투표제,서면투표제,True,주식,,1.0,1.0,1.0,0,,0,
KO-FIN-01830,선도거래와 관련된 시장 정보를 확인하고 싶습니다.,လမ်းညွှန်ပေးတယ်။ နဲ့ ပတ်သက်တဲ့ စျေးကွက် အချက်အလက်တွေကို စစ်ဆေးချင်ပါတယ်။,선도거래,선도거래,True,금융시장·거래,파생상품,1.0,1.0,1.0,0,,40,선도거래
KO-FIN-01844,선물거래위원회를 확인할 때 시장 상황과 거래 조건을 함께 살펴보세요.,လက်ဆောင်ရောင်းဝယ်ရေး ကော်မတီ ကို စစ်ဆေးတဲ့အခါ ဈေးကွက်အခြေအနေနဲ့ ကုန်သွယ်မှု အခြေအနေတွေကို အတူတကွ ကြည့်ပါ။,선물거래위원회,선물거래위원회,True,금융시장·거래,파생상품,1.0,1.0,1.0,0,,0,
KO-FIN-01845,선물계약이 무엇인지 쉽게 설명해 주세요.,လက်ဆောင်စာချုပ်။ ဆိုတာ ဘာလဲဆိုတာ ရှင်းပြပေးပါ။,선물계약,선물계약,True,파생상품,법률·계약 / 금융시장·거래 / 지급결제·청산,1.0,1.0,1.0,0,,0,
KO-FIN-01849,선물시장이 무엇을 의미하나요?,လက်ဆောင်စျေးပါ။ ဆိုတာ ဘာကိုဆိုလိုတာလဲ။,선물시장,선물시장,True,금융시장·거래,파생상품 / 지급결제·청산,1.0,1.0,1.0,0,,20,선물시장
KO-FIN-01853,선물중개상이 무엇인지 쉽게 설명해 주세요.,လက်ဆောင်အလှူရှင် ဆိုတာ ဘာလဲဆိုတာ ရှင်းပြပေးပါ။,선물중개상,선물중개상,True,파생상품,금융시장·거래,1.0,1.0,1.0,0,,40,선물중개상
KO-FIN-01861,선물환마진에 대해 자세히 알려주세요.,လက်ဆောင်တွေ လဲလှယ်ဖို့ပါ။ အကြောင်း အသေးစိတ်ပြောပြပါ။,선물환마진,선물환마진,True,해외송금·외환,파생상품,1.0,1.0,1.0,0,,20,선물환마진
KO-FIN-01862,선물환마진을 확인하고 싶습니다.,လက်ဆောင်တွေ လဲလှယ်ဖို့ပါ။ ကို စစ်ဆေးချင်ပါတယ်။,선물환마진,선물환마진,True,해외송금·외환,파생상품,1.0,1.0,1.0,0,,20,선물환마진
KO-FIN-01871,성장주와 관련해 투자 전에 확인해야 할 사항이 있나요?,ကြီးထွားမှု နဲ့ပတ်သက်ပြီး ရင်းနှီးမြှုပ်နှံမှု မလုပ်ခင် သေချာဖို့ အချက်တွေရှိလား။,성장주,성장주,True,주식,,1.0,1.0,1.0,0,,0,
KO-FIN-01879,소비임치에 대해 상담받고 싶습니다.,စားသုံးမှု အကြောင်းကို မေးမြန်းလိုပါတယ်။,소비임치,소비임치,True,예금상품,법률·계약,1.0,1.0,1.0,0,,0,
KO-FIN-01881,소수주주권이 무엇인지 설명해 주세요.,အနည်းစုပိုင်ဆိုင်မှု ဆိုတာ ဘာလဲဆိုတာ ရှင်းပြပေးပါဦး။,소수주주권,소수주주권,True,주식,,1.0,1.0,1.0,0,,20,소수주주권
KO-FIN-01886,소액주주와 관련된 정보를 확인하고 싶습니다.,ရှယ်ယာရှင် အသေးစားတွေ နဲ့ ပတ်သက်တဲ့ အချက်အလက်တွေကို စစ်ဆေးချင်ပါတယ်။,소액주주,소액주주,True,주식,,1.0,1.0,1.0,0,,20,소액주주
KO-FIN-01890,송금이체를 이용하려면 어떻게 해야 하나요?,ငွေလွှဲစက်။ ကို အသုံးပြုဖို့ ဘယ်လိုလုပ်ရမလဲ။,송금이체,송금이체,True,이체,,1.0,1.0,1.0,0,,20,송금이체
KO-FIN-01894,수권자본제도와 관련된 정보를 확인하고 싶습니다.,မူပိုင်ခွင့် အရင်းရှင်စနစ်ပါ။ နဲ့ ပတ်သက်တဲ့ အချက်အလက်တွေကို စစ်ဆေးချင်ပါတယ်။,수권자본제도,수권자본제도,True,주식,,1.0,1.0,1.0,0,,40,수권자본제도
KO-FIN-01897,수도부족분<결제부족분>이 무엇인지 설명해 주세요.,အချုပ်အခြာအာဏာရှင်။ ဆိုတာ ဘာလဲဆိုတာ ရှင်းပြပေးပါဦး။,수도부족분<결제부족분>,수도부족분<결제부족분>,True,지급결제·청산,증권·예탁,1.0,1.0,1.0,0,,40,수도부족분<결제부족분>
KO-FIN-01901,수량우선의 원칙이 무엇을 의미하나요?,အရေအတွက် ဦးစားပေးမှု မူဝါဒ ဆိုတာ ဘာကိုဆိုလိုတာလဲ။,수량우선의 원칙,수량우선의 원칙,True,금융시장·거래,,1.0,1.0,1.0,0,,20,수량우선의 원칙
KO-FIN-01905,수요예측방식이 무엇인지 설명해 주세요.,ဝယ်လိုအား ခန့်မှန်းနည်း ဆိုတာ ဘာလဲဆိုတာ ရှင်းပြပေးပါဦး။,수요예측방식,수요예측방식,True,증권·예탁,,1.0,1.0,1.0,0,,0,
KO-FIN-01909,수의상환<임의상환>이 무엇인지 설명해 주세요.,ဗီတာမင် ကုသမှု။ ဆိုတာ ဘာလဲဆိုတာ ရှင်းပြပေးပါဦး။,수의상환<임의상환>,수의상환<임의상환>,True,채권,,1.0,1.0,1.0,0,,40,수의상환<임의상환>
KO-FIN-01914,수의상환사채의 조건과 수익 구조를 확인하고 싶습니다.,ဗီတာမင်ကုသမှုအတွက် ရဲ့ အခြေအနေနဲ့ ဝင်ငွေ တည်ဆောက်ပုံကို စစ်ဆေးချင်ပါတယ်။,수의상환사채,수의상환사채,True,채권,,1.0,1.0,1.0,0,,40,수의상환사채
KO-FIN-01919,수익률과 관련된 투자 정보를 확인하고 싶습니다.,အမြတ်နှုန်း နဲ့ ပတ်သက်တဲ့ ရင်းနှီးမြှုပ်နှံမှု အချက်အလက်တွေကို စစ်ဆေးချင်ပါတယ်။,수익률,수익률,True,자산운용·투자,,1.0,1.0,1.0,0,,0,
KO-FIN-01921,수익률곡선이 무엇인지 설명해 주세요.,အမြတ်နှုန်း မျဉ်းကွေး ဆိုတာ ဘာလဲဆိုတာ ရှင်းပြပေးပါဦး။,수익률곡선,수익률곡선,True,채권,,1.0,1.0,1.0,0,,0,
KO-FIN-01927,수익률곡선타기전략과 관련된 투자 정보를 확인하고 싶습니다.,အကျိုးအမြတ် မျဉ်းကွေးကို ကျော်လွှားဖို့ နည်းဗျူဟာပါ။ နဲ့ ပတ်သက်တဲ့ ရင်းနှီးမြှုပ်နှံမှု အချက်အလက်တွေကို စစ်ဆေးချင်ပါတယ်။,수익률곡선타기전략,수익률곡선타기전략,True,자산운용·투자,,1.0,1.0,1.0,0,,20,수익률곡선타기전략
KO-FIN-01930,수익률스프레드의 조건과 수익 구조를 확인하고 싶습니다.,အမြတ်နှုန်း ပျံ့နှံ့မှု ရဲ့ အခြေအနေနဲ့ ဝင်ငွေ တည်ဆောက်ပုံကို စစ်ဆေးချင်ပါတယ်။,수익률스프레드,수익률스프레드,True,채권,자산운용·투자,1.0,1.0,1.0,0,,40,수익률스프레드
KO-FIN-01938,수익증권의 운용 방식과 수수료를 확인하고 싶습니다.,ဝင်ငွေလက်မှတ်တွေ ကို အသုံးပြုပုံနဲ့ အခကြေးငွေကို စစ်ဆေးချင်ပါတယ်။,수익증권,수익증권,True,펀드·신탁,증권·예탁,1.0,1.0,1.0,0,,0,
KO-FIN-01941,수정주가평균이 무엇인지 설명해 주세요.,သန္ဓေသား ပျမ်းမျှက ဆိုတာ ဘာလဲဆိုတာ ရှင်းပြပေးပါဦး။,수정주가평균,수정주가평균,True,주식,,1.0,1.0,1.0,0,,20,수정주가평균
KO-FIN-01945,수탁계약준칙이 무엇을 의미하나요?,လက်ဝယ်စာချုပ် စည်းမျဉ်း။ ဆိုတာ ဘာကိုဆိုလိုတာလဲ။,수탁계약준칙,수탁계약준칙,True,금융시장·거래,펀드·신탁 / 법률·계약 / 증권·예탁,1.0,1.0,1.0,0,,40,수탁계약준칙
KO-FIN-01957,순수무액면주식이 무엇인지 설명해 주세요.,ပကတိ ငွေကြေးမဲ့ ရှယ်ယာ ဆိုတာ ဘာလဲဆိုတာ ရှင်းပြပေးပါဦး။,순수무액면주식,순수무액면주식,True,주식,,1.0,1.0,1.0,0,,40,순수무액면주식
KO-FIN-01962,순운전자본을 통해 어떤 정보를 확인할 수 있나요?,သန့်ရှင်းတဲ့ လျှပ်စစ်ဓာတ်ပုံ။ ကနေ ဘယ်သတင်းအချက်အလက်တွေကို ရှာတွေ့နိုင်လဲ။,순운전자본,순운전자본,True,회계·재무,,1.0,1.0,1.0,0,,40,순운전자본
KO-FIN-01964,순운전자본은 기준 시점과 작성 기준을 함께 확인해야 합니다.,သန့်ရှင်းတဲ့ လျှပ်စစ်ဓာတ်ပုံ။ ကို မှတ်တမ်းတင်ချိန်နဲ့ မှတ်တမ်းတင်ချိန်နဲ့အတူ စစ်ဆေးဖို့လိုပါတယ်။,순운전자본,순운전자본,True,회계·재무,,1.0,1.0,1.0,0,,40,순운전자본
KO-FIN-01967,순자산가치와 관련해 투자 전에 확인해야 할 사항이 있나요?,ပိုက်ဆံတန်ဖိုး နဲ့ ပတ်သက်ပြီး ရင်းနှီးမြှုပ်နှံမှု မလုပ်ခင် စစ်ဆေးသင့်တဲ့ အချက်တွေရှိလား။,순자산가치,순자산가치,True,주식,,1.0,1.0,1.0,0,,20,순자산가치
KO-FIN-01969,순차변·순대변잔고포지션이 무엇인지 설명해 주세요.,အတန်းလိုက်၊ အတန်းလိုက်၊ အတန်းလိုက်၊ အတန်းလိုက်၊ အတန်းလိုက် ဆိုတာ ဘာလဲဆိုတာ ရှင်းပြပေးပါဦး။,순차변·순대변잔고포지션,순차변·순대변잔고포지션,True,지급결제·청산,,1.0,1.0,1.0,0,,40,순차변·순대변잔고포지션
KO-FIN-01977,스왑션이 무엇인지 쉽게 설명해 주세요.,စကန့်ရှန် ဆိုတာ ဘာလဲဆိုတာ ရှင်းပြပေးပါ။,스왑션,스왑션,True,파생상품,,1.0,1.0,1.0,0,,40,스왑션
KO-FIN-01984,스위스옵션 금융선물거래소를 확인할 때 시장 상황과 거래 조건을 함께 살펴보세요.,ဆွစ်ရွေးချယ်မှု ငွေကြေးလက်ဆောင် ရောင်းဝယ်ရေး ကို စစ်ဆေးတဲ့အခါ ဈေးကွက်အခြေအနေနဲ့ ကုန်သွယ်မှု အခြေအနေတွေကို အတူတကွ ကြည့်ပါ။,스위스옵션 금융선물거래소,스위스옵션 금융선물거래소,True,금융시장·거래,파생상품,1.0,1.0,1.0,0,,0,
KO-FIN-01986,스칼퍼와 관련된 시장 정보를 확인하고 싶습니다.,စကယ်ဖာ။ နဲ့ ပတ်သက်တဲ့ စျေးကွက် အချက်အလက်တွေကို စစ်ဆေးချင်ပါတယ်။,스칼퍼,스칼퍼,True,금융시장·거래,,1.0,1.0,1.0,0,,0,
KO-FIN-01989,스톡옵션이 무엇인지 쉽게 설명해 주세요.,စတော့ ရွေးချယ်မှု ဆိုတာ ဘာလဲဆိုတာ ရှင်းပြပေးပါ။,스톡옵션,스톡옵션,True,파생상품,주식,1.0,1.0,1.0,0,,40,스톡옵션
KO-FIN-01993,스트래들이 무엇을 의미하나요?,Straddle တွေ။ ဆိုတာ ဘာကိုဆိုလိုတာလဲ။,스트래들,스트래들,True,금융시장·거래,,1.0,1.0,1.0,0,,0,
KO-FIN-01997,스트랩이 무엇인지 쉽게 설명해 주세요.,ခါးပတ်ပါ။ ဆိုတာ ဘာလဲဆိုတာ ရှင်းပြပေးပါ။,스트랩,스트랩,True,파생상품,,1.0,1.0,1.0,0,,40,스트랩
KO-FIN-02006,스페셜리스트와 관련된 시장 정보를 확인하고 싶습니다.,ကျွမ်းကျင်သူ နဲ့ ပတ်သက်တဲ့ စျေးကွက် အချက်အလက်တွေကို စစ်ဆေးချင်ပါတယ်။,스페셜리스트,스페셜리스트,True,금융시장·거래,,1.0,1.0,1.0,0,,40,스페셜리스트
KO-FIN-02011,스폿펀드에 가입하기 전에 어떤 점을 확인해야 하나요?,စပိန်ငွေကြေး ကို မဝင်ခင် ဘယ်အချက်တွေကို စစ်ဆေးသင့်လဲ။,스폿펀드,스폿펀드,True,펀드·신탁,,1.0,1.0,1.0,0,,40,스폿펀드
KO-FIN-02014,스프레드와 관련된 시장 정보를 확인하고 싶습니다.,ပျံ့နှံ့မှု။ နဲ့ ပတ်သက်တဲ့ စျေးကွက် အချက်အလက်တွေကို စစ်ဆေးချင်ပါတယ်။,스프레드,스프레드,True,금융시장·거래,,1.0,1.0,1.0,0,,40,스프레드
KO-FIN-02018,스프레드거래와 관련된 시장 정보를 확인하고 싶습니다.,စပရင်ဒ် ကုန်သွယ်မှု နဲ့ ပတ်သက်တဲ့ စျေးကွက် အချက်အလက်တွေကို စစ်ဆေးချင်ပါတယ်။,스프레드거래,스프레드거래,True,금융시장·거래,,1.0,1.0,1.0,0,,20,스프레드거래
KO-FIN-02023,스프레드운용과 관련된 투자 정보를 확인하고 싶습니다.,ပျံ့နှံ့မှု လုပ်ဆောင်ချက် နဲ့ ပတ်သက်တဲ့ ရင်းနှီးမြှုပ်နှံမှု အချက်အလက်တွေကို စစ်ဆေးချင်ပါတယ်။,스프레드운용,스프레드운용,True,자산운용·투자,,1.0,1.0,1.0,0,,40,스프레드운용
KO-FIN-02027,스프리트에 대해 상담받고 싶습니다.,စပရစ်။ အကြောင်းကို မေးမြန်းလိုပါတယ်။,스프리트,스프리트,True,대출,,1.0,1.0,1.0,0,,0,
KO-FIN-02033,시가총액이 무엇인지 설명해 주세요.,အစုရှယ်ယာ ဆိုတာ ဘာလဲဆိုတာ ရှင်းပြပေးပါဦး။,시가총액,시가총액,True,주식,,1.0,1.0,1.0,0,,40,시가총액
KO-FIN-02039,시가총액식 주가지수와 관련해 투자 전에 확인해야 할 사항이 있나요?,စျေးကွက် အစုရှယ်ယာ နဲ့ ပတ်သက်ပြီး ရင်းနှီးမြှုပ်နှံမှု မလုပ်ခင် စစ်ဆေးသင့်တဲ့ အချက်တွေရှိလား။,시가총액식 주가지수,시가총액식 주가지수,True,주식,,1.0,1.0,1.0,0,,40,시가총액식 주가지수
KO-FIN-02042,시간외 종가매매와 관련된 시장 정보를 확인하고 싶습니다.,အချိန်ပိုရောင်းတယ် နဲ့ ပတ်သက်တဲ့ စျေးကွက် အချက်အလက်တွေကို စစ်ဆေးချင်ပါတယ်။,시간외 종가매매,시간외 종가매매,True,금융시장·거래,,1.0,1.0,1.0,0,,40,시간외 종가매매
KO-FIN-02045,시간우선의 원칙이 무엇을 의미하나요?,အချိန်ရဲ့ ရှေ့ဆက်မှု မူဝါဒ ဆိုတာ ဘာကိုဆိုလိုတာလဲ။,시간우선의 원칙,시간우선의 원칙,True,금융시장·거래,,1.0,1.0,1.0,0,,20,시간우선의 원칙
KO-FIN-02052,시스템위험은 거래 조건이나 이용 가능 여부에 영향을 줄 수 있습니다.,စနစ် အန္တရာယ်။ ဟာ ကုန်သွယ်မှု အခြေအနေတွေ (သို့) သုံးစွဲမှုအပေါ် သက်ရောက်မှုရှိနိုင်ပါတယ်။,시스템위험,시스템위험,True,신용·리스크,,1.0,1.0,1.0,0,,0,
KO-FIN-02053,시장분할이론이 무엇을 의미하나요?,စျေးကွက်ခွဲဝေမှုပါ။ ဆိုတာ ဘာကိုဆိုလိုတာလဲ။,시장분할이론,시장분할이론,True,금융시장·거래,대출 / 자산운용·투자 / 채권,1.0,1.0,1.0,0,,40,시장분할이론
KO-FIN-02060,시장위험은 거래 조건이나 이용 가능 여부에 영향을 줄 수 있습니다.,စျေးကွက် အန္တရာယ် ဟာ ကုန်သွယ်မှု အခြေအနေတွေ (သို့) သုံးစွဲမှုအပေါ် သက်ရောက်မှုရှိနိုင်ပါတယ်။,시장위험,시장위험,True,신용·리스크,금융시장·거래 / 금융기관·은행,1.0,1.0,1.0,0,,0,
KO-FIN-02061,시장주문이 무엇을 의미하나요?,စျေးကွက် မေးခွန်း ဆိုတာ ဘာကိုဆိုလိုတာလဲ။,시장주문,시장주문,True,금융시장·거래,,1.0,1.0,1.0,0,,20,시장주문
KO-FIN-02065,시장타이밍수입이 무엇을 의미하나요?,စျေးကွက် အချိန်သွင်းခြင်း ဆိုတာ ဘာကိုဆိုလိုတာလဲ။,시장타이밍수입,시장타이밍수입,True,금융시장·거래,,1.0,1.0,1.0,0,,0,
KO-FIN-02071,시장포트폴리오와 관련된 투자 정보를 확인하고 싶습니다.,စျေးကွက် ပိုင်ဆိုင်မှု နဲ့ ပတ်သက်တဲ့ ရင်းနှီးမြှုပ်နှံမှု အချက်အလက်တွေကို စစ်ဆေးချင်ပါတယ်။,시장포트폴리오,시장포트폴리오,True,자산운용·투자,금융시장·거래,1.0,1.0,1.0,0,,20,시장포트폴리오
KO-FIN-02075,시차유동성위험을 줄이려면 어떤 점을 확인해야 하나요?,အချိန်ကိုက် ရွေ့ရှားမှု အန္တရာယ်ပါ။ ကို လျှော့ချဖို့ ဘယ်အချက်ကို စစ်ဆေးဖို့လိုလဲ။,시차유동성위험,시차유동성위험,True,신용·리스크,증권·예탁 / 지급결제·청산,1.0,1.0,1.0,0,,40,시차유동성위험
KO-FIN-02076,시차유동성위험은 거래 조건이나 이용 가능 여부에 영향을 줄 수 있습니다.,အချိန်ကိုက် ရွေ့ရှားမှု အန္တရာယ်ပါ။ ဟာ ကုန်သွယ်မှု အခြေအနေတွေ (သို့) သုံးစွဲမှုအပေါ် သက်ရောက်မှုရှိနိုင်ပါတယ်။,시차유동성위험,시차유동성위험,True,신용·리스크,증권·예탁 / 지급결제·청산,1.0,1.0,1.0,0,,40,시차유동성위험
KO-FIN-02077,신규상장이 무엇을 의미하나요?,စျေးကွက်သစ်ပါ။ ဆိုတာ ဘာကိုဆိုလိုတာလဲ။,신규상장,신규상장,True,금융시장·거래,,1.0,1.0,1.0,0,,40,신규상장
KO-FIN-02082,신디케이트 처리 절차를 확인하고 싶습니다.,Syndicate ပါ။ ကို စစ်ဆေးချင်ပါတယ်။,신디케이트,신디케이트,True,증권·예탁,,1.0,1.0,1.0,0,,20,신디케이트
KO-FIN-02086,신용거래와 관련된 시장 정보를 확인하고 싶습니다.,ငွေပေးချေမှု နဲ့ ပတ်သက်တဲ့ စျေးကွက် အချက်အလက်တွေကို စစ်ဆေးချင်ပါတယ်။,신용거래,신용거래,True,금융시장·거래,대출 / 증권·예탁 / 신용·리스크 / 주식,1.0,1.0,1.0,0,,40,신용거래
KO-FIN-02092,신용위험은 거래 조건이나 이용 가능 여부에 영향을 줄 수 있습니다.,ခရက်ဒစ် အန္တရာယ် ဟာ ကုန်သွယ်မှု အခြေအနေတွေ (သို့) သုံးစွဲမှုအပေါ် သက်ရောက်မှုရှိနိုင်ပါတယ်။,신용위험,신용위험,True,신용·리스크,,1.0,1.0,1.0,0,,0,
KO-FIN-02095,신용평가기관을 줄이려면 어떤 점을 확인해야 하나요?,ခရက်ဒစ် အဆင့်သတ်မှတ်ရေးဌာန ကို လျှော့ချဖို့ ဘယ်အချက်ကို စစ်ဆေးဖို့လိုလဲ။,신용평가기관,신용평가기관,True,신용·리스크,,1.0,1.0,1.0,0,,0,
KO-FIN-02096,신용평가기관은 거래 조건이나 이용 가능 여부에 영향을 줄 수 있습니다.,ခရက်ဒစ် အဆင့်သတ်မှတ်ရေးဌာန ဟာ ကုန်သွယ်မှု အခြေအနေတွေ (သို့) သုံးစွဲမှုအပေါ် သက်ရောက်မှုရှိနိုင်ပါတယ်။,신용평가기관,신용평가기관,True,신용·리스크,,1.0,1.0,1.0,0,,0,
KO-FIN-02097,신주인수권이 무엇인지 설명해 주세요.,ပိုင်ရှင်သစ် အခွင့်အရေး ဆိုတာ ဘာလဲဆိုတာ ရှင်းပြပေးပါဦး။,신주인수권,신주인수권,True,주식,기업금융·자본조달,1.0,1.0,1.0,0,,40,신주인수권
KO-FIN-02102,신주인수권부사채의 조건과 수익 구조를 확인하고 싶습니다.,ပိုင်ရှင်သစ်ပိုင်ဆိုင်မှု ချေးငွေ ရဲ့ အခြေအနေနဲ့ ဝင်ငွေ တည်ဆောက်ပုံကို စစ်ဆေးချင်ပါတယ်။,신주인수권부사채,신주인수권부사채,True,채권,주식 / 기업금융·자본조달,1.0,1.0,1.0,0,,40,신주인수권부사채
KO-FIN-02105,신주인수권증권이 무엇인지 설명해 주세요.,အိမ်ရှင်လိုင်စင် လက်မှတ် ဆိုတာ ဘာလဲဆိုတာ ရှင်းပြပေးပါဦး။,신주인수권증권,신주인수권증권,True,증권·예탁,주식 / 기업금융·자본조달,1.0,1.0,1.0,0,,20,신주인수권증권
KO-FIN-02111,신주인수권증서와 관련해 투자 전에 확인해야 할 사항이 있나요?,အိမ်ရှင်လိုင်စင် လက်မှတ်။ နဲ့ ပတ်သက်ပြီး ရင်းနှီးမြှုပ်နှံမှု မလုပ်ခင် စစ်ဆေးသင့်တဲ့ အချက်တွေရှိလား။,신주인수권증서,신주인수권증서,True,주식,증권·예탁 / 기업금융·자본조달,1.0,1.0,1.0,0,,20,신주인수권증서
KO-FIN-02118,신탁계정의 운용 방식과 수수료를 확인하고 싶습니다.,ယုံကြည်မှု သဘောတူညီချက်။ ကို အသုံးပြုပုံနဲ့ အခကြေးငွေကို စစ်ဆေးချင်ပါတယ်။,신탁계정,신탁계정,True,펀드·신탁,증권·예탁,1.0,1.0,1.0,0,,20,신탁계정
KO-FIN-02122,신탁법의 운용 방식과 수수료를 확인하고 싶습니다.,ယုံကြည်မှု ဥပဒေ။ ကို အသုံးပြုပုံနဲ့ အခကြေးငွေကို စစ်ဆေးချင်ပါတယ်။,신탁법,신탁법,True,펀드·신탁,,1.0,1.0,1.0,0,,20,신탁법
KO-FIN-02126,신탁보수의 운용 방식과 수수료를 확인하고 싶습니다.,ကိုယ်စားလှယ်။ ကို အသုံးပြုပုံနဲ့ အခကြေးငွေကို စစ်ဆေးချင်ပါတယ်။,신탁보수,신탁보수,True,펀드·신탁,,1.0,1.0,1.0,0,,40,신탁보수
KO-FIN-02130,신탁자의 운용 방식과 수수료를 확인하고 싶습니다.,ကိုယ်စားလှယ်။ ကို အသုံးပြုပုံနဲ့ အခကြေးငွေကို စစ်ဆေးချင်ပါတယ်။,신탁자,신탁자,True,펀드·신탁,,1.0,1.0,1.0,0,,40,신탁자
KO-FIN-02134,신탁재산의 운용 방식과 수수료를 확인하고 싶습니다.,ယုံကြည်မှု ပိုင်ဆိုင်မှု။ ကို အသုံးပြုပုံနဲ့ အခကြေးငွေကို စစ်ဆေးချင်ပါတယ်။,신탁재산,신탁재산,True,펀드·신탁,,1.0,1.0,1.0,0,,40,신탁재산
KO-FIN-02138,신탁재산표시 말소 처리 절차를 확인하고 싶습니다.,ယုံကြည်မှုအမှတ်တံဆိပ် မဟုတ်ဘူး။ ကို စစ်ဆေးချင်ပါတယ်။,신탁재산표시 말소,신탁재산표시 말소,True,증권·예탁,펀드·신탁 / 금융법규·감독,1.0,1.0,1.0,0,,40,신탁재산표시 말소
KO-FIN-02147,실권주와 관련해 투자 전에 확인해야 할 사항이 있나요?,အာဏာရှင်။ နဲ့ ပတ်သက်ပြီး ရင်းနှီးမြှုပ်နှံမှု မလုပ်ခင် သေချာဖို့ အချက်တွေရှိလား။,실권주,실권주,True,주식,,1.0,1.0,1.0,0,,40,실권주
KO-FIN-02150,실기주 처리 절차를 확인하고 싶습니다.,လေ့ကျင့်ခန်း ကို စစ်ဆေးချင်ပါတယ်။,실기주,실기주,True,증권·예탁,주식 / 법률·계약,1.0,1.0,1.0,0,,40,실기주
KO-FIN-02153,실기주과실이 무엇인지 설명해 주세요.,လက်တွေ့ဆေးခန်း။ ဆိုတာ ဘာလဲဆိုတာ ရှင်းပြပေးပါဦး။,실기주과실,실기주과실,True,증권·예탁,주식,1.0,1.0,1.0,0,,20,실기주과실
KO-FIN-02158,실물거래와 관련된 시장 정보를 확인하고 싶습니다.,တကယ့် ကုန်သွယ်မှုပါ။ နဲ့ ပတ်သက်တဲ့ စျေးကွက် အချက်အလက်တွေကို စစ်ဆေးချင်ပါတယ်။,실물거래,실물거래,True,금융시장·거래,,1.0,1.0,1.0,0,,40,실물거래
KO-FIN-02163,실물결제 과정에서 문제가 발생한 것 같습니다.,လက်တွေ့ ဖြေရှင်းနည်း လုပ်နေတုန်းမှာ ပြဿနာတစ်ခု ဖြစ်နေပုံရတယ်။,실물결제,실물결제,True,지급결제·청산,금융시장·거래 / 증권·예탁,1.0,1.0,1.0,0,,20,실물결제
KO-FIN-02169,실적배당신탁이 무엇인지 설명해 주세요.,တကယ်က သင့်စားပွဲပါ။ ဆိုတာ ဘာလဲဆိုတာ ရှင်းပြပေးပါဦး။,실적배당신탁,실적배당신탁,True,주식,펀드·신탁 / 세금,1.0,1.0,1.0,0,,40,실적배당신탁
KO-FIN-02175,실질이자율과 관련된 내용을 확인하고 싶습니다.,လက်တွေ့နဲ့ အချိုးအစား နဲ့ ပတ်သက်တဲ့ အကြောင်းအရာတွေကို စစ်ဆေးချင်ပါတယ်။,실질이자율,실질이자율,True,기타 금융일반,,1.0,1.0,1.0,0,,40,실질이자율
KO-FIN-02176,실질이자율의 정확한 의미는 해당 금융거래의 맥락과 함께 확인해야 합니다.,လက်တွေ့နဲ့ အချိုးအစား ရဲ့ တိကျတဲ့ အဓိပ္ပါယ်ကို ငွေကြေး ကုန်သွယ်မှု အခြေအနေနဲ့အတူ စစ်ဆေးဖို့လိုပါတယ်။,실질이자율,실질이자율,True,기타 금융일반,,1.0,1.0,1.0,0,,40,실질이자율
KO-FIN-02179,실질주주 권리배정 명세표와 관련해 투자 전에 확인해야 할 사항이 있나요?,ပိုင်ရှင်ပိုင်ဆိုင်မှု စာရင်း နဲ့ ပတ်သက်ပြီး ရင်းနှီးမြှုပ်နှံမှု မလုပ်ခင် သေချာဖို့ အချက်တွေရှိလား။,실질주주 권리배정 명세표,실질주주 권리배정 명세표,True,주식,증권·예탁,1.0,1.0,1.0,0,,40,실질주주 권리배정 명세표
KO-FIN-02182,실질주주와 관련된 정보를 확인하고 싶습니다.,လက်တွေ့ ရှယ်ယာရှင် နဲ့ ပတ်သက်တဲ့ အချက်အလက်တွေကို စစ်ဆေးချင်ပါတယ်။,실질주주,실질주주,True,주식,증권·예탁,1.0,1.0,1.0,0,,0,
KO-FIN-02186,실질주주증명서제도와 관련된 정보를 확인하고 싶습니다.,တကယ့် ရှယ်ယာရှင် လက်မှတ်စနစ်ပါ။ နဲ့ ပတ်သက်တဲ့ အချက်အလက်တွေကို စစ်ဆေးချင်ပါတယ်။,실질주주증명서제도,실질주주증명서제도,True,주식,증권·예탁,1.0,1.0,1.0,0,,40,실질주주증명서제도
KO-FIN-02191,실현수익률과 관련된 투자 정보를 확인하고 싶습니다.,အကျိုးအမြတ်ရရှိမှုနှုန်း နဲ့ ပတ်သက်တဲ့ ရင်းနှီးမြှုပ်နှံမှု အချက်အလက်တွေကို စစ်ဆေးချင်ပါတယ်။,실현수익률,실현수익률,True,자산운용·투자,,1.0,1.0,1.0,0,,0,
KO-FIN-02196,실효이자율은 심사 결과에 따라 이용 가능 여부가 달라질 수 있습니다.,ထိရောက်မှုနှုန်းနဲ့ ဟာ သုံးစွဲမှုအပေါ် မူတည်ပြီး ပြောင်းလဲနိုင်ပါတယ်။,실효이자율,실효이자율,True,대출,,1.0,1.0,1.0,0,,20,실효이자율
KO-FIN-02203,써클결제 과정에서 문제가 발생한 것 같습니다.,စက်ဝန်း ဖြေရှင်းရေး လုပ်နေတုန်းမှာ ပြဿနာတစ်ခု ဖြစ်နေပုံရတယ်။,써클결제,써클결제,True,지급결제·청산,,1.0,1.0,1.0,0,,40,써클결제
KO-FIN-02206,아리랑본드의 조건과 수익 구조를 확인하고 싶습니다.,အာရီလန်းဘွန်ဒ်။ ရဲ့ အခြေအနေနဲ့ ဝင်ငွေ တည်ဆောက်ပုံကို စစ်ဆေးချင်ပါတယ်။,아리랑본드,아리랑본드,True,채권,,1.0,1.0,1.0,0,,20,아리랑본드
KO-FIN-02210,아시아·태평양 중앙예탁기관협의회 처리 절차를 확인하고 싶습니다.,အာရှ-ပစိဖိတ် ဗဟိုစီမံခန့်ခွဲရေးကောင်စီ ကို စစ်ဆေးချင်ပါတယ်။,아시아·태평양 중앙예탁기관협의회,아시아·태평양 중앙예탁기관협의회,True,증권·예탁,,1.0,1.0,1.0,0,,0,
KO-FIN-02214,아시안달러본드와 관련된 시장 정보를 확인하고 싶습니다.,အာရှဒေါ်လာဘဏ် နဲ့ ပတ်သက်တဲ့ စျေးကွက် အချက်အလက်တွေကို စစ်ဆေးချင်ပါတယ်။,아시안달러본드,아시안달러본드,True,금융시장·거래,,1.0,1.0,1.0,0,,0,
KO-FIN-02219,액면가와 관련해 투자 전에 확인해야 할 사항이 있나요?,အရည်မျက်နှာပြင် နဲ့ ပတ်သက်ပြီး ရင်းနှီးမြှုပ်နှံမှု မလုပ်ခင် သေချာဖို့ အချက်တွေရှိလား။,액면가,액면가,True,주식,,1.0,1.0,1.0,0,,20,액면가
KO-FIN-02222,액면발행을 이용하려면 어떤 조건이 필요한가요?,ရေစီးဆင်းမှု ကို အသုံးပြုဖို့ ဘယ်လို အခြေအနေတွေ လိုအပ်ပါသလဲ။,액면발행,액면발행,True,기업금융·자본조달,,1.0,1.0,1.0,0,,40,액면발행
KO-FIN-02223,액면발행과 관련된 비용과 절차를 확인하고 싶습니다.,ရေစီးဆင်းမှု နဲ့ ပတ်သက်တဲ့ ကုန်ကျစရိတ်နဲ့ လုပ်ထုံးလုပ်နည်းတွေကို စစ်ဆေးချင်ပါတယ်။,액면발행,액면발행,True,기업금융·자본조달,,1.0,1.0,1.0,0,,40,액면발행
KO-FIN-02225,액면분할이 무엇인지 설명해 주세요.,အရည်ကို ခွဲလိုက်ပါ ဆိုတာ ဘာလဲဆိုတာ ရှင်းပြပေးပါဦး။,액면분할,액면분할,True,주식,,1.0,1.0,1.0,0,,40,액면분할
KO-FIN-02230,양도담보의 조건과 수익 구조를 확인하고 싶습니다.,လက်လျှော့ဖို့ ပြောတယ်။ ရဲ့ အခြေအနေနဲ့ ဝင်ငွေ တည်ဆောက်ပုံကို စစ်ဆေးချင်ပါတယ်။,양도담보,양도담보,True,채권,,1.0,1.0,1.0,0,,40,양도담보
KO-FIN-02234,양도성예금증서에 적용되는 금리는 어떻게 되나요?,ငွေပေးချေမှု လက်မှတ် အတွက် အသုံးဝင်တဲ့ အတိုးနှုန်းက ဘာလဲ။,양도성예금증서,양도성예금증서,True,예금상품,증권·예탁,1.0,1.0,1.0,0,,20,양도성예금증서
KO-FIN-02237,양키달러시장이 무엇을 의미하나요?,Yankee ဒေါ်လာ စျေးကွက်။ ဆိုတာ ဘာကိုဆိုလိုတာလဲ။,양키달러시장,양키달러시장,True,금융시장·거래,,1.0,1.0,1.0,0,,0,
KO-FIN-02243,양키본드와 관련된 투자 정보를 확인하고 싶습니다.,ဂျန်ကီဘွန် နဲ့ ပတ်သက်တဲ့ ရင်းနှီးမြှုပ်နှံမှု အချက်အလက်တွေကို စစ်ဆေးချင်ပါတယ်။,양키본드,양키본드,True,자산운용·투자,,1.0,1.0,1.0,0,,0,
KO-FIN-02247,어카운트 결제 과정에서 문제가 발생한 것 같습니다.,ငွေပေးချေမှု လုပ်နေတုန်းမှာ ပြဿနာတစ်ခု ဖြစ်နေပုံရတယ်။,어카운트 결제,어카운트 결제,True,지급결제·청산,,1.0,1.0,1.0,0,,30,어카운트 결제
KO-FIN-02250,언더라이터 처리 절차를 확인하고 싶습니다.,အူဒါရိုက်တာ။ ကို စစ်ဆေးချင်ပါတယ်။,언더라이터,언더라이터,True,증권·예탁,,1.0,1.0,1.0,0,,40,언더라이터
KO-FIN-02258,역레포와 관련된 시장 정보를 확인하고 싶습니다.,အပြန်အလှန် ထိန်းချုပ်မှု။ နဲ့ ပတ်သက်တဲ့ စျေးကွက် အချက်အလက်တွေကို စစ်ဆေးချင်ပါတယ်။,역레포,역레포,True,금융시장·거래,,1.0,1.0,1.0,0,,40,역레포
KO-FIN-02262,역분식결산을 통해 어떤 정보를 확인할 수 있나요?,ဆန့်ကျင်ဘက် အချိုးအစား ကနေ ဘယ်သတင်းအချက်အလက်တွေကို ရှာတွေ့နိုင်လဲ။,역분식결산,역분식결산,True,회계·재무,,1.0,1.0,1.0,0,,40,역분식결산
KO-FIN-02264,역분식결산은 기준 시점과 작성 기준을 함께 확인해야 합니다.,ဆန့်ကျင်ဘက် အချိုးအစား ကို မှတ်တမ်းတင်ချိန်နဲ့ မှတ်တမ်းတင်ချိန်နဲ့အတူ စစ်ဆေးဖို့လိုပါတယ်။,역분식결산,역분식결산,True,회계·재무,,1.0,1.0,1.0,0,,40,역분식결산
KO-FIN-02266,역외금융과 관련된 거래 조건을 확인하고 싶습니다.,ငွေလဲလှယ်ငွေလဲလှယ် နဲ့ ပတ်သက်တဲ့ ကုန်သွယ်မှု စည်းမျဉ်းတွေကို စစ်ဆေးချင်ပါတယ်။,역외금융,역외금융,True,국제금융,,1.0,1.0,1.0,0,,40,역외금융
KO-FIN-02268,역외금융과 관련된 거래에서는 국가별 규정과 통화를 함께 확인해야 합니다.,ငွေလဲလှယ်ငွေလဲလှယ် နှင့် ပတ်သက်သော ငွေလဲလှယ်မှုများတွင် နိုင်ငံအလိုက် စည်းမျဉ်းများနှင့် ငွေကြေးကို အတူတကွ စစ်ဆေးရန် လိုအပ်ပါသည်။,역외금융,역외금융,True,국제금융,,1.0,1.0,1.0,0,,40,역외금융
KO-FIN-02269,역외시장이 무엇을 의미하나요?,ဆန့်ကျင်ဘက် စျေးကွက် ဆိုတာ ဘာကိုဆိုလိုတာလဲ။,역외시장,역외시장,True,금융시장·거래,국제금융,1.0,1.0,1.0,0,,20,역외시장
KO-FIN-02274,역외자금과 관련된 거래 조건을 확인하고 싶습니다.,ငွေကြေးအလွန်အကျွံ နဲ့ ပတ်သက်တဲ့ ကုန်သွယ်မှု စည်းမျဉ်းတွေကို စစ်ဆေးချင်ပါတယ်။,역외자금,역외자금,True,국제금융,,1.0,1.0,1.0,0,,40,역외자금
KO-FIN-02276,역외자금과 관련된 거래에서는 국가별 규정과 통화를 함께 확인해야 합니다.,ငွေကြေးအလွန်အကျွံ နှင့် ပတ်သက်သော ငွေလဲလှယ်မှုများတွင် နိုင်ငံအလိုက် စည်းမျဉ်းများနှင့် ငွေကြေးကို အတူတကွ စစ်ဆေးရန် လိုအပ်ပါသည်။,역외자금,역외자금,True,국제금융,,1.0,1.0,1.0,0,,40,역외자금
KO-FIN-02279,역외펀드에 가입하기 전에 어떤 점을 확인해야 하나요?,ဆန့်ကျင်ဘက် ရံပုံငွေ။ ကို မဝင်ခင် ဘယ်အချက်တွေကို စစ်ဆေးသင့်လဲ။,역외펀드,역외펀드,True,펀드·신탁,국제금융 / 자산운용·투자 / 세금,1.0,1.0,1.0,0,,40,역외펀드
KO-FIN-02283,연기금과 관련된 투자 정보를 확인하고 싶습니다.,နောက်ဆုတ်ငွေ နဲ့ ပတ်သက်တဲ့ ရင်းနှီးမြှုပ်နှံမှု အချက်အလက်တွေကို စစ်ဆေးချင်ပါတယ်။,연기금,연기금,True,자산운용·투자,,1.0,1.0,1.0,0,,20,연기금
KO-FIN-02288,연방준비은행과 관련된 세부 업무는 해당 기관의 안내를 확인해 주세요.,Fed ဘဏ်ပါ။ နှင့် ပတ်သက်သော အသေးစိတ်လုပ်ငန်းများအတွက် သက်ဆိုင်ရာ အဖွဲ့အစည်း၏ လမ်းညွှန်ချက်များကို ကြည့်ပါ။,연방준비은행,연방준비은행,True,금융기관·은행,,1.0,1.0,1.0,0,,20,연방준비은행
KO-FIN-02290,연방준비제도에서 이용할 수 있는 금융업무는 무엇인가요?,ဖက်ဒရယ် ငွေကြေးထောက်ပံ့ရေးစနစ် မှာ သုံးနိုင်တဲ့ ဘဏ္ဍာရေးလုပ်ငန်းတွေက ဘာတွေလဲ။,연방준비제도,연방준비제도,True,금융기관·은행,,1.0,1.0,1.0,0,,40,연방준비제도
KO-FIN-02295,연속결제 과정에서 문제가 발생한 것 같습니다.,ဆက်တိုက် ဖြေရှင်းခြင်း။ လုပ်နေတုန်းမှာ ပြဿနာတစ်ခု ဖြစ်နေပုံရတယ်။,연속결제,연속결제,True,지급결제·청산,금융시장·거래,1.0,1.0,1.0,0,,20,연속결제
KO-FIN-02299,연속차감결제 과정에서 문제가 발생한 것 같습니다.,အဆက်မပြတ် ဆုံးဖြတ်ချက်ချခြင်း လုပ်နေတုန်းမှာ ပြဿနာတစ်ခု ဖြစ်နေပုံရတယ်။,연속차감결제,연속차감결제,True,지급결제·청산,,1.0,1.0,1.0,0,,40,연속차감결제
KO-FIN-02302,연쇄거래와 관련된 시장 정보를 확인하고 싶습니다.,ဆက်စပ်ရောင်းချမှု။ နဲ့ ပတ်သက်တဲ့ စျေးကွက် အချက်အလက်တွေကို စစ်ဆေးချင်ပါတယ်။,연쇄거래,연쇄거래,True,금융시장·거래,,1.0,1.0,1.0,0,,40,연쇄거래
KO-FIN-02306,영구사채의 조건과 수익 구조를 확인하고 싶습니다.,အမြဲတမ်း ချေးငွေပါ။ ရဲ့ အခြေအနေနဲ့ ဝင်ငွေ တည်ဆောက်ပုံကို စစ်ဆေးချင်ပါတယ်။,영구사채,영구사채,True,채권,자산운용·투자,1.0,1.0,1.0,0,,40,영구사채
KO-FIN-02309,영시조항이 무엇을 의미하나요?,အင်္ဂလိပ် ဥပဒေ။ ဆိုတာ ဘာကိုဆိုလိုတာလဲ။,영시조항,영시조항,True,금융시장·거래,,1.0,1.0,1.0,0,,40,영시조항
KO-FIN-02314,예납조치와 관련된 시장 정보를 확인하고 싶습니다.,ငွေပေးချေမှု နဲ့ ပတ်သက်တဲ့ စျေးကွက် အချက်အလက်တွေကို စစ်ဆေးချင်ပါတယ်။,예납조치,예납조치,True,금융시장·거래,,1.0,1.0,1.0,0,,40,예납조치
KO-FIN-02317,예비증권이 무엇인지 설명해 주세요.,အာမခံစာရင်း ဆိုတာ ဘာလဲဆိုတာ ရှင်းပြပေးပါဦး။,예비증권,예비증권,True,증권·예탁,채권,1.0,1.0,1.0,0,,40,예비증권
KO-FIN-02326,예탁계좌 처리 절차를 확인하고 싶습니다.,ငွေပေးချေမှု ကို စစ်ဆေးချင်ပါတယ်။,예탁계좌,예탁계좌,True,증권·예탁,계좌,1.0,1.0,1.0,0,,40,예탁계좌
KO-FIN-02329,예탁대상유가증권이 무엇인지 설명해 주세요.,လက်ဝယ်လက်မှတ်။ ဆိုတာ ဘာလဲဆိုတာ ရှင်းပြပေးပါဦး။,예탁대상유가증권,예탁대상유가증권,True,증권·예탁,,1.0,1.0,1.0,0,,20,예탁대상유가증권
KO-FIN-02334,예탁자 처리 절차를 확인하고 싶습니다.,စောင့်ရှောက်သူ။ ကို စစ်ဆေးချင်ပါတယ်။,예탁자,예탁자,True,증권·예탁,,1.0,1.0,1.0,0,,40,예탁자
KO-FIN-02338,예탁자계좌부 처리 절차를 확인하고 싶습니다.,စာရင်းကိုင်ဌာန။ ကို စစ်ဆေးချင်ပါတယ်။,예탁자계좌부,예탁자계좌부,True,증권·예탁,,1.0,1.0,1.0,0,,20,예탁자계좌부
KO-FIN-02341,예탁자기금이 무엇인지 설명해 주세요.,အပ်နှံငွေပါ။ ဆိုတာ ဘာလဲဆိုတာ ရှင်းပြပေးပါဦး။,예탁자기금,예탁자기금,True,증권·예탁,,1.0,1.0,1.0,0,,20,예탁자기금
KO-FIN-02346,예탁증명서제도 처리 절차를 확인하고 싶습니다.,အပ်နှံစာရွက်စာတမ်းစနစ်ပါ။ ကို စစ်ဆေးချင်ပါတယ်။,예탁증명서제도,예탁증명서제도,True,증권·예탁,,1.0,1.0,1.0,0,,40,예탁증명서제도
KO-FIN-02350,예탁증서 처리 절차를 확인하고 싶습니다.,လက်မှတ်။ ကို စစ်ဆေးချင်ပါတယ်။,예탁증서,예탁증서,True,증권·예탁,,1.0,1.0,1.0,0,,40,예탁증서
KO-FIN-02355,옐로우칩과 관련된 투자 정보를 확인하고 싶습니다.,ခရမ်းချဉ်သီး နဲ့ ပတ်သက်တဲ့ ရင်းနှီးမြှုပ်နှံမှု အချက်အလက်တွေကို စစ်ဆေးချင်ပါတယ်။,옐로우칩,옐로우칩,True,자산운용·투자,,1.0,1.0,1.0,0,,40,옐로우칩
KO-FIN-02357,오버나이트 repo이 무엇을 의미하나요?,ညတွင်းချင်း ပြန်ပို့ခြင်း။ ဆိုတာ ဘာကိုဆိုလိုတာလဲ။,오버나이트 repo,오버나이트 repo,True,금융시장·거래,,1.0,1.0,1.0,0,,40,오버나이트 repo
KO-FIN-02362,온라인 리얼타임 시스템은 어디에서 확인할 수 있나요?,အွန်လိုင်း အချိန်နဲ့တပြေးညီ စနစ်ပါ။ ကို ဘယ်မှာတွေ့လဲ။,온라인 리얼타임 시스템,온라인 리얼타임 시스템,True,계좌,,1.0,1.0,1.0,0,,0,
KO-FIN-02363,온라인 리얼타임 시스템이 정상적으로 표시되지 않습니다.,အွန်လိုင်း အချိန်နဲ့တပြေးညီ စနစ်ပါ။ ကို ပုံမှန် မပြနိုင်ပါ။,온라인 리얼타임 시스템,온라인 리얼타임 시스템,True,계좌,,1.0,1.0,1.0,0,,0,
KO-FIN-02366,온라인 증권거래와 관련된 시장 정보를 확인하고 싶습니다.,အွန်လိုင်း စတော့စျေးကွက် နဲ့ ပတ်သက်တဲ့ စျေးကွက် အချက်အလက်တွေကို စစ်ဆေးချင်ပါတယ်။,온라인 증권거래,온라인 증권거래,True,금융시장·거래,증권·예탁,1.0,1.0,1.0,0,,0,
KO-FIN-02371,온라인 투자은행과 관련된 투자 정보를 확인하고 싶습니다.,အွန်လိုင်း ရင်းနှီးမြှုပ်နှံမှု ဘဏ် နဲ့ ပတ်သက်တဲ့ ရင်းနှီးမြှုပ်နှံမှု အချက်အလက်တွေကို စစ်ဆေးချင်ပါတယ်။,온라인 투자은행,온라인 투자은행,True,자산운용·투자,금융기관·은행,1.0,1.0,1.0,0,,0,
KO-FIN-02377,옵션가격결정모형이 무엇인지 쉽게 설명해 주세요.,ရွေးချယ်မှု ဈေးနှုန်း ဆုံးဖြတ်မှု ပုံစံ ဆိုတာ ဘာလဲဆိုတာ ရှင်းပြပေးပါ။,옵션가격결정모형,옵션가격결정모형,True,파생상품,금융공학·분석 / 금융시장·거래 / 주식,1.0,1.0,1.0,0,,0,
KO-FIN-02382,옵션거래와 관련된 시장 정보를 확인하고 싶습니다.,ရွေးချယ်မှု စျေးကွက် နဲ့ ပတ်သက်တဲ့ စျေးကွက် အချက်အလက်တွေကို စစ်ဆေးချင်ပါတယ်။,옵션거래,옵션거래,True,금융시장·거래,파생상품,1.0,1.0,1.0,0,,40,옵션거래
KO-FIN-02386,옵션부사채의 조건과 수익 구조를 확인하고 싶습니다.,ရွေးချယ်မှု ချေးငွေ ရဲ့ အခြေအနေနဲ့ ဝင်ငွေ တည်ဆောက်ပုံကို စစ်ဆေးချင်ပါတယ်။,옵션부사채,옵션부사채,True,채권,파생상품,1.0,1.0,1.0,0,,40,옵션부사채
KO-FIN-02389,외국보관기관이 무엇인지 설명해 주세요.,နိုင်ငံခြား လုံခြုံရေးဌာန ဆိုတာ ဘာလဲဆိုတာ ရှင်းပြပေးပါဦး။,외국보관기관,외국보관기관,True,증권·예탁,,1.0,1.0,1.0,0,,20,외국보관기관
KO-FIN-02394,외국시장거래와 관련된 시장 정보를 확인하고 싶습니다.,နိုင်ငံခြားစျေးကွက် ရောင်းဝယ်မှု နဲ့ ပတ်သက်တဲ့ စျေးကွက် အချက်အလက်တွေကို စစ်ဆေးချင်ပါတယ်။,외국시장거래,외국시장거래,True,금융시장·거래,,1.0,1.0,1.0,0,,0,
KO-FIN-02399,외국인 투자등록번호와 관련된 투자 정보를 확인하고 싶습니다.,နိုင်ငံခြားရင်းနှီးမြှုပ်နှံမှု မှတ်ပုံတင် နံပါတ်ပါ။ နဲ့ ပတ်သက်တဲ့ ရင်းနှီးမြှုပ်နှံမှု အချက်အလက်တွေကို စစ်ဆေးချင်ပါတယ်။,외국인 투자등록번호,외국인 투자등록번호,True,자산운용·투자,,1.0,1.0,1.0,0,,0,
KO-FIN-02402,외국채의 조건과 수익 구조를 확인하고 싶습니다.,နိုင်ငံခြား ငွေကြေး ရဲ့ အခြေအနေနဲ့ ဝင်ငွေ တည်ဆောက်ပုံကို စစ်ဆေးချင်ပါတယ်။,외국채,외국채,True,채권,자산운용·투자,1.0,1.0,1.0,0,,40,외국채
KO-FIN-02405,외국환거래법에 대해 자세히 알려주세요.,နိုင်ငံခြားငွေလဲလှယ် ဥပဒေ အကြောင်း အသေးစိတ်ပြောပြပါ။,외국환거래법,외국환거래법,True,해외송금·외환,금융시장·거래,1.0,1.0,1.0,0,,0,
KO-FIN-02406,외국환거래법을 확인하고 싶습니다.,နိုင်ငံခြားငွေလဲလှယ် ဥပဒေ ကို စစ်ဆေးချင်ပါတယ်။,외국환거래법,외국환거래법,True,해외송금·외환,금융시장·거래,1.0,1.0,1.0,0,,0,
KO-FIN-02412,외부금융은 심사 결과에 따라 이용 가능 여부가 달라질 수 있습니다.,ပြင်ပ ရံပုံငွေ က သုံးစွဲမှုအပေါ် မူတည်ပြီး ပြောင်းလဲနိုင်ပါတယ်။,외부금융,외부금융,True,대출,,1.0,1.0,1.0,0,,0,
KO-FIN-02415,외수펀드에 가입하기 전에 어떤 점을 확인해야 하나요?,အပြင်ပ ရံပုံငွေ။ ကို မဝင်ခင် ဘယ်အချက်တွေကို စစ်ဆေးသင့်လဲ။,외수펀드,외수펀드,True,펀드·신탁,,1.0,1.0,1.0,0,,40,외수펀드
KO-FIN-02418,외평채의 조건과 수익 구조를 확인하고 싶습니다.,ပွင့်လင်းမြင်သာတယ်။ ရဲ့ အခြေအနေနဲ့ ဝင်ငွေ တည်ဆောက်ပုံကို စစ်ဆေးချင်ပါတယ်။,외평채,외평채,True,채권,,1.0,1.0,1.0,0,,40,외평채
KO-FIN-02421,외화증권이 무엇인지 설명해 주세요.,ငွေကြေးလက်မှတ်တွေ ဆိုတာ ဘာလဲဆိုတာ ရှင်းပြပေးပါဦး။,외화증권,외화증권,True,증권·예탁,해외송금·외환 / 금융시장·거래,1.0,1.0,1.0,0,,40,외화증권
KO-FIN-02426,외화차입 담보관리제 처리 절차를 확인하고 싶습니다.,နိုင်ငံခြားငွေလဲလှယ်မှု ထိန်းချုပ်ရေးစနစ်။ ကို စစ်ဆေးချင်ပါတယ်။,외화차입 담보관리제,외화차입 담보관리제,True,증권·예탁,해외송금·외환 / 대출,1.0,1.0,1.0,0,,40,외화차입 담보관리제
KO-FIN-02429,외환시장이 무엇을 의미하나요?,ငွေလဲလှယ်စျေးကွက် ဆိုတာ ဘာကိုဆိုလိုတာလဲ။,외환시장,외환시장,True,금융시장·거래,해외송금·외환,1.0,1.0,1.0,0,,0,
KO-FIN-02435,우량주와 관련해 투자 전에 확인해야 할 사항이 있나요?,ကျေးဇူးတင်ပါတယ်။ နဲ့ ပတ်သက်ပြီး ရင်းနှီးမြှုပ်နှံမှု မလုပ်ခင် စစ်ဆေးသင့်တဲ့ အချက်တွေရှိလား။,우량주,우량주,True,주식,,1.0,1.0,1.0,0,,40,우량주
KO-FIN-02437,우리사주조합이 무엇인지 설명해 주세요.,ကျွန်တော်တို့ရဲ့ အစုရှယ်ယာရှင် အဖွဲ့အစည်းပါ။ ဆိုတာ ဘာလဲဆိုတာ ရှင်းပြပေးပါဦး။,우리사주조합,우리사주조합,True,주식,,1.0,1.0,1.0,0,,20,우리사주조합
KO-FIN-02454,워크아웃에서 이용할 수 있는 금융업무는 무엇인가요?,လေ့ကျင့်ခန်း။ မှာ သုံးနိုင်တဲ့ ဘဏ္ဍာရေးလုပ်ငန်းတွေက ဘာတွေလဲ။,워크아웃,워크아웃,True,금융기관·은행,,1.0,1.0,1.0,0,,40,워크아웃
KO-FIN-02460,원본위험은 거래 조건이나 이용 가능 여부에 영향을 줄 수 있습니다.,မူလ အန္တရာယ်ပါ။ ဟာ ကုန်သွယ်မှု အခြေအနေတွေ (သို့) သုံးစွဲမှုအပေါ် သက်ရောက်မှုရှိနိုင်ပါတယ်။,원본위험,원본위험,True,신용·리스크,금융시장·거래 / 지급결제·청산,1.0,1.0,1.0,0,,20,원본위험
KO-FIN-02462,원천과세의 적용 기준을 알려주세요.,အရင်းအမြစ်နဲ့ အခွန် ကို အသုံးချမှု သတ်မှတ်ချက်ကို ပေးပါ။,원천과세,원천과세,True,세금,,1.0,1.0,1.0,0,,40,원천과세
KO-FIN-02464,원천과세의 적용 여부는 거래 유형과 세법에 따라 달라질 수 있습니다.,အရင်းအမြစ်နဲ့ အခွန် ၏ အသုံးဝင်မှုသည် ငွေပေးချေမှုအမျိုးအစားနှင့် အခွန်ဥပဒေများအလိုက် ကွဲပြားနိုင်သည်။,원천과세,원천과세,True,세금,,1.0,1.0,1.0,0,,40,원천과세
KO-FIN-02466,원천징수의 적용 기준을 알려주세요.,အရင်းအမြစ် ဖမ်းယူခြင်း ကို အသုံးချမှု သတ်မှတ်ချက်ကို ပေးပါ။,원천징수,원천징수,True,세금,,1.0,1.0,1.0,0,,40,원천징수
KO-FIN-02468,원천징수의 적용 여부는 거래 유형과 세법에 따라 달라질 수 있습니다.,အရင်းအမြစ် ဖမ်းယူခြင်း ၏ အသုံးဝင်မှုသည် ငွေပေးချေမှုအမျိုးအစားနှင့် အခွန်ဥပဒေများအလိုက် ကွဲပြားနိုင်သည်။,원천징수,원천징수,True,세금,,1.0,1.0,1.0,0,,40,원천징수
KO-FIN-02469,원화표시채권이 무엇인지 설명해 주세요.,ငွေကြေးအမှတ်တံဆိပ် ချေးငွေ ဆိုတာ ဘာလဲဆိုတာ ရှင်းပြပေးပါဦး။,원화표시채권,원화표시채권,True,채권,,1.0,1.0,1.0,0,,40,원화표시채권
KO-FIN-02473,웹거래시스템이 무엇을 의미하나요?,အွန်လိုင်း ကုန်သွယ်ရေး စနစ် ဆိုတာ ဘာကိုဆိုလိုတာလဲ။,웹거래시스템,웹거래시스템,True,금융시장·거래,,1.0,1.0,1.0,0,,0,
KO-FIN-02477,위약손해배상공동기금이 무엇을 의미하나요?,အတုအယောင် အပျက်အစီးအတွက် အစုလိုက်အပြုံလိုက် လျော်ကြေး။ ဆိုတာ ဘာကိုဆိုလိုတာလဲ။,위약손해배상공동기금,위약손해배상공동기금,True,금융시장·거래,증권·예탁,1.0,1.0,1.0,0,,40,위약손해배상공동기금
KO-FIN-02485,위임장경쟁이 무엇인지 설명해 주세요.,ကိုယ်စားလှယ်လောင်းပြိုင်ပွဲ ဆိုတာ ဘာလဲဆိုတာ ရှင်းပြပေးပါဦး။,위임장경쟁,위임장경쟁,True,주식,,1.0,1.0,1.0,0,,40,위임장경쟁
KO-FIN-02490,위탁매매와 관련된 시장 정보를 확인하고 싶습니다.,အပ်နှံရောင်းချမှု။ နဲ့ ပတ်သက်တဲ့ စျေးကွက် အချက်အလက်တွေကို စစ်ဆေးချင်ပါတယ်။,위탁매매,위탁매매,True,금융시장·거래,증권·예탁,1.0,1.0,1.0,0,,20,위탁매매
KO-FIN-02494,위탁수수료와 관련된 시장 정보를 확인하고 싶습니다.,အပ်နှံမှု အခကြေးငွေ နဲ့ ပတ်သက်တဲ့ စျေးကွက် အချက်အလက်တွေကို စစ်ဆေးချင်ပါတယ်။,위탁수수료,위탁수수료,True,금융시장·거래,,1.0,1.0,1.0,0,,40,위탁수수료
KO-FIN-02501,위탁자청산서비스가 무엇인지 설명해 주세요.,အပ်နှင်းသူ သန့်ရှင်းရေး ဝန်ဆောင်မှု ဆိုတာ ဘာလဲဆိုတာ ရှင်းပြပေးပါ။,위탁자청산서비스,위탁자청산서비스,True,지급결제·청산,금융시장·거래,1.0,1.0,1.0,0,,0,
KO-FIN-02505,위탁증거금이 무엇인지 쉽게 설명해 주세요.,အာမခံစာရွက်စာတမ်း။ ဆိုတာ ဘာလဲဆိုတာ ရှင်းပြပေးပါ။,위탁증거금,위탁증거금,True,파생상품,금융시장·거래 / 증권·예탁 / 자산운용·투자,1.0,1.0,1.0,0,,40,위탁증거금
KO-FIN-02515,위험프리미엄을 줄이려면 어떤 점을 확인해야 하나요?,အရဲစွန့်မှု အပိုဆုပါ။ ကို လျှော့ချဖို့ ဘယ်အချက်ကို စစ်ဆေးဖို့လိုလဲ။,위험프리미엄,위험프리미엄,True,신용·리스크,자산운용·투자,1.0,1.0,1.0,0,,40,위험프리미엄
KO-FIN-02516,위험프리미엄은 거래 조건이나 이용 가능 여부에 영향을 줄 수 있습니다.,အရဲစွန့်မှု အပိုဆုပါ။ ဟာ ကုန်သွယ်မှု အခြေအနေတွေ (သို့) သုံးစွဲမှုအပေါ် သက်ရောက်မှုရှိနိုင်ပါတယ်။,위험프리미엄,위험프리미엄,True,신용·리스크,자산운용·투자,1.0,1.0,1.0,0,,40,위험프리미엄
KO-FIN-02517,유가증권 현송이 무엇인지 설명해 주세요.,အိမ်ခြံမြေ လက်မှတ်လွှဲပြောင်းခြင်း ဆိုတာ ဘာလဲဆိုတာ ရှင်းပြပေးပါဦး။,유가증권 현송,유가증권 현송,True,증권·예탁,,1.0,1.0,1.0,0,,40,유가증권 현송
KO-FIN-02521,유가증권이 무엇인지 설명해 주세요.,အိမ်ခြံမြေလက်မှတ် ဆိုတာ ဘာလဲဆိုတာ ရှင်းပြပေးပါဦး။,유가증권,유가증권,True,증권·예탁,,1.0,1.0,1.0,0,,40,유가증권
KO-FIN-02526,유가증권신고서 처리 절차를 확인하고 싶습니다.,အမိန့်စာရွက်စာတမ်းမှာ ကို စစ်ဆေးချင်ပါတယ်။,유가증권신고서,유가증권신고서,True,증권·예탁,,1.0,1.0,1.0,0,,40,유가증권신고서
KO-FIN-02530,유동성에서 이용할 수 있는 금융업무는 무엇인가요?,အရည်အသွေး မှာ သုံးနိုင်တဲ့ ဘဏ္ဍာရေးလုပ်ငန်းတွေက ဘာတွေလဲ။,유동성,유동성,True,금융기관·은행,,1.0,1.0,1.0,0,,40,유동성
KO-FIN-02536,유동성위험은 거래 조건이나 이용 가능 여부에 영향을 줄 수 있습니다.,ငွေလွှဲပြောင်းမှု အန္တရာယ်ပါ။ ဟာ ကုန်သွယ်မှု အခြေအနေတွေ (သို့) သုံးစွဲမှုအပေါ် သက်ရောက်မှုရှိနိုင်ပါတယ်။,유동성위험,유동성위험,True,신용·리스크,,1.0,1.0,1.0,0,,20,유동성위험
KO-FIN-02540,유동화 중개기관은 심사 결과에 따라 이용 가능 여부가 달라질 수 있습니다.,အရည်အသွေးမြှင့်တင်ရေး ကြားခံစနစ်။ ဟာ သုံးစွဲမှုအပေါ် မူတည်ပြီး ပြောင်းလဲနိုင်ပါတယ်။,유동화 중개기관,유동화 중개기관,True,대출,,1.0,1.0,1.0,0,,40,유동화 중개기관
KO-FIN-02542,유럽중앙예탁기관협의회 처리 절차를 확인하고 싶습니다.,ဥရောပ ဗဟိုအလေးထားမှု အဖွဲ့ချုပ် ကို စစ်ဆေးချင်ပါတယ်။,유럽중앙예탁기관협의회,유럽중앙예탁기관협의회,True,증권·예탁,,1.0,1.0,1.0,0,,20,유럽중앙예탁기관협의회
KO-FIN-02548,유럽중앙은행과 관련된 세부 업무는 해당 기관의 안내를 확인해 주세요.,ဥရောပဗဟိုဘဏ် နှင့် ပတ်သက်သော အသေးစိတ်လုပ်ငန်းများအတွက် သက်ဆိုင်ရာ အဖွဲ့အစည်း၏ လမ်းညွှန်ချက်များကို ကြည့်ပါ။,유럽중앙은행,유럽중앙은행,True,금융기관·은행,,1.0,1.0,1.0,0,,0,
KO-FIN-02552,유럽통화단위의 정확한 의미는 해당 금융거래의 맥락과 함께 확인해야 합니다.,ဥရောပငွေကြေးအဖွဲ့ ရဲ့ တိကျတဲ့ အဓိပ္ပါယ်ကို ငွေကြေး ကုန်သွယ်မှု အခြေအနေနဲ့အတူ စစ်ဆေးဖို့လိုပါတယ်။,유럽통화단위,유럽통화단위,True,기타 금융일반,,1.0,1.0,1.0,0,,40,유럽통화단위
KO-FIN-02553,유럽통화제도에 대해 자세히 알려주세요.,ဥရောပငွေကြေးစနစ် အကြောင်း အသေးစိတ်ပြောပြပါ။,유럽통화제도,유럽통화제도,True,해외송금·외환,,1.0,1.0,1.0,0,,40,유럽통화제도
KO-FIN-02557,유럽형 옵션이 무엇인지 쉽게 설명해 주세요.,ဥရောပပုံစံ ရွေးချယ်မှု ဆိုတာ ဘာလဲဆိုတာ ရှင်းပြပေးပါ။,유럽형 옵션,유럽형 옵션,True,파생상품,,1.0,1.0,1.0,0,,20,유럽형 옵션
KO-FIN-02562,유로와 관련된 시장 정보를 확인하고 싶습니다.,ယူရို နဲ့ ပတ်သက်တဲ့ စျေးကွက် အချက်အလက်တွေကို စစ်ဆေးချင်ပါတယ်။,유로,유로,True,금융시장·거래,,1.0,1.0,1.0,0,,30,유로
KO-FIN-02567,유로달러에 대해 상담받고 싶습니다.,ယူရိုဒေါ်လာ အကြောင်းကို မေးမြန်းလိုပါတယ်။,유로달러,유로달러,True,대출,금융시장·거래,1.0,1.0,1.0,0,,0,
KO-FIN-02569,유로머니에 대해 자세히 알려주세요.,ယူရိုငွေ။ အကြောင်း အသေးစိတ်ပြောပြပါ။,유로머니,유로머니,True,해외송금·외환,,1.0,1.0,1.0,0,,0,
KO-FIN-02574,유로본드의 조건과 수익 구조를 확인하고 싶습니다.,ယူရိုဘောင် ရဲ့ အခြေအနေနဲ့ ဝင်ငွေ တည်ဆောက်ပုံကို စစ်ဆေးချင်ပါတယ်။,유로본드,유로본드,True,채권,자산운용·투자,1.0,1.0,1.0,0,,20,유로본드
KO-FIN-02577,유로시장이 무엇을 의미하나요?,ယူရိုစျေးကွက် ဆိုတာ ဘာကိုဆိုလိုတာလဲ။,유로시장,유로시장,True,금융시장·거래,국제금융,1.0,1.0,1.0,0,,0,
KO-FIN-02582,유로통화에 적용되는 금리는 어떻게 되나요?,ယူရိုငွေကြေး အတွက် အသုံးဝင်တဲ့ အတိုးနှုန်းက ဘာလဲ။,유로통화,유로통화,True,예금상품,,1.0,1.0,1.0,0,,0,
KO-FIN-02586,유보율을 통해 어떤 정보를 확인할 수 있나요?,မွေးဖွားမှုနှုန်း ကနေ ဘယ်သတင်းအချက်အလက်တွေကို ရှာတွေ့နိုင်လဲ။,유보율,유보율,True,회계·재무,,1.0,1.0,1.0,0,,20,유보율
KO-FIN-02588,유보율은 기준 시점과 작성 기준을 함께 확인해야 합니다.,မွေးဖွားမှုနှုန်း ကို မှတ်တမ်းတင်ချိန်နဲ့ မှတ်တမ်းတင်ချိန်နဲ့အတူ စစ်ဆေးဖို့လိုပါတယ်။,유보율,유보율,True,회계·재무,,1.0,1.0,1.0,0,,20,유보율
KO-FIN-02590,유상증자와 관련된 정보를 확인하고 싶습니다.,မျက်မြင်သက်သေ နဲ့ ပတ်သက်တဲ့ အချက်အလက်တွေကို စစ်ဆေးချင်ပါတယ်။,유상증자,유상증자,True,주식,,1.0,1.0,1.0,0,,40,유상증자
KO-FIN-02593,유지증거금이 무엇인지 쉽게 설명해 주세요.,ထောက်ပံ့မှု ထောက်ပံ့မှု ဆိုတာ ဘာလဲဆိုတာ ရှင်းပြပေးပါ။,유지증거금,유지증거금,True,파생상품,,1.0,1.0,1.0,0,,40,유지증거금
KO-FIN-02597,유지청구권이 무엇인지 설명해 주세요.,ထိန်းသိမ်းခွင့် တောင်းဆိုချက် ဆိုတာ ဘာလဲဆိုတာ ရှင်းပြပေးပါဦး။,유지청구권,유지청구권,True,주식,법률·계약,1.0,1.0,1.0,0,,20,유지청구권
KO-FIN-02601,유치권이 무엇인지 설명해 주세요.,ကလေးထိန်းခွင့် ဆိုတာ ဘာလဲဆိုတာ ရှင်းပြပေးပါဦး။,유치권,유치권,True,채권,,1.0,1.0,1.0,0,,40,유치권
KO-FIN-02605,유통시장이 무엇을 의미하나요?,ဖြန့်ဖြူးရေး စျေးကွက် ဆိုတာ ဘာကိုဆိုလိုတာလဲ။,유통시장,유통시장,True,금융시장·거래,증권·예탁 / 자산운용·투자,1.0,1.0,1.0,0,,0,
KO-FIN-02609,유통DR이 무엇인지 설명해 주세요.,ဖြန့်ဖြူးမှု DR ဆိုတာ ဘာလဲဆိုတာ ရှင်းပြပေးပါဦး။,유통DR,유통DR,True,주식,,1.0,1.0,1.0,0,,20,유통DR
KO-FIN-02619,의결권 불통일행사와 관련해 투자 전에 확인해야 할 사항이 있나요?,ဆုံးဖြတ်ချက်ချခွင့် ပဋိပက္ခ နဲ့ ပတ်သက်ပြီး ရင်းနှီးမြှုပ်နှံမှု မလုပ်ခင် သေချာဖို့ အချက်တွေရှိလား။,의결권 불통일행사,의결권 불통일행사,True,주식,,1.0,1.0,1.0,0,,20,의결권 불통일행사
KO-FIN-02621,의결권이 무엇인지 설명해 주세요.,ဆုံးဖြတ်ပိုင်ခွင့် ဆိုတာ ဘာလဲဆိုတာ ရှင်းပြပေးပါဦး။,의결권,의결권,True,주식,,1.0,1.0,1.0,0,,0,
KO-FIN-02635,의결권신탁에 가입하기 전에 어떤 점을 확인해야 하나요?,ဆုံးဖြတ်ချက်ချပိုင်ခွင့် ယုံကြည်မှု။ ကို မဝင်ခင် ဘယ်အချက်တွေကို စစ်ဆေးသင့်လဲ။,의결권신탁,의결권신탁,True,펀드·신탁,주식,1.0,1.0,1.0,0,,20,의결권신탁
KO-FIN-02639,의결권주와 관련해 투자 전에 확인해야 할 사항이 있나요?,ဆုံးဖြတ်ချက်ချသူ နဲ့ ပတ်သက်ပြီး ရင်းနှီးမြှုပ်နှံမှု မလုပ်ခင် သေချာဖို့ အချက်တွေရှိလား။,의결권주,의결권주,True,주식,,1.0,1.0,1.0,0,,20,의결권주
KO-FIN-02641,의결권행사의 제한이 무엇인지 설명해 주세요.,ဆုံးဖြတ်ချက်ချသူတွေရဲ့ ကန့်သတ်ချက် ဆိုတာ ဘာလဲဆိုတာ ရှင်းပြပေးပါဦး။,의결권행사의 제한,의결권행사의 제한,True,주식,,1.0,1.0,1.0,0,,0,
KO-FIN-02645,의제배당이 무엇인지 설명해 주세요.,ပွဲစားပွဲမှာ ဆိုတာ ဘာလဲဆိုတာ ရှင်းပြပေးပါဦး။,의제배당,의제배당,True,주식,,1.0,1.0,1.0,0,,40,의제배당
KO-FIN-02649,의제예탁이 무엇인지 설명해 주세요.,ပရိုဂျက်စာရင်း ဆိုတာ ဘာလဲဆိုတာ ရှင်းပြပေးပါဦး။,의제예탁,의제예탁,True,증권·예탁,,1.0,1.0,1.0,0,,40,의제예탁
KO-FIN-02653,이머징 마켓이 무엇인지 설명해 주세요.,အံ့ဩစရာ စျေးပါ။ ဆိုတာ ဘာလဲဆိုတာ ရှင်းပြပေးပါဦး။,이머징 마켓,이머징 마켓,True,주식,,1.0,1.0,1.0,0,,40,이머징 마켓
KO-FIN-02657,이익배당이 무엇인지 설명해 주세요.,အကျိုးအမြတ် ခွဲဝေခြင်း။ ဆိုတာ ဘာလဲဆိုတာ ရှင်းပြပေးပါဦး။,이익배당,이익배당,True,주식,,1.0,1.0,1.0,0,,0,
KO-FIN-02661,이익잉여금이 무엇을 의미하나요?,အကျိုးအမြတ်တိုးမြှင့်မှု။ ဆိုတာ ဘာကိုဆိုလိုတာလဲ။,이익잉여금,이익잉여금,True,금융시장·거래,,1.0,1.0,1.0,0,,40,이익잉여금
KO-FIN-02667,이익잉여금처분계산서와 관련해 투자 전에 확인해야 할 사항이 있나요?,အကျိုးအမြတ်နဲ့ အပိုငွေ ကောက်ခံစာ။ နဲ့ ပတ်သက်ပြီး ရင်းနှီးမြှုပ်နှံမှု မလုပ်ခင် စစ်ဆေးသင့်တဲ့ အချက်တွေရှိလား။,이익잉여금처분계산서,이익잉여금처분계산서,True,주식,,1.0,1.0,1.0,0,,40,이익잉여금처분계산서
KO-FIN-02670,이익준비금을 통해 어떤 정보를 확인할 수 있나요?,အကျိုးအမြတ်စုဆောင်းမှု။ ကနေ ဘယ်သတင်းအချက်အလက်တွေကို ရှာတွေ့နိုင်လဲ။,이익준비금,이익준비금,True,회계·재무,,1.0,1.0,1.0,0,,40,이익준비금
KO-FIN-02672,이익준비금은 기준 시점과 작성 기준을 함께 확인해야 합니다.,အကျိုးအမြတ်စုဆောင်းမှု။ ကို မှတ်တမ်းတင်ချိန်နဲ့ မှတ်တမ်းတင်ချိန်နဲ့အတူ စစ်ဆေးဖို့လိုပါတယ်။,이익준비금,이익준비금,True,회계·재무,,1.0,1.0,1.0,0,,40,이익준비금
KO-FIN-02674,이익참가부사채의 조건과 수익 구조를 확인하고 싶습니다.,အကျိုးခံစားခွင့် ချေးငွေပါ။ ရဲ့ အခြေအနေနဲ့ ဝင်ငွေ တည်ဆောက်ပုံကို စစ်ဆေးချင်ပါတယ်။,이익참가부사채,이익참가부사채,True,채권,주식,1.0,1.0,1.0,0,,40,이익참가부사채
KO-FIN-02678,이자 계산일수의 조건과 수익 구조를 확인하고 싶습니다.,အတိုးကို တွက်ချက်ပါ။ ရဲ့ အခြေအနေနဲ့ ဝင်ငွေ တည်ဆောက်ပုံကို စစ်ဆေးချင်ပါတယ်။,이자 계산일수,이자 계산일수,True,채권,,1.0,1.0,1.0,0,,0,
KO-FIN-02681,이자락이 무엇을 의미하나요?,အချိုးအစား ဆိုတာ ဘာကိုဆိုလိုတာလဲ။,이자락,이자락,True,금융시장·거래,자산운용·투자,1.0,1.0,1.0,0,,40,이자락
KO-FIN-02685,이자소득이 무엇인지 설명해 주세요.,အတိုးငွေ ဆိုတာ ဘာလဲဆိုတာ ရှင်းပြပေးပါဦး။,이자소득,이자소득,True,채권,펀드·신탁,1.0,1.0,1.0,0,,0,
KO-FIN-02692,이자율위험은 거래 조건이나 이용 가능 여부에 영향을 줄 수 있습니다.,အတိုးနှုန်း အန္တရာယ်ပါ။ ဟာ ကုန်သွယ်မှု အခြေအနေတွေ (သို့) သုံးစွဲမှုအပေါ် သက်ရောက်မှုရှိနိုင်ပါတယ်။,이자율위험,이자율위험,True,신용·리스크,,1.0,1.0,1.0,0,,0,
KO-FIN-02694,이중과세의 적용 기준을 알려주세요.,နှစ်ဆ၊ သုံးဆ။ ကို အသုံးချမှု သတ်မှတ်ချက်ကို ပေးပါ။,이중과세,이중과세,True,세금,주식,1.0,1.0,1.0,0,,40,이중과세
KO-FIN-02696,이중과세의 적용 여부는 거래 유형과 세법에 따라 달라질 수 있습니다.,နှစ်ဆ၊ သုံးဆ။ ၏ အသုံးဝင်မှုသည် ငွေပေးချေမှုအမျိုးအစားနှင့် အခွန်ဥပဒေများအလိုက် ကွဲပြားနိုင်သည်။,이중과세,이중과세,True,세금,주식,1.0,1.0,1.0,0,,40,이중과세
KO-FIN-02697,이중청약이 무엇인지 설명해 주세요.,နှစ်ထပ်သန့်စင်မှုပါ။ ဆိုတာ ဘာလဲဆိုတာ ရှင်းပြပေးပါဦး။,이중청약,이중청약,True,증권·예탁,주식,1.0,1.0,1.0,0,,20,이중청약
KO-FIN-02702,이표채의 조건과 수익 구조를 확인하고 싶습니다.,ဒီတံဆိပ်က ရဲ့ အခြေအနေနဲ့ ဝင်ငွေ တည်ဆောက်ပုံကို စစ်ဆေးချင်ပါတယ်။,이표채,이표채,True,채권,,1.0,1.0,1.0,0,,0,
KO-FIN-02707,이행보증기관을 줄이려면 어떤 점을 확인해야 하나요?,အကောင်အထည်ဖော်မှု အာမခံဌာန ကို လျှော့ချဖို့ ဘယ်အချက်ကို စစ်ဆေးဖို့လိုလဲ။,이행보증기관,이행보증기관,True,신용·리스크,증권·예탁 / 대출,1.0,1.0,1.0,0,,20,이행보증기관
KO-FIN-02708,이행보증기관은 거래 조건이나 이용 가능 여부에 영향을 줄 수 있습니다.,အကောင်အထည်ဖော်မှု အာမခံဌာန ဟာ ကုန်သွယ်မှု အခြေအနေတွေ (သို့) သုံးစွဲမှုအပေါ် သက်ရောက်မှုရှိနိုင်ပါတယ်။,이행보증기관,이행보증기관,True,신용·리스크,증권·예탁 / 대출,1.0,1.0,1.0,0,,20,이행보증기관
KO-FIN-02711,익일자금결제 과정에서 문제가 발생한 것 같습니다.,တစ်ရက်စာ ငွေပေးချေမှု လုပ်နေတုန်းမှာ ပြဿနာတစ်ခု ဖြစ်နေပုံရတယ်။,익일자금결제,익일자금결제,True,지급결제·청산,이체 / 금융기관·은행,1.0,1.0,1.0,0,,40,익일자금결제
KO-FIN-02715,최근 인덱세이션의 변화를 확인하고 싶습니다.,အညွှန်းကိန်းပေးခြင်း ၏ လတ်တလော ပြောင်းလဲမှုများကို စစ်ဆေးလိုပါသည်။,인덱세이션,인덱세이션,True,경제·거시금융,,1.0,1.0,1.0,0,,0,
KO-FIN-02716,인덱세이션은 다른 경제지표와 함께 해석하는 것이 좋습니다.,အညွှန်းကိန်းပေးခြင်း ကို အခြား စီးပွားရေးညွှန်းကိန်းတွေနဲ့ ပေါင်းစပ်သုံးသပ်သင့်ပါတယ်။,인덱세이션,인덱세이션,True,경제·거시금융,,1.0,1.0,1.0,0,,0,
KO-FIN-02719,인덱스펀드에 가입하기 전에 어떤 점을 확인해야 하나요?,အညွှန်းငွေ။ ကို မဝင်ခင် ဘယ်အချက်တွေကို စစ်ဆေးသင့်လဲ။,인덱스펀드,인덱스펀드,True,펀드·신탁,자산운용·투자 / 금융공학·분석,1.0,1.0,1.0,0,,40,인덱스펀드
KO-FIN-02722,인덴추어의 조건과 수익 구조를 확인하고 싶습니다.,အင်ဒင်ချူး။ ရဲ့ အခြေအနေနဲ့ ဝင်ငွေ တည်ဆောက်ပုံကို စစ်ဆေးချင်ပါတယ်။,인덴추어,인덴추어,True,채권,,1.0,1.0,1.0,0,,40,인덴추어
KO-FIN-02725,인도형 repo이 무엇을 의미하나요?,အိန္ဒိယပုံစံ repo ဆိုတာ ဘာကိုဆိုလိုတာလဲ။,인도형 repo,인도형 repo,True,금융시장·거래,,1.0,1.0,1.0,0,,20,인도형 repo
KO-FIN-02734,인수단을 이용하려면 어떤 조건이 필요한가요?,လက်ဝယ်ယူမှု ကို အသုံးပြုဖို့ ဘယ်လို အခြေအနေတွေ လိုအပ်ပါသလဲ။,인수단,인수단,True,기업금융·자본조달,,1.0,1.0,1.0,0,,40,인수단
KO-FIN-02735,인수단과 관련된 비용과 절차를 확인하고 싶습니다.,လက်ဝယ်ယူမှု နဲ့ ပတ်သက်တဲ့ ကုန်ကျစရိတ်နဲ့ လုပ်ထုံးလုပ်နည်းတွေကို စစ်ဆေးချင်ပါတယ်။,인수단,인수단,True,기업금융·자본조달,,1.0,1.0,1.0,0,,40,인수단
KO-FIN-02740,인터넷 인수업자의 세부 조건과 절차는 거래 유형에 따라 달라질 수 있습니다.,အင်တာနက် ဝယ်ယူသူ ၏ အသေးစိတ် စည်းမျဉ်းစည်းကမ်းများနှင့် လုပ်ထုံးလုပ်နည်းများသည် ငွေပေးချေမှု အမျိုးအစားအလိုက် ကွဲပြားနိုင်သည်။,인터넷 인수업자,인터넷 인수업자,True,기업금융·자본조달,자산운용·투자,1.0,1.0,1.0,0,,0,
KO-FIN-02744,인터페이스의 정확한 의미는 해당 금융거래의 맥락과 함께 확인해야 합니다.,ကြားခံစနစ် ရဲ့ တိကျတဲ့ အဓိပ္ပါယ်ကို ငွေကြေး ကုန်သွယ်မှု အခြေအနေနဲ့အတူ စစ်ဆေးဖို့လိုပါတယ်။,인터페이스,인터페이스,True,기타 금융일반,,1.0,1.0,1.0,0,,0,
KO-FIN-02745,인트라넷이 무엇을 의미하나요?,အင်တာနက်ပါ။ ဆိုတာ ဘာကိုဆိုလိုတာလဲ။,인트라넷,인트라넷,True,금융시장·거래,,1.0,1.0,1.0,0,,20,인트라넷
KO-FIN-02749,일괄등록이 무엇인지 설명해 주세요.,စာရင်းအင်း ဆိုတာ ဘာလဲဆိုတာ ရှင်းပြပေးပါဦး။,일괄등록,일괄등록,True,증권·예탁,채권,1.0,1.0,1.0,0,,40,일괄등록
KO-FIN-02753,일괄예탁이 무엇인지 설명해 주세요.,အစုလိုက်အပြုံလိုက် ဆိုတာ ဘာလဲဆိုတာ ရှင်းပြပေးပါဦး။,일괄예탁,일괄예탁,True,증권·예탁,,1.0,1.0,1.0,0,,40,일괄예탁
KO-FIN-02757,일괄처리방식이 무엇인지 설명해 주세요.,အစုလိုက် စီမံခန့်ခွဲမှု ဆိုတာ ဘာလဲဆိုတာ ရှင်းပြပေးပါဦး။,일괄처리방식,일괄처리방식,True,지급결제·청산,,1.0,1.0,1.0,0,,40,일괄처리방식
KO-FIN-02764,일반균형이론은 심사 결과에 따라 이용 가능 여부가 달라질 수 있습니다.,ယေဘုယျ ညီမျှမှု သီအိုရီက ဟာ သုံးစွဲမှုအပေါ် မူတည်ပြီး ပြောင်းလဲနိုင်ပါတယ်။,일반균형이론,일반균형이론,True,대출,,1.0,1.0,1.0,0,,0,
KO-FIN-02765,일반담보물이 무엇인지 설명해 주세요.,ယေဘုယျ သတင်းပါ။ ဆိုတာ ဘာလဲဆိုတာ ရှင်းပြပေးပါဦး။,일반담보물,일반담보물,True,증권·예탁,,1.0,1.0,1.0,0,,20,일반담보물
KO-FIN-02773,일방매매확인이 무엇을 의미하나요?,တစ်ဖက်သတ် ရောင်းချမှု အတည်ပြုချက်။ ဆိုတာ ဘာကိုဆိုလိုတာလဲ။,일방매매확인,일방매매확인,True,금융시장·거래,증권·예탁,1.0,1.0,1.0,0,,0,
KO-FIN-02777,일방연계방식이 무엇인지 설명해 주세요.,တစ်ဖက်ဆက်သွယ်မှု ပုံစံပါ။ ဆိုတာ ဘာလဲဆိုတာ ရှင်းပြပေးပါဦး။,일방연계방식,일방연계방식,True,증권·예탁,,1.0,1.0,1.0,0,,40,일방연계방식
KO-FIN-02782,일본증권결제회사 처리 절차를 확인하고 싶습니다.,ဂျပန် စက္ကူဖြေရှင်းရေး ကုမ္ပဏီ ကို စစ်ဆေးချင်ပါတယ်။,일본증권결제회사,일본증권결제회사,True,증권·예탁,지급결제·청산 / 금융시장·거래 / 주식,1.0,1.0,1.0,0,,20,일본증권결제회사
KO-FIN-02786,일본증권보관대체기구 처리 절차를 확인하고 싶습니다.,ဂျပန် စက္ကူအထောက်အပံ့ပေးရေး အေဂျင်စီ ကို စစ်ဆေးချင်ပါတယ်။,일본증권보관대체기구,일본증권보관대체기구,True,증권·예탁,,1.0,1.0,1.0,0,,40,일본증권보관대체기구
KO-FIN-02789,일일정산이 무엇인지 쉽게 설명해 주세요.,တစ်နေ့တာ ရာသီဥတု ဆိုတာ ဘာလဲဆိုတာ ရှင်းပြပေးပါ။,일일정산,일일정산,True,파생상품,,1.0,1.0,1.0,0,,40,일일정산
KO-FIN-02793,일일차감이 무엇인지 설명해 주세요.,နေ့စဉ်လိုလိုပါ။ ဆိုတာ ဘာလဲဆိုတာ ရှင်းပြပေးပါဦး။,일일차감,일일차감,True,지급결제·청산,,1.0,1.0,1.0,0,,40,일일차감
KO-FIN-02798,일임매매와 관련된 시장 정보를 확인하고 싶습니다.,တစ်နေ့တာ နဲ့ ပတ်သက်တဲ့ စျေးကွက် အချက်အလက်တွေကို စစ်ဆေးချင်ပါတယ်။,일임매매,일임매매,True,금융시장·거래,증권·예탁,1.0,1.0,1.0,0,,40,일임매매
KO-FIN-02801,일중대월이 무엇인지 설명해 주세요.,တစ်လအတွင်းမှာ ဆိုတာ ဘာလဲဆိုတာ ရှင်းပြပေးပါဦး။,일중대월,일중대월,True,지급결제·청산,,1.0,1.0,1.0,0,,40,일중대월
KO-FIN-02807,임시주주총회와 관련해 투자 전에 확인해야 할 사항이 있나요?,ယာယီ ရှယ်ယာရှင်များ အစည်းအဝေး နဲ့ ပတ်သက်ပြီး ရင်းနှီးမြှုပ်နှံမှု မလုပ်ခင် သေချာဖို့ အချက်တွေရှိလား။,임시주주총회,임시주주총회,True,주식,,1.0,1.0,1.0,0,,0,
KO-FIN-02809,임의준비금이 무엇인지 설명해 주세요.,ကြိုတင်ပြင်ဆင်ထားမှု။ ဆိုတာ ဘာလဲဆိုတာ ရှင်းပြပေးပါဦး။,임의준비금,임의준비금,True,주식,,1.0,1.0,1.0,0,,40,임의준비금
KO-FIN-02817,임퓨테이션이 무엇인지 설명해 주세요.,တင်သွင်းခြင်း။ ဆိုတာ ဘာလဲဆိုတာ ရှင်းပြပေးပါဦး။,임퓨테이션,임퓨테이션,True,주식,세금,1.0,1.0,1.0,0,,40,임퓨테이션
KO-FIN-02821,잉여금이 무엇인지 설명해 주세요.,အပိုငွေ။ ဆိုတာ ဘာလဲဆိုတာ ရှင်းပြပေးပါဦး။,잉여금,잉여금,True,주식,,1.0,1.0,1.0,0,,40,잉여금
KO-FIN-02830,자동계좌이체를 이용하려면 어떻게 해야 하나요?,အလိုအလျောက် အပြောင်းအလဲ ကို အသုံးပြုဖို့ ဘယ်လိုလုပ်ရမလဲ။,자동계좌이체,자동계좌이체,True,이체,계좌,1.0,1.0,1.0,0,,40,자동계좌이체
KO-FIN-02833,자동교환결제제도가 무엇인지 설명해 주세요.,အလိုအလျောက် အပြောင်းအလဲ ဖြေရှင်းရေး စနစ်ပါ။ ဆိုတာ ဘာလဲဆိုတာ ရှင်းပြပေးပါ။,자동교환결제제도,자동교환결제제도,True,지급결제·청산,이체 / 금융기관·은행,1.0,1.0,1.0,0,,40,자동교환결제제도
KO-FIN-02838,자동명의개서제도 처리 절차를 확인하고 싶습니다.,အလိုအလျောက် အမည်ပေးစနစ်ပါ။ ကို စစ်ဆေးချင်ပါတယ်။,자동명의개서제도,자동명의개서제도,True,증권·예탁,,1.0,1.0,1.0,0,,40,자동명의개서제도
KO-FIN-02841,자동호가전달시스템이 무엇을 의미하나요?,အလိုအလျောက် ဓာတ်အားပေးစနစ်။ ဆိုတာ ဘာကိုဆိုလိုတာလဲ။,자동호가전달시스템,자동호가전달시스템,True,금융시장·거래,,1.0,1.0,1.0,0,,0,
KO-FIN-02846,자본금을 통해 어떤 정보를 확인할 수 있나요?,အရင်းအမြစ် ကနေ ဘယ်သတင်းအချက်အလက်တွေကို ရှာတွေ့နိုင်လဲ။,자본금,자본금,True,회계·재무,주식,1.0,1.0,1.0,0,,40,자본금
KO-FIN-02848,자본금은 기준 시점과 작성 기준을 함께 확인해야 합니다.,အရင်းအမြစ် ကို မှတ်တမ်းတင်ချိန်နဲ့ မှတ်တမ်းတင်ချိန်နဲ့အတူ စစ်ဆေးဖို့လိုပါတယ်။,자본금,자본금,True,회계·재무,주식,1.0,1.0,1.0,0,,40,자본금
KO-FIN-02849,자본시장이 무엇을 의미하나요?,အရင်းရှင်စျေးကွက် ဆိုတာ ဘာကိုဆိုလိုတာလဲ။,자본시장,자본시장,True,금융시장·거래,,1.0,1.0,1.0,0,,0,
KO-FIN-02855,자본시장선과 관련된 투자 정보를 확인하고 싶습니다.,အရင်းအနှီး စျေးကွက် နဲ့ ပတ်သက်တဲ့ ရင်းနှီးမြှုပ်နှံမှု အချက်အလက်တွေကို စစ်ဆေးချင်ပါတယ်။,자본시장선,자본시장선,True,자산운용·투자,금융시장·거래,1.0,1.0,1.0,0,,20,자본시장선
KO-FIN-02857,자본이득이 무엇을 의미하나요?,ရင်းနှီးမြှုပ်နှံမှု ဝင်ငွေ ဆိုတာ ဘာကိုဆိုလိုတာလဲ။,자본이득,자본이득,True,금융시장·거래,,1.0,1.0,1.0,0,,40,자본이득
KO-FIN-02862,자본이익계획을 통해 어떤 정보를 확인할 수 있나요?,ရင်းနှီးမြှုပ်နှံမှု အကျိုးအမြတ် အစီအစဉ် ကနေ ဘယ်သတင်းအချက်အလက်တွေကို ရှာတွေ့နိုင်လဲ။,자본이익계획,자본이익계획,True,회계·재무,,1.0,1.0,1.0,0,,0,
KO-FIN-02864,자본이익계획은 기준 시점과 작성 기준을 함께 확인해야 합니다.,ရင်းနှီးမြှုပ်နှံမှု အကျိုးအမြတ် အစီအစဉ် ကို မှတ်တမ်းတင်ချိန်နဲ့ မှတ်တမ်းတင်ချိန်နဲ့အတူ စစ်ဆေးဖို့လိုပါတယ်။,자본이익계획,자본이익계획,True,회계·재무,,1.0,1.0,1.0,0,,0,
KO-FIN-02865,자본잉여금이 무엇인지 설명해 주세요.,ရင်းနှီးမြှုပ်နှံမှု တိုးမြှင့်မှု ဆိုတာ ဘာလဲဆိုတာ ရှင်းပြပေးပါဦး။,자본잉여금,자본잉여금,True,주식,,1.0,1.0,1.0,0,,40,자본잉여금
KO-FIN-02870,자본자산가격결정모형은 금융상품을 분석할 때 어떻게 사용되나요?,ရင်းနှီးမြှုပ်နှံမှု အရင်းအမြစ် စျေးနှုန်း ဆုံးဖြတ်မှု ပုံစံ ကို ငွေရေးကြေးရေး ထုတ်ကုန်တွေကို ဆန်းစစ်ရာမှာ ဘယ်လိုသုံးလဲ။,자본자산가격결정모형,자본자산가격결정모형,True,금융공학·분석,금융시장·거래 / 자산운용·투자,1.0,1.0,1.0,0,,0,
KO-FIN-02872,자본자산가격결정모형의 결과는 사용한 가정과 시장 데이터에 따라 달라질 수 있습니다.,ရင်းနှီးမြှုပ်နှံမှု အရင်းအမြစ် စျေးနှုန်း ဆုံးဖြတ်မှု ပုံစံ ရဲ့ ရလဒ်တွေဟာ သုံးထားတဲ့ ယူဆချက်တွေနဲ့ ဈေးကွက် ဒေတာတွေပေါ် မူတည်ပြီး ကွဲပြားနိုင်ပါတယ်။,자본자산가격결정모형,자본자산가격결정모형,True,금융공학·분석,금융시장·거래 / 자산운용·투자,1.0,1.0,1.0,0,,0,
KO-FIN-02873,자본준비금이 무엇인지 설명해 주세요.,ရင်းနှီးမြှုပ်နှံမှု ဘဏ္ဍာငွေ ဆိုတာ ဘာလဲဆိုတာ ရှင်းပြပေးပါဦး။,자본준비금,자본준비금,True,주식,금융법규·감독,1.0,1.0,1.0,0,,20,자본준비금
KO-FIN-02877,자사주 취득이 무엇인지 설명해 주세요.,ကိုယ်ပိုင် ရှယ်ယာရယူခြင်း ဆိုတာ ဘာလဲဆိုတာ ရှင်းပြပေးပါဦး။,자사주 취득,자사주 취득,True,주식,금융시장·거래,1.0,1.0,1.0,0,,20,자사주 취득
KO-FIN-02881,자산담보부증권이 무엇인지 설명해 주세요.,ပိုင်ဆိုင်မှု အာမခံစာချုပ်။ ဆိုတာ ဘာလဲဆိုတာ ရှင်းပြပေးပါဦး။,자산담보부증권,자산담보부증권,True,증권·예탁,대출 / 부동산금융,1.0,1.0,1.0,0,,40,자산담보부증권
KO-FIN-02887,자산운용회사와 관련된 투자 정보를 확인하고 싶습니다.,အရင်းအမြစ် စီမံခန့်ခွဲရေး ကုမ္ပဏီပါ။ နဲ့ ပတ်သက်တဲ့ ရင်းနှီးမြှုပ်နှံမှု အချက်အလက်တွေကို စစ်ဆေးချင်ပါတယ်။,자산운용회사,자산운용회사,True,자산운용·투자,,1.0,1.0,1.0,0,,20,자산운용회사
KO-FIN-02891,자산의 유동화와 관련된 투자 정보를 확인하고 싶습니다.,အရင်းအမြစ် အရောင်းအဝယ် နဲ့ ပတ်သက်တဲ့ ရင်းနှီးမြှုပ်နှံမှု အချက်အလက်တွေကို စစ်ဆေးချင်ပါတယ်။,자산의 유동화,자산의 유동화,True,자산운용·투자,,1.0,1.0,1.0,0,,20,자산의 유동화
KO-FIN-02896,자산재평가는 기준 시점과 작성 기준을 함께 확인해야 합니다.,အရင်းအမြစ် အကဲဖြတ်မှု ကို မှတ်တမ်းတင်ချိန်နဲ့ မှတ်တမ်းတင်ချိန်နဲ့အတူ စစ်ဆေးဖို့လိုပါတယ်။,자산재평가,자산재평가,True,회계·재무,,1.0,1.0,1.0,0,,0,
KO-FIN-02899,자산주와 관련된 투자 정보를 확인하고 싶습니다.,အရင်းရှင်။ နဲ့ ပတ်သက်တဲ့ ရင်းနှီးမြှုပ်နှံမှု အချက်အလက်တွေကို စစ်ဆေးချင်ပါတယ်။,자산주,자산주,True,자산운용·투자,,1.0,1.0,1.0,0,,40,자산주
KO-FIN-02901,자율규제기관이 무엇을 의미하나요?,အလိုအလျောက် ထိန်းချုပ်ရေး အဖွဲ့ပါ။ ဆိုတာ ဘာကိုဆိုလိုတာလဲ။,자율규제기관,자율규제기관,True,금융시장·거래,지급결제·청산,1.0,1.0,1.0,0,,40,자율규제기관
KO-FIN-02906,자전거래와 관련된 시장 정보를 확인하고 싶습니다.,စက်ဘီးပါ။ နဲ့ ပတ်သက်တဲ့ စျေးကွက် အချက်အလက်တွေကို စစ်ဆေးချင်ပါတယ်။,자전거래,자전거래,True,금융시장·거래,,1.0,1.0,1.0,0,,0,
KO-FIN-02910,잔액인수는 어디에서 확인할 수 있나요?,ချန်ထားမှု ကိန်းဂဏန်း ကို ဘယ်မှာတွေ့လဲ။,잔액인수,잔액인수,True,계좌,기업금융·자본조달 / 증권·예탁,1.0,1.0,1.0,0,,40,잔액인수
KO-FIN-02915,잔존가액과 관련된 내용을 확인하고 싶습니다.,ကျန်တဲ့ငွေကြေး နဲ့ ပတ်သက်တဲ့ အကြောင်းအရာတွေကို စစ်ဆေးချင်ပါတယ်။,잔존가액,잔존가액,True,기타 금융일반,,1.0,1.0,1.0,0,,40,잔존가액
KO-FIN-02916,잔존가액의 정확한 의미는 해당 금융거래의 맥락과 함께 확인해야 합니다.,ကျန်တဲ့ငွေကြေး ရဲ့ တိကျတဲ့ အဓိပ္ပါယ်ကို ငွေကြေး ကုန်သွယ်မှု အခြေအနေနဲ့အတူ စစ်ဆေးဖို့လိုပါတယ်။,잔존가액,잔존가액,True,기타 금융일반,,1.0,1.0,1.0,0,,40,잔존가액
KO-FIN-02919,잠정이체 과정에서 문제가 발생한 것 같습니다.,အတားအဆီးပါ။ လုပ်နေတုန်းမှာ ပြဿနာတစ်ခု ဖြစ်နေပုံရတယ်။,잠정이체,잠정이체,True,지급결제·청산,,1.0,1.0,1.0,0,,40,잠정이체
KO-FIN-02927,장내결제 과정에서 문제가 발생한 것 같습니다.,အူလမ်းကြောင်း ဖြေရှင်းနည်း လုပ်နေတုန်းမှာ ပြဿနာတစ်ခု ဖြစ်နေပုံရတယ်။,장내결제,장내결제,True,지급결제·청산,금융시장·거래 / 증권·예탁,1.0,1.0,1.0,0,,40,장내결제
KO-FIN-02930,장외거래와 관련된 시장 정보를 확인하고 싶습니다.,အပြင်ထွက်ကုန်သွယ်ရေး နဲ့ ပတ်သက်တဲ့ စျေးကွက် အချက်အလက်တွေကို စစ်ဆေးချင်ပါတယ်။,장외거래,장외거래,True,금융시장·거래,,1.0,1.0,1.0,0,,40,장외거래
KO-FIN-02934,장외결제와 관련된 시장 정보를 확인하고 싶습니다.,အပြင်ဘက် ဖြေရှင်းနည်း နဲ့ ပတ်သက်တဲ့ စျေးကွက် အချက်အလက်တွေကို စစ်ဆေးချင်ပါတယ်။,장외결제,장외결제,True,금융시장·거래,지급결제·청산 / 증권·예탁,1.0,1.0,1.0,0,,20,장외결제
KO-FIN-02937,장외시장이 무엇을 의미하나요?,ပြင်ပစျေးကွက် ဆိုတာ ဘာကိုဆိုလိုတာလဲ။,장외시장,장외시장,True,금융시장·거래,,1.0,1.0,1.0,0,,0,
KO-FIN-02945,재발행이 무엇인지 설명해 주세요.,ပြန်လည်ထုတ်ဝေခြင်း ဆိုတာ ဘာလဲဆိုတာ ရှင်းပြပေးပါဦး။,재발행,재발행,True,증권·예탁,,1.0,1.0,1.0,0,,20,재발행
KO-FIN-02949,재정가격결정이론이 무엇을 의미하나요?,ဘဏ္ဍာရေးဆိုင်ရာ ဆုံးဖြတ်ချက်တွေက ဆိုတာ ဘာကိုဆိုလိုတာလဲ။,재정가격결정이론,재정가격결정이론,True,금융시장·거래,자산운용·투자 / 대출,1.0,1.0,1.0,0,,0,
KO-FIN-02954,재투자수익률을 고려할 때 어떤 위험을 확인해야 하나요?,ပြန်လည်ရင်းနှီးမြှုပ်နှံမှု အမြတ်နှုန်း ကိုစဉ်းစားတဲ့အခါ ဘယ်အန္တရာယ်တွေကို သိထားသင့်လဲ။,재투자수익률,재투자수익률,True,자산운용·투자,주식,1.0,1.0,1.0,0,,20,재투자수익률
KO-FIN-02963,재투자위험과 관련된 투자 정보를 확인하고 싶습니다.,ပြန်လည် ရင်းနှီးမြှုပ်နှံမှု အန္တရာယ် နဲ့ ပတ်သက်တဲ့ ရင်းနှီးမြှုပ်နှံမှု အချက်အလက်တွေကို စစ်ဆေးချင်ပါတယ်။,재투자위험,재투자위험,True,자산운용·투자,신용·리스크 / 대출,1.0,1.0,1.0,0,,0,
KO-FIN-02966,저당권과 관련된 금리와 비용을 확인하고 싶습니다.,အခြင့္အေရး နဲ့ ဆက်စပ်နေတဲ့ အတိုးနဲ့ ကုန်ကျစရိတ်တွေကို သိချင်ပါတယ်။,저당권,저당권,True,부동산금융,채권,1.0,1.0,1.0,0,,20,저당권
KO-FIN-02967,저당권을 이용할 때 필요한 서류는 무엇인가요?,အခြင့္အေရး ကို အသုံးပြုဖို့ လိုအပ်တဲ့ စာရွက်စာတမ်းတွေက ဘာတွေလဲ။,저당권,저당권,True,부동산금융,채권,1.0,1.0,1.0,0,,20,저당권
KO-FIN-02969,저당대출담보부채권이 무엇인지 설명해 주세요.,အငှားအငှား ချေးငွေ ဆိုတာ ဘာလဲဆိုတာ ရှင်းပြပေးပါဦး။,저당대출담보부채권,저당대출담보부채권,True,채권,대출 / 부동산금융,1.0,1.0,1.0,0,,40,저당대출담보부채권
KO-FIN-02974,저당대출원리금이체채권을 이용하려면 어떻게 해야 하나요?,ကိုယ်စားလှယ်လောင်းအထောက်အပံ့၊ ချေးငွေ၊ ကို သုံးဖို့ ဘယ်လိုလုပ်ရမလဲ။,저당대출원리금이체채권,저당대출원리금이체채권,True,이체,대출 / 채권 / 부동산금융 / 자산운용·투자,1.0,1.0,1.0,0,,40,저당대출원리금이체채권
KO-FIN-02976,저당대출원리금이체채권을 진행하기 전에 입력한 정보를 다시 확인해 주세요.,ကိုယ်စားလှယ်လောင်းအထောက်အပံ့၊ ချေးငွေ၊ ကို မလုပ်ခင် အချက်အလက်တွေကို ပြန်စစ်ပါ။,저당대출원리금이체채권,저당대출원리금이체채권,True,이체,대출 / 채권 / 부동산금융 / 자산운용·투자,1.0,1.0,1.0,0,,40,저당대출원리금이체채권
KO-FIN-02977,적격증권이 무엇인지 설명해 주세요.,အရည်အချင်းဆိုင်ရာ လက်မှတ်။ ဆိုတာ ဘာလဲဆိုတာ ရှင်းပြပေးပါဦး။,적격증권,적격증권,True,증권·예탁,,1.0,1.0,1.0,0,,20,적격증권
KO-FIN-02983,전량결제 과정에서 문제가 발생한 것 같습니다.,လျှပ်စစ်ပမာဏ လျှပ်စစ်ပမာဏ လုပ်နေတုန်းမှာ ပြဿနာတစ်ခု ဖြစ်နေပုံရတယ်။,전량결제,전량결제,True,지급결제·청산,금융시장·거래,1.0,1.0,1.0,0,,40,전량결제
KO-FIN-02986,전미증권업협회 처리 절차를 확인하고 싶습니다.,အာမခံကုမ္ပဏီအသင်းပါ။ ကို စစ်ဆေးချင်ပါတယ်။,전미증권업협회,전미증권업협회,True,증권·예탁,금융시장·거래,1.0,1.0,1.0,0,,40,전미증권업협회
KO-FIN-02990,전업주의 처리 절차를 확인하고 싶습니다.,အပြည့်အဝ အလုပ်သမား။ ကို စစ်ဆေးချင်ပါတယ်။,전업주의,전업주의,True,증권·예탁,금융기관·은행 / 대출,1.0,1.0,1.0,0,,40,전업주의
KO-FIN-02995,전자공시제도 때문에 추가로 확인해야 할 사항이 있나요?,အီလက်ထရောနစ် ကြော်ငြာစနစ်ပါ။ အတွက် ထပ်ပြီး စစ်ဆေးစရာရှိလား။,전자공시제도,전자공시제도,True,금융법규·감독,,1.0,1.0,1.0,0,,40,전자공시제도
KO-FIN-02996,전자공시제도의 적용 범위는 관련 법령과 규정에 따라 달라질 수 있습니다.,အီလက်ထရောနစ် ကြော်ငြာစနစ်ပါ။ ၏ သက်ရောက်မှု ကဏ္ဍသည် သက်ဆိုင်ရာ ဥပဒေများနှင့် စည်းမျဉ်းများအပေါ် မူတည်၍ ကွဲပြားနိုင်သည်။,전자공시제도,전자공시제도,True,금융법규·감독,,1.0,1.0,1.0,0,,40,전자공시제도
KO-FIN-02997,전자매매확인이 무엇을 의미하나요?,အီလက်ထရောနစ် အရောင်းအဝယ် အတည်ပြုချက် ဆိုတာ ဘာကိုဆိုလိုတာလဲ။,전자매매확인,전자매매확인,True,금융시장·거래,,1.0,1.0,1.0,0,,0,
KO-FIN-03002,전자자금이체제도를 이용하려면 어떻게 해야 하나요?,အီလက်ထရောနစ် ငွေကြေးစနစ်က ကို အသုံးပြုဖို့ ဘယ်လိုလုပ်ရမလဲ။,전자자금이체제도,전자자금이체제도,True,이체,지급결제·청산,1.0,1.0,1.0,0,,40,전자자금이체제도
KO-FIN-03005,전자증권이 무엇인지 설명해 주세요.,အီလက်ထရောနစ် လက်မှတ် ဆိုတာ ဘာလဲဆိုတာ ရှင်းပြပေးပါဦး။,전자증권,전자증권,True,증권·예탁,,1.0,1.0,1.0,0,,20,전자증권
KO-FIN-03010,전환사채의 조건과 수익 구조를 확인하고 싶습니다.,အပြောင်းအလဲ ချေးငွေ ရဲ့ အခြေအနေနဲ့ ဝင်ငွေ တည်ဆောက်ပုံကို စစ်ဆေးချင်ပါတယ်။,전환사채,전환사채,True,채권,,1.0,1.0,1.0,0,,40,전환사채
KO-FIN-03014,전환신주이자와 관련된 정보를 확인하고 싶습니다.,အပြောင်းအလဲသမားပါ။ နဲ့ ပတ်သက်တဲ့ အချက်အလက်တွေကို စစ်ဆေးချင်ပါတယ်။,전환신주이자,전환신주이자,True,주식,채권,1.0,1.0,1.0,0,,40,전환신주이자
KO-FIN-03017,전환주식이 무엇인지 설명해 주세요.,အပြောင်းအလဲရှယ်ယာ ဆိုတာ ဘာလဲဆိုတာ ရှင်းပြပေးပါဦး။,전환주식,전환주식,True,주식,,1.0,1.0,1.0,0,,40,전환주식
KO-FIN-03021,전환청구권이 무엇인지 설명해 주세요.,အပြောင်းအလဲ လုပ်ပိုင်ခွင့်။ ဆိုတာ ဘာလဲဆိုတာ ရှင်းပြပေးပါဦး။,전환청구권,전환청구권,True,증권·예탁,,1.0,1.0,1.0,0,,40,전환청구권
KO-FIN-03026,점두매매와 관련된 시장 정보를 확인하고 싶습니다.,စျေးဝယ်တယ်။ နဲ့ ပတ်သက်တဲ့ စျေးကွက် အချက်အလက်တွေကို စစ်ဆေးချင်ပါတယ်။,점두매매,점두매매,True,금융시장·거래,,1.0,1.0,1.0,0,,40,점두매매
KO-FIN-03033,점유개정형 repo이 무엇인지 설명해 주세요.,ရင်းနှီးမြှုပ်နှံမှု ပြန်လည်ပြုပြင်မှု ဆိုတာ ဘာလဲဆိုတာ ရှင်းပြပေးပါဦး။,점유개정형 repo,점유개정형 repo,True,증권·예탁,금융시장·거래,1.0,1.0,1.0,0,,40,점유개정형 repo
KO-FIN-03042,정크본드의 조건과 수익 구조를 확인하고 싶습니다.,Junk Bond ပါ။ ရဲ့ အခြေအနေနဲ့ ဝင်ငွေ တည်ဆောက်ပုံကို စစ်ဆေးချင်ပါတယ်။,정크본드,정크본드,True,채권,,1.0,1.0,1.0,0,,40,정크본드
KO-FIN-03045,제3시장이 무엇을 의미하나요?,တတိယ စျေးကွက် ဆိုတာ ဘာကိုဆိုလိုတာလဲ။,제3시장,제3시장,True,금융시장·거래,,1.0,1.0,1.0,0,,40,제3시장
KO-FIN-03049,제4시장이 무엇을 의미하나요?,စတုတ္ထ စျေးကွက် ဆိုတာ ဘာကိုဆိုလိုတာလဲ။,제4시장,제4시장,True,금융시장·거래,,1.0,1.0,1.0,0,,40,제4시장
KO-FIN-03060,제로베타 포트폴리오의 결과는 사용한 가정과 시장 데이터에 따라 달라질 수 있습니다.,ဂျီရိုဗီတာ ပရိုဖိုင်လိုင်း ၏ ရလဒ်များသည် အသုံးပြုသော ယူဆချက်နှင့် ဈေးကွက် ဒေတာပေါ် မူတည်၍ ကွဲပြားနိုင်သည်။,제로베타 포트폴리오,제로베타 포트폴리오,True,금융공학·분석,자산운용·투자,1.0,1.0,1.0,0,,20,제로베타 포트폴리오
KO-FIN-03062,제로쿠폰채의 조건과 수익 구조를 확인하고 싶습니다.,Zero Coupon ဆိုတာက ရဲ့ အခြေအနေနဲ့ ဝင်ငွေ တည်ဆောက်ပုံကို စစ်ဆေးချင်ပါတယ်။,제로쿠폰채,제로쿠폰채,True,채권,,1.0,1.0,1.0,0,,0,
KO-FIN-03066,조건부보관계좌는 어디에서 확인할 수 있나요?,အခြေအနေဆိုင်ရာ စောင့်ရှောက်မှု အကောင့်ပါ။ ကို ဘယ်မှာတွေ့လဲ။,조건부보관계좌,조건부보관계좌,True,계좌,대출,1.0,1.0,1.0,0,,20,조건부보관계좌
KO-FIN-03075,종합주가지수와 관련해 투자 전에 확인해야 할 사항이 있나요?,ပေါင်းစပ်ကိန်း။ နဲ့ ပတ်သက်ပြီး ရင်းနှီးမြှုပ်နှံမှု မလုပ်ခင် စစ်ဆေးသင့်တဲ့ အချက်တွေရှိလား။,종합주가지수,종합주가지수,True,주식,금융시장·거래,1.0,1.0,1.0,0,,20,종합주가지수
KO-FIN-03077,주가수익비율이 무엇인지 설명해 주세요.,အစုရှယ်ယာ အမြတ်နှုန်း ဆိုတာ ဘာလဲဆိုတာ ရှင်းပြပေးပါဦး။,주가수익비율,주가수익비율,True,주식,,1.0,1.0,1.0,0,,0,
KO-FIN-03081,주가이동평균선이 무엇인지 설명해 주세요.,အရှေ့နဲ့အလယ် အလျား ဆိုတာ ဘာလဲဆိုတာ ရှင်းပြပေးပါဦး။,주가이동평균선,주가이동평균선,True,주식,,1.0,1.0,1.0,0,,40,주가이동평균선
KO-FIN-03087,주가지수와 관련해 투자 전에 확인해야 할 사항이 있나요?,အံဝင်ခွင်ကျပါ။ နဲ့ ပတ်သက်ပြီး ရင်းနှီးမြှုပ်နှံမှု မလုပ်ခင် စစ်ဆေးသင့်တဲ့ အချက်တွေရှိလား။,주가지수,주가지수,True,주식,,1.0,1.0,1.0,0,,40,주가지수
KO-FIN-03090,주가지수선물거래와 관련된 시장 정보를 확인하고 싶습니다.,ရှယ်ယာရွေးချယ်မှု အရောင်းအဝယ် နဲ့ ပတ်သက်တဲ့ စျေးကွက် အချက်အလက်တွေကို စစ်ဆေးချင်ပါတယ်။,주가지수선물거래,주가지수선물거래,True,금융시장·거래,주식 / 파생상품,1.0,1.0,1.0,0,,20,주가지수선물거래
KO-FIN-03093,주가평균이 무엇인지 설명해 주세요.,ပြည်နယ် ပျမ်းမျှက ဆိုတာ ဘာလဲဆိုတာ ရှင်းပြပေးပါဦး။,주가평균,주가평균,True,주식,,1.0,1.0,1.0,0,,0,
KO-FIN-03100,주간사회사의 세부 조건과 절차는 거래 유형에 따라 달라질 수 있습니다.,အပတ်စဉ် လူမှုရေးဝန်ထမ်း ၏ အသေးစိတ် စည်းမျဉ်းစည်းကမ်းများနှင့် လုပ်ထုံးလုပ်နည်းများသည် ငွေပေးချေမှု အမျိုးအစားအလိုက် ကွဲပြားနိုင်သည်။,주간사회사,주간사회사,True,기업금융·자본조달,증권·예탁,1.0,1.0,1.0,0,,0,
KO-FIN-03106,주권계속예탁제도 처리 절차를 확인하고 싶습니다.,အချုပ်အခြာအာဏာ ဆက်နွယ်မှု အစီအစဉ်က ကို စစ်ဆေးချင်ပါတယ်။,주권계속예탁제도,주권계속예탁제도,True,증권·예탁,주식,1.0,1.0,1.0,0,,20,주권계속예탁제도
KO-FIN-03111,주권기번호와 관련해 투자 전에 확인해야 할 사항이 있나요?,အချုပ်အခြာအာဏာ နံပါတ်။ နဲ့ ပတ်သက်ပြီး ရင်းနှီးမြှုပ်နှံမှု မလုပ်ခင် စစ်ဆေးသင့်တဲ့ အချက်တွေရှိလား။,주권기번호,주권기번호,True,주식,증권·예탁,1.0,1.0,1.0,0,,0,
KO-FIN-03115,주권불소지와 관련해 투자 전에 확인해야 할 사항이 있나요?,အချုပ်အခြာအာဏာ စွပ်စွဲချက်။ နဲ့ပတ်သက်ပြီး ရင်းနှီးမြှုပ်နှံမှု မလုပ်ခင် သေချာဖို့ အချက်တွေရှိလား။,주권불소지,주권불소지,True,주식,,1.0,1.0,1.0,0,,40,주권불소지
KO-FIN-03117,주권수령증이 무엇인지 설명해 주세요.,အချုပ်အခြာအာဏာ ဆိုတာ ဘာလဲဆိုတာ ရှင်းပြပေးပါဦး။,주권수령증,주권수령증,True,주식,,1.0,1.0,1.0,0,,0,
KO-FIN-03122,주당 순자산가치의 조건과 수익 구조를 확인하고 싶습니다.,တစ်ဦးချင်း ပိုင်ဆိုင်မှု တန်ဖိုး ရဲ့ အခြေအနေနဲ့ ဝင်ငွေ တည်ဆောက်ပုံကို စစ်ဆေးချင်ပါတယ်။,주당 순자산가치,주당 순자산가치,True,채권,,1.0,1.0,1.0,0,,20,주당 순자산가치
KO-FIN-03125,주당순이익이 무엇인지 설명해 주세요.,တစ်ပတ်ကို အမြတ်ရတယ် ဆိုတာ ဘာလဲဆိုတာ ရှင်းပြပေးပါဦး။,주당순이익,주당순이익,True,주식,,1.0,1.0,1.0,0,,40,주당순이익
KO-FIN-03129,주당순자산비율이 무엇인지 설명해 주세요.,တစ်ပတ်လျှင် ပိုက်ဆံစုဆောင်းမှုနှုန်း ဆိုတာ ဘာလဲဆိုတာ ရှင်းပြပေးပါဦး။,주당순자산비율,주당순자산비율,True,주식,,1.0,1.0,1.0,0,,40,주당순자산비율
KO-FIN-03133,주식매수청구권이 무엇인지 설명해 주세요.,ရှယ်ယာရောင်းဝယ်ခွင့် ဆိုတာ ဘာလဲဆိုတာ ရှင်းပြပေးပါဦး။,주식매수청구권,주식매수청구권,True,주식,금융시장·거래,1.0,1.0,1.0,0,,20,주식매수청구권
KO-FIN-03137,주식발행차액이 무엇인지 설명해 주세요.,အစုရှယ်ယာ စျေးနှုန်း ဆိုတာ ဘာလဲဆိုတာ ရှင်းပြပေးပါဦး။,주식발행차액,주식발행차액,True,주식,기업금융·자본조달,1.0,1.0,1.0,0,,20,주식발행차액
KO-FIN-03141,주식배당이 무엇인지 설명해 주세요.,အစုရှယ်ယာရှင် ဆိုတာ ဘာလဲဆိုတာ ရှင်းပြပေးပါဦး။,주식배당,주식배당,True,주식,,1.0,1.0,1.0,0,,20,주식배당
KO-FIN-03147,주식배당예고제와 관련해 투자 전에 확인해야 할 사항이 있나요?,အစုရှယ်ယာ ကန့်သတ်ချက်။ နဲ့ပတ်သက်ပြီး ရင်းနှီးမြှုပ်နှံမှု မလုပ်ခင် သေချာဖို့ အချက်တွေရှိလား။,주식배당예고제,주식배당예고제,True,주식,,1.0,1.0,1.0,0,,20,주식배당예고제
KO-FIN-03149,주식병합이 무엇인지 설명해 주세요.,ရှယ်ယာစုစည်းမှု။ ဆိုတာ ဘာလဲဆိုတာ ရှင်းပြပေးပါဦး။,주식병합,주식병합,True,주식,금융시장·거래,1.0,1.0,1.0,0,,0,
KO-FIN-03153,주식분할이 무엇인지 설명해 주세요.,အစုရှယ်ယာတွေကို ဆိုတာ ဘာလဲဆိုတာ ရှင်းပြပေးပါဦး။,주식분할,주식분할,True,주식,,1.0,1.0,1.0,0,,20,주식분할
KO-FIN-03157,주식소각이 무엇인지 설명해 주세요.,အစုရှယ်ယာ ဆိုတာ ဘာလဲဆိုတာ ရှင်းပြပေးပါဦး။,주식소각,주식소각,True,주식,,1.0,1.0,1.0,0,,0,
KO-FIN-03161,주식스왑이 무엇인지 쉽게 설명해 주세요.,ရှယ်ယာရှယ်ယာ ဆိုတာ ဘာလဲဆိုတာ ရှင်းပြပေးပါ။,주식스왑,주식스왑,True,파생상품,주식 / 자산운용·투자,1.0,1.0,1.0,0,,20,주식스왑
KO-FIN-03167,주식의 공유와 관련해 투자 전에 확인해야 할 사항이 있나요?,ရှယ်ယာ မျှဝေခြင်း နဲ့ပတ်သက်ပြီး ရင်းနှီးမြှုပ်နှံမှု မလုပ်ခင် သေချာဖို့ အချက်တွေရှိလား။,주식의 공유,주식의 공유,True,주식,,1.0,1.0,1.0,0,,0,
KO-FIN-03169,주식청약이 무엇인지 설명해 주세요.,အစုရှယ်ယာ ရှင်းလင်းခြင်း ဆိုတာ ဘာလဲဆိုတာ ရှင်းပြပေးပါဦး။,주식청약,주식청약,True,주식,,1.0,1.0,1.0,0,,0,
KO-FIN-03175,주식형투자신탁에 가입하기 전에 어떤 점을 확인해야 하나요?,အစုရှယ်ယာ ရင်းနှီးမြှုပ်နှံမှု ကို မဝင်ခင် ဘယ်အချက်တွေကို စစ်ဆေးသင့်လဲ။,주식형투자신탁,주식형투자신탁,True,펀드·신탁,자산운용·투자 / 주식,1.0,1.0,1.0,0,,0,
KO-FIN-03178,주주와 관련된 정보를 확인하고 싶습니다.,ရှယ်ယာရှင်။ နဲ့ ပတ်သက်တဲ့ အချက်အလက်တွေကို စစ်ဆေးချင်ပါတယ်။,주주,주주,True,주식,,1.0,1.0,1.0,0,,30,주주
KO-FIN-03181,주주권이 무엇인지 설명해 주세요.,ပိုင်ဆိုင်မှု။ ဆိုတာ ဘာလဲဆိုတာ ရှင်းပြပေးပါဦး။,주주권,주주권,True,주식,,1.0,1.0,1.0,0,,40,주주권
KO-FIN-03187,주주명부와 관련해 투자 전에 확인해야 할 사항이 있나요?,အိမ်ရှင်အမည် နဲ့ ပတ်သက်ပြီး ရင်းနှီးမြှုပ်နှံမှု မလုပ်ခင် သေချာဖို့ အချက်တွေရှိလား။,주주명부,주주명부,True,주식,법률·계약,1.0,1.0,1.0,0,,40,주주명부
KO-FIN-03191,주주명부폐쇄와 관련해 투자 전에 확인해야 할 사항이 있나요?,ပိုင်ရှင်အမည်ကို ပိတ်လိုက်တယ် နဲ့ ပတ်သက်ပြီး ရင်းနှီးမြှုပ်နှံမှု မလုပ်ခင် သေချာဖို့ အချက်တွေရှိလား။,주주명부폐쇄,주주명부폐쇄,True,주식,채권,1.0,1.0,1.0,0,,40,주주명부폐쇄
KO-FIN-03193,주주명부폐쇄기간이 무엇인지 설명해 주세요.,ပိုင်ရှင်အမည်ကို ပိတ်ထားတဲ့အချိန် ဆိုတာ ဘာလဲဆိုတာ ရှင်းပြပေးပါဦး။,주주명부폐쇄기간,주주명부폐쇄기간,True,주식,채권,1.0,1.0,1.0,0,,40,주주명부폐쇄기간
KO-FIN-03197,주주명부폐쇄기준일이 무엇인지 설명해 주세요.,ပိုင်ရှင်အမည်က ပိတ်ဖို့ အသင့်ပါ။ ဆိုတာ ဘာလဲဆိုတာ ရှင်းပြပေးပါဦး။,주주명부폐쇄기준일,주주명부폐쇄기준일,True,주식,증권·예탁,1.0,1.0,1.0,0,,40,주주명부폐쇄기준일
KO-FIN-03202,주주제안제도와 관련된 정보를 확인하고 싶습니다.,ရှယ်ယာရှင် စီမံကိန်းပါ။ နဲ့ ပတ်သက်တဲ့ အချက်အလက်တွေကို စစ်ဆေးချင်ပါတယ်။,주주제안제도,주주제안제도,True,주식,,1.0,1.0,1.0,0,,40,주주제안제도
KO-FIN-03205,주주총회 참석장이 무엇인지 설명해 주세요.,ရှယ်ယာရှင်များ အစည်းအဝေး တက်ရောက်သူ ဆိုတာ ဘာလဲဆိုတာ ရှင်းပြပေးပါဦး။,주주총회 참석장,주주총회 참석장,True,주식,,1.0,1.0,1.0,0,,0,
KO-FIN-03211,주주총회와 관련해 투자 전에 확인해야 할 사항이 있나요?,ရှယ်ယာရှင်များ အစည်းအဝေး နဲ့ ပတ်သက်ပြီး ရင်းနှီးမြှုပ်နှံမှု မလုပ်ခင် သေချာဖို့ အချက်တွေရှိလား။,주주총회,주주총회,True,주식,금융법규·감독 / 회계·재무,1.0,1.0,1.0,0,,0,
KO-FIN-03213,주주평등의 원칙이 무엇인지 설명해 주세요.,ရှယ်ယာရှင် မျှတမှု မူဝါဒ ဆိုတာ ဘာလဲဆိုတာ ရှင်းပြပေးပါဦး။,주주평등의 원칙,주주평등의 원칙,True,주식,,1.0,1.0,1.0,0,,20,주주평등의 원칙
KO-FIN-03218,준공유 처리 절차를 확인하고 싶습니다.,လျှပ်စစ်ဓာတ်ငွေ့ ကို စစ်ဆေးချင်ပါတယ်။,준공유,준공유,True,증권·예탁,법률·계약 / 금융법규·감독 / 주식,1.0,1.0,1.0,0,,40,준공유
KO-FIN-03221,준비금의 자본전입이 무엇인지 설명해 주세요.,ရင်းနှီးမြှုပ်နှံမှု ဆိုတာ ဘာလဲဆိုတာ ရှင်းပြပေးပါဦး။,준비금의 자본전입,준비금의 자본전입,True,주식,,1.0,1.0,1.0,0,,40,준비금의 자본전입
KO-FIN-03229,준회원이 무엇을 의미하나요?,ဒုဥက္ကဋ္ဌ ဆိုတာ ဘာကိုဆိုလိုတာလဲ။,준회원,준회원,True,금융시장·거래,,1.0,1.0,1.0,0,,40,준회원
KO-FIN-03234,중·동유럽 중앙예탁기관협의회 처리 절차를 확인하고 싶습니다.,ဗဟိုအရှေ့ဥရောပ ဗဟိုစီမံခန့်ခွဲရေးကောင်စီ ကို စစ်ဆေးချင်ပါတယ်။,중·동유럽 중앙예탁기관협의회,중·동유럽 중앙예탁기관협의회,True,증권·예탁,,1.0,1.0,1.0,0,,0,
KO-FIN-03237,중간배당이 무엇인지 설명해 주세요.,အလယ်အလတ်စားပါ။ ဆိုတာ ဘာလဲဆိုတာ ရှင်းပြပေးပါဦး။,중간배당,중간배당,True,주식,,1.0,1.0,1.0,0,,20,중간배당
KO-FIN-03244,중개회사를 확인할 때 시장 상황과 거래 조건을 함께 살펴보세요.,ရောင်းဝယ်ရေး ကုမ္ပဏီ ကို စစ်ဆေးတဲ့အခါ ဈေးကွက်အခြေအနေနဲ့ ကုန်သွယ်မှု အခြေအနေတွေကို အတူတကွ ကြည့်ပါ။,중개회사,중개회사,True,금융시장·거래,증권·예탁,1.0,1.0,1.0,0,,20,중개회사
KO-FIN-03245,증거금이 무엇인지 쉽게 설명해 주세요.,အထောက်အထားပါ။ ဆိုတာ ဘာလဲဆိုတာ ရှင်းပြပေးပါ။,증거금,증거금,True,파생상품,,1.0,1.0,1.0,0,,20,증거금
KO-FIN-03249,증거증권이 무엇인지 설명해 주세요.,သက်သေခံလက်မှတ်။ ဆိုတာ ဘာလဲဆိုတာ ရှင်းပြပေးပါဦး။,증거증권,증거증권,True,증권·예탁,,1.0,1.0,1.0,0,,40,증거증권
KO-FIN-03254,증권·대금 동시결제 처리 절차를 확인하고 싶습니다.,စက္ကူ၊ ငွေကြေးနဲ့ တစ်ပြိုင်နက် ချုပ်ဆိုမှု ကို စစ်ဆေးချင်ပါတယ်။,증권·대금 동시결제,증권·대금 동시결제,True,증권·예탁,지급결제·청산,1.0,1.0,1.0,0,,20,증권·대금 동시결제
KO-FIN-03257,증권거래법이 무엇인지 설명해 주세요.,စတော့စျေးကွက် ဥပဒေ ဆိုတာ ဘာလဲဆိုတာ ရှင်းပြပေးပါဦး။,증권거래법,증권거래법,True,증권·예탁,금융시장·거래,1.0,1.0,1.0,0,,40,증권거래법
KO-FIN-03262,증권거래세와 관련된 시장 정보를 확인하고 싶습니다.,ဒါက စတော့စျေးကွက်ပါ။ နဲ့ ပတ်သက်တဲ့ စျေးကွက် အချက်အလက်တွေကို စစ်ဆေးချင်ပါတယ်။,증권거래세,증권거래세,True,금융시장·거래,증권·예탁,1.0,1.0,1.0,0,,40,증권거래세
KO-FIN-03265,증권거래준비금이 무엇인지 설명해 주세요.,စတော့အိတ်ချေးငွေ ဆိုတာ ဘာလဲဆိုတာ ရှင်းပြပေးပါဦး။,증권거래준비금,증권거래준비금,True,증권·예탁,금융시장·거래,1.0,1.0,1.0,0,,40,증권거래준비금
KO-FIN-03269,증권공동 온라인시스템이 무엇인지 설명해 주세요.,အွန်လိုင်း Stock Exchange စနစ် ဆိုတာ ဘာလဲဆိုတာ ရှင်းပြပေးပါဦး။,증권공동 온라인시스템,증권공동 온라인시스템,True,증권·예탁,자산운용·투자,1.0,1.0,1.0,0,,40,증권공동 온라인시스템
KO-FIN-03273,증권금융이 무엇인지 설명해 주세요.,စက္ကူငွေကြေး ဆိုတာ ဘာလဲဆိုတာ ရှင်းပြပေးပါဦး။,증권금융,증권금융,True,증권·예탁,대출 / 금융시장·거래,1.0,1.0,1.0,0,,40,증권금융
KO-FIN-03277,증권담보금융이 무엇인지 설명해 주세요.,စတော့အိတ်ချေးငွေ ဆိုတာ ဘာလဲဆိုတာ ရှင်းပြပေးပါဦး။,증권담보금융,증권담보금융,True,증권·예탁,자산운용·투자,1.0,1.0,1.0,0,,40,증권담보금융
KO-FIN-03282,증권대위 처리 절차를 확인하고 싶습니다.,စတော့အစုရှယ်ယာ ကို စစ်ဆေးချင်ပါတယ်။,증권대위,증권대위,True,증권·예탁,법률·계약 / 자산운용·투자,1.0,1.0,1.0,0,,40,증권대위
KO-FIN-03286,증권대차제도 처리 절차를 확인하고 싶습니다.,စတော့အိတ်တွေ အပြောင်းအလဲ ကို စစ်ဆေးချင်ပါတယ်။,증권대차제도,증권대차제도,True,증권·예탁,,1.0,1.0,1.0,0,,40,증권대차제도
KO-FIN-03290,증권대행업무 처리 절차를 확인하고 싶습니다.,စတော့အိတ်ကုမ္ပဏီ ကို စစ်ဆေးချင်ပါတယ်။,증권대행업무,증권대행업무,True,증권·예탁,,1.0,1.0,1.0,0,,40,증권대행업무
KO-FIN-03294,증권분석사 처리 절차를 확인하고 싶습니다.,စတော့ရှယ်ယာလေ့လာသူ။ ကို စစ်ဆေးချင်ပါတယ်။,증권분석사,증권분석사,True,증권·예탁,자산운용·투자,1.0,1.0,1.0,0,,40,증권분석사
KO-FIN-03298,증권선물위원회 처리 절차를 확인하고 싶습니다.,စတော့အိတ်ချိန်းကော်မတီ ကို စစ်ဆေးချင်ပါတယ်။,증권선물위원회,증권선물위원회,True,증권·예탁,파생상품 / 금융법규·감독,1.0,1.0,1.0,0,,0,
KO-FIN-03301,증권시장이 무엇을 의미하나요?,စတော့စျေးကွက် ဆိုတာ ဘာကိုဆိုလိုတာလဲ။,증권시장,증권시장,True,금융시장·거래,증권·예탁 / 자산운용·투자,1.0,1.0,1.0,0,,20,증권시장
KO-FIN-03305,증권시장선이 무엇인지 설명해 주세요.,စတော့စျေးကွက် ဆိုတာ ဘာလဲဆိုတာ ရှင်းပြပေးပါဦး။,증권시장선,증권시장선,True,증권·예탁,금융시장·거래 / 자산운용·투자,1.0,1.0,1.0,0,,20,증권시장선
KO-FIN-03309,증권예탁원이 무엇인지 설명해 주세요.,စတော့အကောင့်မှူး။ ဆိုတာ ဘာလဲဆိုတာ ရှင်းပြပေးပါဦး။,증권예탁원,증권예탁원,True,증권·예탁,,1.0,1.0,1.0,0,,40,증권예탁원
KO-FIN-03314,증권용지 관리번호 처리 절차를 확인하고 싶습니다.,စတော့အကောင့် စီမံခန့်ခွဲရေး နံပါတ်။ ကို စစ်ဆေးချင်ပါတယ်။,증권용지 관리번호,증권용지 관리번호,True,증권·예탁,,1.0,1.0,1.0,0,,20,증권용지 관리번호
KO-FIN-03317,증권유통금융이 무엇인지 설명해 주세요.,ငွေကြေးဖြန့်ချိမှု ဆိုတာ ဘာလဲဆိုတာ ရှင်းပြပေးပါဦး။,증권유통금융,증권유통금융,True,증권·예탁,대출 / 지급결제·청산 / 금융시장·거래 / 주식,1.0,1.0,1.0,0,,20,증권유통금융
KO-FIN-03321,증권인수금융이 무엇인지 설명해 주세요.,စက္ကူအစုရှယ်ယာငွေကြေး ဆိုတာ ဘာလဲဆိုတာ ရှင်းပြပေးပါဦး။,증권인수금융,증권인수금융,True,증권·예탁,기업금융·자본조달 / 주식,1.0,1.0,1.0,0,,40,증권인수금융
KO-FIN-03326,증권자본주의 처리 절차를 확인하고 싶습니다.,စက္ကူ အရင်းရှင်ဝါဒ ကို စစ်ဆေးချင်ပါတယ်။,증권자본주의,증권자본주의,True,증권·예탁,,1.0,1.0,1.0,0,,0,
KO-FIN-03331,증권투자신탁에 가입하기 전에 어떤 점을 확인해야 하나요?,စတော့ရင်းနှီးမြှုပ်နှံမှု ကို မဝင်ခင် ဘယ်အချက်တွေကို စစ်ဆေးသင့်လဲ။,증권투자신탁,증권투자신탁,True,펀드·신탁,증권·예탁 / 자산운용·투자,1.0,1.0,1.0,0,,20,증권투자신탁
KO-FIN-03333,증권특성선이 무엇인지 설명해 주세요.,ငွေကြေးဆိုင်ရာ လက္ခဏာများ ဆိုတာ ဘာလဲဆိုတာ ရှင်းပြပေးပါဦး။,증권특성선,증권특성선,True,증권·예탁,,1.0,1.0,1.0,0,,40,증권특성선
KO-FIN-03337,증권화 현상이 무엇인지 설명해 주세요.,ငွေကြေးအထောက်အပံ့ပေးမှု ဆိုတာ ဘာလဲဆိုတာ ရှင်းပြပေးပါဦး။,증권화 현상,증권화 현상,True,증권·예탁,,1.0,1.0,1.0,0,,40,증권화 현상
KO-FIN-03343,증권회사 역외펀드에 가입하기 전에 어떤 점을 확인해야 하나요?,စတော့ကုမ္ပဏီ အပြင်ဘက် ရင်းနှီးမြှုပ်နှံမှု ကို မဝင်ခင် ဘယ်အချက်တွေကို စစ်ဆေးသင့်လဲ။,증권회사 역외펀드,증권회사 역외펀드,True,펀드·신탁,증권·예탁 / 국제금융,1.0,1.0,1.0,0,,20,증권회사 역외펀드
KO-FIN-03350,지방채의 적용 기준을 알려주세요.,အဆီတွေ ကို အသုံးချမှု သတ်မှတ်ချက်ကို ပေးပါ။,지방채,지방채,True,세금,,1.0,1.0,1.0,0,,0,
KO-FIN-03352,지방채의 적용 여부는 거래 유형과 세법에 따라 달라질 수 있습니다.,အဆီတွေ ၏ အသုံးဝင်မှုသည် ငွေပေးချေမှုအမျိုးအစားနှင့် အခွန်ဥပဒေများအလိုက် ကွဲပြားနိုင်သည်။,지방채,지방채,True,세금,,1.0,1.0,1.0,0,,0,
KO-FIN-03354,지배주주와 관련된 정보를 확인하고 싶습니다.,အချုပ်အခြာပိုင်ရှင် နဲ့ ပတ်သက်တဲ့ အချက်အလက်တွေကို စစ်ဆေးချင်ပါတယ်။,지배주주,지배주주,True,주식,,1.0,1.0,1.0,0,,40,지배주주
KO-FIN-03357,지분권이 무엇인지 설명해 주세요.,ပိုင်ဆိုင်ခွင့်။ ဆိုတာ ဘာလဲဆိုတာ ရှင်းပြပေးပါဦး။,지분권,지분권,True,증권·예탁,법률·계약,1.0,1.0,1.0,0,,40,지분권
KO-FIN-03361,지분법이 무엇인지 설명해 주세요.,အချိုးအစား ဥပဒေ ဆိုတာ ဘာလဲဆိုတာ ရှင်းပြပေးပါဦး။,지분법,지분법,True,주식,,1.0,1.0,1.0,0,,40,지분법
KO-FIN-03367,지수법과 관련된 내용을 확인하고 싶습니다.,အညွှန်းကိန်းစနစ် နဲ့ ပတ်သက်တဲ့ အကြောင်းအရာတွေကို စစ်ဆေးချင်ပါတယ်။,지수법,지수법,True,기타 금융일반,,1.0,1.0,1.0,0,,40,지수법
KO-FIN-03368,지수법의 정확한 의미는 해당 금융거래의 맥락과 함께 확인해야 합니다.,အညွှန်းကိန်းစနစ် ရဲ့ တိကျတဲ့ အဓိပ္ပါယ်ကို ငွေကြေး ကုန်သွယ်မှု အခြေအနေနဲ့အတူ စစ်ဆေးဖို့လိုပါတယ်။,지수법,지수법,True,기타 금융일반,,1.0,1.0,1.0,0,,40,지수법
KO-FIN-03369,지시증권이 무엇인지 설명해 주세요.,ညွှန်ကြားချက် လက်မှတ်။ ဆိုတာ ဘာလဲဆိုတာ ရှင်းပြပေးပါဦး။,지시증권,지시증권,True,증권·예탁,금융법규·감독,1.0,1.0,1.0,0,,40,지시증권
KO-FIN-03373,지정가주문이 무엇을 의미하나요?,သတ်မှတ်သူ မေးခွန်း။ ဆိုတာ ဘာကိုဆိုလိုတာလဲ။,지정가주문,지정가주문,True,금융시장·거래,,1.0,1.0,1.0,0,,40,지정가주문
KO-FIN-03379,지정시점결제시스템 과정에서 문제가 발생한 것 같습니다.,အချိန်ကိုက် ဆုံးဖြတ်ချက်ချတဲ့ စနစ်ပါ။ လုပ်နေတုန်းမှာ ပြဿနာတစ်ခု ဖြစ်နေပုံရတယ်။,지정시점결제시스템,지정시점결제시스템,True,지급결제·청산,,1.0,1.0,1.0,0,,20,지정시점결제시스템
KO-FIN-03382,지주회사와 관련된 정보를 확인하고 싶습니다.,ပိုင်ဆိုင်မှု ကုမ္ပဏီပါ။ နဲ့ ပတ်သက်တဲ့ အချက်အလက်တွေကို စစ်ဆေးချင်ပါတယ်။,지주회사,지주회사,True,주식,,1.0,1.0,1.0,0,,20,지주회사
KO-FIN-03385,지체보상금이 무엇인지 설명해 주세요.,နှောင့်နှေးကြေး။ ဆိုတာ ဘာလဲဆိုတာ ရှင်းပြပေးပါဦး။,지체보상금,지체보상금,True,증권·예탁,,1.0,1.0,1.0,0,,20,지체보상금
KO-FIN-03395,직접공시 때문에 추가로 확인해야 할 사항이 있나요?,လူသိရှင်ကြားပါ။ အတွက် ထပ်ပြီး စစ်ဆေးစရာရှိလား။,직접공시,직접공시,True,금융법규·감독,금융시장·거래,1.0,1.0,1.0,0,,40,직접공시
KO-FIN-03396,직접공시의 적용 범위는 관련 법령과 규정에 따라 달라질 수 있습니다.,လူသိရှင်ကြားပါ။ ၏ သက်ရောက်မှု ကဏ္ဍသည် သက်ဆိုင်ရာ ဥပဒေများနှင့် စည်းမျဉ်းများအပေါ် မူတည်၍ ကွဲပြားနိုင်သည်။,직접공시,직접공시,True,금융법규·감독,금융시장·거래,1.0,1.0,1.0,0,,40,직접공시
KO-FIN-03399,직접금융과 관련된 투자 정보를 확인하고 싶습니다.,တိုက်ရိုက် ငွေကြေးထောက်ပံ့မှု နဲ့ ပတ်သက်တဲ့ ရင်းနှီးမြှုပ်နှံမှု အချက်အလက်တွေကို စစ်ဆေးချင်ပါတယ်။,직접금융,직접금융,True,자산운용·투자,,1.0,1.0,1.0,0,,20,직접금융
KO-FIN-03402,직접발행을 이용하려면 어떤 조건이 필요한가요?,တိုက်ရိုက် ထွက်ပါ။ ကို အသုံးပြုဖို့ ဘယ်လို အခြေအနေတွေ လိုအပ်ပါသလဲ။,직접발행,직접발행,True,기업금융·자본조달,증권·예탁,1.0,1.0,1.0,0,,40,직접발행
KO-FIN-03403,직접발행과 관련된 비용과 절차를 확인하고 싶습니다.,တိုက်ရိုက် ထွက်ပါ။ နဲ့ ပတ်သက်တဲ့ ကုန်ကျစရိတ်နဲ့ လုပ်ထုံးလုပ်နည်းတွေကို စစ်ဆေးချင်ပါတယ်။,직접발행,직접발행,True,기업금융·자본조달,증권·예탁,1.0,1.0,1.0,0,,40,직접발행
KO-FIN-03406,직접점유 처리 절차를 확인하고 싶습니다.,တိုက်ရိုက် ပိုင်ဆိုင်မှု။ ကို စစ်ဆေးချင်ပါတယ်။,직접점유,직접점유,True,증권·예탁,,1.0,1.0,1.0,0,,20,직접점유
KO-FIN-03412,직접참가자를 확인할 때 시장 상황과 거래 조건을 함께 살펴보세요.,တိုက်ရိုက် ပါဝင်ကြပါ။ ကို စစ်ဆေးတဲ့အခါ ဈေးကွက်အခြေအနေနဲ့ ကုန်သွယ်မှု အခြေအနေတွေကို အတူတကွ ကြည့်ပါ။,직접참가자,직접참가자,True,금융시장·거래,,1.0,1.0,1.0,0,,20,직접참가자
KO-FIN-03413,직접청약이 무엇인지 설명해 주세요.,တိုက်ရိုက် ဆေးကြောခြင်းပါ။ ဆိုတာ ဘာလဲဆိုတာ ရှင်းပြပေးပါဦး။,직접청약,직접청약,True,주식,증권·예탁,1.0,1.0,1.0,0,,40,직접청약
KO-FIN-03419,직접투자와 관련된 투자 정보를 확인하고 싶습니다.,တိုက်ရိုက် ရင်းနှီးမြှုပ်နှံမှု။ နဲ့ ပတ်သက်တဲ့ ရင်းနှီးမြှုပ်နှံမှု အချက်အလက်တွေကို စစ်ဆေးချင်ပါတယ်။,직접투자,직접투자,True,자산운용·투자,,1.0,1.0,1.0,0,,0,
KO-FIN-03434,집단경쟁매매와 관련된 시장 정보를 확인하고 싶습니다.,အုပ်စုလိုက် ပြိုင်ဆိုင်မှု နဲ့ ပတ်သက်တဲ့ စျေးကွက် အချက်အလက်တွေကို စစ်ဆေးချင်ပါတယ်။,집단경쟁매매,집단경쟁매매,True,금융시장·거래,,1.0,1.0,1.0,0,,0,
KO-FIN-03441,집중예탁이 무엇인지 설명해 주세요.,အာရုံစိုက်ထားပါ။ ဆိုတာ ဘာလဲဆိုတာ ရှင်းပြပေးပါဦး။,집중예탁,집중예탁,True,증권·예탁,,1.0,1.0,1.0,0,,20,집중예탁
KO-FIN-03451,차감결제 과정에서 문제가 발생한 것 같습니다.,အေးဆေးတဲ့ ဖြေရှင်းနည်း လုပ်နေတုန်းမှာ ပြဿနာတစ်ခု ဖြစ်နေပုံရတယ်။,차감결제,차감결제,True,지급결제·청산,금융시장·거래,1.0,1.0,1.0,0,,40,차감결제
KO-FIN-03455,차금결제 과정에서 문제가 발생한 것 같습니다.,ငွေကြေး ဖြေရှင်းချက်။ လုပ်နေတုန်းမှာ ပြဿနာတစ်ခု ဖြစ်နေပုံရတယ်။,차금결제,차금결제,True,지급결제·청산,금융시장·거래,1.0,1.0,1.0,0,,40,차금결제
KO-FIN-03462,차변 대변을 통해 어떤 정보를 확인할 수 있나요?,ကားဘေးက အစာအိမ်။ ကနေ ဘယ်သတင်းအချက်အလက်တွေကို ရှာတွေ့နိုင်လဲ။,차변 대변,차변 대변,True,회계·재무,,1.0,1.0,1.0,0,,40,차변 대변
KO-FIN-03464,차변 대변은 기준 시점과 작성 기준을 함께 확인해야 합니다.,ကားဘေးက အစာအိမ်။ ကို မှတ်တမ်းတင်ချိန်နဲ့ မှတ်တမ်းတင်ချိန်နဲ့အတူ စစ်ဆေးဖို့လိုပါတယ်။,차변 대변,차변 대변,True,회계·재무,,1.0,1.0,1.0,0,,40,차변 대변
KO-FIN-03466,차변이체 또는 추심시스템을 이용하려면 어떻게 해야 하나요?,အပြောင်းအလဲ (သို့) အာရုံစိုက်မှုစနစ်ပါ။ ကို သုံးဖို့ ဘယ်လိုလုပ်ရမလဲ။,차변이체 또는 추심시스템,차변이체 또는 추심시스템,True,이체,,1.0,1.0,1.0,0,,20,차변이체 또는 추심시스템
KO-FIN-03468,차변이체 또는 추심시스템을 진행하기 전에 입력한 정보를 다시 확인해 주세요.,အပြောင်းအလဲ (သို့) အာရုံစိုက်မှုစနစ်ပါ။ ကို မလုပ်ခင် အချက်အလက်တွေကို ပြန်စစ်ပါ။,차변이체 또는 추심시스템,차변이체 또는 추심시스템,True,이체,,1.0,1.0,1.0,0,,20,차변이체 또는 추심시스템
KO-FIN-03470,차익거래와 관련된 시장 정보를 확인하고 싶습니다.,စျေးဝယ်ပါ။ နဲ့ ပတ်သက်တဲ့ စျေးကွက် အချက်အလက်တွေကို စစ်ဆေးချင်ပါတယ်။,차익거래,차익거래,True,금융시장·거래,,1.0,1.0,1.0,0,,40,차익거래
KO-FIN-03475,차입매수에 대해 상담받고 싶습니다.,ရောင်းဝယ်မှု အကြောင်းကို မေးမြန်းလိုပါတယ်။,차입매수,차입매수,True,대출,금융시장·거래,1.0,1.0,1.0,0,,40,차입매수
KO-FIN-03487,참가적우선주와 관련해 투자 전에 확인해야 할 사항이 있나요?,ပါဝင်သူ ဦးစားပေးပါ။ နဲ့ပတ်သက်ပြီး ရင်းနှီးမြှုပ်နှံမှု မလုပ်ခင် သေချာဖို့ အချက်တွေရှိလား။,참가적우선주,참가적우선주,True,주식,,1.0,1.0,1.0,0,,40,참가적우선주
KO-FIN-03489,창고증권이 무엇인지 설명해 주세요.,သိုလှောင်ရေး လက်မှတ်။ ဆိုတာ ဘာလဲဆိုတာ ရှင်းပြပေးပါဦး။,창고증권,창고증권,True,증권·예탁,,1.0,1.0,1.0,0,,40,창고증권
KO-FIN-03495,창립총회와 관련해 투자 전에 확인해야 할 사항이 있나요?,တည်ထောင်ရေး အစည်းအဝေး နဲ့ပတ်သက်ပြီး ရင်းနှီးမြှုပ်နှံမှု မလုပ်ခင် သေချာဖို့ အချက်တွေရှိလား။,창립총회,창립총회,True,주식,금융법규·감독,1.0,1.0,1.0,0,,0,
KO-FIN-03499,창업비와 관련해 투자 전에 확인해야 할 사항이 있나요?,တည်ထောင်မှု စရိတ် နဲ့ပတ်သက်ပြီး ရင်းနှီးမြှုပ်နှံမှု မလုပ်ခင် သေချာဖို့ အချက်တွေရှိလား။,창업비,창업비,True,주식,,1.0,1.0,1.0,0,,40,창업비
KO-FIN-03506,채권가격지수의 조건과 수익 구조를 확인하고 싶습니다.,ကြွေးမြီ စျေးနှုန်း အညွှန်းကိန်း ရဲ့ အခြေအနေနဲ့ ဝင်ငွေ တည်ဆောက်ပုံကို စစ်ဆေးချင်ပါတယ်။,채권가격지수,채권가격지수,True,채권,금융시장·거래,1.0,1.0,1.0,0,,0,
KO-FIN-03510,채권등급평가의 조건과 수익 구조를 확인하고 싶습니다.,ကြွေးမြီ အဆင့်သတ်မှတ်ချက် ရဲ့ အခြေအနေနဲ့ ဝင်ငွေ တည်ဆောက်ပုံကို စစ်ဆေးချင်ပါတယ်။,채권등급평가,채권등급평가,True,채권,자산운용·투자,1.0,1.0,1.0,0,,20,채권등급평가
KO-FIN-03514,채권딜러제도의 조건과 수익 구조를 확인하고 싶습니다.,ချေးငွေရောင်းဝယ်ရေးစနစ်ပါ။ ရဲ့ အခြေအနေနဲ့ ဝင်ငွေ တည်ဆောက်ပုံကို စစ်ဆေးချင်ပါတယ်။,채권딜러제도,채권딜러제도,True,채권,금융시장·거래 / 자산운용·투자,1.0,1.0,1.0,0,,40,채권딜러제도
KO-FIN-03517,채권면역전략이 무엇인지 설명해 주세요.,ကြွေးမြီစျေးကွက် မဟာဗျူဟာ ဆိုတာ ဘာလဲဆိုတာ ရှင်းပြပေးပါဦး။,채권면역전략,채권면역전략,True,채권,자산운용·투자,1.0,1.0,1.0,0,,0,
KO-FIN-03521,채권상장심사기준이 무엇인지 설명해 주세요.,ချေးငွေ စျေးကွက် စံသတ်မှတ်ချက်။ ဆိုတာ ဘာလဲဆိုတာ ရှင်းပြပေးပါဦး။,채권상장심사기준,채권상장심사기준,True,채권,금융시장·거래,1.0,1.0,1.0,0,,40,채권상장심사기준
KO-FIN-03525,채권상장폐지기준이 무엇을 의미하나요?,စက္ကူစျေးကွက် ပိတ်ဖို့ ဆိုတာ ဘာကိုဆိုလိုတာလဲ။,채권상장폐지기준,채권상장폐지기준,True,금융시장·거래,채권,1.0,1.0,1.0,0,,40,채권상장폐지기준
KO-FIN-03530,채권선물거래와 관련된 시장 정보를 확인하고 싶습니다.,ကြွေးမြီ ရွေးချယ်မှု အရောင်းအဝယ် နဲ့ ပတ်သက်တဲ့ စျေးကွက် အချက်အလက်တွေကို စစ်ဆေးချင်ပါတယ်။,채권선물거래,채권선물거래,True,금융시장·거래,채권 / 파생상품,1.0,1.0,1.0,0,,0,
KO-FIN-03533,채권수익률이 무엇인지 설명해 주세요.,ကြွေးမြီ အမြတ်နှုန်း ဆိုတာ ဘာလဲဆိုတာ ရှင်းပြပေးပါဦး။,채권수익률,채권수익률,True,채권,,1.0,1.0,1.0,0,,0,
KO-FIN-03538,채권수익률의 기간구조의 조건과 수익 구조를 확인하고 싶습니다.,ကြွေးမြီ အမြတ်နှုန်းရဲ့ ကာလတည်ဆောက်မှု ရဲ့ အခြေအနေနဲ့ ဝင်ငွေ တည်ဆောက်ပုံကို စစ်ဆေးချင်ပါတယ်။,채권수익률의 기간구조,채권수익률의 기간구조,True,채권,,1.0,1.0,1.0,0,,0,
KO-FIN-03542,채권수익률의 위험구조의 조건과 수익 구조를 확인하고 싶습니다.,ကြွေးမြီ အမြတ်နှုန်းရဲ့ အန္တရာယ် တည်ဆောက်မှု ရဲ့ အခြေအနေနဲ့ ဝင်ငွေ တည်ဆောက်ပုံကို စစ်ဆေးချင်ပါတယ်။,채권수익률의 위험구조,채권수익률의 위험구조,True,채권,신용·리스크,1.0,1.0,1.0,0,,0,
KO-FIN-03546,채권시가평가제의 조건과 수익 구조를 확인하고 싶습니다.,ကြွေးမြီ စျေးကွက် အကဲဖြတ်သူ ရဲ့ အခြေအနေနဲ့ ဝင်ငွေ တည်ဆောက်ပုံကို စစ်ဆေးချင်ပါတယ်။,채권시가평가제,채권시가평가제,True,채권,신용·리스크,1.0,1.0,1.0,0,,0,
KO-FIN-03549,채권시장안정기금이 무엇인지 설명해 주세요.,ကြွေးမြီစျေးကွက် ထိန်းချုပ်ရေး ရံပုံငွေပါ။ ဆိုတာ ဘာလဲဆိုတာ ရှင်းပြပေးပါဦး။,채권시장안정기금,채권시장안정기금,True,채권,금융시장·거래,1.0,1.0,1.0,0,,20,채권시장안정기금
KO-FIN-03554,채권양도의 조건과 수익 구조를 확인하고 싶습니다.,ငွေကြေးချေးငွေ ရဲ့ အခြေအနေနဲ့ ဝင်ငွေ တည်ဆောက်ပုံကို စစ်ဆေးချင်ပါတယ်။,채권양도,채권양도,True,채권,법률·계약,1.0,1.0,1.0,0,,40,채권양도
KO-FIN-03557,채권원리금상환이 무엇인지 설명해 주세요.,ကြွေးမြီ မူရင်းငွေ ပြန်ပေးချေမှု ဆိုတာ ဘာလဲဆိုတာ ရှင်းပြပေးပါဦး။,채권원리금상환,채권원리금상환,True,채권,,1.0,1.0,1.0,0,,20,채권원리금상환
KO-FIN-03564,채무불이행은 거래 조건이나 이용 가능 여부에 영향을 줄 수 있습니다.,ချေးငွေချေမှု ဟာ ကုန်သွယ်မှု အခြေအနေတွေ (သို့) သုံးစွဲမှုအပေါ် သက်ရောက်မှုရှိနိုင်ပါတယ်။,채무불이행,채무불이행,True,신용·리스크,,1.0,1.0,1.0,0,,40,채무불이행
KO-FIN-03567,채무불이행위험을 줄이려면 어떤 점을 확인해야 하나요?,အကြွေးချေမှု စွန့်စားမှု ကို လျှော့ချဖို့ ဘယ်အချက်ကို စစ်ဆေးဖို့လိုလဲ။,채무불이행위험,채무불이행위험,True,신용·리스크,,1.0,1.0,1.0,0,,20,채무불이행위험
KO-FIN-03568,채무불이행위험은 거래 조건이나 이용 가능 여부에 영향을 줄 수 있습니다.,အကြွေးချေမှု စွန့်စားမှု ဟာ ကုန်သွယ်မှု အခြေအနေတွေ (သို့) သုံးစွဲမှုအပေါ် သက်ရောက်မှုရှိနိုင်ပါတယ်။,채무불이행위험,채무불이행위험,True,신용·리스크,,1.0,1.0,1.0,0,,20,채무불이행위험
KO-FIN-03569,책임재산이 무엇인지 설명해 주세요.,တာဝန်ယူမှု ဆိုတာ ဘာလဲဆိုတာ ရှင်းပြပေးပါဦး။,책임재산,책임재산,True,채권,,1.0,1.0,1.0,0,,0,
KO-FIN-03578,청산거래와 관련된 시장 정보를 확인하고 싶습니다.,ပိုက်ဆံရောင်းချမှု။ နဲ့ ပတ်သက်တဲ့ စျေးကွက် အချက်အလက်တွေကို စစ်ဆေးချင်ပါတယ်။,청산거래,청산거래,True,금융시장·거래,지급결제·청산,1.0,1.0,1.0,0,,40,청산거래
KO-FIN-03583,청산결제시스템 과정에서 문제가 발생한 것 같습니다.,သန့်ရှင်းရေး စနစ်ပါ။ လုပ်နေတုန်းမှာ ပြဿနာတစ်ခု ဖြစ်နေပုံရတယ်။,청산결제시스템,청산결제시스템,True,지급결제·청산,,1.0,1.0,1.0,0,,20,청산결제시스템
KO-FIN-03585,청산회사가 무엇인지 설명해 주세요.,သန့်စင်ရေး ကုမ္ပဏီ။ ဆိုတာ ဘာလဲဆိုတာ ရှင်းပြပေးပါ။,청산회사,청산회사,True,지급결제·청산,금융시장·거래,1.0,1.0,1.0,0,,20,청산회사
KO-FIN-03589,청산회원이 무엇인지 설명해 주세요.,လွှတ်တော်ကိုယ်စားလှယ် ဆိုတာ ဘာလဲဆိုတာ ရှင်းပြပေးပါဦး။,청산회원,청산회원,True,지급결제·청산,,1.0,1.0,1.0,0,,0,
KO-FIN-03593,청약증거금이 무엇인지 쉽게 설명해 주세요.,ကမ်းလှမ်းချက်ရဲ့ အထောက်အထား ဆိုတာ ဘာလဲဆိုတာ ရှင်းပြပေးပါ။,청약증거금,청약증거금,True,파생상품,증권·예탁,1.0,1.0,1.0,0,,20,청약증거금
KO-FIN-03597,체결시점매매확인 시스템이 무엇을 의미하나요?,လက်မှတ်ထိုးတဲ့ အချိန်မှာ လက်မှတ်ထိုးတဲ့ စနစ်ပါ။ ဆိုတာ ဘာကိုဆိုလိုတာလဲ။,체결시점매매확인 시스템,체결시점매매확인 시스템,True,금융시장·거래,,1.0,1.0,1.0,0,,40,체결시점매매확인 시스템
KO-FIN-03603,체계적 위험을 줄이려면 어떤 점을 확인해야 하나요?,စနစ်ကျတဲ့ အန္တရာယ်ပါ။ ကို လျှော့ချဖို့ ဘယ်အချက်ကို စစ်ဆေးဖို့လိုလဲ။,체계적 위험,체계적 위험,True,신용·리스크,,1.0,1.0,1.0,0,,0,
KO-FIN-03604,체계적 위험은 거래 조건이나 이용 가능 여부에 영향을 줄 수 있습니다.,စနစ်ကျတဲ့ အန္တရာယ်ပါ။ ဟာ ကုန်သွယ်မှု အခြေအနေတွေ (သို့) သုံးစွဲမှုအပေါ် သက်ရောက်မှုရှိနိုင်ပါတယ်။,체계적 위험,체계적 위험,True,신용·리스크,,1.0,1.0,1.0,0,,0,
KO-FIN-03605,초과담보율이 무엇인지 설명해 주세요.,အပိုသုံးနှုန်း ဆိုတာ ဘာလဲဆိုတာ ရှင်းပြပေးပါဦး။,초과담보율,초과담보율,True,증권·예탁,,1.0,1.0,1.0,0,,20,초과담보율
KO-FIN-03610,총계정원장은 어디에서 확인할 수 있나요?,ဗိုလ်ချုပ်မှူးကြီး။ ကို ဘယ်မှာတွေ့လဲ။,총계정원장,총계정원장,True,계좌,,1.0,1.0,1.0,0,,40,총계정원장
KO-FIN-03611,총계정원장이 정상적으로 표시되지 않습니다.,ဗိုလ်ချုပ်မှူးကြီး။ ကို ပုံမှန် မပြနိုင်ပါ။,총계정원장,총계정원장,True,계좌,,1.0,1.0,1.0,0,,40,총계정원장
KO-FIN-03616,총액인수의 세부 조건과 절차는 거래 유형에 따라 달라질 수 있습니다.,စုစုပေါင်း ပမာဏ ၏ အသေးစိတ် စည်းမျဉ်းစည်းကမ်းများနှင့် လုပ်ထုံးလုပ်နည်းများသည် ငွေပေးချေမှု အမျိုးအစားအလိုက် ကွဲပြားနိုင်သည်။,총액인수,총액인수,True,기업금융·자본조달,,1.0,1.0,1.0,0,,40,총액인수
KO-FIN-03617,총액지급증권이 무엇인지 설명해 주세요.,စုစုပေါင်း ထောက်ပံ့မှု စာရွက်စာတမ်း ဆိုတာ ဘာလဲဆိုတာ ရှင်းပြပေးပါဦး။,총액지급증권,총액지급증권,True,증권·예탁,,1.0,1.0,1.0,0,,40,총액지급증권
KO-FIN-03627,최소분산포트폴리오와 관련된 투자 정보를 확인하고 싶습니다.,အနည်းဆုံး ဖြန့်ဝေထားတဲ့ ရုံးစု နဲ့ ပတ်သက်တဲ့ ရင်းနှီးမြှုပ်နှံမှု အချက်အလက်တွေကို စစ်ဆေးချင်ပါတယ်။,최소분산포트폴리오,최소분산포트폴리오,True,자산운용·투자,,1.0,1.0,1.0,0,,40,최소분산포트폴리오
KO-FIN-03629,최소증거금이 무엇인지 쉽게 설명해 주세요.,အနည်းဆုံး သက်သေခံငွေပါ။ ဆိုတာ ဘာလဲဆိုတာ ရှင်းပြပေးပါ။,최소증거금,최소증거금,True,파생상품,금융시장·거래,1.0,1.0,1.0,0,,20,최소증거금
KO-FIN-03636,최적규모의 정확한 의미는 해당 금융거래의 맥락과 함께 확인해야 합니다.,အကောင်းဆုံး အရွယ်အစားပါ။ ရဲ့ တိကျတဲ့ အဓိပ္ပါယ်ကို ငွေကြေး ကုန်သွယ်မှု အခြေအနေနဲ့အတူ စစ်ဆေးဖို့လိုပါတယ်။,최적규모,최적규모,True,기타 금융일반,,1.0,1.0,1.0,0,,40,최적규모
KO-FIN-03639,최적포트폴리오와 관련된 투자 정보를 확인하고 싶습니다.,အကောင်းဆုံး ပရိုဖိုင်ပါ။ နဲ့ ပတ်သက်တဲ့ ရင်းနှီးမြှုပ်နှံမှု အချက်အလက်တွေကို စစ်ဆေးချင်ပါတယ်။,최적포트폴리오,최적포트폴리오,True,자산운용·투자,,1.0,1.0,1.0,0,,40,최적포트폴리오
KO-FIN-03643,최종이체 과정에서 문제가 발생한 것 같습니다.,နောက်ဆုံး အစိတ်အပိုင်းပါ။ လုပ်နေတုန်းမှာ ပြဿနာတစ်ခု ဖြစ်နေပုံရတယ်။,최종이체,최종이체,True,지급결제·청산,,1.0,1.0,1.0,0,,40,최종이체
KO-FIN-03645,추가상장이 무엇을 의미하나요?,အပိုစျေး ဆိုတာ ဘာကိုဆိုလိုတာလဲ။,추가상장,추가상장,True,금융시장·거래,,1.0,1.0,1.0,0,,40,추가상장
KO-FIN-03653,추가증거금이 무엇인지 쉽게 설명해 주세요.,အထောက်အထား ထပ်ဖြည့်ပါ။ ဆိုတာ ဘာလဲဆိုတာ ရှင်းပြပေးပါ။,추가증거금,추가증거금,True,파생상품,,1.0,1.0,1.0,0,,40,추가증거금
KO-FIN-03659,추정이익 때문에 추가로 확인해야 할 사항이 있나요?,ခန့်မှန်းချက်က အတွက် ထပ်ပြီး စစ်ဆေးစရာရှိလား။,추정이익,추정이익,True,금융법규·감독,,1.0,1.0,1.0,0,,40,추정이익
KO-FIN-03664,추정재무제표는 기준 시점과 작성 기준을 함께 확인해야 합니다.,ဘဏ္ဍာရေး ခန့်မှန်းချက်။ ကို မှတ်တမ်းတင်ချိန်နဲ့ မှတ်တမ်းတင်ချိန်နဲ့အတူ စစ်ဆေးဖို့လိုပါတယ်။,추정재무제표,추정재무제표,True,회계·재무,,1.0,1.0,1.0,0,,40,추정재무제표
KO-FIN-03666,출입직원등록제도 처리 절차를 확인하고 싶습니다.,ဝန်ထမ်းဝင်စာရင်းမှာလည်း ကို စစ်ဆေးချင်ပါတယ်။,출입직원등록제도,출입직원등록제도,True,증권·예탁,,1.0,1.0,1.0,0,,20,출입직원등록제도
KO-FIN-03674,출자인수권을 이용하려면 어떤 조건이 필요한가요?,စာရင်းသွင်းခွင့် ကို အသုံးပြုဖို့ ဘယ်လို အခြေအနေတွေ လိုအပ်ပါသလဲ။,출자인수권,출자인수권,True,기업금융·자본조달,,1.0,1.0,1.0,0,,40,출자인수권
KO-FIN-03675,출자인수권과 관련된 비용과 절차를 확인하고 싶습니다.,စာရင်းသွင်းခွင့် နဲ့ ပတ်သက်တဲ့ ကုန်ကျစရိတ်နဲ့ လုပ်ထုံးလုပ်နည်းတွေကို စစ်ဆေးချင်ပါတယ်။,출자인수권,출자인수권,True,기업금융·자본조달,,1.0,1.0,1.0,0,,40,출자인수권
KO-FIN-03677,출자전환이 무엇인지 설명해 주세요.,အပြန်အလှန် ပြောင်းလဲခြင်း။ ဆိုတာ ဘာလဲဆိုတာ ရှင်းပြပေးပါဦး။,출자전환,출자전환,True,주식,,1.0,1.0,1.0,0,,40,출자전환
KO-FIN-03681,출자증권이 무엇인지 설명해 주세요.,နိုင်ငံကူးလက်မှတ်။ ဆိုတာ ဘာလဲဆိုတာ ရှင်းပြပေးပါဦး။,출자증권,출자증권,True,증권·예탁,,1.0,1.0,1.0,0,,40,출자증권
KO-FIN-03685,출자총액제한이 무엇인지 설명해 주세요.,ပံ့ပိုးမှု ကန့်သတ်ချက်ပါ။ ဆိုတာ ဘာလဲဆိုတာ ရှင်းပြပေးပါဦး။,출자총액제한,출자총액제한,True,주식,,1.0,1.0,1.0,0,,40,출자총액제한
KO-FIN-03691,충당금과 관련된 내용을 확인하고 싶습니다.,အခကြေးငွေပါ။ နဲ့ ပတ်သက်တဲ့ အကြောင်းအရာတွေကို စစ်ဆေးချင်ပါတယ်။,충당금,충당금,True,기타 금융일반,,1.0,1.0,1.0,0,,40,충당금
KO-FIN-03692,충당금의 정확한 의미는 해당 금융거래의 맥락과 함께 확인해야 합니다.,အခကြေးငွေပါ။ ရဲ့ တိကျတဲ့ အဓိပ္ပါယ်ကို ငွေကြေး ကုန်သွယ်မှု အခြေအနေနဲ့အတူ စစ်ဆေးဖို့လိုပါတယ်။,충당금,충당금,True,기타 금융일반,,1.0,1.0,1.0,0,,40,충당금
KO-FIN-03694,충분성을 통해 어떤 정보를 확인할 수 있나요?,လုံလောက်မှု။ ကနေ ဘယ်သတင်းအချက်အလက်တွေကို ရှာတွေ့နိုင်လဲ။,충분성,충분성,True,회계·재무,,1.0,1.0,1.0,0,,0,
KO-FIN-03696,충분성은 기준 시점과 작성 기준을 함께 확인해야 합니다.,လုံလောက်မှု။ ကို မှတ်တမ်းတင်ချိန်နဲ့ မှတ်တမ်းတင်ချိန်နဲ့အတူ စစ်ဆေးဖို့လိုပါတယ်။,충분성,충분성,True,회계·재무,,1.0,1.0,1.0,0,,0,
KO-FIN-03699,카멜레온펀드에 가입하기 전에 어떤 점을 확인해야 하나요?,ကမ်မီလီယံ ရံပုံငွေပါ။ ကို မဝင်ခင် ဘယ်အချက်တွေကို စစ်ဆေးသင့်လဲ။,카멜레온펀드,카멜레온펀드,True,펀드·신탁,,1.0,1.0,1.0,0,,40,카멜레온펀드
KO-FIN-03703,컨트리 펀드에 가입하기 전에 어떤 점을 확인해야 하나요?,ကောင်တီဖောင်ဒေးရှင်း ကို မဝင်ခင် ဘယ်အချက်တွေကို စစ်ဆေးသင့်လဲ။,컨트리 펀드,컨트리 펀드,True,펀드·신탁,증권·예탁,1.0,1.0,1.0,0,,40,컨트리 펀드
KO-FIN-03705,코레스은행에 대해 자세히 알려주세요.,ကိုရက်စ်ဘဏ် အကြောင်း အသေးစိတ်ပြောပြပါ။,코레스은행,코레스은행,True,해외송금·외환,금융기관·은행,1.0,1.0,1.0,0,,20,코레스은행
KO-FIN-03706,코레스은행을 확인하고 싶습니다.,ကိုရက်စ်ဘဏ် ကို စစ်ဆေးချင်ပါတယ်။,코레스은행,코레스은행,True,해외송금·외환,금융기관·은행,1.0,1.0,1.0,0,,20,코레스은행
KO-FIN-03711,코리아유로펀드에 가입하기 전에 어떤 점을 확인해야 하나요?,ကိုရီးယား ဥရောပရန်ပုံငွေ ကို မဝင်ခင် ဘယ်အချက်တွေကို စစ်ဆေးသင့်လဲ။,코리아유로펀드,코리아유로펀드,True,펀드·신탁,자산운용·투자,1.0,1.0,1.0,0,,40,코리아유로펀드
KO-FIN-03715,코리아펀드에 가입하기 전에 어떤 점을 확인해야 하나요?,ကိုရီးယား ရန်ပုံငွေ ကို မဝင်ခင် ဘယ်အချက်တွေကို စစ်ဆေးသင့်လဲ။,코리아펀드,코리아펀드,True,펀드·신탁,금융시장·거래 / 증권·예탁,1.0,1.0,1.0,0,,40,코리아펀드
KO-FIN-03717,코스닥 등록법인이 무엇인지 설명해 주세요.,Costco မှတ်ပုံတင် ဥပဒေ။ ဆိုတာ ဘာလဲဆိုတာ ရှင်းပြပေးပါဦး။,코스닥 등록법인,코스닥 등록법인,True,증권·예탁,,1.0,1.0,1.0,0,,0,
KO-FIN-03721,코스닥 등록주식이 무엇인지 설명해 주세요.,Co-Stock မှတ်ပုံတင်ရှယ်ယာ ဆိုတာ ဘာလဲဆိုတာ ရှင်းပြပေးပါဦး။,코스닥 등록주식,코스닥 등록주식,True,주식,증권·예탁 / 자산운용·투자 / 금융시장·거래,1.0,1.0,1.0,0,,0,
KO-FIN-03725,코스닥이 무엇을 의미하나요?,ကော့စတိတ် ဆိုတာ ဘာကိုဆိုလိုတာလဲ။,코스닥,코스닥,True,금융시장·거래,,1.0,1.0,1.0,0,,0,
KO-FIN-03729,콘탱고가 무엇인지 설명해 주세요.,ကွန်တန်ဂို။ ဆိုတာ ဘာလဲဆိုတာ ရှင်းပြပေးပါ။,콘탱고,콘탱고,True,지급결제·청산,,1.0,1.0,1.0,0,,0,
KO-FIN-03736,콜은 심사 결과에 따라 이용 가능 여부가 달라질 수 있습니다.,ကိုလ်။ က သုံးစွဲမှုအပေါ် မူတည်ပြီး ပြောင်းလဲနိုင်ပါတယ်။,콜,콜,True,대출,금융기관·은행,1.0,1.0,1.0,0,,30,콜
KO-FIN-03738,콜레이트에서 이용할 수 있는 금융업무는 무엇인가요?,ကိုလက်ရက်။ မှာ သုံးနိုင်တဲ့ ဘဏ္ဍာရေးလုပ်ငန်းတွေက ဘာတွေလဲ။,콜레이트,콜레이트,True,금융기관·은행,,1.0,1.0,1.0,0,,0,
KO-FIN-03742,쿠폰부사채의 조건과 수익 구조를 확인하고 싶습니다.,ကွပ်ကဲမှု ကွပ်ကဲမှု ရဲ့ အခြေအနေနဲ့ ဝင်ငွေ တည်ဆောက်ပုံကို စစ်ဆေးချင်ပါတယ်။,쿠폰부사채,쿠폰부사채,True,채권,,1.0,1.0,1.0,0,,40,쿠폰부사채
KO-FIN-03747,타이거펀드에 가입하기 전에 어떤 점을 확인해야 하나요?,ကျားဖောင်ဒေးရှင်း ကို မဝင်ခင် ဘယ်အချက်တွေကို စစ်ဆေးသင့်လဲ။,타이거펀드,타이거펀드,True,펀드·신탁,자산운용·투자,1.0,1.0,1.0,0,,40,타이거펀드
KO-FIN-03749,탈중개화현상이 무엇인지 설명해 주세요.,အလေးချိန်လျှော့ချမှု ဖြစ်စဉ်ပါ။ ဆိုတာ ဘာလဲဆိုတာ ရှင်းပြပေးပါဦး။,탈중개화현상,탈중개화현상,True,지급결제·청산,,1.0,1.0,1.0,0,,40,탈중개화현상
KO-FIN-03760,테크노스트럭처의 정확한 의미는 해당 금융거래의 맥락과 함께 확인해야 합니다.,နည်းပညာ တည်ဆောက်မှု။ ရဲ့ တိကျတဲ့ အဓိပ္ပါယ်ကို ငွေကြေး ကုန်သွယ်မှု အခြေအနေနဲ့အတူ စစ်ဆေးဖို့လိုပါတယ်။,테크노스트럭처,테크노스트럭처,True,기타 금융일반,,1.0,1.0,1.0,0,,40,테크노스트럭처
KO-FIN-03764,토론토선물거래소를 확인할 때 시장 상황과 거래 조건을 함께 살펴보세요.,Toronto ကုန်စည်စျေးကွက်။ ကို စစ်ဆေးတဲ့အခါ ဈေးကွက်အခြေအနေနဲ့ ကုန်သွယ်မှု အခြေအနေတွေကို အတူတကွ ကြည့်ပါ။,토론토선물거래소,토론토선물거래소,True,금융시장·거래,파생상품 / 대출,1.0,1.0,1.0,0,,40,토론토선물거래소
KO-FIN-03768,토론토증권거래소를 확인할 때 시장 상황과 거래 조건을 함께 살펴보세요.,တိုရွန်တို စတော့စျေးကွက်။ ကို စစ်ဆေးတဲ့အခါ ဈေးကွက်အခြေအနေနဲ့ ကုန်သွယ်မှု အခြေအနေတွေကို အတူတကွ ကြည့်ပါ။,토론토증권거래소,토론토증권거래소,True,금융시장·거래,증권·예탁 / 대출,1.0,1.0,1.0,0,,0,
KO-FIN-03771,토빈의 분리정리와 관련된 투자 정보를 확인하고 싶습니다.,Tobin ရဲ့ ခွဲခြားမှု နိယာမ။ နဲ့ ပတ်သက်တဲ့ ရင်းနှီးမြှုပ်နှံမှု အချက်အလက်တွေကို စစ်ဆေးချင်ပါတယ်။,토빈의 분리정리,토빈의 분리정리,True,자산운용·투자,,1.0,1.0,1.0,0,,0,
KO-FIN-03774,통일규격유가증권 관리현황보고서 처리 절차를 확인하고 싶습니다.,တစ်နေ့တာ စည်းမျဉ်းစည်းကမ်း ချိုးဖောက်မှု အစီရင်ခံစာ ကို စစ်ဆေးချင်ပါတယ်။,통일규격유가증권 관리현황보고서,통일규격유가증권 관리현황보고서,True,증권·예탁,,1.0,1.0,1.0,0,,20,통일규격유가증권 관리현황보고서
KO-FIN-03777,통일규격유가증권이 무엇인지 설명해 주세요.,တစ်နေ့တာ စည်းမျဉ်းစည်းကမ်းတွေ ဆိုတာ ဘာလဲဆိုတာ ရှင်းပြပေးပါဦး။,통일규격유가증권,통일규격유가증권,True,증권·예탁,,1.0,1.0,1.0,0,,40,통일규격유가증권
KO-FIN-03781,통일상사법이 무엇인지 설명해 주세요.,တစ်နေ့တာ ကုန်သွယ်မှု ဥပဒေ။ ဆိုတာ ဘာလဲဆိုတာ ရှင်းပြပေးပါဦး။,통일상사법,통일상사법,True,증권·예탁,금융법규·감독,1.0,1.0,1.0,0,,40,통일상사법
KO-FIN-03786,통정매매와 관련된 시장 정보를 확인하고 싶습니다.,ရောင်းဝယ်မှု နဲ့ ပတ်သက်တဲ့ စျေးကွက် အချက်အလက်တွေကို စစ်ဆေးချင်ပါတယ်။,통정매매,통정매매,True,금융시장·거래,증권·예탁,1.0,1.0,1.0,0,,40,통정매매
KO-FIN-03791,통합결제 과정에서 문제가 발생한 것 같습니다.,ပေါင်းစည်းမှု ဖြေရှင်းနည်း လုပ်နေတုန်းမှာ ပြဿနာတစ်ခု ဖြစ်နေပုံရတယ်။,통합결제,통합결제,True,지급결제·청산,,1.0,1.0,1.0,0,,20,통합결제
KO-FIN-03793,통합결제기구협의회가 무엇인지 설명해 주세요.,တစ်သားတည်း ဖြေရှင်းရေး အဖွဲ့အစည်း ကောင်စီ ဆိုတာ ဘာလဲဆိုတာ ရှင်းပြပေးပါ။,통합결제기구협의회,통합결제기구협의회,True,지급결제·청산,,1.0,1.0,1.0,0,,0,
KO-FIN-03798,통합계좌 처리 절차를 확인하고 싶습니다.,စုပေါင်းစာရင်း ကို စစ်ဆေးချင်ပါတယ်။,통합계좌,통합계좌,True,증권·예탁,,1.0,1.0,1.0,0,,40,통합계좌
KO-FIN-03801,통화선물이 무엇인지 쉽게 설명해 주세요.,ငွေကြေး လက်ဆောင် ဆိုတာ ဘာလဲဆိုတာ ရှင်းပြပေးပါ။,통화선물,통화선물,True,파생상품,해외송금·외환 / 금융시장·거래,1.0,1.0,1.0,0,,20,통화선물
KO-FIN-03805,통화선물옵션이 무엇인지 쉽게 설명해 주세요.,ငွေပေးချေမှု ရွေးချယ်မှု ဆိုတာ ဘာလဲဆိုတာ ရှင်းပြပေးပါ။,통화선물옵션,통화선물옵션,True,파생상품,해외송금·외환,1.0,1.0,1.0,0,,40,통화선물옵션
KO-FIN-03809,통화스왑이 무엇인지 쉽게 설명해 주세요.,ဖုန်းခေါ်ဆိုမှု။ ဆိုတာ ဘာလဲဆိုတာ ရှင်းပြပေးပါ။,통화스왑,통화스왑,True,파생상품,해외송금·외환,1.0,1.0,1.0,0,,20,통화스왑
KO-FIN-03813,통화안정증권이 무엇인지 설명해 주세요.,ငွေကြေး လုံခြုံရေး လက်မှတ်။ ဆိုတာ ဘာလဲဆိုတာ ရှင်းပြပေးပါဦး။,통화안정증권,통화안정증권,True,증권·예탁,,1.0,1.0,1.0,0,,40,통화안정증권
KO-FIN-03817,통화옵션에 대해 자세히 알려주세요.,ဖုန်းခေါ်ဆိုမှု ရွေးချယ်မှု အကြောင်း အသေးစိတ်ပြောပြပါ။,통화옵션,통화옵션,True,해외송금·외환,파생상품,1.0,1.0,1.0,0,,40,통화옵션
KO-FIN-03818,통화옵션을 확인하고 싶습니다.,ဖုန်းခေါ်ဆိုမှု ရွေးချယ်မှု ကို စစ်ဆေးချင်ပါတယ်။,통화옵션,통화옵션,True,해외송금·외환,파생상품,1.0,1.0,1.0,0,,40,통화옵션
KO-FIN-03824,통화지표는 운용 결과에 따라 원금 손실이 발생할 수 있습니다.,ဖုန်းမှတ်ပုံတင်။ ကို အသုံးပြုမှု ရလဒ်တွေပေါ် မူတည်ပြီး မူရင်းငွေ ဆုံးရှုံးမှုတွေ ဖြစ်ပေါ်နိုင်ပါတယ်။,통화지표,통화지표,True,펀드·신탁,,1.0,1.0,1.0,0,,40,통화지표
KO-FIN-03827,통화채권투자신탁수익증권에 가입하기 전에 어떤 점을 확인해야 하나요?,ငွေကြေးချေးငွေ၊ ရင်းနှီးမြှုပ်နှံမှု၊ ယုံကြည်မှု၊ အကျိုးအမြတ်ပေးစာရင်း ကို မဝင်ခင် ဘယ်အချက်တွေကို စစ်ဆေးသင့်လဲ။,통화채권투자신탁수익증권,통화채권투자신탁수익증권,True,펀드·신탁,자산운용·투자,1.0,1.0,1.0,0,,20,통화채권투자신탁수익증권
KO-FIN-03831,투자등록과 관련된 투자 정보를 확인하고 싶습니다.,ရင်းနှီးမြှုပ်နှံမှု မှတ်တမ်း နဲ့ ပတ်သက်တဲ့ ရင်းနှီးမြှုပ်နှံမှု အချက်အလက်တွေကို စစ်ဆေးချင်ပါတယ်။,투자등록,투자등록,True,자산운용·투자,금융시장·거래,1.0,1.0,1.0,0,,0,
KO-FIN-03835,투자신탁에 가입하기 전에 어떤 점을 확인해야 하나요?,ရင်းနှီးမြှုပ်နှံမှု ကို မဝင်ခင် ဘယ်အချက်တွေကို စစ်ဆေးသင့်လဲ။,투자신탁,투자신탁,True,펀드·신탁,자산운용·투자,1.0,1.0,1.0,0,,20,투자신탁
KO-FIN-03838,투자신탁협회의 운용 방식과 수수료를 확인하고 싶습니다.,ရင်းနှီးမြှုပ်နှံမှု ယုံကြည်မှုအသင်း ကို အသုံးပြုပုံနဲ့ အခကြေးငွေကို စစ်ဆေးချင်ပါတယ်။,투자신탁협회,투자신탁협회,True,펀드·신탁,자산운용·투자,1.0,1.0,1.0,0,,0,
KO-FIN-03843,투자자문업과 관련된 투자 정보를 확인하고 싶습니다.,ရင်းနှီးမြှုပ်နှံသူ လုပ်ငန်း နဲ့ ပတ်သက်တဲ့ ရင်းနှီးမြှုပ်နှံမှု အချက်အလက်တွေကို စစ်ဆေးချင်ပါတယ်။,투자자문업,투자자문업,True,자산운용·투자,,1.0,1.0,1.0,0,,0,
KO-FIN-03847,특별결의와 관련해 투자 전에 확인해야 할 사항이 있나요?,အထူး ဆုံးဖြတ်ချက် နဲ့ ပတ်သက်ပြီး ရင်းနှီးမြှုပ်နှံမှု မလုပ်ခင် စစ်ဆေးသင့်တဲ့ အချက်တွေရှိလား။,특별결의,특별결의,True,주식,,1.0,1.0,1.0,0,,0,
KO-FIN-03852,특별담보물은 심사 결과에 따라 이용 가능 여부가 달라질 수 있습니다.,အထူးသတင်း က သုံးစွဲမှုအပေါ် မူတည်ပြီး ပြောင်းလဲနိုင်ပါတယ်။,특별담보물,특별담보물,True,대출,,1.0,1.0,1.0,0,,20,특별담보물
KO-FIN-03854,특별인출권과 관련된 거래 조건을 확인하고 싶습니다.,အထူး မူပိုင်ခွင့် နဲ့ ပတ်သက်တဲ့ ကုန်သွယ်မှု စည်းမျဉ်းတွေကို စစ်ဆေးချင်ပါတယ်။,특별인출권,특별인출권,True,국제금융,,1.0,1.0,1.0,0,,40,특별인출권
KO-FIN-03856,특별인출권과 관련된 거래에서는 국가별 규정과 통화를 함께 확인해야 합니다.,အထူး မူပိုင်ခွင့် နှင့် ပတ်သက်သော ငွေလဲလှယ်မှုများတွင် နိုင်ငံအလိုက် စည်းမျဉ်းများနှင့် ငွေကြေးကို အတူတကွ စစ်ဆေးရန် လိုအပ်ပါသည်။,특별인출권,특별인출권,True,국제금융,,1.0,1.0,1.0,0,,40,특별인출권
KO-FIN-03858,특수채의 조건과 수익 구조를 확인하고 싶습니다.,အထူးချေးငွေပါ။ ရဲ့ အခြေအနေနဲ့ ဝင်ငွေ တည်ဆောက်ပုံကို စစ်ဆေးချင်ပါတယ်။,특수채,특수채,True,채권,금융기관·은행,1.0,1.0,1.0,0,,40,특수채
KO-FIN-03861,파생금융상품이 무엇인지 쉽게 설명해 주세요.,ရင်းနှီးမြှုပ်နှံမှု ထုတ်ကုန်များ ဆိုတာ ဘာလဲဆိုတာ ရှင်းပြပေးပါ။,파생금융상품,파생금융상품,True,파생상품,금융시장·거래,1.0,1.0,1.0,0,,20,파생금융상품
KO-FIN-03866,파생적예금에 적용되는 금리는 어떻게 되나요?,အကျိုးဆက်ငွေကြေး။ အတွက် အသုံးဝင်တဲ့ အတိုးနှုန်းက ဘာလဲ။,파생적예금,파생적예금,True,예금상품,파생상품,1.0,1.0,1.0,0,,40,파생적예금
KO-FIN-03869,파생증권이 무엇인지 설명해 주세요.,ရှေးဆက်လက်မှတ်။ ဆိုတာ ဘာလဲဆိုတာ ရှင်းပြပေးပါဦး။,파생증권,파생증권,True,증권·예탁,파생상품,1.0,1.0,1.0,0,,40,파생증권
KO-FIN-03879,패리티와 관련해 투자 전에 확인해야 할 사항이 있나요?,ညီမျှမှု။ နဲ့ ပတ်သက်ပြီး ရင်းနှီးမြှုပ်နှံမှု မလုပ်ခင် စစ်ဆေးသင့်တဲ့ အချက်တွေရှိလား။,패리티,패리티,True,주식,,1.0,1.0,1.0,0,,40,패리티
KO-FIN-03887,퍼포먼스 펀드에 가입하기 전에 어떤 점을 확인해야 하나요?,စွမ်းဆောင်မှု ရန်ပုံငွေပါ။ ကို မဝင်ခင် ဘယ်အချက်တွေကို စစ်ဆေးသင့်လဲ။,퍼포먼스 펀드,퍼포먼스 펀드,True,펀드·신탁,,1.0,1.0,1.0,0,,0,
KO-FIN-03890,펀드매니저의 운용 방식과 수수료를 확인하고 싶습니다.,ရံပုံငွေ စီမံခန့်ခွဲသူ။ ကို အသုံးပြုပုံနဲ့ အခကြေးငွေကို စစ်ဆေးချင်ပါတယ်။,펀드매니저,펀드매니저,True,펀드·신탁,,1.0,1.0,1.0,0,,40,펀드매니저
KO-FIN-03893,페니스탁이 무엇을 의미하나요?,လိင်တံ စားပွဲ။ ဆိုတာ ဘာကိုဆိုလိုတာလဲ။,페니스탁,페니스탁,True,금융시장·거래,,1.0,1.0,1.0,0,,40,페니스탁
KO-FIN-03900,펠드스타인이론은 심사 결과에 따라 이용 가능 여부가 달라질 수 있습니다.,ဒါက Feldstein ပါ။ က သုံးစွဲမှုအပေါ် မူတည်ပြီး ပြောင်းလဲနိုင်ပါတယ်။,펠드스타인이론,펠드스타인이론,True,대출,,1.0,1.0,1.0,0,,0,
KO-FIN-03901,평가절하에 대해 자세히 알려주세요.,အကဲဖြတ်ပါ။ အကြောင်း အသေးစိတ်ပြောပြပါ။,평가절하,평가절하,True,해외송금·외환,,1.0,1.0,1.0,0,,40,평가절하
KO-FIN-03905,폐기증권이 무엇인지 설명해 주세요.,စွန့်ပစ်မှု လက်မှတ်။ ဆိုတာ ဘာလဲဆိုတာ ရှင်းပြပေးပါဦး။,폐기증권,폐기증권,True,증권·예탁,,1.0,1.0,1.0,0,,40,폐기증권
KO-FIN-03910,폐쇄식 담보부사채의 조건과 수익 구조를 확인하고 싶습니다.,ပိတ်သိမ်းထားတဲ့ ချေးငွေ ရဲ့ အခြေအနေနဲ့ ဝင်ငွေ တည်ဆောက်ပုံကို စစ်ဆေးချင်ပါတယ်။,폐쇄식 담보부사채,폐쇄식 담보부사채,True,채권,,1.0,1.0,1.0,0,,40,폐쇄식 담보부사채
KO-FIN-03915,폐쇄형 투자신탁에 가입하기 전에 어떤 점을 확인해야 하나요?,ပိတ်ထားတဲ့ ရင်းနှီးမြှုပ်နှံမှု ကို မဝင်ခင် ဘယ်အချက်တွေကို စစ်ဆေးသင့်လဲ။,폐쇄형 투자신탁,폐쇄형 투자신탁,True,펀드·신탁,자산운용·투자,1.0,1.0,1.0,0,,20,폐쇄형 투자신탁
KO-FIN-03920,포괄주의는 기준 시점과 작성 기준을 함께 확인해야 합니다.,အားလုံးပါဝင်မှုဝါဒ။ ကို ရည်ညွှန်းချိန်နဲ့ စာရေးခြင်း ရည်ညွှန်းချက်ကို အတူတကွ စစ်ဆေးဖို့လိုပါတယ်။,포괄주의,포괄주의,True,회계·재무,,1.0,1.0,1.0,0,,0,
KO-FIN-03922,포괄증자와 관련된 정보를 확인하고 싶습니다.,အထွေထွေ သက်သေပါ။ နဲ့ ပတ်သက်တဲ့ အချက်အလက်တွေကို စစ်ဆေးချင်ပါတယ်။,포괄증자,포괄증자,True,주식,,1.0,1.0,1.0,0,,40,포괄증자
KO-FIN-03925,포뮬러 플랜이 무엇인지 설명해 주세요.,ပုံသေအစီအစဉ် ဆိုတာ ဘာလဲဆိုတာ ရှင်းပြပေးပါဦး။,포뮬러 플랜,포뮬러 플랜,True,주식,,1.0,1.0,1.0,0,,40,포뮬러 플랜
KO-FIN-03930,포스트와 관련된 시장 정보를 확인하고 싶습니다.,ပို့စ်။ နဲ့ ပတ်သက်တဲ့ စျေးကွက် အချက်အလက်တွေကို စစ်ဆေးချင်ပါတယ်။,포스트,포스트,True,금융시장·거래,,1.0,1.0,1.0,0,,40,포스트
KO-FIN-03935,포트폴리오 관리와 관련된 투자 정보를 확인하고 싶습니다.,Portfolio စီမံခန့်ခွဲမှု နဲ့ ပတ်သက်တဲ့ ရင်းနှီးမြှုပ်နှံမှု အချက်အလက်တွေကို စစ်ဆေးချင်ပါတယ်။,포트폴리오 관리,포트폴리오 관리,True,자산운용·투자,,1.0,1.0,1.0,0,,0,
KO-FIN-03939,포트폴리오 선택과 관련된 투자 정보를 확인하고 싶습니다.,Portfolio ရွေးချယ်မှု နဲ့ ပတ်သက်တဲ့ ရင်းနှီးမြှုပ်နှံမှု အချက်အလက်တွေကို စစ်ဆေးချင်ပါတယ်။,포트폴리오 선택,포트폴리오 선택,True,자산운용·투자,,1.0,1.0,1.0,0,,0,
KO-FIN-03943,포트폴리오 인슈어런스와 관련된 투자 정보를 확인하고 싶습니다.,Portfolio Insurance လို့ခေါ်ပါတယ်။ နဲ့ ပတ်သက်တဲ့ ရင်းနှီးမြှုပ်နှံမှု အချက်အလက်တွေကို စစ်ဆေးချင်ပါတယ်။,포트폴리오 인슈어런스,포트폴리오 인슈어런스,True,자산운용·투자,,1.0,1.0,1.0,0,,20,포트폴리오 인슈어런스
KO-FIN-03949,표면이율이 무엇인지 설명해 주세요.,မျက်နှာပြင် အတိုးနှုန်း ဆိုတာ ဘာလဲဆိုတာ ရှင်းပြပေးပါဦး။,표면이율,표면이율,True,채권,,1.0,1.0,1.0,0,,20,표면이율
KO-FIN-03955,풀서비스 브로커와 관련해 투자 전에 확인해야 할 사항이 있나요?,အပြည့်အဝ ဝန်ဆောင်မှု ရောင်းဝယ်သူပါ။ နဲ့ပတ်သက်ပြီး ရင်းနှီးမြှုပ်နှံမှု မလုပ်ခင် သေချာဖို့ အချက်တွေရှိလား။,풀서비스 브로커,풀서비스 브로커,True,주식,,1.0,1.0,1.0,0,,20,풀서비스 브로커
KO-FIN-03957,풋 옵션이 무엇인지 쉽게 설명해 주세요.,ခြေထောက် ရွေးချယ်မှု ဆိုတာ ဘာလဲဆိုတာ ရှင်းပြပေးပါ။,풋 옵션,풋 옵션,True,파생상품,법률·계약,1.0,1.0,1.0,0,,40,풋 옵션
KO-FIN-03963,풋-콜 패리티와 관련된 투자 정보를 확인하고 싶습니다.,Foot-Cool ပိုင်းခြားမှု။ နဲ့ ပတ်သက်တဲ့ ရင်းနှီးမြှုပ်နှံမှု အချက်အလက်တွေကို စစ်ဆေးချင်ပါတယ်။,풋-콜 패리티,풋-콜 패리티,True,자산운용·투자,,1.0,1.0,1.0,0,,20,풋-콜 패리티
KO-FIN-03966,프로그램매매와 관련된 시장 정보를 확인하고 싶습니다.,ပရိုဂရမ် ရောင်းဝယ်ခြင်း နဲ့ ပတ်သက်တဲ့ စျေးကွက် အချက်အလက်တွေကို စစ်ဆေးချင်ပါတယ်။,프로그램매매,프로그램매매,True,금융시장·거래,자산운용·투자,1.0,1.0,1.0,0,,40,프로그램매매
KO-FIN-03970,플라워본드의 조건과 수익 구조를 확인하고 싶습니다.,Flowerbond ပါ။ ရဲ့ အခြေအနေနဲ့ ဝင်ငွေ တည်ဆောက်ပုံကို စစ်ဆေးချင်ပါတယ်။,플라워본드,플라워본드,True,채권,,1.0,1.0,1.0,0,,0,
KO-FIN-03974,플로어 브로커와 관련된 시장 정보를 확인하고 싶습니다.,ကြမ်းပြင် ရောင်းဝယ်သူ။ နဲ့ ပတ်သက်တဲ့ စျေးကွက် အချက်အလက်တွေကို စစ်ဆေးချင်ပါတယ်။,플로어 브로커,플로어 브로커,True,금융시장·거래,지급결제·청산,1.0,1.0,1.0,0,,40,플로어 브로커
KO-FIN-03977,필터기법이 무엇인지 설명해 주세요.,စစ်ဆေးနည်း ဆိုတာ ဘာလဲဆိုတာ ရှင်းပြပေးပါဦး။,필터기법,필터기법,True,주식,,1.0,1.0,1.0,0,,40,필터기법
KO-FIN-03982,핑크 쉬트와 관련된 시장 정보를 확인하고 싶습니다.,ပန်းရောင် အဝတ်အစားပါ။ နဲ့ ပတ်သက်တဲ့ စျေးကွက် အချက်အလက်တွေကို စစ်ဆေးချင်ပါတယ်။,핑크 쉬트,핑크 쉬트,True,금융시장·거래,,1.0,1.0,1.0,0,,20,핑크 쉬트
KO-FIN-03988,한국선물거래소를 확인할 때 시장 상황과 거래 조건을 함께 살펴보세요.,ကိုရီးယား လက်ဆောင်စျေးကွက် ကို စစ်ဆေးတဲ့အခါ ဈေးကွက်အခြေအနေနဲ့ ကုန်သွယ်မှု အခြေအနေတွေကို အတူတကွ ကြည့်ပါ။,한국선물거래소,한국선물거래소,True,금융시장·거래,파생상품,1.0,1.0,1.0,0,,0,
KO-FIN-03994,한국예탁증서 처리 절차를 확인하고 싶습니다.,တောင်ကိုရီးယား လက်မှတ်။ ကို စစ်ဆေးချင်ပါတယ်။,한국예탁증서,한국예탁증서,True,증권·예탁,금융시장·거래,1.0,1.0,1.0,0,,20,한국예탁증서
KO-FIN-03998,한국자금중개주식회사와 관련된 정보를 확인하고 싶습니다.,တောင်ကိုရီးယား ရင်းနှီးမြှုပ်နှံမှု အစုရှယ်ယာ ကုမ္ပဏီ နဲ့ ပတ်သက်တဲ့ အချက်အလက်တွေကို စစ်ဆေးချင်ပါတယ်။,한국자금중개주식회사,한국자금중개주식회사,True,주식,해외송금·외환 / 금융시장·거래,1.0,1.0,1.0,0,,0,
KO-FIN-04002,한국주택저당금융주식회사와 관련된 정보를 확인하고 싶습니다.,တောင်ကိုရီးယား အိမ်ခြံမြေ ချေးငွေ ရှယ်ယာကုမ္ပဏီ နဲ့ ပတ်သက်တဲ့ အချက်အလက်တွေကို စစ်ဆေးချင်ပါတယ်။,한국주택저당금융주식회사,한국주택저당금융주식회사,True,주식,부동산금융 / 자산운용·투자 / 금융기관·은행,1.0,1.0,1.0,0,,20,한국주택저당금융주식회사
KO-FIN-04006,한국증권금융주식회사 처리 절차를 확인하고 싶습니다.,တောင်ကိုရီးယား Securities Finance Co. ကို စစ်ဆေးချင်ပါတယ်။,한국증권금융주식회사,한국증권금융주식회사,True,증권·예탁,금융시장·거래 / 주식 / 대출,1.0,1.0,1.0,0,,0,
KO-FIN-04010,한국증권대체결제주식회사 처리 절차를 확인하고 싶습니다.,ကိုရီးယား ငွေလဲလှယ်ရေးကုမ္ပဏီ ကို စစ်ဆေးချင်ပါတယ်။,한국증권대체결제주식회사,한국증권대체결제주식회사,True,증권·예탁,주식 / 지급결제·청산 / 금융시장·거래,1.0,1.0,1.0,0,,20,한국증권대체결제주식회사
KO-FIN-04014,한국증권업협회 처리 절차를 확인하고 싶습니다.,ကိုရီးယား စက္ကူလုပ်ငန်းအသင်း ကို စစ်ဆေးချင်ပါတယ်။,한국증권업협회,한국증권업협회,True,증권·예탁,금융시장·거래,1.0,1.0,1.0,0,,0,
KO-FIN-04017,한국증권연구원이 무엇인지 설명해 주세요.,ကိုရီးယား ငွေစာရင်း သုတေသန အဖွဲ့ ဆိုတာ ဘာလဲဆိုတာ ရှင်းပြပေးပါဦး။,한국증권연구원,한국증권연구원,True,증권·예탁,,1.0,1.0,1.0,0,,0,
KO-FIN-04022,한국증권전산주식회사 처리 절차를 확인하고 싶습니다.,တောင်ကိုရီးယား ငွေကြေးအိတ်ချိန်း ရှယ်ယာကုမ္ပဏီ ကို စစ်ဆေးချင်ပါတယ်။,한국증권전산주식회사,한국증권전산주식회사,True,증권·예탁,주식 / 금융시장·거래,1.0,1.0,1.0,0,,0,
KO-FIN-04026,할인발행을 이용하려면 어떤 조건이 필요한가요?,လျှော့စျေးခရီးစဉ် ကို အသုံးပြုဖို့ ဘယ်လို အခြေအနေတွေ လိုအပ်ပါသလဲ။,할인발행,할인발행,True,기업금융·자본조달,채권,1.0,1.0,1.0,0,,40,할인발행
KO-FIN-04027,할인발행과 관련된 비용과 절차를 확인하고 싶습니다.,လျှော့စျေးခရီးစဉ် နဲ့ ပတ်သက်တဲ့ ကုန်ကျစရိတ်နဲ့ လုပ်ထုံးလုပ်နည်းတွေကို သိချင်ပါတယ်။,할인발행,할인발행,True,기업금융·자본조달,채권,1.0,1.0,1.0,0,,40,할인발행
KO-FIN-04030,할인상사에서 이용할 수 있는 금융업무는 무엇인가요?,လျှော့စျေးပေးသူ။ မှာ သုံးနိုင်တဲ့ ဘဏ္ဍာရေးလုပ်ငန်းတွေက ဘာတွေလဲ။,할인상사,할인상사,True,금융기관·은행,,1.0,1.0,1.0,0,,20,할인상사
KO-FIN-04034,할인율에서 이용할 수 있는 금융업무는 무엇인가요?,လျှော့စျေးနှုန်း မှာ သုံးနိုင်တဲ့ ဘဏ္ဍာရေးလုပ်ငန်းတွေက ဘာတွေလဲ။,할인율,할인율,True,금융기관·은행,,1.0,1.0,1.0,0,,20,할인율
KO-FIN-04042,합병교부금을 이용하려면 어떤 조건이 필요한가요?,ပေါင်းစည်းမှု အလှူငွေပါ။ ကို အသုံးပြုဖို့ ဘယ်လို အခြေအနေတွေ လိုအပ်ပါသလဲ။,합병교부금,합병교부금,True,기업금융·자본조달,주식,1.0,1.0,1.0,0,,40,합병교부금
KO-FIN-04043,합병교부금과 관련된 비용과 절차를 확인하고 싶습니다.,ပေါင်းစည်းမှု အလှူငွေပါ။ နဲ့ ပတ်သက်တဲ့ ကုန်ကျစရိတ်နဲ့ လုပ်ထုံးလုပ်နည်းတွေကို သိချင်ပါတယ်။,합병교부금,합병교부금,True,기업금융·자본조달,주식,1.0,1.0,1.0,0,,40,합병교부금
KO-FIN-04046,합병기일을 이용하려면 어떤 조건이 필요한가요?,ပေါင်းစည်းခြင်းနေ့။ ကို အသုံးပြုဖို့ ဘယ်လို အခြေအနေတွေ လိုအပ်ပါသလဲ။,합병기일,합병기일,True,기업금융·자본조달,주식,1.0,1.0,1.0,0,,40,합병기일
KO-FIN-04047,합병기일과 관련된 비용과 절차를 확인하고 싶습니다.,ပေါင်းစည်းခြင်းနေ့။ နဲ့ ပတ်သက်တဲ့ ကုန်ကျစရိတ်နဲ့ လုပ်ထုံးလုပ်နည်းတွေကို သိချင်ပါတယ်။,합병기일,합병기일,True,기업금융·자본조달,주식,1.0,1.0,1.0,0,,40,합병기일
KO-FIN-04050,합병비율을 이용하려면 어떤 조건이 필요한가요?,ပေါင်းစပ်မှုနှုန်း ကို အသုံးပြုဖို့ ဘယ်လို အခြေအနေတွေ လိုအပ်ပါသလဲ။,합병비율,합병비율,True,기업금융·자본조달,주식,1.0,1.0,1.0,0,,0,
KO-FIN-04051,합병비율과 관련된 비용과 절차를 확인하고 싶습니다.,ပေါင်းစပ်မှုနှုန်း နဲ့ ပတ်သက်တဲ့ ကုန်ကျစရိတ်နဲ့ လုပ်ထုံးလုပ်နည်းတွေကို သိချင်ပါတယ်။,합병비율,합병비율,True,기업금융·자본조달,주식,1.0,1.0,1.0,0,,0,
KO-FIN-04054,합병차익을 이용하려면 어떤 조건이 필요한가요?,ပေါင်းစည်းမှု အကျိုးအမြတ် ကို အသုံးပြုဖို့ ဘယ်လို အခြေအနေတွေ လိုအပ်ပါသလဲ။,합병차익,합병차익,True,기업금융·자본조달,,1.0,1.0,1.0,0,,40,합병차익
KO-FIN-04055,합병차익과 관련된 비용과 절차를 확인하고 싶습니다.,ပေါင်းစည်းမှု အကျိုးအမြတ် နဲ့ ပတ်သက်တဲ့ ကုန်ကျစရိတ်နဲ့ လုပ်ထုံးလုပ်နည်းတွေကို စစ်ဆေးချင်ပါတယ်။,합병차익,합병차익,True,기업금융·자본조달,,1.0,1.0,1.0,0,,40,합병차익
KO-FIN-04058,합산주주와 관련된 정보를 확인하고 싶습니다.,စုပေါင်းရှယ်ယာရှင် နဲ့ ပတ်သက်တဲ့ အချက်အလက်တွေကို စစ်ဆေးချင်ပါတယ်။,합산주주,합산주주,True,주식,,1.0,1.0,1.0,0,,20,합산주주
KO-FIN-04065,핫머니에 대해 자세히 알려주세요.,အမိုက်စား မမ။ အကြောင်း အသေးစိတ်ပြောပြပါ။,핫머니,핫머니,True,해외송금·외환,,1.0,1.0,1.0,0,,40,핫머니
KO-FIN-04070,항상성장모형은 금융상품을 분석할 때 어떻게 사용되나요?,အမြဲတမ်း ကြီးထွားမှုပုံစံပါ။ ကို ငွေရေးကြေးရေး ထုတ်ကုန်တွေကို ဆန်းစစ်ရာမှာ ဘယ်လိုသုံးလဲ။,항상성장모형,항상성장모형,True,금융공학·분석,주식 / 자산운용·투자,1.0,1.0,1.0,0,,20,항상성장모형
KO-FIN-04072,항상성장모형의 결과는 사용한 가정과 시장 데이터에 따라 달라질 수 있습니다.,အမြဲတမ်း ကြီးထွားမှုပုံစံပါ။ ရဲ့ ရလဒ်တွေဟာ သုံးထားတဲ့ ယူဆချက်တွေနဲ့ ဈေးကွက် ဒေတာတွေပေါ် မူတည်ပြီး ကွဲပြားနိုင်ပါတယ်။,항상성장모형,항상성장모형,True,금융공학·분석,주식 / 자산운용·투자,1.0,1.0,1.0,0,,20,항상성장모형
KO-FIN-04073,해외증권 관련주식이 무엇인지 설명해 주세요.,နိုင်ငံခြားစာချုပ်ဆိုင်ရာ ရှယ်ယာတွေ ဆိုတာ ဘာလဲဆိုတာ ရှင်းပြပေးပါဦး။,해외증권 관련주식,해외증권 관련주식,True,증권·예탁,주식,1.0,1.0,1.0,0,,20,해외증권 관련주식
KO-FIN-04077,해외증권이 무엇인지 설명해 주세요.,နိုင်ငံခြားစာရွက်စာတမ်း ဆိုတာ ဘာလဲဆိုတာ ရှင်းပြပေးပါဦး။,해외증권,해외증권,True,증권·예탁,,1.0,1.0,1.0,0,,40,해외증권
KO-FIN-04083,헤지펀드에 가입하기 전에 어떤 점을 확인해야 하나요?,Hedge Fund တွေပါ။ ကို မဝင်ခင် ဘယ်အချက်တွေကို စစ်ဆေးသင့်လဲ။,헤지펀드,헤지펀드,True,펀드·신탁,파생상품,1.0,1.0,1.0,0,,0,
KO-FIN-04085,헤징이 무엇을 의미하나요?,ဟက်ဂျင်း ဆိုတာ ဘာကိုဆိုလိုတာလဲ။,헤징,헤징,True,금융시장·거래,,1.0,1.0,1.0,0,,30,헤징
KO-FIN-04091,현금관리계좌 과정에서 문제가 발생한 것 같습니다.,ငွေကြေးစာရင်းပါ။ လုပ်နေတုန်းမှာ ပြဿနာတစ်ခု ဖြစ်နေပုံရတယ်။,현금관리계좌,현금관리계좌,True,지급결제·청산,,1.0,1.0,1.0,0,,40,현금관리계좌
KO-FIN-04094,현물채의 조건과 수익 구조를 확인하고 싶습니다.,ငွေသားချေးငွေ။ ရဲ့ အခြေအနေနဲ့ ဝင်ငွေ တည်ဆောက်ပုံကို စစ်ဆေးချင်ပါတယ်။,현물채,현물채,True,채권,,1.0,1.0,1.0,0,,40,현물채
KO-FIN-04098,현물출자와 관련된 정보를 확인하고 싶습니다.,ပွင့်လင်းမြင်သာမှု နဲ့ ပတ်သက်တဲ့ အချက်အလက်တွေကို စစ်ဆေးချင်ပါတယ်။,현물출자,현물출자,True,주식,,1.0,1.0,1.0,0,,40,현물출자
KO-FIN-04101,현물환거래에 대해 자세히 알려주세요.,ငွေလဲလှယ်မှု။ အကြောင်း အသေးစိတ်ပြောပြပါ။,현물환거래,현물환거래,True,해외송금·외환,금융시장·거래,1.0,1.0,1.0,0,,40,현물환거래
KO-FIN-04106,현선매매와 관련된 시장 정보를 확인하고 싶습니다.,လက်ကိုင်ရောင်းချမှု နဲ့ ပတ်သက်တဲ့ စျေးကွက် အချက်အလက်တွေကို စစ်ဆေးချင်ပါတယ်။,현선매매,현선매매,True,금융시장·거래,증권·예탁,1.0,1.0,1.0,0,,0,
KO-FIN-04113,현지보관기관이 무엇인지 설명해 주세요.,ဒေသခံ လုံခြုံရေးအဖွဲ့ ဆိုတာ ဘာလဲဆိုတာ ရှင်းပြပေးပါဦး။,현지보관기관,현지보관기관,True,증권·예탁,자산운용·투자,1.0,1.0,1.0,0,,20,현지보관기관
KO-FIN-04117,호가구동시장이 무엇을 의미하나요?,ဟိုဂိုဂိုဒေါင် စျေးကွက် ဆိုတာ ဘာကိုဆိုလိုတာလဲ။,호가구동시장,호가구동시장,True,금융시장·거래,,1.0,1.0,1.0,0,,20,호가구동시장
KO-FIN-04121,호가전예납이 무엇을 의미하나요?,အိမ်က ငွေကြေးထောက်ပံ့မှု ဆိုတာ ဘာကိုဆိုလိုတာလဲ။,호가전예납,호가전예납,True,금융시장·거래,,1.0,1.0,1.0,0,,40,호가전예납
KO-FIN-04125,혼합보관이 무엇인지 설명해 주세요.,ရောစပ်ထားတယ်။ ဆိုတာ ဘာလဲဆိုတာ ရှင်းပြပေးပါဦး။,혼합보관,혼합보관,True,증권·예탁,,1.0,1.0,1.0,0,,40,혼합보관
KO-FIN-04131,혼합주와 관련해 투자 전에 확인해야 할 사항이 있나요?,ရောစပ်ထားတယ်။ နဲ့ပတ်သက်ပြီး ရင်းနှီးမြှုပ်နှံမှု မလုပ်ခင် သေချာဖို့ အချက်တွေရှိလား။,혼합주,혼합주,True,주식,,1.0,1.0,1.0,0,,40,혼합주
KO-FIN-04133,확정금리부증권이 무엇인지 설명해 주세요.,ငွေကြေးထောက်ပံ့မှု အတည်ပြုစာရင်း ဆိုတာ ဘာလဲဆိုတာ ရှင်းပြပေးပါဦး။,확정금리부증권,확정금리부증권,True,증권·예탁,,1.0,1.0,1.0,0,,40,확정금리부증권
KO-FIN-04137,환 포지션에 대해 자세히 알려주세요.,ဒေါင်လိုက်နေရာ အကြောင်း အသေးစိတ်ပြောပြပါ။,환 포지션,환 포지션,True,해외송금·외환,,1.0,1.0,1.0,0,,40,환 포지션
KO-FIN-04138,환 포지션을 확인하고 싶습니다.,ဒေါင်လိုက်နေရာ ကို စစ်ဆေးချင်ပါတယ်။,환 포지션,환 포지션,True,해외송금·외환,,1.0,1.0,1.0,0,,40,환 포지션
KO-FIN-04141,환노출에 대해 자세히 알려주세요.,ရောင်ပြန်ဟပ်မှု။ အကြောင်း အသေးစိတ်ပြောပြပါ။,환노출,환노출,True,해외송금·외환,,1.0,1.0,1.0,0,,40,환노출
KO-FIN-04142,환노출을 확인하고 싶습니다.,ရောင်ပြန်ဟပ်မှု။ ကို စစ်ဆေးချင်ပါတယ်။,환노출,환노출,True,해외송금·외환,,1.0,1.0,1.0,0,,40,환노출
KO-FIN-04145,환리스크에 대해 자세히 알려주세요.,ခရမ်းချဉ်သီး။ အကြောင်း အသေးစိတ်ပြောပြပါ။,환리스크,환리스크,True,해외송금·외환,신용·리스크,1.0,1.0,1.0,0,,40,환리스크
KO-FIN-04149,환어음이 무엇인지 설명해 주세요.,အော်ဟစ်သံ ဆိုတာ ဘာလဲဆိုတာ ရှင်းပြပေးပါဦး။,환어음,환어음,True,지급결제·청산,,1.0,1.0,1.0,0,,40,환어음
KO-FIN-04159,회사분할 때문에 추가로 확인해야 할 사항이 있나요?,ကုမ္ပဏီခွဲဖို့ပါ။ အတွက် ထပ်ပြီး စစ်ဆေးစရာရှိလား။,회사분할,회사분할,True,금융법규·감독,,1.0,1.0,1.0,0,,30,회사분할
KO-FIN-04161,회사정리법이 무엇인지 설명해 주세요.,ကုမ္ပဏီ မူဝါဒ။ ဆိုတာ ဘာလဲဆိုတာ ရှင်းပြပေးပါဦး။,회사정리법,회사정리법,True,주식,,1.0,1.0,1.0,0,,20,회사정리법
KO-FIN-04166,회사채의 조건과 수익 구조를 확인하고 싶습니다.,ကုမ္ပဏီရဲ့ ချေးငွေ ရဲ့ အခြေအနေနဲ့ ဝင်ငွေ တည်ဆောက်ပုံကို စစ်ဆေးချင်ပါတယ်။,회사채,회사채,True,채권,,1.0,1.0,1.0,0,,20,회사채
KO-FIN-04171,회사형 투자신탁에 가입하기 전에 어떤 점을 확인해야 하나요?,ကုမ္ပဏီပုံစံ ရင်းနှီးမြှုပ်နှံမှု ယုံကြည်မှုပါ။ ကို မဝင်ခင် ဘယ်အချက်တွေကို စစ်ဆေးသင့်လဲ။,회사형 투자신탁,회사형 투자신탁,True,펀드·신탁,자산운용·투자,1.0,1.0,1.0,0,,20,회사형 투자신탁
KO-FIN-04174,회원증권회사 처리 절차를 확인하고 싶습니다.,အဖွဲ့ဝင်လိုင်စင်ကုမ္ပဏီ ကို စစ်ဆေးချင်ပါတယ်။,회원증권회사,회원증권회사,True,증권·예탁,금융시장·거래,1.0,1.0,1.0,0,,40,회원증권회사
KO-FIN-04179,후배주와 관련해 투자 전에 확인해야 할 사항이 있나요?,ဆက်ခံသူ။ နဲ့ ပတ်သက်ပြီး ရင်းနှီးမြှုပ်နှံမှု မလုပ်ခင် သေချာဖို့ အချက်တွေရှိလား။,후배주,후배주,True,주식,,1.0,1.0,1.0,0,,40,후배주
KO-FIN-04182,후순위채의 조건과 수익 구조를 확인하고 싶습니다.,နောက်ဆက်တွဲ ဖြစ်စဉ် ရဲ့ အခြေအနေနဲ့ ဝင်ငွေ တည်ဆောက်ပုံကို စစ်ဆေးချင်ပါတယ်။,후순위채,후순위채,True,채권,,1.0,1.0,1.0,0,,40,후순위채
KO-FIN-04185,ABMF이 무엇인지 설명해 주세요.,ABMF ပါ။ ဆိုတာ ဘာလဲဆိုတာ ရှင်းပြပေးပါဦး။,ABMF,ABMF,True,채권,,1.0,1.0,1.0,0,,0,
KO-FIN-04189,ABMI이 무엇인지 설명해 주세요.,ABMI ဆိုတာ ဘာလဲဆိုတာ ရှင်းပြပေးပါဦး။,ABMI,ABMI,True,채권,,1.0,1.0,1.0,0,,0,
KO-FIN-04193,ACG이 무엇인지 설명해 주세요.,ACG ပါ။ ဆိုတာ ဘာလဲဆိုတာ ရှင်းပြပေးပါဦး။,ACG,ACG,True,증권·예탁,,1.0,1.0,1.0,0,,30,ACG
KO-FIN-04197,AECSD이 무엇인지 설명해 주세요.,AECSD ပါ။ ဆိုတာ ဘာလဲဆိုတာ ရှင်းပြပေးပါဦး။,AECSD,AECSD,True,증권·예탁,,1.0,1.0,1.0,0,,0,
KO-FIN-04201,Affirmation이 무엇을 의미하나요?,အတည်ပြုချက် ဆိုတာ ဘာကိုဆိုလိုတာလဲ။,Affirmation,Affirmation,True,금융시장·거래,,1.0,1.0,1.0,0,,40,Affirmation
KO-FIN-04213,ASIFMA이 무엇을 의미하나요?,ASIFMA ဆိုတာ ဘာကိုဆိုလိုတာလဲ။,ASIFMA,ASIFMA,True,금융시장·거래,,1.0,1.0,1.0,0,,0,
KO-FIN-04221,ATS이 무엇을 의미하나요?,ATS ဆိုတာ ဘာကိုဆိုလိုတာလဲ။,ATS,ATS,True,금융시장·거래,,1.0,1.0,1.0,0,,0,
KO-FIN-04225,AUSTRACLEAR이 무엇인지 설명해 주세요.,AUSTRACLEAR ဆိုရင် ဆိုတာ ဘာလဲဆိုတာ ရှင်းပြပေးပါဦး။,AUSTRACLEAR,AUSTRACLEAR,True,지급결제·청산,금융시장·거래,1.0,1.0,1.0,0,,40,AUSTRACLEAR
KO-FIN-04229,BA이 무엇을 의미하나요?,B.A. ဆိုတာ ဘာကိုဆိုလိုတာလဲ။,BA,BA,True,금융시장·거래,,1.0,1.0,1.0,0,,0,
KO-FIN-04233,Bachmann Report이 무엇인지 설명해 주세요.,Bachmann အစီရင်ခံစာ ဆိုတာ ဘာလဲဆိုတာ ရှင်းပြပေးပါဦး။,Bachmann Report,Bachmann Report,True,지급결제·청산,증권·예탁,1.0,1.0,1.0,0,,40,Bachmann Report
KO-FIN-04237,back office이 무엇을 의미하나요?,နောက်ဘက်ရုံး။ ဆိုတာ ဘာကိုဆိုလိုတာလဲ။,back office,back office,True,금융시장·거래,증권·예탁,1.0,1.0,1.0,0,,40,back office
KO-FIN-04243,최근 backwardation의 변화를 확인하고 싶습니다.,backwardation ကို ၏ လတ်တလော ပြောင်းလဲမှုများကို စစ်ဆေးလိုပါသည်။,backwardation,backwardation,True,경제·거시금융,,1.0,1.0,1.0,0,,40,backwardation
KO-FIN-04244,backwardation은 다른 경제지표와 함께 해석하는 것이 좋습니다.,backwardation ကို ကို အခြား စီးပွားရေးညွှန်းကိန်းတွေနဲ့ ပေါင်းစပ်သုံးသပ်သင့်ပါတယ်။,backwardation,backwardation,True,경제·거시금융,,1.0,1.0,1.0,0,,40,backwardation
KO-FIN-04245,bad delivery이 무엇인지 설명해 주세요.,ပို့ဆောင်မှု မကောင်းဘူး။ ဆိုတာ ဘာလဲဆိုတာ ရှင်းပြပေးပါဦး။,bad delivery,bad delivery,True,증권·예탁,,1.0,1.0,1.0,0,,40,bad delivery
KO-FIN-04252,bancassurance과 관련된 세부 업무는 해당 기관의 안내를 확인해 주세요.,ဘဏ်အာမခံ နှင့် ပတ်သက်သော အသေးစိတ်လုပ်ငန်းများအတွက် သက်ဆိုင်ရာ အဖွဲ့အစည်း၏ လမ်းညွှန်ချက်များကို ကြည့်ပါ။,bancassurance,bancassurance,True,금융기관·은행,,1.0,1.0,1.0,0,,40,bancassurance
KO-FIN-04253,BBS이 무엇을 의미하나요?,BBS ဆိုတာ ဘာကိုဆိုလိုတာလဲ။,BBS,BBS,True,금융시장·거래,,1.0,1.0,1.0,0,,0,
KO-FIN-04257,bear hug이 무엇인지 설명해 주세요.,ဝက်ဝံကို ပွေ့ဖက်ပါ။ ဆိုတာ ဘာလဲဆိုတာ ရှင်းပြပေးပါဦး။,bear hug,bear hug,True,주식,,1.0,1.0,1.0,0,,40,bear hug
KO-FIN-04261,bear raid이 무엇인지 설명해 주세요.,ဝက်ဝံတိုက်ခိုက်မှု။ ဆိုတာ ဘာလဲဆိုတာ ရှင်းပြပေးပါဦး။,bear raid,bear raid,True,주식,금융시장·거래,1.0,1.0,1.0,0,,40,bear raid
KO-FIN-04266,BIC에서 이용할 수 있는 금융업무는 무엇인가요?,BIC မှာ သုံးနိုင်တဲ့ ဘဏ္ဍာရေးလုပ်ငန်းတွေက ဘာတွေလဲ။,BIC,BIC,True,금융기관·은행,,1.0,1.0,1.0,0,,0,
KO-FIN-04273,blanket fidelity bond이 무엇인지 설명해 주세요.,blanket fidelity bond လို့ခေါ်ပါတယ်။ ဆိုတာ ဘာလဲဆိုတာ ရှင်းပြပေးပါဦး။,blanket fidelity bond,blanket fidelity bond,True,증권·예탁,,1.0,1.0,1.0,0,,40,blanket fidelity bond
KO-FIN-04277,BLUE SKY LAW이 무엇인지 설명해 주세요.,အပြာရောင် ကောင်းကင် ဥပဒေ ဆိုတာ ဘာလဲဆိုတာ ရှင်းပြပေးပါဦး။,BLUE SKY LAW,BLUE SKY LAW,True,증권·예탁,,1.0,1.0,1.0,0,,40,BLUE SKY LAW
KO-FIN-04284,BOK-WIRE과 관련된 세부 업무는 해당 기관의 안내를 확인해 주세요.,BOK-WIRE ကို နှင့် ပတ်သက်သော အသေးစိတ်လုပ်ငန်းများအတွက် သက်ဆိုင်ရာ အဖွဲ့အစည်း၏ လမ်းညွှန်ချက်များကို ကြည့်ပါ။,BOK-WIRE,BOK-WIRE,True,금융기관·은행,,1.0,1.0,1.0,0,,0,
KO-FIN-04285,bond power이 무엇인지 설명해 주세요.,Bond စွမ်းအား ဆိုတာ ဘာလဲဆိုတာ ရှင်းပြပေးပါဦး။,bond power,bond power,True,채권,,1.0,1.0,1.0,0,,40,bond power
KO-FIN-04289,book entry only이 무엇인지 설명해 주세요.,book entry ကိုသာ သုံးပါ။ ဆိုတာ ဘာလဲဆိုတာ ရှင်းပြပေးပါဦး။,book entry only,book entry only,True,증권·예탁,,1.0,1.0,1.0,0,,40,book entry only
KO-FIN-04293,buy/sell-back이 무엇인지 설명해 주세요.,ဝယ်/ရောင်းပြန် ဆိုတာ ဘာလဲဆိုတာ ရှင်းပြပေးပါဦး။,buy/sell-back,buy/sell-back,True,증권·예탁,,1.0,1.0,1.0,0,,40,buy/sell-back
KO-FIN-04300,CAMEL과 관련된 세부 업무는 해당 기관의 안내를 확인해 주세요.,CAMEL နှင့် ပတ်သက်သော အသေးစိတ်လုပ်ငန်းများအတွက် သက်ဆိုင်ရာ အဖွဲ့အစည်း၏ လမ်းညွှန်ချက်များကို ကြည့်ပါ။,CAMEL,CAMEL,True,금융기관·은행,,1.0,1.0,1.0,0,,40,CAMEL
KO-FIN-04301,cargo project이 무엇인지 설명해 주세요.,cargo စီမံကိန်း ဆိုတာ ဘာလဲဆိုတာ ရှင်းပြပေးပါဦး။,cargo project,cargo project,True,증권·예탁,주식,1.0,1.0,1.0,0,,40,cargo project
KO-FIN-04305,cashless society은 어떻게 이용하나요?,ငွေကြေးမဲ့ လူ့အဖွဲ့အစည်း ကို ဘယ်လိုသုံးလဲ။,cashless society,cashless society,True,카드·전자금융,,1.0,1.0,1.0,0,,40,cashless society
KO-FIN-04308,cashless society 이용 시 개인정보와 인증정보를 안전하게 관리해 주세요.,ငွေကြေးမဲ့ လူ့အဖွဲ့အစည်း ကို အသုံးပြုနေစဉ်မှာ ကိုယ်ရေးအချက်အလက်နဲ့ အထောက်အထားတွေကို လုံခြုံစွာ ထိန်းသိမ်းပါ။,cashless society,cashless society,True,카드·전자금융,,1.0,1.0,1.0,0,,40,cashless society
KO-FIN-04309,CBF이 무엇인지 설명해 주세요.,CBF ပါ။ ဆိုတာ ဘာလဲဆိုတာ ရှင်းပြပေးပါဦး။,CBF,CBF,True,증권·예탁,,1.0,1.0,1.0,0,,0,
KO-FIN-04313,CBL이 무엇인지 설명해 주세요.,CBL ပါ။ ဆိုတာ ဘာလဲဆိုတာ ရှင်းပြပေးပါဦး။,CBL,CBL,True,증권·예탁,,1.0,1.0,1.0,0,,0,
KO-FIN-04317,CCASS이 무엇인지 설명해 주세요.,CCASS ပါ။ ဆိုတာ ဘာလဲဆိုတာ ရှင်းပြပေးပါဦး။,CCASS,CCASS,True,지급결제·청산,,1.0,1.0,1.0,0,,0,
KO-FIN-04325,CDS이 무엇인지 쉽게 설명해 주세요.,CDS ပါ။ ဆိုတာ ဘာလဲဆိုတာ ရှင်းပြပေးပါ။,CDS,CDS,True,파생상품,,1.0,1.0,1.0,0,,20,CDS
KO-FIN-04329,CEDEL이 무엇인지 설명해 주세요.,CEDEL ဆိုတာ ဘာလဲဆိုတာ ရှင်းပြပေးပါဦး။,CEDEL,CEDEL,True,증권·예탁,금융시장·거래,1.0,1.0,1.0,0,,0,
KO-FIN-04333,CFA이 무엇인지 설명해 주세요.,CFA ပါ။ ဆိုတာ ဘာလဲဆိုတာ ရှင်းပြပေးပါဦး။,CFA,CFA,True,증권·예탁,,1.0,1.0,1.0,0,,30,CFA
KO-FIN-04337,CFI이 무엇인지 설명해 주세요.,CFI ဆိုတာ ဘာလဲဆိုတာ ရှင်းပြပေးပါဦး။,CFI,CFI,True,증권·예탁,,1.0,1.0,1.0,0,,0,
KO-FIN-04342,CFO을 통해 어떤 정보를 확인할 수 있나요?,ငွေရေးကြေးရေး အကြီးအကဲ။ ကနေ ဘယ်သတင်းအချက်အလက်တွေကို ရှာတွေ့နိုင်လဲ။,CFO,CFO,True,회계·재무,,1.0,1.0,1.0,0,,40,CFO
KO-FIN-04344,CFO은 기준 시점과 작성 기준을 함께 확인해야 합니다.,ငွေရေးကြေးရေး အကြီးအကဲ။ ကို မှတ်တမ်းတင်ချိန်နဲ့ မှတ်တမ်းတင်ချိန်နဲ့အတူ စစ်ဆေးဖို့လိုပါတယ်။,CFO,CFO,True,회계·재무,,1.0,1.0,1.0,0,,40,CFO
KO-FIN-04347,CGIF과 관련된 투자 정보를 확인하고 싶습니다.,CGIF ကို နဲ့ ပတ်သက်တဲ့ ရင်းနှီးမြှုပ်နှံမှု အချက်အလက်တွေကို စစ်ဆေးချင်ပါတယ်။,CGIF,CGIF,True,자산운용·투자,,1.0,1.0,1.0,0,,0,
KO-FIN-04349,CGO이 무엇인지 설명해 주세요.,CGO ပါ။ ဆိုတာ ဘာလဲဆိုတာ ရှင်းပြပေးပါဦး။,CGO,CGO,True,증권·예탁,,1.0,1.0,1.0,0,,0,
KO-FIN-04353,CHAPS이 무엇을 의미하나요?,CHAPS ကို ဆိုတာ ဘာကိုဆိုလိုတာလဲ။,CHAPS,CHAPS,True,금융시장·거래,,1.0,1.0,1.0,0,,0,
KO-FIN-04357,checking이 무엇을 의미하나요?,စစ်ဆေးနေတာပါ။ ဆိုတာ ဘာကိုဆိုလိုတာလဲ။,checking,checking,True,금융시장·거래,,1.0,1.0,1.0,0,,40,checking
KO-FIN-04361,checkless society이 무엇을 의미하나요?,ထိန်းချုပ်မှုမဲ့ လူ့အဖွဲ့အစည်း ဆိုတာ ဘာကိုဆိုလိုတာလဲ။,checkless society,checkless society,True,금융시장·거래,,1.0,1.0,1.0,0,,40,checkless society
KO-FIN-04365,CHESS이 무엇인지 설명해 주세요.,စစ်တုရင် ဆိုတာ ဘာလဲဆိုတာ ရှင်းပြပေးပါဦး။,CHESS,CHESS,True,지급결제·청산,,1.0,1.0,1.0,0,,40,CHESS
KO-FIN-04370,CHIPS을 이용하려면 어떻게 해야 하나요?,CHIPS ကို ကို သုံးဖို့ ဘယ်လိုလုပ်ရမလဲ။,CHIPS,CHIPS,True,이체,지급결제·청산,1.0,1.0,1.0,0,,40,CHIPS
KO-FIN-04372,CHIPS을 진행하기 전에 입력한 정보를 다시 확인해 주세요.,CHIPS ကို ကို မလုပ်ခင် အချက်အလက်တွေကို ထပ်ပြီး စစ်ဆေးပါ။,CHIPS,CHIPS,True,이체,지급결제·청산,1.0,1.0,1.0,0,,40,CHIPS
KO-FIN-04373,CIK이 무엇인지 설명해 주세요.,CIK ပါ။ ဆိုတာ ဘာလဲဆိုတာ ရှင်းပြပေးပါဦး။,CIK,CIK,True,증권·예탁,금융시장·거래 / 자산운용·투자,1.0,1.0,1.0,0,,0,
KO-FIN-04377,CMA이 무엇인지 설명해 주세요.,CMA ပါ။ ဆိုတာ ဘာလဲဆိုတာ ရှင်းပြပေးပါဦး။,CMA,CMA,True,증권·예탁,펀드·신탁 / 자산운용·투자,1.0,1.0,1.0,0,,0,
KO-FIN-04381,CMI에 대해 자세히 알려주세요.,CMI ပါ။ အကြောင်း အသေးစိတ်ပြောပြပါ။,CMI,CMI,True,해외송금·외환,,1.0,1.0,1.0,0,,0,
KO-FIN-04382,CMI을 확인하고 싶습니다.,CMI ပါ။ ကို စစ်ဆေးချင်ပါတယ်။,CMI,CMI,True,해외송금·외환,,1.0,1.0,1.0,0,,0,
KO-FIN-04385,CMO이 무엇인지 설명해 주세요.,CMO ပါ။ ဆိုတာ ဘာလဲဆိုတာ ရှင်းပြပေးပါဦး။,CMO,CMO,True,증권·예탁,,1.0,1.0,1.0,0,,30,CMO
KO-FIN-04397,confirmation이 무엇을 의미하나요?,အတည်ပြုချက်။ ဆိုတာ ဘာကိုဆိုလိုတာလဲ။,confirmation,confirmation,True,금융시장·거래,,1.0,1.0,1.0,0,,40,confirmation
KO-FIN-04402,conglomerate을 이용하려면 어떤 조건이 필요한가요?,ကွန်ဂလိုမီရက် ကို အသုံးပြုဖို့ ဘယ်လို အခြေအနေတွေ လိုအပ်ပါသလဲ။,conglomerate,conglomerate,True,기업금융·자본조달,,1.0,1.0,1.0,0,,40,conglomerate
KO-FIN-04403,conglomerate과 관련된 비용과 절차를 확인하고 싶습니다.,ကွန်ဂလိုမီရက် နဲ့ ပတ်သက်တဲ့ ကုန်ကျစရိတ်နဲ့ လုပ်ထုံးလုပ်နည်းတွေကို စစ်ဆေးချင်ပါတယ်။,conglomerate,conglomerate,True,기업금융·자본조달,,1.0,1.0,1.0,0,,40,conglomerate
KO-FIN-04407,"country risk, sovereign risk과 관련된 투자 정보를 확인하고 싶습니다.",နိုင်ငံအန္တရာယ်၊ နိုင်ငံပိုင်အန္တရာယ်။ နဲ့ ပတ်သက်တဲ့ ရင်းနှီးမြှုပ်နှံမှု အချက်အလက်တွေကို စစ်ဆေးချင်ပါတယ်။,"country risk, sovereign risk","country risk, sovereign risk",True,자산운용·투자,,1.0,1.0,1.0,0,,40,"country risk, sovereign risk"
KO-FIN-04409,coupon rate이 무엇인지 설명해 주세요.,coupon rate ကို ဆိုတာ ဘာလဲဆိုတာ ရှင်းပြပေးပါဦး။,coupon rate,coupon rate,True,채권,,1.0,1.0,1.0,0,,40,coupon rate
KO-FIN-04413,covered warrant이 무엇인지 쉽게 설명해 주세요.,Covered Warrant ပါ ဆိုတာ ဘာလဲဆိုတာ ရှင်းပြပေးပါ။,covered warrant,covered warrant,True,파생상품,,1.0,1.0,1.0,0,,40,covered warrant
KO-FIN-04417,CPSS이 무엇인지 설명해 주세요.,CPSS ဆိုတာ ဘာလဲဆိုတာ ရှင်းပြပေးပါဦး။,CPSS,CPSS,True,지급결제·청산,,1.0,1.0,1.0,0,,0,
KO-FIN-04421,CREST이 무엇인지 설명해 주세요.,CREST ဆိုတာ ဘာလဲဆိုတာ ရှင်းပြပေးပါဦး။,CREST,CREST,True,증권·예탁,금융시장·거래 / 지급결제·청산 / 채권 / 자산운용·투자,1.0,1.0,1.0,0,,0,
KO-FIN-04431,crown jewel과 관련된 내용을 확인하고 싶습니다.,ထီးနန်းရတနာ နဲ့ ပတ်သက်တဲ့ အကြောင်းအရာတွေကို စစ်ဆေးချင်ပါတယ်။,crown jewel,crown jewel,True,기타 금융일반,,1.0,1.0,1.0,0,,40,crown jewel
KO-FIN-04432,crown jewel의 정확한 의미는 해당 금융거래의 맥락과 함께 확인해야 합니다.,ထီးနန်းရတနာ ရဲ့ တိကျတဲ့ အဓိပ္ပါယ်ကို ငွေကြေး ကုန်သွယ်မှု အခြေအနေနဲ့အတူ စစ်ဆေးဖို့လိုပါတယ်။,crown jewel,crown jewel,True,기타 금융일반,,1.0,1.0,1.0,0,,40,crown jewel
KO-FIN-04433,CSD이 무엇인지 설명해 주세요.,CSD ပါ။ ဆိုတာ ဘာလဲဆိုတာ ရှင်းပြပေးပါဦး။,CSD,CSD,True,증권·예탁,금융시장·거래,1.0,1.0,1.0,0,,0,
KO-FIN-04437,CUSIP이 무엇인지 설명해 주세요.,CUSIP ပါ။ ဆိုတာ ဘာလဲဆိုတာ ရှင်းပြပေးပါဦး။,CUSIP,CUSIP,True,증권·예탁,,1.0,1.0,1.0,0,,0,
KO-FIN-04441,D.K.이 무엇을 의미하나요?,D.K. ဆိုတာ ဘာကိုဆိုလိုတာလဲ။,D.K.,D.K.,True,금융시장·거래,,1.0,1.0,1.0,0,,0,
KO-FIN-04445,day trading이 무엇인지 설명해 주세요.,နေ့စဥ် ကုန်သွယ်မှု ဆိုတာ ဘာလဲဆိုတာ ရှင်းပြပေးပါဦး။,day trading,day trading,True,주식,,1.0,1.0,1.0,0,,40,day trading
KO-FIN-04449,DBC이 무엇인지 설명해 주세요.,DBC ပါ။ ဆိုတာ ဘာလဲဆိုတာ ရှင်းပြပေးပါဦး။,DBC,DBC,True,증권·예탁,금융시장·거래,1.0,1.0,1.0,0,,0,
KO-FIN-04453,delivery notice이 무엇인지 설명해 주세요.,ပို့ဆောင်ရေး အကြောင်းကြားချက်။ ဆိုတာ ဘာလဲဆိုတာ ရှင်းပြပေးပါဦး။,delivery notice,delivery notice,True,지급결제·청산,,1.0,1.0,1.0,0,,40,delivery notice
KO-FIN-04460,dollar usance과 관련된 세부 업무는 해당 기관의 안내를 확인해 주세요.,ဒေါ်လာသုံးစွဲမှု နှင့် ပတ်သက်သော အသေးစိတ်လုပ်ငန်းများအတွက် သက်ဆိုင်ရာ အဖွဲ့အစည်း၏ လမ်းညွှန်ချက်များကို ကြည့်ပါ။,dollar usance,dollar usance,True,금융기관·은행,,1.0,1.0,1.0,0,,40,dollar usance
KO-FIN-04461,DTC이 무엇인지 설명해 주세요.,DTC ပါ။ ဆိုတာ ဘာလဲဆိုတာ ရှင်းပြပေးပါဦး။,DTC,DTC,True,증권·예탁,지급결제·청산 / 금융시장·거래,1.0,1.0,1.0,0,,30,DTC
KO-FIN-04465,Due bill이 무엇인지 설명해 주세요.,Due bill ဆိုတာက ဆိုတာ ဘာလဲဆိုတာ ရှင်းပြပေးပါဦး။,Due bill,Due bill,True,주식,,1.0,1.0,1.0,0,,0,
KO-FIN-04469,dutch auction이 무엇인지 설명해 주세요.,ဒတ်ခ်ျ လေလံပွဲ ဆိုတာ ဘာလဲဆိုတာ ရှင်းပြပေးပါဦး။,dutch auction,dutch auction,True,채권,,1.0,1.0,1.0,0,,40,dutch auction
KO-FIN-04473,DVP link이 무엇인지 설명해 주세요.,DVP ချိတ်ဆက်မှု ဆိုတာ ဘာလဲဆိုတာ ရှင်းပြပေးပါဦး။,DVP link,DVP link,True,증권·예탁,,1.0,1.0,1.0,0,,0,
KO-FIN-04477,E-TRADE이 무엇인지 설명해 주세요.,E-TRADE ဆိုတာ ဘာလဲဆိုတာ ရှင်းပြပေးပါဦး။,E-TRADE,E-TRADE,True,증권·예탁,,1.0,1.0,1.0,0,,40,E-TRADE
KO-FIN-04481,ECF이 무엇인지 설명해 주세요.,ECF ပါ။ ဆိုတာ ဘာလဲဆိုတာ ရှင်းပြပေးပါဦး။,ECF,ECF,True,지급결제·청산,금융기관·은행,1.0,1.0,1.0,0,,30,ECF
KO-FIN-04485,EDR이 무엇인지 설명해 주세요.,EDR ပါ။ ဆိုတာ ဘာလဲဆိုတာ ရှင်းပြပေးပါဦး။,EDR,EDR,True,증권·예탁,,1.0,1.0,1.0,0,,30,EDR
KO-FIN-04489,EMCC이 무엇인지 설명해 주세요.,EMCC ပါ။ ဆိုတာ ဘာလဲဆိုတာ ရှင်းပြပေးပါဦး။,EMCC,EMCC,True,지급결제·청산,금융시장·거래,1.0,1.0,1.0,0,,0,
KO-FIN-04495,EMEA과 관련된 내용을 확인하고 싶습니다.,EMEA နဲ့ ပတ်သက်တဲ့ အကြောင်းအရာတွေကို စစ်ဆေးချင်ပါတယ်။,EMEA,EMEA,True,기타 금융일반,,1.0,1.0,1.0,0,,0,
KO-FIN-04496,EMEA의 정확한 의미는 해당 금융거래의 맥락과 함께 확인해야 합니다.,EMEA ရဲ့ တိကျတဲ့ အဓိပ္ပါယ်ကို ငွေကြေး ကုန်သွယ်မှု အခြေအနေနဲ့အတူ စစ်ဆေးဖို့လိုပါတယ်။,EMEA,EMEA,True,기타 금융일반,,1.0,1.0,1.0,0,,0,
KO-FIN-04497,ETF이 무엇을 의미하나요?,ETF တွေ ဆိုတာ ဘာကိုဆိုလိုတာလဲ။,ETF,ETF,True,금융시장·거래,,1.0,1.0,1.0,0,,0,
KO-FIN-04504,EURIBOR은 심사 결과에 따라 이용 가능 여부가 달라질 수 있습니다.,EURIBOR ကို ဟာ သုံးစွဲမှုအပေါ် မူတည်ပြီး ပြောင်းလဲနိုင်ပါတယ်။,EURIBOR,EURIBOR,True,대출,,1.0,1.0,1.0,0,,40,EURIBOR
KO-FIN-04505,EUROCLEAR이 무엇인지 설명해 주세요.,EUROCLEAR ကို ဆိုတာ ဘာလဲဆိုတာ ရှင်းပြပေးပါဦး။,EUROCLEAR,EUROCLEAR,True,증권·예탁,,1.0,1.0,1.0,0,,40,EUROCLEAR
KO-FIN-04511,EVA과 관련된 투자 정보를 확인하고 싶습니다.,EVA ပါ။ နဲ့ ပတ်သက်တဲ့ ရင်းနှီးမြှုပ်နှံမှု အချက်အလက်တွေကို စစ်ဆေးချင်ပါတယ်။,EVA,EVA,True,자산운용·투자,,1.0,1.0,1.0,0,,30,EVA
KO-FIN-04513,fallen angel이 무엇인지 설명해 주세요.,ကျဆုံးသွားတဲ့ ကောင်းကင်တမန်။ ဆိုတာ ဘာလဲဆိုတာ ရှင်းပြပေးပါဦး။,fallen angel,fallen angel,True,증권·예탁,,1.0,1.0,1.0,0,,40,fallen angel
KO-FIN-04518,FED-WIRE을 이용하려면 어떻게 해야 하나요?,FED-WIRE ကို သုံးဖို့ ဘယ်လိုလုပ်ရမလဲ။,FED-WIRE,FED-WIRE,True,이체,증권·예탁,1.0,1.0,1.0,0,,0,
KO-FIN-04520,FED-WIRE을 진행하기 전에 입력한 정보를 다시 확인해 주세요.,FED-WIRE ကို မလုပ်ခင် အချက်အလက်တွေကို ထပ်ပြီး စစ်ဆေးပါ။,FED-WIRE,FED-WIRE,True,이체,증권·예탁,1.0,1.0,1.0,0,,0,
KO-FIN-04521,fill or kill order이 무엇을 의미하나요?,ဖြည့်ဖို့ (သို့) သတ်ဖို့ အမိန့်ပါ။ ဆိုတာ ဘာကိုဆိုလိုတာလဲ။,fill or kill order,fill or kill order,True,금융시장·거래,,1.0,1.0,1.0,0,,40,fill or kill order
KO-FIN-04531,five hundred dollar rule 때문에 추가로 확인해야 할 사항이 있나요?,ဒေါ်လာ ၅၀၀ စည်းမျဉ်းပါ။ အတွက် ထပ်ပြီး စစ်ဆေးစရာရှိလား။,five hundred dollar rule,five hundred dollar rule,True,금융법규·감독,,1.0,1.0,1.0,0,,40,five hundred dollar rule
KO-FIN-04533,FIX이 무엇을 의미하나요?,FIX ကို ဆိုတာ ဘာကိုဆိုလိုတာလဲ။,FIX,FIX,True,금융시장·거래,,1.0,1.0,1.0,0,,0,
KO-FIN-04537,flipping이 무엇인지 설명해 주세요.,flipping ကို ဆိုတာ ဘာလဲဆိုတာ ရှင်းပြပေးပါဦး။,flipping,flipping,True,증권·예탁,,1.0,1.0,1.0,0,,40,flipping
KO-FIN-04545,FORM 10-Q이 무엇인지 설명해 주세요.,FORM 10-Q ကို ဆိုတာ ဘာလဲဆိုတာ ရှင်းပြပေးပါဦး။,FORM 10-Q,FORM 10-Q,True,증권·예탁,,1.0,1.0,1.0,0,,0,
KO-FIN-04549,FORM 3이 무엇인지 설명해 주세요.,FORM သုံး။ ဆိုတာ ဘာလဲဆိုတာ ရှင်းပြပေးပါဦး။,FORM 3,FORM 3,True,주식,금융시장·거래,1.0,1.0,1.0,0,,0,
KO-FIN-04553,FORM 4이 무엇인지 설명해 주세요.,FORM လေး။ ဆိုတာ ဘာလဲဆိုတာ ရှင်းပြပေးပါဦး။,FORM 4,FORM 4,True,주식,,1.0,1.0,1.0,0,,40,FORM 4
KO-FIN-04557,FORM 8-K이 무엇을 의미하나요?,FORM 8-K ကို ဆိုတာ ဘာကိုဆိုလိုတာလဲ။,FORM 8-K,FORM 8-K,True,금융시장·거래,,1.0,1.0,1.0,0,,0,
KO-FIN-04561,forward pricing이 무엇인지 설명해 주세요.,ရှေ့ဆက် ဈေးနှုန်း သတ်မှတ်ခြင်း ဆိုတာ ဘာလဲဆိုတာ ရှင်းပြပေးပါဦး။,forward pricing,forward pricing,True,주식,,1.0,1.0,1.0,0,,40,forward pricing
KO-FIN-04568,FUND/NETWORKING은 운용 결과에 따라 원금 손실이 발생할 수 있습니다.,FUND/NETWORKING ကို အသုံးပြုမှု ရလဒ်တွေပေါ် မူတည်ပြီး မူရင်းငွေ ဆုံးရှုံးမှုတွေ ဖြစ်ပေါ်နိုင်ပါတယ်။,FUND/NETWORKING,FUND/NETWORKING,True,펀드·신탁,,1.0,1.0,1.0,0,,40,FUND/NETWORKING
KO-FIN-04569,FUND/SERV이 무엇인지 설명해 주세요.,FUND/SERV ဆိုတာ ဘာလဲဆိုတာ ရှင်းပြပေးပါဦး။,FUND/SERV,FUND/SERV,True,지급결제·청산,금융기관·은행,1.0,1.0,1.0,0,,0,
KO-FIN-04573,FV/EBITDA이 무엇인지 설명해 주세요.,FV/EBITDA ဆိုတာ ဘာလဲဆိုတာ ရှင်းပြပေးပါဦး။,FV/EBITDA,FV/EBITDA,True,주식,,1.0,1.0,1.0,0,,0,
KO-FIN-04577,G-30이 무엇인지 설명해 주세요.,G-30 ပါ။ ဆိုတာ ဘာလဲဆိုတာ ရှင်းပြပေးပါဦး။,G-30,G-30,True,증권·예탁,,1.0,1.0,1.0,0,,0,
KO-FIN-04581,gilt-edged securities이 무엇인지 설명해 주세요.,gilt-edged securities တွေပါ။ ဆိုတာ ဘာလဲဆိုတာ ရှင်းပြပေးပါဦး။,gilt-edged securities,gilt-edged securities,True,증권·예탁,,1.0,1.0,1.0,0,,40,gilt-edged securities
KO-FIN-04588,giro lombard over draft과 관련된 세부 업무는 해당 기관의 안내를 확인해 주세요.,ဂီရို လမ်ဘာ့ဒ် ကမ်းလှမ်းချက် နှင့် ပတ်သက်သော အသေးစိတ်လုပ်ငန်းများအတွက် သက်ဆိုင်ရာ အဖွဲ့အစည်း၏ လမ်းညွှန်ချက်များကို ကြည့်ပါ။,giro lombard over draft,giro lombard over draft,True,금융기관·은행,,1.0,1.0,1.0,0,,40,giro lombard over draft
KO-FIN-04589,GLOBALCLEAR이 무엇인지 설명해 주세요.,GLOBALCLEAR ကို ဆိုတာ ဘာလဲဆိုတာ ရှင်းပြပေးပါဦး။,GLOBALCLEAR,GLOBALCLEAR,True,지급결제·청산,,1.0,1.0,1.0,0,,0,
KO-FIN-04593,GLOBEX ALLIANCE이 무엇을 의미하나요?,GLOBEX ALLIANCE ဆိုတာ ဘာကိုဆိုလိုတာလဲ။,GLOBEX ALLIANCE,GLOBEX ALLIANCE,True,금융시장·거래,,1.0,1.0,1.0,0,,40,GLOBEX ALLIANCE
KO-FIN-04597,GNMA이 무엇인지 설명해 주세요.,GNMA ဆိုတာ ဘာလဲဆိုတာ ရှင်းပြပေးပါဦး။,GNMA,GNMA,True,증권·예탁,,1.0,1.0,1.0,0,,0,
KO-FIN-04601,greenmail이 무엇인지 설명해 주세요.,Greenmail ပါ။ ဆိုတာ ဘာလဲဆိုတာ ရှင်းပြပေးပါဦး။,greenmail,greenmail,True,주식,,1.0,1.0,1.0,0,,40,greenmail
KO-FIN-04607,grey market과 관련된 투자 정보를 확인하고 싶습니다.,မီးခိုးရောင် စျေးကွက် နဲ့ ပတ်သက်တဲ့ ရင်းနှီးမြှုပ်နှံမှု အချက်အလက်တွေကို စစ်ဆေးချင်ပါတယ်။,grey market,grey market,True,자산운용·투자,,1.0,1.0,1.0,0,,40,grey market
KO-FIN-04609,gun jumping이 무엇을 의미하나요?,သေနတ်ခုန်တာ ဆိုတာ ဘာကိုဆိုလိုတာလဲ။,gun jumping,gun jumping,True,금융시장·거래,,1.0,1.0,1.0,0,,40,gun jumping
KO-FIN-04613,HKSCC이 무엇을 의미하나요?,HKSCC ပါ။ ဆိုတာ ဘာကိုဆိုလိုတာလဲ။,HKSCC,HKSCC,True,금융시장·거래,증권·예탁,1.0,1.0,1.0,0,,0,
KO-FIN-04617,hub & spokes이 무엇인지 설명해 주세요.,Hub နဲ့ Spokes ဆိုတာ ဘာလဲဆိုတာ ရှင်းပြပေးပါဦး။,hub & spokes,hub & spokes,True,지급결제·청산,증권·예탁,1.0,1.0,1.0,0,,40,hub & spokes
KO-FIN-04621,IBAN에 대해 자세히 알려주세요.,IBAN အကြောင်း အသေးစိတ်ပြောပြပါ။,IBAN,IBAN,True,해외송금·외환,,1.0,1.0,1.0,0,,0,
KO-FIN-04622,IBAN을 확인하고 싶습니다.,IBAN ကို စစ်ဆေးချင်ပါတယ်။,IBAN,IBAN,True,해외송금·외환,,1.0,1.0,1.0,0,,0,
KO-FIN-04625,IID이 무엇을 의미하나요?,IID ပါ။ ဆိုတာ ဘာကိုဆိုလိုတာလဲ။,IID,IID,True,금융시장·거래,,1.0,1.0,1.0,0,,0,
KO-FIN-04630,IMF 8조국과 관련된 거래 조건을 확인하고 싶습니다.,IMF နိုင်ငံ ၈ နိုင်ငံ နဲ့ ပတ်သက်တဲ့ ကုန်သွယ်မှု စည်းမျဉ်းတွေကို စစ်ဆေးချင်ပါတယ်။,IMF 8조국,IMF 8조국,True,국제금융,,1.0,1.0,1.0,0,,0,
KO-FIN-04632,IMF 8조국과 관련된 거래에서는 국가별 규정과 통화를 함께 확인해야 합니다.,IMF နိုင်ငံ ၈ နိုင်ငံ နှင့် ပတ်သက်သော ငွေလဲလှယ်မှုများတွင် နိုင်ငံအလိုက် စည်းမျဉ်းများနှင့် ငွေကြေးကို အတူတကွ စစ်ဆေးရန် လိုအပ်ပါသည်။,IMF 8조국,IMF 8조국,True,국제금융,,1.0,1.0,1.0,0,,0,
KO-FIN-04634,IMF 구제금융과 관련된 거래 조건을 확인하고 싶습니다.,IMF ကနေ ငွေကြေးထောက်ပံ့မှု နဲ့ ပတ်သက်တဲ့ ကုန်သွယ်မှု စည်းမျဉ်းတွေကို စစ်ဆေးချင်ပါတယ်။,IMF 구제금융,IMF 구제금융,True,국제금융,,1.0,1.0,1.0,0,,40,IMF 구제금융
KO-FIN-04636,IMF 구제금융과 관련된 거래에서는 국가별 규정과 통화를 함께 확인해야 합니다.,IMF ကနေ ငွေကြေးထောက်ပံ့မှု နဲ့ ပတ်သက်တဲ့ ငွေလဲလှယ်မှုတွေမှာ နိုင်ငံအလိုက် စည်းမျဉ်းတွေနဲ့ ငွေကြေးကို အတူတကွ စစ်ဆေးဖို့လိုပါတယ်။,IMF 구제금융,IMF 구제금융,True,국제금융,,1.0,1.0,1.0,0,,40,IMF 구제금융
KO-FIN-04641,independent broker이 무엇을 의미하나요?,လွတ်လပ်တဲ့ စျေးဝယ်သူ ဆိုတာ ဘာကိုဆိုလိုတာလဲ။,independent broker,independent broker,True,금융시장·거래,,1.0,1.0,1.0,0,,40,independent broker
KO-FIN-04649,INSTINET이 무엇을 의미하나요?,INSTINET ကို ကြည့်ပါ။ ဆိုတာ ဘာကိုဆိုလိုတာလဲ။,INSTINET,INSTINET,True,금융시장·거래,,1.0,1.0,1.0,0,,40,INSTINET
KO-FIN-04656,interlinker은 심사 결과에 따라 이용 가능 여부가 달라질 수 있습니다.,အပြန်အလှန်ဆက်သွယ်ရေး ဟာ သုံးစွဲမှုအပေါ် မူတည်ပြီး ပြောင်းလဲနိုင်ပါတယ်။,interlinker,interlinker,True,대출,,1.0,1.0,1.0,0,,40,interlinker
KO-FIN-04657,intermarket trading system이 무엇을 의미하나요?,စျေးကွက်အချင်းချင်း ကုန်သွယ်ရေး စနစ် ဆိုတာ ဘာကိုဆိုလိုတာလဲ။,intermarket trading system,intermarket trading system,True,금융시장·거래,,1.0,1.0,1.0,0,,40,intermarket trading system
KO-FIN-04671,investment company과 관련된 투자 정보를 확인하고 싶습니다.,ရင်းနှီးမြှုပ်နှံမှု ကုမ္ပဏီ နဲ့ ပတ်သက်တဲ့ ရင်းနှီးမြှုပ်နှံမှု အချက်အလက်တွေကို စစ်ဆေးချင်ပါတယ်။,investment company,investment company,True,자산운용·투자,,1.0,1.0,1.0,0,,40,investment company
KO-FIN-04675,ISDN과 관련된 내용을 확인하고 싶습니다.,ISDN နဲ့ ပတ်သက်တဲ့ အကြောင်းအရာတွေကို စစ်ဆေးချင်ပါတယ်။,ISDN,ISDN,True,기타 금융일반,,1.0,1.0,1.0,0,,0,
KO-FIN-04676,ISDN의 정확한 의미는 해당 금융거래의 맥락과 함께 확인해야 합니다.,ISDN ရဲ့ တိကျတဲ့ အဓိပ္ပါယ်ကို ငွေကြေး ကုန်သွယ်မှု အခြေအနေနဲ့အတူ စစ်ဆေးဖို့လိုပါတယ်။,ISDN,ISDN,True,기타 금융일반,,1.0,1.0,1.0,0,,0,
KO-FIN-04677,ISIN이 무엇인지 설명해 주세요.,ISIN ဆိုတာ ဘာလဲဆိုတာ ရှင်းပြပေးပါဦး။,ISIN,ISIN,True,증권·예탁,,1.0,1.0,1.0,0,,20,ISIN
KO-FIN-04685,ISMA이 무엇을 의미하나요?,ISMA ပါ။ ဆိုတာ ဘာကိုဆိုလိုတာလဲ။,ISMA,ISMA,True,금융시장·거래,증권·예탁,1.0,1.0,1.0,0,,0,
KO-FIN-04689,ISO 20022이 무엇인지 설명해 주세요.,ISO ၂၀၀၂၂ ဆိုတာ ဘာလဲဆိုတာ ရှင်းပြပေးပါဦး။,ISO 20022,ISO 20022,True,증권·예탁,,1.0,1.0,1.0,0,,0,
KO-FIN-04693,ISO 7775이 무엇인지 설명해 주세요.,ISO ၇၇၇၅ ဆိုတာ ဘာလဲဆိုတာ ရှင်းပြပေးပါဦး။,ISO 7775,ISO 7775,True,증권·예탁,,1.0,1.0,1.0,0,,0,
KO-FIN-04697,ISO이 무엇인지 설명해 주세요.,ISO ကို ဆိုတာ ဘာလဲဆိုတာ ရှင်းပြပေးပါဦး။,ISO,ISO,True,증권·예탁,,1.0,1.0,1.0,0,,0,
KO-FIN-04701,ITM이 무엇인지 쉽게 설명해 주세요.,ITM ဆိုတာ ဘာလဲဆိုတာ ရှင်းပြပေးပါ။,ITM,ITM,True,파생상품,,1.0,1.0,1.0,0,,0,
KO-FIN-04705,Jobber이 무엇을 의미하나요?,Jobber ပါ။ ဆိုတာ ဘာကိုဆိုလိုတာလဲ။,Jobber,Jobber,True,금융시장·거래,,1.0,1.0,1.0,0,,40,Jobber
KO-FIN-04709,kassenverein이 무엇인지 설명해 주세요.,Kassenverein ဆိုတာက ဆိုတာ ဘာလဲဆိုတာ ရှင်းပြပေးပါဦး။,kassenverein,kassenverein,True,증권·예탁,,1.0,1.0,1.0,0,,40,kassenverein
KO-FIN-04713,KELER이 무엇인지 설명해 주세요.,KELER ဆိုတာ ဘာလဲဆိုတာ ရှင်းပြပေးပါဦး။,KELER,KELER,True,증권·예탁,금융시장·거래,1.0,1.0,1.0,0,,40,KELER
KO-FIN-04719,killer bees과 관련된 투자 정보를 확인하고 싶습니다.,လူသတ်ပျားတွေ။ နဲ့ ပတ်သက်တဲ့ ရင်းနှီးမြှုပ်နှံမှု အချက်အလက်တွေကို စစ်ဆေးချင်ပါတယ်။,killer bees,killer bees,True,자산운용·투자,,1.0,1.0,1.0,0,,40,killer bees
KO-FIN-04721,know-your customer rule이 무엇을 의미하나요?,Know-Your Customer စည်းမျဉ်းပါ။ ဆိုတာ ဘာကိုဆိုလိုတာလဲ။,know-your customer rule,know-your customer rule,True,금융시장·거래,,1.0,1.0,1.0,0,,40,know-your customer rule
KO-FIN-04725,KOSPI 200이 무엇인지 설명해 주세요.,KOSPI ၂၀၀ ဆိုတာ ဘာလဲဆိုတာ ရှင်းပြပေးပါဦး။,KOSPI 200,KOSPI 200,True,주식,,1.0,1.0,1.0,0,,0,
KO-FIN-04729,Lamfalussy기준이 무엇인지 설명해 주세요.,Lamfalussy အတွက် ပုံမှန်ပါ။ ဆိုတာ ဘာလဲဆိုတာ ရှင်းပြပေးပါဦး။,Lamfalussy기준,Lamfalussy기준,True,지급결제·청산,,1.0,1.0,1.0,0,,40,Lamfalussy기준
KO-FIN-04736,LBO은 심사 결과에 따라 이용 가능 여부가 달라질 수 있습니다.,LBO ပါ။ က သုံးစွဲမှုအပေါ် မူတည်ပြီး ပြောင်းလဲနိုင်ပါတယ်။,LBO,LBO,True,대출,,1.0,1.0,1.0,0,,0,
KO-FIN-04737,Link-Up Markets이 무엇인지 설명해 주세요.,Link-Up စျေးကွက်များ ဆိုတာ ဘာလဲဆိုတာ ရှင်းပြပေးပါဦး။,Link-Up Markets,Link-Up Markets,True,지급결제·청산,,1.0,1.0,1.0,0,,40,Link-Up Markets
KO-FIN-04741,local trader이 무엇을 의미하나요?,ဒေသတွင်း ကုန်သည် ဆိုတာ ဘာကိုဆိုလိုတာလဲ။,local trader,local trader,True,금융시장·거래,,1.0,1.0,1.0,0,,40,local trader
KO-FIN-04752,"M1, M2, M3과 관련된 세부 업무는 해당 기관의 안내를 확인해 주세요.","M1, M2, M3 နှင့် ပတ်သက်သော အသေးစိတ်လုပ်ငန်းများအတွက် သက်ဆိုင်ရာ အဖွဲ့အစည်း၏ လမ်းညွှန်ချက်များကို ကြည့်ပါ။","M1, M2, M3","M1, M2, M3",True,금융기관·은행,,1.0,1.0,1.0,0,,0,
KO-FIN-04753,MADOFF이 무엇을 의미하나요?,MADOFF ပါ ဆိုတာ ဘာကိုဆိုလိုတာလဲ။,MADOFF,MADOFF,True,금융시장·거래,증권·예탁,1.0,1.0,1.0,0,,40,MADOFF
KO-FIN-04757,MALONEY ACT이 무엇을 의미하나요?,MALONEY ACT ကို ဆိုတာ ဘာကိုဆိုလိုတာလဲ။,MALONEY ACT,MALONEY ACT,True,금융시장·거래,,1.0,1.0,1.0,0,,0,
KO-FIN-04761,matched book이 무엇을 의미하나요?,တူညီတဲ့ စာအုပ်ပါ။ ဆိုတာ ဘာကိုဆိုလိုတာလဲ။,matched book,matched book,True,금융시장·거래,,1.0,1.0,1.0,0,,40,matched book
KO-FIN-04768,matching fund은 운용 결과에 따라 원금 손실이 발생할 수 있습니다.,တူညီတဲ့ ရံပုံငွေ ကို အသုံးပြုမှု ရလဒ်တွေပေါ် မူတည်ပြီး မူရင်းငွေ ဆုံးရှုံးမှုတွေ ဖြစ်ပေါ်နိုင်ပါတယ်။,matching fund,matching fund,True,펀드·신탁,자산운용·투자,1.0,1.0,1.0,0,,40,matching fund
KO-FIN-04769,MIC이 무엇을 의미하나요?,MIC ဆိုတာ ဘာကိုဆိုလိုတာလဲ။,MIC,MIC,True,금융시장·거래,,1.0,1.0,1.0,0,,0,
KO-FIN-04775,MiFID과 관련된 투자 정보를 확인하고 싶습니다.,MiFID နဲ့ ပတ်သက်တဲ့ ရင်းနှီးမြှုပ်နှံမှု အချက်အလက်တွေကို စစ်ဆေးချင်ပါတယ်။,MiFID,MiFID,True,자산운용·투자,,1.0,1.0,1.0,0,,0,
KO-FIN-04777,MIT이 무엇을 의미하나요?,MIT ပါ။ ဆိုတာ ဘာကိုဆိုလိုတာလဲ။,MIT,MIT,True,금융시장·거래,,1.0,1.0,1.0,0,,0,
KO-FIN-04784,MM의 자본구조 이론은 심사 결과에 따라 이용 가능 여부가 달라질 수 있습니다.,MM ရဲ့ အရင်းရှင်တည်ဆောက်မှု သီအိုရီ က သုံးစွဲမှုအပေါ် မူတည်ပြီး ပြောင်းလဲနိုင်ပါတယ်။,MM의 자본구조 이론,MM의 자본구조 이론,True,대출,,1.0,1.0,1.0,0,,0,
KO-FIN-04785,Moddy's investment grade이 무엇인지 설명해 주세요.,Moddy ရဲ့ ရင်းနှီးမြှုပ်နှံမှု အဆင့် ဆိုတာ ဘာလဲဆိုတာ ရှင်းပြပေးပါဦး။,Moddy's investment grade,Moddy's investment grade,True,채권,,1.0,1.0,1.0,0,,40,Moddy's investment grade
KO-FIN-04789,MONTE TITOLI S.P.A.이 무엇인지 설명해 주세요.,MONTE TITOLI S.P.A. ဆိုတာ ဘာလဲဆိုတာ ရှင်းပြပေးပါဦး။,MONTE TITOLI S.P.A.,MONTE TITOLI S.P.A.,True,증권·예탁,주식 / 금융기관·은행,1.0,1.0,1.0,0,,0,
KO-FIN-04793,MSRB이 무엇인지 설명해 주세요.,MSRB ပါ။ ဆိုတာ ဘာလဲဆိုတာ ရှင်းပြပေးပါဦး။,MSRB,MSRB,True,증권·예탁,,1.0,1.0,1.0,0,,0,
KO-FIN-04800,narrow bank은 심사 결과에 따라 이용 가능 여부가 달라질 수 있습니다.,Narrow Bank က သုံးစွဲမှုအပေါ် မူတည်ပြီး ပြောင်းလဲနိုင်ပါတယ်။,narrow bank,narrow bank,True,대출,,1.0,1.0,1.0,0,,40,narrow bank
KO-FIN-04801,national market system이 무엇을 의미하나요?,အမျိုးသားစျေးကွက်စနစ် ဆိုတာ ဘာကိုဆိုလိုတာလဲ။,national market system,national market system,True,금융시장·거래,,1.0,1.0,1.0,0,,40,national market system
KO-FIN-04805,NECIGEF이 무엇인지 설명해 주세요.,NECIGEF ဆိုတာ ဘာလဲဆိုတာ ရှင်းပြပေးပါဦး။,NECIGEF,NECIGEF,True,증권·예탁,금융시장·거래,1.0,1.0,1.0,0,,0,
KO-FIN-04809,net credit or net debit position이 무엇인지 설명해 주세요.,net credit (သို့) net debit အနေအထား ဆိုတာ ဘာလဲဆိုတာ ရှင်းပြပေးပါဦး။,net credit or net debit position,net credit or net debit position,True,지급결제·청산,,1.0,1.0,1.0,0,,40,net credit or net debit position
KO-FIN-04813,net debit caps이 무엇인지 설명해 주세요.,net debit caps တွေ ဆိုတာ ဘာလဲဆိုတာ ရှင်းပြပေးပါဦး။,net debit caps,net debit caps,True,증권·예탁,,1.0,1.0,1.0,0,,40,net debit caps
KO-FIN-04817,net sender limits이 무엇인지 설명해 주세요.,net sender limit များ ဆိုတာ ဘာလဲဆိုတာ ရှင်းပြပေးပါဦး။,net sender limits,net sender limits,True,지급결제·청산,,1.0,1.0,1.0,0,,40,net sender limits
KO-FIN-04821,NICRA이 무엇인지 설명해 주세요.,NICRA ပါ။ ဆိုတာ ဘာလဲဆိုတာ ရှင်းပြပေးပါဦး။,NICRA,NICRA,True,채권,,1.0,1.0,1.0,0,,0,
KO-FIN-04827,NMPG과 관련된 내용을 확인하고 싶습니다.,NMPG နဲ့ ပတ်သက်တဲ့ အကြောင်းအရာတွေကို စစ်ဆေးချင်ပါတယ်။,NMPG,NMPG,True,기타 금융일반,,1.0,1.0,1.0,0,,0,
KO-FIN-04828,NMPG의 정확한 의미는 해당 금융거래의 맥락과 함께 확인해야 합니다.,NMPG ရဲ့ တိကျတဲ့ အဓိပ္ပါယ်ကို ငွေကြေး ကုန်သွယ်မှု အခြေအနေနဲ့အတူ စစ်ဆေးဖို့လိုပါတယ်။,NMPG,NMPG,True,기타 금융일반,,1.0,1.0,1.0,0,,0,
KO-FIN-04829,nominee name이 무엇인지 설명해 주세요.,Nominee အမည် ဆိုတာ ဘာလဲဆိုတာ ရှင်းပြပေးပါဦး။,nominee name,nominee name,True,증권·예탁,주식,1.0,1.0,1.0,0,,40,nominee name
KO-FIN-04836,nostro account과 관련된 세부 업무는 해당 기관의 안내를 확인해 주세요.,ကျွန်တော်တို့ရဲ့ အကောင့် နှင့် ပတ်သက်သော အသေးစိတ်လုပ်ငန်းများအတွက် သက်ဆိုင်ရာ အဖွဲ့အစည်း၏ လမ်းညွှန်ချက်များကို ကြည့်ပါ။,nostro account,nostro account,True,금융기관·은행,,1.0,1.0,1.0,0,,40,nostro account
KO-FIN-04837,NSCC이 무엇을 의미하나요?,NSCC ပါ။ ဆိုတာ ဘာကိုဆိုလိုတာလဲ။,NSCC,NSCC,True,금융시장·거래,지급결제·청산 / 펀드·신탁 / 증권·예탁,1.0,1.0,1.0,0,,0,
KO-FIN-04841,NYSE rule 387이 무엇을 의미하나요?,NYSE စည်းမျဉ်း ၃၈၇ ဆိုတာ ဘာကိုဆိုလိုတာလဲ။,NYSE rule 387,NYSE rule 387,True,금융시장·거래,증권·예탁,1.0,1.0,1.0,0,,0,
KO-FIN-04847,on-line system과 관련된 투자 정보를 확인하고 싶습니다.,အွန်လိုင်း စနစ် နဲ့ ပတ်သက်တဲ့ ရင်းနှီးမြှုပ်နှံမှု အချက်အလက်တွေကို စစ်ဆေးချင်ပါတယ်။,on-line system,on-line system,True,자산운용·투자,,1.0,1.0,1.0,0,,40,on-line system
KO-FIN-04849,open position이 무엇을 의미하나요?,ပွင့်လင်းတဲ့ နေရာပါ။ ဆိုတာ ဘာကိုဆိုလိုတာလဲ။,open position,open position,True,금융시장·거래,,1.0,1.0,1.0,0,,40,open position
KO-FIN-04853,OTM이 무엇을 의미하나요?,OTM ပါ။ ဆိုတာ ဘာကိုဆိုလိုတာလဲ။,OTM,OTM,True,금융시장·거래,,1.0,1.0,1.0,0,,0,
KO-FIN-04858,P&A에서 이용할 수 있는 금융업무는 무엇인가요?,P&A မှာ သုံးနိုင်တဲ့ ဘဏ္ဍာရေးလုပ်ငန်းတွေက ဘာတွေလဲ။,P&A,P&A,True,금융기관·은행,,1.0,1.0,1.0,0,,40,P&A
KO-FIN-04861,pac-man strategy이 무엇인지 설명해 주세요.,Pac-Man မဟာဗျူဟာ ဆိုတာ ဘာလဲဆိုတာ ရှင်းပြပေးပါဦး။,pac-man strategy,pac-man strategy,True,주식,,1.0,1.0,1.0,0,,40,pac-man strategy
KO-FIN-04866,paper-based credit transfers은 어디에서 확인할 수 있나요?,စက္ကူအခြေခံ ငွေလွှဲပြောင်းမှု ကို ဘယ်မှာတွေ့လဲ။,paper-based credit transfers,paper-based credit transfers,True,계좌,이체,1.0,1.0,1.0,0,,40,paper-based credit transfers
KO-FIN-04872,PB은 심사 결과에 따라 이용 가능 여부가 달라질 수 있습니다.,PB ပါ။ ဟာ သုံးစွဲမှုအပေါ် မူတည်ပြီး ပြောင်းလဲနိုင်ပါတယ်။,PB,PB,True,대출,,1.0,1.0,1.0,0,,0,
KO-FIN-04873,PIKS이 무엇인지 설명해 주세요.,PIKS ဆိုတာ ဘာလဲဆိုတာ ရှင်းပြပေးပါဦး။,PIKS,PIKS,True,채권,,1.0,1.0,1.0,0,,0,
KO-FIN-04877,plus tick이 무엇을 의미하나요?,plus tick ကို ဆိုတာ ဘာကိုဆိုလိုတာလဲ။,plus tick,plus tick,True,금융시장·거래,,1.0,1.0,1.0,0,,40,plus tick
KO-FIN-04881,poison pill이 무엇인지 설명해 주세요.,အဆိပ်ဆေးပါ။ ဆိုတာ ဘာလဲဆိုတာ ရှင်းပြပေးပါဦး။,poison pill,poison pill,True,주식,,1.0,1.0,1.0,0,,40,poison pill
KO-FIN-04885,POSIT이 무엇을 의미하나요?,POSIT ဆိုတာ ဘာကိုဆိုလိုတာလဲ။,POSIT,POSIT,True,금융시장·거래,,1.0,1.0,1.0,0,,40,POSIT
KO-FIN-04897,PTS이 무엇을 의미하나요?,PTS ဆိုတာ ဘာကိုဆိုလိုတာလဲ။,PTS,PTS,True,금융시장·거래,증권·예탁,1.0,1.0,1.0,0,,0,
KO-FIN-04903,QFI과 관련된 투자 정보를 확인하고 싶습니다.,QFI ပါ။ နဲ့ ပတ်သက်တဲ့ ရင်းနှီးမြှုပ်နှံမှု အချက်အလက်တွေကို စစ်ဆေးချင်ပါတယ်။,QFI,QFI,True,자산운용·투자,,1.0,1.0,1.0,0,,0,
KO-FIN-04907,QIB과 관련된 투자 정보를 확인하고 싶습니다.,QIB ပါ။ နဲ့ ပတ်သက်တဲ့ ရင်းနှီးမြှုပ်နှံမှု အချက်အလက်တွေကို စစ်ဆေးချင်ပါတယ်။,QIB,QIB,True,자산운용·투자,,1.0,1.0,1.0,0,,0,
KO-FIN-04909,QuantEX이 무엇을 의미하나요?,QuantEX ကို ဆိုတာ ဘာကိုဆိုလိုတာလဲ။,QuantEX,QuantEX,True,금융시장·거래,,1.0,1.0,1.0,0,,40,QuantEX
KO-FIN-04917,registered competitive trader이 무엇을 의미하나요?,Registered Competitive Trader လို့ခေါ်ပါတယ်။ ဆိုတာ ဘာကိုဆိုလိုတာလဲ။,registered competitive trader,registered competitive trader,True,금융시장·거래,,1.0,1.0,1.0,0,,40,registered competitive trader
KO-FIN-04923,REGULATION A 때문에 추가로 확인해야 할 사항이 있나요?,စည်းမျဉ်း A အတွက် ထပ်ပြီး စစ်ဆေးစရာရှိလား။,REGULATION A,REGULATION A,True,금융법규·감독,,1.0,1.0,1.0,0,,40,REGULATION A
KO-FIN-04927,REGULATION D 때문에 추가로 확인해야 할 사항이 있나요?,စည်းမျဉ်း D အတွက် ထပ်ပြီး စစ်ဆေးစရာရှိလား။,REGULATION D,REGULATION D,True,금융법규·감독,,1.0,1.0,1.0,0,,40,REGULATION D
KO-FIN-04932,REGULATION G은 심사 결과에 따라 이용 가능 여부가 달라질 수 있습니다.,စည်းမျဉ်း G က သုံးစွဲမှုအပေါ် မူတည်ပြီး ပြောင်းလဲနိုင်ပါတယ်။,REGULATION G,REGULATION G,True,대출,,1.0,1.0,1.0,0,,40,REGULATION G
KO-FIN-04945,RELIT이 무엇인지 설명해 주세요.,RELIT ဆိုတာ ဘာလဲဆိုတာ ရှင်းပြပေးပါဦး။,RELIT,RELIT,True,지급결제·청산,금융시장·거래,1.0,1.0,1.0,0,,0,
KO-FIN-04956,repo-to-maturity은 심사 결과에 따라 이용 가능 여부가 달라질 수 있습니다.,Repo-to-maturity ဆိုတာက က သုံးစွဲမှုအပေါ် မူတည်ပြီး ပြောင်းလဲနိုင်ပါတယ်။,repo-to-maturity,repo-to-maturity,True,대출,,1.0,1.0,1.0,0,,40,repo-to-maturity
KO-FIN-04957,repo/RP이 무엇인지 설명해 주세요.,repo/RP ဆိုတာ ဘာလဲဆိုတာ ရှင်းပြပေးပါဦး။,repo/RP,repo/RP,True,채권,증권·예탁 / 금융시장·거래 / 대출,1.0,1.0,1.0,0,,0,
KO-FIN-04961,RGV이 무엇인지 설명해 주세요.,RGV ပါ။ ဆိုတာ ဘာလဲဆိုတာ ရှင်းပြပေးပါဦး။,RGV,RGV,True,지급결제·청산,금융기관·은행,1.0,1.0,1.0,0,,0,
KO-FIN-04965,round lot이 무엇을 의미하나요?,အဝိုင်းအထုပ် ဆိုတာ ဘာကိုဆိုလိုတာလဲ။,round lot,round lot,True,금융시장·거래,,1.0,1.0,1.0,0,,40,round lot
KO-FIN-04969,RSI이 무엇인지 설명해 주세요.,RSI ပါ။ ဆိုတာ ဘာလဲဆိုတာ ရှင်းပြပေးပါဦး။,RSI,RSI,True,증권·예탁,,1.0,1.0,1.0,0,,30,RSI
KO-FIN-04975,rule OF 72과 관련된 투자 정보를 확인하고 싶습니다.,၇၂ စည်းမျဉ်း နဲ့ ပတ်သက်တဲ့ ရင်းနှီးမြှုပ်နှံမှု အချက်အလက်တွေကို စစ်ဆေးချင်ပါတယ်။,rule OF 72,rule OF 72,True,자산운용·투자,,1.0,1.0,1.0,0,,40,rule OF 72
KO-FIN-04977,rule of fair practice이 무엇인지 설명해 주세요.,Fair Practice ရဲ့ စည်းမျဉ်းပါ။ ဆိုတာ ဘာလဲဆိုတာ ရှင်းပြပေးပါဦး။,rule of fair practice,rule of fair practice,True,증권·예탁,,1.0,1.0,1.0,0,,40,rule of fair practice
KO-FIN-04981,RVP이 무엇인지 설명해 주세요.,RVP ဆိုတာ ဘာလဲဆိုတာ ရှင်းပြပေးပါဦး။,RVP,RVP,True,증권·예탁,,1.0,1.0,1.0,0,,0,
KO-FIN-04985,S&R이 무엇인지 설명해 주세요.,S&R ဆိုတာ ဘာလဲဆိုတာ ရှင်းပြပေးပါဦး။,S&R,S&R,True,지급결제·청산,,1.0,1.0,1.0,0,,0,
KO-FIN-04989,SAFE 21이 무엇인지 설명해 주세요.,SAFE ၂၁ ဆိုတာ ဘာလဲဆိုတာ ရှင်းပြပေးပါဦး။,SAFE 21,SAFE 21,True,증권·예탁,,1.0,1.0,1.0,0,,0,
KO-FIN-04993,Saturday night special이 무엇인지 설명해 주세요.,စနေနေ့ည အထူး ဆိုတာ ဘာလဲဆိုတာ ရှင်းပြပေးပါဦး။,Saturday night special,Saturday night special,True,주식,,1.0,1.0,1.0,0,,40,Saturday night special
KO-FIN-04997,SCHEDULE 13D이 무엇인지 설명해 주세요.,SCHEDULE ၁၃D ဆိုတာ ဘာလဲဆိုတာ ရှင်းပြပေးပါဦး။,SCHEDULE 13D,SCHEDULE 13D,True,주식,,1.0,1.0,1.0,0,,20,SCHEDULE 13D
KO-FIN-05001,SECOM이 무엇을 의미하나요?,SECOM ဆိုတာ ဘာကိုဆိုလိုတာလဲ။,SECOM,SECOM,True,금융시장·거래,,1.0,1.0,1.0,0,,0,
KO-FIN-05005,SEDOL이 무엇을 의미하나요?,SEDOL ဆိုတာ ဘာကိုဆိုလိုတာလဲ။,SEDOL,SEDOL,True,금융시장·거래,,1.0,1.0,1.0,0,,0,
KO-FIN-05009,SEGA이 무엇인지 설명해 주세요.,SEGA ဆိုတာ ဘာလဲဆိုတာ ရှင်းပြပေးပါဦး။,SEGA,SEGA,True,증권·예탁,,1.0,1.0,1.0,0,,40,SEGA
KO-FIN-05021,SIAC이 무엇을 의미하나요?,SIAC ပါ။ ဆိုတာ ဘာကိုဆိုလိုတာလဲ။,SIAC,SIAC,True,금융시장·거래,,1.0,1.0,1.0,0,,0,
KO-FIN-05025,SICOVAM이 무엇인지 설명해 주세요.,SICOVAM ဆိုတာ ဘာလဲဆိုတာ ရှင်းပြပေးပါဦး။,SICOVAM,SICOVAM,True,증권·예탁,,1.0,1.0,1.0,0,,0,
KO-FIN-05034,sleeping beauty과 관련된 금리와 비용을 확인하고 싶습니다.,အိပ်ပျော်နေတဲ့ အလှမယ် နဲ့ ဆက်စပ်တဲ့ အတိုးနဲ့ ကုန်ကျစရိတ်တွေကို စစ်ဆေးချင်ပါတယ်။,sleeping beauty,sleeping beauty,True,부동산금융,,1.0,1.0,1.0,0,,40,sleeping beauty
KO-FIN-05035,sleeping beauty을 이용할 때 필요한 서류는 무엇인가요?,အိပ်ပျော်နေတဲ့ အလှမယ် ကို အသုံးပြုဖို့ လိုအပ်တဲ့ စာရွက်စာတမ်းတွေက ဘာတွေလဲ။,sleeping beauty,sleeping beauty,True,부동산금융,,1.0,1.0,1.0,0,,40,sleeping beauty
KO-FIN-05037,SMPG이 무엇인지 설명해 주세요.,SMPG ဆိုတာ ဘာလဲဆိုတာ ရှင်းပြပေးပါဦး။,SMPG,SMPG,True,증권·예탁,,1.0,1.0,1.0,0,,0,
KO-FIN-05045,spagetti problem이 무엇인지 설명해 주세요.,Spagetti ပြဿနာပါ။ ဆိုတာ ဘာလဲဆိုတာ ရှင်းပြပေးပါဦး။,spagetti problem,spagetti problem,True,증권·예탁,,1.0,1.0,1.0,0,,40,spagetti problem
KO-FIN-05049,stock power이 무엇인지 설명해 주세요.,စတော့ စွမ်းအင် ဆိုတာ ဘာလဲဆိုတာ ရှင်းပြပေးပါဦး။,stock power,stock power,True,주식,,1.0,1.0,1.0,0,,40,stock power
KO-FIN-05053,stock watcher이 무엇을 의미하나요?,စတော့ စောင့်ကြည့်သူ။ ဆိုတာ ဘာကိုဆိုလိုတာလဲ။,stock watcher,stock watcher,True,금융시장·거래,,1.0,1.0,1.0,0,,40,stock watcher
KO-FIN-05057,STP이 무엇을 의미하나요?,STP ပါ။ ဆိုတာ ဘာကိုဆိုလိုတာလဲ။,STP,STP,True,금융시장·거래,,1.0,1.0,1.0,0,,0,
KO-FIN-05061,street name이 무엇인지 설명해 주세요.,လမ်းအမည် ဆိုတာ ဘာလဲဆိုတာ ရှင်းပြပေးပါဦး။,street name,street name,True,증권·예탁,,1.0,1.0,1.0,0,,40,street name
KO-FIN-05069,suicide pill이 무엇인지 설명해 주세요.,ကိုယ့်ကိုယ်ကို သတ်သေဆေးပါ။ ဆိုတာ ဘာလဲဆိုတာ ရှင်းပြပေးပါဦး။,suicide pill,suicide pill,True,주식,,1.0,1.0,1.0,0,,40,suicide pill
KO-FIN-05076,sunday bank과 관련된 세부 업무는 해당 기관의 안내를 확인해 주세요.,Sunday Bank မှာ နှင့် ပတ်သက်သော အသေးစိတ်လုပ်ငန်းများအတွက် သက်ဆိုင်ရာ အဖွဲ့အစည်း၏ လမ်းညွှန်ချက်များကို ကြည့်ပါ။,sunday bank,sunday bank,True,금융기관·은행,,1.0,1.0,1.0,0,,40,sunday bank
KO-FIN-05077,sushi bond이 무엇인지 설명해 주세요.,ဆူရှီဘောင် ဆိုတာ ဘာလဲဆိုတာ ရှင်းပြပေးပါဦး။,sushi bond,sushi bond,True,채권,,1.0,1.0,1.0,0,,40,sushi bond
KO-FIN-05081,SWIFT에 대해 자세히 알려주세요.,SWIFT ပါ။ အကြောင်း အသေးစိတ်ပြောပြပါ။,SWIFT,SWIFT,True,해외송금·외환,금융시장·거래 / 국제금융,1.0,1.0,1.0,0,,0,
KO-FIN-05082,SWIFT을 확인하고 싶습니다.,SWIFT ပါ။ ကို စစ်ဆေးချင်ပါတယ်။,SWIFT,SWIFT,True,해외송금·외환,금융시장·거래 / 국제금융,1.0,1.0,1.0,0,,0,
KO-FIN-05088,system repo과 관련된 세부 업무는 해당 기관의 안내를 확인해 주세요.,system repo ကို နှင့် ပတ်သက်သော အသေးစိတ်လုပ်ငန်းများအတွက် သက်ဆိုင်ရာ အဖွဲ့အစည်း၏ လမ်းညွှန်ချက်များကို ကြည့်ပါ။,system repo,system repo,True,금융기관·은행,,1.0,1.0,1.0,0,,40,system repo
KO-FIN-05089,T-BILL이 무엇인지 설명해 주세요.,T-BILL ဆိုတာ ဘာလဲဆိုတာ ရှင်းပြပေးပါဦး။,T-BILL,T-BILL,True,증권·예탁,,1.0,1.0,1.0,0,,0,
KO-FIN-05093,T-BOND이 무엇인지 설명해 주세요.,T-BOND ဆိုတာ ဘာလဲဆိုတာ ရှင်းပြပေးပါဦး။,T-BOND,T-BOND,True,증권·예탁,,1.0,1.0,1.0,0,,0,
KO-FIN-05097,T-NOTE이 무엇인지 설명해 주세요.,T-NOTE ဆိုတာ ဘာလဲဆိုတာ ရှင်းပြပေးပါဦး။,T-NOTE,T-NOTE,True,증권·예탁,,1.0,1.0,1.0,0,,0,
KO-FIN-05101,T2S이 무엇인지 설명해 주세요.,T2S ပါ။ ဆိုတာ ဘာလဲဆိုတာ ရှင်းပြပေးပါဦး။,T2S,T2S,True,지급결제·청산,증권·예탁,1.0,1.0,1.0,0,,0,
KO-FIN-05105,TAKASBANK이 무엇인지 설명해 주세요.,TAKASBANK ဆိုတာ ဘာလဲဆိုတာ ရှင်းပြပေးပါဦး။,TAKASBANK,TAKASBANK,True,증권·예탁,금융기관·은행,1.0,1.0,1.0,0,,40,TAKASBANK
KO-FIN-05109,TALISMAN이 무엇을 의미하나요?,TALISMAN ဆိုတာ ဘာကိုဆိုလိုတာလဲ။,TALISMAN,TALISMAN,True,금융시장·거래,지급결제·청산 / 증권·예탁,1.0,1.0,1.0,0,,40,TALISMAN
KO-FIN-05113,TARGET이 무엇인지 설명해 주세요.,Target ပါ။ ဆိုတာ ဘာလဲဆိုတာ ရှင်းပြပေးပါဦး။,TARGET,TARGET,True,지급결제·청산,금융기관·은행,1.0,1.0,1.0,0,,40,TARGET
KO-FIN-05123,tax call option과 관련된 납부 내역을 확인하고 싶습니다.,အခွန်ခေါ်ဆိုမှု ရွေးချယ်မှု နဲ့ ဆက်စပ်နေတဲ့ ငွေပေးချေမှု အကြောင်းကို စစ်ဆေးချင်ပါတယ်။,tax call option,tax call option,True,세금,,1.0,1.0,1.0,0,,40,tax call option
KO-FIN-05124,tax call option의 적용 여부는 거래 유형과 세법에 따라 달라질 수 있습니다.,အခွန်ခေါ်ဆိုမှု ရွေးချယ်မှု ၏ အသုံးဝင်မှုသည် ငွေပေးချေမှုအမျိုးအစားနှင့် အခွန်ဥပဒေများအလိုက် ကွဲပြားနိုင်သည်။,tax call option,tax call option,True,세금,,1.0,1.0,1.0,0,,40,tax call option
KO-FIN-05128,TELEKURS과 관련된 세부 업무는 해당 기관의 안내를 확인해 주세요.,TELEKURS နှင့် ပတ်သက်သော အသေးစိတ်လုပ်ငန်းများအတွက် သက်ဆိုင်ရာ အဖွဲ့အစည်း၏ လမ်းညွှန်ချက်များကို ကြည့်ပါ။,TELEKURS,TELEKURS,True,금융기관·은행,,1.0,1.0,1.0,0,,40,TELEKURS
KO-FIN-05129,tick이 무엇인지 설명해 주세요.,tick လို့ခေါ်ပါတယ်။ ဆိုတာ ဘာလဲဆိုတာ ရှင်းပြပေးပါဦး။,tick,tick,True,증권·예탁,,1.0,1.0,1.0,0,,30,tick
KO-FIN-05133,ticker tape이 무엇을 의미하나요?,တီကာ တိပ်ပါ။ ဆိုတာ ဘာကိုဆိုလိုတာလဲ။,ticker tape,ticker tape,True,금융시장·거래,,1.0,1.0,1.0,0,,40,ticker tape
KO-FIN-05137,TRADEPOINT이 무엇을 의미하나요?,TRADEPOINT ကို ကြည့်ပါ။ ဆိုတာ ဘာကိုဆိုလိုတာလဲ။,TRADEPOINT,TRADEPOINT,True,금융시장·거래,,1.0,1.0,1.0,0,,40,TRADEPOINT
KO-FIN-05141,tranches이 무엇인지 설명해 주세요.,အလှူငွေတွေ ဆိုတာ ဘာလဲဆိုတာ ရှင်းပြပေးပါဦး။,tranches,tranches,True,채권,,1.0,1.0,1.0,0,,40,tranches
KO-FIN-05145,TRAX이 무엇인지 설명해 주세요.,TRAX ပါ။ ဆိုတာ ဘာလဲဆိုတာ ရှင်းပြပေးပါဦး။,TRAX,TRAX,True,증권·예탁,,1.0,1.0,1.0,0,,40,TRAX
KO-FIN-05149,twenty-day period이 무엇인지 설명해 주세요.,(၂၀) ရက်ကာလ ဆိုတာ ဘာလဲဆိုတာ ရှင်းပြပေးပါဦး။,twenty-day period,twenty-day period,True,증권·예탁,,1.0,1.0,1.0,0,,40,twenty-day period
KO-FIN-05153,two-dollar broker이 무엇을 의미하나요?,နှစ်ဒေါ်လာ ကုန်သည် ဆိုတာ ဘာကိုဆိုလိုတာလဲ။,two-dollar broker,two-dollar broker,True,금융시장·거래,,1.0,1.0,1.0,0,,40,two-dollar broker
KO-FIN-05163,UNIFI과 관련된 내용을 확인하고 싶습니다.,UNIFI နဲ့ ပတ်သက်တဲ့ အကြောင်းအရာတွေကို စစ်ဆေးချင်ပါတယ်။,UNIFI,UNIFI,True,기타 금융일반,,1.0,1.0,1.0,0,,0,
KO-FIN-05164,UNIFI의 정확한 의미는 해당 금융거래의 맥락과 함께 확인해야 합니다.,UNIFI ရဲ့ တိကျတဲ့ အဓိပ္ပါယ်ကို ငွေကြေး ကုန်သွယ်မှု အခြေအနေနဲ့အတူ စစ်ဆေးဖို့လိုပါတယ်။,UNIFI,UNIFI,True,기타 금융일반,,1.0,1.0,1.0,0,,0,
KO-FIN-05167,uniform practice code 때문에 추가로 확인해야 할 사항이 있나요?,ယူနီဖောင်းလေ့ကျင့်မှု ကုဒ်။ အတွက် ထပ်ပြီး စစ်ဆေးစရာရှိလား။,uniform practice code,uniform practice code,True,금융법규·감독,,1.0,1.0,1.0,0,,40,uniform practice code
KO-FIN-05173,value broker이 무엇을 의미하나요?,Value Broker လို့ခေါ်ပါတယ်။ ဆိုတာ ဘာကိုဆိုလိုတာလဲ။,value broker,value broker,True,금융시장·거래,,1.0,1.0,1.0,0,,40,value broker
KO-FIN-05180,value date과 관련된 세부 업무는 해당 기관의 안내를 확인해 주세요.,value date ကို နှင့် ပတ်သက်သော အသေးစိတ်လုပ်ငန်းများအတွက် သက်ဆိုင်ရာ အဖွဲ့အစည်း၏ လမ်းညွှန်ချက်များကို ကြည့်ပါ။,value date,value date,True,금융기관·은행,,1.0,1.0,1.0,0,,40,value date
KO-FIN-05181,VAR에 대해 자세히 알려주세요.,VAR အကြောင်း အသေးစိတ်ပြောပြပါ။,VAR,VAR,True,해외송금·외환,,1.0,1.0,1.0,0,,0,
KO-FIN-05182,VAR을 확인하고 싶습니다.,VAR ကို စစ်ဆေးချင်ပါတယ်။,VAR,VAR,True,해외송금·외환,,1.0,1.0,1.0,0,,0,
KO-FIN-05185,VP이 무엇인지 설명해 주세요.,ဒုဥက္ကဋ္ဌ ဆိုတာ ဘာလဲဆိုတာ ရှင်းပြပေးပါဦး။,VP,VP,True,증권·예탁,,1.0,1.0,1.0,0,,40,VP
KO-FIN-05189,VPC이 무엇을 의미하나요?,VPC ပါ။ ဆိုတာ ဘာကိုဆိုလိုတာလဲ။,VPC,VPC,True,금융시장·거래,지급결제·청산,1.0,1.0,1.0,0,,0,
KO-FIN-05193,VPS이 무엇인지 설명해 주세요.,VPS ပါ။ ဆိုတာ ဘာလဲဆိုတာ ရှင်းပြပေးပါဦး။,VPS,VPS,True,증권·예탁,,1.0,1.0,1.0,0,,0,
KO-FIN-05199,WHITE KNIGHT과 관련된 내용을 확인하고 싶습니다.,WHITE KNIGHT နဲ့ ပတ်သက်တဲ့ အကြောင်းအရာတွေကို စစ်ဆေးချင်ပါတယ်။,WHITE KNIGHT,WHITE KNIGHT,True,기타 금융일반,,1.0,1.0,1.0,0,,40,WHITE KNIGHT
KO-FIN-05200,WHITE KNIGHT의 정확한 의미는 해당 금융거래의 맥락과 함께 확인해야 합니다.,WHITE KNIGHT ရဲ့ တိကျတဲ့ အဓိပ္ပါယ်ကို ငွေကြေး ကုန်သွယ်မှု အခြေအနေနဲ့အတူ စစ်ဆေးဖို့လိုပါတယ်။,WHITE KNIGHT,WHITE KNIGHT,True,기타 금융일반,,1.0,1.0,1.0,0,,40,WHITE KNIGHT
KO-FIN-05201,WILLIAMS ACT이 무엇인지 설명해 주세요.,WILLIAMS ACT ကို ဆိုတာ ဘာလဲဆိုတာ ရှင်းပြပေးပါဦး။,WILLIAMS ACT,WILLIAMS ACT,True,주식,,1.0,1.0,1.0,0,,40,WILLIAMS ACT
KO-FIN-05205,wire house이 무엇인지 설명해 주세요.,ဝိုင်ယာအိမ် ဆိုတာ ဘာလဲဆိုတာ ရှင်းပြပေးပါဦး။,wire house,wire house,True,증권·예탁,,1.0,1.0,1.0,0,,40,wire house
KO-FIN-05209,WIT CAPITAL이 무엇인지 설명해 주세요.,WIT CAPITAL နဲ့ပါ။ ဆိုတာ ဘာလဲဆိုတာ ရှင်းပြပေးပါဦး။,WIT CAPITAL,WIT CAPITAL,True,증권·예탁,,1.0,1.0,1.0,0,,40,WIT CAPITAL
KO-FIN-05215,X-비효율성과 관련된 내용을 확인하고 싶습니다.,X-ထိရောက်မှုမရှိခြင်း နဲ့ ပတ်သက်တဲ့ အကြောင်းအရာတွေကို စစ်ဆေးချင်ပါတယ်။,X-비효율성,X-비효율성,True,기타 금융일반,,1.0,1.0,1.0,0,,0,
KO-FIN-05216,X-비효율성의 정확한 의미는 해당 금융거래의 맥락과 함께 확인해야 합니다.,X-ထိရောက်မှုမရှိခြင်း ရဲ့ တိကျတဲ့ အဓိပ္ပါယ်ကို ငွေကြေး ကုန်သွယ်မှု အခြေအနေနဲ့အတူ စစ်ဆေးဖို့လိုပါတယ်။,X-비효율성,X-비효율성,True,기타 금융일반,,1.0,1.0,1.0,0,,0,
KO-FIN-05223,XML과 관련된 내용을 확인하고 싶습니다.,XML ကို နဲ့ ပတ်သက်တဲ့ အကြောင်းအရာတွေကို စစ်ဆေးချင်ပါတယ်။,XML,XML,True,기타 금융일반,,1.0,1.0,1.0,0,,0,
KO-FIN-05224,XML의 정확한 의미는 해당 금융거래의 맥락과 함께 확인해야 합니다.,XML ကို ရဲ့ တိကျတဲ့ အဓိပ္ပါယ်ကို ငွေကြေး ကုန်သွယ်မှု အခြေအနေနဲ့အတူ စစ်ဆေးဖို့လိုပါတယ်။,XML,XML,True,기타 금융일반,,1.0,1.0,1.0,0,,0,
KO-FIN-05225,XR이 무엇인지 설명해 주세요.,XR ပါ။ ဆိုတာ ဘာလဲဆိုတာ ရှင်းပြပေးပါဦး။,XR,XR,True,주식,,1.0,1.0,1.0,0,,0,
KO-FIN-05229,XW이 무엇인지 설명해 주세요.,XW ပါ။ ဆိုတာ ဘာလဲဆိုတာ ရှင်းပြပေးပါဦး။,XW,XW,True,증권·예탁,,1.0,1.0,1.0,0,,0,
KO-FIN-05250,해외송금에 필요한 SWIFT 코드는 어디에서 확인하나요?,နိုင်ငံခြားကို ပို့ဖို့ လိုအပ်တဲ့ SWIFT ပါ။ ကုဒ်ကို ဘယ်မှာ ရှာရမလဲ။,SWIFT,SWIFT 코드,False,해외송금·외환,,1.0,1.0,1.0,0,,0,
KO-FIN-05280,ATM에서 현금을 출금하려면 어떻게 해야 하나요?,ATM ကို မှာ ငွေသားသွင်းဖို့ ဘယ်လိုလုပ်ရမလဲ။,ATM,ATM,True,카드·전자금융,,1.0,1.0,1.0,0,,0,
