문장ID,원본용어번호,업무카테고리,관련카테고리,금융용어,용어성격,화자,발화유형,한국어 금융문장,생성구분,자연스러움,용어정확성,유사성,동일골격횟수,동일용어내최대유사도,최종판정,검수사유,자동수정안,재검수판정,재검수사유,최종사용문장
KO-FIN-00001,1,금융시장·거래,,가격역지정 주문,일반개념,고객,질문,가격역지정 주문이 무엇을 의미하나요?,용어기반,보통,정확,매우 높음,303,0.667,유지(대표 1개만),동일 문장구조가 303회 반복,,최종 유지,해당 용어 후보 중 상대적으로 가장 자연스러운 대표 문장; 금융용어 사용 적절; 반복 골격이지만 용어별 대표 1문장으로 제한,가격역지정 주문이 무엇을 의미하나요?
KO-FIN-00005,2,금융시장·거래,,가격우선의 원칙,법규·제도,고객,질문,가격우선의 원칙이 무엇을 의미하나요?,용어기반,보통,정확,매우 높음,303,0.667,유지(대표 1개만),동일 문장구조가 303회 반복,,최종 유지,해당 용어 후보 중 상대적으로 가장 자연스러운 대표 문장; 금융용어 사용 적절; 반복 골격이지만 용어별 대표 1문장으로 제한,가격우선의 원칙이 무엇을 의미하나요?
KO-FIN-00009,3,금융시장·거래,,가격제한폭,일반개념,고객,질문,가격제한폭이 무엇을 의미하나요?,용어기반,보통,정확,매우 높음,303,0.615,유지(대표 1개만),동일 문장구조가 303회 반복,,최종 유지,해당 용어 후보 중 상대적으로 가장 자연스러운 대표 문장; 금융용어 사용 적절; 반복 골격이지만 용어별 대표 1문장으로 제한,가격제한폭이 무엇을 의미하나요?
KO-FIN-00014,4,금융기관·은행,,가교은행,기관·조직,고객,질문,가교은행에서 이용할 수 있는 금융업무는 무엇인가요?,용어기반,양호,정확,높음,40,0.406,수정 권장,유사 문장구조 반복(40회) 또는 동일 용어 내 유사도 높음,,최종 유지,실제 금융 문맥에서 자연스러움; 금융용어 사용 적절; 과도한 유사성 낮음,가교은행에서 이용할 수 있는 금융업무는 무엇인가요?
KO-FIN-00019,5,대출,,가산금리,지표·개념,고객,요청,가산금리에 대해 상담받고 싶습니다.,용어기반,양호,정확,높음,40,0.56,수정 권장,유사 문장구조 반복(40회) 또는 동일 용어 내 유사도 높음,,최종 유지,실제 금융 문맥에서 자연스러움; 금융용어 사용 적절; 과도한 유사성 낮음,가산금리에 대해 상담받고 싶습니다.
KO-FIN-00022,6,증권·예탁,금융법규·감독,가쇄,일반개념,고객,확인,가쇄 처리 절차를 확인하고 싶습니다.,용어기반,보통,정확,매우 높음,241,0.609,수정 권장,동일 문장구조가 241회 반복,,최종 유지,해당 용어 후보 중 상대적으로 가장 자연스러운 대표 문장; 금융용어 사용 적절; 반복 골격이지만 용어별 대표 1문장으로 제한,가쇄 처리 절차를 확인하고 싶습니다.
KO-FIN-00026,7,채권,,가압류,행위·절차,고객,확인,가압류의 조건과 수익 구조를 확인하고 싶습니다.,용어기반,보통,정확,매우 높음,115,0.385,수정 권장,동일 문장구조가 115회 반복,,최종 유지,해당 용어 후보 중 상대적으로 가장 자연스러운 대표 문장; 금융용어 사용 적절; 반복 골격이지만 용어별 대표 1문장으로 제한,가압류의 조건과 수익 구조를 확인하고 싶습니다.
KO-FIN-00029,8,주식,금융시장·거래,가중주가평균,일반개념,고객,질문,가중주가평균이 무엇인지 설명해 주세요.,용어기반,보통,정확,매우 높음,705,0.426,유지(대표 1개만),동일 문장구조가 705회 반복,,최종 유지,해당 용어 후보 중 상대적으로 가장 자연스러운 대표 문장; 금융용어 사용 적절; 반복 골격이지만 용어별 대표 1문장으로 제한,가중주가평균이 무엇인지 설명해 주세요.
KO-FIN-00033,9,증권·예탁,,간사단,일반개념,고객,질문,간사단이 무엇인지 설명해 주세요.,용어기반,보통,정확,매우 높음,705,0.489,유지(대표 1개만),동일 문장구조가 705회 반복,,최종 유지,해당 용어 후보 중 상대적으로 가장 자연스러운 대표 문장; 금융용어 사용 적절; 반복 골격이지만 용어별 대표 1문장으로 제한,간사단이 무엇인지 설명해 주세요.
KO-FIN-00038,10,증권·예탁,금융기관·은행,간사회사,기관·조직,고객,확인,간사회사 처리 절차를 확인하고 싶습니다.,용어기반,보통,정확,매우 높음,241,0.64,수정 권장,동일 문장구조가 241회 반복,,최종 유지,해당 용어 후보 중 상대적으로 가장 자연스러운 대표 문장; 금융용어 사용 적절; 반복 골격이지만 용어별 대표 1문장으로 제한,간사회사 처리 절차를 확인하고 싶습니다.
KO-FIN-00043,11,금융법규·감독,금융시장·거래,간접공시,행위·절차,고객,상담,간접공시 때문에 추가로 확인해야 할 사항이 있나요?,용어기반,양호,정확,낮음,15,0.44,유지,실제 금융 문맥에서 자연스럽고 용어 사용도 적절함,,최종 유지,실제 금융 문맥에서 자연스러움; 금융용어 사용 적절; 과도한 유사성 낮음,간접공시 때문에 추가로 확인해야 할 사항이 있나요?
KO-FIN-00044,11,금융법규·감독,금융시장·거래,간접공시,행위·절차,금융기관,안내,간접공시의 적용 범위는 관련 법령과 규정에 따라 달라질 수 있습니다.,용어기반,양호,정확,낮음,15,0.516,유지,실제 금융 문맥에서 자연스럽고 용어 사용도 적절함,,최종 유지,실제 금융 문맥에서 자연스러움; 금융용어 사용 적절; 과도한 유사성 낮음,간접공시의 적용 범위는 관련 법령과 규정에 따라 달라질 수 있습니다.
KO-FIN-00046,12,금융기관·은행,,간접금융,일반개념,고객,질문,간접금융에서 이용할 수 있는 금융업무는 무엇인가요?,용어기반,양호,정확,높음,40,0.406,수정 권장,유사 문장구조 반복(40회) 또는 동일 용어 내 유사도 높음,,최종 유지,실제 금융 문맥에서 자연스러움; 금융용어 사용 적절; 과도한 유사성 낮음,간접금융에서 이용할 수 있는 금융업무는 무엇인가요?
KO-FIN-00049,13,증권·예탁,,간접모집,일반개념,고객,질문,간접모집이 무엇인지 설명해 주세요.,용어기반,보통,정확,매우 높음,705,0.511,유지(대표 1개만),동일 문장구조가 705회 반복,,최종 유지,해당 용어 후보 중 상대적으로 가장 자연스러운 대표 문장; 금융용어 사용 적절; 반복 골격이지만 용어별 대표 1문장으로 제한,간접모집이 무엇인지 설명해 주세요.
KO-FIN-00054,14,기업금융·자본조달,,간접발행,행위·절차,고객,상담,간접발행을 이용하려면 어떤 조건이 필요한가요?,용어기반,양호,정확,높음,25,0.318,수정 권장,유사 문장구조 반복(25회) 또는 동일 용어 내 유사도 높음,,최종 유지,실제 금융 문맥에서 자연스러움; 금융용어 사용 적절; 과도한 유사성 낮음,간접발행을 이용하려면 어떤 조건이 필요한가요?
KO-FIN-00055,14,기업금융·자본조달,,간접발행,행위·절차,고객,확인,간접발행과 관련된 비용과 절차를 확인하고 싶습니다.,용어기반,양호,정확,높음,25,0.485,수정 권장,유사 문장구조 반복(25회) 또는 동일 용어 내 유사도 높음,,최종 유지,실제 금융 문맥에서 자연스러움; 금융용어 사용 적절; 과도한 유사성 낮음,간접발행과 관련된 비용과 절차를 확인하고 싶습니다.
KO-FIN-00058,15,증권·예탁,법률·계약 / 금융법규·감독,간접점유,일반개념,고객,확인,간접점유 처리 절차를 확인하고 싶습니다.,용어기반,보통,정확,매우 높음,241,0.64,수정 권장,동일 문장구조가 241회 반복,,최종 유지,해당 용어 후보 중 상대적으로 가장 자연스러운 대표 문장; 금융용어 사용 적절; 반복 골격이지만 용어별 대표 1문장으로 제한,간접점유 처리 절차를 확인하고 싶습니다.
KO-FIN-00064,16,금융시장·거래,,간접참가자,사람·역할,금융기관,안내,간접참가자을 확인할 때 시장 상황과 거래 조건을 함께 살펴보세요.,용어기반,미흡,정확(문법 수정),매우 높음,236,0.414,수정 권장,조사 오류: '간접참가자을' → '간접참가자를'; 동일 문장구조가 236회 반복,간접참가자를 확인할 때 시장 상황과 거래 조건을 함께 살펴보세요.,최종 유지,해당 용어 후보 중 상대적으로 가장 자연스러운 대표 문장; 조사/문법을 자동수정안으로 교정; 반복 골격이지만 용어별 대표 1문장으로 제한,간접참가자를 확인할 때 시장 상황과 거래 조건을 함께 살펴보세요.
KO-FIN-00066,17,증권·예탁,,간주,일반개념,고객,확인,간주 처리 절차를 확인하고 싶습니다.,용어기반,보통,정확,매우 높음,241,0.609,수정 권장,동일 문장구조가 241회 반복,,최종 유지,해당 용어 후보 중 상대적으로 가장 자연스러운 대표 문장; 금융용어 사용 적절; 반복 골격이지만 용어별 대표 1문장으로 제한,간주 처리 절차를 확인하고 싶습니다.
KO-FIN-00069,18,금융시장·거래,,감리대상종목,일반개념,고객,질문,감리대상종목이 무엇을 의미하나요?,용어기반,보통,정확,매우 높음,303,0.634,유지(대표 1개만),동일 문장구조가 303회 반복,,최종 유지,해당 용어 후보 중 상대적으로 가장 자연스러운 대표 문장; 금융용어 사용 적절; 반복 골격이지만 용어별 대표 1문장으로 제한,감리대상종목이 무엇을 의미하나요?
KO-FIN-00073,19,주식,,감자차익,일반개념,고객,질문,감자차익이 무엇인지 설명해 주세요.,용어기반,보통,정확,매우 높음,705,0.372,유지(대표 1개만),동일 문장구조가 705회 반복,,최종 유지,해당 용어 후보 중 상대적으로 가장 자연스러운 대표 문장; 금융용어 사용 적절; 반복 골격이지만 용어별 대표 1문장으로 제한,감자차익이 무엇인지 설명해 주세요.
KO-FIN-00077,20,채권,,감채기금,일반개념,고객,질문,감채기금이 무엇인지 설명해 주세요.,용어기반,보통,정확,매우 높음,705,0.348,유지(대표 1개만),동일 문장구조가 705회 반복,,최종 유지,해당 용어 후보 중 상대적으로 가장 자연스러운 대표 문장; 금융용어 사용 적절; 반복 골격이지만 용어별 대표 1문장으로 제한,감채기금이 무엇인지 설명해 주세요.
KO-FIN-00081,21,채권,,감채기금부채권,상품·증권,고객,질문,감채기금부채권이 무엇인지 설명해 주세요.,용어기반,보통,정확,매우 높음,705,0.423,유지(대표 1개만),동일 문장구조가 705회 반복,,최종 유지,해당 용어 후보 중 상대적으로 가장 자연스러운 대표 문장; 금융용어 사용 적절; 반복 골격이지만 용어별 대표 1문장으로 제한,감채기금부채권이 무엇인지 설명해 주세요.
KO-FIN-00085,22,금융시장·거래,,강세장,일반개념,고객,질문,강세장이 무엇을 의미하나요?,용어기반,보통,정확,매우 높음,303,0.571,유지(대표 1개만),동일 문장구조가 303회 반복,,최종 유지,해당 용어 후보 중 상대적으로 가장 자연스러운 대표 문장; 금융용어 사용 적절; 반복 골격이지만 용어별 대표 1문장으로 제한,강세장이 무엇을 의미하나요?
KO-FIN-00090,23,금융시장·거래,,강제매수,일반개념,고객,확인,강제매수과 관련된 시장 정보를 확인하고 싶습니다.,용어기반,미흡,정확(문법 수정),매우 높음,236,0.355,수정 권장,조사 오류: '강제매수과' → '강제매수와'; 동일 문장구조가 236회 반복,강제매수와 관련된 시장 정보를 확인하고 싶습니다.,최종 유지,해당 용어 후보 중 상대적으로 가장 자연스러운 대표 문장; 조사/문법을 자동수정안으로 교정; 반복 골격이지만 용어별 대표 1문장으로 제한,강제매수와 관련된 시장 정보를 확인하고 싶습니다.
KO-FIN-00095,24,펀드·신탁,,개발신탁,상품·증권,고객,상담,개발신탁에 가입하기 전에 어떤 점을 확인해야 하나요?,용어기반,양호,정확,높음,52,0.458,수정 권장,유사 문장구조 반복(52회) 또는 동일 용어 내 유사도 높음,,최종 유지,실제 금융 문맥에서 자연스러움; 금융용어 사용 적절; 과도한 유사성 낮음,개발신탁에 가입하기 전에 어떤 점을 확인해야 하나요?
KO-FIN-00098,25,채권,,개방식 담보사채,상품·증권,고객,확인,개방식 담보사채의 조건과 수익 구조를 확인하고 싶습니다.,용어기반,보통,정확,매우 높음,115,0.484,수정 권장,동일 문장구조가 115회 반복,,최종 유지,해당 용어 후보 중 상대적으로 가장 자연스러운 대표 문장; 금융용어 사용 적절; 반복 골격이지만 용어별 대표 1문장으로 제한,개방식 담보사채의 조건과 수익 구조를 확인하고 싶습니다.
KO-FIN-00104,26,법률·계약,,개방형 리포,일반개념,금융기관,안내,개방형 리포의 적용 여부는 계약 내용과 관련 법령을 확인해야 합니다.,용어기반,양호,정확,높음,35,0.529,수정 권장,유사 문장구조 반복(35회) 또는 동일 용어 내 유사도 높음,,최종 유지,실제 금융 문맥에서 자연스러움; 금융용어 사용 적절; 과도한 유사성 낮음,개방형 리포의 적용 여부는 계약 내용과 관련 법령을 확인해야 합니다.
KO-FIN-00107,27,펀드·신탁,자산운용·투자,개방형 투자신탁,상품·증권,고객,상담,개방형 투자신탁에 가입하기 전에 어떤 점을 확인해야 하나요?,용어기반,양호,정확,높음,52,0.536,수정 권장,유사 문장구조 반복(52회) 또는 동일 용어 내 유사도 높음,,최종 유지,실제 금융 문맥에서 자연스러움; 금융용어 사용 적절; 과도한 유사성 낮음,개방형 투자신탁에 가입하기 전에 어떤 점을 확인해야 하나요?
KO-FIN-00111,28,지급결제·청산,,개별결제,행위·절차,고객,문제,개별결제 과정에서 문제가 발생한 것 같습니다.,용어기반,보통,정확,매우 높음,86,0.511,수정 권장,동일 문장구조가 86회 반복,,최종 유지,해당 용어 후보 중 상대적으로 가장 자연스러운 대표 문장; 금융용어 사용 적절; 과도한 유사성 낮음,개별결제 과정에서 문제가 발생한 것 같습니다.
KO-FIN-00114,29,금융시장·거래,,개별경쟁매매,행위·절차,고객,확인,개별경쟁매매과 관련된 시장 정보를 확인하고 싶습니다.,용어기반,미흡,정확(문법 수정),매우 높음,236,0.394,수정 권장,조사 오류: '개별경쟁매매과' → '개별경쟁매매와'; 동일 문장구조가 236회 반복,개별경쟁매매와 관련된 시장 정보를 확인하고 싶습니다.,최종 유지,해당 용어 후보 중 상대적으로 가장 자연스러운 대표 문장; 조사/문법을 자동수정안으로 교정; 반복 골격이지만 용어별 대표 1문장으로 제한,개별경쟁매매와 관련된 시장 정보를 확인하고 싶습니다.
KO-FIN-00117,30,파생상품,,개시증거금,일반개념,고객,질문,개시증거금이 무엇인지 쉽게 설명해 주세요.,용어기반,양호,정확,높음,53,0.383,유지(대표 1개만),유사 문장구조 반복(53회) 또는 동일 용어 내 유사도 높음,,최종 유지,실제 금융 문맥에서 자연스러움; 금융용어 사용 적절; 과도한 유사성 낮음,개시증거금이 무엇인지 쉽게 설명해 주세요.
KO-FIN-00121,31,금융시장·거래,,거래량비율,지표·개념,고객,질문,거래량비율이 무엇을 의미하나요?,용어기반,보통,정확,매우 높음,303,0.615,유지(대표 1개만),동일 문장구조가 303회 반복,,최종 유지,해당 용어 후보 중 상대적으로 가장 자연스러운 대표 문장; 금융용어 사용 적절; 반복 골격이지만 용어별 대표 1문장으로 제한,거래량비율이 무엇을 의미하나요?
KO-FIN-00125,32,금융시장·거래,,거래량회전율,지표·개념,고객,질문,거래량회전율이 무엇을 의미하나요?,용어기반,보통,정확,매우 높음,303,0.634,유지(대표 1개만),동일 문장구조가 303회 반복,,최종 유지,해당 용어 후보 중 상대적으로 가장 자연스러운 대표 문장; 금융용어 사용 적절; 반복 골격이지만 용어별 대표 1문장으로 제한,거래량회전율이 무엇을 의미하나요?
KO-FIN-00129,33,금융시장·거래,,거래성립률,지표·개념,고객,질문,거래성립률이 무엇을 의미하나요?,용어기반,보통,정확,매우 높음,303,0.615,유지(대표 1개만),동일 문장구조가 303회 반복,,최종 유지,해당 용어 후보 중 상대적으로 가장 자연스러운 대표 문장; 금융용어 사용 적절; 반복 골격이지만 용어별 대표 1문장으로 제한,거래성립률이 무엇을 의미하나요?
KO-FIN-00133,34,금융시장·거래,,거래소 시장,시스템·인프라,고객,질문,거래소 시장이 무엇을 의미하나요?,용어기반,보통,정확,매우 높음,303,0.634,유지(대표 1개만),동일 문장구조가 303회 반복,,최종 유지,해당 용어 후보 중 상대적으로 가장 자연스러운 대표 문장; 금융용어 사용 적절; 반복 골격이지만 용어별 대표 1문장으로 제한,거래소 시장이 무엇을 의미하나요?
KO-FIN-00137,35,금융시장·거래,,거래소 회원,일반개념,고객,질문,거래소 회원이 무엇을 의미하나요?,용어기반,보통,정확,매우 높음,303,0.634,유지(대표 1개만),동일 문장구조가 303회 반복,,최종 유지,해당 용어 후보 중 상대적으로 가장 자연스러운 대표 문장; 금융용어 사용 적절; 반복 골격이지만 용어별 대표 1문장으로 제한,거래소 회원이 무엇을 의미하나요?
KO-FIN-00142,36,금융시장·거래,지급결제·청산,거래취소,일반개념,고객,확인,거래취소과 관련된 시장 정보를 확인하고 싶습니다.,용어기반,미흡,정확(문법 수정),매우 높음,236,0.355,수정 권장,조사 오류: '거래취소과' → '거래취소와'; 동일 문장구조가 236회 반복,거래취소와 관련된 시장 정보를 확인하고 싶습니다.,최종 유지,해당 용어 후보 중 상대적으로 가장 자연스러운 대표 문장; 조사/문법을 자동수정안으로 교정; 반복 골격이지만 용어별 대표 1문장으로 제한,거래취소와 관련된 시장 정보를 확인하고 싶습니다.
KO-FIN-00146,37,주식,,건설이자,사람·역할,고객,확인,건설이자과 관련된 정보를 확인하고 싶습니다.,용어기반,미흡,정확(문법 수정),매우 높음,183,0.516,수정 권장,조사 오류: '건설이자과' → '건설이자와'; 동일 문장구조가 183회 반복,건설이자와 관련된 정보를 확인하고 싶습니다.,최종 유지,해당 용어 후보 중 상대적으로 가장 자연스러운 대표 문장; 조사/문법을 자동수정안으로 교정; 반복 골격이지만 용어별 대표 1문장으로 제한,건설이자와 관련된 정보를 확인하고 싶습니다.
KO-FIN-00149,38,금융시장·거래,,겐사끼시장,시스템·인프라,고객,질문,겐사끼시장이 무엇을 의미하나요?,용어기반,보통,정확,매우 높음,303,0.615,유지(대표 1개만),동일 문장구조가 303회 반복,,최종 유지,해당 용어 후보 중 상대적으로 가장 자연스러운 대표 문장; 금융용어 사용 적절; 반복 골격이지만 용어별 대표 1문장으로 제한,겐사끼시장이 무엇을 의미하나요?
KO-FIN-00154,39,금융시장·거래,,격탁매매,행위·절차,고객,확인,격탁매매과 관련된 시장 정보를 확인하고 싶습니다.,용어기반,미흡,정확(문법 수정),매우 높음,236,0.355,수정 권장,조사 오류: '격탁매매과' → '격탁매매와'; 동일 문장구조가 236회 반복,격탁매매와 관련된 시장 정보를 확인하고 싶습니다.,최종 유지,해당 용어 후보 중 상대적으로 가장 자연스러운 대표 문장; 조사/문법을 자동수정안으로 교정; 반복 골격이지만 용어별 대표 1문장으로 제한,격탁매매와 관련된 시장 정보를 확인하고 싶습니다.
KO-FIN-00157,40,증권·예탁,,견양증권,상품·증권,고객,질문,견양증권이 무엇인지 설명해 주세요.,용어기반,보통,정확,매우 높음,705,0.511,유지(대표 1개만),동일 문장구조가 705회 반복,,최종 유지,해당 용어 후보 중 상대적으로 가장 자연스러운 대표 문장; 금융용어 사용 적절; 반복 골격이지만 용어별 대표 1문장으로 제한,견양증권이 무엇인지 설명해 주세요.
KO-FIN-00162,41,회계·재무,,결산,일반개념,고객,확인,결산을 통해 어떤 정보를 확인할 수 있나요?,용어기반,양호,정확,낮음,16,0.583,유지,실제 금융 문맥에서 자연스럽고 용어 사용도 적절함,,최종 유지,실제 금융 문맥에서 자연스러움; 금융용어 사용 적절; 과도한 유사성 낮음,결산을 통해 어떤 정보를 확인할 수 있나요?
KO-FIN-00164,41,회계·재무,,결산,일반개념,금융기관,안내,결산은 기준 시점과 작성 기준을 함께 확인해야 합니다.,용어기반,양호,정확,낮음,16,0.296,유지,실제 금융 문맥에서 자연스럽고 용어 사용도 적절함,,최종 유지,실제 금융 문맥에서 자연스러움; 금융용어 사용 적절; 과도한 유사성 낮음,결산은 기준 시점과 작성 기준을 함께 확인해야 합니다.
KO-FIN-00168,42,회계·재무,,결산보고서,일반개념,금융기관,안내,결산보고서은 기준 시점과 작성 기준을 함께 확인해야 합니다.,용어기반,미흡,정확(문법 수정),낮음,16,0.367,수정 권장,조사 오류: '결산보고서은' → '결산보고서는',결산보고서는 기준 시점과 작성 기준을 함께 확인해야 합니다.,최종 유지,해당 용어 후보 중 상대적으로 가장 자연스러운 대표 문장; 조사/문법을 자동수정안으로 교정; 과도한 유사성 낮음,결산보고서는 기준 시점과 작성 기준을 함께 확인해야 합니다.
KO-FIN-00169,43,지급결제·청산,증권·예탁 / 금융시장·거래,결제기구,기관·조직,고객,질문,결제기구이 무엇인지 설명해 주세요.,용어기반,미흡,정확(문법 수정),매우 높음,705,0.511,수정 권장,조사 오류: '결제기구이' → '결제기구가'; 동일 문장구조가 705회 반복,결제기구가 무엇인지 설명해 주세요.,최종 유지,해당 용어 후보 중 상대적으로 가장 자연스러운 대표 문장; 조사/문법을 자동수정안으로 교정; 반복 골격이지만 용어별 대표 1문장으로 제한,결제기구가 무엇인지 설명해 주세요.
KO-FIN-00173,44,지급결제·청산,,결제기금,일반개념,고객,질문,결제기금이 무엇인지 설명해 주세요.,용어기반,보통,정확,매우 높음,705,0.511,유지(대표 1개만),동일 문장구조가 705회 반복,,최종 유지,해당 용어 후보 중 상대적으로 가장 자연스러운 대표 문장; 금융용어 사용 적절; 반복 골격이지만 용어별 대표 1문장으로 제한,결제기금이 무엇인지 설명해 주세요.
KO-FIN-00177,45,지급결제·청산,금융기관·은행 / 증권·예탁,결제대금주선제도,법규·제도,고객,질문,결제대금주선제도이 무엇인지 설명해 주세요.,용어기반,미흡,정확(문법 수정),매우 높음,705,0.582,수정 권장,조사 오류: '결제대금주선제도이' → '결제대금주선제도가'; 동일 문장구조가 705회 반복,결제대금주선제도가 무엇인지 설명해 주세요.,최종 유지,해당 용어 후보 중 상대적으로 가장 자연스러운 대표 문장; 조사/문법을 자동수정안으로 교정; 반복 골격이지만 용어별 대표 1문장으로 제한,결제대금주선제도가 무엇인지 설명해 주세요.
KO-FIN-00181,46,지급결제·청산,증권·예탁,결제대용증,일반개념,고객,질문,결제대용증이 무엇인지 설명해 주세요.,용어기반,보통,정확,매우 높음,705,0.531,유지(대표 1개만),동일 문장구조가 705회 반복,,최종 유지,해당 용어 후보 중 상대적으로 가장 자연스러운 대표 문장; 금융용어 사용 적절; 반복 골격이지만 용어별 대표 1문장으로 제한,결제대용증이 무엇인지 설명해 주세요.
KO-FIN-00185,47,지급결제·청산,신용·리스크 / 금융기관·은행,결제리스크 관리제도,법규·제도,고객,질문,결제리스크 관리제도이 무엇인지 설명해 주세요.,용어기반,미흡,정확(문법 수정),매우 높음,705,0.61,수정 권장,조사 오류: '결제리스크 관리제도이' → '결제리스크 관리제도가'; 동일 문장구조가 705회 반복,결제리스크 관리제도가 무엇인지 설명해 주세요.,최종 유지,해당 용어 후보 중 상대적으로 가장 자연스러운 대표 문장; 조사/문법을 자동수정안으로 교정; 반복 골격이지만 용어별 대표 1문장으로 제한,결제리스크 관리제도가 무엇인지 설명해 주세요.
KO-FIN-00191,48,지급결제·청산,금융시장·거래,결제불이행거래,행위·절차,고객,문제,결제불이행거래 과정에서 문제가 발생한 것 같습니다.,용어기반,보통,정확,매우 높음,86,0.566,수정 권장,동일 문장구조가 86회 반복,,최종 유지,해당 용어 후보 중 상대적으로 가장 자연스러운 대표 문장; 금융용어 사용 적절; 과도한 유사성 낮음,결제불이행거래 과정에서 문제가 발생한 것 같습니다.
KO-FIN-00193,49,지급결제·청산,,결제순서조작,일반개념,고객,질문,결제순서조작이 무엇인지 설명해 주세요.,용어기반,보통,정확,매우 높음,705,0.549,유지(대표 1개만),동일 문장구조가 705회 반복,,최종 유지,해당 용어 후보 중 상대적으로 가장 자연스러운 대표 문장; 금융용어 사용 적절; 반복 골격이지만 용어별 대표 1문장으로 제한,결제순서조작이 무엇인지 설명해 주세요.
KO-FIN-00197,50,지급결제·청산,,결제시한,일반개념,고객,질문,결제시한이 무엇인지 설명해 주세요.,용어기반,보통,정확,중복,705,1,유지(대표 1개만),완전 동일 문장 2회,,최종 유지,해당 용어 후보 중 상대적으로 가장 자연스러운 대표 문장; 금융용어 사용 적절; 반복 골격이지만 용어별 대표 1문장으로 제한,결제시한이 무엇인지 설명해 주세요.
KO-FIN-00205,52,지급결제·청산,신용·리스크 / 금융시장·거래,결제위험의 비대칭성,일반개념,고객,질문,결제위험의 비대칭성이 무엇인지 설명해 주세요.,용어기반,보통,정확,매우 높음,705,0.61,유지(대표 1개만),동일 문장구조가 705회 반복,,최종 유지,해당 용어 후보 중 상대적으로 가장 자연스러운 대표 문장; 금융용어 사용 적절; 반복 골격이지만 용어별 대표 1문장으로 제한,결제위험의 비대칭성이 무엇인지 설명해 주세요.
KO-FIN-00209,53,지급결제·청산,금융기관·은행,결제은행제도,법규·제도,고객,질문,결제은행제도이 무엇인지 설명해 주세요.,용어기반,미흡,정확(문법 수정),매우 높음,705,0.549,수정 권장,조사 오류: '결제은행제도이' → '결제은행제도가'; 동일 문장구조가 705회 반복,결제은행제도가 무엇인지 설명해 주세요.,최종 유지,해당 용어 후보 중 상대적으로 가장 자연스러운 대표 문장; 조사/문법을 자동수정안으로 교정; 반복 골격이지만 용어별 대표 1문장으로 제한,결제은행제도가 무엇인지 설명해 주세요.
KO-FIN-00213,54,지급결제·청산,,결제일,일반개념,고객,질문,결제일이 무엇인지 설명해 주세요.,용어기반,보통,정확,매우 높음,705,0.489,유지(대표 1개만),동일 문장구조가 705회 반복,,최종 유지,해당 용어 후보 중 상대적으로 가장 자연스러운 대표 문장; 금융용어 사용 적절; 반복 골격이지만 용어별 대표 1문장으로 제한,결제일이 무엇인지 설명해 주세요.
KO-FIN-00217,55,지급결제·청산,,결제적체현상,일반개념,고객,질문,결제적체현상이 무엇인지 설명해 주세요.,용어기반,보통,정확,매우 높음,705,0.549,유지(대표 1개만),동일 문장구조가 705회 반복,,최종 유지,해당 용어 후보 중 상대적으로 가장 자연스러운 대표 문장; 금융용어 사용 적절; 반복 골격이지만 용어별 대표 1문장으로 제한,결제적체현상이 무엇인지 설명해 주세요.
KO-FIN-00221,56,금융시장·거래,지급결제·청산,결제전 예납,일반개념,고객,질문,결제전 예납이 무엇을 의미하나요?,용어기반,보통,정확,매우 높음,303,0.634,유지(대표 1개만),동일 문장구조가 303회 반복,,최종 유지,해당 용어 후보 중 상대적으로 가장 자연스러운 대표 문장; 금융용어 사용 적절; 반복 골격이지만 용어별 대표 1문장으로 제한,결제전 예납이 무엇을 의미하나요?
KO-FIN-00225,57,지급결제·청산,,결제후 업무처리,일반개념,고객,질문,결제후 업무처리이 무엇인지 설명해 주세요.,용어기반,미흡,정확(문법 수정),중복,705,1,수정 권장,조사 오류: '결제후 업무처리이' → '결제후 업무처리가'; 완전 동일 문장 2회,결제후 업무처리가 무엇인지 설명해 주세요.,최종 유지,해당 용어 후보 중 상대적으로 가장 자연스러운 대표 문장; 조사/문법을 자동수정안으로 교정; 반복 골격이지만 용어별 대표 1문장으로 제한,결제후 업무처리가 무엇인지 설명해 주세요.
KO-FIN-00234,59,금융기관·은행,,겸업주의,일반개념,고객,질문,겸업주의에서 이용할 수 있는 금융업무는 무엇인가요?,용어기반,양호,정확,높음,40,0.406,수정 권장,유사 문장구조 반복(40회) 또는 동일 용어 내 유사도 높음,,최종 유지,실제 금융 문맥에서 자연스러움; 금융용어 사용 적절; 과도한 유사성 낮음,겸업주의에서 이용할 수 있는 금융업무는 무엇인가요?
KO-FIN-00238,60,채권,증권·예탁 / 법률·계약 / 금융시장·거래,경개,일반개념,고객,확인,경개의 조건과 수익 구조를 확인하고 싶습니다.,용어기반,보통,정확,매우 높음,115,0.36,수정 권장,동일 문장구조가 115회 반복,,최종 유지,해당 용어 후보 중 상대적으로 가장 자연스러운 대표 문장; 금융용어 사용 적절; 반복 골격이지만 용어별 대표 1문장으로 제한,경개의 조건과 수익 구조를 확인하고 싶습니다.
KO-FIN-00241,61,채권,,경개적 차감,일반개념,고객,질문,경개적 차감이 무엇인지 설명해 주세요.,용어기반,보통,정확,매우 높음,705,0.4,유지(대표 1개만),동일 문장구조가 705회 반복,,최종 유지,해당 용어 후보 중 상대적으로 가장 자연스러운 대표 문장; 금융용어 사용 적절; 반복 골격이지만 용어별 대표 1문장으로 제한,경개적 차감이 무엇인지 설명해 주세요.
KO-FIN-00248,62,금융시장·거래,,경과이자,사람·역할,금융기관,안내,경과이자을 확인할 때 시장 상황과 거래 조건을 함께 살펴보세요.,용어기반,미흡,정확(문법 수정),매우 높음,236,0.393,수정 권장,조사 오류: '경과이자을' → '경과이자를'; 동일 문장구조가 236회 반복,경과이자를 확인할 때 시장 상황과 거래 조건을 함께 살펴보세요.,최종 유지,해당 용어 후보 중 상대적으로 가장 자연스러운 대표 문장; 조사/문법을 자동수정안으로 교정; 반복 골격이지만 용어별 대표 1문장으로 제한,경과이자를 확인할 때 시장 상황과 거래 조건을 함께 살펴보세요.
KO-FIN-00251,63,경제·거시금융,,경기종합지수,지표·개념,고객,확인,최근 경기종합지수의 변화를 확인하고 싶습니다.,용어기반,양호,정확,낮음,8,0.483,유지,실제 금융 문맥에서 자연스럽고 용어 사용도 적절함,,최종 유지,실제 금융 문맥에서 자연스러움; 금융용어 사용 적절; 과도한 유사성 낮음,최근 경기종합지수의 변화를 확인하고 싶습니다.
KO-FIN-00255,64,경제·거시금융,,경상수지,일반개념,고객,확인,최근 경상수지의 변화를 확인하고 싶습니다.,용어기반,양호,정확,낮음,8,0.444,유지,실제 금융 문맥에서 자연스럽고 용어 사용도 적절함,,최종 유지,실제 금융 문맥에서 자연스러움; 금융용어 사용 적절; 과도한 유사성 낮음,최근 경상수지의 변화를 확인하고 싶습니다.
KO-FIN-00258,65,금융시장·거래,,경쟁매매,행위·절차,고객,확인,경쟁매매과 관련된 시장 정보를 확인하고 싶습니다.,용어기반,미흡,정확(문법 수정),매우 높음,236,0.355,수정 권장,조사 오류: '경쟁매매과' → '경쟁매매와'; 동일 문장구조가 236회 반복,경쟁매매와 관련된 시장 정보를 확인하고 싶습니다.,최종 유지,해당 용어 후보 중 상대적으로 가장 자연스러운 대표 문장; 조사/문법을 자동수정안으로 교정; 반복 골격이지만 용어별 대표 1문장으로 제한,경쟁매매와 관련된 시장 정보를 확인하고 싶습니다.
KO-FIN-00263,66,경제·거시금융,,경제통합,일반개념,고객,확인,최근 경제통합의 변화를 확인하고 싶습니다.,용어기반,양호,정확,낮음,8,0.444,유지,실제 금융 문맥에서 자연스럽고 용어 사용도 적절함,,최종 유지,실제 금융 문맥에서 자연스러움; 금융용어 사용 적절; 과도한 유사성 낮음,최근 경제통합의 변화를 확인하고 싶습니다.
KO-FIN-00264,66,경제·거시금융,,경제통합,일반개념,금융기관,안내,경제통합은 다른 경제지표와 함께 해석하는 것이 좋습니다.,용어기반,양호,정확,낮음,8,0.407,유지,실제 금융 문맥에서 자연스럽고 용어 사용도 적절함,,최종 유지,실제 금융 문맥에서 자연스러움; 금융용어 사용 적절; 과도한 유사성 낮음,경제통합은 다른 경제지표와 함께 해석하는 것이 좋습니다.
KO-FIN-00267,67,경제·거시금융,,경제협력개발기구,기관·조직,고객,확인,최근 경제협력개발기구의 변화를 확인하고 싶습니다.,용어기반,양호,정확,낮음,8,0.516,유지,실제 금융 문맥에서 자연스럽고 용어 사용도 적절함,,최종 유지,실제 금융 문맥에서 자연스러움; 금융용어 사용 적절; 과도한 유사성 낮음,최근 경제협력개발기구의 변화를 확인하고 싶습니다.
KO-FIN-00272,68,법률·계약,,계약,일반개념,금융기관,안내,계약의 적용 여부는 계약 내용과 관련 법령을 확인해야 합니다.,용어기반,양호,정확,낮음,1,0.467,유지,실제 금융 문맥에서 자연스럽고 용어 사용도 적절함,,최종 유지,실제 금융 문맥에서 자연스러움; 금융용어 사용 적절; 과도한 유사성 낮음,계약의 적용 여부는 계약 내용과 관련 법령을 확인해야 합니다.
KO-FIN-00275,69,펀드·신탁,자산운용·투자 / 법률·계약,계약형투자신탁,상품·증권,고객,상담,계약형투자신탁에 가입하기 전에 어떤 점을 확인해야 하나요?,용어기반,양호,정확,높음,52,0.519,수정 권장,유사 문장구조 반복(52회) 또는 동일 용어 내 유사도 높음,,최종 유지,실제 금융 문맥에서 자연스러움; 금융용어 사용 적절; 과도한 유사성 낮음,계약형투자신탁에 가입하기 전에 어떤 점을 확인해야 하나요?
KO-FIN-00279,70,주식,,계절주,일반개념,고객,상담,계절주과 관련해 투자 전에 확인해야 할 사항이 있나요?,용어기반,미흡,정확(문법 수정),매우 높음,183,0.478,수정 권장,조사 오류: '계절주과' → '계절주와'; 동일 문장구조가 183회 반복,계절주와 관련해 투자 전에 확인해야 할 사항이 있나요?,최종 유지,해당 용어 후보 중 상대적으로 가장 자연스러운 대표 문장; 조사/문법을 자동수정안으로 교정; 반복 골격이지만 용어별 대표 1문장으로 제한,계절주와 관련해 투자 전에 확인해야 할 사항이 있나요?
KO-FIN-00282,71,증권·예탁,,계좌대체,일반개념,고객,확인,계좌대체 처리 절차를 확인하고 싶습니다.,용어기반,보통,정확,매우 높음,241,0.64,수정 권장,동일 문장구조가 241회 반복,,최종 유지,해당 용어 후보 중 상대적으로 가장 자연스러운 대표 문장; 금융용어 사용 적절; 반복 골격이지만 용어별 대표 1문장으로 제한,계좌대체 처리 절차를 확인하고 싶습니다.
KO-FIN-00285,72,증권·예탁,,계좌설정,일반개념,고객,질문,계좌설정이 무엇인지 설명해 주세요.,용어기반,보통,정확,매우 높음,705,0.511,유지(대표 1개만),동일 문장구조가 705회 반복,,최종 유지,해당 용어 후보 중 상대적으로 가장 자연스러운 대표 문장; 금융용어 사용 적절; 반복 골격이지만 용어별 대표 1문장으로 제한,계좌설정이 무엇인지 설명해 주세요.
KO-FIN-00290,73,증권·예탁,,고객계좌부,일반개념,고객,확인,고객계좌부 처리 절차를 확인하고 싶습니다.,용어기반,보통,정확,매우 높음,241,0.654,수정 권장,동일 문장구조가 241회 반복,,최종 유지,해당 용어 후보 중 상대적으로 가장 자연스러운 대표 문장; 금융용어 사용 적절; 반복 골격이지만 용어별 대표 1문장으로 제한,고객계좌부 처리 절차를 확인하고 싶습니다.
KO-FIN-00294,74,증권·예탁,,고객계좌자동이전서비스,일반개념,고객,확인,고객계좌자동이전서비스 처리 절차를 확인하고 싶습니다.,용어기반,보통,정확,매우 높음,241,0.719,수정 권장,동일 문장구조가 241회 반복,,최종 유지,해당 용어 후보 중 상대적으로 가장 자연스러운 대표 문장; 금융용어 사용 적절; 반복 골격이지만 용어별 대표 1문장으로 제한,고객계좌자동이전서비스 처리 절차를 확인하고 싶습니다.
KO-FIN-00298,75,증권·예탁,,고객예탁금 이용료,일반개념,고객,확인,고객예탁금 이용료 처리 절차를 확인하고 싶습니다.,용어기반,보통,정확,매우 높음,241,0.7,수정 권장,동일 문장구조가 241회 반복,,최종 유지,해당 용어 후보 중 상대적으로 가장 자연스러운 대표 문장; 금융용어 사용 적절; 반복 골격이지만 용어별 대표 1문장으로 제한,고객예탁금 이용료 처리 절차를 확인하고 싶습니다.
KO-FIN-00301,76,증권·예탁,,고객예탁분,일반개념,고객,질문,고객예탁분이 무엇인지 설명해 주세요.,용어기반,보통,정확,매우 높음,705,0.531,유지(대표 1개만),동일 문장구조가 705회 반복,,최종 유지,해당 용어 후보 중 상대적으로 가장 자연스러운 대표 문장; 금융용어 사용 적절; 반복 골격이지만 용어별 대표 1문장으로 제한,고객예탁분이 무엇인지 설명해 주세요.
KO-FIN-00305,77,증권·예탁,,고객예탁증권,상품·증권,고객,질문,고객예탁증권이 무엇인지 설명해 주세요.,용어기반,보통,정확,매우 높음,705,0.549,유지(대표 1개만),동일 문장구조가 705회 반복,,최종 유지,해당 용어 후보 중 상대적으로 가장 자연스러운 대표 문장; 금융용어 사용 적절; 반복 골격이지만 용어별 대표 1문장으로 제한,고객예탁증권이 무엇인지 설명해 주세요.
KO-FIN-00310,78,금융공학·분석,,고오든 모형,일반개념,고객,질문,고오든 모형은 금융상품을 분석할 때 어떻게 사용되나요?,용어기반,양호,정확,낮음,15,0.444,유지,실제 금융 문맥에서 자연스럽고 용어 사용도 적절함,,최종 유지,실제 금융 문맥에서 자연스러움; 금융용어 사용 적절; 과도한 유사성 낮음,고오든 모형은 금융상품을 분석할 때 어떻게 사용되나요?
KO-FIN-00312,78,금융공학·분석,,고오든 모형,일반개념,금융기관,안내,고오든 모형의 결과는 사용한 가정과 시장 데이터에 따라 달라질 수 있습니다.,용어기반,양호,정확,낮음,15,0.333,유지,실제 금융 문맥에서 자연스럽고 용어 사용도 적절함,,최종 유지,실제 금융 문맥에서 자연스러움; 금융용어 사용 적절; 과도한 유사성 낮음,고오든 모형의 결과는 사용한 가정과 시장 데이터에 따라 달라질 수 있습니다.
KO-FIN-00315,79,펀드·신탁,자산운용·투자,고정형 투자신탁,상품·증권,고객,상담,고정형 투자신탁에 가입하기 전에 어떤 점을 확인해야 하나요?,용어기반,양호,정확,높음,52,0.536,수정 권장,유사 문장구조 반복(52회) 또는 동일 용어 내 유사도 높음,,최종 유지,실제 금융 문맥에서 자연스러움; 금융용어 사용 적절; 과도한 유사성 낮음,고정형 투자신탁에 가입하기 전에 어떤 점을 확인해야 하나요?
KO-FIN-00317,80,해외송금·외환,,고정환율제도,법규·제도,고객,질문,고정환율제도에 대해 자세히 알려주세요.,용어기반,양호,정확,높음,21,0.578,수정 권장,유사 문장구조 반복(21회) 또는 동일 용어 내 유사도 높음,,최종 유지,실제 금융 문맥에서 자연스러움; 금융용어 사용 적절; 과도한 유사성 낮음,고정환율제도에 대해 자세히 알려주세요.
KO-FIN-00323,81,주식,,골든 크로스,일반개념,고객,상담,골든 크로스과 관련해 투자 전에 확인해야 할 사항이 있나요?,용어기반,미흡,정확(문법 수정),매우 높음,183,0.521,수정 권장,조사 오류: '골든 크로스과' → '골든 크로스와'; 동일 문장구조가 183회 반복,골든 크로스와 관련해 투자 전에 확인해야 할 사항이 있나요?,최종 유지,해당 용어 후보 중 상대적으로 가장 자연스러운 대표 문장; 조사/문법을 자동수정안으로 교정; 반복 골격이지만 용어별 대표 1문장으로 제한,골든 크로스와 관련해 투자 전에 확인해야 할 사항이 있나요?
KO-FIN-00326,82,금융시장·거래,,공개/발성호가,일반개념,고객,확인,공개/발성호가과 관련된 시장 정보를 확인하고 싶습니다.,용어기반,미흡,정확(문법 수정),매우 높음,236,0.412,수정 권장,조사 오류: '공개/발성호가과' → '공개/발성호가와'; 동일 문장구조가 236회 반복,공개/발성호가와 관련된 시장 정보를 확인하고 싶습니다.,최종 유지,해당 용어 후보 중 상대적으로 가장 자연스러운 대표 문장; 조사/문법을 자동수정안으로 교정; 반복 골격이지만 용어별 대표 1문장으로 제한,공개/발성호가와 관련된 시장 정보를 확인하고 싶습니다.
KO-FIN-00330,83,금융시장·거래,금융법규·감독,공개매수,일반개념,고객,확인,공개매수과 관련된 시장 정보를 확인하고 싶습니다.,용어기반,미흡,정확(문법 수정),매우 높음,236,0.355,수정 권장,조사 오류: '공개매수과' → '공개매수와'; 동일 문장구조가 236회 반복,공개매수와 관련된 시장 정보를 확인하고 싶습니다.,최종 유지,해당 용어 후보 중 상대적으로 가장 자연스러운 대표 문장; 조사/문법을 자동수정안으로 교정; 반복 골격이지만 용어별 대표 1문장으로 제한,공개매수와 관련된 시장 정보를 확인하고 싶습니다.
KO-FIN-00334,84,금융시장·거래,,공개매수설명서,일반개념,고객,확인,공개매수설명서과 관련된 시장 정보를 확인하고 싶습니다.,용어기반,미흡,정확(문법 수정),매우 높음,236,0.412,수정 권장,조사 오류: '공개매수설명서과' → '공개매수설명서와'; 동일 문장구조가 236회 반복,공개매수설명서와 관련된 시장 정보를 확인하고 싶습니다.,최종 유지,해당 용어 후보 중 상대적으로 가장 자연스러운 대표 문장; 조사/문법을 자동수정안으로 교정; 반복 골격이지만 용어별 대표 1문장으로 제한,공개매수설명서와 관련된 시장 정보를 확인하고 싶습니다.
KO-FIN-00338,85,금융시장·거래,증권·예탁,공개매수신고서,일반개념,고객,확인,공개매수신고서과 관련된 시장 정보를 확인하고 싶습니다.,용어기반,미흡,정확(문법 수정),매우 높음,236,0.412,수정 권장,조사 오류: '공개매수신고서과' → '공개매수신고서와'; 동일 문장구조가 236회 반복,공개매수신고서와 관련된 시장 정보를 확인하고 싶습니다.,최종 유지,해당 용어 후보 중 상대적으로 가장 자연스러운 대표 문장; 조사/문법을 자동수정안으로 교정; 반복 골격이지만 용어별 대표 1문장으로 제한,공개매수신고서와 관련된 시장 정보를 확인하고 싶습니다.
KO-FIN-00341,86,금융시장·거래,자산운용·투자 / 증권·예탁,공개법인,사람·역할,고객,질문,공개법인이 무엇을 의미하나요?,용어기반,보통,정확,매우 높음,303,0.595,유지(대표 1개만),동일 문장구조가 303회 반복,,최종 유지,해당 용어 후보 중 상대적으로 가장 자연스러운 대표 문장; 금융용어 사용 적절; 반복 골격이지만 용어별 대표 1문장으로 제한,공개법인이 무엇을 의미하나요?
KO-FIN-00345,87,금융시장·거래,금융기관·은행 / 증권·예탁,공개시장조작,일반개념,고객,질문,공개시장조작이 무엇을 의미하나요?,용어기반,보통,정확,매우 높음,303,0.634,유지(대표 1개만),동일 문장구조가 303회 반복,,최종 유지,해당 용어 후보 중 상대적으로 가장 자연스러운 대표 문장; 금융용어 사용 적절; 반복 골격이지만 용어별 대표 1문장으로 제한,공개시장조작이 무엇을 의미하나요?
KO-FIN-00351,88,자산운용·투자,,공기업,일반개념,고객,확인,공기업과 관련된 투자 정보를 확인하고 싶습니다.,용어기반,양호,정확,높음,55,0.484,수정 권장,유사 문장구조 반복(55회) 또는 동일 용어 내 유사도 높음,,최종 유지,실제 금융 문맥에서 자연스러움; 금융용어 사용 적절; 과도한 유사성 낮음,공기업과 관련된 투자 정보를 확인하고 싶습니다.
KO-FIN-00354,89,증권·예탁,기업금융·자본조달,공동간사회사,기관·조직,고객,확인,공동간사회사 처리 절차를 확인하고 싶습니다.,용어기반,보통,정확,매우 높음,241,0.667,수정 권장,동일 문장구조가 241회 반복,,최종 유지,해당 용어 후보 중 상대적으로 가장 자연스러운 대표 문장; 금융용어 사용 적절; 반복 골격이지만 용어별 대표 1문장으로 제한,공동간사회사 처리 절차를 확인하고 싶습니다.
KO-FIN-00360,90,법률·계약,,공동대리,일반개념,금융기관,안내,공동대리의 적용 여부는 계약 내용과 관련 법령을 확인해야 합니다.,용어기반,양호,정확,높음,35,0.5,수정 권장,유사 문장구조 반복(35회) 또는 동일 용어 내 유사도 높음,,최종 유지,실제 금융 문맥에서 자연스러움; 금융용어 사용 적절; 과도한 유사성 낮음,공동대리의 적용 여부는 계약 내용과 관련 법령을 확인해야 합니다.
KO-FIN-00361,91,금융법규·감독,,공동지배인,사람·역할,고객,질문,공동지배인이 금융거래에 어떻게 적용되나요?,용어기반,양호,정확,낮음,15,0.385,유지,실제 금융 문맥에서 자연스럽고 용어 사용도 적절함,,최종 유지,실제 금융 문맥에서 자연스러움; 금융용어 사용 적절; 과도한 유사성 낮음,공동지배인이 금융거래에 어떻게 적용되나요?
KO-FIN-00363,91,금융법규·감독,,공동지배인,사람·역할,고객,상담,공동지배인 때문에 추가로 확인해야 할 사항이 있나요?,용어기반,양호,정확,낮음,15,0.462,유지,실제 금융 문맥에서 자연스럽고 용어 사용도 적절함,,최종 유지,실제 금융 문맥에서 자연스러움; 금융용어 사용 적절; 과도한 유사성 낮음,공동지배인 때문에 추가로 확인해야 할 사항이 있나요?
KO-FIN-00366,92,금융시장·거래,주식,공매도,일반개념,고객,확인,공매도과 관련된 시장 정보를 확인하고 싶습니다.,용어기반,미흡,정확(문법 수정),매우 높음,236,0.333,수정 권장,조사 오류: '공매도과' → '공매도와'; 동일 문장구조가 236회 반복,공매도와 관련된 시장 정보를 확인하고 싶습니다.,최종 유지,해당 용어 후보 중 상대적으로 가장 자연스러운 대표 문장; 조사/문법을 자동수정안으로 교정; 반복 골격이지만 용어별 대표 1문장으로 제한,공매도와 관련된 시장 정보를 확인하고 싶습니다.
KO-FIN-00370,93,금융시장·거래,,공매수,일반개념,고객,확인,공매수과 관련된 시장 정보를 확인하고 싶습니다.,용어기반,미흡,정확(문법 수정),매우 높음,236,0.333,수정 권장,조사 오류: '공매수과' → '공매수와'; 동일 문장구조가 236회 반복,공매수와 관련된 시장 정보를 확인하고 싶습니다.,최종 유지,해당 용어 후보 중 상대적으로 가장 자연스러운 대표 문장; 조사/문법을 자동수정안으로 교정; 반복 골격이지만 용어별 대표 1문장으로 제한,공매수와 관련된 시장 정보를 확인하고 싶습니다.
KO-FIN-00376,94,기업금융·자본조달,증권·예탁 / 자산운용·투자 / 금융법규·감독,공모,일반개념,금융기관,안내,공모의 세부 조건과 절차는 거래 유형에 따라 달라질 수 있습니다.,용어기반,양호,정확,높음,25,0.452,수정 권장,유사 문장구조 반복(25회) 또는 동일 용어 내 유사도 높음,,최종 유지,실제 금융 문맥에서 자연스러움; 금융용어 사용 적절; 과도한 유사성 낮음,공모의 세부 조건과 절차는 거래 유형에 따라 달라질 수 있습니다.
KO-FIN-00380,95,기업금융·자본조달,,공모부대서비스회사,기관·조직,금융기관,안내,공모부대서비스회사의 세부 조건과 절차는 거래 유형에 따라 달라질 수 있습니다.,용어기반,양호,정확,높음,25,0.553,수정 권장,유사 문장구조 반복(25회) 또는 동일 용어 내 유사도 높음,,최종 유지,실제 금융 문맥에서 자연스러움; 금융용어 사용 적절; 과도한 유사성 낮음,공모부대서비스회사의 세부 조건과 절차는 거래 유형에 따라 달라질 수 있습니다.
KO-FIN-00382,96,주식,기업금융·자본조달 / 증권·예탁,공모증자,사람·역할,고객,확인,공모증자과 관련된 정보를 확인하고 싶습니다.,용어기반,미흡,정확(문법 수정),매우 높음,183,0.516,수정 권장,조사 오류: '공모증자과' → '공모증자와'; 동일 문장구조가 183회 반복,공모증자와 관련된 정보를 확인하고 싶습니다.,최종 유지,해당 용어 후보 중 상대적으로 가장 자연스러운 대표 문장; 조사/문법을 자동수정안으로 교정; 반복 골격이지만 용어별 대표 1문장으로 제한,공모증자와 관련된 정보를 확인하고 싶습니다.
KO-FIN-00388,97,기업금융·자본조달,채권,공모채,일반개념,금융기관,안내,공모채의 세부 조건과 절차는 거래 유형에 따라 달라질 수 있습니다.,용어기반,양호,정확,높음,25,0.469,수정 권장,유사 문장구조 반복(25회) 또는 동일 용어 내 유사도 높음,,최종 유지,실제 금융 문맥에서 자연스러움; 금융용어 사용 적절; 과도한 유사성 낮음,공모채의 세부 조건과 절차는 거래 유형에 따라 달라질 수 있습니다.
KO-FIN-00389,98,채권,,공사채등록법,법규·제도,고객,질문,공사채등록법이 무엇인지 설명해 주세요.,용어기반,보통,정확,매우 높음,705,0.4,유지(대표 1개만),동일 문장구조가 705회 반복,,최종 유지,해당 용어 후보 중 상대적으로 가장 자연스러운 대표 문장; 금융용어 사용 적절; 반복 골격이지만 용어별 대표 1문장으로 제한,공사채등록법이 무엇인지 설명해 주세요.
KO-FIN-00395,99,펀드·신탁,채권 / 자산운용·투자,공사채형투자신탁,상품·증권,고객,상담,공사채형투자신탁에 가입하기 전에 어떤 점을 확인해야 하나요?,용어기반,양호,정확,높음,52,0.536,수정 권장,유사 문장구조 반복(52회) 또는 동일 용어 내 유사도 높음,,최종 유지,실제 금융 문맥에서 자연스러움; 금융용어 사용 적절; 과도한 유사성 낮음,공사채형투자신탁에 가입하기 전에 어떤 점을 확인해야 하나요?
KO-FIN-00399,100,금융법규·감독,증권·예탁 / 자산운용·투자 / 법률·계약,공시,행위·절차,고객,상담,공시 때문에 추가로 확인해야 할 사항이 있나요?,용어기반,양호,정확,낮음,15,0.391,유지,실제 금융 문맥에서 자연스럽고 용어 사용도 적절함,,최종 유지,실제 금융 문맥에서 자연스러움; 금융용어 사용 적절; 과도한 유사성 낮음,공시 때문에 추가로 확인해야 할 사항이 있나요?
KO-FIN-00400,100,금융법규·감독,증권·예탁 / 자산운용·투자 / 법률·계약,공시,행위·절차,금융기관,안내,공시의 적용 범위는 관련 법령과 규정에 따라 달라질 수 있습니다.,용어기반,양호,정확,낮음,15,0.483,유지,실제 금융 문맥에서 자연스럽고 용어 사용도 적절함,,최종 유지,실제 금융 문맥에서 자연스러움; 금융용어 사용 적절; 과도한 유사성 낮음,공시의 적용 범위는 관련 법령과 규정에 따라 달라질 수 있습니다.
KO-FIN-00404,101,법률·계약,금융법규·감독,공시최고,일반개념,금융기관,안내,공시최고의 적용 여부는 계약 내용과 관련 법령을 확인해야 합니다.,용어기반,양호,정확,높음,35,0.5,수정 권장,유사 문장구조 반복(35회) 또는 동일 용어 내 유사도 높음,,최종 유지,실제 금융 문맥에서 자연스러움; 금융용어 사용 적절; 과도한 유사성 낮음,공시최고의 적용 여부는 계약 내용과 관련 법령을 확인해야 합니다.
KO-FIN-00405,102,증권·예탁,법률·계약,공신의 원칙,법규·제도,고객,질문,공신의 원칙이 무엇인지 설명해 주세요.,용어기반,보통,정확,매우 높음,705,0.549,유지(대표 1개만),동일 문장구조가 705회 반복,,최종 유지,해당 용어 후보 중 상대적으로 가장 자연스러운 대표 문장; 금융용어 사용 적절; 반복 골격이지만 용어별 대표 1문장으로 제한,공신의 원칙이 무엇인지 설명해 주세요.
KO-FIN-00409,103,금융시장·거래,,공인중개인,사람·역할,고객,질문,공인중개인이 무엇을 의미하나요?,용어기반,보통,정확,매우 높음,303,0.615,유지(대표 1개만),동일 문장구조가 303회 반복,,최종 유지,해당 용어 후보 중 상대적으로 가장 자연스러운 대표 문장; 금융용어 사용 적절; 반복 골격이지만 용어별 대표 1문장으로 제한,공인중개인이 무엇을 의미하나요?
KO-FIN-00413,104,금융시장·거래,,공정거래법,법규·제도,고객,질문,공정거래법이 무엇을 의미하나요?,용어기반,보통,정확,매우 높음,303,0.615,유지(대표 1개만),동일 문장구조가 303회 반복,,최종 유지,해당 용어 후보 중 상대적으로 가장 자연스러운 대표 문장; 금융용어 사용 적절; 반복 골격이지만 용어별 대표 1문장으로 제한,공정거래법이 무엇을 의미하나요?
KO-FIN-00418,105,금융공학·분석,,공정게임모형,일반개념,고객,질문,공정게임모형은 금융상품을 분석할 때 어떻게 사용되나요?,용어기반,양호,정확,낮음,15,0.444,유지,실제 금융 문맥에서 자연스럽고 용어 사용도 적절함,,최종 유지,실제 금융 문맥에서 자연스러움; 금융용어 사용 적절; 과도한 유사성 낮음,공정게임모형은 금융상품을 분석할 때 어떻게 사용되나요?
KO-FIN-00420,105,금융공학·분석,,공정게임모형,일반개념,금융기관,안내,공정게임모형의 결과는 사용한 가정과 시장 데이터에 따라 달라질 수 있습니다.,용어기반,양호,정확,낮음,15,0.333,유지,실제 금융 문맥에서 자연스럽고 용어 사용도 적절함,,최종 유지,실제 금융 문맥에서 자연스러움; 금융용어 사용 적절; 과도한 유사성 낮음,공정게임모형의 결과는 사용한 가정과 시장 데이터에 따라 달라질 수 있습니다.
KO-FIN-00424,106,금융기관·은행,,공정할인율,지표·개념,금융기관,안내,공정할인율과 관련된 세부 업무는 해당 기관의 안내를 확인해 주세요.,용어기반,양호,정확,높음,40,0.424,수정 권장,유사 문장구조 반복(40회) 또는 동일 용어 내 유사도 높음,,최종 유지,실제 금융 문맥에서 자연스러움; 금융용어 사용 적절; 과도한 유사성 낮음,공정할인율과 관련된 세부 업무는 해당 기관의 안내를 확인해 주세요.
KO-FIN-00426,107,채권,,공채,일반개념,고객,확인,공채의 조건과 수익 구조를 확인하고 싶습니다.,용어기반,보통,정확,매우 높음,115,0.36,수정 권장,동일 문장구조가 115회 반복,,최종 유지,해당 용어 후보 중 상대적으로 가장 자연스러운 대표 문장; 금융용어 사용 적절; 반복 골격이지만 용어별 대표 1문장으로 제한,공채의 조건과 수익 구조를 확인하고 싶습니다.
KO-FIN-00430,108,주식,,관계회사,기관·조직,고객,확인,관계회사과 관련된 정보를 확인하고 싶습니다.,용어기반,미흡,정확(문법 수정),매우 높음,183,0.516,수정 권장,조사 오류: '관계회사과' → '관계회사와'; 동일 문장구조가 183회 반복,관계회사와 관련된 정보를 확인하고 싶습니다.,최종 유지,해당 용어 후보 중 상대적으로 가장 자연스러운 대표 문장; 조사/문법을 자동수정안으로 교정; 반복 골격이지만 용어별 대표 1문장으로 제한,관계회사와 관련된 정보를 확인하고 싶습니다.
KO-FIN-00433,109,금융시장·거래,주식,관리대상종목,일반개념,고객,질문,관리대상종목이 무엇을 의미하나요?,용어기반,보통,정확,매우 높음,303,0.634,유지(대표 1개만),동일 문장구조가 303회 반복,,최종 유지,해당 용어 후보 중 상대적으로 가장 자연스러운 대표 문장; 금융용어 사용 적절; 반복 골격이지만 용어별 대표 1문장으로 제한,관리대상종목이 무엇을 의미하나요?
KO-FIN-00439,110,경제·거시금융,,관세 및 무역에 관한 일반협정,일반개념,고객,확인,최근 관세 및 무역에 관한 일반협정의 변화를 확인하고 싶습니다.,용어기반,양호,정확,낮음,8,0.615,유지,실제 금융 문맥에서 자연스럽고 용어 사용도 적절함,,최종 유지,실제 금융 문맥에서 자연스러움; 금융용어 사용 적절; 과도한 유사성 낮음,최근 관세 및 무역에 관한 일반협정의 변화를 확인하고 싶습니다.
KO-FIN-00440,110,경제·거시금융,,관세 및 무역에 관한 일반협정,일반개념,금융기관,안내,관세 및 무역에 관한 일반협정은 다른 경제지표와 함께 해석하는 것이 좋습니다.,용어기반,양호,정확,낮음,8,0.59,유지,실제 금융 문맥에서 자연스럽고 용어 사용도 적절함,,최종 유지,실제 금융 문맥에서 자연스러움; 금융용어 사용 적절; 과도한 유사성 낮음,관세 및 무역에 관한 일반협정은 다른 경제지표와 함께 해석하는 것이 좋습니다.
KO-FIN-00441,111,법률·계약,,관할권,일반개념,고객,질문,관할권이 금융거래에서 무엇을 의미하나요?,용어기반,양호,정확,높음,36,0.435,유지(대표 1개만),유사 문장구조 반복(36회) 또는 동일 용어 내 유사도 높음,,최종 유지,실제 금융 문맥에서 자연스러움; 금융용어 사용 적절; 과도한 유사성 낮음,관할권이 금융거래에서 무엇을 의미하나요?
KO-FIN-00446,112,증권·예탁,자산운용·투자,교차담보금제도,법규·제도,고객,확인,교차담보금제도 처리 절차를 확인하고 싶습니다.,용어기반,보통,정확,매우 높음,241,0.679,수정 권장,동일 문장구조가 241회 반복,,최종 유지,해당 용어 후보 중 상대적으로 가장 자연스러운 대표 문장; 금융용어 사용 적절; 반복 골격이지만 용어별 대표 1문장으로 제한,교차담보금제도 처리 절차를 확인하고 싶습니다.
KO-FIN-00451,113,파생상품,,교차증거금제도,법규·제도,고객,상담,교차증거금제도 거래에는 어떤 위험이 있나요?,용어기반,양호,정확,높음,38,0.52,수정 권장,유사 문장구조 반복(38회) 또는 동일 용어 내 유사도 높음,,최종 유지,실제 금융 문맥에서 자연스러움; 금융용어 사용 적절; 과도한 유사성 낮음,교차증거금제도 거래에는 어떤 위험이 있나요?
KO-FIN-00453,114,금융시장·거래,,교차헤징,일반개념,고객,질문,교차헤징이 무엇을 의미하나요?,용어기반,보통,정확,매우 높음,303,0.595,유지(대표 1개만),동일 문장구조가 303회 반복,,최종 유지,해당 용어 후보 중 상대적으로 가장 자연스러운 대표 문장; 금융용어 사용 적절; 반복 골격이지만 용어별 대표 1문장으로 제한,교차헤징이 무엇을 의미하나요?
KO-FIN-00458,115,기업금융·자본조달,주식,교체발행,행위·절차,고객,상담,교체발행을 이용하려면 어떤 조건이 필요한가요?,용어기반,양호,정확,높음,25,0.318,수정 권장,유사 문장구조 반복(25회) 또는 동일 용어 내 유사도 높음,,최종 유지,실제 금융 문맥에서 자연스러움; 금융용어 사용 적절; 과도한 유사성 낮음,교체발행을 이용하려면 어떤 조건이 필요한가요?
KO-FIN-00459,115,기업금융·자본조달,주식,교체발행,행위·절차,고객,확인,교체발행과 관련된 비용과 절차를 확인하고 싶습니다.,용어기반,양호,정확,높음,25,0.485,수정 권장,유사 문장구조 반복(25회) 또는 동일 용어 내 유사도 높음,,최종 유지,실제 금융 문맥에서 자연스러움; 금융용어 사용 적절; 과도한 유사성 낮음,교체발행과 관련된 비용과 절차를 확인하고 싶습니다.
KO-FIN-00462,116,채권,증권·예탁,교환사채,상품·증권,고객,확인,교환사채의 조건과 수익 구조를 확인하고 싶습니다.,용어기반,보통,정확,매우 높음,115,0.407,수정 권장,동일 문장구조가 115회 반복,,최종 유지,해당 용어 후보 중 상대적으로 가장 자연스러운 대표 문장; 금융용어 사용 적절; 반복 골격이지만 용어별 대표 1문장으로 제한,교환사채의 조건과 수익 구조를 확인하고 싶습니다.
KO-FIN-00465,117,법률·계약,증권·예탁,구상권,일반개념,고객,질문,구상권이 금융거래에서 무엇을 의미하나요?,용어기반,양호,정확,높음,36,0.435,유지(대표 1개만),유사 문장구조 반복(36회) 또는 동일 용어 내 유사도 높음,,최종 유지,실제 금융 문맥에서 자연스러움; 금융용어 사용 적절; 과도한 유사성 낮음,구상권이 금융거래에서 무엇을 의미하나요?
KO-FIN-00471,118,주식,,구주,일반개념,고객,상담,구주과 관련해 투자 전에 확인해야 할 사항이 있나요?,용어기반,미흡,정확(문법 수정),매우 높음,183,0.462,수정 권장,조사 오류: '구주과' → '구주와'; 동일 문장구조가 183회 반복,구주와 관련해 투자 전에 확인해야 할 사항이 있나요?,최종 유지,해당 용어 후보 중 상대적으로 가장 자연스러운 대표 문장; 조사/문법을 자동수정안으로 교정; 반복 골격이지만 용어별 대표 1문장으로 제한,구주와 관련해 투자 전에 확인해야 할 사항이 있나요?
KO-FIN-00475,119,자산운용·투자,,국가신인도,일반개념,고객,확인,국가신인도과 관련된 투자 정보를 확인하고 싶습니다.,용어기반,미흡,정확(문법 수정),높음,55,0.515,수정 권장,조사 오류: '국가신인도과' → '국가신인도와'; 유사 문장구조 반복(55회) 또는 동일 용어 내 유사도 높음,국가신인도와 관련된 투자 정보를 확인하고 싶습니다.,최종 유지,해당 용어 후보 중 상대적으로 가장 자연스러운 대표 문장; 조사/문법을 자동수정안으로 교정; 과도한 유사성 낮음,국가신인도와 관련된 투자 정보를 확인하고 싶습니다.
KO-FIN-00478,120,금융시장·거래,,국내장외거래,행위·절차,고객,확인,국내장외거래과 관련된 시장 정보를 확인하고 싶습니다.,용어기반,미흡,정확(문법 수정),매우 높음,236,0.394,수정 권장,조사 오류: '국내장외거래과' → '국내장외거래와'; 동일 문장구조가 236회 반복,국내장외거래와 관련된 시장 정보를 확인하고 싶습니다.,최종 유지,해당 용어 후보 중 상대적으로 가장 자연스러운 대표 문장; 조사/문법을 자동수정안으로 교정; 반복 골격이지만 용어별 대표 1문장으로 제한,국내장외거래와 관련된 시장 정보를 확인하고 싶습니다.
KO-FIN-00483,121,주식,,국민주,일반개념,고객,상담,국민주과 관련해 투자 전에 확인해야 할 사항이 있나요?,용어기반,미흡,정확(문법 수정),매우 높음,183,0.478,수정 권장,조사 오류: '국민주과' → '국민주와'; 동일 문장구조가 183회 반복,국민주와 관련해 투자 전에 확인해야 할 사항이 있나요?,최종 유지,해당 용어 후보 중 상대적으로 가장 자연스러운 대표 문장; 조사/문법을 자동수정안으로 교정; 반복 골격이지만 용어별 대표 1문장으로 제한,국민주와 관련해 투자 전에 확인해야 할 사항이 있나요?
KO-FIN-00485,122,채권,주식,국민주택채권,상품·증권,고객,질문,국민주택채권이 무엇인지 설명해 주세요.,용어기반,보통,정확,매우 높음,705,0.4,유지(대표 1개만),동일 문장구조가 705회 반복,,최종 유지,해당 용어 후보 중 상대적으로 가장 자연스러운 대표 문장; 금융용어 사용 적절; 반복 골격이지만 용어별 대표 1문장으로 제한,국민주택채권이 무엇인지 설명해 주세요.
KO-FIN-00491,123,경제·거시금융,,국민총생산,일반개념,고객,확인,최근 국민총생산의 변화를 확인하고 싶습니다.,용어기반,양호,정확,낮음,8,0.464,유지,실제 금융 문맥에서 자연스럽고 용어 사용도 적절함,,최종 유지,실제 금융 문맥에서 자연스러움; 금융용어 사용 적절; 과도한 유사성 낮음,최근 국민총생산의 변화를 확인하고 싶습니다.
KO-FIN-00492,123,경제·거시금융,,국민총생산,일반개념,금융기관,안내,국민총생산은 다른 경제지표와 함께 해석하는 것이 좋습니다.,용어기반,양호,정확,낮음,8,0.429,유지,실제 금융 문맥에서 자연스럽고 용어 사용도 적절함,,최종 유지,실제 금융 문맥에서 자연스러움; 금융용어 사용 적절; 과도한 유사성 낮음,국민총생산은 다른 경제지표와 함께 해석하는 것이 좋습니다.
KO-FIN-00494,124,금융시장·거래,자산운용·투자,국제간 거래,행위·절차,고객,확인,국제간 거래과 관련된 시장 정보를 확인하고 싶습니다.,용어기반,미흡,정확(문법 수정),매우 높음,236,0.394,수정 권장,조사 오류: '국제간 거래과' → '국제간 거래와'; 동일 문장구조가 236회 반복,국제간 거래와 관련된 시장 정보를 확인하고 싶습니다.,최종 유지,해당 용어 후보 중 상대적으로 가장 자연스러운 대표 문장; 조사/문법을 자동수정안으로 교정; 반복 골격이지만 용어별 대표 1문장으로 제한,국제간 거래와 관련된 시장 정보를 확인하고 싶습니다.
KO-FIN-00497,125,지급결제·청산,,국제간 대금지급,일반개념,고객,질문,국제간 대금지급이 무엇인지 설명해 주세요.,용어기반,보통,정확,매우 높음,705,0.582,유지(대표 1개만),동일 문장구조가 705회 반복,,최종 유지,해당 용어 후보 중 상대적으로 가장 자연스러운 대표 문장; 금융용어 사용 적절; 반복 골격이지만 용어별 대표 1문장으로 제한,국제간 대금지급이 무엇인지 설명해 주세요.
KO-FIN-00503,126,지급결제·청산,증권·예탁,국제간 대체결제,행위·절차,고객,문제,국제간 대체결제 과정에서 문제가 발생한 것 같습니다.,용어기반,보통,정확,매우 높음,86,0.582,수정 권장,동일 문장구조가 86회 반복,,최종 유지,해당 용어 후보 중 상대적으로 가장 자연스러운 대표 문장; 금융용어 사용 적절; 과도한 유사성 낮음,국제간 대체결제 과정에서 문제가 발생한 것 같습니다.
KO-FIN-00508,127,금융기관·은행,국제금융 / 지급결제·청산,국제결제은행,기관·조직,금융기관,안내,국제결제은행과 관련된 세부 업무는 해당 기관의 안내를 확인해 주세요.,용어기반,양호,정확,높음,40,0.441,수정 권장,유사 문장구조 반복(40회) 또는 동일 용어 내 유사도 높음,,최종 유지,실제 금융 문맥에서 자연스러움; 금융용어 사용 적절; 과도한 유사성 낮음,국제결제은행과 관련된 세부 업무는 해당 기관의 안내를 확인해 주세요.
KO-FIN-00510,128,금융기관·은행,지급결제·청산 / 국제금융,국제결제은행규제,일반개념,고객,질문,국제결제은행규제에서 이용할 수 있는 금융업무는 무엇인가요?,용어기반,양호,정확,높음,40,0.491,수정 권장,유사 문장구조 반복(40회) 또는 동일 용어 내 유사도 높음,,최종 유지,실제 금융 문맥에서 자연스러움; 금융용어 사용 적절; 과도한 유사성 낮음,국제결제은행규제에서 이용할 수 있는 금융업무는 무엇인가요?
KO-FIN-00514,129,국제금융,,국제금융공사,일반개념,고객,확인,국제금융공사과 관련된 거래 조건을 확인하고 싶습니다.,용어기반,미흡,정확(문법 수정),낮음,11,0.62,수정 권장,조사 오류: '국제금융공사과' → '국제금융공사와',국제금융공사와 관련된 거래 조건을 확인하고 싶습니다.,최종 유지,해당 용어 후보 중 상대적으로 가장 자연스러운 대표 문장; 조사/문법을 자동수정안으로 교정; 과도한 유사성 낮음,국제금융공사와 관련된 거래 조건을 확인하고 싶습니다.
KO-FIN-00518,130,국제금융,,국제금융센타,일반개념,고객,확인,국제금융센타과 관련된 거래 조건을 확인하고 싶습니다.,용어기반,미흡,정확(문법 수정),낮음,11,0.62,수정 권장,조사 오류: '국제금융센타과' → '국제금융센타와',국제금융센타와 관련된 거래 조건을 확인하고 싶습니다.,최종 유지,해당 용어 후보 중 상대적으로 가장 자연스러운 대표 문장; 조사/문법을 자동수정안으로 교정; 과도한 유사성 낮음,국제금융센타와 관련된 거래 조건을 확인하고 싶습니다.
KO-FIN-00522,131,국제금융,금융시장·거래,국제금융시장,시스템·인프라,고객,확인,국제금융시장과 관련된 거래 조건을 확인하고 싶습니다.,용어기반,양호,정확,낮음,11,0.62,유지,실제 금융 문맥에서 자연스럽고 용어 사용도 적절함,,최종 유지,실제 금융 문맥에서 자연스러움; 금융용어 사용 적절; 과도한 유사성 낮음,국제금융시장과 관련된 거래 조건을 확인하고 싶습니다.
KO-FIN-00524,131,국제금융,금융시장·거래,국제금융시장,시스템·인프라,금융기관,안내,국제금융시장과 관련된 거래에서는 국가별 규정과 통화를 함께 확인해야 합니다.,용어기반,양호,정확,낮음,11,0.62,유지,실제 금융 문맥에서 자연스럽고 용어 사용도 적절함,,최종 유지,실제 금융 문맥에서 자연스러움; 금융용어 사용 적절; 과도한 유사성 낮음,국제금융시장과 관련된 거래에서는 국가별 규정과 통화를 함께 확인해야 합니다.
KO-FIN-00525,132,증권·예탁,,국제보관기관,기관·조직,고객,질문,국제보관기관이 무엇인지 설명해 주세요.,용어기반,보통,정확,매우 높음,705,0.549,유지(대표 1개만),동일 문장구조가 705회 반복,,최종 유지,해당 용어 후보 중 상대적으로 가장 자연스러운 대표 문장; 금융용어 사용 적절; 반복 골격이지만 용어별 대표 1문장으로 제한,국제보관기관이 무엇인지 설명해 주세요.
KO-FIN-00532,133,금융기관·은행,대출,국제부흥개발은행,기관·조직,금융기관,안내,국제부흥개발은행과 관련된 세부 업무는 해당 기관의 안내를 확인해 주세요.,용어기반,양호,정확,높음,40,0.472,수정 권장,유사 문장구조 반복(40회) 또는 동일 용어 내 유사도 높음,,최종 유지,실제 금융 문맥에서 자연스러움; 금융용어 사용 적절; 과도한 유사성 낮음,국제부흥개발은행과 관련된 세부 업무는 해당 기관의 안내를 확인해 주세요.
KO-FIN-00535,134,자산운용·투자,,국제분산투자,사람·역할,고객,확인,국제분산투자과 관련된 투자 정보를 확인하고 싶습니다.,용어기반,미흡,정확(문법 수정),높음,55,0.529,수정 권장,조사 오류: '국제분산투자과' → '국제분산투자와'; 유사 문장구조 반복(55회) 또는 동일 용어 내 유사도 높음,국제분산투자와 관련된 투자 정보를 확인하고 싶습니다.,최종 유지,해당 용어 후보 중 상대적으로 가장 자연스러운 대표 문장; 조사/문법을 자동수정안으로 교정; 과도한 유사성 낮음,국제분산투자와 관련된 투자 정보를 확인하고 싶습니다.
KO-FIN-00538,135,증권·예탁,,국제유가증권관리자협회,기관·조직,고객,확인,국제유가증권관리자협회 처리 절차를 확인하고 싶습니다.,용어기반,보통,정확,매우 높음,241,0.719,수정 권장,동일 문장구조가 241회 반복,,최종 유지,해당 용어 후보 중 상대적으로 가장 자연스러운 대표 문장; 금융용어 사용 적절; 반복 골격이지만 용어별 대표 1문장으로 제한,국제유가증권관리자협회 처리 절차를 확인하고 싶습니다.
KO-FIN-00541,136,금융시장·거래,자산운용·투자,국제전문가시장,시스템·인프라,고객,질문,국제전문가시장이 무엇을 의미하나요?,용어기반,보통,정확,매우 높음,303,0.651,유지(대표 1개만),동일 문장구조가 303회 반복,,최종 유지,해당 용어 후보 중 상대적으로 가장 자연스러운 대표 문장; 금융용어 사용 적절; 반복 골격이지만 용어별 대표 1문장으로 제한,국제전문가시장이 무엇을 의미하나요?
KO-FIN-00545,137,증권·예탁,,국제정합성,일반개념,고객,질문,국제정합성이 무엇인지 설명해 주세요.,용어기반,보통,정확,매우 높음,705,0.531,유지(대표 1개만),동일 문장구조가 705회 반복,,최종 유지,해당 용어 후보 중 상대적으로 가장 자연스러운 대표 문장; 금융용어 사용 적절; 반복 골격이지만 용어별 대표 1문장으로 제한,국제정합성이 무엇인지 설명해 주세요.
KO-FIN-00549,138,증권·예탁,국제금융,국제증권,상품·증권,고객,질문,국제증권이 무엇인지 설명해 주세요.,용어기반,보통,정확,매우 높음,705,0.511,유지(대표 1개만),동일 문장구조가 705회 반복,,최종 유지,해당 용어 후보 중 상대적으로 가장 자연스러운 대표 문장; 금융용어 사용 적절; 반복 골격이지만 용어별 대표 1문장으로 제한,국제증권이 무엇인지 설명해 주세요.
KO-FIN-00553,139,금융시장·거래,증권·예탁 / 국제금융,국제증권거래소연맹,일반개념,고객,질문,국제증권거래소연맹이 무엇을 의미하나요?,용어기반,보통,정확,매우 높음,303,0.681,유지(대표 1개만),동일 문장구조가 303회 반복,,최종 유지,해당 용어 후보 중 상대적으로 가장 자연스러운 대표 문장; 금융용어 사용 적절; 반복 골격이지만 용어별 대표 1문장으로 제한,국제증권거래소연맹이 무엇을 의미하나요?
KO-FIN-00557,140,증권·예탁,국제금융,국제증권관리위원회연맹,일반개념,고객,질문,국제증권관리위원회연맹이 무엇인지 설명해 주세요.,용어기반,보통,정확,매우 높음,705,0.623,유지(대표 1개만),동일 문장구조가 705회 반복,,최종 유지,해당 용어 후보 중 상대적으로 가장 자연스러운 대표 문장; 금융용어 사용 적절; 반복 골격이지만 용어별 대표 1문장으로 제한,국제증권관리위원회연맹이 무엇인지 설명해 주세요.
KO-FIN-00561,141,증권·예탁,지급결제·청산,국제증권예탁결제기관,기관·조직,고객,질문,국제증권예탁결제기관이 무엇인지 설명해 주세요.,용어기반,보통,정확,매우 높음,705,0.61,유지(대표 1개만),동일 문장구조가 705회 반복,,최종 유지,해당 용어 후보 중 상대적으로 가장 자연스러운 대표 문장; 금융용어 사용 적절; 반복 골격이지만 용어별 대표 1문장으로 제한,국제증권예탁결제기관이 무엇인지 설명해 주세요.
KO-FIN-00566,142,국제금융,,국제통화기금,일반개념,고객,확인,국제통화기금과 관련된 거래 조건을 확인하고 싶습니다.,용어기반,양호,정확,낮음,11,0.62,유지,실제 금융 문맥에서 자연스럽고 용어 사용도 적절함,,최종 유지,실제 금융 문맥에서 자연스러움; 금융용어 사용 적절; 과도한 유사성 낮음,국제통화기금과 관련된 거래 조건을 확인하고 싶습니다.
KO-FIN-00568,142,국제금융,,국제통화기금,일반개념,금융기관,안내,국제통화기금과 관련된 거래에서는 국가별 규정과 통화를 함께 확인해야 합니다.,용어기반,양호,정확,낮음,11,0.62,유지,실제 금융 문맥에서 자연스럽고 용어 사용도 적절함,,최종 유지,실제 금융 문맥에서 자연스러움; 금융용어 사용 적절; 과도한 유사성 낮음,국제통화기금과 관련된 거래에서는 국가별 규정과 통화를 함께 확인해야 합니다.
KO-FIN-00571,143,펀드·신탁,자산운용·투자,국제투자신탁,상품·증권,고객,상담,국제투자신탁에 가입하기 전에 어떤 점을 확인해야 하나요?,용어기반,양호,정확,높음,52,0.5,수정 권장,유사 문장구조 반복(52회) 또는 동일 용어 내 유사도 높음,,최종 유지,실제 금융 문맥에서 자연스러움; 금융용어 사용 적절; 과도한 유사성 낮음,국제투자신탁에 가입하기 전에 어떤 점을 확인해야 하나요?
KO-FIN-00574,144,채권,,국채,일반개념,고객,확인,국채의 조건과 수익 구조를 확인하고 싶습니다.,용어기반,보통,정확,매우 높음,115,0.36,수정 권장,동일 문장구조가 115회 반복,,최종 유지,해당 용어 후보 중 상대적으로 가장 자연스러운 대표 문장; 금융용어 사용 적절; 반복 골격이지만 용어별 대표 1문장으로 제한,국채의 조건과 수익 구조를 확인하고 싶습니다.
KO-FIN-00578,145,채권,금융시장·거래 / 금융기관·은행,국채전문딜러,사람·역할,고객,확인,국채전문딜러의 조건과 수익 구조를 확인하고 싶습니다.,용어기반,보통,정확,매우 높음,115,0.448,수정 권장,동일 문장구조가 115회 반복,,최종 유지,해당 용어 후보 중 상대적으로 가장 자연스러운 대표 문장; 금융용어 사용 적절; 반복 골격이지만 용어별 대표 1문장으로 제한,국채전문딜러의 조건과 수익 구조를 확인하고 싶습니다.
KO-FIN-00582,146,채권,증권·예탁 / 금융시장·거래,국채집합등록제도,법규·제도,고객,확인,국채집합등록제도의 조건과 수익 구조를 확인하고 싶습니다.,용어기반,보통,정확,매우 높음,115,0.484,수정 권장,동일 문장구조가 115회 반복,,최종 유지,해당 용어 후보 중 상대적으로 가장 자연스러운 대표 문장; 금융용어 사용 적절; 반복 골격이지만 용어별 대표 1문장으로 제한,국채집합등록제도의 조건과 수익 구조를 확인하고 싶습니다.
KO-FIN-00585,147,금융시장·거래,주식,권리락,일반개념,고객,질문,권리락이 무엇을 의미하나요?,용어기반,보통,정확,매우 높음,303,0.571,유지(대표 1개만),동일 문장구조가 303회 반복,,최종 유지,해당 용어 후보 중 상대적으로 가장 자연스러운 대표 문장; 금융용어 사용 적절; 반복 골격이지만 용어별 대표 1문장으로 제한,권리락이 무엇을 의미하나요?
KO-FIN-00591,148,주식,,권리락주가,일반개념,고객,상담,권리락주가과 관련해 투자 전에 확인해야 할 사항이 있나요?,용어기반,미흡,정확(문법 수정),매우 높음,183,0.507,수정 권장,조사 오류: '권리락주가과' → '권리락주가와'; 동일 문장구조가 183회 반복,권리락주가와 관련해 투자 전에 확인해야 할 사항이 있나요?,최종 유지,해당 용어 후보 중 상대적으로 가장 자연스러운 대표 문장; 조사/문법을 자동수정안으로 교정; 반복 골격이지만 용어별 대표 1문장으로 제한,권리락주가와 관련해 투자 전에 확인해야 할 사항이 있나요?
KO-FIN-00593,149,증권·예탁,주식,권리예탁,행위·절차,고객,질문,권리예탁이 무엇인지 설명해 주세요.,용어기반,보통,정확,매우 높음,705,0.511,유지(대표 1개만),동일 문장구조가 705회 반복,,최종 유지,해당 용어 후보 중 상대적으로 가장 자연스러운 대표 문장; 금융용어 사용 적절; 반복 골격이지만 용어별 대표 1문장으로 제한,권리예탁이 무엇인지 설명해 주세요.
KO-FIN-00598,150,증권·예탁,계좌,권리예탁계좌부,일반개념,고객,확인,권리예탁계좌부 처리 절차를 확인하고 싶습니다.,용어기반,보통,정확,매우 높음,241,0.679,수정 권장,동일 문장구조가 241회 반복,,최종 유지,해당 용어 후보 중 상대적으로 가장 자연스러운 대표 문장; 금융용어 사용 적절; 반복 골격이지만 용어별 대표 1문장으로 제한,권리예탁계좌부 처리 절차를 확인하고 싶습니다.
KO-FIN-00603,151,주식,금융법규·감독 / 법률·계약,권리주,일반개념,고객,상담,권리주과 관련해 투자 전에 확인해야 할 사항이 있나요?,용어기반,미흡,정확(문법 수정),매우 높음,183,0.478,수정 권장,조사 오류: '권리주과' → '권리주와'; 동일 문장구조가 183회 반복,권리주와 관련해 투자 전에 확인해야 할 사항이 있나요?,최종 유지,해당 용어 후보 중 상대적으로 가장 자연스러운 대표 문장; 조사/문법을 자동수정안으로 교정; 반복 골격이지만 용어별 대표 1문장으로 제한,권리주와 관련해 투자 전에 확인해야 할 사항이 있나요?
KO-FIN-00605,152,채권,증권·예탁 / 금융법규·감독 / 주식,권종,일반개념,고객,질문,권종이 무엇인지 설명해 주세요.,용어기반,보통,정확,매우 높음,705,0.286,유지(대표 1개만),동일 문장구조가 705회 반복,,최종 유지,해당 용어 후보 중 상대적으로 가장 자연스러운 대표 문장; 금융용어 사용 적절; 반복 골격이지만 용어별 대표 1문장으로 제한,권종이 무엇인지 설명해 주세요.
KO-FIN-00609,153,금융법규·감독,,규정재정,일반개념,고객,질문,규정재정이 금융거래에 어떻게 적용되나요?,용어기반,양호,정확,낮음,15,0.36,유지,실제 금융 문맥에서 자연스럽고 용어 사용도 적절함,,최종 유지,실제 금융 문맥에서 자연스러움; 금융용어 사용 적절; 과도한 유사성 낮음,규정재정이 금융거래에 어떻게 적용되나요?
KO-FIN-00611,153,금융법규·감독,,규정재정,일반개념,고객,상담,규정재정 때문에 추가로 확인해야 할 사항이 있나요?,용어기반,양호,정확,낮음,15,0.44,유지,실제 금융 문맥에서 자연스럽고 용어 사용도 적절함,,최종 유지,실제 금융 문맥에서 자연스러움; 금융용어 사용 적절; 과도한 유사성 낮음,규정재정 때문에 추가로 확인해야 할 사항이 있나요?
KO-FIN-00614,154,금융공학·분석,주식,그라함 도드모형,일반개념,고객,질문,그라함 도드모형은 금융상품을 분석할 때 어떻게 사용되나요?,용어기반,양호,정확,낮음,15,0.478,유지,실제 금융 문맥에서 자연스럽고 용어 사용도 적절함,,최종 유지,실제 금융 문맥에서 자연스러움; 금융용어 사용 적절; 과도한 유사성 낮음,그라함 도드모형은 금융상품을 분석할 때 어떻게 사용되나요?
KO-FIN-00616,154,금융공학·분석,주식,그라함 도드모형,일반개념,금융기관,안내,그라함 도드모형의 결과는 사용한 가정과 시장 데이터에 따라 달라질 수 있습니다.,용어기반,양호,정확,낮음,15,0.371,유지,실제 금융 문맥에서 자연스럽고 용어 사용도 적절함,,최종 유지,실제 금융 문맥에서 자연스러움; 금융용어 사용 적절; 과도한 유사성 낮음,그라함 도드모형의 결과는 사용한 가정과 시장 데이터에 따라 달라질 수 있습니다.
KO-FIN-00618,155,부동산금융,,근저당,일반개념,고객,확인,근저당과 관련된 금리와 비용을 확인하고 싶습니다.,용어기반,양호,정확,낮음,4,0.394,유지,실제 금융 문맥에서 자연스럽고 용어 사용도 적절함,,최종 유지,실제 금융 문맥에서 자연스러움; 금융용어 사용 적절; 과도한 유사성 낮음,근저당과 관련된 금리와 비용을 확인하고 싶습니다.
KO-FIN-00619,155,부동산금융,,근저당,일반개념,고객,상담,근저당을 이용할 때 필요한 서류는 무엇인가요?,용어기반,양호,정확,낮음,4,0.419,유지,실제 금융 문맥에서 자연스럽고 용어 사용도 적절함,,최종 유지,실제 금융 문맥에서 자연스러움; 금융용어 사용 적절; 과도한 유사성 낮음,근저당을 이용할 때 필요한 서류는 무엇인가요?
KO-FIN-00621,156,주식,,글래머주식,상품·증권,고객,질문,글래머주식이 무엇인지 설명해 주세요.,용어기반,보통,정확,매우 높음,705,0.4,유지(대표 1개만),동일 문장구조가 705회 반복,,최종 유지,해당 용어 후보 중 상대적으로 가장 자연스러운 대표 문장; 금융용어 사용 적절; 반복 골격이지만 용어별 대표 1문장으로 제한,글래머주식이 무엇인지 설명해 주세요.
KO-FIN-00625,157,증권·예탁,,글래스 스티걸법,법규·제도,고객,질문,글래스 스티걸법이 무엇인지 설명해 주세요.,용어기반,보통,정확,매우 높음,705,0.582,유지(대표 1개만),동일 문장구조가 705회 반복,,최종 유지,해당 용어 후보 중 상대적으로 가장 자연스러운 대표 문장; 금융용어 사용 적절; 반복 골격이지만 용어별 대표 1문장으로 제한,글래스 스티걸법이 무엇인지 설명해 주세요.
KO-FIN-00629,158,금융시장·거래,,글로벌 트레이딩,일반개념,고객,질문,글로벌 트레이딩이 무엇을 의미하나요?,용어기반,보통,정확,매우 높음,303,0.667,유지(대표 1개만),동일 문장구조가 303회 반복,,최종 유지,해당 용어 후보 중 상대적으로 가장 자연스러운 대표 문장; 금융용어 사용 적절; 반복 골격이지만 용어별 대표 1문장으로 제한,글로벌 트레이딩이 무엇을 의미하나요?
KO-FIN-00635,159,신용·리스크,,글로벌라이제이션,일반개념,고객,상담,글로벌라이제이션을 줄이려면 어떤 점을 확인해야 하나요?,용어기반,양호,정확,높음,22,0.632,수정 권장,유사 문장구조 반복(22회) 또는 동일 용어 내 유사도 높음,,최종 유지,실제 금융 문맥에서 자연스러움; 금융용어 사용 적절; 과도한 유사성 낮음,글로벌라이제이션을 줄이려면 어떤 점을 확인해야 하나요?
KO-FIN-00636,159,신용·리스크,,글로벌라이제이션,일반개념,금융기관,주의,글로벌라이제이션은 거래 조건이나 이용 가능 여부에 영향을 줄 수 있습니다.,용어기반,양호,정확,높음,22,0.5,수정 권장,유사 문장구조 반복(22회) 또는 동일 용어 내 유사도 높음,,최종 유지,실제 금융 문맥에서 자연스러움; 금융용어 사용 적절; 과도한 유사성 낮음,글로벌라이제이션은 거래 조건이나 이용 가능 여부에 영향을 줄 수 있습니다.
KO-FIN-00638,160,채권,,글로벌본드,상품·증권,고객,확인,글로벌본드의 조건과 수익 구조를 확인하고 싶습니다.,용어기반,보통,정확,매우 높음,115,0.429,수정 권장,동일 문장구조가 115회 반복,,최종 유지,해당 용어 후보 중 상대적으로 가장 자연스러운 대표 문장; 금융용어 사용 적절; 반복 골격이지만 용어별 대표 1문장으로 제한,글로벌본드의 조건과 수익 구조를 확인하고 싶습니다.
KO-FIN-00641,161,금융시장·거래,,글로컬리제이션,일반개념,고객,질문,글로컬리제이션이 무엇을 의미하나요?,용어기반,보통,정확,매우 높음,303,0.651,유지(대표 1개만),동일 문장구조가 303회 반복,,최종 유지,해당 용어 후보 중 상대적으로 가장 자연스러운 대표 문장; 금융용어 사용 적절; 반복 골격이지만 용어별 대표 1문장으로 제한,글로컬리제이션이 무엇을 의미하나요?
KO-FIN-00646,162,금융기관·은행,주식,금고주,일반개념,고객,질문,금고주에서 이용할 수 있는 금융업무는 무엇인가요?,용어기반,양호,정확,높음,40,0.387,수정 권장,유사 문장구조 반복(40회) 또는 동일 용어 내 유사도 높음,,최종 유지,실제 금융 문맥에서 자연스러움; 금융용어 사용 적절; 과도한 유사성 낮음,금고주에서 이용할 수 있는 금융업무는 무엇인가요?
KO-FIN-00649,163,파생상품,금융시장·거래,금리선물,상품·증권,고객,질문,금리선물이 무엇인지 쉽게 설명해 주세요.,용어기반,양호,정확,높음,53,0.356,유지(대표 1개만),유사 문장구조 반복(53회) 또는 동일 용어 내 유사도 높음,,최종 유지,실제 금융 문맥에서 자연스러움; 금융용어 사용 적절; 과도한 유사성 낮음,금리선물이 무엇인지 쉽게 설명해 주세요.
KO-FIN-00653,164,파생상품,,금리선물옵션,상품·증권,고객,질문,금리선물옵션이 무엇인지 쉽게 설명해 주세요.,용어기반,양호,정확,높음,53,0.408,유지(대표 1개만),유사 문장구조 반복(53회) 또는 동일 용어 내 유사도 높음,,최종 유지,실제 금융 문맥에서 자연스러움; 금융용어 사용 적절; 과도한 유사성 낮음,금리선물옵션이 무엇인지 쉽게 설명해 주세요.
KO-FIN-00657,165,파생상품,대출 / 법률·계약 / 금융시장·거래,금리스왑,상품·증권,고객,질문,금리스왑이 무엇인지 쉽게 설명해 주세요.,용어기반,양호,정확,높음,53,0.356,유지(대표 1개만),유사 문장구조 반복(53회) 또는 동일 용어 내 유사도 높음,,최종 유지,실제 금융 문맥에서 자연스러움; 금융용어 사용 적절; 과도한 유사성 낮음,금리스왑이 무엇인지 쉽게 설명해 주세요.
KO-FIN-00662,166,채권,,금리연동부사채,상품·증권,고객,확인,금리연동부사채의 조건과 수익 구조를 확인하고 싶습니다.,용어기반,보통,정확,매우 높음,115,0.467,수정 권장,동일 문장구조가 115회 반복,,최종 유지,해당 용어 후보 중 상대적으로 가장 자연스러운 대표 문장; 금융용어 사용 적절; 반복 골격이지만 용어별 대표 1문장으로 제한,금리연동부사채의 조건과 수익 구조를 확인하고 싶습니다.
KO-FIN-00666,167,채권,,금리확정부사채,상품·증권,고객,확인,금리확정부사채의 조건과 수익 구조를 확인하고 싶습니다.,용어기반,보통,정확,매우 높음,115,0.467,수정 권장,동일 문장구조가 115회 반복,,최종 유지,해당 용어 후보 중 상대적으로 가장 자연스러운 대표 문장; 금융용어 사용 적절; 반복 골격이지만 용어별 대표 1문장으로 제한,금리확정부사채의 조건과 수익 구조를 확인하고 싶습니다.
KO-FIN-00671,168,펀드·신탁,,금외신탁,상품·증권,고객,상담,금외신탁에 가입하기 전에 어떤 점을 확인해야 하나요?,용어기반,양호,정확,높음,52,0.458,수정 권장,유사 문장구조 반복(52회) 또는 동일 용어 내 유사도 높음,,최종 유지,실제 금융 문맥에서 자연스러움; 금융용어 사용 적절; 과도한 유사성 낮음,금외신탁에 가입하기 전에 어떤 점을 확인해야 하나요?
KO-FIN-00673,169,금융법규·감독,,금융감독위원회/금융감독원,기관·조직,고객,질문,금융감독위원회/금융감독원이 금융거래에 어떻게 적용되나요?,용어기반,양호,정확,낮음,15,0.529,유지,실제 금융 문맥에서 자연스럽고 용어 사용도 적절함,,최종 유지,실제 금융 문맥에서 자연스러움; 금융용어 사용 적절; 과도한 유사성 낮음,금융감독위원회/금융감독원이 금융거래에 어떻게 적용되나요?
KO-FIN-00675,169,금융법규·감독,,금융감독위원회/금융감독원,기관·조직,고객,상담,금융감독위원회/금융감독원 때문에 추가로 확인해야 할 사항이 있나요?,용어기반,양호,정확,낮음,15,0.588,유지,실제 금융 문맥에서 자연스럽고 용어 사용도 적절함,,최종 유지,실제 금융 문맥에서 자연스러움; 금융용어 사용 적절; 과도한 유사성 낮음,금융감독위원회/금융감독원 때문에 추가로 확인해야 할 사항이 있나요?
KO-FIN-00677,170,지급결제·청산,금융기관·은행,금융결제원,일반개념,고객,질문,금융결제원이 무엇인지 설명해 주세요.,용어기반,보통,정확,매우 높음,705,0.531,유지(대표 1개만),동일 문장구조가 705회 반복,,최종 유지,해당 용어 후보 중 상대적으로 가장 자연스러운 대표 문장; 금융용어 사용 적절; 반복 골격이지만 용어별 대표 1문장으로 제한,금융결제원이 무엇인지 설명해 주세요.
KO-FIN-00681,171,주식,,금융공학,일반개념,고객,질문,금융공학이 무엇인지 설명해 주세요.,용어기반,보통,정확,매우 높음,705,0.372,유지(대표 1개만),동일 문장구조가 705회 반복,,최종 유지,해당 용어 후보 중 상대적으로 가장 자연스러운 대표 문장; 금융용어 사용 적절; 반복 골격이지만 용어별 대표 1문장으로 제한,금융공학이 무엇인지 설명해 주세요.
KO-FIN-00686,172,금융기관·은행,,금융기관,기관·조직,고객,질문,금융기관에서 이용할 수 있는 금융업무는 무엇인가요?,용어기반,양호,정확,높음,40,0.406,수정 권장,유사 문장구조 반복(40회) 또는 동일 용어 내 유사도 높음,,최종 유지,실제 금융 문맥에서 자연스러움; 금융용어 사용 적절; 과도한 유사성 낮음,금융기관에서 이용할 수 있는 금융업무는 무엇인가요?
KO-FIN-00691,173,금융법규·감독,,금융리스,일반개념,고객,상담,금융리스 때문에 추가로 확인해야 할 사항이 있나요?,용어기반,양호,정확,낮음,15,0.44,유지,실제 금융 문맥에서 자연스럽고 용어 사용도 적절함,,최종 유지,실제 금융 문맥에서 자연스러움; 금융용어 사용 적절; 과도한 유사성 낮음,금융리스 때문에 추가로 확인해야 할 사항이 있나요?
KO-FIN-00692,173,금융법규·감독,,금융리스,일반개념,금융기관,안내,금융리스의 적용 범위는 관련 법령과 규정에 따라 달라질 수 있습니다.,용어기반,양호,정확,낮음,15,0.516,유지,실제 금융 문맥에서 자연스럽고 용어 사용도 적절함,,최종 유지,실제 금융 문맥에서 자연스러움; 금융용어 사용 적절; 과도한 유사성 낮음,금융리스의 적용 범위는 관련 법령과 규정에 따라 달라질 수 있습니다.
KO-FIN-00696,174,대출,,금융비용,일반개념,은행,안내,금융비용은 심사 결과에 따라 이용 가능 여부가 달라질 수 있습니다.,용어기반,양호,정확,높음,35,0.429,수정 권장,유사 문장구조 반복(35회) 또는 동일 용어 내 유사도 높음,,최종 유지,실제 금융 문맥에서 자연스러움; 금융용어 사용 적절; 과도한 유사성 낮음,금융비용은 심사 결과에 따라 이용 가능 여부가 달라질 수 있습니다.
KO-FIN-00698,175,금융시장·거래,파생상품 / 해외송금·외환,금융선물거래,행위·절차,고객,확인,금융선물거래과 관련된 시장 정보를 확인하고 싶습니다.,용어기반,미흡,정확(문법 수정),매우 높음,236,0.394,수정 권장,조사 오류: '금융선물거래과' → '금융선물거래와'; 동일 문장구조가 236회 반복,금융선물거래와 관련된 시장 정보를 확인하고 싶습니다.,최종 유지,해당 용어 후보 중 상대적으로 가장 자연스러운 대표 문장; 조사/문법을 자동수정안으로 교정; 반복 골격이지만 용어별 대표 1문장으로 제한,금융선물거래와 관련된 시장 정보를 확인하고 싶습니다.
KO-FIN-00702,176,세금,,금융소득종합과세,일반개념,고객,질문,금융소득종합과세의 적용 기준을 알려주세요.,용어기반,양호,정확,낮음,11,0.533,유지,실제 금융 문맥에서 자연스럽고 용어 사용도 적절함,,최종 유지,실제 금융 문맥에서 자연스러움; 금융용어 사용 적절; 과도한 유사성 낮음,금융소득종합과세의 적용 기준을 알려주세요.
KO-FIN-00704,176,세금,,금융소득종합과세,일반개념,금융기관,안내,금융소득종합과세의 적용 여부는 거래 유형과 세법에 따라 달라질 수 있습니다.,용어기반,양호,정확,낮음,11,0.493,유지,실제 금융 문맥에서 자연스럽고 용어 사용도 적절함,,최종 유지,실제 금융 문맥에서 자연스러움; 금융용어 사용 적절; 과도한 유사성 낮음,금융소득종합과세의 적용 여부는 거래 유형과 세법에 따라 달라질 수 있습니다.
KO-FIN-00705,177,증권·예탁,,금융쇼핑몰,일반개념,고객,질문,금융쇼핑몰이 무엇인지 설명해 주세요.,용어기반,보통,정확,매우 높음,705,0.531,유지(대표 1개만),동일 문장구조가 705회 반복,,최종 유지,해당 용어 후보 중 상대적으로 가장 자연스러운 대표 문장; 금융용어 사용 적절; 반복 골격이지만 용어별 대표 1문장으로 제한,금융쇼핑몰이 무엇인지 설명해 주세요.
KO-FIN-00709,178,금융시장·거래,,금융시장,시스템·인프라,고객,질문,금융시장이 무엇을 의미하나요?,용어기반,보통,정확,매우 높음,303,0.595,유지(대표 1개만),동일 문장구조가 303회 반복,,최종 유지,해당 용어 후보 중 상대적으로 가장 자연스러운 대표 문장; 금융용어 사용 적절; 반복 골격이지만 용어별 대표 1문장으로 제한,금융시장이 무엇을 의미하나요?
KO-FIN-00714,179,세금,,금융실명제,일반개념,고객,질문,금융실명제의 적용 기준을 알려주세요.,용어기반,양호,정확,낮음,11,0.462,유지,실제 금융 문맥에서 자연스럽고 용어 사용도 적절함,,최종 유지,실제 금융 문맥에서 자연스러움; 금융용어 사용 적절; 과도한 유사성 낮음,금융실명제의 적용 기준을 알려주세요.
KO-FIN-00716,179,세금,,금융실명제,일반개념,금융기관,안내,금융실명제의 적용 여부는 거래 유형과 세법에 따라 달라질 수 있습니다.,용어기반,양호,정확,낮음,11,0.448,유지,실제 금융 문맥에서 자연스럽고 용어 사용도 적절함,,최종 유지,실제 금융 문맥에서 자연스러움; 금융용어 사용 적절; 과도한 유사성 낮음,금융실명제의 적용 여부는 거래 유형과 세법에 따라 달라질 수 있습니다.
KO-FIN-00720,180,대출,,금융어음,상품·증권,은행,안내,금융어음은 심사 결과에 따라 이용 가능 여부가 달라질 수 있습니다.,용어기반,양호,정확,높음,35,0.429,수정 권장,유사 문장구조 반복(35회) 또는 동일 용어 내 유사도 높음,,최종 유지,실제 금융 문맥에서 자연스러움; 금융용어 사용 적절; 과도한 유사성 낮음,금융어음은 심사 결과에 따라 이용 가능 여부가 달라질 수 있습니다.
KO-FIN-00724,181,대출,,금융자산,일반개념,은행,안내,금융자산은 심사 결과에 따라 이용 가능 여부가 달라질 수 있습니다.,용어기반,양호,정확,높음,35,0.429,수정 권장,유사 문장구조 반복(35회) 또는 동일 용어 내 유사도 높음,,최종 유지,실제 금융 문맥에서 자연스러움; 금융용어 사용 적절; 과도한 유사성 낮음,금융자산은 심사 결과에 따라 이용 가능 여부가 달라질 수 있습니다.
KO-FIN-00727,182,주식,,금융장세,일반개념,고객,상담,금융장세과 관련해 투자 전에 확인해야 할 사항이 있나요?,용어기반,미흡,정확(문법 수정),매우 높음,183,0.493,수정 권장,조사 오류: '금융장세과' → '금융장세와'; 동일 문장구조가 183회 반복,금융장세와 관련해 투자 전에 확인해야 할 사항이 있나요?,최종 유지,해당 용어 후보 중 상대적으로 가장 자연스러운 대표 문장; 조사/문법을 자동수정안으로 교정; 반복 골격이지만 용어별 대표 1문장으로 제한,금융장세와 관련해 투자 전에 확인해야 할 사항이 있나요?
KO-FIN-00730,183,금융기관·은행,,금융지주회사,기관·조직,고객,질문,금융지주회사에서 이용할 수 있는 금융업무는 무엇인가요?,용어기반,양호,정확,높음,40,0.449,수정 권장,유사 문장구조 반복(40회) 또는 동일 용어 내 유사도 높음,,최종 유지,실제 금융 문맥에서 자연스러움; 금융용어 사용 적절; 과도한 유사성 낮음,금융지주회사에서 이용할 수 있는 금융업무는 무엇인가요?
KO-FIN-00734,184,금융기관·은행,,금융채,일반개념,고객,질문,금융채에서 이용할 수 있는 금융업무는 무엇인가요?,용어기반,양호,정확,높음,40,0.387,수정 권장,유사 문장구조 반복(40회) 또는 동일 용어 내 유사도 높음,,최종 유지,실제 금융 문맥에서 자연스러움; 금융용어 사용 적절; 과도한 유사성 낮음,금융채에서 이용할 수 있는 금융업무는 무엇인가요?
KO-FIN-00738,185,금융기관·은행,,금융통화운영위원회,기관·조직,고객,질문,금융통화운영위원회에서 이용할 수 있는 금융업무는 무엇인가요?,용어기반,양호,정확,높음,40,0.509,수정 권장,유사 문장구조 반복(40회) 또는 동일 용어 내 유사도 높음,,최종 유지,실제 금융 문맥에서 자연스러움; 금융용어 사용 적절; 과도한 유사성 낮음,금융통화운영위원회에서 이용할 수 있는 금융업무는 무엇인가요?
KO-FIN-00743,186,펀드·신탁,,금전신탁,상품·증권,고객,상담,금전신탁에 가입하기 전에 어떤 점을 확인해야 하나요?,용어기반,양호,정확,높음,52,0.458,수정 권장,유사 문장구조 반복(52회) 또는 동일 용어 내 유사도 높음,,최종 유지,실제 금융 문맥에서 자연스러움; 금융용어 사용 적절; 과도한 유사성 낮음,금전신탁에 가입하기 전에 어떤 점을 확인해야 하나요?
KO-FIN-00746,187,채권,,기간구조,일반개념,고객,확인,기간구조의 조건과 수익 구조를 확인하고 싶습니다.,용어기반,보통,정확,매우 높음,115,0.407,수정 권장,동일 문장구조가 115회 반복,,최종 유지,해당 용어 후보 중 상대적으로 가장 자연스러운 대표 문장; 금융용어 사용 적절; 반복 골격이지만 용어별 대표 1문장으로 제한,기간구조의 조건과 수익 구조를 확인하고 싶습니다.
KO-FIN-00749,188,금융시장·거래,,기간물 repo,일반개념,고객,질문,기간물 repo이 무엇을 의미하나요?,용어기반,보통,정확,매우 높음,303,0.667,유지(대표 1개만),동일 문장구조가 303회 반복,,최종 유지,해당 용어 후보 중 상대적으로 가장 자연스러운 대표 문장; 금융용어 사용 적절; 반복 골격이지만 용어별 대표 1문장으로 제한,기간물 repo이 무엇을 의미하나요?
KO-FIN-00754,189,증권·예탁,지급결제·청산 / 금융시장·거래,기관결제제도,법규·제도,고객,확인,기관결제제도 처리 절차를 확인하고 싶습니다.,용어기반,보통,정확,매우 높음,241,0.667,수정 권장,동일 문장구조가 241회 반복,,최종 유지,해당 용어 후보 중 상대적으로 가장 자연스러운 대표 문장; 금융용어 사용 적절; 반복 골격이지만 용어별 대표 1문장으로 제한,기관결제제도 처리 절차를 확인하고 싶습니다.
KO-FIN-00757,190,지급결제·청산,자산운용·투자 / 증권·예탁 / 금융시장·거래,기관투자가 결제제도,법규·제도,고객,질문,기관투자가 결제제도이 무엇인지 설명해 주세요.,용어기반,미흡,정확(문법 수정),매우 높음,705,0.61,수정 권장,조사 오류: '기관투자가 결제제도이' → '기관투자가 결제제도가'; 동일 문장구조가 705회 반복,기관투자가 결제제도가 무엇인지 설명해 주세요.,최종 유지,해당 용어 후보 중 상대적으로 가장 자연스러운 대표 문장; 조사/문법을 자동수정안으로 교정; 반복 골격이지만 용어별 대표 1문장으로 제한,기관투자가 결제제도가 무엇인지 설명해 주세요.
KO-FIN-00763,191,자산운용·투자,증권·예탁 / 금융기관·은행 / 금융시장·거래,기관투자가,일반개념,고객,확인,기관투자가과 관련된 투자 정보를 확인하고 싶습니다.,용어기반,미흡,정확(문법 수정),높음,55,0.515,수정 권장,조사 오류: '기관투자가과' → '기관투자가와'; 유사 문장구조 반복(55회) 또는 동일 용어 내 유사도 높음,기관투자가와 관련된 투자 정보를 확인하고 싶습니다.,최종 유지,해당 용어 후보 중 상대적으로 가장 자연스러운 대표 문장; 조사/문법을 자동수정안으로 교정; 과도한 유사성 낮음,기관투자가와 관련된 투자 정보를 확인하고 싶습니다.
KO-FIN-00765,192,주식,,기관화현상,일반개념,고객,질문,기관화현상이 무엇인지 설명해 주세요.,용어기반,보통,정확,매우 높음,705,0.4,유지(대표 1개만),동일 문장구조가 705회 반복,,최종 유지,해당 용어 후보 중 상대적으로 가장 자연스러운 대표 문장; 금융용어 사용 적절; 반복 골격이지만 용어별 대표 1문장으로 제한,기관화현상이 무엇인지 설명해 주세요.
KO-FIN-00769,193,주식,,기대수익률,지표·개념,고객,질문,기대수익률이 무엇인지 설명해 주세요.,용어기반,보통,정확,매우 높음,705,0.4,유지(대표 1개만),동일 문장구조가 705회 반복,,최종 유지,해당 용어 후보 중 상대적으로 가장 자연스러운 대표 문장; 금융용어 사용 적절; 반복 골격이지만 용어별 대표 1문장으로 제한,기대수익률이 무엇인지 설명해 주세요.
KO-FIN-00776,194,대출,자산운용·투자,기대이론,상품·증권,은행,안내,기대이론은 심사 결과에 따라 이용 가능 여부가 달라질 수 있습니다.,용어기반,양호,정확,높음,35,0.429,수정 권장,유사 문장구조 반복(35회) 또는 동일 용어 내 유사도 높음,,최종 유지,실제 금융 문맥에서 자연스러움; 금융용어 사용 적절; 과도한 유사성 낮음,기대이론은 심사 결과에 따라 이용 가능 여부가 달라질 수 있습니다.
KO-FIN-00778,195,증권·예탁,주식 / 법률·계약,기말계속예탁제도,법규·제도,고객,확인,기말계속예탁제도 처리 절차를 확인하고 싶습니다.,용어기반,보통,정확,매우 높음,241,0.69,수정 권장,동일 문장구조가 241회 반복,,최종 유지,해당 용어 후보 중 상대적으로 가장 자연스러운 대표 문장; 금융용어 사용 적절; 반복 골격이지만 용어별 대표 1문장으로 제한,기말계속예탁제도 처리 절차를 확인하고 싶습니다.
KO-FIN-00781,196,법률·계약,,기명날인,사람·역할,고객,질문,기명날인이 금융거래에서 무엇을 의미하나요?,용어기반,양호,정확,높음,36,0.458,유지(대표 1개만),유사 문장구조 반복(36회) 또는 동일 용어 내 유사도 높음,,최종 유지,실제 금융 문맥에서 자연스러움; 금융용어 사용 적절; 과도한 유사성 낮음,기명날인이 금융거래에서 무엇을 의미하나요?
KO-FIN-00786,197,채권,,기명사채,상품·증권,고객,확인,기명사채의 조건과 수익 구조를 확인하고 싶습니다.,용어기반,보통,정확,매우 높음,115,0.407,수정 권장,동일 문장구조가 115회 반복,,최종 유지,해당 용어 후보 중 상대적으로 가장 자연스러운 대표 문장; 금융용어 사용 적절; 반복 골격이지만 용어별 대표 1문장으로 제한,기명사채의 조건과 수익 구조를 확인하고 싶습니다.
KO-FIN-00789,198,주식,증권·예탁,기명주식,상품·증권,고객,질문,기명주식이 무엇인지 설명해 주세요.,용어기반,보통,정확,매우 높음,705,0.372,유지(대표 1개만),동일 문장구조가 705회 반복,,최종 유지,해당 용어 후보 중 상대적으로 가장 자연스러운 대표 문장; 금융용어 사용 적절; 반복 골격이지만 용어별 대표 1문장으로 제한,기명주식이 무엇인지 설명해 주세요.
KO-FIN-00794,199,금융공학·분석,,기본적분석,일반개념,고객,질문,기본적분석은 금융상품을 분석할 때 어떻게 사용되나요?,용어기반,양호,정확,낮음,15,0.426,유지,실제 금융 문맥에서 자연스럽고 용어 사용도 적절함,,최종 유지,실제 금융 문맥에서 자연스러움; 금융용어 사용 적절; 과도한 유사성 낮음,기본적분석은 금융상품을 분석할 때 어떻게 사용되나요?
KO-FIN-00796,199,금융공학·분석,,기본적분석,일반개념,금융기관,안내,기본적분석의 결과는 사용한 가정과 시장 데이터에 따라 달라질 수 있습니다.,용어기반,양호,정확,낮음,15,0.312,유지,실제 금융 문맥에서 자연스럽고 용어 사용도 적절함,,최종 유지,실제 금융 문맥에서 자연스러움; 금융용어 사용 적절; 과도한 유사성 낮음,기본적분석의 결과는 사용한 가정과 시장 데이터에 따라 달라질 수 있습니다.
KO-FIN-00798,200,금융시장·거래,,기세,일반개념,고객,확인,기세과 관련된 시장 정보를 확인하고 싶습니다.,용어기반,미흡,정확(문법 수정),매우 높음,236,0.31,수정 권장,조사 오류: '기세과' → '기세와'; 동일 문장구조가 236회 반복,기세와 관련된 시장 정보를 확인하고 싶습니다.,최종 유지,해당 용어 후보 중 상대적으로 가장 자연스러운 대표 문장; 조사/문법을 자동수정안으로 교정; 반복 골격이지만 용어별 대표 1문장으로 제한,기세와 관련된 시장 정보를 확인하고 싶습니다.
KO-FIN-00802,201,금융공학·분석,,기술적분석,일반개념,고객,질문,기술적분석은 금융상품을 분석할 때 어떻게 사용되나요?,용어기반,양호,정확,낮음,15,0.426,유지,실제 금융 문맥에서 자연스럽고 용어 사용도 적절함,,최종 유지,실제 금융 문맥에서 자연스러움; 금융용어 사용 적절; 과도한 유사성 낮음,기술적분석은 금융상품을 분석할 때 어떻게 사용되나요?
KO-FIN-00804,201,금융공학·분석,,기술적분석,일반개념,금융기관,안내,기술적분석의 결과는 사용한 가정과 시장 데이터에 따라 달라질 수 있습니다.,용어기반,양호,정확,낮음,15,0.312,유지,실제 금융 문맥에서 자연스럽고 용어 사용도 적절함,,최종 유지,실제 금융 문맥에서 자연스러움; 금융용어 사용 적절; 과도한 유사성 낮음,기술적분석의 결과는 사용한 가정과 시장 데이터에 따라 달라질 수 있습니다.
KO-FIN-00806,202,금융기관·은행,,기어링 레이쇼,일반개념,고객,질문,기어링 레이쇼에서 이용할 수 있는 금융업무는 무엇인가요?,용어기반,양호,정확,높음,40,0.471,수정 권장,유사 문장구조 반복(40회) 또는 동일 용어 내 유사도 높음,,최종 유지,실제 금융 문맥에서 자연스러움; 금융용어 사용 적절; 과도한 유사성 낮음,기어링 레이쇼에서 이용할 수 있는 금융업무는 무엇인가요?
KO-FIN-00812,203,기업금융·자본조달,주식 / 자산운용·투자 / 금융시장·거래,기업공개,일반개념,금융기관,안내,기업공개의 세부 조건과 절차는 거래 유형에 따라 달라질 수 있습니다.,용어기반,양호,정확,높음,25,0.485,수정 권장,유사 문장구조 반복(25회) 또는 동일 용어 내 유사도 높음,,최종 유지,실제 금융 문맥에서 자연스러움; 금융용어 사용 적절; 과도한 유사성 낮음,기업공개의 세부 조건과 절차는 거래 유형에 따라 달라질 수 있습니다.
KO-FIN-00814,204,회계·재무,금융법규·감독,기업회계기준,일반개념,고객,확인,기업회계기준을 통해 어떤 정보를 확인할 수 있나요?,용어기반,양호,정확,낮음,16,0.643,유지,실제 금융 문맥에서 자연스럽고 용어 사용도 적절함,,최종 유지,실제 금융 문맥에서 자연스러움; 금융용어 사용 적절; 과도한 유사성 낮음,기업회계기준을 통해 어떤 정보를 확인할 수 있나요?
KO-FIN-00816,204,회계·재무,금융법규·감독,기업회계기준,일반개념,금융기관,안내,기업회계기준은 기준 시점과 작성 기준을 함께 확인해야 합니다.,용어기반,양호,정확,낮음,16,0.387,유지,실제 금융 문맥에서 자연스럽고 용어 사용도 적절함,,최종 유지,실제 금융 문맥에서 자연스러움; 금융용어 사용 적절; 과도한 유사성 낮음,기업회계기준은 기준 시점과 작성 기준을 함께 확인해야 합니다.
KO-FIN-00817,205,법률·계약,,기준일,일반개념,고객,질문,기준일이 금융거래에서 무엇을 의미하나요?,용어기반,양호,정확,높음,36,0.435,유지(대표 1개만),유사 문장구조 반복(36회) 또는 동일 용어 내 유사도 높음,,최종 유지,실제 금융 문맥에서 자연스러움; 금융용어 사용 적절; 과도한 유사성 낮음,기준일이 금융거래에서 무엇을 의미하나요?
KO-FIN-00821,206,채권,금융시장·거래,기채시장,시스템·인프라,고객,질문,기채시장이 무엇인지 설명해 주세요.,용어기반,보통,정확,매우 높음,705,0.348,유지(대표 1개만),동일 문장구조가 705회 반복,,최종 유지,해당 용어 후보 중 상대적으로 가장 자연스러운 대표 문장; 금융용어 사용 적절; 반복 골격이지만 용어별 대표 1문장으로 제한,기채시장이 무엇인지 설명해 주세요.
KO-FIN-00825,207,파생상품,,기초자산,일반개념,고객,질문,기초자산이 무엇인지 쉽게 설명해 주세요.,용어기반,양호,정확,높음,53,0.356,유지(대표 1개만),유사 문장구조 반복(53회) 또는 동일 용어 내 유사도 높음,,최종 유지,실제 금융 문맥에서 자연스러움; 금융용어 사용 적절; 과도한 유사성 낮음,기초자산이 무엇인지 쉽게 설명해 주세요.
KO-FIN-00830,208,국제금융,,기축통화,일반개념,고객,확인,기축통화과 관련된 거래 조건을 확인하고 싶습니다.,용어기반,미흡,정확(문법 수정),낮음,11,0.597,수정 권장,조사 오류: '기축통화과' → '기축통화와',기축통화와 관련된 거래 조건을 확인하고 싶습니다.,최종 유지,해당 용어 후보 중 상대적으로 가장 자연스러운 대표 문장; 조사/문법을 자동수정안으로 교정; 과도한 유사성 낮음,기축통화와 관련된 거래 조건을 확인하고 싶습니다.
KO-FIN-00833,209,증권·예탁,,기한부어음,상품·증권,고객,질문,기한부어음이 무엇인지 설명해 주세요.,용어기반,보통,정확,매우 높음,705,0.531,유지(대표 1개만),동일 문장구조가 705회 반복,,최종 유지,해당 용어 후보 중 상대적으로 가장 자연스러운 대표 문장; 금융용어 사용 적절; 반복 골격이지만 용어별 대표 1문장으로 제한,기한부어음이 무엇인지 설명해 주세요.
KO-FIN-00839,210,자산운용·투자,,기회비용,일반개념,고객,확인,기회비용과 관련된 투자 정보를 확인하고 싶습니다.,용어기반,양호,정확,높음,55,0.5,수정 권장,유사 문장구조 반복(55회) 또는 동일 용어 내 유사도 높음,,최종 유지,실제 금융 문맥에서 자연스러움; 금융용어 사용 적절; 과도한 유사성 낮음,기회비용과 관련된 투자 정보를 확인하고 싶습니다.
KO-FIN-00841,211,금융시장·거래,,나스닥,일반개념,고객,질문,나스닥이 무엇을 의미하나요?,용어기반,보통,정확,매우 높음,303,0.571,유지(대표 1개만),동일 문장구조가 303회 반복,,최종 유지,해당 용어 후보 중 상대적으로 가장 자연스러운 대표 문장; 금융용어 사용 적절; 반복 골격이지만 용어별 대표 1문장으로 제한,나스닥이 무엇을 의미하나요?
KO-FIN-00846,212,회계·재무,,납입자본금,일반개념,고객,확인,납입자본금을 통해 어떤 정보를 확인할 수 있나요?,용어기반,양호,정확,낮음,16,0.63,유지,실제 금융 문맥에서 자연스럽고 용어 사용도 적절함,,최종 유지,실제 금융 문맥에서 자연스러움; 금융용어 사용 적절; 과도한 유사성 낮음,납입자본금을 통해 어떤 정보를 확인할 수 있나요?
KO-FIN-00848,212,회계·재무,,납입자본금,일반개념,금융기관,안내,납입자본금은 기준 시점과 작성 기준을 함께 확인해야 합니다.,용어기반,양호,정확,낮음,16,0.367,유지,실제 금융 문맥에서 자연스럽고 용어 사용도 적절함,,최종 유지,실제 금융 문맥에서 자연스러움; 금융용어 사용 적절; 과도한 유사성 낮음,납입자본금은 기준 시점과 작성 기준을 함께 확인해야 합니다.
KO-FIN-00850,213,증권·예탁,금융시장·거래,납회,일반개념,고객,확인,납회 처리 절차를 확인하고 싶습니다.,용어기반,보통,정확,매우 높음,241,0.609,수정 권장,동일 문장구조가 241회 반복,,최종 유지,해당 용어 후보 중 상대적으로 가장 자연스러운 대표 문장; 금융용어 사용 적절; 반복 골격이지만 용어별 대표 1문장으로 제한,납회 처리 절차를 확인하고 싶습니다.
KO-FIN-00855,214,지급결제·청산,,내부결제,행위·절차,고객,문제,내부결제 과정에서 문제가 발생한 것 같습니다.,용어기반,보통,정확,매우 높음,86,0.511,수정 권장,동일 문장구조가 86회 반복,,최종 유지,해당 용어 후보 중 상대적으로 가장 자연스러운 대표 문장; 금융용어 사용 적절; 과도한 유사성 낮음,내부결제 과정에서 문제가 발생한 것 같습니다.
KO-FIN-00858,215,계좌,,내부금융,일반개념,고객,질문,내부금융은 어디에서 확인할 수 있나요?,용어기반,양호,정확,낮음,7,0.526,유지,실제 금융 문맥에서 자연스럽고 용어 사용도 적절함,,최종 유지,실제 금융 문맥에서 자연스러움; 금융용어 사용 적절; 과도한 유사성 낮음,내부금융은 어디에서 확인할 수 있나요?
KO-FIN-00859,215,계좌,,내부금융,일반개념,고객,문제,내부금융이 정상적으로 표시되지 않습니다.,용어기반,양호,정확,낮음,7,0.526,유지,실제 금융 문맥에서 자연스럽고 용어 사용도 적절함,,최종 유지,실제 금융 문맥에서 자연스러움; 금융용어 사용 적절; 과도한 유사성 낮음,내부금융이 정상적으로 표시되지 않습니다.
KO-FIN-00863,216,자산운용·투자,,내부수익률,지표·개념,고객,확인,내부수익률과 관련된 투자 정보를 확인하고 싶습니다.,용어기반,양호,정확,높음,55,0.515,수정 권장,유사 문장구조 반복(55회) 또는 동일 용어 내 유사도 높음,,최종 유지,실제 금융 문맥에서 자연스러움; 금융용어 사용 적절; 과도한 유사성 낮음,내부수익률과 관련된 투자 정보를 확인하고 싶습니다.
KO-FIN-00867,217,주식,,내부유보,일반개념,고객,상담,내부유보과 관련해 투자 전에 확인해야 할 사항이 있나요?,용어기반,미흡,정확(문법 수정),매우 높음,183,0.493,수정 권장,조사 오류: '내부유보과' → '내부유보와'; 동일 문장구조가 183회 반복,내부유보와 관련해 투자 전에 확인해야 할 사항이 있나요?,최종 유지,해당 용어 후보 중 상대적으로 가장 자연스러운 대표 문장; 조사/문법을 자동수정안으로 교정; 반복 골격이지만 용어별 대표 1문장으로 제한,내부유보와 관련해 투자 전에 확인해야 할 사항이 있나요?
KO-FIN-00870,218,금융시장·거래,자산운용·투자 / 증권·예탁 / 금융법규·감독 / 법률·계약,내부자거래,행위·절차,고객,확인,내부자거래과 관련된 시장 정보를 확인하고 싶습니다.,용어기반,미흡,정확(문법 수정),매우 높음,236,0.375,수정 권장,조사 오류: '내부자거래과' → '내부자거래와'; 동일 문장구조가 236회 반복,내부자거래와 관련된 시장 정보를 확인하고 싶습니다.,최종 유지,해당 용어 후보 중 상대적으로 가장 자연스러운 대표 문장; 조사/문법을 자동수정안으로 교정; 반복 골격이지만 용어별 대표 1문장으로 제한,내부자거래와 관련된 시장 정보를 확인하고 싶습니다.
KO-FIN-00874,219,증권·예탁,,내재가치,지표·개념,고객,확인,내재가치 처리 절차를 확인하고 싶습니다.,용어기반,보통,정확,매우 높음,241,0.64,수정 권장,동일 문장구조가 241회 반복,,최종 유지,해당 용어 후보 중 상대적으로 가장 자연스러운 대표 문장; 금융용어 사용 적절; 반복 골격이지만 용어별 대표 1문장으로 제한,내재가치 처리 절차를 확인하고 싶습니다.
KO-FIN-00879,220,주식,,누적적 우선주,일반개념,고객,상담,누적적 우선주과 관련해 투자 전에 확인해야 할 사항이 있나요?,용어기반,미흡,정확(문법 수정),매우 높음,183,0.533,수정 권장,조사 오류: '누적적 우선주과' → '누적적 우선주와'; 동일 문장구조가 183회 반복,누적적 우선주와 관련해 투자 전에 확인해야 할 사항이 있나요?,최종 유지,해당 용어 후보 중 상대적으로 가장 자연스러운 대표 문장; 조사/문법을 자동수정안으로 교정; 반복 골격이지만 용어별 대표 1문장으로 제한,누적적 우선주와 관련해 투자 전에 확인해야 할 사항이 있나요?
KO-FIN-00883,221,주식,,누적적참가우선주,일반개념,고객,상담,누적적참가우선주과 관련해 투자 전에 확인해야 할 사항이 있나요?,용어기반,미흡,정확(문법 수정),매우 높음,183,0.545,수정 권장,조사 오류: '누적적참가우선주과' → '누적적참가우선주와'; 동일 문장구조가 183회 반복,누적적참가우선주와 관련해 투자 전에 확인해야 할 사항이 있나요?,최종 유지,해당 용어 후보 중 상대적으로 가장 자연스러운 대표 문장; 조사/문법을 자동수정안으로 교정; 반복 골격이지만 용어별 대표 1문장으로 제한,누적적참가우선주와 관련해 투자 전에 확인해야 할 사항이 있나요?
KO-FIN-00887,222,주식,,누적투표제,일반개념,고객,상담,누적투표제과 관련해 투자 전에 확인해야 할 사항이 있나요?,용어기반,미흡,정확(문법 수정),매우 높음,183,0.507,수정 권장,조사 오류: '누적투표제과' → '누적투표제와'; 동일 문장구조가 183회 반복,누적투표제와 관련해 투자 전에 확인해야 할 사항이 있나요?,최종 유지,해당 용어 후보 중 상대적으로 가장 자연스러운 대표 문장; 조사/문법을 자동수정안으로 교정; 반복 골격이지만 용어별 대표 1문장으로 제한,누적투표제와 관련해 투자 전에 확인해야 할 사항이 있나요?
KO-FIN-00891,223,자산운용·투자,,뉴라운드,일반개념,고객,확인,뉴라운드과 관련된 투자 정보를 확인하고 싶습니다.,용어기반,미흡,정확(문법 수정),높음,55,0.5,수정 권장,조사 오류: '뉴라운드과' → '뉴라운드와'; 유사 문장구조 반복(55회) 또는 동일 용어 내 유사도 높음,뉴라운드와 관련된 투자 정보를 확인하고 싶습니다.,최종 유지,해당 용어 후보 중 상대적으로 가장 자연스러운 대표 문장; 조사/문법을 자동수정안으로 교정; 과도한 유사성 낮음,뉴라운드와 관련된 투자 정보를 확인하고 싶습니다.
KO-FIN-00896,224,금융시장·거래,증권·예탁,뉴욕증권거래소,기관·조직,금융기관,안내,뉴욕증권거래소을 확인할 때 시장 상황과 거래 조건을 함께 살펴보세요.,용어기반,미흡,정확(문법 수정),매우 높음,236,0.452,수정 권장,조사 오류: '뉴욕증권거래소을' → '뉴욕증권거래소를'; 동일 문장구조가 236회 반복,뉴욕증권거래소를 확인할 때 시장 상황과 거래 조건을 함께 살펴보세요.,최종 유지,해당 용어 후보 중 상대적으로 가장 자연스러운 대표 문장; 조사/문법을 자동수정안으로 교정; 반복 골격이지만 용어별 대표 1문장으로 제한,뉴욕증권거래소를 확인할 때 시장 상황과 거래 조건을 함께 살펴보세요.
KO-FIN-00898,225,금융시장·거래,주식,니케이 평균지수,지표·개념,고객,확인,니케이 평균지수과 관련된 시장 정보를 확인하고 싶습니다.,용어기반,미흡,정확(문법 수정),매우 높음,236,0.431,수정 권장,조사 오류: '니케이 평균지수과' → '니케이 평균지수와'; 동일 문장구조가 236회 반복,니케이 평균지수와 관련된 시장 정보를 확인하고 싶습니다.,최종 유지,해당 용어 후보 중 상대적으로 가장 자연스러운 대표 문장; 조사/문법을 자동수정안으로 교정; 반복 골격이지만 용어별 대표 1문장으로 제한,니케이 평균지수와 관련된 시장 정보를 확인하고 싶습니다.
KO-FIN-00901,226,지급결제·청산,,다자간 차감,일반개념,고객,질문,다자간 차감이 무엇인지 설명해 주세요.,용어기반,보통,정확,매우 높음,705,0.549,유지(대표 1개만),동일 문장구조가 705회 반복,,최종 유지,해당 용어 후보 중 상대적으로 가장 자연스러운 대표 문장; 금융용어 사용 적절; 반복 골격이지만 용어별 대표 1문장으로 제한,다자간 차감이 무엇인지 설명해 주세요.
KO-FIN-00906,227,금융공학·분석,,다지수모형,일반개념,고객,질문,다지수모형은 금융상품을 분석할 때 어떻게 사용되나요?,용어기반,양호,정확,낮음,15,0.426,유지,실제 금융 문맥에서 자연스럽고 용어 사용도 적절함,,최종 유지,실제 금융 문맥에서 자연스러움; 금융용어 사용 적절; 과도한 유사성 낮음,다지수모형은 금융상품을 분석할 때 어떻게 사용되나요?
KO-FIN-00908,227,금융공학·분석,,다지수모형,일반개념,금융기관,안내,다지수모형의 결과는 사용한 가정과 시장 데이터에 따라 달라질 수 있습니다.,용어기반,양호,정확,낮음,15,0.312,유지,실제 금융 문맥에서 자연스럽고 용어 사용도 적절함,,최종 유지,실제 금융 문맥에서 자연스러움; 금융용어 사용 적절; 과도한 유사성 낮음,다지수모형의 결과는 사용한 가정과 시장 데이터에 따라 달라질 수 있습니다.
KO-FIN-00909,228,금융시장·거래,,단기금융시장 상호기금,일반개념,고객,질문,단기금융시장 상호기금이 무엇을 의미하나요?,용어기반,보통,정확,매우 높음,303,0.706,유지(대표 1개만),동일 문장구조가 303회 반복,,최종 유지,해당 용어 후보 중 상대적으로 가장 자연스러운 대표 문장; 금융용어 사용 적절; 반복 골격이지만 용어별 대표 1문장으로 제한,단기금융시장 상호기금이 무엇을 의미하나요?
KO-FIN-00913,229,금융시장·거래,대출,단기금융시장,시스템·인프라,고객,질문,단기금융시장이 무엇을 의미하나요?,용어기반,보통,정확,매우 높음,303,0.634,유지(대표 1개만),동일 문장구조가 303회 반복,,최종 유지,해당 용어 후보 중 상대적으로 가장 자연스러운 대표 문장; 금융용어 사용 적절; 반복 골격이지만 용어별 대표 1문장으로 제한,단기금융시장이 무엇을 의미하나요?
KO-FIN-00918,230,채권,,단기채,일반개념,고객,확인,단기채의 조건과 수익 구조를 확인하고 싶습니다.,용어기반,보통,정확,매우 높음,115,0.385,수정 권장,동일 문장구조가 115회 반복,,최종 유지,해당 용어 후보 중 상대적으로 가장 자연스러운 대표 문장; 금융용어 사용 적절; 반복 골격이지만 용어별 대표 1문장으로 제한,단기채의 조건과 수익 구조를 확인하고 싶습니다.
KO-FIN-00921,231,주식,,단독주주권,일반개념,고객,질문,단독주주권이 무엇인지 설명해 주세요.,용어기반,보통,정확,매우 높음,705,0.4,유지(대표 1개만),동일 문장구조가 705회 반복,,최종 유지,해당 용어 후보 중 상대적으로 가장 자연스러운 대표 문장; 금융용어 사용 적절; 반복 골격이지만 용어별 대표 1문장으로 제한,단독주주권이 무엇인지 설명해 주세요.
KO-FIN-00926,232,증권·예탁,지급결제·청산,단순보관연계,일반개념,고객,확인,단순보관연계 처리 절차를 확인하고 싶습니다.,용어기반,보통,정확,매우 높음,241,0.667,수정 권장,동일 문장구조가 241회 반복,,최종 유지,해당 용어 후보 중 상대적으로 가장 자연스러운 대표 문장; 금융용어 사용 적절; 반복 골격이지만 용어별 대표 1문장으로 제한,단순보관연계 처리 절차를 확인하고 싶습니다.
KO-FIN-00931,233,주식,,단순주가지수,지표·개념,고객,상담,단순주가지수과 관련해 투자 전에 확인해야 할 사항이 있나요?,용어기반,미흡,정확(문법 수정),매우 높음,183,0.521,수정 권장,조사 오류: '단순주가지수과' → '단순주가지수와'; 동일 문장구조가 183회 반복,단순주가지수와 관련해 투자 전에 확인해야 할 사항이 있나요?,최종 유지,해당 용어 후보 중 상대적으로 가장 자연스러운 대표 문장; 조사/문법을 자동수정안으로 교정; 반복 골격이지만 용어별 대표 1문장으로 제한,단순주가지수와 관련해 투자 전에 확인해야 할 사항이 있나요?
KO-FIN-00933,234,주식,,단순주가평균,일반개념,고객,질문,단순주가평균이 무엇인지 설명해 주세요.,용어기반,보통,정확,매우 높음,705,0.426,유지(대표 1개만),동일 문장구조가 705회 반복,,최종 유지,해당 용어 후보 중 상대적으로 가장 자연스러운 대표 문장; 금융용어 사용 적절; 반복 골격이지만 용어별 대표 1문장으로 제한,단순주가평균이 무엇인지 설명해 주세요.
KO-FIN-00939,235,펀드·신탁,자산운용·투자,단위형 투자신탁,상품·증권,고객,상담,단위형 투자신탁에 가입하기 전에 어떤 점을 확인해야 하나요?,용어기반,양호,정확,높음,52,0.536,수정 권장,유사 문장구조 반복(52회) 또는 동일 용어 내 유사도 높음,,최종 유지,실제 금융 문맥에서 자연스러움; 금융용어 사용 적절; 과도한 유사성 낮음,단위형 투자신탁에 가입하기 전에 어떤 점을 확인해야 하나요?
KO-FIN-00942,236,금융공학·분석,,단일지수모형,일반개념,고객,질문,단일지수모형은 금융상품을 분석할 때 어떻게 사용되나요?,용어기반,양호,정확,낮음,15,0.444,유지,실제 금융 문맥에서 자연스럽고 용어 사용도 적절함,,최종 유지,실제 금융 문맥에서 자연스러움; 금융용어 사용 적절; 과도한 유사성 낮음,단일지수모형은 금융상품을 분석할 때 어떻게 사용되나요?
KO-FIN-00944,236,금융공학·분석,,단일지수모형,일반개념,금융기관,안내,단일지수모형의 결과는 사용한 가정과 시장 데이터에 따라 달라질 수 있습니다.,용어기반,양호,정확,낮음,15,0.333,유지,실제 금융 문맥에서 자연스럽고 용어 사용도 적절함,,최종 유지,실제 금융 문맥에서 자연스러움; 금융용어 사용 적절; 과도한 유사성 낮음,단일지수모형의 결과는 사용한 가정과 시장 데이터에 따라 달라질 수 있습니다.
KO-FIN-00946,237,금융시장·거래,주식,단주,일반개념,고객,확인,단주과 관련된 시장 정보를 확인하고 싶습니다.,용어기반,미흡,정확(문법 수정),매우 높음,236,0.31,수정 권장,조사 오류: '단주과' → '단주와'; 동일 문장구조가 236회 반복,단주와 관련된 시장 정보를 확인하고 싶습니다.,최종 유지,해당 용어 후보 중 상대적으로 가장 자연스러운 대표 문장; 조사/문법을 자동수정안으로 교정; 반복 골격이지만 용어별 대표 1문장으로 제한,단주와 관련된 시장 정보를 확인하고 싶습니다.
KO-FIN-00949,238,금융시장·거래,주식,단주매각대금,일반개념,고객,질문,단주매각대금이 무엇을 의미하나요?,용어기반,보통,정확,매우 높음,303,0.634,유지(대표 1개만),동일 문장구조가 303회 반복,,최종 유지,해당 용어 후보 중 상대적으로 가장 자연스러운 대표 문장; 금융용어 사용 적절; 반복 골격이지만 용어별 대표 1문장으로 제한,단주매각대금이 무엇을 의미하나요?
KO-FIN-00954,239,금융시장·거래,채권 / 증권·예탁,담보거래,행위·절차,고객,확인,담보거래과 관련된 시장 정보를 확인하고 싶습니다.,용어기반,미흡,정확(문법 수정),매우 높음,236,0.355,수정 권장,조사 오류: '담보거래과' → '담보거래와'; 동일 문장구조가 236회 반복,담보거래와 관련된 시장 정보를 확인하고 싶습니다.,최종 유지,해당 용어 후보 중 상대적으로 가장 자연스러운 대표 문장; 조사/문법을 자동수정안으로 교정; 반복 골격이지만 용어별 대표 1문장으로 제한,담보거래와 관련된 시장 정보를 확인하고 싶습니다.
KO-FIN-00958,240,증권·예탁,,담보관리제도,법규·제도,고객,확인,담보관리제도 처리 절차를 확인하고 싶습니다.,용어기반,보통,정확,매우 높음,241,0.667,수정 권장,동일 문장구조가 241회 반복,,최종 유지,해당 용어 후보 중 상대적으로 가장 자연스러운 대표 문장; 금융용어 사용 적절; 반복 골격이지만 용어별 대표 1문장으로 제한,담보관리제도 처리 절차를 확인하고 싶습니다.
KO-FIN-00961,241,증권·예탁,,담보물,일반개념,고객,질문,담보물이 무엇인지 설명해 주세요.,용어기반,보통,정확,매우 높음,705,0.489,유지(대표 1개만),동일 문장구조가 705회 반복,,최종 유지,해당 용어 후보 중 상대적으로 가장 자연스러운 대표 문장; 금융용어 사용 적절; 반복 골격이지만 용어별 대표 1문장으로 제한,담보물이 무엇인지 설명해 주세요.
KO-FIN-00966,242,채권,,담보부사채,상품·증권,고객,확인,담보부사채의 조건과 수익 구조를 확인하고 싶습니다.,용어기반,보통,정확,매우 높음,115,0.429,수정 권장,동일 문장구조가 115회 반복,,최종 유지,해당 용어 후보 중 상대적으로 가장 자연스러운 대표 문장; 금융용어 사용 적절; 반복 골격이지만 용어별 대표 1문장으로 제한,담보부사채의 조건과 수익 구조를 확인하고 싶습니다.
KO-FIN-00969,243,증권·예탁,,담보유가증권,상품·증권,고객,질문,담보유가증권이 무엇인지 설명해 주세요.,용어기반,보통,정확,매우 높음,705,0.549,유지(대표 1개만),동일 문장구조가 705회 반복,,최종 유지,해당 용어 후보 중 상대적으로 가장 자연스러운 대표 문장; 금융용어 사용 적절; 반복 골격이지만 용어별 대표 1문장으로 제한,담보유가증권이 무엇인지 설명해 주세요.
KO-FIN-00975,244,자산운용·투자,증권·예탁,담보유지비율,지표·개념,고객,확인,담보유지비율과 관련된 투자 정보를 확인하고 싶습니다.,용어기반,양호,정확,높음,55,0.529,수정 권장,유사 문장구조 반복(55회) 또는 동일 용어 내 유사도 높음,,최종 유지,실제 금융 문맥에서 자연스러움; 금융용어 사용 적절; 과도한 유사성 낮음,담보유지비율과 관련된 투자 정보를 확인하고 싶습니다.
KO-FIN-00978,245,금융시장·거래,지급결제·청산,당일결제거래,행위·절차,고객,확인,당일결제거래과 관련된 시장 정보를 확인하고 싶습니다.,용어기반,미흡,정확(문법 수정),매우 높음,236,0.394,수정 권장,조사 오류: '당일결제거래과' → '당일결제거래와'; 동일 문장구조가 236회 반복,당일결제거래와 관련된 시장 정보를 확인하고 싶습니다.,최종 유지,해당 용어 후보 중 상대적으로 가장 자연스러운 대표 문장; 조사/문법을 자동수정안으로 교정; 반복 골격이지만 용어별 대표 1문장으로 제한,당일결제거래와 관련된 시장 정보를 확인하고 싶습니다.
KO-FIN-00981,246,지급결제·청산,,당일자금,일반개념,고객,질문,당일자금이 무엇인지 설명해 주세요.,용어기반,보통,정확,매우 높음,705,0.511,유지(대표 1개만),동일 문장구조가 705회 반복,,최종 유지,해당 용어 후보 중 상대적으로 가장 자연스러운 대표 문장; 금융용어 사용 적절; 반복 골격이지만 용어별 대표 1문장으로 제한,당일자금이 무엇인지 설명해 주세요.
KO-FIN-00988,247,대출,,당좌대월,일반개념,은행,안내,당좌대월은 심사 결과에 따라 이용 가능 여부가 달라질 수 있습니다.,용어기반,양호,정확,높음,35,0.429,수정 권장,유사 문장구조 반복(35회) 또는 동일 용어 내 유사도 높음,,최종 유지,실제 금융 문맥에서 자연스러움; 금융용어 사용 적절; 과도한 유사성 낮음,당좌대월은 심사 결과에 따라 이용 가능 여부가 달라질 수 있습니다.
KO-FIN-00992,248,대출,,당좌차월,일반개념,은행,안내,당좌차월은 심사 결과에 따라 이용 가능 여부가 달라질 수 있습니다.,용어기반,양호,정확,높음,35,0.429,수정 권장,유사 문장구조 반복(35회) 또는 동일 용어 내 유사도 높음,,최종 유지,실제 금융 문맥에서 자연스러움; 금융용어 사용 적절; 과도한 유사성 낮음,당좌차월은 심사 결과에 따라 이용 가능 여부가 달라질 수 있습니다.
KO-FIN-00993,249,증권·예탁,,대권,일반개념,고객,질문,대권이 무엇인지 설명해 주세요.,용어기반,보통,정확,매우 높음,705,0.465,유지(대표 1개만),동일 문장구조가 705회 반복,,최종 유지,해당 용어 후보 중 상대적으로 가장 자연스러운 대표 문장; 금융용어 사용 적절; 반복 골격이지만 용어별 대표 1문장으로 제한,대권이 무엇인지 설명해 주세요.
KO-FIN-00999,250,지급결제·청산,신용·리스크,대금지급보증시스템,시스템·인프라,고객,문제,대금지급보증시스템 과정에서 문제가 발생한 것 같습니다.,용어기반,보통,정확,매우 높음,86,0.596,수정 권장,동일 문장구조가 86회 반복,,최종 유지,해당 용어 후보 중 상대적으로 가장 자연스러운 대표 문장; 금융용어 사용 적절; 과도한 유사성 낮음,대금지급보증시스템 과정에서 문제가 발생한 것 같습니다.
KO-FIN-01003,251,지급결제·청산,,대기시스템,시스템·인프라,고객,문제,대기시스템 과정에서 문제가 발생한 것 같습니다.,용어기반,보통,정확,매우 높음,86,0.531,수정 권장,동일 문장구조가 86회 반복,,최종 유지,해당 용어 후보 중 상대적으로 가장 자연스러운 대표 문장; 금융용어 사용 적절; 과도한 유사성 낮음,대기시스템 과정에서 문제가 발생한 것 같습니다.
KO-FIN-01006,252,금융시장·거래,,대량매매,행위·절차,고객,확인,대량매매과 관련된 시장 정보를 확인하고 싶습니다.,용어기반,미흡,정확(문법 수정),매우 높음,236,0.355,수정 권장,조사 오류: '대량매매과' → '대량매매와'; 동일 문장구조가 236회 반복,대량매매와 관련된 시장 정보를 확인하고 싶습니다.,최종 유지,해당 용어 후보 중 상대적으로 가장 자연스러운 대표 문장; 조사/문법을 자동수정안으로 교정; 반복 골격이지만 용어별 대표 1문장으로 제한,대량매매와 관련된 시장 정보를 확인하고 싶습니다.
KO-FIN-01010,253,주식,금융법규·감독 / 자산운용·투자 / 금융시장·거래,대량주식보유상황공시제도,법규·제도,고객,확인,대량주식보유상황공시제도과 관련된 정보를 확인하고 싶습니다.,용어기반,미흡,정확(문법 수정),매우 높음,183,0.615,수정 권장,조사 오류: '대량주식보유상황공시제도과' → '대량주식보유상황공시제도와'; 동일 문장구조가 183회 반복,대량주식보유상황공시제도와 관련된 정보를 확인하고 싶습니다.,최종 유지,해당 용어 후보 중 상대적으로 가장 자연스러운 대표 문장; 조사/문법을 자동수정안으로 교정; 반복 골격이지만 용어별 대표 1문장으로 제한,대량주식보유상황공시제도와 관련된 정보를 확인하고 싶습니다.
KO-FIN-01013,254,주식,금융법규·감독,대량주식소유의 제한,일반개념,고객,질문,대량주식소유의 제한이 무엇인지 설명해 주세요.,용어기반,보통,정확,매우 높음,705,0.509,유지(대표 1개만),동일 문장구조가 705회 반복,,최종 유지,해당 용어 후보 중 상대적으로 가장 자연스러운 대표 문장; 금융용어 사용 적절; 반복 골격이지만 용어별 대표 1문장으로 제한,대량주식소유의 제한이 무엇인지 설명해 주세요.
KO-FIN-01018,255,이체,,대변이체시스템,시스템·인프라,고객,질문,대변이체시스템을 이용하려면 어떻게 해야 하나요?,용어기반,양호,정확,낮음,8,0.489,유지,실제 금융 문맥에서 자연스럽고 용어 사용도 적절함,,최종 유지,실제 금융 문맥에서 자연스러움; 금융용어 사용 적절; 과도한 유사성 낮음,대변이체시스템을 이용하려면 어떻게 해야 하나요?
KO-FIN-01020,255,이체,,대변이체시스템,시스템·인프라,은행,안내,대변이체시스템을 진행하기 전에 입력한 정보를 다시 확인해 주세요.,용어기반,양호,정확,낮음,8,0.545,유지,실제 금융 문맥에서 자연스럽고 용어 사용도 적절함,,최종 유지,실제 금융 문맥에서 자연스러움; 금융용어 사용 적절; 과도한 유사성 낮음,대변이체시스템을 진행하기 전에 입력한 정보를 다시 확인해 주세요.
KO-FIN-01021,256,금융시장·거래,,대용가격,지표·개념,고객,질문,대용가격이 무엇을 의미하나요?,용어기반,보통,정확,매우 높음,303,0.595,유지(대표 1개만),동일 문장구조가 303회 반복,,최종 유지,해당 용어 후보 중 상대적으로 가장 자연스러운 대표 문장; 금융용어 사용 적절; 반복 골격이지만 용어별 대표 1문장으로 제한,대용가격이 무엇을 의미하나요?
KO-FIN-01025,257,파생상품,증권·예탁 / 금융시장·거래,대용증거금 필요액,일반개념,고객,질문,대용증거금 필요액이 무엇인지 쉽게 설명해 주세요.,용어기반,양호,정확,높음,53,0.473,유지(대표 1개만),유사 문장구조 반복(53회) 또는 동일 용어 내 유사도 높음,,최종 유지,실제 금융 문맥에서 자연스러움; 금융용어 사용 적절; 과도한 유사성 낮음,대용증거금 필요액이 무엇인지 쉽게 설명해 주세요.
KO-FIN-01029,258,증권·예탁,금융시장·거래 / 주식,대용증권,상품·증권,고객,질문,대용증권이 무엇인지 설명해 주세요.,용어기반,보통,정확,매우 높음,705,0.511,유지(대표 1개만),동일 문장구조가 705회 반복,,최종 유지,해당 용어 후보 중 상대적으로 가장 자연스러운 대표 문장; 금융용어 사용 적절; 반복 골격이지만 용어별 대표 1문장으로 제한,대용증권이 무엇인지 설명해 주세요.
KO-FIN-01035,259,대출,금융시장·거래,대주,일반개념,고객,요청,대주에 대해 상담받고 싶습니다.,용어기반,양호,정확,높음,40,0.522,수정 권장,유사 문장구조 반복(40회) 또는 동일 용어 내 유사도 높음,,최종 유지,실제 금융 문맥에서 자연스러움; 금융용어 사용 적절; 과도한 유사성 낮음,대주에 대해 상담받고 싶습니다.
KO-FIN-01037,260,금융시장·거래,주식,대주비율,지표·개념,고객,질문,대주비율이 무엇을 의미하나요?,용어기반,보통,정확,매우 높음,303,0.595,유지(대표 1개만),동일 문장구조가 303회 반복,,최종 유지,해당 용어 후보 중 상대적으로 가장 자연스러운 대표 문장; 금융용어 사용 적절; 반복 골격이지만 용어별 대표 1문장으로 제한,대주비율이 무엇을 의미하나요?
KO-FIN-01042,261,주식,,대주주,사람·역할,고객,확인,대주주과 관련된 정보를 확인하고 싶습니다.,용어기반,미흡,정확(문법 수정),매우 높음,183,0.5,수정 권장,조사 오류: '대주주과' → '대주주와'; 동일 문장구조가 183회 반복,대주주와 관련된 정보를 확인하고 싶습니다.,최종 유지,해당 용어 후보 중 상대적으로 가장 자연스러운 대표 문장; 조사/문법을 자동수정안으로 교정; 반복 골격이지만 용어별 대표 1문장으로 제한,대주주와 관련된 정보를 확인하고 싶습니다.
KO-FIN-01047,262,대출,증권·예탁,대차수수료,일반개념,고객,요청,대차수수료에 대해 상담받고 싶습니다.,용어기반,양호,정확,높음,40,0.577,수정 권장,유사 문장구조 반복(40회) 또는 동일 용어 내 유사도 높음,,최종 유지,실제 금융 문맥에서 자연스러움; 금융용어 사용 적절; 과도한 유사성 낮음,대차수수료에 대해 상담받고 싶습니다.
KO-FIN-01049,263,금융시장·거래,,대체거래시스템,시스템·인프라,고객,질문,대체거래시스템이 무엇을 의미하나요?,용어기반,보통,정확,매우 높음,303,0.651,유지(대표 1개만),동일 문장구조가 303회 반복,,최종 유지,해당 용어 후보 중 상대적으로 가장 자연스러운 대표 문장; 금융용어 사용 적절; 반복 골격이지만 용어별 대표 1문장으로 제한,대체거래시스템이 무엇을 의미하나요?
KO-FIN-01053,264,지급결제·청산,증권·예탁 / 금융시장·거래 / 자산운용·투자,대체결제제도,법규·제도,고객,질문,대체결제제도이 무엇인지 설명해 주세요.,용어기반,미흡,정확(문법 수정),매우 높음,705,0.549,수정 권장,조사 오류: '대체결제제도이' → '대체결제제도가'; 동일 문장구조가 705회 반복,대체결제제도가 무엇인지 설명해 주세요.,최종 유지,해당 용어 후보 중 상대적으로 가장 자연스러운 대표 문장; 조사/문법을 자동수정안으로 교정; 반복 골격이지만 용어별 대표 1문장으로 제한,대체결제제도가 무엇인지 설명해 주세요.
KO-FIN-01057,265,증권·예탁,,대체물/대체성,일반개념,고객,질문,대체물/대체성이 무엇인지 설명해 주세요.,용어기반,보통,정확,매우 높음,705,0.566,유지(대표 1개만),동일 문장구조가 705회 반복,,최종 유지,해당 용어 후보 중 상대적으로 가장 자연스러운 대표 문장; 금융용어 사용 적절; 반복 골격이지만 용어별 대표 1문장으로 제한,대체물/대체성이 무엇인지 설명해 주세요.
KO-FIN-01063,266,신용·리스크,,대체비용위험,지표·개념,고객,상담,대체비용위험을 줄이려면 어떤 점을 확인해야 하나요?,용어기반,양호,정확,높음,22,0.604,수정 권장,유사 문장구조 반복(22회) 또는 동일 용어 내 유사도 높음,,최종 유지,실제 금융 문맥에서 자연스러움; 금융용어 사용 적절; 과도한 유사성 낮음,대체비용위험을 줄이려면 어떤 점을 확인해야 하나요?
KO-FIN-01064,266,신용·리스크,,대체비용위험,지표·개념,금융기관,주의,대체비용위험은 거래 조건이나 이용 가능 여부에 영향을 줄 수 있습니다.,용어기반,양호,정확,높음,22,0.469,수정 권장,유사 문장구조 반복(22회) 또는 동일 용어 내 유사도 높음,,최종 유지,실제 금융 문맥에서 자연스러움; 금융용어 사용 적절; 과도한 유사성 낮음,대체비용위험은 거래 조건이나 이용 가능 여부에 영향을 줄 수 있습니다.
KO-FIN-01065,267,주식,법률·계약,대표소송,일반개념,고객,질문,대표소송이 무엇인지 설명해 주세요.,용어기반,보통,정확,매우 높음,705,0.372,유지(대표 1개만),동일 문장구조가 705회 반복,,최종 유지,해당 용어 후보 중 상대적으로 가장 자연스러운 대표 문장; 금융용어 사용 적절; 반복 골격이지만 용어별 대표 1문장으로 제한,대표소송이 무엇인지 설명해 주세요.
KO-FIN-01069,268,채권,자산운용·투자,대표채권,상품·증권,고객,질문,대표채권이 무엇인지 설명해 주세요.,용어기반,보통,정확,매우 높음,705,0.348,유지(대표 1개만),동일 문장구조가 705회 반복,,최종 유지,해당 용어 후보 중 상대적으로 가장 자연스러운 대표 문장; 금융용어 사용 적절; 반복 골격이지만 용어별 대표 1문장으로 제한,대표채권이 무엇인지 설명해 주세요.
KO-FIN-01073,269,법률·계약,증권·예탁 / 펀드·신탁 / 주식,대행업무 수탁계약,일반개념,고객,질문,대행업무 수탁계약이 금융거래에서 무엇을 의미하나요?,용어기반,양호,정확,높음,36,0.552,유지(대표 1개만),유사 문장구조 반복(36회) 또는 동일 용어 내 유사도 높음,,최종 유지,실제 금융 문맥에서 자연스러움; 금융용어 사용 적절; 과도한 유사성 낮음,대행업무 수탁계약이 금융거래에서 무엇을 의미하나요?
KO-FIN-01079,270,주식,,데드크로스,일반개념,고객,상담,데드크로스과 관련해 투자 전에 확인해야 할 사항이 있나요?,용어기반,미흡,정확(문법 수정),매우 높음,183,0.507,수정 권장,조사 오류: '데드크로스과' → '데드크로스와'; 동일 문장구조가 183회 반복,데드크로스와 관련해 투자 전에 확인해야 할 사항이 있나요?,최종 유지,해당 용어 후보 중 상대적으로 가장 자연스러운 대표 문장; 조사/문법을 자동수정안으로 교정; 반복 골격이지만 용어별 대표 1문장으로 제한,데드크로스와 관련해 투자 전에 확인해야 할 사항이 있나요?
KO-FIN-01083,271,주식,금융시장·거래 / 증권·예탁,독일증권시장의 주가지수,지표·개념,고객,상담,독일증권시장의 주가지수과 관련해 투자 전에 확인해야 할 사항이 있나요?,용어기반,미흡,정확(문법 수정),매우 높음,183,0.592,수정 권장,조사 오류: '독일증권시장의 주가지수과' → '독일증권시장의 주가지수와'; 동일 문장구조가 183회 반복,독일증권시장의 주가지수와 관련해 투자 전에 확인해야 할 사항이 있나요?,최종 유지,해당 용어 후보 중 상대적으로 가장 자연스러운 대표 문장; 조사/문법을 자동수정안으로 교정; 반복 골격이지만 용어별 대표 1문장으로 제한,독일증권시장의 주가지수와 관련해 투자 전에 확인해야 할 사항이 있나요?
KO-FIN-01086,272,금융시장·거래,,동시호가,일반개념,고객,확인,동시호가과 관련된 시장 정보를 확인하고 싶습니다.,용어기반,미흡,정확(문법 수정),매우 높음,236,0.355,수정 권장,조사 오류: '동시호가과' → '동시호가와'; 동일 문장구조가 236회 반복,동시호가와 관련된 시장 정보를 확인하고 싶습니다.,최종 유지,해당 용어 후보 중 상대적으로 가장 자연스러운 대표 문장; 조사/문법을 자동수정안으로 교정; 반복 골격이지만 용어별 대표 1문장으로 제한,동시호가와 관련된 시장 정보를 확인하고 싶습니다.
KO-FIN-01090,273,주식,증권·예탁,동일주주,사람·역할,고객,확인,동일주주과 관련된 정보를 확인하고 싶습니다.,용어기반,미흡,정확(문법 수정),매우 높음,183,0.516,수정 권장,조사 오류: '동일주주과' → '동일주주와'; 동일 문장구조가 183회 반복,동일주주와 관련된 정보를 확인하고 싶습니다.,최종 유지,해당 용어 후보 중 상대적으로 가장 자연스러운 대표 문장; 조사/문법을 자동수정안으로 교정; 반복 골격이지만 용어별 대표 1문장으로 제한,동일주주와 관련된 정보를 확인하고 싶습니다.
KO-FIN-01095,274,주식,금융시장·거래,동증주가지수,지표·개념,고객,상담,동증주가지수과 관련해 투자 전에 확인해야 할 사항이 있나요?,용어기반,미흡,정확(문법 수정),매우 높음,183,0.521,수정 권장,조사 오류: '동증주가지수과' → '동증주가지수와'; 동일 문장구조가 183회 반복,동증주가지수와 관련해 투자 전에 확인해야 할 사항이 있나요?,최종 유지,해당 용어 후보 중 상대적으로 가장 자연스러운 대표 문장; 조사/문법을 자동수정안으로 교정; 반복 골격이지만 용어별 대표 1문장으로 제한,동증주가지수와 관련해 투자 전에 확인해야 할 사항이 있나요?
KO-FIN-01098,275,금융공학·분석,,듀레이션,일반개념,고객,질문,듀레이션은 금융상품을 분석할 때 어떻게 사용되나요?,용어기반,양호,정확,낮음,15,0.407,유지,실제 금융 문맥에서 자연스럽고 용어 사용도 적절함,,최종 유지,실제 금융 문맥에서 자연스러움; 금융용어 사용 적절; 과도한 유사성 낮음,듀레이션은 금융상품을 분석할 때 어떻게 사용되나요?
KO-FIN-01100,275,금융공학·분석,,듀레이션,일반개념,금융기관,안내,듀레이션의 결과는 사용한 가정과 시장 데이터에 따라 달라질 수 있습니다.,용어기반,양호,정확,낮음,15,0.29,유지,실제 금융 문맥에서 자연스럽고 용어 사용도 적절함,,최종 유지,실제 금융 문맥에서 자연스러움; 금융용어 사용 적절; 과도한 유사성 낮음,듀레이션의 결과는 사용한 가정과 시장 데이터에 따라 달라질 수 있습니다.
KO-FIN-01102,276,세금,,등가수익률,지표·개념,고객,질문,등가수익률의 적용 기준을 알려주세요.,용어기반,양호,정확,낮음,11,0.462,유지,실제 금융 문맥에서 자연스럽고 용어 사용도 적절함,,최종 유지,실제 금융 문맥에서 자연스러움; 금융용어 사용 적절; 과도한 유사성 낮음,등가수익률의 적용 기준을 알려주세요.
KO-FIN-01104,276,세금,,등가수익률,지표·개념,금융기관,안내,등가수익률의 적용 여부는 거래 유형과 세법에 따라 달라질 수 있습니다.,용어기반,양호,정확,낮음,11,0.448,유지,실제 금융 문맥에서 자연스럽고 용어 사용도 적절함,,최종 유지,실제 금융 문맥에서 자연스러움; 금융용어 사용 적절; 과도한 유사성 낮음,등가수익률의 적용 여부는 거래 유형과 세법에 따라 달라질 수 있습니다.
KO-FIN-01105,277,증권·예탁,채권,등록기관,기관·조직,고객,질문,등록기관이 무엇인지 설명해 주세요.,용어기반,보통,정확,매우 높음,705,0.511,유지(대표 1개만),동일 문장구조가 705회 반복,,최종 유지,해당 용어 후보 중 상대적으로 가장 자연스러운 대표 문장; 금융용어 사용 적절; 반복 골격이지만 용어별 대표 1문장으로 제한,등록기관이 무엇인지 설명해 주세요.
KO-FIN-01109,278,법률·계약,금융시장·거래 / 증권·예탁,등록대리인,사람·역할,고객,질문,등록대리인이 금융거래에서 무엇을 의미하나요?,용어기반,양호,정확,높음,36,0.48,유지(대표 1개만),유사 문장구조 반복(36회) 또는 동일 용어 내 유사도 높음,,최종 유지,실제 금융 문맥에서 자연스러움; 금융용어 사용 적절; 과도한 유사성 낮음,등록대리인이 금융거래에서 무엇을 의미하나요?
KO-FIN-01113,279,증권·예탁,펀드·신탁 / 금융시장·거래 / 금융법규·감독 / 채권,등록법인,사람·역할,고객,질문,등록법인이 무엇인지 설명해 주세요.,용어기반,보통,정확,매우 높음,705,0.511,유지(대표 1개만),동일 문장구조가 705회 반복,,최종 유지,해당 용어 후보 중 상대적으로 가장 자연스러운 대표 문장; 금융용어 사용 적절; 반복 골격이지만 용어별 대표 1문장으로 제한,등록법인이 무엇인지 설명해 주세요.
KO-FIN-01117,280,주식,금융법규·감독,등록질,일반개념,고객,질문,등록질이 무엇인지 설명해 주세요.,용어기반,보통,정확,매우 높음,705,0.341,유지(대표 1개만),동일 문장구조가 705회 반복,,최종 유지,해당 용어 후보 중 상대적으로 가장 자연스러운 대표 문장; 금융용어 사용 적절; 반복 골격이지만 용어별 대표 1문장으로 제한,등록질이 무엇인지 설명해 주세요.
KO-FIN-01121,281,채권,,등록채권,상품·증권,고객,질문,등록채권이 무엇인지 설명해 주세요.,용어기반,보통,정확,매우 높음,705,0.348,유지(대표 1개만),동일 문장구조가 705회 반복,,최종 유지,해당 용어 후보 중 상대적으로 가장 자연스러운 대표 문장; 금융용어 사용 적절; 반복 골격이지만 용어별 대표 1문장으로 제한,등록채권이 무엇인지 설명해 주세요.
KO-FIN-01126,282,채권,,"등록필증, 등록필통지서",일반개념,고객,확인,"등록필증, 등록필통지서의 조건과 수익 구조를 확인하고 싶습니다.",용어기반,보통,정확,매우 높음,115,0.543,수정 권장,동일 문장구조가 115회 반복,,최종 유지,해당 용어 후보 중 상대적으로 가장 자연스러운 대표 문장; 금융용어 사용 적절; 반복 골격이지만 용어별 대표 1문장으로 제한,"등록필증, 등록필통지서의 조건과 수익 구조를 확인하고 싶습니다."
KO-FIN-01130,283,금융시장·거래,,디스카운트 브로커,일반개념,고객,확인,디스카운트 브로커과 관련된 시장 정보를 확인하고 싶습니다.,용어기반,미흡,정확(문법 수정),매우 높음,236,0.453,수정 권장,조사 오류: '디스카운트 브로커과' → '디스카운트 브로커와'; 동일 문장구조가 236회 반복,디스카운트 브로커와 관련된 시장 정보를 확인하고 싶습니다.,최종 유지,해당 용어 후보 중 상대적으로 가장 자연스러운 대표 문장; 조사/문법을 자동수정안으로 교정; 반복 골격이지만 용어별 대표 1문장으로 제한,디스카운트 브로커와 관련된 시장 정보를 확인하고 싶습니다.
KO-FIN-01136,284,금융시장·거래,증권·예탁,딜러,사람·역할,금융기관,안내,딜러을 확인할 때 시장 상황과 거래 조건을 함께 살펴보세요.,용어기반,미흡,정확(문법 수정),매우 높음,236,0.346,수정 권장,조사 오류: '딜러을' → '딜러를'; 동일 문장구조가 236회 반복,딜러를 확인할 때 시장 상황과 거래 조건을 함께 살펴보세요.,최종 유지,해당 용어 후보 중 상대적으로 가장 자연스러운 대표 문장; 조사/문법을 자동수정안으로 교정; 반복 골격이지만 용어별 대표 1문장으로 제한,딜러를 확인할 때 시장 상황과 거래 조건을 함께 살펴보세요.
KO-FIN-01138,285,금융공학·분석,,랜덤워크가설,일반개념,고객,질문,랜덤워크가설은 금융상품을 분석할 때 어떻게 사용되나요?,용어기반,양호,정확,낮음,15,0.444,유지,실제 금융 문맥에서 자연스럽고 용어 사용도 적절함,,최종 유지,실제 금융 문맥에서 자연스러움; 금융용어 사용 적절; 과도한 유사성 낮음,랜덤워크가설은 금융상품을 분석할 때 어떻게 사용되나요?
KO-FIN-01140,285,금융공학·분석,,랜덤워크가설,일반개념,금융기관,안내,랜덤워크가설의 결과는 사용한 가정과 시장 데이터에 따라 달라질 수 있습니다.,용어기반,양호,정확,낮음,15,0.333,유지,실제 금융 문맥에서 자연스럽고 용어 사용도 적절함,,최종 유지,실제 금융 문맥에서 자연스러움; 금융용어 사용 적절; 과도한 유사성 낮음,랜덤워크가설의 결과는 사용한 가정과 시장 데이터에 따라 달라질 수 있습니다.
KO-FIN-01143,286,자산운용·투자,,랩 어카운트,일반개념,고객,확인,랩 어카운트과 관련된 투자 정보를 확인하고 싶습니다.,용어기반,미흡,정확(문법 수정),높음,55,0.529,수정 권장,조사 오류: '랩 어카운트과' → '랩 어카운트와'; 유사 문장구조 반복(55회) 또는 동일 용어 내 유사도 높음,랩 어카운트와 관련된 투자 정보를 확인하고 싶습니다.,최종 유지,해당 용어 후보 중 상대적으로 가장 자연스러운 대표 문장; 조사/문법을 자동수정안으로 교정; 과도한 유사성 낮음,랩 어카운트와 관련된 투자 정보를 확인하고 싶습니다.
KO-FIN-01146,287,금융기관·은행,대출 / 계좌,런던은행간 대출금리,지표·개념,고객,질문,런던은행간 대출금리에서 이용할 수 있는 금융업무는 무엇인가요?,용어기반,양호,정확,높음,40,0.526,수정 권장,유사 문장구조 반복(40회) 또는 동일 용어 내 유사도 높음,,최종 유지,실제 금융 문맥에서 자연스러움; 금융용어 사용 적절; 과도한 유사성 낮음,런던은행간 대출금리에서 이용할 수 있는 금융업무는 무엇인가요?
KO-FIN-01150,288,금융기관·은행,예금상품,런던은행간 예금금리,지표·개념,고객,질문,런던은행간 예금금리에서 이용할 수 있는 금융업무는 무엇인가요?,용어기반,양호,정확,높음,40,0.526,수정 권장,유사 문장구조 반복(40회) 또는 동일 용어 내 유사도 높음,,최종 유지,실제 금융 문맥에서 자연스러움; 금융용어 사용 적절; 과도한 유사성 낮음,런던은행간 예금금리에서 이용할 수 있는 금융업무는 무엇인가요?
KO-FIN-01154,289,계좌,,레버리지 효과,지표·개념,고객,질문,레버리지 효과은 어디에서 확인할 수 있나요?,용어기반,미흡,정확(문법 수정),낮음,7,0.591,수정 권장,조사 오류: '레버리지 효과은' → '레버리지 효과는',레버리지 효과는 어디에서 확인할 수 있나요?,최종 유지,해당 용어 후보 중 상대적으로 가장 자연스러운 대표 문장; 조사/문법을 자동수정안으로 교정; 과도한 유사성 낮음,레버리지 효과는 어디에서 확인할 수 있나요?
KO-FIN-01159,290,자산운용·투자,대출 / 금융공학·분석,마코위츠 이론,상품·증권,고객,확인,마코위츠 이론과 관련된 투자 정보를 확인하고 싶습니다.,용어기반,양호,정확,높음,55,0.543,수정 권장,유사 문장구조 반복(55회) 또는 동일 용어 내 유사도 높음,,최종 유지,실제 금융 문맥에서 자연스러움; 금융용어 사용 적절; 과도한 유사성 낮음,마코위츠 이론과 관련된 투자 정보를 확인하고 싶습니다.
KO-FIN-01161,291,금융시장·거래,,마크다운,일반개념,고객,질문,마크다운이 무엇을 의미하나요?,용어기반,보통,정확,매우 높음,303,0.595,유지(대표 1개만),동일 문장구조가 303회 반복,,최종 유지,해당 용어 후보 중 상대적으로 가장 자연스러운 대표 문장; 금융용어 사용 적절; 반복 골격이지만 용어별 대표 1문장으로 제한,마크다운이 무엇을 의미하나요?
KO-FIN-01166,292,금융공학·분석,,마팅게일모형,일반개념,고객,질문,마팅게일모형은 금융상품을 분석할 때 어떻게 사용되나요?,용어기반,양호,정확,낮음,15,0.444,유지,실제 금융 문맥에서 자연스럽고 용어 사용도 적절함,,최종 유지,실제 금융 문맥에서 자연스러움; 금융용어 사용 적절; 과도한 유사성 낮음,마팅게일모형은 금융상품을 분석할 때 어떻게 사용되나요?
KO-FIN-01168,292,금융공학·분석,,마팅게일모형,일반개념,금융기관,안내,마팅게일모형의 결과는 사용한 가정과 시장 데이터에 따라 달라질 수 있습니다.,용어기반,양호,정확,낮음,15,0.333,유지,실제 금융 문맥에서 자연스럽고 용어 사용도 적절함,,최종 유지,실제 금융 문맥에서 자연스러움; 금융용어 사용 적절; 과도한 유사성 낮음,마팅게일모형의 결과는 사용한 가정과 시장 데이터에 따라 달라질 수 있습니다.
KO-FIN-01175,294,자산운용·투자,,만기보유전략,일반개념,고객,확인,만기보유전략과 관련된 투자 정보를 확인하고 싶습니다.,용어기반,양호,정확,높음,55,0.529,수정 권장,유사 문장구조 반복(55회) 또는 동일 용어 내 유사도 높음,,최종 유지,실제 금융 문맥에서 자연스러움; 금융용어 사용 적절; 과도한 유사성 낮음,만기보유전략과 관련된 투자 정보를 확인하고 싶습니다.
KO-FIN-01177,295,채권,,만기수익률,지표·개념,고객,질문,만기수익률이 무엇인지 설명해 주세요.,용어기반,보통,정확,매우 높음,705,0.375,유지(대표 1개만),동일 문장구조가 705회 반복,,최종 유지,해당 용어 후보 중 상대적으로 가장 자연스러운 대표 문장; 금융용어 사용 적절; 반복 골격이지만 용어별 대표 1문장으로 제한,만기수익률이 무엇인지 설명해 주세요.
KO-FIN-01182,296,금융시장·거래,,매매거래정지,일반개념,고객,확인,매매거래정지과 관련된 시장 정보를 확인하고 싶습니다.,용어기반,미흡,정확(문법 수정),매우 높음,236,0.394,수정 권장,조사 오류: '매매거래정지과' → '매매거래정지와'; 동일 문장구조가 236회 반복,매매거래정지와 관련된 시장 정보를 확인하고 싶습니다.,최종 유지,해당 용어 후보 중 상대적으로 가장 자연스러운 대표 문장; 조사/문법을 자동수정안으로 교정; 반복 골격이지만 용어별 대표 1문장으로 제한,매매거래정지와 관련된 시장 정보를 확인하고 싶습니다.
KO-FIN-01185,297,금융시장·거래,,매매거래중단,일반개념,고객,질문,매매거래중단이 무엇을 의미하나요?,용어기반,보통,정확,매우 높음,303,0.634,유지(대표 1개만),동일 문장구조가 303회 반복,,최종 유지,해당 용어 후보 중 상대적으로 가장 자연스러운 대표 문장; 금융용어 사용 적절; 반복 골격이지만 용어별 대표 1문장으로 제한,매매거래중단이 무엇을 의미하나요?
KO-FIN-01190,298,금융시장·거래,증권·예탁,매매보고서,일반개념,고객,확인,매매보고서과 관련된 시장 정보를 확인하고 싶습니다.,용어기반,미흡,정확(문법 수정),매우 높음,236,0.375,수정 권장,조사 오류: '매매보고서과' → '매매보고서와'; 동일 문장구조가 236회 반복,매매보고서와 관련된 시장 정보를 확인하고 싶습니다.,최종 유지,해당 용어 후보 중 상대적으로 가장 자연스러운 대표 문장; 조사/문법을 자동수정안으로 교정; 반복 골격이지만 용어별 대표 1문장으로 제한,매매보고서와 관련된 시장 정보를 확인하고 싶습니다.
KO-FIN-01193,299,금융시장·거래,지급결제·청산,매매상대방,일반개념,고객,질문,매매상대방이 무엇을 의미하나요?,용어기반,보통,정확,매우 높음,303,0.615,유지(대표 1개만),동일 문장구조가 303회 반복,,최종 유지,해당 용어 후보 중 상대적으로 가장 자연스러운 대표 문장; 금융용어 사용 적절; 반복 골격이지만 용어별 대표 1문장으로 제한,매매상대방이 무엇을 의미하나요?
KO-FIN-01198,300,금융시장·거래,,매매심리,일반개념,고객,확인,매매심리과 관련된 시장 정보를 확인하고 싶습니다.,용어기반,미흡,정확(문법 수정),매우 높음,236,0.355,수정 권장,조사 오류: '매매심리과' → '매매심리와'; 동일 문장구조가 236회 반복,매매심리와 관련된 시장 정보를 확인하고 싶습니다.,최종 유지,해당 용어 후보 중 상대적으로 가장 자연스러운 대표 문장; 조사/문법을 자동수정안으로 교정; 반복 골격이지만 용어별 대표 1문장으로 제한,매매심리와 관련된 시장 정보를 확인하고 싶습니다.
KO-FIN-01201,301,금융시장·거래,,매매입회장,일반개념,고객,질문,매매입회장이 무엇을 의미하나요?,용어기반,보통,정확,매우 높음,303,0.615,유지(대표 1개만),동일 문장구조가 303회 반복,,최종 유지,해당 용어 후보 중 상대적으로 가장 자연스러운 대표 문장; 금융용어 사용 적절; 반복 골격이지만 용어별 대표 1문장으로 제한,매매입회장이 무엇을 의미하나요?
KO-FIN-01206,302,금융시장·거래,,매매중지장치,일반개념,고객,확인,매매중지장치과 관련된 시장 정보를 확인하고 싶습니다.,용어기반,미흡,정확(문법 수정),매우 높음,236,0.394,수정 권장,조사 오류: '매매중지장치과' → '매매중지장치와'; 동일 문장구조가 236회 반복,매매중지장치와 관련된 시장 정보를 확인하고 싶습니다.,최종 유지,해당 용어 후보 중 상대적으로 가장 자연스러운 대표 문장; 조사/문법을 자동수정안으로 교정; 반복 골격이지만 용어별 대표 1문장으로 제한,매매중지장치와 관련된 시장 정보를 확인하고 싶습니다.
KO-FIN-01209,303,금융시장·거래,,매매확인,사람·역할,고객,질문,매매확인이 무엇을 의미하나요?,용어기반,보통,정확,매우 높음,303,0.595,유지(대표 1개만),동일 문장구조가 303회 반복,,최종 유지,해당 용어 후보 중 상대적으로 가장 자연스러운 대표 문장; 금융용어 사용 적절; 반복 골격이지만 용어별 대표 1문장으로 제한,매매확인이 무엇을 의미하나요?
KO-FIN-01213,304,증권·예탁,,매출,일반개념,고객,질문,매출이 무엇인지 설명해 주세요.,용어기반,보통,정확,매우 높음,705,0.465,유지(대표 1개만),동일 문장구조가 705회 반복,,최종 유지,해당 용어 후보 중 상대적으로 가장 자연스러운 대표 문장; 금융용어 사용 적절; 반복 골격이지만 용어별 대표 1문장으로 제한,매출이 무엇인지 설명해 주세요.
KO-FIN-01218,305,금융기관·은행,,멀티미디어금융시대,일반개념,고객,질문,멀티미디어금융시대에서 이용할 수 있는 금융업무는 무엇인가요?,용어기반,양호,정확,높음,40,0.509,수정 권장,유사 문장구조 반복(40회) 또는 동일 용어 내 유사도 높음,,최종 유지,실제 금융 문맥에서 자연스러움; 금융용어 사용 적절; 과도한 유사성 낮음,멀티미디어금융시대에서 이용할 수 있는 금융업무는 무엇인가요?
KO-FIN-01221,306,금융시장·거래,증권·예탁,명령상장,일반개념,고객,질문,명령상장이 무엇을 의미하나요?,용어기반,보통,정확,매우 높음,303,0.595,유지(대표 1개만),동일 문장구조가 303회 반복,,최종 유지,해당 용어 후보 중 상대적으로 가장 자연스러운 대표 문장; 금융용어 사용 적절; 반복 골격이지만 용어별 대표 1문장으로 제한,명령상장이 무엇을 의미하나요?
KO-FIN-01225,307,증권·예탁,,명목이자율,지표·개념,고객,질문,명목이자율이 무엇인지 설명해 주세요.,용어기반,보통,정확,매우 높음,705,0.531,유지(대표 1개만),동일 문장구조가 705회 반복,,최종 유지,해당 용어 후보 중 상대적으로 가장 자연스러운 대표 문장; 금융용어 사용 적절; 반복 골격이지만 용어별 대표 1문장으로 제한,명목이자율이 무엇인지 설명해 주세요.
KO-FIN-01230,308,증권·예탁,,명의개서 대행회사,기관·조직,고객,확인,명의개서 대행회사 처리 절차를 확인하고 싶습니다.,용어기반,보통,정확,매우 높음,241,0.7,수정 권장,동일 문장구조가 241회 반복,,최종 유지,해당 용어 후보 중 상대적으로 가장 자연스러운 대표 문장; 금융용어 사용 적절; 반복 골격이지만 용어별 대표 1문장으로 제한,명의개서 대행회사 처리 절차를 확인하고 싶습니다.
KO-FIN-01233,309,증권·예탁,주식,명의개서 정지기간,일반개념,고객,질문,명의개서 정지기간이 무엇인지 설명해 주세요.,용어기반,보통,정확,매우 높음,705,0.596,유지(대표 1개만),동일 문장구조가 705회 반복,,최종 유지,해당 용어 후보 중 상대적으로 가장 자연스러운 대표 문장; 금융용어 사용 적절; 반복 골격이지만 용어별 대표 1문장으로 제한,명의개서 정지기간이 무엇인지 설명해 주세요.
KO-FIN-01238,310,증권·예탁,주식,명의개서,일반개념,고객,확인,명의개서 처리 절차를 확인하고 싶습니다.,용어기반,보통,정확,매우 높음,241,0.64,수정 권장,동일 문장구조가 241회 반복,,최종 유지,해당 용어 후보 중 상대적으로 가장 자연스러운 대표 문장; 금융용어 사용 적절; 반복 골격이지만 용어별 대표 1문장으로 제한,명의개서 처리 절차를 확인하고 싶습니다.
KO-FIN-01241,311,증권·예탁,법률·계약 / 금융법규·감독,명의개서대리인,사람·역할,고객,질문,명의개서대리인이 무엇인지 설명해 주세요.,용어기반,보통,정확,매우 높음,705,0.566,유지(대표 1개만),동일 문장구조가 705회 반복,,최종 유지,해당 용어 후보 중 상대적으로 가장 자연스러운 대표 문장; 금융용어 사용 적절; 반복 골격이지만 용어별 대표 1문장으로 제한,명의개서대리인이 무엇인지 설명해 주세요.
KO-FIN-01246,312,증권·예탁,,명의개서대행업무,일반개념,고객,확인,명의개서대행업무 처리 절차를 확인하고 싶습니다.,용어기반,보통,정확,매우 높음,241,0.69,수정 권장,동일 문장구조가 241회 반복,,최종 유지,해당 용어 후보 중 상대적으로 가장 자연스러운 대표 문장; 금융용어 사용 적절; 반복 골격이지만 용어별 대표 1문장으로 제한,명의개서대행업무 처리 절차를 확인하고 싶습니다.
KO-FIN-01250,313,부동산금융,대출 / 증권·예탁,모기지담보부증권,상품·증권,고객,확인,모기지담보부증권과 관련된 금리와 비용을 확인하고 싶습니다.,용어기반,양호,정확,낮음,4,0.474,유지,실제 금융 문맥에서 자연스럽고 용어 사용도 적절함,,최종 유지,실제 금융 문맥에서 자연스러움; 금융용어 사용 적절; 과도한 유사성 낮음,모기지담보부증권과 관련된 금리와 비용을 확인하고 싶습니다.
KO-FIN-01252,313,부동산금융,대출 / 증권·예탁,모기지담보부증권,상품·증권,금융기관,안내,모기지담보부증권은 담보가치와 심사 조건에 따라 이용 조건이 달라질 수 있습니다.,용어기반,양호,정확,낮음,4,0.478,유지,실제 금융 문맥에서 자연스럽고 용어 사용도 적절함,,최종 유지,실제 금융 문맥에서 자연스러움; 금융용어 사용 적절; 과도한 유사성 낮음,모기지담보부증권은 담보가치와 심사 조건에 따라 이용 조건이 달라질 수 있습니다.
KO-FIN-01255,314,자산운용·투자,,모듈기업,일반개념,고객,확인,모듈기업과 관련된 투자 정보를 확인하고 싶습니다.,용어기반,양호,정확,높음,55,0.5,수정 권장,유사 문장구조 반복(55회) 또는 동일 용어 내 유사도 높음,,최종 유지,실제 금융 문맥에서 자연스러움; 금융용어 사용 적절; 과도한 유사성 낮음,모듈기업과 관련된 투자 정보를 확인하고 싶습니다.
KO-FIN-01257,315,증권·예탁,,모집,일반개념,고객,질문,모집이 무엇인지 설명해 주세요.,용어기반,보통,정확,매우 높음,705,0.465,유지(대표 1개만),동일 문장구조가 705회 반복,,최종 유지,해당 용어 후보 중 상대적으로 가장 자연스러운 대표 문장; 금융용어 사용 적절; 반복 골격이지만 용어별 대표 1문장으로 제한,모집이 무엇인지 설명해 주세요.
KO-FIN-01261,316,주식,,모집설립,일반개념,고객,질문,모집설립이 무엇인지 설명해 주세요.,용어기반,보통,정확,매우 높음,705,0.372,유지(대표 1개만),동일 문장구조가 705회 반복,,최종 유지,해당 용어 후보 중 상대적으로 가장 자연스러운 대표 문장; 금융용어 사용 적절; 반복 골격이지만 용어별 대표 1문장으로 제한,모집설립이 무엇인지 설명해 주세요.
KO-FIN-01266,317,증권·예탁,법률·계약,무권화,일반개념,고객,확인,무권화 처리 절차를 확인하고 싶습니다.,용어기반,보통,정확,매우 높음,241,0.625,수정 권장,동일 문장구조가 241회 반복,,최종 유지,해당 용어 후보 중 상대적으로 가장 자연스러운 대표 문장; 금융용어 사용 적절; 반복 골격이지만 용어별 대표 1문장으로 제한,무권화 처리 절차를 확인하고 싶습니다.
KO-FIN-01269,318,주식,,무기명주식,상품·증권,고객,질문,무기명주식이 무엇인지 설명해 주세요.,용어기반,보통,정확,매우 높음,705,0.4,유지(대표 1개만),동일 문장구조가 705회 반복,,최종 유지,해당 용어 후보 중 상대적으로 가장 자연스러운 대표 문장; 금융용어 사용 적절; 반복 골격이지만 용어별 대표 1문장으로 제한,무기명주식이 무엇인지 설명해 주세요.
KO-FIN-01273,319,채권,,무기명채권,상품·증권,고객,질문,무기명채권이 무엇인지 설명해 주세요.,용어기반,보통,정확,매우 높음,705,0.375,유지(대표 1개만),동일 문장구조가 705회 반복,,최종 유지,해당 용어 후보 중 상대적으로 가장 자연스러운 대표 문장; 금융용어 사용 적절; 반복 골격이지만 용어별 대표 1문장으로 제한,무기명채권이 무엇인지 설명해 주세요.
KO-FIN-01278,320,채권,,무담보사채,상품·증권,고객,확인,무담보사채의 조건과 수익 구조를 확인하고 싶습니다.,용어기반,보통,정확,매우 높음,115,0.429,수정 권장,동일 문장구조가 115회 반복,,최종 유지,해당 용어 후보 중 상대적으로 가장 자연스러운 대표 문장; 금융용어 사용 적절; 반복 골격이지만 용어별 대표 1문장으로 제한,무담보사채의 조건과 수익 구조를 확인하고 싶습니다.
KO-FIN-01281,321,주식,,무배당,행위·절차,고객,질문,무배당이 무엇인지 설명해 주세요.,용어기반,보통,정확,매우 높음,705,0.341,유지(대표 1개만),동일 문장구조가 705회 반복,,최종 유지,해당 용어 후보 중 상대적으로 가장 자연스러운 대표 문장; 금융용어 사용 적절; 반복 골격이지만 용어별 대표 1문장으로 제한,무배당이 무엇인지 설명해 주세요.
KO-FIN-01287,322,주식,,무배주,일반개념,고객,상담,무배주과 관련해 투자 전에 확인해야 할 사항이 있나요?,용어기반,미흡,정확(문법 수정),매우 높음,183,0.478,수정 권장,조사 오류: '무배주과' → '무배주와'; 동일 문장구조가 183회 반복,무배주와 관련해 투자 전에 확인해야 할 사항이 있나요?,최종 유지,해당 용어 후보 중 상대적으로 가장 자연스러운 대표 문장; 조사/문법을 자동수정안으로 교정; 반복 골격이지만 용어별 대표 1문장으로 제한,무배주와 관련해 투자 전에 확인해야 할 사항이 있나요?
KO-FIN-01290,323,채권,신용·리스크,무보증사채,상품·증권,고객,확인,무보증사채의 조건과 수익 구조를 확인하고 싶습니다.,용어기반,보통,정확,매우 높음,115,0.429,수정 권장,동일 문장구조가 115회 반복,,최종 유지,해당 용어 후보 중 상대적으로 가장 자연스러운 대표 문장; 금융용어 사용 적절; 반복 골격이지만 용어별 대표 1문장으로 제한,무보증사채의 조건과 수익 구조를 확인하고 싶습니다.
KO-FIN-01294,324,주식,,무상증자,사람·역할,고객,확인,무상증자과 관련된 정보를 확인하고 싶습니다.,용어기반,미흡,정확(문법 수정),매우 높음,183,0.516,수정 권장,조사 오류: '무상증자과' → '무상증자와'; 동일 문장구조가 183회 반복,무상증자와 관련된 정보를 확인하고 싶습니다.,최종 유지,해당 용어 후보 중 상대적으로 가장 자연스러운 대표 문장; 조사/문법을 자동수정안으로 교정; 반복 골격이지만 용어별 대표 1문장으로 제한,무상증자와 관련된 정보를 확인하고 싶습니다.
KO-FIN-01297,325,주식,,무액면주식,상품·증권,고객,질문,무액면주식이 무엇인지 설명해 주세요.,용어기반,보통,정확,매우 높음,705,0.4,유지(대표 1개만),동일 문장구조가 705회 반복,,최종 유지,해당 용어 후보 중 상대적으로 가장 자연스러운 대표 문장; 금융용어 사용 적절; 반복 골격이지만 용어별 대표 1문장으로 제한,무액면주식이 무엇인지 설명해 주세요.
KO-FIN-01303,326,신용·리스크,자산운용·투자,무위험 이자율,지표·개념,고객,상담,무위험 이자율을 줄이려면 어떤 점을 확인해야 하나요?,용어기반,양호,정확,높음,22,0.618,수정 권장,유사 문장구조 반복(22회) 또는 동일 용어 내 유사도 높음,,최종 유지,실제 금융 문맥에서 자연스러움; 금융용어 사용 적절; 과도한 유사성 낮음,무위험 이자율을 줄이려면 어떤 점을 확인해야 하나요?
KO-FIN-01304,326,신용·리스크,자산운용·투자,무위험 이자율,지표·개념,금융기관,주의,무위험 이자율은 거래 조건이나 이용 가능 여부에 영향을 줄 수 있습니다.,용어기반,양호,정확,높음,22,0.485,수정 권장,유사 문장구조 반복(22회) 또는 동일 용어 내 유사도 높음,,최종 유지,실제 금융 문맥에서 자연스러움; 금융용어 사용 적절; 과도한 유사성 낮음,무위험 이자율은 거래 조건이나 이용 가능 여부에 영향을 줄 수 있습니다.
KO-FIN-01307,327,주식,,무의결권주,일반개념,고객,상담,무의결권주과 관련해 투자 전에 확인해야 할 사항이 있나요?,용어기반,미흡,정확(문법 수정),매우 높음,183,0.507,수정 권장,조사 오류: '무의결권주과' → '무의결권주와'; 동일 문장구조가 183회 반복,무의결권주와 관련해 투자 전에 확인해야 할 사항이 있나요?,최종 유지,해당 용어 후보 중 상대적으로 가장 자연스러운 대표 문장; 조사/문법을 자동수정안으로 교정; 반복 골격이지만 용어별 대표 1문장으로 제한,무의결권주와 관련해 투자 전에 확인해야 할 사항이 있나요?
KO-FIN-01311,328,펀드·신탁,자산운용·투자,무츄얼펀드,상품·증권,고객,상담,무츄얼펀드에 가입하기 전에 어떤 점을 확인해야 하나요?,용어기반,양호,정확,높음,52,0.48,수정 권장,유사 문장구조 반복(52회) 또는 동일 용어 내 유사도 높음,,최종 유지,실제 금융 문맥에서 자연스러움; 금융용어 사용 적절; 과도한 유사성 낮음,무츄얼펀드에 가입하기 전에 어떤 점을 확인해야 하나요?
KO-FIN-01316,329,법률·계약,,물상대위,일반개념,금융기관,안내,물상대위의 적용 여부는 계약 내용과 관련 법령을 확인해야 합니다.,용어기반,양호,정확,높음,35,0.5,수정 권장,유사 문장구조 반복(35회) 또는 동일 용어 내 유사도 높음,,최종 유지,실제 금융 문맥에서 자연스러움; 금융용어 사용 적절; 과도한 유사성 낮음,물상대위의 적용 여부는 계약 내용과 관련 법령을 확인해야 합니다.
KO-FIN-01318,330,채권,,물적담보,일반개념,고객,확인,물적담보의 조건과 수익 구조를 확인하고 싶습니다.,용어기반,보통,정확,매우 높음,115,0.407,수정 권장,동일 문장구조가 115회 반복,,최종 유지,해당 용어 후보 중 상대적으로 가장 자연스러운 대표 문장; 금융용어 사용 적절; 반복 골격이지만 용어별 대표 1문장으로 제한,물적담보의 조건과 수익 구조를 확인하고 싶습니다.
KO-FIN-01322,331,펀드·신탁,,뮤추얼펀드 관리회사,기관·조직,고객,확인,뮤추얼펀드 관리회사의 운용 방식과 수수료를 확인하고 싶습니다.,용어기반,양호,정확,높음,52,0.595,수정 권장,유사 문장구조 반복(52회) 또는 동일 용어 내 유사도 높음,,최종 유지,실제 금융 문맥에서 자연스러움; 금융용어 사용 적절; 과도한 유사성 낮음,뮤추얼펀드 관리회사의 운용 방식과 수수료를 확인하고 싶습니다.
KO-FIN-01326,332,펀드·신탁,기업금융·자본조달,뮤추얼펀드 인수회사,기관·조직,고객,확인,뮤추얼펀드 인수회사의 운용 방식과 수수료를 확인하고 싶습니다.,용어기반,양호,정확,높음,52,0.595,수정 권장,유사 문장구조 반복(52회) 또는 동일 용어 내 유사도 높음,,최종 유지,실제 금융 문맥에서 자연스러움; 금융용어 사용 적절; 과도한 유사성 낮음,뮤추얼펀드 인수회사의 운용 방식과 수수료를 확인하고 싶습니다.
KO-FIN-01329,333,파생상품,,미국형옵션,상품·증권,고객,질문,미국형옵션이 무엇인지 쉽게 설명해 주세요.,용어기반,양호,정확,높음,53,0.383,유지(대표 1개만),유사 문장구조 반복(53회) 또는 동일 용어 내 유사도 높음,,최종 유지,실제 금융 문맥에서 자연스러움; 금융용어 사용 적절; 과도한 유사성 낮음,미국형옵션이 무엇인지 쉽게 설명해 주세요.
KO-FIN-01334,334,금융시장·거래,증권·예탁 / 기업금융·자본조달,미발행증권거래,행위·절차,고객,확인,미발행증권거래과 관련된 시장 정보를 확인하고 싶습니다.,용어기반,미흡,정확(문법 수정),매우 높음,236,0.412,수정 권장,조사 오류: '미발행증권거래과' → '미발행증권거래와'; 동일 문장구조가 236회 반복,미발행증권거래와 관련된 시장 정보를 확인하고 싶습니다.,최종 유지,해당 용어 후보 중 상대적으로 가장 자연스러운 대표 문장; 조사/문법을 자동수정안으로 교정; 반복 골격이지만 용어별 대표 1문장으로 제한,미발행증권거래와 관련된 시장 정보를 확인하고 싶습니다.
KO-FIN-01337,335,법률·계약,지급결제·청산 / 금융시장·거래,미청산계약,일반개념,고객,질문,미청산계약이 금융거래에서 무엇을 의미하나요?,용어기반,양호,정확,높음,36,0.48,유지(대표 1개만),유사 문장구조 반복(36회) 또는 동일 용어 내 유사도 높음,,최종 유지,실제 금융 문맥에서 자연스러움; 금융용어 사용 적절; 과도한 유사성 낮음,미청산계약이 금융거래에서 무엇을 의미하나요?
KO-FIN-01341,336,채권,,바벨형 만기구성전략,일반개념,고객,질문,바벨형 만기구성전략이 무엇인지 설명해 주세요.,용어기반,보통,정확,매우 높음,705,0.483,유지(대표 1개만),동일 문장구조가 705회 반복,,최종 유지,해당 용어 후보 중 상대적으로 가장 자연스러운 대표 문장; 금융용어 사용 적절; 반복 골격이지만 용어별 대표 1문장으로 제한,바벨형 만기구성전략이 무엇인지 설명해 주세요.
KO-FIN-01345,337,해외송금·외환,,바스켓방식,일반개념,고객,질문,바스켓방식에 대해 자세히 알려주세요.,용어기반,양호,정확,높음,21,0.558,수정 권장,유사 문장구조 반복(21회) 또는 동일 용어 내 유사도 높음,,최종 유지,실제 금융 문맥에서 자연스러움; 금융용어 사용 적절; 과도한 유사성 낮음,바스켓방식에 대해 자세히 알려주세요.
KO-FIN-01346,337,해외송금·외환,,바스켓방식,일반개념,고객,확인,바스켓방식을 확인하고 싶습니다.,용어기반,양호,정확,높음,28,0.55,수정 권장,유사 문장구조 반복(28회) 또는 동일 용어 내 유사도 높음,,최종 유지,실제 금융 문맥에서 자연스러움; 금융용어 사용 적절; 과도한 유사성 낮음,바스켓방식을 확인하고 싶습니다.
KO-FIN-01349,338,지급결제·청산,증권·예탁,바흐만보고서,일반개념,고객,질문,바흐만보고서이 무엇인지 설명해 주세요.,용어기반,미흡,정확(문법 수정),매우 높음,705,0.549,수정 권장,조사 오류: '바흐만보고서이' → '바흐만보고서가'; 동일 문장구조가 705회 반복,바흐만보고서가 무엇인지 설명해 주세요.,최종 유지,해당 용어 후보 중 상대적으로 가장 자연스러운 대표 문장; 조사/문법을 자동수정안으로 교정; 반복 골격이지만 용어별 대표 1문장으로 제한,바흐만보고서가 무엇인지 설명해 주세요.
KO-FIN-01354,339,금융시장·거래,,반대매매,행위·절차,고객,확인,반대매매과 관련된 시장 정보를 확인하고 싶습니다.,용어기반,미흡,정확(문법 수정),매우 높음,236,0.355,수정 권장,조사 오류: '반대매매과' → '반대매매와'; 동일 문장구조가 236회 반복,반대매매와 관련된 시장 정보를 확인하고 싶습니다.,최종 유지,해당 용어 후보 중 상대적으로 가장 자연스러운 대표 문장; 조사/문법을 자동수정안으로 교정; 반복 골격이지만 용어별 대표 1문장으로 제한,반대매매와 관련된 시장 정보를 확인하고 싶습니다.
KO-FIN-01357,340,주식,,발기설립,일반개념,고객,질문,발기설립이 무엇인지 설명해 주세요.,용어기반,보통,정확,매우 높음,705,0.372,유지(대표 1개만),동일 문장구조가 705회 반복,,최종 유지,해당 용어 후보 중 상대적으로 가장 자연스러운 대표 문장; 금융용어 사용 적절; 반복 골격이지만 용어별 대표 1문장으로 제한,발기설립이 무엇인지 설명해 주세요.
KO-FIN-01361,341,주식,,발기인,사람·역할,고객,질문,발기인이 무엇인지 설명해 주세요.,용어기반,보통,정확,매우 높음,705,0.341,유지(대표 1개만),동일 문장구조가 705회 반복,,최종 유지,해당 용어 후보 중 상대적으로 가장 자연스러운 대표 문장; 금융용어 사용 적절; 반복 골격이지만 용어별 대표 1문장으로 제한,발기인이 무엇인지 설명해 주세요.
KO-FIN-01365,342,법률·계약,,발기인조합,일반개념,고객,질문,발기인조합이 금융거래에서 무엇을 의미하나요?,용어기반,양호,정확,높음,36,0.48,유지(대표 1개만),유사 문장구조 반복(36회) 또는 동일 용어 내 유사도 높음,,최종 유지,실제 금융 문맥에서 자연스러움; 금융용어 사용 적절; 과도한 유사성 낮음,발기인조합이 금융거래에서 무엇을 의미하나요?
KO-FIN-01370,343,기업금융·자본조달,주식,발행가액,일반개념,고객,상담,발행가액을 이용하려면 어떤 조건이 필요한가요?,용어기반,양호,정확,높음,25,0.318,수정 권장,유사 문장구조 반복(25회) 또는 동일 용어 내 유사도 높음,,최종 유지,실제 금융 문맥에서 자연스러움; 금융용어 사용 적절; 과도한 유사성 낮음,발행가액을 이용하려면 어떤 조건이 필요한가요?
KO-FIN-01371,343,기업금융·자본조달,주식,발행가액,일반개념,고객,확인,발행가액과 관련된 비용과 절차를 확인하고 싶습니다.,용어기반,양호,정확,높음,25,0.485,수정 권장,유사 문장구조 반복(25회) 또는 동일 용어 내 유사도 높음,,최종 유지,실제 금융 문맥에서 자연스러움; 금융용어 사용 적절; 과도한 유사성 낮음,발행가액과 관련된 비용과 절차를 확인하고 싶습니다.
KO-FIN-01374,344,기업금융·자본조달,금융시장·거래 / 증권·예탁 / 자산운용·투자,발행시장,시스템·인프라,고객,상담,발행시장을 이용하려면 어떤 조건이 필요한가요?,용어기반,양호,정확,높음,25,0.318,수정 권장,유사 문장구조 반복(25회) 또는 동일 용어 내 유사도 높음,,최종 유지,실제 금융 문맥에서 자연스러움; 금융용어 사용 적절; 과도한 유사성 낮음,발행시장을 이용하려면 어떤 조건이 필요한가요?
KO-FIN-01375,344,기업금융·자본조달,금융시장·거래 / 증권·예탁 / 자산운용·투자,발행시장,시스템·인프라,고객,확인,발행시장과 관련된 비용과 절차를 확인하고 싶습니다.,용어기반,양호,정확,높음,25,0.485,수정 권장,유사 문장구조 반복(25회) 또는 동일 용어 내 유사도 높음,,최종 유지,실제 금융 문맥에서 자연스러움; 금융용어 사용 적절; 과도한 유사성 낮음,발행시장과 관련된 비용과 절차를 확인하고 싶습니다.
KO-FIN-01377,345,주식,,배당,행위·절차,고객,질문,배당이 무엇인지 설명해 주세요.,용어기반,보통,정확,매우 높음,705,0.308,유지(대표 1개만),동일 문장구조가 705회 반복,,최종 유지,해당 용어 후보 중 상대적으로 가장 자연스러운 대표 문장; 금융용어 사용 적절; 반복 골격이지만 용어별 대표 1문장으로 제한,배당이 무엇인지 설명해 주세요.
KO-FIN-01381,346,주식,,배당가능이익,일반개념,고객,질문,배당가능이익이 무엇인지 설명해 주세요.,용어기반,보통,정확,매우 높음,705,0.426,유지(대표 1개만),동일 문장구조가 705회 반복,,최종 유지,해당 용어 후보 중 상대적으로 가장 자연스러운 대표 문장; 금융용어 사용 적절; 반복 골격이지만 용어별 대표 1문장으로 제한,배당가능이익이 무엇인지 설명해 주세요.
KO-FIN-01385,347,주식,,배당금지급청구권,일반개념,고객,질문,배당금지급청구권이 무엇인지 설명해 주세요.,용어기반,보통,정확,매우 높음,705,0.471,유지(대표 1개만),동일 문장구조가 705회 반복,,최종 유지,해당 용어 후보 중 상대적으로 가장 자연스러운 대표 문장; 금융용어 사용 적절; 반복 골격이지만 용어별 대표 1문장으로 제한,배당금지급청구권이 무엇인지 설명해 주세요.
KO-FIN-01389,348,주식,,배당기산일,일반개념,고객,질문,배당기산일이 무엇인지 설명해 주세요.,용어기반,보통,정확,매우 높음,705,0.4,유지(대표 1개만),동일 문장구조가 705회 반복,,최종 유지,해당 용어 후보 중 상대적으로 가장 자연스러운 대표 문장; 금융용어 사용 적절; 반복 골격이지만 용어별 대표 1문장으로 제한,배당기산일이 무엇인지 설명해 주세요.
KO-FIN-01393,349,주식,,배당락,일반개념,고객,질문,배당락이 무엇인지 설명해 주세요.,용어기반,보통,정확,매우 높음,705,0.341,유지(대표 1개만),동일 문장구조가 705회 반복,,최종 유지,해당 용어 후보 중 상대적으로 가장 자연스러운 대표 문장; 금융용어 사용 적절; 반복 골격이지만 용어별 대표 1문장으로 제한,배당락이 무엇인지 설명해 주세요.
KO-FIN-01397,350,주식,,배당성향,일반개념,고객,질문,배당성향이 무엇인지 설명해 주세요.,용어기반,보통,정확,매우 높음,705,0.372,유지(대표 1개만),동일 문장구조가 705회 반복,,최종 유지,해당 용어 후보 중 상대적으로 가장 자연스러운 대표 문장; 금융용어 사용 적절; 반복 골격이지만 용어별 대표 1문장으로 제한,배당성향이 무엇인지 설명해 주세요.
KO-FIN-01401,351,주식,,배당소득,일반개념,고객,질문,배당소득이 무엇인지 설명해 주세요.,용어기반,보통,정확,매우 높음,705,0.372,유지(대표 1개만),동일 문장구조가 705회 반복,,최종 유지,해당 용어 후보 중 상대적으로 가장 자연스러운 대표 문장; 금융용어 사용 적절; 반복 골격이지만 용어별 대표 1문장으로 제한,배당소득이 무엇인지 설명해 주세요.
KO-FIN-01406,352,세금,주식,배당소득세,일반개념,고객,질문,배당소득세의 적용 기준을 알려주세요.,용어기반,양호,정확,낮음,11,0.462,유지,실제 금융 문맥에서 자연스럽고 용어 사용도 적절함,,최종 유지,실제 금융 문맥에서 자연스러움; 금융용어 사용 적절; 과도한 유사성 낮음,배당소득세의 적용 기준을 알려주세요.
KO-FIN-01408,352,세금,주식,배당소득세,일반개념,금융기관,안내,배당소득세의 적용 여부는 거래 유형과 세법에 따라 달라질 수 있습니다.,용어기반,양호,정확,낮음,11,0.448,유지,실제 금융 문맥에서 자연스럽고 용어 사용도 적절함,,최종 유지,실제 금융 문맥에서 자연스러움; 금융용어 사용 적절; 과도한 유사성 낮음,배당소득세의 적용 여부는 거래 유형과 세법에 따라 달라질 수 있습니다.
KO-FIN-01411,353,주식,,배당의 정보효과,지표·개념,고객,상담,배당의 정보효과과 관련해 투자 전에 확인해야 할 사항이 있나요?,용어기반,미흡,정확(문법 수정),매우 높음,183,0.545,수정 권장,조사 오류: '배당의 정보효과과' → '배당의 정보효과와'; 동일 문장구조가 183회 반복,배당의 정보효과와 관련해 투자 전에 확인해야 할 사항이 있나요?,최종 유지,해당 용어 후보 중 상대적으로 가장 자연스러운 대표 문장; 조사/문법을 자동수정안으로 교정; 반복 골격이지만 용어별 대표 1문장으로 제한,배당의 정보효과와 관련해 투자 전에 확인해야 할 사항이 있나요?
KO-FIN-01413,354,주식,,배당정책,일반개념,고객,질문,배당정책이 무엇인지 설명해 주세요.,용어기반,보통,정확,매우 높음,705,0.372,유지(대표 1개만),동일 문장구조가 705회 반복,,최종 유지,해당 용어 후보 중 상대적으로 가장 자연스러운 대표 문장; 금융용어 사용 적절; 반복 골격이지만 용어별 대표 1문장으로 제한,배당정책이 무엇인지 설명해 주세요.
KO-FIN-01417,355,주식,금융공학·분석,배당평가모형,일반개념,고객,질문,배당평가모형이 무엇인지 설명해 주세요.,용어기반,보통,정확,매우 높음,705,0.426,유지(대표 1개만),동일 문장구조가 705회 반복,,최종 유지,해당 용어 후보 중 상대적으로 가장 자연스러운 대표 문장; 금융용어 사용 적절; 반복 골격이지만 용어별 대표 1문장으로 제한,배당평가모형이 무엇인지 설명해 주세요.
KO-FIN-01424,356,법률·계약,,배서,일반개념,금융기관,안내,배서의 적용 여부는 계약 내용과 관련 법령을 확인해야 합니다.,용어기반,양호,정확,높음,35,0.467,수정 권장,유사 문장구조 반복(35회) 또는 동일 용어 내 유사도 높음,,최종 유지,실제 금융 문맥에서 자연스러움; 금융용어 사용 적절; 과도한 유사성 낮음,배서의 적용 여부는 계약 내용과 관련 법령을 확인해야 합니다.
KO-FIN-01425,357,지급결제·청산,,백워데이션,일반개념,고객,질문,백워데이션이 무엇인지 설명해 주세요.,용어기반,보통,정확,매우 높음,705,0.531,유지(대표 1개만),동일 문장구조가 705회 반복,,최종 유지,해당 용어 후보 중 상대적으로 가장 자연스러운 대표 문장; 금융용어 사용 적절; 반복 골격이지만 용어별 대표 1문장으로 제한,백워데이션이 무엇인지 설명해 주세요.
KO-FIN-01431,358,펀드·신탁,,벌처펀드,상품·증권,고객,상담,벌처펀드에 가입하기 전에 어떤 점을 확인해야 하나요?,용어기반,양호,정확,높음,52,0.458,수정 권장,유사 문장구조 반복(52회) 또는 동일 용어 내 유사도 높음,,최종 유지,실제 금융 문맥에서 자연스러움; 금융용어 사용 적절; 과도한 유사성 낮음,벌처펀드에 가입하기 전에 어떤 점을 확인해야 하나요?
KO-FIN-01433,359,법률·계약,,법정과실,일반개념,고객,질문,법정과실이 금융거래에서 무엇을 의미하나요?,용어기반,양호,정확,높음,36,0.458,유지(대표 1개만),유사 문장구조 반복(36회) 또는 동일 용어 내 유사도 높음,,최종 유지,실제 금융 문맥에서 자연스러움; 금융용어 사용 적절; 과도한 유사성 낮음,법정과실이 금융거래에서 무엇을 의미하나요?
KO-FIN-01438,360,채권,,법정관리,일반개념,고객,확인,법정관리의 조건과 수익 구조를 확인하고 싶습니다.,용어기반,보통,정확,매우 높음,115,0.407,수정 권장,동일 문장구조가 115회 반복,,최종 유지,해당 용어 후보 중 상대적으로 가장 자연스러운 대표 문장; 금융용어 사용 적절; 반복 골격이지만 용어별 대표 1문장으로 제한,법정관리의 조건과 수익 구조를 확인하고 싶습니다.
KO-FIN-01441,361,법률·계약,,법정담보물권,일반개념,고객,질문,법정담보물권이 금융거래에서 무엇을 의미하나요?,용어기반,양호,정확,높음,36,0.5,유지(대표 1개만),유사 문장구조 반복(36회) 또는 동일 용어 내 유사도 높음,,최종 유지,실제 금융 문맥에서 자연스러움; 금융용어 사용 적절; 과도한 유사성 낮음,법정담보물권이 금융거래에서 무엇을 의미하나요?
KO-FIN-01448,362,법률·계약,,법정대위,일반개념,금융기관,안내,법정대위의 적용 여부는 계약 내용과 관련 법령을 확인해야 합니다.,용어기반,양호,정확,높음,35,0.5,수정 권장,유사 문장구조 반복(35회) 또는 동일 용어 내 유사도 높음,,최종 유지,실제 금융 문맥에서 자연스러움; 금융용어 사용 적절; 과도한 유사성 낮음,법정대위의 적용 여부는 계약 내용과 관련 법령을 확인해야 합니다.
KO-FIN-01451,363,지급결제·청산,,법정청산,행위·절차,고객,문제,법정청산 과정에서 문제가 발생한 것 같습니다.,용어기반,보통,정확,매우 높음,86,0.511,수정 권장,동일 문장구조가 86회 반복,,최종 유지,해당 용어 후보 중 상대적으로 가장 자연스러운 대표 문장; 금융용어 사용 적절; 과도한 유사성 낮음,법정청산 과정에서 문제가 발생한 것 같습니다.
KO-FIN-01454,364,금융시장·거래,,베이시스,일반개념,고객,확인,베이시스과 관련된 시장 정보를 확인하고 싶습니다.,용어기반,미흡,정확(문법 수정),매우 높음,236,0.355,수정 권장,조사 오류: '베이시스과' → '베이시스와'; 동일 문장구조가 236회 반복,베이시스와 관련된 시장 정보를 확인하고 싶습니다.,최종 유지,해당 용어 후보 중 상대적으로 가장 자연스러운 대표 문장; 조사/문법을 자동수정안으로 교정; 반복 골격이지만 용어별 대표 1문장으로 제한,베이시스와 관련된 시장 정보를 확인하고 싶습니다.
KO-FIN-01460,365,금융공학·분석,,베타계수,지표·개념,금융기관,안내,베타계수의 결과는 사용한 가정과 시장 데이터에 따라 달라질 수 있습니다.,용어기반,양호,정확,낮음,15,0.29,유지,실제 금융 문맥에서 자연스럽고 용어 사용도 적절함,,최종 유지,실제 금융 문맥에서 자연스러움; 금융용어 사용 적절; 과도한 유사성 낮음,베타계수의 결과는 사용한 가정과 시장 데이터에 따라 달라질 수 있습니다.
KO-FIN-01462,366,금융공학·분석,신용·리스크 / 자산운용·투자,베타위험,지표·개념,고객,질문,베타위험은 금융상품을 분석할 때 어떻게 사용되나요?,용어기반,양호,정확,낮음,15,0.407,유지,실제 금융 문맥에서 자연스럽고 용어 사용도 적절함,,최종 유지,실제 금융 문맥에서 자연스러움; 금융용어 사용 적절; 과도한 유사성 낮음,베타위험은 금융상품을 분석할 때 어떻게 사용되나요?
KO-FIN-01464,366,금융공학·분석,신용·리스크 / 자산운용·투자,베타위험,지표·개념,금융기관,안내,베타위험의 결과는 사용한 가정과 시장 데이터에 따라 달라질 수 있습니다.,용어기반,양호,정확,낮음,15,0.29,유지,실제 금융 문맥에서 자연스럽고 용어 사용도 적절함,,최종 유지,실제 금융 문맥에서 자연스러움; 금융용어 사용 적절; 과도한 유사성 낮음,베타위험의 결과는 사용한 가정과 시장 데이터에 따라 달라질 수 있습니다.
KO-FIN-01466,367,주식,,병행증자,사람·역할,고객,확인,병행증자과 관련된 정보를 확인하고 싶습니다.,용어기반,미흡,정확(문법 수정),매우 높음,183,0.516,수정 권장,조사 오류: '병행증자과' → '병행증자와'; 동일 문장구조가 183회 반복,병행증자와 관련된 정보를 확인하고 싶습니다.,최종 유지,해당 용어 후보 중 상대적으로 가장 자연스러운 대표 문장; 조사/문법을 자동수정안으로 교정; 반복 골격이지만 용어별 대표 1문장으로 제한,병행증자와 관련된 정보를 확인하고 싶습니다.
KO-FIN-01469,368,증권·예탁,펀드·신탁 / 자산운용·투자 / 금융기관·은행,보관기관,기관·조직,고객,질문,보관기관이 무엇인지 설명해 주세요.,용어기반,보통,정확,매우 높음,705,0.511,유지(대표 1개만),동일 문장구조가 705회 반복,,최종 유지,해당 용어 후보 중 상대적으로 가장 자연스러운 대표 문장; 금융용어 사용 적절; 반복 골격이지만 용어별 대표 1문장으로 제한,보관기관이 무엇인지 설명해 주세요.
KO-FIN-01473,369,증권·예탁,,보관원장,일반개념,고객,질문,보관원장이 무엇인지 설명해 주세요.,용어기반,보통,정확,매우 높음,705,0.511,유지(대표 1개만),동일 문장구조가 705회 반복,,최종 유지,해당 용어 후보 중 상대적으로 가장 자연스러운 대표 문장; 금융용어 사용 적절; 반복 골격이지만 용어별 대표 1문장으로 제한,보관원장이 무엇인지 설명해 주세요.
KO-FIN-01478,370,신용·리스크,,보관위험,지표·개념,고객,질문,보관위험이 금융거래에 어떤 영향을 주나요?,용어기반,양호,정확,높음,22,0.571,수정 권장,유사 문장구조 반복(22회) 또는 동일 용어 내 유사도 높음,,최종 유지,실제 금융 문맥에서 자연스러움; 금융용어 사용 적절; 과도한 유사성 낮음,보관위험이 금융거래에 어떤 영향을 주나요?
KO-FIN-01480,370,신용·리스크,,보관위험,지표·개념,금융기관,주의,보관위험은 거래 조건이나 이용 가능 여부에 영향을 줄 수 있습니다.,용어기반,양호,정확,높음,22,0.433,수정 권장,유사 문장구조 반복(22회) 또는 동일 용어 내 유사도 높음,,최종 유지,실제 금융 문맥에서 자연스러움; 금융용어 사용 적절; 과도한 유사성 낮음,보관위험은 거래 조건이나 이용 가능 여부에 영향을 줄 수 있습니다.
KO-FIN-01483,371,자산운용·투자,,보유기간수익률,지표·개념,고객,확인,보유기간수익률과 관련된 투자 정보를 확인하고 싶습니다.,용어기반,양호,정확,높음,55,0.543,수정 권장,유사 문장구조 반복(55회) 또는 동일 용어 내 유사도 높음,,최종 유지,실제 금융 문맥에서 자연스러움; 금융용어 사용 적절; 과도한 유사성 낮음,보유기간수익률과 관련된 투자 정보를 확인하고 싶습니다.
KO-FIN-01485,372,법률·계약,,보유비용,일반개념,고객,질문,보유비용이 금융거래에서 무엇을 의미하나요?,용어기반,양호,정확,높음,36,0.458,유지(대표 1개만),유사 문장구조 반복(36회) 또는 동일 용어 내 유사도 높음,,최종 유지,실제 금융 문맥에서 자연스러움; 금융용어 사용 적절; 과도한 유사성 낮음,보유비용이 금융거래에서 무엇을 의미하나요?
KO-FIN-01490,373,채권,신용·리스크,보증사채,상품·증권,고객,확인,보증사채의 조건과 수익 구조를 확인하고 싶습니다.,용어기반,보통,정확,매우 높음,115,0.407,수정 권장,동일 문장구조가 115회 반복,,최종 유지,해당 용어 후보 중 상대적으로 가장 자연스러운 대표 문장; 금융용어 사용 적절; 반복 골격이지만 용어별 대표 1문장으로 제한,보증사채의 조건과 수익 구조를 확인하고 싶습니다.
KO-FIN-01494,374,금융시장·거래,,보통거래,행위·절차,고객,확인,보통거래과 관련된 시장 정보를 확인하고 싶습니다.,용어기반,미흡,정확(문법 수정),매우 높음,236,0.355,수정 권장,조사 오류: '보통거래과' → '보통거래와'; 동일 문장구조가 236회 반복,보통거래와 관련된 시장 정보를 확인하고 싶습니다.,최종 유지,해당 용어 후보 중 상대적으로 가장 자연스러운 대표 문장; 조사/문법을 자동수정안으로 교정; 반복 골격이지만 용어별 대표 1문장으로 제한,보통거래와 관련된 시장 정보를 확인하고 싶습니다.
KO-FIN-01499,375,주식,,보통결의,일반개념,고객,상담,보통결의과 관련해 투자 전에 확인해야 할 사항이 있나요?,용어기반,미흡,정확(문법 수정),매우 높음,183,0.493,수정 권장,조사 오류: '보통결의과' → '보통결의와'; 동일 문장구조가 183회 반복,보통결의와 관련해 투자 전에 확인해야 할 사항이 있나요?,최종 유지,해당 용어 후보 중 상대적으로 가장 자연스러운 대표 문장; 조사/문법을 자동수정안으로 교정; 반복 골격이지만 용어별 대표 1문장으로 제한,보통결의와 관련해 투자 전에 확인해야 할 사항이 있나요?
KO-FIN-01503,376,주식,,보통주,일반개념,고객,상담,보통주과 관련해 투자 전에 확인해야 할 사항이 있나요?,용어기반,미흡,정확(문법 수정),매우 높음,183,0.478,수정 권장,조사 오류: '보통주과' → '보통주와'; 동일 문장구조가 183회 반복,보통주와 관련해 투자 전에 확인해야 할 사항이 있나요?,최종 유지,해당 용어 후보 중 상대적으로 가장 자연스러운 대표 문장; 조사/문법을 자동수정안으로 교정; 반복 골격이지만 용어별 대표 1문장으로 제한,보통주와 관련해 투자 전에 확인해야 할 사항이 있나요?
KO-FIN-01506,377,증권·예탁,,보호예수,일반개념,고객,확인,보호예수 처리 절차를 확인하고 싶습니다.,용어기반,보통,정확,매우 높음,241,0.64,수정 권장,동일 문장구조가 241회 반복,,최종 유지,해당 용어 후보 중 상대적으로 가장 자연스러운 대표 문장; 금융용어 사용 적절; 반복 골격이지만 용어별 대표 1문장으로 제한,보호예수 처리 절차를 확인하고 싶습니다.
KO-FIN-01510,378,증권·예탁,,보호예수증서,일반개념,고객,확인,보호예수증서 처리 절차를 확인하고 싶습니다.,용어기반,보통,정확,매우 높음,241,0.667,수정 권장,동일 문장구조가 241회 반복,,최종 유지,해당 용어 후보 중 상대적으로 가장 자연스러운 대표 문장; 금융용어 사용 적절; 반복 골격이지만 용어별 대표 1문장으로 제한,보호예수증서 처리 절차를 확인하고 싶습니다.
KO-FIN-01514,379,채권,,복리채,일반개념,고객,확인,복리채의 조건과 수익 구조를 확인하고 싶습니다.,용어기반,보통,정확,매우 높음,115,0.385,수정 권장,동일 문장구조가 115회 반복,,최종 유지,해당 용어 후보 중 상대적으로 가장 자연스러운 대표 문장; 금융용어 사용 적절; 반복 골격이지만 용어별 대표 1문장으로 제한,복리채의 조건과 수익 구조를 확인하고 싶습니다.
KO-FIN-01520,380,대출,,복수통화대출,상품·증권,은행,안내,복수통화대출은 심사 결과에 따라 이용 가능 여부가 달라질 수 있습니다.,용어기반,양호,정확,높음,35,0.467,수정 권장,유사 문장구조 반복(35회) 또는 동일 용어 내 유사도 높음,,최종 유지,실제 금융 문맥에서 자연스러움; 금융용어 사용 적절; 과도한 유사성 낮음,복수통화대출은 심사 결과에 따라 이용 가능 여부가 달라질 수 있습니다.
KO-FIN-01522,381,채권,,복수통화표시채,일반개념,고객,확인,복수통화표시채의 조건과 수익 구조를 확인하고 싶습니다.,용어기반,보통,정확,매우 높음,115,0.467,수정 권장,동일 문장구조가 115회 반복,,최종 유지,해당 용어 후보 중 상대적으로 가장 자연스러운 대표 문장; 금융용어 사용 적절; 반복 골격이지만 용어별 대표 1문장으로 제한,복수통화표시채의 조건과 수익 구조를 확인하고 싶습니다.
KO-FIN-01528,382,기타 금융일반,,본질가치,지표·개념,금융기관,안내,본질가치의 정확한 의미는 해당 금융거래의 맥락과 함께 확인해야 합니다.,용어기반,양호,정확,높음,21,0.413,수정 권장,유사 문장구조 반복(21회) 또는 동일 용어 내 유사도 높음,,최종 유지,실제 금융 문맥에서 자연스러움; 금융용어 사용 적절; 과도한 유사성 낮음,본질가치의 정확한 의미는 해당 금융거래의 맥락과 함께 확인해야 합니다.
KO-FIN-01530,383,금융시장·거래,,부당권유행위의 금지,일반개념,고객,확인,부당권유행위의 금지과 관련된 시장 정보를 확인하고 싶습니다.,용어기반,미흡,정확(문법 수정),매우 높음,236,0.473,수정 권장,조사 오류: '부당권유행위의 금지과' → '부당권유행위의 금지와'; 동일 문장구조가 236회 반복,부당권유행위의 금지와 관련된 시장 정보를 확인하고 싶습니다.,최종 유지,해당 용어 후보 중 상대적으로 가장 자연스러운 대표 문장; 조사/문법을 자동수정안으로 교정; 반복 골격이지만 용어별 대표 1문장으로 제한,부당권유행위의 금지와 관련된 시장 정보를 확인하고 싶습니다.
KO-FIN-01535,384,신용·리스크,금융기관·은행,부도방지협약,일반개념,고객,상담,부도방지협약을 줄이려면 어떤 점을 확인해야 하나요?,용어기반,양호,정확,높음,22,0.604,수정 권장,유사 문장구조 반복(22회) 또는 동일 용어 내 유사도 높음,,최종 유지,실제 금융 문맥에서 자연스러움; 금융용어 사용 적절; 과도한 유사성 낮음,부도방지협약을 줄이려면 어떤 점을 확인해야 하나요?
KO-FIN-01536,384,신용·리스크,금융기관·은행,부도방지협약,일반개념,금융기관,주의,부도방지협약은 거래 조건이나 이용 가능 여부에 영향을 줄 수 있습니다.,용어기반,양호,정확,높음,22,0.469,수정 권장,유사 문장구조 반복(22회) 또는 동일 용어 내 유사도 높음,,최종 유지,실제 금융 문맥에서 자연스러움; 금융용어 사용 적절; 과도한 유사성 낮음,부도방지협약은 거래 조건이나 이용 가능 여부에 영향을 줄 수 있습니다.
KO-FIN-01540,385,신용·리스크,,부도처리유예,일반개념,금융기관,주의,부도처리유예은 거래 조건이나 이용 가능 여부에 영향을 줄 수 있습니다.,용어기반,미흡,정확(문법 수정),높음,22,0.469,수정 권장,조사 오류: '부도처리유예은' → '부도처리유예는'; 유사 문장구조 반복(22회) 또는 동일 용어 내 유사도 높음,부도처리유예는 거래 조건이나 이용 가능 여부에 영향을 줄 수 있습니다.,최종 유지,해당 용어 후보 중 상대적으로 가장 자연스러운 대표 문장; 조사/문법을 자동수정안으로 교정; 과도한 유사성 낮음,부도처리유예는 거래 조건이나 이용 가능 여부에 영향을 줄 수 있습니다.
KO-FIN-01542,386,채권,,부동담보제도,법규·제도,고객,확인,부동담보제도의 조건과 수익 구조를 확인하고 싶습니다.,용어기반,보통,정확,매우 높음,115,0.448,수정 권장,동일 문장구조가 115회 반복,,최종 유지,해당 용어 후보 중 상대적으로 가장 자연스러운 대표 문장; 금융용어 사용 적절; 반복 골격이지만 용어별 대표 1문장으로 제한,부동담보제도의 조건과 수익 구조를 확인하고 싶습니다.
KO-FIN-01547,387,펀드·신탁,자산운용·투자 / 부동산금융,부동산 투자신탁,상품·증권,고객,상담,부동산 투자신탁에 가입하기 전에 어떤 점을 확인해야 하나요?,용어기반,양호,정확,높음,52,0.536,수정 권장,유사 문장구조 반복(52회) 또는 동일 용어 내 유사도 높음,,최종 유지,실제 금융 문맥에서 자연스러움; 금융용어 사용 적절; 과도한 유사성 낮음,부동산 투자신탁에 가입하기 전에 어떤 점을 확인해야 하나요?
KO-FIN-01551,388,주식,,부동주,일반개념,고객,상담,부동주과 관련해 투자 전에 확인해야 할 사항이 있나요?,용어기반,미흡,정확(문법 수정),매우 높음,183,0.478,수정 권장,조사 오류: '부동주과' → '부동주와'; 동일 문장구조가 183회 반복,부동주와 관련해 투자 전에 확인해야 할 사항이 있나요?,최종 유지,해당 용어 후보 중 상대적으로 가장 자연스러운 대표 문장; 조사/문법을 자동수정안으로 교정; 반복 골격이지만 용어별 대표 1문장으로 제한,부동주와 관련해 투자 전에 확인해야 할 사항이 있나요?
KO-FIN-01554,389,증권·예탁,,부동화,일반개념,고객,확인,부동화 처리 절차를 확인하고 싶습니다.,용어기반,보통,정확,매우 높음,241,0.625,수정 권장,동일 문장구조가 241회 반복,,최종 유지,해당 용어 후보 중 상대적으로 가장 자연스러운 대표 문장; 금융용어 사용 적절; 반복 골격이지만 용어별 대표 1문장으로 제한,부동화 처리 절차를 확인하고 싶습니다.
KO-FIN-01557,390,증권·예탁,,부보관기관,기관·조직,고객,질문,부보관기관이 무엇인지 설명해 주세요.,용어기반,보통,정확,매우 높음,705,0.531,유지(대표 1개만),동일 문장구조가 705회 반복,,최종 유지,해당 용어 후보 중 상대적으로 가장 자연스러운 대표 문장; 금융용어 사용 적절; 반복 골격이지만 용어별 대표 1문장으로 제한,부보관기관이 무엇인지 설명해 주세요.
KO-FIN-01561,391,채권,,부실채권 정리기금,일반개념,고객,질문,부실채권 정리기금이 무엇인지 설명해 주세요.,용어기반,보통,정확,매우 높음,705,0.464,유지(대표 1개만),동일 문장구조가 705회 반복,,최종 유지,해당 용어 후보 중 상대적으로 가장 자연스러운 대표 문장; 금융용어 사용 적절; 반복 골격이지만 용어별 대표 1문장으로 제한,부실채권 정리기금이 무엇인지 설명해 주세요.
KO-FIN-01565,392,채권,,부실채권,상품·증권,고객,질문,부실채권이 무엇인지 설명해 주세요.,용어기반,보통,정확,매우 높음,705,0.348,유지(대표 1개만),동일 문장구조가 705회 반복,,최종 유지,해당 용어 후보 중 상대적으로 가장 자연스러운 대표 문장; 금융용어 사용 적절; 반복 골격이지만 용어별 대표 1문장으로 제한,부실채권이 무엇인지 설명해 주세요.
KO-FIN-01569,393,채권,금융기관·은행,부실채권정리기금채권,상품·증권,고객,질문,부실채권정리기금채권이 무엇인지 설명해 주세요.,용어기반,보통,정확,매우 높음,705,0.483,유지(대표 1개만),동일 문장구조가 705회 반복,,최종 유지,해당 용어 후보 중 상대적으로 가장 자연스러운 대표 문장; 금융용어 사용 적절; 반복 골격이지만 용어별 대표 1문장으로 제한,부실채권정리기금채권이 무엇인지 설명해 주세요.
KO-FIN-01573,394,채권,법률·계약 / 자산운용·투자 / 주식,부전환대리인,사람·역할,고객,질문,부전환대리인이 무엇인지 설명해 주세요.,용어기반,보통,정확,매우 높음,705,0.4,유지(대표 1개만),동일 문장구조가 705회 반복,,최종 유지,해당 용어 후보 중 상대적으로 가장 자연스러운 대표 문장; 금융용어 사용 적절; 반복 골격이지만 용어별 대표 1문장으로 제한,부전환대리인이 무엇인지 설명해 주세요.
KO-FIN-01579,395,지급결제·청산,,분리결제,행위·절차,고객,문제,분리결제 과정에서 문제가 발생한 것 같습니다.,용어기반,보통,정확,매우 높음,86,0.511,수정 권장,동일 문장구조가 86회 반복,,최종 유지,해당 용어 후보 중 상대적으로 가장 자연스러운 대표 문장; 금융용어 사용 적절; 과도한 유사성 낮음,분리결제 과정에서 문제가 발생한 것 같습니다.
KO-FIN-01582,396,세금,주식,분리과세,일반개념,고객,질문,분리과세의 적용 기준을 알려주세요.,용어기반,양호,정확,낮음,11,0.432,유지,실제 금융 문맥에서 자연스럽고 용어 사용도 적절함,,최종 유지,실제 금융 문맥에서 자연스러움; 금융용어 사용 적절; 과도한 유사성 낮음,분리과세의 적용 기준을 알려주세요.
KO-FIN-01584,396,세금,주식,분리과세,일반개념,금융기관,안내,분리과세의 적용 여부는 거래 유형과 세법에 따라 달라질 수 있습니다.,용어기반,양호,정확,낮음,11,0.431,유지,실제 금융 문맥에서 자연스럽고 용어 사용도 적절함,,최종 유지,실제 금융 문맥에서 자연스러움; 금융용어 사용 적절; 과도한 유사성 낮음,분리과세의 적용 여부는 거래 유형과 세법에 따라 달라질 수 있습니다.
KO-FIN-01585,397,증권·예탁,,분리형증권,상품·증권,고객,질문,분리형증권이 무엇인지 설명해 주세요.,용어기반,보통,정확,매우 높음,705,0.531,유지(대표 1개만),동일 문장구조가 705회 반복,,최종 유지,해당 용어 후보 중 상대적으로 가장 자연스러운 대표 문장; 금융용어 사용 적절; 반복 골격이지만 용어별 대표 1문장으로 제한,분리형증권이 무엇인지 설명해 주세요.
KO-FIN-01589,398,증권·예탁,,분매기관,기관·조직,고객,질문,분매기관이 무엇인지 설명해 주세요.,용어기반,보통,정확,매우 높음,705,0.511,유지(대표 1개만),동일 문장구조가 705회 반복,,최종 유지,해당 용어 후보 중 상대적으로 가장 자연스러운 대표 문장; 금융용어 사용 적절; 반복 골격이지만 용어별 대표 1문장으로 제한,분매기관이 무엇인지 설명해 주세요.
KO-FIN-01594,399,금융시장·거래,증권·예탁,분배락조치,일반개념,고객,확인,분배락조치과 관련된 시장 정보를 확인하고 싶습니다.,용어기반,미흡,정확(문법 수정),매우 높음,236,0.375,수정 권장,조사 오류: '분배락조치과' → '분배락조치와'; 동일 문장구조가 236회 반복,분배락조치와 관련된 시장 정보를 확인하고 싶습니다.,최종 유지,해당 용어 후보 중 상대적으로 가장 자연스러운 대표 문장; 조사/문법을 자동수정안으로 교정; 반복 골격이지만 용어별 대표 1문장으로 제한,분배락조치와 관련된 시장 정보를 확인하고 싶습니다.
KO-FIN-01599,400,자산운용·투자,,분산투자,사람·역할,고객,확인,분산투자과 관련된 투자 정보를 확인하고 싶습니다.,용어기반,미흡,정확(문법 수정),높음,55,0.5,수정 권장,조사 오류: '분산투자과' → '분산투자와'; 유사 문장구조 반복(55회) 또는 동일 용어 내 유사도 높음,분산투자와 관련된 투자 정보를 확인하고 싶습니다.,최종 유지,해당 용어 후보 중 상대적으로 가장 자연스러운 대표 문장; 조사/문법을 자동수정안으로 교정; 과도한 유사성 낮음,분산투자와 관련된 투자 정보를 확인하고 싶습니다.
KO-FIN-01602,401,채권,,분할납입채,일반개념,고객,확인,분할납입채의 조건과 수익 구조를 확인하고 싶습니다.,용어기반,보통,정확,매우 높음,115,0.429,수정 권장,동일 문장구조가 115회 반복,,최종 유지,해당 용어 후보 중 상대적으로 가장 자연스러운 대표 문장; 금융용어 사용 적절; 반복 골격이지만 용어별 대표 1문장으로 제한,분할납입채의 조건과 수익 구조를 확인하고 싶습니다.
KO-FIN-01606,402,채권,,불독채,일반개념,고객,확인,불독채의 조건과 수익 구조를 확인하고 싶습니다.,용어기반,보통,정확,매우 높음,115,0.385,수정 권장,동일 문장구조가 115회 반복,,최종 유지,해당 용어 후보 중 상대적으로 가장 자연스러운 대표 문장; 금융용어 사용 적절; 반복 골격이지만 용어별 대표 1문장으로 제한,불독채의 조건과 수익 구조를 확인하고 싶습니다.
KO-FIN-01610,403,채권,,불릿채,일반개념,고객,확인,불릿채의 조건과 수익 구조를 확인하고 싶습니다.,용어기반,보통,정확,매우 높음,115,0.385,수정 권장,동일 문장구조가 115회 반복,,최종 유지,해당 용어 후보 중 상대적으로 가장 자연스러운 대표 문장; 금융용어 사용 적절; 반복 골격이지만 용어별 대표 1문장으로 제한,불릿채의 조건과 수익 구조를 확인하고 싶습니다.
KO-FIN-01613,404,채권,,브래디채권,상품·증권,고객,질문,브래디채권이 무엇인지 설명해 주세요.,용어기반,보통,정확,매우 높음,705,0.375,유지(대표 1개만),동일 문장구조가 705회 반복,,최종 유지,해당 용어 후보 중 상대적으로 가장 자연스러운 대표 문장; 금융용어 사용 적절; 반복 골격이지만 용어별 대표 1문장으로 제한,브래디채권이 무엇인지 설명해 주세요.
KO-FIN-01618,405,증권·예탁,,브로커,일반개념,고객,확인,브로커 처리 절차를 확인하고 싶습니다.,용어기반,보통,정확,매우 높음,241,0.625,수정 권장,동일 문장구조가 241회 반복,,최종 유지,해당 용어 후보 중 상대적으로 가장 자연스러운 대표 문장; 금융용어 사용 적절; 반복 골격이지만 용어별 대표 1문장으로 제한,브로커 처리 절차를 확인하고 싶습니다.
KO-FIN-01624,406,대출,,브로커스 론,상품·증권,은행,안내,브로커스 론은 심사 결과에 따라 이용 가능 여부가 달라질 수 있습니다.,용어기반,양호,정확,높음,35,0.467,수정 권장,유사 문장구조 반복(35회) 또는 동일 용어 내 유사도 높음,,최종 유지,실제 금융 문맥에서 자연스러움; 금융용어 사용 적절; 과도한 유사성 낮음,브로커스 론은 심사 결과에 따라 이용 가능 여부가 달라질 수 있습니다.
KO-FIN-01626,407,증권·예탁,지급결제·청산,브릿지,일반개념,고객,확인,브릿지 처리 절차를 확인하고 싶습니다.,용어기반,보통,정확,매우 높음,241,0.625,수정 권장,동일 문장구조가 241회 반복,,최종 유지,해당 용어 후보 중 상대적으로 가장 자연스러운 대표 문장; 금융용어 사용 적절; 반복 골격이지만 용어별 대표 1문장으로 제한,브릿지 처리 절차를 확인하고 싶습니다.
KO-FIN-01632,408,대출,,브릿지론,상품·증권,은행,안내,브릿지론은 심사 결과에 따라 이용 가능 여부가 달라질 수 있습니다.,용어기반,양호,정확,높음,35,0.429,수정 권장,유사 문장구조 반복(35회) 또는 동일 용어 내 유사도 높음,,최종 유지,실제 금융 문맥에서 자연스러움; 금융용어 사용 적절; 과도한 유사성 낮음,브릿지론은 심사 결과에 따라 이용 가능 여부가 달라질 수 있습니다.
KO-FIN-01634,409,채권,,블루 리스트,일반개념,고객,확인,블루 리스트의 조건과 수익 구조를 확인하고 싶습니다.,용어기반,보통,정확,매우 높음,115,0.448,수정 권장,동일 문장구조가 115회 반복,,최종 유지,해당 용어 후보 중 상대적으로 가장 자연스러운 대표 문장; 금융용어 사용 적절; 반복 골격이지만 용어별 대표 1문장으로 제한,블루 리스트의 조건과 수익 구조를 확인하고 싶습니다.
KO-FIN-01637,410,금융시장·거래,,비가격경쟁,일반개념,고객,질문,비가격경쟁이 무엇을 의미하나요?,용어기반,보통,정확,매우 높음,303,0.615,유지(대표 1개만),동일 문장구조가 303회 반복,,최종 유지,해당 용어 후보 중 상대적으로 가장 자연스러운 대표 문장; 금융용어 사용 적절; 반복 골격이지만 용어별 대표 1문장으로 제한,비가격경쟁이 무엇을 의미하나요?
KO-FIN-01641,411,해외송금·외환,,비거주자,사람·역할,고객,질문,비거주자에 대해 자세히 알려주세요.,용어기반,양호,정확,높음,21,0.537,수정 권장,유사 문장구조 반복(21회) 또는 동일 용어 내 유사도 높음,,최종 유지,실제 금융 문맥에서 자연스러움; 금융용어 사용 적절; 과도한 유사성 낮음,비거주자에 대해 자세히 알려주세요.
KO-FIN-01646,412,세금,,비과세소득,일반개념,고객,질문,비과세소득의 적용 기준을 알려주세요.,용어기반,양호,정확,낮음,11,0.462,유지,실제 금융 문맥에서 자연스럽고 용어 사용도 적절함,,최종 유지,실제 금융 문맥에서 자연스러움; 금융용어 사용 적절; 과도한 유사성 낮음,비과세소득의 적용 기준을 알려주세요.
KO-FIN-01648,412,세금,,비과세소득,일반개념,금융기관,안내,비과세소득의 적용 여부는 거래 유형과 세법에 따라 달라질 수 있습니다.,용어기반,양호,정확,낮음,11,0.448,유지,실제 금융 문맥에서 자연스럽고 용어 사용도 적절함,,최종 유지,실제 금융 문맥에서 자연스러움; 금융용어 사용 적절; 과도한 유사성 낮음,비과세소득의 적용 여부는 거래 유형과 세법에 따라 달라질 수 있습니다.
KO-FIN-01649,413,증권·예탁,금융시장·거래,비상장증권,상품·증권,고객,질문,비상장증권이 무엇인지 설명해 주세요.,용어기반,보통,정확,매우 높음,705,0.531,유지(대표 1개만),동일 문장구조가 705회 반복,,최종 유지,해당 용어 후보 중 상대적으로 가장 자연스러운 대표 문장; 금융용어 사용 적절; 반복 골격이지만 용어별 대표 1문장으로 제한,비상장증권이 무엇인지 설명해 주세요.
KO-FIN-01653,414,법률·계약,,비전형계약,일반개념,고객,질문,비전형계약이 금융거래에서 무엇을 의미하나요?,용어기반,양호,정확,높음,36,0.48,유지(대표 1개만),유사 문장구조 반복(36회) 또는 동일 용어 내 유사도 높음,,최종 유지,실제 금융 문맥에서 자연스러움; 금융용어 사용 적절; 과도한 유사성 낮음,비전형계약이 금융거래에서 무엇을 의미하나요?
KO-FIN-01659,415,신용·리스크,,비체계적 위험,지표·개념,고객,상담,비체계적 위험을 줄이려면 어떤 점을 확인해야 하나요?,용어기반,양호,정확,높음,22,0.618,수정 권장,유사 문장구조 반복(22회) 또는 동일 용어 내 유사도 높음,,최종 유지,실제 금융 문맥에서 자연스러움; 금융용어 사용 적절; 과도한 유사성 낮음,비체계적 위험을 줄이려면 어떤 점을 확인해야 하나요?
KO-FIN-01660,415,신용·리스크,,비체계적 위험,지표·개념,금융기관,주의,비체계적 위험은 거래 조건이나 이용 가능 여부에 영향을 줄 수 있습니다.,용어기반,양호,정확,높음,22,0.485,수정 권장,유사 문장구조 반복(22회) 또는 동일 용어 내 유사도 높음,,최종 유지,실제 금융 문맥에서 자연스러움; 금융용어 사용 적절; 과도한 유사성 낮음,비체계적 위험은 거래 조건이나 이용 가능 여부에 영향을 줄 수 있습니다.
KO-FIN-01664,416,금융기관·은행,,비통화금융기관,기관·조직,금융기관,안내,비통화금융기관과 관련된 세부 업무는 해당 기관의 안내를 확인해 주세요.,용어기반,양호,정확,높음,40,0.457,수정 권장,유사 문장구조 반복(40회) 또는 동일 용어 내 유사도 높음,,최종 유지,실제 금융 문맥에서 자연스러움; 금융용어 사용 적절; 과도한 유사성 낮음,비통화금융기관과 관련된 세부 업무는 해당 기관의 안내를 확인해 주세요.
KO-FIN-01666,417,증권·예탁,금융시장·거래,비회원증권회사,기관·조직,고객,확인,비회원증권회사 처리 절차를 확인하고 싶습니다.,용어기반,보통,정확,매우 높음,241,0.679,수정 권장,동일 문장구조가 241회 반복,,최종 유지,해당 용어 후보 중 상대적으로 가장 자연스러운 대표 문장; 금융용어 사용 적절; 반복 골격이지만 용어별 대표 1문장으로 제한,비회원증권회사 처리 절차를 확인하고 싶습니다.
KO-FIN-01669,418,금융시장·거래,,빅뱅,일반개념,고객,질문,빅뱅이 무엇을 의미하나요?,용어기반,보통,정확,매우 높음,303,0.545,유지(대표 1개만),동일 문장구조가 303회 반복,,최종 유지,해당 용어 후보 중 상대적으로 가장 자연스러운 대표 문장; 금융용어 사용 적절; 반복 골격이지만 용어별 대표 1문장으로 제한,빅뱅이 무엇을 의미하나요?
KO-FIN-01674,419,금융시장·거래,,빅보오드,일반개념,고객,확인,빅보오드과 관련된 시장 정보를 확인하고 싶습니다.,용어기반,미흡,정확(문법 수정),매우 높음,236,0.355,수정 권장,조사 오류: '빅보오드과' → '빅보오드와'; 동일 문장구조가 236회 반복,빅보오드와 관련된 시장 정보를 확인하고 싶습니다.,최종 유지,해당 용어 후보 중 상대적으로 가장 자연스러운 대표 문장; 조사/문법을 자동수정안으로 교정; 반복 골격이지만 용어별 대표 1문장으로 제한,빅보오드와 관련된 시장 정보를 확인하고 싶습니다.
KO-FIN-01679,420,자산운용·투자,,빗더마켓 전략,일반개념,고객,확인,빗더마켓 전략과 관련된 투자 정보를 확인하고 싶습니다.,용어기반,양호,정확,높음,55,0.543,수정 권장,유사 문장구조 반복(55회) 또는 동일 용어 내 유사도 높음,,최종 유지,실제 금융 문맥에서 자연스러움; 금융용어 사용 적절; 과도한 유사성 낮음,빗더마켓 전략과 관련된 투자 정보를 확인하고 싶습니다.
KO-FIN-01681,421,금융 지원,,사고신고,행위·절차,고객,요청,사고신고 관련 상담을 받고 싶습니다.,용어기반,양호,정확,낮음,1,0.566,유지,실제 금융 문맥에서 자연스럽고 용어 사용도 적절함,,최종 유지,실제 금융 문맥에서 자연스러움; 금융용어 사용 적절; 과도한 유사성 낮음,사고신고 관련 상담을 받고 싶습니다.
KO-FIN-01684,421,금융 지원,,사고신고,행위·절차,은행,안내,사고신고 관련 업무는 고객센터를 통해 안내받을 수 있습니다.,용어기반,양호,정확,낮음,1,0.566,유지,실제 금융 문맥에서 자연스럽고 용어 사용도 적절함,,최종 유지,실제 금융 문맥에서 자연스러움; 금융용어 사용 적절; 과도한 유사성 낮음,사고신고 관련 업무는 고객센터를 통해 안내받을 수 있습니다.
KO-FIN-01686,422,증권·예탁,,사고증권 가신고제도,법규·제도,고객,확인,사고증권 가신고제도 처리 절차를 확인하고 싶습니다.,용어기반,보통,정확,매우 높음,241,0.71,수정 권장,동일 문장구조가 241회 반복,,최종 유지,해당 용어 후보 중 상대적으로 가장 자연스러운 대표 문장; 금융용어 사용 적절; 반복 골격이지만 용어별 대표 1문장으로 제한,사고증권 가신고제도 처리 절차를 확인하고 싶습니다.
KO-FIN-01689,423,증권·예탁,,사고증권,상품·증권,고객,질문,사고증권이 무엇인지 설명해 주세요.,용어기반,보통,정확,매우 높음,705,0.511,유지(대표 1개만),동일 문장구조가 705회 반복,,최종 유지,해당 용어 후보 중 상대적으로 가장 자연스러운 대표 문장; 금융용어 사용 적절; 반복 골격이지만 용어별 대표 1문장으로 제한,사고증권이 무엇인지 설명해 주세요.
KO-FIN-01695,424,주식,,사내유보,일반개념,고객,상담,사내유보과 관련해 투자 전에 확인해야 할 사항이 있나요?,용어기반,미흡,정확(문법 수정),매우 높음,183,0.493,수정 권장,조사 오류: '사내유보과' → '사내유보와'; 동일 문장구조가 183회 반복,사내유보와 관련해 투자 전에 확인해야 할 사항이 있나요?,최종 유지,해당 용어 후보 중 상대적으로 가장 자연스러운 대표 문장; 조사/문법을 자동수정안으로 교정; 반복 골격이지만 용어별 대표 1문장으로 제한,사내유보와 관련해 투자 전에 확인해야 할 사항이 있나요?
KO-FIN-01697,425,채권,,사다리형 만기구성전략,일반개념,고객,질문,사다리형 만기구성전략이 무엇인지 설명해 주세요.,용어기반,보통,정확,매우 높음,705,0.5,유지(대표 1개만),동일 문장구조가 705회 반복,,최종 유지,해당 용어 후보 중 상대적으로 가장 자연스러운 대표 문장; 금융용어 사용 적절; 반복 골격이지만 용어별 대표 1문장으로 제한,사다리형 만기구성전략이 무엇인지 설명해 주세요.
KO-FIN-01704,426,기업금융·자본조달,증권·예탁,사모,일반개념,금융기관,안내,사모의 세부 조건과 절차는 거래 유형에 따라 달라질 수 있습니다.,용어기반,양호,정확,높음,25,0.452,수정 권장,유사 문장구조 반복(25회) 또는 동일 용어 내 유사도 높음,,최종 유지,실제 금융 문맥에서 자연스러움; 금융용어 사용 적절; 과도한 유사성 낮음,사모의 세부 조건과 절차는 거래 유형에 따라 달라질 수 있습니다.
KO-FIN-01707,427,펀드·신탁,기업금융·자본조달 / 자산운용·투자,사모펀드,상품·증권,고객,상담,사모펀드에 가입하기 전에 어떤 점을 확인해야 하나요?,용어기반,양호,정확,높음,52,0.458,수정 권장,유사 문장구조 반복(52회) 또는 동일 용어 내 유사도 높음,,최종 유지,실제 금융 문맥에서 자연스러움; 금융용어 사용 적절; 과도한 유사성 낮음,사모펀드에 가입하기 전에 어떤 점을 확인해야 하나요?
KO-FIN-01709,428,대출,,사무라이본드,상품·증권,고객,질문,사무라이본드의 이용 조건을 알려주세요.,용어기반,양호,정확,높음,39,0.481,수정 권장,유사 문장구조 반복(39회) 또는 동일 용어 내 유사도 높음,,최종 유지,실제 금융 문맥에서 자연스러움; 금융용어 사용 적절; 과도한 유사성 낮음,사무라이본드의 이용 조건을 알려주세요.
KO-FIN-01713,429,금융시장·거래,증권·예탁,사설증권시장,시스템·인프라,고객,질문,사설증권시장이 무엇을 의미하나요?,용어기반,보통,정확,매우 높음,303,0.634,유지(대표 1개만),동일 문장구조가 303회 반복,,최종 유지,해당 용어 후보 중 상대적으로 가장 자연스러운 대표 문장; 금융용어 사용 적절; 반복 골격이지만 용어별 대표 1문장으로 제한,사설증권시장이 무엇을 의미하나요?
KO-FIN-01718,430,금융시장·거래,금융법규·감독,사업보고서,일반개념,고객,확인,사업보고서과 관련된 시장 정보를 확인하고 싶습니다.,용어기반,미흡,정확(문법 수정),매우 높음,236,0.375,수정 권장,조사 오류: '사업보고서과' → '사업보고서와'; 동일 문장구조가 236회 반복,사업보고서와 관련된 시장 정보를 확인하고 싶습니다.,최종 유지,해당 용어 후보 중 상대적으로 가장 자연스러운 대표 문장; 조사/문법을 자동수정안으로 교정; 반복 골격이지만 용어별 대표 1문장으로 제한,사업보고서와 관련된 시장 정보를 확인하고 싶습니다.
KO-FIN-01722,431,증권·예탁,,사업설명서,일반개념,고객,확인,사업설명서 처리 절차를 확인하고 싶습니다.,용어기반,보통,정확,매우 높음,241,0.654,수정 권장,동일 문장구조가 241회 반복,,최종 유지,해당 용어 후보 중 상대적으로 가장 자연스러운 대표 문장; 금융용어 사용 적절; 반복 골격이지만 용어별 대표 1문장으로 제한,사업설명서 처리 절차를 확인하고 싶습니다.
KO-FIN-01725,432,금융시장·거래,,사이또리회원,일반개념,고객,질문,사이또리회원이 무엇을 의미하나요?,용어기반,보통,정확,매우 높음,303,0.634,유지(대표 1개만),동일 문장구조가 303회 반복,,최종 유지,해당 용어 후보 중 상대적으로 가장 자연스러운 대표 문장; 금융용어 사용 적절; 반복 골격이지만 용어별 대표 1문장으로 제한,사이또리회원이 무엇을 의미하나요?
KO-FIN-01731,433,주식,,사이버 주주총회,일반개념,고객,상담,사이버 주주총회과 관련해 투자 전에 확인해야 할 사항이 있나요?,용어기반,미흡,정확(문법 수정),매우 높음,183,0.545,수정 권장,조사 오류: '사이버 주주총회과' → '사이버 주주총회와'; 동일 문장구조가 183회 반복,사이버 주주총회와 관련해 투자 전에 확인해야 할 사항이 있나요?,최종 유지,해당 용어 후보 중 상대적으로 가장 자연스러운 대표 문장; 조사/문법을 자동수정안으로 교정; 반복 골격이지만 용어별 대표 1문장으로 제한,사이버 주주총회와 관련해 투자 전에 확인해야 할 사항이 있나요?
KO-FIN-01733,434,금융시장·거래,,사전매매대조과정,일반개념,고객,질문,사전매매대조과정이 무엇을 의미하나요?,용어기반,보통,정확,매우 높음,303,0.667,유지(대표 1개만),동일 문장구조가 303회 반복,,최종 유지,해당 용어 후보 중 상대적으로 가장 자연스러운 대표 문장; 금융용어 사용 적절; 반복 골격이지만 용어별 대표 1문장으로 제한,사전매매대조과정이 무엇을 의미하나요?
KO-FIN-01737,435,채권,,사채권,상품·증권,고객,질문,사채권이 무엇인지 설명해 주세요.,용어기반,보통,정확,매우 높음,705,0.318,유지(대표 1개만),동일 문장구조가 705회 반복,,최종 유지,해당 용어 후보 중 상대적으로 가장 자연스러운 대표 문장; 금융용어 사용 적절; 반복 골격이지만 용어별 대표 1문장으로 제한,사채권이 무엇인지 설명해 주세요.
KO-FIN-01741,436,채권,기업금융·자본조달 / 증권·예탁 / 금융법규·감독,사채발행,행위·절차,고객,질문,사채발행이 무엇인지 설명해 주세요.,용어기반,보통,정확,매우 높음,705,0.348,유지(대표 1개만),동일 문장구조가 705회 반복,,최종 유지,해당 용어 후보 중 상대적으로 가장 자연스러운 대표 문장; 금융용어 사용 적절; 반복 골격이지만 용어별 대표 1문장으로 제한,사채발행이 무엇인지 설명해 주세요.
KO-FIN-01746,437,채권,,사채원부,일반개념,고객,확인,사채원부의 조건과 수익 구조를 확인하고 싶습니다.,용어기반,보통,정확,매우 높음,115,0.407,수정 권장,동일 문장구조가 115회 반복,,최종 유지,해당 용어 후보 중 상대적으로 가장 자연스러운 대표 문장; 금융용어 사용 적절; 반복 골격이지만 용어별 대표 1문장으로 제한,사채원부의 조건과 수익 구조를 확인하고 싶습니다.
KO-FIN-01749,438,채권,,산업금융채권,상품·증권,고객,질문,산업금융채권이 무엇인지 설명해 주세요.,용어기반,보통,정확,매우 높음,705,0.4,유지(대표 1개만),동일 문장구조가 705회 반복,,최종 유지,해당 용어 후보 중 상대적으로 가장 자연스러운 대표 문장; 금융용어 사용 적절; 반복 골격이지만 용어별 대표 1문장으로 제한,산업금융채권이 무엇인지 설명해 주세요.
KO-FIN-01753,439,지급결제·청산,금융시장·거래,상계적 차감,일반개념,고객,질문,상계적 차감이 무엇인지 설명해 주세요.,용어기반,보통,정확,매우 높음,705,0.549,유지(대표 1개만),동일 문장구조가 705회 반복,,최종 유지,해당 용어 후보 중 상대적으로 가장 자연스러운 대표 문장; 금융용어 사용 적절; 반복 골격이지만 용어별 대표 1문장으로 제한,상계적 차감이 무엇인지 설명해 주세요.
KO-FIN-01758,440,금융시장·거래,,상대매매,행위·절차,고객,확인,상대매매과 관련된 시장 정보를 확인하고 싶습니다.,용어기반,미흡,정확(문법 수정),중복,236,1,수정 권장,조사 오류: '상대매매과' → '상대매매와'; 완전 동일 문장 2회,상대매매와 관련된 시장 정보를 확인하고 싶습니다.,최종 유지,해당 용어 후보 중 상대적으로 가장 자연스러운 대표 문장; 조사/문법을 자동수정안으로 교정; 반복 골격이지만 용어별 대표 1문장으로 제한,상대매매와 관련된 시장 정보를 확인하고 싶습니다.
KO-FIN-01766,442,금융시장·거래,,상쇄거래,행위·절차,고객,확인,상쇄거래과 관련된 시장 정보를 확인하고 싶습니다.,용어기반,미흡,정확(문법 수정),매우 높음,236,0.355,수정 권장,조사 오류: '상쇄거래과' → '상쇄거래와'; 동일 문장구조가 236회 반복,상쇄거래와 관련된 시장 정보를 확인하고 싶습니다.,최종 유지,해당 용어 후보 중 상대적으로 가장 자연스러운 대표 문장; 조사/문법을 자동수정안으로 교정; 반복 골격이지만 용어별 대표 1문장으로 제한,상쇄거래와 관련된 시장 정보를 확인하고 싶습니다.
KO-FIN-01769,443,증권·예탁,법률·계약 / 주식 / 금융시장·거래,상임대리인,사람·역할,고객,질문,상임대리인이 무엇인지 설명해 주세요.,용어기반,보통,정확,매우 높음,705,0.531,유지(대표 1개만),동일 문장구조가 705회 반복,,최종 유지,해당 용어 후보 중 상대적으로 가장 자연스러운 대표 문장; 금융용어 사용 적절; 반복 골격이지만 용어별 대표 1문장으로 제한,상임대리인이 무엇인지 설명해 주세요.
KO-FIN-01773,444,금융시장·거래,,상장,일반개념,고객,질문,상장이 무엇을 의미하나요?,용어기반,보통,정확,매우 높음,303,0.545,유지(대표 1개만),동일 문장구조가 303회 반복,,최종 유지,해당 용어 후보 중 상대적으로 가장 자연스러운 대표 문장; 금융용어 사용 적절; 반복 골격이지만 용어별 대표 1문장으로 제한,상장이 무엇을 의미하나요?
KO-FIN-01777,445,금융시장·거래,증권·예탁 / 주식,상장심사기준,일반개념,고객,질문,상장심사기준이 무엇을 의미하나요?,용어기반,보통,정확,매우 높음,303,0.634,유지(대표 1개만),동일 문장구조가 303회 반복,,최종 유지,해당 용어 후보 중 상대적으로 가장 자연스러운 대표 문장; 금융용어 사용 적절; 반복 골격이지만 용어별 대표 1문장으로 제한,상장심사기준이 무엇을 의미하나요?
KO-FIN-01782,446,금융시장·거래,,상장회사협의회,일반개념,고객,확인,상장회사협의회과 관련된 시장 정보를 확인하고 싶습니다.,용어기반,미흡,정확(문법 수정),매우 높음,236,0.412,수정 권장,조사 오류: '상장회사협의회과' → '상장회사협의회와'; 동일 문장구조가 236회 반복,상장회사협의회와 관련된 시장 정보를 확인하고 싶습니다.,최종 유지,해당 용어 후보 중 상대적으로 가장 자연스러운 대표 문장; 조사/문법을 자동수정안으로 교정; 반복 골격이지만 용어별 대표 1문장으로 제한,상장회사협의회와 관련된 시장 정보를 확인하고 싶습니다.
KO-FIN-01785,447,증권·예탁,,상품유가증권,상품·증권,고객,질문,상품유가증권이 무엇인지 설명해 주세요.,용어기반,보통,정확,매우 높음,705,0.549,유지(대표 1개만),동일 문장구조가 705회 반복,,최종 유지,해당 용어 후보 중 상대적으로 가장 자연스러운 대표 문장; 금융용어 사용 적절; 반복 골격이지만 용어별 대표 1문장으로 제한,상품유가증권이 무엇인지 설명해 주세요.
KO-FIN-01789,448,지급결제·청산,금융시장·거래,상호결제제도,법규·제도,고객,질문,상호결제제도이 무엇인지 설명해 주세요.,용어기반,미흡,정확(문법 수정),매우 높음,705,0.549,수정 권장,조사 오류: '상호결제제도이' → '상호결제제도가'; 동일 문장구조가 705회 반복,상호결제제도가 무엇인지 설명해 주세요.,최종 유지,해당 용어 후보 중 상대적으로 가장 자연스러운 대표 문장; 조사/문법을 자동수정안으로 교정; 반복 골격이지만 용어별 대표 1문장으로 제한,상호결제제도가 무엇인지 설명해 주세요.
KO-FIN-01794,449,증권·예탁,자산운용·투자 / 지급결제·청산,상호다중연계,일반개념,고객,확인,상호다중연계 처리 절차를 확인하고 싶습니다.,용어기반,보통,정확,매우 높음,241,0.667,수정 권장,동일 문장구조가 241회 반복,,최종 유지,해당 용어 후보 중 상대적으로 가장 자연스러운 대표 문장; 금융용어 사용 적절; 반복 골격이지만 용어별 대표 1문장으로 제한,상호다중연계 처리 절차를 확인하고 싶습니다.
KO-FIN-01798,450,증권·예탁,,상호단일연계,일반개념,고객,확인,상호단일연계 처리 절차를 확인하고 싶습니다.,용어기반,보통,정확,매우 높음,241,0.667,수정 권장,동일 문장구조가 241회 반복,,최종 유지,해당 용어 후보 중 상대적으로 가장 자연스러운 대표 문장; 금융용어 사용 적절; 반복 골격이지만 용어별 대표 1문장으로 제한,상호단일연계 처리 절차를 확인하고 싶습니다.
KO-FIN-01802,451,금융시장·거래,증권·예탁,상호동시거래,행위·절차,고객,확인,상호동시거래과 관련된 시장 정보를 확인하고 싶습니다.,용어기반,미흡,정확(문법 수정),중복,236,1,수정 권장,조사 오류: '상호동시거래과' → '상호동시거래와'; 완전 동일 문장 2회,상호동시거래와 관련된 시장 정보를 확인하고 싶습니다.,최종 유지,해당 용어 후보 중 상대적으로 가장 자연스러운 대표 문장; 조사/문법을 자동수정안으로 교정; 반복 골격이지만 용어별 대표 1문장으로 제한,상호동시거래와 관련된 시장 정보를 확인하고 싶습니다.
KO-FIN-01810,453,증권·예탁,,상호연계,일반개념,고객,확인,상호연계 처리 절차를 확인하고 싶습니다.,용어기반,보통,정확,매우 높음,241,0.64,수정 권장,동일 문장구조가 241회 반복,,최종 유지,해당 용어 후보 중 상대적으로 가장 자연스러운 대표 문장; 금융용어 사용 적절; 반복 골격이지만 용어별 대표 1문장으로 제한,상호연계 처리 절차를 확인하고 싶습니다.
KO-FIN-01815,454,주식,금융법규·감독,상호주,일반개념,고객,상담,상호주과 관련해 투자 전에 확인해야 할 사항이 있나요?,용어기반,미흡,정확(문법 수정),매우 높음,183,0.478,수정 권장,조사 오류: '상호주과' → '상호주와'; 동일 문장구조가 183회 반복,상호주와 관련해 투자 전에 확인해야 할 사항이 있나요?,최종 유지,해당 용어 후보 중 상대적으로 가장 자연스러운 대표 문장; 조사/문법을 자동수정안으로 교정; 반복 골격이지만 용어별 대표 1문장으로 제한,상호주와 관련해 투자 전에 확인해야 할 사항이 있나요?
KO-FIN-01819,455,자산운용·투자,,상환,행위·절차,고객,확인,상환과 관련된 투자 정보를 확인하고 싶습니다.,용어기반,양호,정확,높음,55,0.467,수정 권장,유사 문장구조 반복(55회) 또는 동일 용어 내 유사도 높음,,최종 유지,실제 금융 문맥에서 자연스러움; 금융용어 사용 적절; 과도한 유사성 낮음,상환과 관련된 투자 정보를 확인하고 싶습니다.
KO-FIN-01823,456,주식,,상환주,일반개념,고객,상담,상환주과 관련해 투자 전에 확인해야 할 사항이 있나요?,용어기반,미흡,정확(문법 수정),매우 높음,183,0.478,수정 권장,조사 오류: '상환주과' → '상환주와'; 동일 문장구조가 183회 반복,상환주와 관련해 투자 전에 확인해야 할 사항이 있나요?,최종 유지,해당 용어 후보 중 상대적으로 가장 자연스러운 대표 문장; 조사/문법을 자동수정안으로 교정; 반복 골격이지만 용어별 대표 1문장으로 제한,상환주와 관련해 투자 전에 확인해야 할 사항이 있나요?
KO-FIN-01827,457,주식,,서면투표제,일반개념,고객,상담,서면투표제과 관련해 투자 전에 확인해야 할 사항이 있나요?,용어기반,미흡,정확(문법 수정),매우 높음,183,0.507,수정 권장,조사 오류: '서면투표제과' → '서면투표제와'; 동일 문장구조가 183회 반복,서면투표제와 관련해 투자 전에 확인해야 할 사항이 있나요?,최종 유지,해당 용어 후보 중 상대적으로 가장 자연스러운 대표 문장; 조사/문법을 자동수정안으로 교정; 반복 골격이지만 용어별 대표 1문장으로 제한,서면투표제와 관련해 투자 전에 확인해야 할 사항이 있나요?
KO-FIN-01830,458,금융시장·거래,파생상품,선도거래,행위·절차,고객,확인,선도거래과 관련된 시장 정보를 확인하고 싶습니다.,용어기반,미흡,정확(문법 수정),매우 높음,236,0.355,수정 권장,조사 오류: '선도거래과' → '선도거래와'; 동일 문장구조가 236회 반복,선도거래와 관련된 시장 정보를 확인하고 싶습니다.,최종 유지,해당 용어 후보 중 상대적으로 가장 자연스러운 대표 문장; 조사/문법을 자동수정안으로 교정; 반복 골격이지만 용어별 대표 1문장으로 제한,선도거래와 관련된 시장 정보를 확인하고 싶습니다.
KO-FIN-01833,459,법률·계약,파생상품 / 금융시장·거래,선도계약,일반개념,고객,질문,선도계약이 금융거래에서 무엇을 의미하나요?,용어기반,양호,정확,높음,36,0.458,유지(대표 1개만),유사 문장구조 반복(36회) 또는 동일 용어 내 유사도 높음,,최종 유지,실제 금융 문맥에서 자연스러움; 금융용어 사용 적절; 과도한 유사성 낮음,선도계약이 금융거래에서 무엇을 의미하나요?
KO-FIN-01838,460,금융시장·거래,파생상품 / 자산운용·투자,선물거래,행위·절차,고객,확인,선물거래과 관련된 시장 정보를 확인하고 싶습니다.,용어기반,미흡,정확(문법 수정),매우 높음,236,0.355,수정 권장,조사 오류: '선물거래과' → '선물거래와'; 동일 문장구조가 236회 반복,선물거래와 관련된 시장 정보를 확인하고 싶습니다.,최종 유지,해당 용어 후보 중 상대적으로 가장 자연스러운 대표 문장; 조사/문법을 자동수정안으로 교정; 반복 골격이지만 용어별 대표 1문장으로 제한,선물거래와 관련된 시장 정보를 확인하고 싶습니다.
KO-FIN-01844,461,금융시장·거래,파생상품,선물거래위원회,기관·조직,금융기관,안내,선물거래위원회을 확인할 때 시장 상황과 거래 조건을 함께 살펴보세요.,용어기반,미흡,정확(문법 수정),매우 높음,236,0.452,수정 권장,조사 오류: '선물거래위원회을' → '선물거래위원회를'; 동일 문장구조가 236회 반복,선물거래위원회를 확인할 때 시장 상황과 거래 조건을 함께 살펴보세요.,최종 유지,해당 용어 후보 중 상대적으로 가장 자연스러운 대표 문장; 조사/문법을 자동수정안으로 교정; 반복 골격이지만 용어별 대표 1문장으로 제한,선물거래위원회를 확인할 때 시장 상황과 거래 조건을 함께 살펴보세요.
KO-FIN-01845,462,파생상품,법률·계약 / 금융시장·거래 / 지급결제·청산,선물계약,일반개념,고객,질문,선물계약이 무엇인지 쉽게 설명해 주세요.,용어기반,양호,정확,높음,53,0.356,유지(대표 1개만),유사 문장구조 반복(53회) 또는 동일 용어 내 유사도 높음,,최종 유지,실제 금융 문맥에서 자연스러움; 금융용어 사용 적절; 과도한 유사성 낮음,선물계약이 무엇인지 쉽게 설명해 주세요.
KO-FIN-01849,463,금융시장·거래,파생상품 / 지급결제·청산,선물시장,시스템·인프라,고객,질문,선물시장이 무엇을 의미하나요?,용어기반,보통,정확,매우 높음,303,0.595,유지(대표 1개만),동일 문장구조가 303회 반복,,최종 유지,해당 용어 후보 중 상대적으로 가장 자연스러운 대표 문장; 금융용어 사용 적절; 반복 골격이지만 용어별 대표 1문장으로 제한,선물시장이 무엇을 의미하나요?
KO-FIN-01853,464,파생상품,금융시장·거래,선물중개상,사람·역할,고객,질문,선물중개상이 무엇인지 쉽게 설명해 주세요.,용어기반,양호,정확,높음,53,0.383,유지(대표 1개만),유사 문장구조 반복(53회) 또는 동일 용어 내 유사도 높음,,최종 유지,실제 금융 문맥에서 자연스러움; 금융용어 사용 적절; 과도한 유사성 낮음,선물중개상이 무엇인지 쉽게 설명해 주세요.
KO-FIN-01857,465,해외송금·외환,파생상품,선물환,일반개념,고객,질문,선물환에 대해 자세히 알려주세요.,용어기반,양호,정확,높음,21,0.513,수정 권장,유사 문장구조 반복(21회) 또는 동일 용어 내 유사도 높음,,최종 유지,실제 금융 문맥에서 자연스러움; 금융용어 사용 적절; 과도한 유사성 낮음,선물환에 대해 자세히 알려주세요.
KO-FIN-01858,465,해외송금·외환,파생상품,선물환,일반개념,고객,확인,선물환을 확인하고 싶습니다.,용어기반,양호,정확,높음,28,0.5,수정 권장,유사 문장구조 반복(28회) 또는 동일 용어 내 유사도 높음,,최종 유지,실제 금융 문맥에서 자연스러움; 금융용어 사용 적절; 과도한 유사성 낮음,선물환을 확인하고 싶습니다.
KO-FIN-01861,466,해외송금·외환,파생상품,선물환마진,지표·개념,고객,질문,선물환마진에 대해 자세히 알려주세요.,용어기반,양호,정확,높음,21,0.558,수정 권장,유사 문장구조 반복(21회) 또는 동일 용어 내 유사도 높음,,최종 유지,실제 금융 문맥에서 자연스러움; 금융용어 사용 적절; 과도한 유사성 낮음,선물환마진에 대해 자세히 알려주세요.
KO-FIN-01862,466,해외송금·외환,파생상품,선물환마진,지표·개념,고객,확인,선물환마진을 확인하고 싶습니다.,용어기반,양호,정확,높음,28,0.55,수정 권장,유사 문장구조 반복(28회) 또는 동일 용어 내 유사도 높음,,최종 유지,실제 금융 문맥에서 자연스러움; 금융용어 사용 적절; 과도한 유사성 낮음,선물환마진을 확인하고 싶습니다.
KO-FIN-01865,467,법률·계약,,선의취득,일반개념,고객,질문,선의취득이 금융거래에서 무엇을 의미하나요?,용어기반,양호,정확,높음,36,0.458,유지(대표 1개만),유사 문장구조 반복(36회) 또는 동일 용어 내 유사도 높음,,최종 유지,실제 금융 문맥에서 자연스러움; 금융용어 사용 적절; 과도한 유사성 낮음,선의취득이 금융거래에서 무엇을 의미하나요?
KO-FIN-01871,468,주식,,성장주,일반개념,고객,상담,성장주과 관련해 투자 전에 확인해야 할 사항이 있나요?,용어기반,미흡,정확(문법 수정),매우 높음,183,0.478,수정 권장,조사 오류: '성장주과' → '성장주와'; 동일 문장구조가 183회 반복,성장주와 관련해 투자 전에 확인해야 할 사항이 있나요?,최종 유지,해당 용어 후보 중 상대적으로 가장 자연스러운 대표 문장; 조사/문법을 자동수정안으로 교정; 반복 골격이지만 용어별 대표 1문장으로 제한,성장주와 관련해 투자 전에 확인해야 할 사항이 있나요?
KO-FIN-01876,469,법률·계약,,소비대차,행위·절차,금융기관,안내,소비대차의 적용 여부는 계약 내용과 관련 법령을 확인해야 합니다.,용어기반,양호,정확,높음,35,0.5,수정 권장,유사 문장구조 반복(35회) 또는 동일 용어 내 유사도 높음,,최종 유지,실제 금융 문맥에서 자연스러움; 금융용어 사용 적절; 과도한 유사성 낮음,소비대차의 적용 여부는 계약 내용과 관련 법령을 확인해야 합니다.
KO-FIN-01879,470,예금상품,법률·계약,소비임치,일반개념,고객,요청,소비임치에 대해 상담받고 싶습니다.,용어기반,양호,정확,높음,40,0.421,수정 권장,유사 문장구조 반복(40회) 또는 동일 용어 내 유사도 높음,,최종 유지,실제 금융 문맥에서 자연스러움; 금융용어 사용 적절; 과도한 유사성 낮음,소비임치에 대해 상담받고 싶습니다.
KO-FIN-01881,471,주식,,소수주주권,일반개념,고객,질문,소수주주권이 무엇인지 설명해 주세요.,용어기반,보통,정확,매우 높음,705,0.4,유지(대표 1개만),동일 문장구조가 705회 반복,,최종 유지,해당 용어 후보 중 상대적으로 가장 자연스러운 대표 문장; 금융용어 사용 적절; 반복 골격이지만 용어별 대표 1문장으로 제한,소수주주권이 무엇인지 설명해 주세요.
KO-FIN-01886,472,주식,,소액주주,사람·역할,고객,확인,소액주주과 관련된 정보를 확인하고 싶습니다.,용어기반,미흡,정확(문법 수정),매우 높음,183,0.516,수정 권장,조사 오류: '소액주주과' → '소액주주와'; 동일 문장구조가 183회 반복,소액주주와 관련된 정보를 확인하고 싶습니다.,최종 유지,해당 용어 후보 중 상대적으로 가장 자연스러운 대표 문장; 조사/문법을 자동수정안으로 교정; 반복 골격이지만 용어별 대표 1문장으로 제한,소액주주와 관련된 정보를 확인하고 싶습니다.
KO-FIN-01890,473,이체,,송금이체,행위·절차,고객,질문,송금이체을 이용하려면 어떻게 해야 하나요?,용어기반,미흡,정확(문법 수정),낮음,8,0.429,수정 권장,조사 오류: '송금이체을' → '송금이체를',송금이체를 이용하려면 어떻게 해야 하나요?,최종 유지,해당 용어 후보 중 상대적으로 가장 자연스러운 대표 문장; 조사/문법을 자동수정안으로 교정; 과도한 유사성 낮음,송금이체를 이용하려면 어떻게 해야 하나요?
KO-FIN-01894,474,주식,,수권자본제도,법규·제도,고객,확인,수권자본제도과 관련된 정보를 확인하고 싶습니다.,용어기반,미흡,정확(문법 수정),매우 높음,183,0.545,수정 권장,조사 오류: '수권자본제도과' → '수권자본제도와'; 동일 문장구조가 183회 반복,수권자본제도와 관련된 정보를 확인하고 싶습니다.,최종 유지,해당 용어 후보 중 상대적으로 가장 자연스러운 대표 문장; 조사/문법을 자동수정안으로 교정; 반복 골격이지만 용어별 대표 1문장으로 제한,수권자본제도와 관련된 정보를 확인하고 싶습니다.
KO-FIN-01897,475,지급결제·청산,증권·예탁,수도부족분<결제부족분>,일반개념,고객,질문,수도부족분<결제부족분>이 무엇인지 설명해 주세요.,용어기반,보통,정확,매우 높음,705,0.635,유지(대표 1개만),동일 문장구조가 705회 반복,,최종 유지,해당 용어 후보 중 상대적으로 가장 자연스러운 대표 문장; 금융용어 사용 적절; 반복 골격이지만 용어별 대표 1문장으로 제한,수도부족분<결제부족분>이 무엇인지 설명해 주세요.
KO-FIN-01901,476,금융시장·거래,,수량우선의 원칙,법규·제도,고객,질문,수량우선의 원칙이 무엇을 의미하나요?,용어기반,보통,정확,매우 높음,303,0.667,유지(대표 1개만),동일 문장구조가 303회 반복,,최종 유지,해당 용어 후보 중 상대적으로 가장 자연스러운 대표 문장; 금융용어 사용 적절; 반복 골격이지만 용어별 대표 1문장으로 제한,수량우선의 원칙이 무엇을 의미하나요?
KO-FIN-01905,477,증권·예탁,,수요예측방식,일반개념,고객,질문,수요예측방식이 무엇인지 설명해 주세요.,용어기반,보통,정확,매우 높음,705,0.549,유지(대표 1개만),동일 문장구조가 705회 반복,,최종 유지,해당 용어 후보 중 상대적으로 가장 자연스러운 대표 문장; 금융용어 사용 적절; 반복 골격이지만 용어별 대표 1문장으로 제한,수요예측방식이 무엇인지 설명해 주세요.
KO-FIN-01909,478,채권,,수의상환<임의상환>,일반개념,고객,질문,수의상환<임의상환>이 무엇인지 설명해 주세요.,용어기반,보통,정확,매우 높음,705,0.483,유지(대표 1개만),동일 문장구조가 705회 반복,,최종 유지,해당 용어 후보 중 상대적으로 가장 자연스러운 대표 문장; 금융용어 사용 적절; 반복 골격이지만 용어별 대표 1문장으로 제한,수의상환<임의상환>이 무엇인지 설명해 주세요.
KO-FIN-01914,479,채권,,수의상환사채,상품·증권,고객,확인,수의상환사채의 조건과 수익 구조를 확인하고 싶습니다.,용어기반,보통,정확,매우 높음,115,0.448,수정 권장,동일 문장구조가 115회 반복,,최종 유지,해당 용어 후보 중 상대적으로 가장 자연스러운 대표 문장; 금융용어 사용 적절; 반복 골격이지만 용어별 대표 1문장으로 제한,수의상환사채의 조건과 수익 구조를 확인하고 싶습니다.
KO-FIN-01919,480,자산운용·투자,,수익률,지표·개념,고객,확인,수익률과 관련된 투자 정보를 확인하고 싶습니다.,용어기반,양호,정확,높음,55,0.484,수정 권장,유사 문장구조 반복(55회) 또는 동일 용어 내 유사도 높음,,최종 유지,실제 금융 문맥에서 자연스러움; 금융용어 사용 적절; 과도한 유사성 낮음,수익률과 관련된 투자 정보를 확인하고 싶습니다.
KO-FIN-01921,481,채권,,수익률곡선,일반개념,고객,질문,수익률곡선이 무엇인지 설명해 주세요.,용어기반,보통,정확,매우 높음,705,0.375,유지(대표 1개만),동일 문장구조가 705회 반복,,최종 유지,해당 용어 후보 중 상대적으로 가장 자연스러운 대표 문장; 금융용어 사용 적절; 반복 골격이지만 용어별 대표 1문장으로 제한,수익률곡선이 무엇인지 설명해 주세요.
KO-FIN-01927,482,자산운용·투자,,수익률곡선타기전략,일반개념,고객,확인,수익률곡선타기전략과 관련된 투자 정보를 확인하고 싶습니다.,용어기반,양호,정확,높음,55,0.568,수정 권장,유사 문장구조 반복(55회) 또는 동일 용어 내 유사도 높음,,최종 유지,실제 금융 문맥에서 자연스러움; 금융용어 사용 적절; 과도한 유사성 낮음,수익률곡선타기전략과 관련된 투자 정보를 확인하고 싶습니다.
KO-FIN-01930,483,채권,자산운용·투자,수익률스프레드,지표·개념,고객,확인,수익률스프레드의 조건과 수익 구조를 확인하고 싶습니다.,용어기반,보통,정확,매우 높음,115,0.467,수정 권장,동일 문장구조가 115회 반복,,최종 유지,해당 용어 후보 중 상대적으로 가장 자연스러운 대표 문장; 금융용어 사용 적절; 반복 골격이지만 용어별 대표 1문장으로 제한,수익률스프레드의 조건과 수익 구조를 확인하고 싶습니다.
KO-FIN-01938,485,펀드·신탁,증권·예탁,수익증권,상품·증권,고객,확인,수익증권의 운용 방식과 수수료를 확인하고 싶습니다.,용어기반,양호,정확,높음,52,0.516,수정 권장,유사 문장구조 반복(52회) 또는 동일 용어 내 유사도 높음,,최종 유지,실제 금융 문맥에서 자연스러움; 금융용어 사용 적절; 과도한 유사성 낮음,수익증권의 운용 방식과 수수료를 확인하고 싶습니다.
KO-FIN-01941,486,주식,,수정주가평균,일반개념,고객,질문,수정주가평균이 무엇인지 설명해 주세요.,용어기반,보통,정확,매우 높음,705,0.426,유지(대표 1개만),동일 문장구조가 705회 반복,,최종 유지,해당 용어 후보 중 상대적으로 가장 자연스러운 대표 문장; 금융용어 사용 적절; 반복 골격이지만 용어별 대표 1문장으로 제한,수정주가평균이 무엇인지 설명해 주세요.
KO-FIN-01945,487,금융시장·거래,펀드·신탁 / 법률·계약 / 증권·예탁,수탁계약준칙,일반개념,고객,질문,수탁계약준칙이 무엇을 의미하나요?,용어기반,보통,정확,매우 높음,303,0.634,유지(대표 1개만),동일 문장구조가 303회 반복,,최종 유지,해당 용어 후보 중 상대적으로 가장 자연스러운 대표 문장; 금융용어 사용 적절; 반복 골격이지만 용어별 대표 1문장으로 제한,수탁계약준칙이 무엇을 의미하나요?
KO-FIN-01957,490,주식,,순수무액면주식,상품·증권,고객,질문,순수무액면주식이 무엇인지 설명해 주세요.,용어기반,보통,정확,매우 높음,705,0.449,유지(대표 1개만),동일 문장구조가 705회 반복,,최종 유지,해당 용어 후보 중 상대적으로 가장 자연스러운 대표 문장; 금융용어 사용 적절; 반복 골격이지만 용어별 대표 1문장으로 제한,순수무액면주식이 무엇인지 설명해 주세요.
KO-FIN-01962,491,회계·재무,,순운전자본,일반개념,고객,확인,순운전자본을 통해 어떤 정보를 확인할 수 있나요?,용어기반,양호,정확,낮음,16,0.63,유지,실제 금융 문맥에서 자연스럽고 용어 사용도 적절함,,최종 유지,실제 금융 문맥에서 자연스러움; 금융용어 사용 적절; 과도한 유사성 낮음,순운전자본을 통해 어떤 정보를 확인할 수 있나요?
KO-FIN-01964,491,회계·재무,,순운전자본,일반개념,금융기관,안내,순운전자본은 기준 시점과 작성 기준을 함께 확인해야 합니다.,용어기반,양호,정확,낮음,16,0.367,유지,실제 금융 문맥에서 자연스럽고 용어 사용도 적절함,,최종 유지,실제 금융 문맥에서 자연스러움; 금융용어 사용 적절; 과도한 유사성 낮음,순운전자본은 기준 시점과 작성 기준을 함께 확인해야 합니다.
KO-FIN-01967,492,주식,,순자산가치,지표·개념,고객,상담,순자산가치과 관련해 투자 전에 확인해야 할 사항이 있나요?,용어기반,미흡,정확(문법 수정),매우 높음,183,0.507,수정 권장,조사 오류: '순자산가치과' → '순자산가치와'; 동일 문장구조가 183회 반복,순자산가치와 관련해 투자 전에 확인해야 할 사항이 있나요?,최종 유지,해당 용어 후보 중 상대적으로 가장 자연스러운 대표 문장; 조사/문법을 자동수정안으로 교정; 반복 골격이지만 용어별 대표 1문장으로 제한,순자산가치와 관련해 투자 전에 확인해야 할 사항이 있나요?
KO-FIN-01969,493,지급결제·청산,,순차변·순대변잔고포지션,지표·개념,고객,질문,순차변·순대변잔고포지션이 무엇인지 설명해 주세요.,용어기반,보통,정확,매우 높음,705,0.635,유지(대표 1개만),동일 문장구조가 705회 반복,,최종 유지,해당 용어 후보 중 상대적으로 가장 자연스러운 대표 문장; 금융용어 사용 적절; 반복 골격이지만 용어별 대표 1문장으로 제한,순차변·순대변잔고포지션이 무엇인지 설명해 주세요.
KO-FIN-01975,494,파생상품,금융시장·거래,스왑거래,행위·절차,고객,상담,스왑거래 거래에는 어떤 위험이 있나요?,용어기반,양호,정확,높음,38,0.455,수정 권장,유사 문장구조 반복(38회) 또는 동일 용어 내 유사도 높음,,최종 유지,실제 금융 문맥에서 자연스러움; 금융용어 사용 적절; 과도한 유사성 낮음,스왑거래 거래에는 어떤 위험이 있나요?
KO-FIN-01977,495,파생상품,,스왑션,일반개념,고객,질문,스왑션이 무엇인지 쉽게 설명해 주세요.,용어기반,양호,정확,높음,53,0.326,유지(대표 1개만),유사 문장구조 반복(53회) 또는 동일 용어 내 유사도 높음,,최종 유지,실제 금융 문맥에서 자연스러움; 금융용어 사용 적절; 과도한 유사성 낮음,스왑션이 무엇인지 쉽게 설명해 주세요.
KO-FIN-01984,496,금융시장·거래,파생상품,스위스옵션 금융선물거래소,기관·조직,금융기관,안내,스위스옵션 금융선물거래소을 확인할 때 시장 상황과 거래 조건을 함께 살펴보세요.,용어기반,미흡,정확(문법 수정),매우 높음,236,0.541,수정 권장,조사 오류: '스위스옵션 금융선물거래소을' → '스위스옵션 금융선물거래소를'; 동일 문장구조가 236회 반복,스위스옵션 금융선물거래소를 확인할 때 시장 상황과 거래 조건을 함께 살펴보세요.,최종 유지,해당 용어 후보 중 상대적으로 가장 자연스러운 대표 문장; 조사/문법을 자동수정안으로 교정; 반복 골격이지만 용어별 대표 1문장으로 제한,스위스옵션 금융선물거래소를 확인할 때 시장 상황과 거래 조건을 함께 살펴보세요.
KO-FIN-01986,497,금융시장·거래,,스칼퍼,일반개념,고객,확인,스칼퍼과 관련된 시장 정보를 확인하고 싶습니다.,용어기반,미흡,정확(문법 수정),매우 높음,236,0.333,수정 권장,조사 오류: '스칼퍼과' → '스칼퍼와'; 동일 문장구조가 236회 반복,스칼퍼와 관련된 시장 정보를 확인하고 싶습니다.,최종 유지,해당 용어 후보 중 상대적으로 가장 자연스러운 대표 문장; 조사/문법을 자동수정안으로 교정; 반복 골격이지만 용어별 대표 1문장으로 제한,스칼퍼와 관련된 시장 정보를 확인하고 싶습니다.
KO-FIN-01989,498,파생상품,주식,스톡옵션,상품·증권,고객,질문,스톡옵션이 무엇인지 쉽게 설명해 주세요.,용어기반,양호,정확,높음,53,0.356,유지(대표 1개만),유사 문장구조 반복(53회) 또는 동일 용어 내 유사도 높음,,최종 유지,실제 금융 문맥에서 자연스러움; 금융용어 사용 적절; 과도한 유사성 낮음,스톡옵션이 무엇인지 쉽게 설명해 주세요.
KO-FIN-01993,499,금융시장·거래,,스트래들,일반개념,고객,질문,스트래들이 무엇을 의미하나요?,용어기반,보통,정확,매우 높음,303,0.595,유지(대표 1개만),동일 문장구조가 303회 반복,,최종 유지,해당 용어 후보 중 상대적으로 가장 자연스러운 대표 문장; 금융용어 사용 적절; 반복 골격이지만 용어별 대표 1문장으로 제한,스트래들이 무엇을 의미하나요?
KO-FIN-01997,500,파생상품,,스트랩,일반개념,고객,질문,스트랩이 무엇인지 쉽게 설명해 주세요.,용어기반,양호,정확,높음,53,0.326,유지(대표 1개만),유사 문장구조 반복(53회) 또는 동일 용어 내 유사도 높음,,최종 유지,실제 금융 문맥에서 자연스러움; 금융용어 사용 적절; 과도한 유사성 낮음,스트랩이 무엇인지 쉽게 설명해 주세요.
KO-FIN-02001,501,법률·계약,,스트립,일반개념,고객,질문,스트립이 금융거래에서 무엇을 의미하나요?,용어기반,양호,정확,높음,36,0.435,유지(대표 1개만),유사 문장구조 반복(36회) 또는 동일 용어 내 유사도 높음,,최종 유지,실제 금융 문맥에서 자연스러움; 금융용어 사용 적절; 과도한 유사성 낮음,스트립이 금융거래에서 무엇을 의미하나요?
KO-FIN-02006,502,금융시장·거래,,스페셜리스트,일반개념,고객,확인,스페셜리스트과 관련된 시장 정보를 확인하고 싶습니다.,용어기반,미흡,정확(문법 수정),매우 높음,236,0.394,수정 권장,조사 오류: '스페셜리스트과' → '스페셜리스트와'; 동일 문장구조가 236회 반복,스페셜리스트와 관련된 시장 정보를 확인하고 싶습니다.,최종 유지,해당 용어 후보 중 상대적으로 가장 자연스러운 대표 문장; 조사/문법을 자동수정안으로 교정; 반복 골격이지만 용어별 대표 1문장으로 제한,스페셜리스트와 관련된 시장 정보를 확인하고 싶습니다.
KO-FIN-02011,503,펀드·신탁,,스폿펀드,상품·증권,고객,상담,스폿펀드에 가입하기 전에 어떤 점을 확인해야 하나요?,용어기반,양호,정확,높음,52,0.458,수정 권장,유사 문장구조 반복(52회) 또는 동일 용어 내 유사도 높음,,최종 유지,실제 금융 문맥에서 자연스러움; 금융용어 사용 적절; 과도한 유사성 낮음,스폿펀드에 가입하기 전에 어떤 점을 확인해야 하나요?
KO-FIN-02014,504,금융시장·거래,,스프레드,지표·개념,고객,확인,스프레드과 관련된 시장 정보를 확인하고 싶습니다.,용어기반,미흡,정확(문법 수정),매우 높음,236,0.355,수정 권장,조사 오류: '스프레드과' → '스프레드와'; 동일 문장구조가 236회 반복,스프레드와 관련된 시장 정보를 확인하고 싶습니다.,최종 유지,해당 용어 후보 중 상대적으로 가장 자연스러운 대표 문장; 조사/문법을 자동수정안으로 교정; 반복 골격이지만 용어별 대표 1문장으로 제한,스프레드와 관련된 시장 정보를 확인하고 싶습니다.
KO-FIN-02018,505,금융시장·거래,,스프레드거래,행위·절차,고객,확인,스프레드거래과 관련된 시장 정보를 확인하고 싶습니다.,용어기반,미흡,정확(문법 수정),매우 높음,236,0.394,수정 권장,조사 오류: '스프레드거래과' → '스프레드거래와'; 동일 문장구조가 236회 반복,스프레드거래와 관련된 시장 정보를 확인하고 싶습니다.,최종 유지,해당 용어 후보 중 상대적으로 가장 자연스러운 대표 문장; 조사/문법을 자동수정안으로 교정; 반복 골격이지만 용어별 대표 1문장으로 제한,스프레드거래와 관련된 시장 정보를 확인하고 싶습니다.
KO-FIN-02023,506,자산운용·투자,,스프레드운용,일반개념,고객,확인,스프레드운용과 관련된 투자 정보를 확인하고 싶습니다.,용어기반,양호,정확,높음,55,0.529,수정 권장,유사 문장구조 반복(55회) 또는 동일 용어 내 유사도 높음,,최종 유지,실제 금융 문맥에서 자연스러움; 금융용어 사용 적절; 과도한 유사성 낮음,스프레드운용과 관련된 투자 정보를 확인하고 싶습니다.
KO-FIN-02027,507,대출,,스프리트,일반개념,고객,요청,스프리트에 대해 상담받고 싶습니다.,용어기반,양호,정확,높음,40,0.56,수정 권장,유사 문장구조 반복(40회) 또는 동일 용어 내 유사도 높음,,최종 유지,실제 금융 문맥에서 자연스러움; 금융용어 사용 적절; 과도한 유사성 낮음,스프리트에 대해 상담받고 싶습니다.
KO-FIN-02032,508,기업금융·자본조달,주식,시가발행제도,법규·제도,금융기관,안내,시가발행제도의 세부 조건과 절차는 거래 유형에 따라 달라질 수 있습니다.,용어기반,양호,정확,높음,25,0.514,수정 권장,유사 문장구조 반복(25회) 또는 동일 용어 내 유사도 높음,,최종 유지,실제 금융 문맥에서 자연스러움; 금융용어 사용 적절; 과도한 유사성 낮음,시가발행제도의 세부 조건과 절차는 거래 유형에 따라 달라질 수 있습니다.
KO-FIN-02033,509,주식,,시가총액,일반개념,고객,질문,시가총액이 무엇인지 설명해 주세요.,용어기반,보통,정확,매우 높음,705,0.372,유지(대표 1개만),동일 문장구조가 705회 반복,,최종 유지,해당 용어 후보 중 상대적으로 가장 자연스러운 대표 문장; 금융용어 사용 적절; 반복 골격이지만 용어별 대표 1문장으로 제한,시가총액이 무엇인지 설명해 주세요.
KO-FIN-02039,510,주식,,시가총액식 주가지수,지표·개념,고객,상담,시가총액식 주가지수과 관련해 투자 전에 확인해야 할 사항이 있나요?,용어기반,미흡,정확(문법 수정),매우 높음,183,0.568,수정 권장,조사 오류: '시가총액식 주가지수과' → '시가총액식 주가지수와'; 동일 문장구조가 183회 반복,시가총액식 주가지수와 관련해 투자 전에 확인해야 할 사항이 있나요?,최종 유지,해당 용어 후보 중 상대적으로 가장 자연스러운 대표 문장; 조사/문법을 자동수정안으로 교정; 반복 골격이지만 용어별 대표 1문장으로 제한,시가총액식 주가지수와 관련해 투자 전에 확인해야 할 사항이 있나요?
KO-FIN-02042,511,금융시장·거래,,시간외 종가매매,행위·절차,고객,확인,시간외 종가매매과 관련된 시장 정보를 확인하고 싶습니다.,용어기반,미흡,정확(문법 수정),매우 높음,236,0.431,수정 권장,조사 오류: '시간외 종가매매과' → '시간외 종가매매와'; 동일 문장구조가 236회 반복,시간외 종가매매와 관련된 시장 정보를 확인하고 싶습니다.,최종 유지,해당 용어 후보 중 상대적으로 가장 자연스러운 대표 문장; 조사/문법을 자동수정안으로 교정; 반복 골격이지만 용어별 대표 1문장으로 제한,시간외 종가매매와 관련된 시장 정보를 확인하고 싶습니다.
KO-FIN-02045,512,금융시장·거래,,시간우선의 원칙,법규·제도,고객,질문,시간우선의 원칙이 무엇을 의미하나요?,용어기반,보통,정확,매우 높음,303,0.667,유지(대표 1개만),동일 문장구조가 303회 반복,,최종 유지,해당 용어 후보 중 상대적으로 가장 자연스러운 대표 문장; 금융용어 사용 적절; 반복 골격이지만 용어별 대표 1문장으로 제한,시간우선의 원칙이 무엇을 의미하나요?
KO-FIN-02050,513,신용·리스크,,시스템위험,지표·개념,고객,질문,시스템위험이 금융거래에 어떤 영향을 주나요?,용어기반,양호,정확,높음,22,0.588,수정 권장,유사 문장구조 반복(22회) 또는 동일 용어 내 유사도 높음,,최종 유지,실제 금융 문맥에서 자연스러움; 금융용어 사용 적절; 과도한 유사성 낮음,시스템위험이 금융거래에 어떤 영향을 주나요?
KO-FIN-02052,513,신용·리스크,,시스템위험,지표·개념,금융기관,주의,시스템위험은 거래 조건이나 이용 가능 여부에 영향을 줄 수 있습니다.,용어기반,양호,정확,높음,22,0.452,수정 권장,유사 문장구조 반복(22회) 또는 동일 용어 내 유사도 높음,,최종 유지,실제 금융 문맥에서 자연스러움; 금융용어 사용 적절; 과도한 유사성 낮음,시스템위험은 거래 조건이나 이용 가능 여부에 영향을 줄 수 있습니다.
KO-FIN-02053,514,금융시장·거래,대출 / 자산운용·투자 / 채권,시장분할이론,상품·증권,고객,질문,시장분할이론이 무엇을 의미하나요?,용어기반,보통,정확,매우 높음,303,0.634,유지(대표 1개만),동일 문장구조가 303회 반복,,최종 유지,해당 용어 후보 중 상대적으로 가장 자연스러운 대표 문장; 금융용어 사용 적절; 반복 골격이지만 용어별 대표 1문장으로 제한,시장분할이론이 무엇을 의미하나요?
KO-FIN-02058,515,신용·리스크,금융시장·거래 / 금융기관·은행,시장위험,지표·개념,고객,질문,시장위험이 금융거래에 어떤 영향을 주나요?,용어기반,양호,정확,높음,22,0.571,수정 권장,유사 문장구조 반복(22회) 또는 동일 용어 내 유사도 높음,,최종 유지,실제 금융 문맥에서 자연스러움; 금융용어 사용 적절; 과도한 유사성 낮음,시장위험이 금융거래에 어떤 영향을 주나요?
KO-FIN-02060,515,신용·리스크,금융시장·거래 / 금융기관·은행,시장위험,지표·개념,금융기관,주의,시장위험은 거래 조건이나 이용 가능 여부에 영향을 줄 수 있습니다.,용어기반,양호,정확,높음,22,0.433,수정 권장,유사 문장구조 반복(22회) 또는 동일 용어 내 유사도 높음,,최종 유지,실제 금융 문맥에서 자연스러움; 금융용어 사용 적절; 과도한 유사성 낮음,시장위험은 거래 조건이나 이용 가능 여부에 영향을 줄 수 있습니다.
KO-FIN-02061,516,금융시장·거래,,시장주문,일반개념,고객,질문,시장주문이 무엇을 의미하나요?,용어기반,보통,정확,매우 높음,303,0.595,유지(대표 1개만),동일 문장구조가 303회 반복,,최종 유지,해당 용어 후보 중 상대적으로 가장 자연스러운 대표 문장; 금융용어 사용 적절; 반복 골격이지만 용어별 대표 1문장으로 제한,시장주문이 무엇을 의미하나요?
KO-FIN-02065,517,금융시장·거래,,시장타이밍수입,일반개념,고객,질문,시장타이밍수입이 무엇을 의미하나요?,용어기반,보통,정확,매우 높음,303,0.651,유지(대표 1개만),동일 문장구조가 303회 반복,,최종 유지,해당 용어 후보 중 상대적으로 가장 자연스러운 대표 문장; 금융용어 사용 적절; 반복 골격이지만 용어별 대표 1문장으로 제한,시장타이밍수입이 무엇을 의미하나요?
KO-FIN-02071,518,자산운용·투자,금융시장·거래,시장포트폴리오,일반개념,고객,확인,시장포트폴리오과 관련된 투자 정보를 확인하고 싶습니다.,용어기반,미흡,정확(문법 수정),높음,55,0.543,수정 권장,조사 오류: '시장포트폴리오과' → '시장포트폴리오와'; 유사 문장구조 반복(55회) 또는 동일 용어 내 유사도 높음,시장포트폴리오와 관련된 투자 정보를 확인하고 싶습니다.,최종 유지,해당 용어 후보 중 상대적으로 가장 자연스러운 대표 문장; 조사/문법을 자동수정안으로 교정; 과도한 유사성 낮음,시장포트폴리오와 관련된 투자 정보를 확인하고 싶습니다.
KO-FIN-02075,519,신용·리스크,증권·예탁 / 지급결제·청산,시차유동성위험,지표·개념,고객,상담,시차유동성위험을 줄이려면 어떤 점을 확인해야 하나요?,용어기반,양호,정확,높음,22,0.618,수정 권장,유사 문장구조 반복(22회) 또는 동일 용어 내 유사도 높음,,최종 유지,실제 금융 문맥에서 자연스러움; 금융용어 사용 적절; 과도한 유사성 낮음,시차유동성위험을 줄이려면 어떤 점을 확인해야 하나요?
KO-FIN-02076,519,신용·리스크,증권·예탁 / 지급결제·청산,시차유동성위험,지표·개념,금융기관,주의,시차유동성위험은 거래 조건이나 이용 가능 여부에 영향을 줄 수 있습니다.,용어기반,양호,정확,높음,22,0.485,수정 권장,유사 문장구조 반복(22회) 또는 동일 용어 내 유사도 높음,,최종 유지,실제 금융 문맥에서 자연스러움; 금융용어 사용 적절; 과도한 유사성 낮음,시차유동성위험은 거래 조건이나 이용 가능 여부에 영향을 줄 수 있습니다.
KO-FIN-02077,520,금융시장·거래,,신규상장,일반개념,고객,질문,신규상장이 무엇을 의미하나요?,용어기반,보통,정확,매우 높음,303,0.595,유지(대표 1개만),동일 문장구조가 303회 반복,,최종 유지,해당 용어 후보 중 상대적으로 가장 자연스러운 대표 문장; 금융용어 사용 적절; 반복 골격이지만 용어별 대표 1문장으로 제한,신규상장이 무엇을 의미하나요?
KO-FIN-02082,521,증권·예탁,,신디케이트,일반개념,고객,확인,신디케이트 처리 절차를 확인하고 싶습니다.,용어기반,보통,정확,매우 높음,241,0.654,수정 권장,동일 문장구조가 241회 반복,,최종 유지,해당 용어 후보 중 상대적으로 가장 자연스러운 대표 문장; 금융용어 사용 적절; 반복 골격이지만 용어별 대표 1문장으로 제한,신디케이트 처리 절차를 확인하고 싶습니다.
KO-FIN-02086,522,금융시장·거래,대출 / 증권·예탁 / 신용·리스크 / 주식,신용거래,행위·절차,고객,확인,신용거래과 관련된 시장 정보를 확인하고 싶습니다.,용어기반,미흡,정확(문법 수정),매우 높음,236,0.355,수정 권장,조사 오류: '신용거래과' → '신용거래와'; 동일 문장구조가 236회 반복,신용거래와 관련된 시장 정보를 확인하고 싶습니다.,최종 유지,해당 용어 후보 중 상대적으로 가장 자연스러운 대표 문장; 조사/문법을 자동수정안으로 교정; 반복 골격이지만 용어별 대표 1문장으로 제한,신용거래와 관련된 시장 정보를 확인하고 싶습니다.
KO-FIN-02090,523,신용·리스크,,신용위험,지표·개념,고객,질문,신용위험이 금융거래에 어떤 영향을 주나요?,용어기반,양호,정확,높음,22,0.571,수정 권장,유사 문장구조 반복(22회) 또는 동일 용어 내 유사도 높음,,최종 유지,실제 금융 문맥에서 자연스러움; 금융용어 사용 적절; 과도한 유사성 낮음,신용위험이 금융거래에 어떤 영향을 주나요?
KO-FIN-02092,523,신용·리스크,,신용위험,지표·개념,금융기관,주의,신용위험은 거래 조건이나 이용 가능 여부에 영향을 줄 수 있습니다.,용어기반,양호,정확,높음,22,0.433,수정 권장,유사 문장구조 반복(22회) 또는 동일 용어 내 유사도 높음,,최종 유지,실제 금융 문맥에서 자연스러움; 금융용어 사용 적절; 과도한 유사성 낮음,신용위험은 거래 조건이나 이용 가능 여부에 영향을 줄 수 있습니다.
KO-FIN-02095,524,신용·리스크,,신용평가기관,기관·조직,고객,상담,신용평가기관을 줄이려면 어떤 점을 확인해야 하나요?,용어기반,양호,정확,높음,22,0.604,수정 권장,유사 문장구조 반복(22회) 또는 동일 용어 내 유사도 높음,,최종 유지,실제 금융 문맥에서 자연스러움; 금융용어 사용 적절; 과도한 유사성 낮음,신용평가기관을 줄이려면 어떤 점을 확인해야 하나요?
KO-FIN-02096,524,신용·리스크,,신용평가기관,기관·조직,금융기관,주의,신용평가기관은 거래 조건이나 이용 가능 여부에 영향을 줄 수 있습니다.,용어기반,양호,정확,높음,22,0.469,수정 권장,유사 문장구조 반복(22회) 또는 동일 용어 내 유사도 높음,,최종 유지,실제 금융 문맥에서 자연스러움; 금융용어 사용 적절; 과도한 유사성 낮음,신용평가기관은 거래 조건이나 이용 가능 여부에 영향을 줄 수 있습니다.
KO-FIN-02097,525,주식,기업금융·자본조달,신주인수권,일반개념,고객,질문,신주인수권이 무엇인지 설명해 주세요.,용어기반,보통,정확,매우 높음,705,0.4,유지(대표 1개만),동일 문장구조가 705회 반복,,최종 유지,해당 용어 후보 중 상대적으로 가장 자연스러운 대표 문장; 금융용어 사용 적절; 반복 골격이지만 용어별 대표 1문장으로 제한,신주인수권이 무엇인지 설명해 주세요.
KO-FIN-02102,526,채권,주식 / 기업금융·자본조달,신주인수권부사채,상품·증권,고객,확인,신주인수권부사채의 조건과 수익 구조를 확인하고 싶습니다.,용어기반,보통,정확,매우 높음,115,0.484,수정 권장,동일 문장구조가 115회 반복,,최종 유지,해당 용어 후보 중 상대적으로 가장 자연스러운 대표 문장; 금융용어 사용 적절; 반복 골격이지만 용어별 대표 1문장으로 제한,신주인수권부사채의 조건과 수익 구조를 확인하고 싶습니다.
KO-FIN-02105,527,증권·예탁,주식 / 기업금융·자본조달,신주인수권증권,상품·증권,고객,질문,신주인수권증권이 무엇인지 설명해 주세요.,용어기반,보통,정확,매우 높음,705,0.566,유지(대표 1개만),동일 문장구조가 705회 반복,,최종 유지,해당 용어 후보 중 상대적으로 가장 자연스러운 대표 문장; 금융용어 사용 적절; 반복 골격이지만 용어별 대표 1문장으로 제한,신주인수권증권이 무엇인지 설명해 주세요.
KO-FIN-02111,528,주식,증권·예탁 / 기업금융·자본조달,신주인수권증서,일반개념,고객,상담,신주인수권증서과 관련해 투자 전에 확인해야 할 사항이 있나요?,용어기반,미흡,정확(문법 수정),매우 높음,183,0.533,수정 권장,조사 오류: '신주인수권증서과' → '신주인수권증서와'; 동일 문장구조가 183회 반복,신주인수권증서와 관련해 투자 전에 확인해야 할 사항이 있나요?,최종 유지,해당 용어 후보 중 상대적으로 가장 자연스러운 대표 문장; 조사/문법을 자동수정안으로 교정; 반복 골격이지만 용어별 대표 1문장으로 제한,신주인수권증서와 관련해 투자 전에 확인해야 할 사항이 있나요?
KO-FIN-02115,529,펀드·신탁,,신탁,상품·증권,고객,상담,신탁에 가입하기 전에 어떤 점을 확인해야 하나요?,용어기반,양호,정확,높음,52,0.409,수정 권장,유사 문장구조 반복(52회) 또는 동일 용어 내 유사도 높음,,최종 유지,실제 금융 문맥에서 자연스러움; 금융용어 사용 적절; 과도한 유사성 낮음,신탁에 가입하기 전에 어떤 점을 확인해야 하나요?
KO-FIN-02118,530,펀드·신탁,증권·예탁,신탁계정,일반개념,고객,확인,신탁계정의 운용 방식과 수수료를 확인하고 싶습니다.,용어기반,양호,정확,높음,52,0.516,수정 권장,유사 문장구조 반복(52회) 또는 동일 용어 내 유사도 높음,,최종 유지,실제 금융 문맥에서 자연스러움; 금융용어 사용 적절; 과도한 유사성 낮음,신탁계정의 운용 방식과 수수료를 확인하고 싶습니다.
KO-FIN-02122,531,펀드·신탁,,신탁법,법규·제도,고객,확인,신탁법의 운용 방식과 수수료를 확인하고 싶습니다.,용어기반,양호,정확,높음,52,0.5,수정 권장,유사 문장구조 반복(52회) 또는 동일 용어 내 유사도 높음,,최종 유지,실제 금융 문맥에서 자연스러움; 금융용어 사용 적절; 과도한 유사성 낮음,신탁법의 운용 방식과 수수료를 확인하고 싶습니다.
KO-FIN-02126,532,펀드·신탁,,신탁보수,일반개념,고객,확인,신탁보수의 운용 방식과 수수료를 확인하고 싶습니다.,용어기반,양호,정확,높음,52,0.516,수정 권장,유사 문장구조 반복(52회) 또는 동일 용어 내 유사도 높음,,최종 유지,실제 금융 문맥에서 자연스러움; 금융용어 사용 적절; 과도한 유사성 낮음,신탁보수의 운용 방식과 수수료를 확인하고 싶습니다.
KO-FIN-02130,533,펀드·신탁,,신탁자,사람·역할,고객,확인,신탁자의 운용 방식과 수수료를 확인하고 싶습니다.,용어기반,양호,정확,높음,52,0.5,수정 권장,유사 문장구조 반복(52회) 또는 동일 용어 내 유사도 높음,,최종 유지,실제 금융 문맥에서 자연스러움; 금융용어 사용 적절; 과도한 유사성 낮음,신탁자의 운용 방식과 수수료를 확인하고 싶습니다.
KO-FIN-02134,534,펀드·신탁,,신탁재산,일반개념,고객,확인,신탁재산의 운용 방식과 수수료를 확인하고 싶습니다.,용어기반,양호,정확,높음,52,0.516,수정 권장,유사 문장구조 반복(52회) 또는 동일 용어 내 유사도 높음,,최종 유지,실제 금융 문맥에서 자연스러움; 금융용어 사용 적절; 과도한 유사성 낮음,신탁재산의 운용 방식과 수수료를 확인하고 싶습니다.
KO-FIN-02138,535,증권·예탁,펀드·신탁 / 금융법규·감독,신탁재산표시 말소,일반개념,고객,확인,신탁재산표시 말소 처리 절차를 확인하고 싶습니다.,용어기반,보통,정확,매우 높음,241,0.7,수정 권장,동일 문장구조가 241회 반복,,최종 유지,해당 용어 후보 중 상대적으로 가장 자연스러운 대표 문장; 금융용어 사용 적절; 반복 골격이지만 용어별 대표 1문장으로 제한,신탁재산표시 말소 처리 절차를 확인하고 싶습니다.
KO-FIN-02142,536,펀드·신탁,,신탁회사,기관·조직,고객,확인,신탁회사의 운용 방식과 수수료를 확인하고 싶습니다.,용어기반,양호,정확,높음,52,0.516,수정 권장,유사 문장구조 반복(52회) 또는 동일 용어 내 유사도 높음,,최종 유지,실제 금융 문맥에서 자연스러움; 금융용어 사용 적절; 과도한 유사성 낮음,신탁회사의 운용 방식과 수수료를 확인하고 싶습니다.
KO-FIN-02147,537,주식,,실권주,일반개념,고객,상담,실권주과 관련해 투자 전에 확인해야 할 사항이 있나요?,용어기반,미흡,정확(문법 수정),매우 높음,183,0.478,수정 권장,조사 오류: '실권주과' → '실권주와'; 동일 문장구조가 183회 반복,실권주와 관련해 투자 전에 확인해야 할 사항이 있나요?,최종 유지,해당 용어 후보 중 상대적으로 가장 자연스러운 대표 문장; 조사/문법을 자동수정안으로 교정; 반복 골격이지만 용어별 대표 1문장으로 제한,실권주와 관련해 투자 전에 확인해야 할 사항이 있나요?
KO-FIN-02150,538,증권·예탁,주식 / 법률·계약,실기주,일반개념,고객,확인,실기주 처리 절차를 확인하고 싶습니다.,용어기반,보통,정확,매우 높음,241,0.625,수정 권장,동일 문장구조가 241회 반복,,최종 유지,해당 용어 후보 중 상대적으로 가장 자연스러운 대표 문장; 금융용어 사용 적절; 반복 골격이지만 용어별 대표 1문장으로 제한,실기주 처리 절차를 확인하고 싶습니다.
KO-FIN-02153,539,증권·예탁,주식,실기주과실,일반개념,고객,질문,실기주과실이 무엇인지 설명해 주세요.,용어기반,보통,정확,매우 높음,705,0.531,유지(대표 1개만),동일 문장구조가 705회 반복,,최종 유지,해당 용어 후보 중 상대적으로 가장 자연스러운 대표 문장; 금융용어 사용 적절; 반복 골격이지만 용어별 대표 1문장으로 제한,실기주과실이 무엇인지 설명해 주세요.
KO-FIN-02158,540,금융시장·거래,,실물거래,행위·절차,고객,확인,실물거래과 관련된 시장 정보를 확인하고 싶습니다.,용어기반,미흡,정확(문법 수정),매우 높음,236,0.355,수정 권장,조사 오류: '실물거래과' → '실물거래와'; 동일 문장구조가 236회 반복,실물거래와 관련된 시장 정보를 확인하고 싶습니다.,최종 유지,해당 용어 후보 중 상대적으로 가장 자연스러운 대표 문장; 조사/문법을 자동수정안으로 교정; 반복 골격이지만 용어별 대표 1문장으로 제한,실물거래와 관련된 시장 정보를 확인하고 싶습니다.
KO-FIN-02163,541,지급결제·청산,금융시장·거래 / 증권·예탁,실물결제,행위·절차,고객,문제,실물결제 과정에서 문제가 발생한 것 같습니다.,용어기반,보통,정확,매우 높음,86,0.511,수정 권장,동일 문장구조가 86회 반복,,최종 유지,해당 용어 후보 중 상대적으로 가장 자연스러운 대표 문장; 금융용어 사용 적절; 과도한 유사성 낮음,실물결제 과정에서 문제가 발생한 것 같습니다.
KO-FIN-02165,542,지급결제·청산,금융기관·은행 / 이체 / 금융시장·거래,실시간 총액,일반개념,고객,질문,실시간 총액이 무엇인지 설명해 주세요.,용어기반,보통,정확,매우 높음,705,0.549,유지(대표 1개만),동일 문장구조가 705회 반복,,최종 유지,해당 용어 후보 중 상대적으로 가장 자연스러운 대표 문장; 금융용어 사용 적절; 반복 골격이지만 용어별 대표 1문장으로 제한,실시간 총액이 무엇인지 설명해 주세요.
KO-FIN-02169,543,주식,펀드·신탁 / 세금,실적배당신탁,상품·증권,고객,질문,실적배당신탁이 무엇인지 설명해 주세요.,용어기반,보통,정확,매우 높음,705,0.426,유지(대표 1개만),동일 문장구조가 705회 반복,,최종 유지,해당 용어 후보 중 상대적으로 가장 자연스러운 대표 문장; 금융용어 사용 적절; 반복 골격이지만 용어별 대표 1문장으로 제한,실적배당신탁이 무엇인지 설명해 주세요.
KO-FIN-02175,544,기타 금융일반,,실질이자율,지표·개념,고객,확인,실질이자율과 관련된 내용을 확인하고 싶습니다.,용어기반,양호,정확,높음,21,0.431,수정 권장,유사 문장구조 반복(21회) 또는 동일 용어 내 유사도 높음,,최종 유지,실제 금융 문맥에서 자연스러움; 금융용어 사용 적절; 과도한 유사성 낮음,실질이자율과 관련된 내용을 확인하고 싶습니다.
KO-FIN-02176,544,기타 금융일반,,실질이자율,지표·개념,금융기관,안내,실질이자율의 정확한 의미는 해당 금융거래의 맥락과 함께 확인해야 합니다.,용어기반,양호,정확,높음,21,0.431,수정 권장,유사 문장구조 반복(21회) 또는 동일 용어 내 유사도 높음,,최종 유지,실제 금융 문맥에서 자연스러움; 금융용어 사용 적절; 과도한 유사성 낮음,실질이자율의 정확한 의미는 해당 금융거래의 맥락과 함께 확인해야 합니다.
KO-FIN-02179,545,주식,증권·예탁,실질주주 권리배정 명세표,일반개념,고객,상담,실질주주 권리배정 명세표과 관련해 투자 전에 확인해야 할 사항이 있나요?,용어기반,미흡,정확(문법 수정),매우 높음,183,0.603,수정 권장,조사 오류: '실질주주 권리배정 명세표과' → '실질주주 권리배정 명세표와'; 동일 문장구조가 183회 반복,실질주주 권리배정 명세표와 관련해 투자 전에 확인해야 할 사항이 있나요?,최종 유지,해당 용어 후보 중 상대적으로 가장 자연스러운 대표 문장; 조사/문법을 자동수정안으로 교정; 반복 골격이지만 용어별 대표 1문장으로 제한,실질주주 권리배정 명세표와 관련해 투자 전에 확인해야 할 사항이 있나요?
KO-FIN-02182,546,주식,증권·예탁,실질주주,사람·역할,고객,확인,실질주주과 관련된 정보를 확인하고 싶습니다.,용어기반,미흡,정확(문법 수정),매우 높음,183,0.516,수정 권장,조사 오류: '실질주주과' → '실질주주와'; 동일 문장구조가 183회 반복,실질주주와 관련된 정보를 확인하고 싶습니다.,최종 유지,해당 용어 후보 중 상대적으로 가장 자연스러운 대표 문장; 조사/문법을 자동수정안으로 교정; 반복 골격이지만 용어별 대표 1문장으로 제한,실질주주와 관련된 정보를 확인하고 싶습니다.
KO-FIN-02186,547,주식,증권·예탁,실질주주증명서제도,법규·제도,고객,확인,실질주주증명서제도과 관련된 정보를 확인하고 싶습니다.,용어기반,미흡,정확(문법 수정),매우 높음,183,0.583,수정 권장,조사 오류: '실질주주증명서제도과' → '실질주주증명서제도와'; 동일 문장구조가 183회 반복,실질주주증명서제도와 관련된 정보를 확인하고 싶습니다.,최종 유지,해당 용어 후보 중 상대적으로 가장 자연스러운 대표 문장; 조사/문법을 자동수정안으로 교정; 반복 골격이지만 용어별 대표 1문장으로 제한,실질주주증명서제도와 관련된 정보를 확인하고 싶습니다.
KO-FIN-02191,548,자산운용·투자,,실현수익률,지표·개념,고객,확인,실현수익률과 관련된 투자 정보를 확인하고 싶습니다.,용어기반,양호,정확,높음,55,0.515,수정 권장,유사 문장구조 반복(55회) 또는 동일 용어 내 유사도 높음,,최종 유지,실제 금융 문맥에서 자연스러움; 금융용어 사용 적절; 과도한 유사성 낮음,실현수익률과 관련된 투자 정보를 확인하고 싶습니다.
KO-FIN-02196,549,대출,,실효이자율,지표·개념,은행,안내,실효이자율은 심사 결과에 따라 이용 가능 여부가 달라질 수 있습니다.,용어기반,양호,정확,높음,35,0.448,수정 권장,유사 문장구조 반복(35회) 또는 동일 용어 내 유사도 높음,,최종 유지,실제 금융 문맥에서 자연스러움; 금융용어 사용 적절; 과도한 유사성 낮음,실효이자율은 심사 결과에 따라 이용 가능 여부가 달라질 수 있습니다.
KO-FIN-02199,550,기타 금융일반,,쌍방연계방식,일반개념,고객,확인,쌍방연계방식과 관련된 내용을 확인하고 싶습니다.,용어기반,양호,정확,높음,21,0.455,수정 권장,유사 문장구조 반복(21회) 또는 동일 용어 내 유사도 높음,,최종 유지,실제 금융 문맥에서 자연스러움; 금융용어 사용 적절; 과도한 유사성 낮음,쌍방연계방식과 관련된 내용을 확인하고 싶습니다.
KO-FIN-02200,550,기타 금융일반,,쌍방연계방식,일반개념,금융기관,안내,쌍방연계방식의 정확한 의미는 해당 금융거래의 맥락과 함께 확인해야 합니다.,용어기반,양호,정확,높음,21,0.448,수정 권장,유사 문장구조 반복(21회) 또는 동일 용어 내 유사도 높음,,최종 유지,실제 금융 문맥에서 자연스러움; 금융용어 사용 적절; 과도한 유사성 낮음,쌍방연계방식의 정확한 의미는 해당 금융거래의 맥락과 함께 확인해야 합니다.
KO-FIN-02203,551,지급결제·청산,,써클결제,행위·절차,고객,문제,써클결제 과정에서 문제가 발생한 것 같습니다.,용어기반,보통,정확,매우 높음,86,0.511,수정 권장,동일 문장구조가 86회 반복,,최종 유지,해당 용어 후보 중 상대적으로 가장 자연스러운 대표 문장; 금융용어 사용 적절; 과도한 유사성 낮음,써클결제 과정에서 문제가 발생한 것 같습니다.
KO-FIN-02206,552,채권,,아리랑본드,상품·증권,고객,확인,아리랑본드의 조건과 수익 구조를 확인하고 싶습니다.,용어기반,보통,정확,매우 높음,115,0.429,수정 권장,동일 문장구조가 115회 반복,,최종 유지,해당 용어 후보 중 상대적으로 가장 자연스러운 대표 문장; 금융용어 사용 적절; 반복 골격이지만 용어별 대표 1문장으로 제한,아리랑본드의 조건과 수익 구조를 확인하고 싶습니다.
KO-FIN-02210,553,증권·예탁,,아시아·태평양 중앙예탁기관협의회,일반개념,고객,확인,아시아·태평양 중앙예탁기관협의회 처리 절차를 확인하고 싶습니다.,용어기반,보통,정확,매우 높음,241,0.763,수정 권장,동일 문장구조가 241회 반복,,최종 유지,해당 용어 후보 중 상대적으로 가장 자연스러운 대표 문장; 금융용어 사용 적절; 반복 골격이지만 용어별 대표 1문장으로 제한,아시아·태평양 중앙예탁기관협의회 처리 절차를 확인하고 싶습니다.
KO-FIN-02214,554,금융시장·거래,,아시안달러본드,상품·증권,고객,확인,아시안달러본드과 관련된 시장 정보를 확인하고 싶습니다.,용어기반,미흡,정확(문법 수정),매우 높음,236,0.412,수정 권장,조사 오류: '아시안달러본드과' → '아시안달러본드와'; 동일 문장구조가 236회 반복,아시안달러본드와 관련된 시장 정보를 확인하고 싶습니다.,최종 유지,해당 용어 후보 중 상대적으로 가장 자연스러운 대표 문장; 조사/문법을 자동수정안으로 교정; 반복 골격이지만 용어별 대표 1문장으로 제한,아시안달러본드와 관련된 시장 정보를 확인하고 싶습니다.
KO-FIN-02219,555,주식,,액면가,일반개념,고객,상담,액면가과 관련해 투자 전에 확인해야 할 사항이 있나요?,용어기반,미흡,정확(문법 수정),매우 높음,183,0.478,수정 권장,조사 오류: '액면가과' → '액면가와'; 동일 문장구조가 183회 반복,액면가와 관련해 투자 전에 확인해야 할 사항이 있나요?,최종 유지,해당 용어 후보 중 상대적으로 가장 자연스러운 대표 문장; 조사/문법을 자동수정안으로 교정; 반복 골격이지만 용어별 대표 1문장으로 제한,액면가와 관련해 투자 전에 확인해야 할 사항이 있나요?
KO-FIN-02222,556,기업금융·자본조달,,액면발행,행위·절차,고객,상담,액면발행을 이용하려면 어떤 조건이 필요한가요?,용어기반,양호,정확,높음,25,0.318,수정 권장,유사 문장구조 반복(25회) 또는 동일 용어 내 유사도 높음,,최종 유지,실제 금융 문맥에서 자연스러움; 금융용어 사용 적절; 과도한 유사성 낮음,액면발행을 이용하려면 어떤 조건이 필요한가요?
KO-FIN-02223,556,기업금융·자본조달,,액면발행,행위·절차,고객,확인,액면발행과 관련된 비용과 절차를 확인하고 싶습니다.,용어기반,양호,정확,높음,25,0.485,수정 권장,유사 문장구조 반복(25회) 또는 동일 용어 내 유사도 높음,,최종 유지,실제 금융 문맥에서 자연스러움; 금융용어 사용 적절; 과도한 유사성 낮음,액면발행과 관련된 비용과 절차를 확인하고 싶습니다.
KO-FIN-02225,557,주식,,액면분할,일반개념,고객,질문,액면분할이 무엇인지 설명해 주세요.,용어기반,보통,정확,매우 높음,705,0.372,유지(대표 1개만),동일 문장구조가 705회 반복,,최종 유지,해당 용어 후보 중 상대적으로 가장 자연스러운 대표 문장; 금융용어 사용 적절; 반복 골격이지만 용어별 대표 1문장으로 제한,액면분할이 무엇인지 설명해 주세요.
KO-FIN-02230,558,채권,,양도담보,일반개념,고객,확인,양도담보의 조건과 수익 구조를 확인하고 싶습니다.,용어기반,보통,정확,매우 높음,115,0.407,수정 권장,동일 문장구조가 115회 반복,,최종 유지,해당 용어 후보 중 상대적으로 가장 자연스러운 대표 문장; 금융용어 사용 적절; 반복 골격이지만 용어별 대표 1문장으로 제한,양도담보의 조건과 수익 구조를 확인하고 싶습니다.
KO-FIN-02234,559,예금상품,증권·예탁,양도성예금증서,일반개념,고객,질문,양도성예금증서에 적용되는 금리는 어떻게 되나요?,용어기반,양호,정확,낮음,5,0.481,유지,실제 금융 문맥에서 자연스럽고 용어 사용도 적절함,,최종 유지,실제 금융 문맥에서 자연스러움; 금융용어 사용 적절; 과도한 유사성 낮음,양도성예금증서에 적용되는 금리는 어떻게 되나요?
KO-FIN-02237,560,금융시장·거래,,양키달러시장,시스템·인프라,고객,질문,양키달러시장이 무엇을 의미하나요?,용어기반,보통,정확,매우 높음,303,0.634,유지(대표 1개만),동일 문장구조가 303회 반복,,최종 유지,해당 용어 후보 중 상대적으로 가장 자연스러운 대표 문장; 금융용어 사용 적절; 반복 골격이지만 용어별 대표 1문장으로 제한,양키달러시장이 무엇을 의미하나요?
KO-FIN-02243,561,자산운용·투자,,양키본드,상품·증권,고객,확인,양키본드과 관련된 투자 정보를 확인하고 싶습니다.,용어기반,미흡,정확(문법 수정),높음,55,0.5,수정 권장,조사 오류: '양키본드과' → '양키본드와'; 유사 문장구조 반복(55회) 또는 동일 용어 내 유사도 높음,양키본드와 관련된 투자 정보를 확인하고 싶습니다.,최종 유지,해당 용어 후보 중 상대적으로 가장 자연스러운 대표 문장; 조사/문법을 자동수정안으로 교정; 과도한 유사성 낮음,양키본드와 관련된 투자 정보를 확인하고 싶습니다.
KO-FIN-02247,562,지급결제·청산,,어카운트 결제,행위·절차,고객,문제,어카운트 결제 과정에서 문제가 발생한 것 같습니다.,용어기반,보통,정확,매우 높음,86,0.566,수정 권장,동일 문장구조가 86회 반복,,최종 유지,해당 용어 후보 중 상대적으로 가장 자연스러운 대표 문장; 금융용어 사용 적절; 과도한 유사성 낮음,어카운트 결제 과정에서 문제가 발생한 것 같습니다.
KO-FIN-02250,563,증권·예탁,,언더라이터,일반개념,고객,확인,언더라이터 처리 절차를 확인하고 싶습니다.,용어기반,보통,정확,매우 높음,241,0.654,수정 권장,동일 문장구조가 241회 반복,,최종 유지,해당 용어 후보 중 상대적으로 가장 자연스러운 대표 문장; 금융용어 사용 적절; 반복 골격이지만 용어별 대표 1문장으로 제한,언더라이터 처리 절차를 확인하고 싶습니다.
KO-FIN-02254,564,국제금융,,역금리,지표·개념,고객,확인,역금리과 관련된 거래 조건을 확인하고 싶습니다.,용어기반,미흡,정확(문법 수정),낮음,11,0.585,수정 권장,조사 오류: '역금리과' → '역금리와',역금리와 관련된 거래 조건을 확인하고 싶습니다.,최종 유지,해당 용어 후보 중 상대적으로 가장 자연스러운 대표 문장; 조사/문법을 자동수정안으로 교정; 과도한 유사성 낮음,역금리와 관련된 거래 조건을 확인하고 싶습니다.
KO-FIN-02258,565,금융시장·거래,,역레포,일반개념,고객,확인,역레포과 관련된 시장 정보를 확인하고 싶습니다.,용어기반,미흡,정확(문법 수정),매우 높음,236,0.333,수정 권장,조사 오류: '역레포과' → '역레포와'; 동일 문장구조가 236회 반복,역레포와 관련된 시장 정보를 확인하고 싶습니다.,최종 유지,해당 용어 후보 중 상대적으로 가장 자연스러운 대표 문장; 조사/문법을 자동수정안으로 교정; 반복 골격이지만 용어별 대표 1문장으로 제한,역레포와 관련된 시장 정보를 확인하고 싶습니다.
KO-FIN-02262,566,회계·재무,,역분식결산,일반개념,고객,확인,역분식결산을 통해 어떤 정보를 확인할 수 있나요?,용어기반,양호,정확,낮음,16,0.63,유지,실제 금융 문맥에서 자연스럽고 용어 사용도 적절함,,최종 유지,실제 금융 문맥에서 자연스러움; 금융용어 사용 적절; 과도한 유사성 낮음,역분식결산을 통해 어떤 정보를 확인할 수 있나요?
KO-FIN-02264,566,회계·재무,,역분식결산,일반개념,금융기관,안내,역분식결산은 기준 시점과 작성 기준을 함께 확인해야 합니다.,용어기반,양호,정확,낮음,16,0.367,유지,실제 금융 문맥에서 자연스럽고 용어 사용도 적절함,,최종 유지,실제 금융 문맥에서 자연스러움; 금융용어 사용 적절; 과도한 유사성 낮음,역분식결산은 기준 시점과 작성 기준을 함께 확인해야 합니다.
KO-FIN-02266,567,국제금융,,역외금융,일반개념,고객,확인,역외금융과 관련된 거래 조건을 확인하고 싶습니다.,용어기반,양호,정확,낮음,11,0.597,유지,실제 금융 문맥에서 자연스럽고 용어 사용도 적절함,,최종 유지,실제 금융 문맥에서 자연스러움; 금융용어 사용 적절; 과도한 유사성 낮음,역외금융과 관련된 거래 조건을 확인하고 싶습니다.
KO-FIN-02268,567,국제금융,,역외금융,일반개념,금융기관,안내,역외금융과 관련된 거래에서는 국가별 규정과 통화를 함께 확인해야 합니다.,용어기반,양호,정확,낮음,11,0.597,유지,실제 금융 문맥에서 자연스럽고 용어 사용도 적절함,,최종 유지,실제 금융 문맥에서 자연스러움; 금융용어 사용 적절; 과도한 유사성 낮음,역외금융과 관련된 거래에서는 국가별 규정과 통화를 함께 확인해야 합니다.
KO-FIN-02269,568,금융시장·거래,국제금융,역외시장,시스템·인프라,고객,질문,역외시장이 무엇을 의미하나요?,용어기반,보통,정확,매우 높음,303,0.595,유지(대표 1개만),동일 문장구조가 303회 반복,,최종 유지,해당 용어 후보 중 상대적으로 가장 자연스러운 대표 문장; 금융용어 사용 적절; 반복 골격이지만 용어별 대표 1문장으로 제한,역외시장이 무엇을 의미하나요?
KO-FIN-02274,569,국제금융,,역외자금,일반개념,고객,확인,역외자금과 관련된 거래 조건을 확인하고 싶습니다.,용어기반,양호,정확,낮음,11,0.597,유지,실제 금융 문맥에서 자연스럽고 용어 사용도 적절함,,최종 유지,실제 금융 문맥에서 자연스러움; 금융용어 사용 적절; 과도한 유사성 낮음,역외자금과 관련된 거래 조건을 확인하고 싶습니다.
KO-FIN-02276,569,국제금융,,역외자금,일반개념,금융기관,안내,역외자금과 관련된 거래에서는 국가별 규정과 통화를 함께 확인해야 합니다.,용어기반,양호,정확,낮음,11,0.597,유지,실제 금융 문맥에서 자연스럽고 용어 사용도 적절함,,최종 유지,실제 금융 문맥에서 자연스러움; 금융용어 사용 적절; 과도한 유사성 낮음,역외자금과 관련된 거래에서는 국가별 규정과 통화를 함께 확인해야 합니다.
KO-FIN-02279,570,펀드·신탁,국제금융 / 자산운용·투자 / 세금,역외펀드,상품·증권,고객,상담,역외펀드에 가입하기 전에 어떤 점을 확인해야 하나요?,용어기반,양호,정확,높음,52,0.458,수정 권장,유사 문장구조 반복(52회) 또는 동일 용어 내 유사도 높음,,최종 유지,실제 금융 문맥에서 자연스러움; 금융용어 사용 적절; 과도한 유사성 낮음,역외펀드에 가입하기 전에 어떤 점을 확인해야 하나요?
KO-FIN-02283,571,자산운용·투자,,연기금,일반개념,고객,확인,연기금과 관련된 투자 정보를 확인하고 싶습니다.,용어기반,양호,정확,높음,55,0.484,수정 권장,유사 문장구조 반복(55회) 또는 동일 용어 내 유사도 높음,,최종 유지,실제 금융 문맥에서 자연스러움; 금융용어 사용 적절; 과도한 유사성 낮음,연기금과 관련된 투자 정보를 확인하고 싶습니다.
KO-FIN-02288,572,금융기관·은행,,연방준비은행,기관·조직,금융기관,안내,연방준비은행과 관련된 세부 업무는 해당 기관의 안내를 확인해 주세요.,용어기반,양호,정확,높음,40,0.441,수정 권장,유사 문장구조 반복(40회) 또는 동일 용어 내 유사도 높음,,최종 유지,실제 금융 문맥에서 자연스러움; 금융용어 사용 적절; 과도한 유사성 낮음,연방준비은행과 관련된 세부 업무는 해당 기관의 안내를 확인해 주세요.
KO-FIN-02290,573,금융기관·은행,,연방준비제도,법규·제도,고객,질문,연방준비제도에서 이용할 수 있는 금융업무는 무엇인가요?,용어기반,양호,정확,높음,40,0.449,수정 권장,유사 문장구조 반복(40회) 또는 동일 용어 내 유사도 높음,,최종 유지,실제 금융 문맥에서 자연스러움; 금융용어 사용 적절; 과도한 유사성 낮음,연방준비제도에서 이용할 수 있는 금융업무는 무엇인가요?
KO-FIN-02295,574,지급결제·청산,금융시장·거래,연속결제,행위·절차,고객,문제,연속결제 과정에서 문제가 발생한 것 같습니다.,용어기반,보통,정확,매우 높음,86,0.511,수정 권장,동일 문장구조가 86회 반복,,최종 유지,해당 용어 후보 중 상대적으로 가장 자연스러운 대표 문장; 금융용어 사용 적절; 과도한 유사성 낮음,연속결제 과정에서 문제가 발생한 것 같습니다.
KO-FIN-02299,575,지급결제·청산,,연속차감결제,행위·절차,고객,문제,연속차감결제 과정에서 문제가 발생한 것 같습니다.,용어기반,보통,정확,매우 높음,86,0.549,수정 권장,동일 문장구조가 86회 반복,,최종 유지,해당 용어 후보 중 상대적으로 가장 자연스러운 대표 문장; 금융용어 사용 적절; 과도한 유사성 낮음,연속차감결제 과정에서 문제가 발생한 것 같습니다.
KO-FIN-02302,576,금융시장·거래,,연쇄거래,행위·절차,고객,확인,연쇄거래과 관련된 시장 정보를 확인하고 싶습니다.,용어기반,미흡,정확(문법 수정),매우 높음,236,0.355,수정 권장,조사 오류: '연쇄거래과' → '연쇄거래와'; 동일 문장구조가 236회 반복,연쇄거래와 관련된 시장 정보를 확인하고 싶습니다.,최종 유지,해당 용어 후보 중 상대적으로 가장 자연스러운 대표 문장; 조사/문법을 자동수정안으로 교정; 반복 골격이지만 용어별 대표 1문장으로 제한,연쇄거래와 관련된 시장 정보를 확인하고 싶습니다.
KO-FIN-02306,577,채권,자산운용·투자,영구사채,상품·증권,고객,확인,영구사채의 조건과 수익 구조를 확인하고 싶습니다.,용어기반,보통,정확,매우 높음,115,0.407,수정 권장,동일 문장구조가 115회 반복,,최종 유지,해당 용어 후보 중 상대적으로 가장 자연스러운 대표 문장; 금융용어 사용 적절; 반복 골격이지만 용어별 대표 1문장으로 제한,영구사채의 조건과 수익 구조를 확인하고 싶습니다.
KO-FIN-02309,578,금융시장·거래,,영시조항,일반개념,고객,질문,영시조항이 무엇을 의미하나요?,용어기반,보통,정확,매우 높음,303,0.595,유지(대표 1개만),동일 문장구조가 303회 반복,,최종 유지,해당 용어 후보 중 상대적으로 가장 자연스러운 대표 문장; 금융용어 사용 적절; 반복 골격이지만 용어별 대표 1문장으로 제한,영시조항이 무엇을 의미하나요?
KO-FIN-02314,579,금융시장·거래,,예납조치,일반개념,고객,확인,예납조치과 관련된 시장 정보를 확인하고 싶습니다.,용어기반,미흡,정확(문법 수정),매우 높음,236,0.355,수정 권장,조사 오류: '예납조치과' → '예납조치와'; 동일 문장구조가 236회 반복,예납조치와 관련된 시장 정보를 확인하고 싶습니다.,최종 유지,해당 용어 후보 중 상대적으로 가장 자연스러운 대표 문장; 조사/문법을 자동수정안으로 교정; 반복 골격이지만 용어별 대표 1문장으로 제한,예납조치와 관련된 시장 정보를 확인하고 싶습니다.
KO-FIN-02317,580,증권·예탁,채권,예비증권,상품·증권,고객,질문,예비증권이 무엇인지 설명해 주세요.,용어기반,보통,정확,매우 높음,705,0.511,유지(대표 1개만),동일 문장구조가 705회 반복,,최종 유지,해당 용어 후보 중 상대적으로 가장 자연스러운 대표 문장; 금융용어 사용 적절; 반복 골격이지만 용어별 대표 1문장으로 제한,예비증권이 무엇인지 설명해 주세요.
KO-FIN-02321,581,증권·예탁,법률·계약 / 금융법규·감독,예탁,행위·절차,고객,질문,예탁이 무엇인지 설명해 주세요.,용어기반,보통,정확,매우 높음,705,0.465,유지(대표 1개만),동일 문장구조가 705회 반복,,최종 유지,해당 용어 후보 중 상대적으로 가장 자연스러운 대표 문장; 금융용어 사용 적절; 반복 골격이지만 용어별 대표 1문장으로 제한,예탁이 무엇인지 설명해 주세요.
KO-FIN-02326,582,증권·예탁,계좌,예탁계좌,시스템·인프라,고객,확인,예탁계좌 처리 절차를 확인하고 싶습니다.,용어기반,보통,정확,매우 높음,241,0.64,수정 권장,동일 문장구조가 241회 반복,,최종 유지,해당 용어 후보 중 상대적으로 가장 자연스러운 대표 문장; 금융용어 사용 적절; 반복 골격이지만 용어별 대표 1문장으로 제한,예탁계좌 처리 절차를 확인하고 싶습니다.
KO-FIN-02329,583,증권·예탁,,예탁대상유가증권,상품·증권,고객,질문,예탁대상유가증권이 무엇인지 설명해 주세요.,용어기반,보통,정확,매우 높음,705,0.582,유지(대표 1개만),동일 문장구조가 705회 반복,,최종 유지,해당 용어 후보 중 상대적으로 가장 자연스러운 대표 문장; 금융용어 사용 적절; 반복 골격이지만 용어별 대표 1문장으로 제한,예탁대상유가증권이 무엇인지 설명해 주세요.
KO-FIN-02334,584,증권·예탁,,예탁자,사람·역할,고객,확인,예탁자 처리 절차를 확인하고 싶습니다.,용어기반,보통,정확,매우 높음,241,0.625,수정 권장,동일 문장구조가 241회 반복,,최종 유지,해당 용어 후보 중 상대적으로 가장 자연스러운 대표 문장; 금융용어 사용 적절; 반복 골격이지만 용어별 대표 1문장으로 제한,예탁자 처리 절차를 확인하고 싶습니다.
KO-FIN-02338,585,증권·예탁,,예탁자계좌부,일반개념,고객,확인,예탁자계좌부 처리 절차를 확인하고 싶습니다.,용어기반,보통,정확,매우 높음,241,0.667,수정 권장,동일 문장구조가 241회 반복,,최종 유지,해당 용어 후보 중 상대적으로 가장 자연스러운 대표 문장; 금융용어 사용 적절; 반복 골격이지만 용어별 대표 1문장으로 제한,예탁자계좌부 처리 절차를 확인하고 싶습니다.
KO-FIN-02341,586,증권·예탁,,예탁자기금,일반개념,고객,질문,예탁자기금이 무엇인지 설명해 주세요.,용어기반,보통,정확,매우 높음,705,0.531,유지(대표 1개만),동일 문장구조가 705회 반복,,최종 유지,해당 용어 후보 중 상대적으로 가장 자연스러운 대표 문장; 금융용어 사용 적절; 반복 골격이지만 용어별 대표 1문장으로 제한,예탁자기금이 무엇인지 설명해 주세요.
KO-FIN-02346,587,증권·예탁,,예탁증명서제도,법규·제도,고객,확인,예탁증명서제도 처리 절차를 확인하고 싶습니다.,용어기반,보통,정확,매우 높음,241,0.679,수정 권장,동일 문장구조가 241회 반복,,최종 유지,해당 용어 후보 중 상대적으로 가장 자연스러운 대표 문장; 금융용어 사용 적절; 반복 골격이지만 용어별 대표 1문장으로 제한,예탁증명서제도 처리 절차를 확인하고 싶습니다.
KO-FIN-02350,588,증권·예탁,,예탁증서,일반개념,고객,확인,예탁증서 처리 절차를 확인하고 싶습니다.,용어기반,보통,정확,매우 높음,241,0.64,수정 권장,동일 문장구조가 241회 반복,,최종 유지,해당 용어 후보 중 상대적으로 가장 자연스러운 대표 문장; 금융용어 사용 적절; 반복 골격이지만 용어별 대표 1문장으로 제한,예탁증서 처리 절차를 확인하고 싶습니다.
KO-FIN-02355,589,자산운용·투자,,옐로우칩,일반개념,고객,확인,옐로우칩과 관련된 투자 정보를 확인하고 싶습니다.,용어기반,양호,정확,높음,55,0.5,수정 권장,유사 문장구조 반복(55회) 또는 동일 용어 내 유사도 높음,,최종 유지,실제 금융 문맥에서 자연스러움; 금융용어 사용 적절; 과도한 유사성 낮음,옐로우칩과 관련된 투자 정보를 확인하고 싶습니다.
KO-FIN-02357,590,금융시장·거래,,오버나이트 repo,일반개념,고객,질문,오버나이트 repo이 무엇을 의미하나요?,용어기반,보통,정확,매우 높음,303,0.694,유지(대표 1개만),동일 문장구조가 303회 반복,,최종 유지,해당 용어 후보 중 상대적으로 가장 자연스러운 대표 문장; 금융용어 사용 적절; 반복 골격이지만 용어별 대표 1문장으로 제한,오버나이트 repo이 무엇을 의미하나요?
KO-FIN-02362,591,계좌,,온라인 리얼타임 시스템,시스템·인프라,고객,질문,온라인 리얼타임 시스템은 어디에서 확인할 수 있나요?,용어기반,양호,정확,낮음,7,0.667,유지,실제 금융 문맥에서 자연스럽고 용어 사용도 적절함,,최종 유지,실제 금융 문맥에서 자연스러움; 금융용어 사용 적절; 과도한 유사성 낮음,온라인 리얼타임 시스템은 어디에서 확인할 수 있나요?
KO-FIN-02363,591,계좌,,온라인 리얼타임 시스템,시스템·인프라,고객,문제,온라인 리얼타임 시스템이 정상적으로 표시되지 않습니다.,용어기반,양호,정확,낮음,7,0.667,유지,실제 금융 문맥에서 자연스럽고 용어 사용도 적절함,,최종 유지,실제 금융 문맥에서 자연스러움; 금융용어 사용 적절; 과도한 유사성 낮음,온라인 리얼타임 시스템이 정상적으로 표시되지 않습니다.
KO-FIN-02366,592,금융시장·거래,증권·예탁,온라인 증권거래,행위·절차,고객,확인,온라인 증권거래과 관련된 시장 정보를 확인하고 싶습니다.,용어기반,미흡,정확(문법 수정),매우 높음,236,0.431,수정 권장,조사 오류: '온라인 증권거래과' → '온라인 증권거래와'; 동일 문장구조가 236회 반복,온라인 증권거래와 관련된 시장 정보를 확인하고 싶습니다.,최종 유지,해당 용어 후보 중 상대적으로 가장 자연스러운 대표 문장; 조사/문법을 자동수정안으로 교정; 반복 골격이지만 용어별 대표 1문장으로 제한,온라인 증권거래와 관련된 시장 정보를 확인하고 싶습니다.
KO-FIN-02371,593,자산운용·투자,금융기관·은행,온라인 투자은행,기관·조직,고객,확인,온라인 투자은행과 관련된 투자 정보를 확인하고 싶습니다.,용어기반,양호,정확,높음,55,0.556,수정 권장,유사 문장구조 반복(55회) 또는 동일 용어 내 유사도 높음,,최종 유지,실제 금융 문맥에서 자연스러움; 금융용어 사용 적절; 과도한 유사성 낮음,온라인 투자은행과 관련된 투자 정보를 확인하고 싶습니다.
KO-FIN-02373,594,파생상품,증권·예탁 / 법률·계약,옵션,상품·증권,고객,질문,옵션이 무엇인지 쉽게 설명해 주세요.,용어기반,양호,정확,높음,53,0.293,유지(대표 1개만),유사 문장구조 반복(53회) 또는 동일 용어 내 유사도 높음,,최종 유지,실제 금융 문맥에서 자연스러움; 금융용어 사용 적절; 과도한 유사성 낮음,옵션이 무엇인지 쉽게 설명해 주세요.
KO-FIN-02377,595,파생상품,금융공학·분석 / 금융시장·거래 / 주식,옵션가격결정모형,일반개념,고객,질문,옵션가격결정모형이 무엇인지 쉽게 설명해 주세요.,용어기반,양호,정확,높음,53,0.453,유지(대표 1개만),유사 문장구조 반복(53회) 또는 동일 용어 내 유사도 높음,,최종 유지,실제 금융 문맥에서 자연스러움; 금융용어 사용 적절; 과도한 유사성 낮음,옵션가격결정모형이 무엇인지 쉽게 설명해 주세요.
KO-FIN-02382,596,금융시장·거래,파생상품,옵션거래,행위·절차,고객,확인,옵션거래과 관련된 시장 정보를 확인하고 싶습니다.,용어기반,미흡,정확(문법 수정),매우 높음,236,0.355,수정 권장,조사 오류: '옵션거래과' → '옵션거래와'; 동일 문장구조가 236회 반복,옵션거래와 관련된 시장 정보를 확인하고 싶습니다.,최종 유지,해당 용어 후보 중 상대적으로 가장 자연스러운 대표 문장; 조사/문법을 자동수정안으로 교정; 반복 골격이지만 용어별 대표 1문장으로 제한,옵션거래와 관련된 시장 정보를 확인하고 싶습니다.
KO-FIN-02386,597,채권,파생상품,옵션부사채,상품·증권,고객,확인,옵션부사채의 조건과 수익 구조를 확인하고 싶습니다.,용어기반,보통,정확,매우 높음,115,0.429,수정 권장,동일 문장구조가 115회 반복,,최종 유지,해당 용어 후보 중 상대적으로 가장 자연스러운 대표 문장; 금융용어 사용 적절; 반복 골격이지만 용어별 대표 1문장으로 제한,옵션부사채의 조건과 수익 구조를 확인하고 싶습니다.
KO-FIN-02389,598,증권·예탁,,외국보관기관,기관·조직,고객,질문,외국보관기관이 무엇인지 설명해 주세요.,용어기반,보통,정확,매우 높음,705,0.549,유지(대표 1개만),동일 문장구조가 705회 반복,,최종 유지,해당 용어 후보 중 상대적으로 가장 자연스러운 대표 문장; 금융용어 사용 적절; 반복 골격이지만 용어별 대표 1문장으로 제한,외국보관기관이 무엇인지 설명해 주세요.
KO-FIN-02394,599,금융시장·거래,,외국시장거래,행위·절차,고객,확인,외국시장거래과 관련된 시장 정보를 확인하고 싶습니다.,용어기반,미흡,정확(문법 수정),매우 높음,236,0.394,수정 권장,조사 오류: '외국시장거래과' → '외국시장거래와'; 동일 문장구조가 236회 반복,외국시장거래와 관련된 시장 정보를 확인하고 싶습니다.,최종 유지,해당 용어 후보 중 상대적으로 가장 자연스러운 대표 문장; 조사/문법을 자동수정안으로 교정; 반복 골격이지만 용어별 대표 1문장으로 제한,외국시장거래와 관련된 시장 정보를 확인하고 싶습니다.
KO-FIN-02399,600,자산운용·투자,,외국인 투자등록번호,일반개념,고객,확인,외국인 투자등록번호과 관련된 투자 정보를 확인하고 싶습니다.,용어기반,미흡,정확(문법 수정),높음,55,0.579,수정 권장,조사 오류: '외국인 투자등록번호과' → '외국인 투자등록번호와'; 유사 문장구조 반복(55회) 또는 동일 용어 내 유사도 높음,외국인 투자등록번호와 관련된 투자 정보를 확인하고 싶습니다.,최종 유지,해당 용어 후보 중 상대적으로 가장 자연스러운 대표 문장; 조사/문법을 자동수정안으로 교정; 과도한 유사성 낮음,외국인 투자등록번호와 관련된 투자 정보를 확인하고 싶습니다.
KO-FIN-02402,601,채권,자산운용·투자,외국채,일반개념,고객,확인,외국채의 조건과 수익 구조를 확인하고 싶습니다.,용어기반,보통,정확,매우 높음,115,0.385,수정 권장,동일 문장구조가 115회 반복,,최종 유지,해당 용어 후보 중 상대적으로 가장 자연스러운 대표 문장; 금융용어 사용 적절; 반복 골격이지만 용어별 대표 1문장으로 제한,외국채의 조건과 수익 구조를 확인하고 싶습니다.
KO-FIN-02405,602,해외송금·외환,금융시장·거래,외국환거래법,법규·제도,고객,질문,외국환거래법에 대해 자세히 알려주세요.,용어기반,양호,정확,높음,21,0.578,수정 권장,유사 문장구조 반복(21회) 또는 동일 용어 내 유사도 높음,,최종 유지,실제 금융 문맥에서 자연스러움; 금융용어 사용 적절; 과도한 유사성 낮음,외국환거래법에 대해 자세히 알려주세요.
KO-FIN-02406,602,해외송금·외환,금융시장·거래,외국환거래법,법규·제도,고객,확인,외국환거래법을 확인하고 싶습니다.,용어기반,양호,정확,높음,28,0.571,수정 권장,유사 문장구조 반복(28회) 또는 동일 용어 내 유사도 높음,,최종 유지,실제 금융 문맥에서 자연스러움; 금융용어 사용 적절; 과도한 유사성 낮음,외국환거래법을 확인하고 싶습니다.
KO-FIN-02412,603,대출,,외부금융,일반개념,은행,안내,외부금융은 심사 결과에 따라 이용 가능 여부가 달라질 수 있습니다.,용어기반,양호,정확,높음,35,0.429,수정 권장,유사 문장구조 반복(35회) 또는 동일 용어 내 유사도 높음,,최종 유지,실제 금융 문맥에서 자연스러움; 금융용어 사용 적절; 과도한 유사성 낮음,외부금융은 심사 결과에 따라 이용 가능 여부가 달라질 수 있습니다.
KO-FIN-02415,604,펀드·신탁,,외수펀드,상품·증권,고객,상담,외수펀드에 가입하기 전에 어떤 점을 확인해야 하나요?,용어기반,양호,정확,높음,52,0.458,수정 권장,유사 문장구조 반복(52회) 또는 동일 용어 내 유사도 높음,,최종 유지,실제 금융 문맥에서 자연스러움; 금융용어 사용 적절; 과도한 유사성 낮음,외수펀드에 가입하기 전에 어떤 점을 확인해야 하나요?
KO-FIN-02418,605,채권,,외평채,일반개념,고객,확인,외평채의 조건과 수익 구조를 확인하고 싶습니다.,용어기반,보통,정확,매우 높음,115,0.385,수정 권장,동일 문장구조가 115회 반복,,최종 유지,해당 용어 후보 중 상대적으로 가장 자연스러운 대표 문장; 금융용어 사용 적절; 반복 골격이지만 용어별 대표 1문장으로 제한,외평채의 조건과 수익 구조를 확인하고 싶습니다.
KO-FIN-02421,606,증권·예탁,해외송금·외환 / 금융시장·거래,외화증권,상품·증권,고객,질문,외화증권이 무엇인지 설명해 주세요.,용어기반,보통,정확,매우 높음,705,0.511,유지(대표 1개만),동일 문장구조가 705회 반복,,최종 유지,해당 용어 후보 중 상대적으로 가장 자연스러운 대표 문장; 금융용어 사용 적절; 반복 골격이지만 용어별 대표 1문장으로 제한,외화증권이 무엇인지 설명해 주세요.
KO-FIN-02426,607,증권·예탁,해외송금·외환 / 대출,외화차입 담보관리제,일반개념,고객,확인,외화차입 담보관리제 처리 절차를 확인하고 싶습니다.,용어기반,보통,정확,매우 높음,241,0.71,수정 권장,동일 문장구조가 241회 반복,,최종 유지,해당 용어 후보 중 상대적으로 가장 자연스러운 대표 문장; 금융용어 사용 적절; 반복 골격이지만 용어별 대표 1문장으로 제한,외화차입 담보관리제 처리 절차를 확인하고 싶습니다.
KO-FIN-02429,608,금융시장·거래,해외송금·외환,외환시장,시스템·인프라,고객,질문,외환시장이 무엇을 의미하나요?,용어기반,보통,정확,매우 높음,303,0.595,유지(대표 1개만),동일 문장구조가 303회 반복,,최종 유지,해당 용어 후보 중 상대적으로 가장 자연스러운 대표 문장; 금융용어 사용 적절; 반복 골격이지만 용어별 대표 1문장으로 제한,외환시장이 무엇을 의미하나요?
KO-FIN-02435,609,주식,,우량주,일반개념,고객,상담,우량주과 관련해 투자 전에 확인해야 할 사항이 있나요?,용어기반,미흡,정확(문법 수정),매우 높음,183,0.478,수정 권장,조사 오류: '우량주과' → '우량주와'; 동일 문장구조가 183회 반복,우량주와 관련해 투자 전에 확인해야 할 사항이 있나요?,최종 유지,해당 용어 후보 중 상대적으로 가장 자연스러운 대표 문장; 조사/문법을 자동수정안으로 교정; 반복 골격이지만 용어별 대표 1문장으로 제한,우량주와 관련해 투자 전에 확인해야 할 사항이 있나요?
KO-FIN-02437,610,주식,,우리사주조합,일반개념,고객,질문,우리사주조합이 무엇인지 설명해 주세요.,용어기반,보통,정확,매우 높음,705,0.426,유지(대표 1개만),동일 문장구조가 705회 반복,,최종 유지,해당 용어 후보 중 상대적으로 가장 자연스러운 대표 문장; 금융용어 사용 적절; 반복 골격이지만 용어별 대표 1문장으로 제한,우리사주조합이 무엇인지 설명해 주세요.
KO-FIN-02443,611,주식,,우선주,일반개념,고객,상담,우선주과 관련해 투자 전에 확인해야 할 사항이 있나요?,용어기반,미흡,정확(문법 수정),매우 높음,183,0.478,수정 권장,조사 오류: '우선주과' → '우선주와'; 동일 문장구조가 183회 반복,우선주와 관련해 투자 전에 확인해야 할 사항이 있나요?,최종 유지,해당 용어 후보 중 상대적으로 가장 자연스러운 대표 문장; 조사/문법을 자동수정안으로 교정; 반복 골격이지만 용어별 대표 1문장으로 제한,우선주와 관련해 투자 전에 확인해야 할 사항이 있나요?
KO-FIN-02446,612,신용·리스크,,운영위험,지표·개념,고객,질문,운영위험이 금융거래에 어떤 영향을 주나요?,용어기반,양호,정확,중복,22,1,수정 권장,완전 동일 문장 2회,,최종 유지,실제 금융 문맥에서 자연스러움; 금융용어 사용 적절; 과도한 유사성 낮음,운영위험이 금융거래에 어떤 영향을 주나요?
KO-FIN-02454,614,금융기관·은행,,워크아웃,일반개념,고객,질문,워크아웃에서 이용할 수 있는 금융업무는 무엇인가요?,용어기반,양호,정확,높음,40,0.406,수정 권장,유사 문장구조 반복(40회) 또는 동일 용어 내 유사도 높음,,최종 유지,실제 금융 문맥에서 자연스러움; 금융용어 사용 적절; 과도한 유사성 낮음,워크아웃에서 이용할 수 있는 금융업무는 무엇인가요?
KO-FIN-02458,615,신용·리스크,금융시장·거래 / 지급결제·청산,원본위험,지표·개념,고객,질문,원본위험이 금융거래에 어떤 영향을 주나요?,용어기반,양호,정확,높음,22,0.571,수정 권장,유사 문장구조 반복(22회) 또는 동일 용어 내 유사도 높음,,최종 유지,실제 금융 문맥에서 자연스러움; 금융용어 사용 적절; 과도한 유사성 낮음,원본위험이 금융거래에 어떤 영향을 주나요?
KO-FIN-02460,615,신용·리스크,금융시장·거래 / 지급결제·청산,원본위험,지표·개념,금융기관,주의,원본위험은 거래 조건이나 이용 가능 여부에 영향을 줄 수 있습니다.,용어기반,양호,정확,높음,22,0.433,수정 권장,유사 문장구조 반복(22회) 또는 동일 용어 내 유사도 높음,,최종 유지,실제 금융 문맥에서 자연스러움; 금융용어 사용 적절; 과도한 유사성 낮음,원본위험은 거래 조건이나 이용 가능 여부에 영향을 줄 수 있습니다.
KO-FIN-02462,616,세금,,원천과세,일반개념,고객,질문,원천과세의 적용 기준을 알려주세요.,용어기반,양호,정확,낮음,11,0.432,유지,실제 금융 문맥에서 자연스럽고 용어 사용도 적절함,,최종 유지,실제 금융 문맥에서 자연스러움; 금융용어 사용 적절; 과도한 유사성 낮음,원천과세의 적용 기준을 알려주세요.
KO-FIN-02464,616,세금,,원천과세,일반개념,금융기관,안내,원천과세의 적용 여부는 거래 유형과 세법에 따라 달라질 수 있습니다.,용어기반,양호,정확,낮음,11,0.431,유지,실제 금융 문맥에서 자연스럽고 용어 사용도 적절함,,최종 유지,실제 금융 문맥에서 자연스러움; 금융용어 사용 적절; 과도한 유사성 낮음,원천과세의 적용 여부는 거래 유형과 세법에 따라 달라질 수 있습니다.
KO-FIN-02466,617,세금,,원천징수,일반개념,고객,질문,원천징수의 적용 기준을 알려주세요.,용어기반,양호,정확,낮음,11,0.432,유지,실제 금융 문맥에서 자연스럽고 용어 사용도 적절함,,최종 유지,실제 금융 문맥에서 자연스러움; 금융용어 사용 적절; 과도한 유사성 낮음,원천징수의 적용 기준을 알려주세요.
KO-FIN-02468,617,세금,,원천징수,일반개념,금융기관,안내,원천징수의 적용 여부는 거래 유형과 세법에 따라 달라질 수 있습니다.,용어기반,양호,정확,낮음,11,0.431,유지,실제 금융 문맥에서 자연스럽고 용어 사용도 적절함,,최종 유지,실제 금융 문맥에서 자연스러움; 금융용어 사용 적절; 과도한 유사성 낮음,원천징수의 적용 여부는 거래 유형과 세법에 따라 달라질 수 있습니다.
KO-FIN-02469,618,채권,,원화표시채권,상품·증권,고객,질문,원화표시채권이 무엇인지 설명해 주세요.,용어기반,보통,정확,매우 높음,705,0.4,유지(대표 1개만),동일 문장구조가 705회 반복,,최종 유지,해당 용어 후보 중 상대적으로 가장 자연스러운 대표 문장; 금융용어 사용 적절; 반복 골격이지만 용어별 대표 1문장으로 제한,원화표시채권이 무엇인지 설명해 주세요.
KO-FIN-02473,619,금융시장·거래,,웹거래시스템,시스템·인프라,고객,질문,웹거래시스템이 무엇을 의미하나요?,용어기반,보통,정확,매우 높음,303,0.634,유지(대표 1개만),동일 문장구조가 303회 반복,,최종 유지,해당 용어 후보 중 상대적으로 가장 자연스러운 대표 문장; 금융용어 사용 적절; 반복 골격이지만 용어별 대표 1문장으로 제한,웹거래시스템이 무엇을 의미하나요?
KO-FIN-02477,620,금융시장·거래,증권·예탁,위약손해배상공동기금,일반개념,고객,질문,위약손해배상공동기금이 무엇을 의미하나요?,용어기반,보통,정확,매우 높음,303,0.694,유지(대표 1개만),동일 문장구조가 303회 반복,,최종 유지,해당 용어 후보 중 상대적으로 가장 자연스러운 대표 문장; 금융용어 사용 적절; 반복 골격이지만 용어별 대표 1문장으로 제한,위약손해배상공동기금이 무엇을 의미하나요?
KO-FIN-02481,621,주식,,위임장,일반개념,고객,질문,위임장이 무엇인지 설명해 주세요.,용어기반,보통,정확,매우 높음,705,0.341,유지(대표 1개만),동일 문장구조가 705회 반복,,최종 유지,해당 용어 후보 중 상대적으로 가장 자연스러운 대표 문장; 금융용어 사용 적절; 반복 골격이지만 용어별 대표 1문장으로 제한,위임장이 무엇인지 설명해 주세요.
KO-FIN-02485,622,주식,,위임장경쟁,일반개념,고객,질문,위임장경쟁이 무엇인지 설명해 주세요.,용어기반,보통,정확,매우 높음,705,0.4,유지(대표 1개만),동일 문장구조가 705회 반복,,최종 유지,해당 용어 후보 중 상대적으로 가장 자연스러운 대표 문장; 금융용어 사용 적절; 반복 골격이지만 용어별 대표 1문장으로 제한,위임장경쟁이 무엇인지 설명해 주세요.
KO-FIN-02490,623,금융시장·거래,증권·예탁,위탁매매,행위·절차,고객,확인,위탁매매과 관련된 시장 정보를 확인하고 싶습니다.,용어기반,미흡,정확(문법 수정),매우 높음,236,0.355,수정 권장,조사 오류: '위탁매매과' → '위탁매매와'; 동일 문장구조가 236회 반복,위탁매매와 관련된 시장 정보를 확인하고 싶습니다.,최종 유지,해당 용어 후보 중 상대적으로 가장 자연스러운 대표 문장; 조사/문법을 자동수정안으로 교정; 반복 골격이지만 용어별 대표 1문장으로 제한,위탁매매와 관련된 시장 정보를 확인하고 싶습니다.
KO-FIN-02494,624,금융시장·거래,,위탁수수료,일반개념,고객,확인,위탁수수료과 관련된 시장 정보를 확인하고 싶습니다.,용어기반,미흡,정확(문법 수정),매우 높음,236,0.375,수정 권장,조사 오류: '위탁수수료과' → '위탁수수료와'; 동일 문장구조가 236회 반복,위탁수수료와 관련된 시장 정보를 확인하고 싶습니다.,최종 유지,해당 용어 후보 중 상대적으로 가장 자연스러운 대표 문장; 조사/문법을 자동수정안으로 교정; 반복 골격이지만 용어별 대표 1문장으로 제한,위탁수수료와 관련된 시장 정보를 확인하고 싶습니다.
KO-FIN-02499,625,금융법규·감독,,위탁자,사람·역할,고객,상담,위탁자 때문에 추가로 확인해야 할 사항이 있나요?,용어기반,양호,정확,낮음,15,0.417,유지,실제 금융 문맥에서 자연스럽고 용어 사용도 적절함,,최종 유지,실제 금융 문맥에서 자연스러움; 금융용어 사용 적절; 과도한 유사성 낮음,위탁자 때문에 추가로 확인해야 할 사항이 있나요?
KO-FIN-02500,625,금융법규·감독,,위탁자,사람·역할,금융기관,안내,위탁자의 적용 범위는 관련 법령과 규정에 따라 달라질 수 있습니다.,용어기반,양호,정확,낮음,15,0.5,유지,실제 금융 문맥에서 자연스럽고 용어 사용도 적절함,,최종 유지,실제 금융 문맥에서 자연스러움; 금융용어 사용 적절; 과도한 유사성 낮음,위탁자의 적용 범위는 관련 법령과 규정에 따라 달라질 수 있습니다.
KO-FIN-02501,626,지급결제·청산,금융시장·거래,위탁자청산서비스,일반개념,고객,질문,위탁자청산서비스이 무엇인지 설명해 주세요.,용어기반,미흡,정확(문법 수정),매우 높음,705,0.582,수정 권장,조사 오류: '위탁자청산서비스이' → '위탁자청산서비스가'; 동일 문장구조가 705회 반복,위탁자청산서비스가 무엇인지 설명해 주세요.,최종 유지,해당 용어 후보 중 상대적으로 가장 자연스러운 대표 문장; 조사/문법을 자동수정안으로 교정; 반복 골격이지만 용어별 대표 1문장으로 제한,위탁자청산서비스가 무엇인지 설명해 주세요.
KO-FIN-02505,627,파생상품,금융시장·거래 / 증권·예탁 / 자산운용·투자,위탁증거금,일반개념,고객,질문,위탁증거금이 무엇인지 쉽게 설명해 주세요.,용어기반,양호,정확,높음,53,0.383,유지(대표 1개만),유사 문장구조 반복(53회) 또는 동일 용어 내 유사도 높음,,최종 유지,실제 금융 문맥에서 자연스러움; 금융용어 사용 적절; 과도한 유사성 낮음,위탁증거금이 무엇인지 쉽게 설명해 주세요.
KO-FIN-02515,629,신용·리스크,자산운용·투자,위험프리미엄,일반개념,고객,상담,위험프리미엄을 줄이려면 어떤 점을 확인해야 하나요?,용어기반,양호,정확,높음,22,0.604,수정 권장,유사 문장구조 반복(22회) 또는 동일 용어 내 유사도 높음,,최종 유지,실제 금융 문맥에서 자연스러움; 금융용어 사용 적절; 과도한 유사성 낮음,위험프리미엄을 줄이려면 어떤 점을 확인해야 하나요?
KO-FIN-02516,629,신용·리스크,자산운용·투자,위험프리미엄,일반개념,금융기관,주의,위험프리미엄은 거래 조건이나 이용 가능 여부에 영향을 줄 수 있습니다.,용어기반,양호,정확,높음,22,0.469,수정 권장,유사 문장구조 반복(22회) 또는 동일 용어 내 유사도 높음,,최종 유지,실제 금융 문맥에서 자연스러움; 금융용어 사용 적절; 과도한 유사성 낮음,위험프리미엄은 거래 조건이나 이용 가능 여부에 영향을 줄 수 있습니다.
KO-FIN-02517,630,증권·예탁,,유가증권 현송,일반개념,고객,질문,유가증권 현송이 무엇인지 설명해 주세요.,용어기반,보통,정확,매우 높음,705,0.566,유지(대표 1개만),동일 문장구조가 705회 반복,,최종 유지,해당 용어 후보 중 상대적으로 가장 자연스러운 대표 문장; 금융용어 사용 적절; 반복 골격이지만 용어별 대표 1문장으로 제한,유가증권 현송이 무엇인지 설명해 주세요.
KO-FIN-02521,631,증권·예탁,,유가증권,상품·증권,고객,질문,유가증권이 무엇인지 설명해 주세요.,용어기반,보통,정확,매우 높음,705,0.511,유지(대표 1개만),동일 문장구조가 705회 반복,,최종 유지,해당 용어 후보 중 상대적으로 가장 자연스러운 대표 문장; 금융용어 사용 적절; 반복 골격이지만 용어별 대표 1문장으로 제한,유가증권이 무엇인지 설명해 주세요.
KO-FIN-02526,632,증권·예탁,,유가증권신고서,일반개념,고객,확인,유가증권신고서 처리 절차를 확인하고 싶습니다.,용어기반,보통,정확,매우 높음,241,0.679,수정 권장,동일 문장구조가 241회 반복,,최종 유지,해당 용어 후보 중 상대적으로 가장 자연스러운 대표 문장; 금융용어 사용 적절; 반복 골격이지만 용어별 대표 1문장으로 제한,유가증권신고서 처리 절차를 확인하고 싶습니다.
KO-FIN-02530,633,금융기관·은행,,유동성,일반개념,고객,질문,유동성에서 이용할 수 있는 금융업무는 무엇인가요?,용어기반,양호,정확,높음,40,0.387,수정 권장,유사 문장구조 반복(40회) 또는 동일 용어 내 유사도 높음,,최종 유지,실제 금융 문맥에서 자연스러움; 금융용어 사용 적절; 과도한 유사성 낮음,유동성에서 이용할 수 있는 금융업무는 무엇인가요?
KO-FIN-02534,634,신용·리스크,,유동성위험,지표·개념,고객,질문,유동성위험이 금융거래에 어떤 영향을 주나요?,용어기반,양호,정확,높음,22,0.588,수정 권장,유사 문장구조 반복(22회) 또는 동일 용어 내 유사도 높음,,최종 유지,실제 금융 문맥에서 자연스러움; 금융용어 사용 적절; 과도한 유사성 낮음,유동성위험이 금융거래에 어떤 영향을 주나요?
KO-FIN-02536,634,신용·리스크,,유동성위험,지표·개념,금융기관,주의,유동성위험은 거래 조건이나 이용 가능 여부에 영향을 줄 수 있습니다.,용어기반,양호,정확,높음,22,0.452,수정 권장,유사 문장구조 반복(22회) 또는 동일 용어 내 유사도 높음,,최종 유지,실제 금융 문맥에서 자연스러움; 금융용어 사용 적절; 과도한 유사성 낮음,유동성위험은 거래 조건이나 이용 가능 여부에 영향을 줄 수 있습니다.
KO-FIN-02540,635,대출,,유동화 중개기관,기관·조직,은행,안내,유동화 중개기관은 심사 결과에 따라 이용 가능 여부가 달라질 수 있습니다.,용어기반,양호,정확,높음,35,0.5,수정 권장,유사 문장구조 반복(35회) 또는 동일 용어 내 유사도 높음,,최종 유지,실제 금융 문맥에서 자연스러움; 금융용어 사용 적절; 과도한 유사성 낮음,유동화 중개기관은 심사 결과에 따라 이용 가능 여부가 달라질 수 있습니다.
KO-FIN-02542,636,증권·예탁,,유럽중앙예탁기관협의회,일반개념,고객,확인,유럽중앙예탁기관협의회 처리 절차를 확인하고 싶습니다.,용어기반,보통,정확,매우 높음,241,0.719,수정 권장,동일 문장구조가 241회 반복,,최종 유지,해당 용어 후보 중 상대적으로 가장 자연스러운 대표 문장; 금융용어 사용 적절; 반복 골격이지만 용어별 대표 1문장으로 제한,유럽중앙예탁기관협의회 처리 절차를 확인하고 싶습니다.
KO-FIN-02548,637,금융기관·은행,,유럽중앙은행,기관·조직,금융기관,안내,유럽중앙은행과 관련된 세부 업무는 해당 기관의 안내를 확인해 주세요.,용어기반,양호,정확,높음,40,0.441,수정 권장,유사 문장구조 반복(40회) 또는 동일 용어 내 유사도 높음,,최종 유지,실제 금융 문맥에서 자연스러움; 금융용어 사용 적절; 과도한 유사성 낮음,유럽중앙은행과 관련된 세부 업무는 해당 기관의 안내를 확인해 주세요.
KO-FIN-02552,638,기타 금융일반,,유럽통화단위,일반개념,금융기관,안내,유럽통화단위의 정확한 의미는 해당 금융거래의 맥락과 함께 확인해야 합니다.,용어기반,양호,정확,높음,21,0.448,수정 권장,유사 문장구조 반복(21회) 또는 동일 용어 내 유사도 높음,,최종 유지,실제 금융 문맥에서 자연스러움; 금융용어 사용 적절; 과도한 유사성 낮음,유럽통화단위의 정확한 의미는 해당 금융거래의 맥락과 함께 확인해야 합니다.
KO-FIN-02553,639,해외송금·외환,,유럽통화제도,법규·제도,고객,질문,유럽통화제도에 대해 자세히 알려주세요.,용어기반,양호,정확,높음,21,0.578,수정 권장,유사 문장구조 반복(21회) 또는 동일 용어 내 유사도 높음,,최종 유지,실제 금융 문맥에서 자연스러움; 금융용어 사용 적절; 과도한 유사성 낮음,유럽통화제도에 대해 자세히 알려주세요.
KO-FIN-02557,640,파생상품,,유럽형 옵션,상품·증권,고객,질문,유럽형 옵션이 무엇인지 쉽게 설명해 주세요.,용어기반,양호,정확,높음,53,0.408,유지(대표 1개만),유사 문장구조 반복(53회) 또는 동일 용어 내 유사도 높음,,최종 유지,실제 금융 문맥에서 자연스러움; 금융용어 사용 적절; 과도한 유사성 낮음,유럽형 옵션이 무엇인지 쉽게 설명해 주세요.
KO-FIN-02562,641,금융시장·거래,,유로,일반개념,고객,확인,유로과 관련된 시장 정보를 확인하고 싶습니다.,용어기반,미흡,정확(문법 수정),매우 높음,236,0.31,수정 권장,조사 오류: '유로과' → '유로와'; 동일 문장구조가 236회 반복,유로와 관련된 시장 정보를 확인하고 싶습니다.,최종 유지,해당 용어 후보 중 상대적으로 가장 자연스러운 대표 문장; 조사/문법을 자동수정안으로 교정; 반복 골격이지만 용어별 대표 1문장으로 제한,유로와 관련된 시장 정보를 확인하고 싶습니다.
KO-FIN-02567,642,대출,금융시장·거래,유로달러,일반개념,고객,요청,유로달러에 대해 상담받고 싶습니다.,용어기반,양호,정확,높음,40,0.56,수정 권장,유사 문장구조 반복(40회) 또는 동일 용어 내 유사도 높음,,최종 유지,실제 금융 문맥에서 자연스러움; 금융용어 사용 적절; 과도한 유사성 낮음,유로달러에 대해 상담받고 싶습니다.
KO-FIN-02569,643,해외송금·외환,,유로머니,일반개념,고객,질문,유로머니에 대해 자세히 알려주세요.,용어기반,양호,정확,높음,21,0.537,수정 권장,유사 문장구조 반복(21회) 또는 동일 용어 내 유사도 높음,,최종 유지,실제 금융 문맥에서 자연스러움; 금융용어 사용 적절; 과도한 유사성 낮음,유로머니에 대해 자세히 알려주세요.
KO-FIN-02574,644,채권,자산운용·투자,유로본드,상품·증권,고객,확인,유로본드의 조건과 수익 구조를 확인하고 싶습니다.,용어기반,보통,정확,매우 높음,115,0.407,수정 권장,동일 문장구조가 115회 반복,,최종 유지,해당 용어 후보 중 상대적으로 가장 자연스러운 대표 문장; 금융용어 사용 적절; 반복 골격이지만 용어별 대표 1문장으로 제한,유로본드의 조건과 수익 구조를 확인하고 싶습니다.
KO-FIN-02577,645,금융시장·거래,국제금융,유로시장,시스템·인프라,고객,질문,유로시장이 무엇을 의미하나요?,용어기반,보통,정확,매우 높음,303,0.595,유지(대표 1개만),동일 문장구조가 303회 반복,,최종 유지,해당 용어 후보 중 상대적으로 가장 자연스러운 대표 문장; 금융용어 사용 적절; 반복 골격이지만 용어별 대표 1문장으로 제한,유로시장이 무엇을 의미하나요?
KO-FIN-02582,646,예금상품,,유로통화,일반개념,고객,질문,유로통화에 적용되는 금리는 어떻게 되나요?,용어기반,양호,정확,낮음,5,0.417,유지,실제 금융 문맥에서 자연스럽고 용어 사용도 적절함,,최종 유지,실제 금융 문맥에서 자연스러움; 금융용어 사용 적절; 과도한 유사성 낮음,유로통화에 적용되는 금리는 어떻게 되나요?
KO-FIN-02586,647,회계·재무,,유보율,지표·개념,고객,확인,유보율을 통해 어떤 정보를 확인할 수 있나요?,용어기반,양호,정확,낮음,16,0.6,유지,실제 금융 문맥에서 자연스럽고 용어 사용도 적절함,,최종 유지,실제 금융 문맥에서 자연스러움; 금융용어 사용 적절; 과도한 유사성 낮음,유보율을 통해 어떤 정보를 확인할 수 있나요?
KO-FIN-02588,647,회계·재무,,유보율,지표·개념,금융기관,안내,유보율은 기준 시점과 작성 기준을 함께 확인해야 합니다.,용어기반,양호,정확,낮음,16,0.321,유지,실제 금융 문맥에서 자연스럽고 용어 사용도 적절함,,최종 유지,실제 금융 문맥에서 자연스러움; 금융용어 사용 적절; 과도한 유사성 낮음,유보율은 기준 시점과 작성 기준을 함께 확인해야 합니다.
KO-FIN-02590,648,주식,,유상증자,사람·역할,고객,확인,유상증자과 관련된 정보를 확인하고 싶습니다.,용어기반,미흡,정확(문법 수정),매우 높음,183,0.516,수정 권장,조사 오류: '유상증자과' → '유상증자와'; 동일 문장구조가 183회 반복,유상증자와 관련된 정보를 확인하고 싶습니다.,최종 유지,해당 용어 후보 중 상대적으로 가장 자연스러운 대표 문장; 조사/문법을 자동수정안으로 교정; 반복 골격이지만 용어별 대표 1문장으로 제한,유상증자와 관련된 정보를 확인하고 싶습니다.
KO-FIN-02593,649,파생상품,,유지증거금,일반개념,고객,질문,유지증거금이 무엇인지 쉽게 설명해 주세요.,용어기반,양호,정확,높음,53,0.383,유지(대표 1개만),유사 문장구조 반복(53회) 또는 동일 용어 내 유사도 높음,,최종 유지,실제 금융 문맥에서 자연스러움; 금융용어 사용 적절; 과도한 유사성 낮음,유지증거금이 무엇인지 쉽게 설명해 주세요.
KO-FIN-02597,650,주식,법률·계약,유지청구권,일반개념,고객,질문,유지청구권이 무엇인지 설명해 주세요.,용어기반,보통,정확,매우 높음,705,0.4,유지(대표 1개만),동일 문장구조가 705회 반복,,최종 유지,해당 용어 후보 중 상대적으로 가장 자연스러운 대표 문장; 금융용어 사용 적절; 반복 골격이지만 용어별 대표 1문장으로 제한,유지청구권이 무엇인지 설명해 주세요.
KO-FIN-02601,651,채권,,유치권,일반개념,고객,질문,유치권이 무엇인지 설명해 주세요.,용어기반,보통,정확,매우 높음,705,0.318,유지(대표 1개만),동일 문장구조가 705회 반복,,최종 유지,해당 용어 후보 중 상대적으로 가장 자연스러운 대표 문장; 금융용어 사용 적절; 반복 골격이지만 용어별 대표 1문장으로 제한,유치권이 무엇인지 설명해 주세요.
KO-FIN-02605,652,금융시장·거래,증권·예탁 / 자산운용·투자,유통시장,시스템·인프라,고객,질문,유통시장이 무엇을 의미하나요?,용어기반,보통,정확,매우 높음,303,0.595,유지(대표 1개만),동일 문장구조가 303회 반복,,최종 유지,해당 용어 후보 중 상대적으로 가장 자연스러운 대표 문장; 금융용어 사용 적절; 반복 골격이지만 용어별 대표 1문장으로 제한,유통시장이 무엇을 의미하나요?
KO-FIN-02609,653,주식,,유통DR,일반개념,고객,질문,유통DR이 무엇인지 설명해 주세요.,용어기반,보통,정확,매우 높음,705,0.372,유지(대표 1개만),동일 문장구조가 705회 반복,,최종 유지,해당 용어 후보 중 상대적으로 가장 자연스러운 대표 문장; 금융용어 사용 적절; 반복 골격이지만 용어별 대표 1문장으로 제한,유통DR이 무엇인지 설명해 주세요.
KO-FIN-02613,654,법률·계약,주식,의결권 대리인,사람·역할,고객,질문,의결권 대리인이 금융거래에서 무엇을 의미하나요?,용어기반,양호,정확,높음,36,0.519,유지(대표 1개만),유사 문장구조 반복(36회) 또는 동일 용어 내 유사도 높음,,최종 유지,실제 금융 문맥에서 자연스러움; 금융용어 사용 적절; 과도한 유사성 낮음,의결권 대리인이 금융거래에서 무엇을 의미하나요?
KO-FIN-02619,655,주식,,의결권 불통일행사,일반개념,고객,상담,의결권 불통일행사과 관련해 투자 전에 확인해야 할 사항이 있나요?,용어기반,미흡,정확(문법 수정),매우 높음,183,0.557,수정 권장,조사 오류: '의결권 불통일행사과' → '의결권 불통일행사와'; 동일 문장구조가 183회 반복,의결권 불통일행사와 관련해 투자 전에 확인해야 할 사항이 있나요?,최종 유지,해당 용어 후보 중 상대적으로 가장 자연스러운 대표 문장; 조사/문법을 자동수정안으로 교정; 반복 골격이지만 용어별 대표 1문장으로 제한,의결권 불통일행사와 관련해 투자 전에 확인해야 할 사항이 있나요?
KO-FIN-02621,656,주식,,의결권,일반개념,고객,질문,의결권이 무엇인지 설명해 주세요.,용어기반,보통,정확,매우 높음,705,0.341,유지(대표 1개만),동일 문장구조가 705회 반복,,최종 유지,해당 용어 후보 중 상대적으로 가장 자연스러운 대표 문장; 금융용어 사용 적절; 반복 골격이지만 용어별 대표 1문장으로 제한,의결권이 무엇인지 설명해 주세요.
KO-FIN-02628,657,법률·계약,주식,의결권대리행사 권유,일반개념,금융기관,안내,의결권대리행사 권유의 적용 여부는 계약 내용과 관련 법령을 확인해야 합니다.,용어기반,양호,정확,중복,35,1,수정 권장,완전 동일 문장 2회,,최종 유지,실제 금융 문맥에서 자연스러움; 금융용어 사용 적절; 과도한 유사성 낮음,의결권대리행사 권유의 적용 여부는 계약 내용과 관련 법령을 확인해야 합니다.
KO-FIN-02635,659,펀드·신탁,주식,의결권신탁,상품·증권,고객,상담,의결권신탁에 가입하기 전에 어떤 점을 확인해야 하나요?,용어기반,양호,정확,높음,52,0.48,수정 권장,유사 문장구조 반복(52회) 또는 동일 용어 내 유사도 높음,,최종 유지,실제 금융 문맥에서 자연스러움; 금융용어 사용 적절; 과도한 유사성 낮음,의결권신탁에 가입하기 전에 어떤 점을 확인해야 하나요?
KO-FIN-02639,660,주식,,의결권주,일반개념,고객,상담,의결권주과 관련해 투자 전에 확인해야 할 사항이 있나요?,용어기반,미흡,정확(문법 수정),매우 높음,183,0.493,수정 권장,조사 오류: '의결권주과' → '의결권주와'; 동일 문장구조가 183회 반복,의결권주와 관련해 투자 전에 확인해야 할 사항이 있나요?,최종 유지,해당 용어 후보 중 상대적으로 가장 자연스러운 대표 문장; 조사/문법을 자동수정안으로 교정; 반복 골격이지만 용어별 대표 1문장으로 제한,의결권주와 관련해 투자 전에 확인해야 할 사항이 있나요?
KO-FIN-02641,661,주식,,의결권행사의 제한,일반개념,고객,질문,의결권행사의 제한이 무엇인지 설명해 주세요.,용어기반,보통,정확,매우 높음,705,0.491,유지(대표 1개만),동일 문장구조가 705회 반복,,최종 유지,해당 용어 후보 중 상대적으로 가장 자연스러운 대표 문장; 금융용어 사용 적절; 반복 골격이지만 용어별 대표 1문장으로 제한,의결권행사의 제한이 무엇인지 설명해 주세요.
KO-FIN-02645,662,주식,,의제배당,행위·절차,고객,질문,의제배당이 무엇인지 설명해 주세요.,용어기반,보통,정확,매우 높음,705,0.372,유지(대표 1개만),동일 문장구조가 705회 반복,,최종 유지,해당 용어 후보 중 상대적으로 가장 자연스러운 대표 문장; 금융용어 사용 적절; 반복 골격이지만 용어별 대표 1문장으로 제한,의제배당이 무엇인지 설명해 주세요.
KO-FIN-02649,663,증권·예탁,,의제예탁,행위·절차,고객,질문,의제예탁이 무엇인지 설명해 주세요.,용어기반,보통,정확,매우 높음,705,0.511,유지(대표 1개만),동일 문장구조가 705회 반복,,최종 유지,해당 용어 후보 중 상대적으로 가장 자연스러운 대표 문장; 금융용어 사용 적절; 반복 골격이지만 용어별 대표 1문장으로 제한,의제예탁이 무엇인지 설명해 주세요.
KO-FIN-02653,664,주식,,이머징 마켓,일반개념,고객,질문,이머징 마켓이 무엇인지 설명해 주세요.,용어기반,보통,정확,매우 높음,705,0.426,유지(대표 1개만),동일 문장구조가 705회 반복,,최종 유지,해당 용어 후보 중 상대적으로 가장 자연스러운 대표 문장; 금융용어 사용 적절; 반복 골격이지만 용어별 대표 1문장으로 제한,이머징 마켓이 무엇인지 설명해 주세요.
KO-FIN-02657,665,주식,,이익배당,행위·절차,고객,질문,이익배당이 무엇인지 설명해 주세요.,용어기반,보통,정확,매우 높음,705,0.372,유지(대표 1개만),동일 문장구조가 705회 반복,,최종 유지,해당 용어 후보 중 상대적으로 가장 자연스러운 대표 문장; 금융용어 사용 적절; 반복 골격이지만 용어별 대표 1문장으로 제한,이익배당이 무엇인지 설명해 주세요.
KO-FIN-02661,666,금융시장·거래,,이익잉여금,일반개념,고객,질문,이익잉여금이 무엇을 의미하나요?,용어기반,보통,정확,매우 높음,303,0.615,유지(대표 1개만),동일 문장구조가 303회 반복,,최종 유지,해당 용어 후보 중 상대적으로 가장 자연스러운 대표 문장; 금융용어 사용 적절; 반복 골격이지만 용어별 대표 1문장으로 제한,이익잉여금이 무엇을 의미하나요?
KO-FIN-02667,667,주식,,이익잉여금처분계산서,일반개념,고객,상담,이익잉여금처분계산서과 관련해 투자 전에 확인해야 할 사항이 있나요?,용어기반,미흡,정확(문법 수정),매우 높음,183,0.568,수정 권장,조사 오류: '이익잉여금처분계산서과' → '이익잉여금처분계산서와'; 동일 문장구조가 183회 반복,이익잉여금처분계산서와 관련해 투자 전에 확인해야 할 사항이 있나요?,최종 유지,해당 용어 후보 중 상대적으로 가장 자연스러운 대표 문장; 조사/문법을 자동수정안으로 교정; 반복 골격이지만 용어별 대표 1문장으로 제한,이익잉여금처분계산서와 관련해 투자 전에 확인해야 할 사항이 있나요?
KO-FIN-02670,668,회계·재무,,이익준비금,일반개념,고객,확인,이익준비금을 통해 어떤 정보를 확인할 수 있나요?,용어기반,양호,정확,낮음,16,0.63,유지,실제 금융 문맥에서 자연스럽고 용어 사용도 적절함,,최종 유지,실제 금융 문맥에서 자연스러움; 금융용어 사용 적절; 과도한 유사성 낮음,이익준비금을 통해 어떤 정보를 확인할 수 있나요?
KO-FIN-02672,668,회계·재무,,이익준비금,일반개념,금융기관,안내,이익준비금은 기준 시점과 작성 기준을 함께 확인해야 합니다.,용어기반,양호,정확,낮음,16,0.367,유지,실제 금융 문맥에서 자연스럽고 용어 사용도 적절함,,최종 유지,실제 금융 문맥에서 자연스러움; 금융용어 사용 적절; 과도한 유사성 낮음,이익준비금은 기준 시점과 작성 기준을 함께 확인해야 합니다.
KO-FIN-02674,669,채권,주식,이익참가부사채,상품·증권,고객,확인,이익참가부사채의 조건과 수익 구조를 확인하고 싶습니다.,용어기반,보통,정확,매우 높음,115,0.467,수정 권장,동일 문장구조가 115회 반복,,최종 유지,해당 용어 후보 중 상대적으로 가장 자연스러운 대표 문장; 금융용어 사용 적절; 반복 골격이지만 용어별 대표 1문장으로 제한,이익참가부사채의 조건과 수익 구조를 확인하고 싶습니다.
KO-FIN-02678,670,채권,,이자 계산일수,일반개념,고객,확인,이자 계산일수의 조건과 수익 구조를 확인하고 싶습니다.,용어기반,보통,정확,매우 높음,115,0.467,수정 권장,동일 문장구조가 115회 반복,,최종 유지,해당 용어 후보 중 상대적으로 가장 자연스러운 대표 문장; 금융용어 사용 적절; 반복 골격이지만 용어별 대표 1문장으로 제한,이자 계산일수의 조건과 수익 구조를 확인하고 싶습니다.
KO-FIN-02681,671,금융시장·거래,자산운용·투자,이자락,일반개념,고객,질문,이자락이 무엇을 의미하나요?,용어기반,보통,정확,매우 높음,303,0.571,유지(대표 1개만),동일 문장구조가 303회 반복,,최종 유지,해당 용어 후보 중 상대적으로 가장 자연스러운 대표 문장; 금융용어 사용 적절; 반복 골격이지만 용어별 대표 1문장으로 제한,이자락이 무엇을 의미하나요?
KO-FIN-02685,672,채권,펀드·신탁,이자소득,일반개념,고객,질문,이자소득이 무엇인지 설명해 주세요.,용어기반,보통,정확,매우 높음,705,0.348,유지(대표 1개만),동일 문장구조가 705회 반복,,최종 유지,해당 용어 후보 중 상대적으로 가장 자연스러운 대표 문장; 금융용어 사용 적절; 반복 골격이지만 용어별 대표 1문장으로 제한,이자소득이 무엇인지 설명해 주세요.
KO-FIN-02690,673,신용·리스크,,이자율위험,지표·개념,고객,질문,이자율위험이 금융거래에 어떤 영향을 주나요?,용어기반,양호,정확,높음,22,0.588,수정 권장,유사 문장구조 반복(22회) 또는 동일 용어 내 유사도 높음,,최종 유지,실제 금융 문맥에서 자연스러움; 금융용어 사용 적절; 과도한 유사성 낮음,이자율위험이 금융거래에 어떤 영향을 주나요?
KO-FIN-02692,673,신용·리스크,,이자율위험,지표·개념,금융기관,주의,이자율위험은 거래 조건이나 이용 가능 여부에 영향을 줄 수 있습니다.,용어기반,양호,정확,높음,22,0.452,수정 권장,유사 문장구조 반복(22회) 또는 동일 용어 내 유사도 높음,,최종 유지,실제 금융 문맥에서 자연스러움; 금융용어 사용 적절; 과도한 유사성 낮음,이자율위험은 거래 조건이나 이용 가능 여부에 영향을 줄 수 있습니다.
KO-FIN-02694,674,세금,주식,이중과세,일반개념,고객,질문,이중과세의 적용 기준을 알려주세요.,용어기반,양호,정확,낮음,11,0.432,유지,실제 금융 문맥에서 자연스럽고 용어 사용도 적절함,,최종 유지,실제 금융 문맥에서 자연스러움; 금융용어 사용 적절; 과도한 유사성 낮음,이중과세의 적용 기준을 알려주세요.
KO-FIN-02696,674,세금,주식,이중과세,일반개념,금융기관,안내,이중과세의 적용 여부는 거래 유형과 세법에 따라 달라질 수 있습니다.,용어기반,양호,정확,낮음,11,0.431,유지,실제 금융 문맥에서 자연스럽고 용어 사용도 적절함,,최종 유지,실제 금융 문맥에서 자연스러움; 금융용어 사용 적절; 과도한 유사성 낮음,이중과세의 적용 여부는 거래 유형과 세법에 따라 달라질 수 있습니다.
KO-FIN-02697,675,증권·예탁,주식,이중청약,일반개념,고객,질문,이중청약이 무엇인지 설명해 주세요.,용어기반,보통,정확,매우 높음,705,0.511,유지(대표 1개만),동일 문장구조가 705회 반복,,최종 유지,해당 용어 후보 중 상대적으로 가장 자연스러운 대표 문장; 금융용어 사용 적절; 반복 골격이지만 용어별 대표 1문장으로 제한,이중청약이 무엇인지 설명해 주세요.
KO-FIN-02702,676,채권,,이표채,일반개념,고객,확인,이표채의 조건과 수익 구조를 확인하고 싶습니다.,용어기반,보통,정확,매우 높음,115,0.385,수정 권장,동일 문장구조가 115회 반복,,최종 유지,해당 용어 후보 중 상대적으로 가장 자연스러운 대표 문장; 금융용어 사용 적절; 반복 골격이지만 용어별 대표 1문장으로 제한,이표채의 조건과 수익 구조를 확인하고 싶습니다.
KO-FIN-02707,677,신용·리스크,증권·예탁 / 대출,이행보증기관,기관·조직,고객,상담,이행보증기관을 줄이려면 어떤 점을 확인해야 하나요?,용어기반,양호,정확,높음,22,0.604,수정 권장,유사 문장구조 반복(22회) 또는 동일 용어 내 유사도 높음,,최종 유지,실제 금융 문맥에서 자연스러움; 금융용어 사용 적절; 과도한 유사성 낮음,이행보증기관을 줄이려면 어떤 점을 확인해야 하나요?
KO-FIN-02708,677,신용·리스크,증권·예탁 / 대출,이행보증기관,기관·조직,금융기관,주의,이행보증기관은 거래 조건이나 이용 가능 여부에 영향을 줄 수 있습니다.,용어기반,양호,정확,높음,22,0.469,수정 권장,유사 문장구조 반복(22회) 또는 동일 용어 내 유사도 높음,,최종 유지,실제 금융 문맥에서 자연스러움; 금융용어 사용 적절; 과도한 유사성 낮음,이행보증기관은 거래 조건이나 이용 가능 여부에 영향을 줄 수 있습니다.
KO-FIN-02711,678,지급결제·청산,이체 / 금융기관·은행,익일자금결제,행위·절차,고객,문제,익일자금결제 과정에서 문제가 발생한 것 같습니다.,용어기반,보통,정확,매우 높음,86,0.549,수정 권장,동일 문장구조가 86회 반복,,최종 유지,해당 용어 후보 중 상대적으로 가장 자연스러운 대표 문장; 금융용어 사용 적절; 과도한 유사성 낮음,익일자금결제 과정에서 문제가 발생한 것 같습니다.
KO-FIN-02715,679,경제·거시금융,,인덱세이션,일반개념,고객,확인,최근 인덱세이션의 변화를 확인하고 싶습니다.,용어기반,양호,정확,낮음,8,0.464,유지,실제 금융 문맥에서 자연스럽고 용어 사용도 적절함,,최종 유지,실제 금융 문맥에서 자연스러움; 금융용어 사용 적절; 과도한 유사성 낮음,최근 인덱세이션의 변화를 확인하고 싶습니다.
KO-FIN-02716,679,경제·거시금융,,인덱세이션,일반개념,금융기관,안내,인덱세이션은 다른 경제지표와 함께 해석하는 것이 좋습니다.,용어기반,양호,정확,낮음,8,0.429,유지,실제 금융 문맥에서 자연스럽고 용어 사용도 적절함,,최종 유지,실제 금융 문맥에서 자연스러움; 금융용어 사용 적절; 과도한 유사성 낮음,인덱세이션은 다른 경제지표와 함께 해석하는 것이 좋습니다.
KO-FIN-02719,680,펀드·신탁,자산운용·투자 / 금융공학·분석,인덱스펀드,상품·증권,고객,상담,인덱스펀드에 가입하기 전에 어떤 점을 확인해야 하나요?,용어기반,양호,정확,높음,52,0.48,수정 권장,유사 문장구조 반복(52회) 또는 동일 용어 내 유사도 높음,,최종 유지,실제 금융 문맥에서 자연스러움; 금융용어 사용 적절; 과도한 유사성 낮음,인덱스펀드에 가입하기 전에 어떤 점을 확인해야 하나요?
KO-FIN-02722,681,채권,,인덴추어,일반개념,고객,확인,인덴추어의 조건과 수익 구조를 확인하고 싶습니다.,용어기반,보통,정확,매우 높음,115,0.407,수정 권장,동일 문장구조가 115회 반복,,최종 유지,해당 용어 후보 중 상대적으로 가장 자연스러운 대표 문장; 금융용어 사용 적절; 반복 골격이지만 용어별 대표 1문장으로 제한,인덴추어의 조건과 수익 구조를 확인하고 싶습니다.
KO-FIN-02725,682,금융시장·거래,,인도형 repo,일반개념,고객,질문,인도형 repo이 무엇을 의미하나요?,용어기반,보통,정확,매우 높음,303,0.667,유지(대표 1개만),동일 문장구조가 303회 반복,,최종 유지,해당 용어 후보 중 상대적으로 가장 자연스러운 대표 문장; 금융용어 사용 적절; 반복 골격이지만 용어별 대표 1문장으로 제한,인도형 repo이 무엇을 의미하나요?
KO-FIN-02732,683,기업금융·자본조달,증권·예탁,인수,행위·절차,금융기관,안내,인수의 세부 조건과 절차는 거래 유형에 따라 달라질 수 있습니다.,용어기반,양호,정확,높음,25,0.452,수정 권장,유사 문장구조 반복(25회) 또는 동일 용어 내 유사도 높음,,최종 유지,실제 금융 문맥에서 자연스러움; 금융용어 사용 적절; 과도한 유사성 낮음,인수의 세부 조건과 절차는 거래 유형에 따라 달라질 수 있습니다.
KO-FIN-02734,684,기업금융·자본조달,,인수단,일반개념,고객,상담,인수단을 이용하려면 어떤 조건이 필요한가요?,용어기반,양호,정확,높음,25,0.286,수정 권장,유사 문장구조 반복(25회) 또는 동일 용어 내 유사도 높음,,최종 유지,실제 금융 문맥에서 자연스러움; 금융용어 사용 적절; 과도한 유사성 낮음,인수단을 이용하려면 어떤 조건이 필요한가요?
KO-FIN-02735,684,기업금융·자본조달,,인수단,일반개념,고객,확인,인수단과 관련된 비용과 절차를 확인하고 싶습니다.,용어기반,양호,정확,높음,25,0.469,수정 권장,유사 문장구조 반복(25회) 또는 동일 용어 내 유사도 높음,,최종 유지,실제 금융 문맥에서 자연스러움; 금융용어 사용 적절; 과도한 유사성 낮음,인수단과 관련된 비용과 절차를 확인하고 싶습니다.
KO-FIN-02740,685,기업금융·자본조달,자산운용·투자,인터넷 인수업자,사람·역할,금융기관,안내,인터넷 인수업자의 세부 조건과 절차는 거래 유형에 따라 달라질 수 있습니다.,용어기반,양호,정확,높음,25,0.541,수정 권장,유사 문장구조 반복(25회) 또는 동일 용어 내 유사도 높음,,최종 유지,실제 금융 문맥에서 자연스러움; 금융용어 사용 적절; 과도한 유사성 낮음,인터넷 인수업자의 세부 조건과 절차는 거래 유형에 따라 달라질 수 있습니다.
KO-FIN-02744,686,기타 금융일반,,인터페이스,일반개념,금융기관,안내,인터페이스의 정확한 의미는 해당 금융거래의 맥락과 함께 확인해야 합니다.,용어기반,양호,정확,높음,21,0.431,수정 권장,유사 문장구조 반복(21회) 또는 동일 용어 내 유사도 높음,,최종 유지,실제 금융 문맥에서 자연스러움; 금융용어 사용 적절; 과도한 유사성 낮음,인터페이스의 정확한 의미는 해당 금융거래의 맥락과 함께 확인해야 합니다.
KO-FIN-02745,687,금융시장·거래,,인트라넷,일반개념,고객,질문,인트라넷이 무엇을 의미하나요?,용어기반,보통,정확,매우 높음,303,0.595,유지(대표 1개만),동일 문장구조가 303회 반복,,최종 유지,해당 용어 후보 중 상대적으로 가장 자연스러운 대표 문장; 금융용어 사용 적절; 반복 골격이지만 용어별 대표 1문장으로 제한,인트라넷이 무엇을 의미하나요?
KO-FIN-02749,688,증권·예탁,채권,일괄등록,행위·절차,고객,질문,일괄등록이 무엇인지 설명해 주세요.,용어기반,보통,정확,매우 높음,705,0.511,유지(대표 1개만),동일 문장구조가 705회 반복,,최종 유지,해당 용어 후보 중 상대적으로 가장 자연스러운 대표 문장; 금융용어 사용 적절; 반복 골격이지만 용어별 대표 1문장으로 제한,일괄등록이 무엇인지 설명해 주세요.
KO-FIN-02753,689,증권·예탁,,일괄예탁,행위·절차,고객,질문,일괄예탁이 무엇인지 설명해 주세요.,용어기반,보통,정확,매우 높음,705,0.511,유지(대표 1개만),동일 문장구조가 705회 반복,,최종 유지,해당 용어 후보 중 상대적으로 가장 자연스러운 대표 문장; 금융용어 사용 적절; 반복 골격이지만 용어별 대표 1문장으로 제한,일괄예탁이 무엇인지 설명해 주세요.
KO-FIN-02757,690,지급결제·청산,,일괄처리방식,일반개념,고객,질문,일괄처리방식이 무엇인지 설명해 주세요.,용어기반,보통,정확,매우 높음,705,0.549,유지(대표 1개만),동일 문장구조가 705회 반복,,최종 유지,해당 용어 후보 중 상대적으로 가장 자연스러운 대표 문장; 금융용어 사용 적절; 반복 골격이지만 용어별 대표 1문장으로 제한,일괄처리방식이 무엇인지 설명해 주세요.
KO-FIN-02764,691,대출,,일반균형이론,상품·증권,은행,안내,일반균형이론은 심사 결과에 따라 이용 가능 여부가 달라질 수 있습니다.,용어기반,양호,정확,높음,35,0.467,수정 권장,유사 문장구조 반복(35회) 또는 동일 용어 내 유사도 높음,,최종 유지,실제 금융 문맥에서 자연스러움; 금융용어 사용 적절; 과도한 유사성 낮음,일반균형이론은 심사 결과에 따라 이용 가능 여부가 달라질 수 있습니다.
KO-FIN-02765,692,증권·예탁,,일반담보물,일반개념,고객,질문,일반담보물이 무엇인지 설명해 주세요.,용어기반,보통,정확,매우 높음,705,0.531,유지(대표 1개만),동일 문장구조가 705회 반복,,최종 유지,해당 용어 후보 중 상대적으로 가장 자연스러운 대표 문장; 금융용어 사용 적절; 반복 골격이지만 용어별 대표 1문장으로 제한,일반담보물이 무엇인지 설명해 주세요.
KO-FIN-02773,694,금융시장·거래,증권·예탁,일방매매확인,사람·역할,고객,질문,일방매매확인이 무엇을 의미하나요?,용어기반,보통,정확,매우 높음,303,0.634,유지(대표 1개만),동일 문장구조가 303회 반복,,최종 유지,해당 용어 후보 중 상대적으로 가장 자연스러운 대표 문장; 금융용어 사용 적절; 반복 골격이지만 용어별 대표 1문장으로 제한,일방매매확인이 무엇을 의미하나요?
KO-FIN-02777,695,증권·예탁,,일방연계방식,일반개념,고객,질문,일방연계방식이 무엇인지 설명해 주세요.,용어기반,보통,정확,매우 높음,705,0.549,유지(대표 1개만),동일 문장구조가 705회 반복,,최종 유지,해당 용어 후보 중 상대적으로 가장 자연스러운 대표 문장; 금융용어 사용 적절; 반복 골격이지만 용어별 대표 1문장으로 제한,일방연계방식이 무엇인지 설명해 주세요.
KO-FIN-02782,696,증권·예탁,지급결제·청산 / 금융시장·거래 / 주식,일본증권결제회사,기관·조직,고객,확인,일본증권결제회사 처리 절차를 확인하고 싶습니다.,용어기반,보통,정확,매우 높음,241,0.69,수정 권장,동일 문장구조가 241회 반복,,최종 유지,해당 용어 후보 중 상대적으로 가장 자연스러운 대표 문장; 금융용어 사용 적절; 반복 골격이지만 용어별 대표 1문장으로 제한,일본증권결제회사 처리 절차를 확인하고 싶습니다.
KO-FIN-02786,697,증권·예탁,,일본증권보관대체기구,기관·조직,고객,확인,일본증권보관대체기구 처리 절차를 확인하고 싶습니다.,용어기반,보통,정확,매우 높음,241,0.71,수정 권장,동일 문장구조가 241회 반복,,최종 유지,해당 용어 후보 중 상대적으로 가장 자연스러운 대표 문장; 금융용어 사용 적절; 반복 골격이지만 용어별 대표 1문장으로 제한,일본증권보관대체기구 처리 절차를 확인하고 싶습니다.
KO-FIN-02789,698,파생상품,,일일정산,일반개념,고객,질문,일일정산이 무엇인지 쉽게 설명해 주세요.,용어기반,양호,정확,높음,53,0.356,유지(대표 1개만),유사 문장구조 반복(53회) 또는 동일 용어 내 유사도 높음,,최종 유지,실제 금융 문맥에서 자연스러움; 금융용어 사용 적절; 과도한 유사성 낮음,일일정산이 무엇인지 쉽게 설명해 주세요.
KO-FIN-02793,699,지급결제·청산,,일일차감,일반개념,고객,질문,일일차감이 무엇인지 설명해 주세요.,용어기반,보통,정확,매우 높음,705,0.511,유지(대표 1개만),동일 문장구조가 705회 반복,,최종 유지,해당 용어 후보 중 상대적으로 가장 자연스러운 대표 문장; 금융용어 사용 적절; 반복 골격이지만 용어별 대표 1문장으로 제한,일일차감이 무엇인지 설명해 주세요.
KO-FIN-02798,700,금융시장·거래,증권·예탁,일임매매,행위·절차,고객,확인,일임매매과 관련된 시장 정보를 확인하고 싶습니다.,용어기반,미흡,정확(문법 수정),매우 높음,236,0.355,수정 권장,조사 오류: '일임매매과' → '일임매매와'; 동일 문장구조가 236회 반복,일임매매와 관련된 시장 정보를 확인하고 싶습니다.,최종 유지,해당 용어 후보 중 상대적으로 가장 자연스러운 대표 문장; 조사/문법을 자동수정안으로 교정; 반복 골격이지만 용어별 대표 1문장으로 제한,일임매매와 관련된 시장 정보를 확인하고 싶습니다.
KO-FIN-02801,701,지급결제·청산,,일중대월,일반개념,고객,질문,일중대월이 무엇인지 설명해 주세요.,용어기반,보통,정확,매우 높음,705,0.511,유지(대표 1개만),동일 문장구조가 705회 반복,,최종 유지,해당 용어 후보 중 상대적으로 가장 자연스러운 대표 문장; 금융용어 사용 적절; 반복 골격이지만 용어별 대표 1문장으로 제한,일중대월이 무엇인지 설명해 주세요.
KO-FIN-02807,702,주식,,임시주주총회,일반개념,고객,상담,임시주주총회과 관련해 투자 전에 확인해야 할 사항이 있나요?,용어기반,미흡,정확(문법 수정),매우 높음,183,0.521,수정 권장,조사 오류: '임시주주총회과' → '임시주주총회와'; 동일 문장구조가 183회 반복,임시주주총회와 관련해 투자 전에 확인해야 할 사항이 있나요?,최종 유지,해당 용어 후보 중 상대적으로 가장 자연스러운 대표 문장; 조사/문법을 자동수정안으로 교정; 반복 골격이지만 용어별 대표 1문장으로 제한,임시주주총회와 관련해 투자 전에 확인해야 할 사항이 있나요?
KO-FIN-02809,703,주식,,임의준비금,일반개념,고객,질문,임의준비금이 무엇인지 설명해 주세요.,용어기반,보통,정확,매우 높음,705,0.4,유지(대표 1개만),동일 문장구조가 705회 반복,,최종 유지,해당 용어 후보 중 상대적으로 가장 자연스러운 대표 문장; 금융용어 사용 적절; 반복 골격이지만 용어별 대표 1문장으로 제한,임의준비금이 무엇인지 설명해 주세요.
KO-FIN-02816,704,법률·계약,,임치,일반개념,금융기관,안내,임치의 적용 여부는 계약 내용과 관련 법령을 확인해야 합니다.,용어기반,양호,정확,높음,35,0.467,수정 권장,유사 문장구조 반복(35회) 또는 동일 용어 내 유사도 높음,,최종 유지,실제 금융 문맥에서 자연스러움; 금융용어 사용 적절; 과도한 유사성 낮음,임치의 적용 여부는 계약 내용과 관련 법령을 확인해야 합니다.
KO-FIN-02817,705,주식,세금,임퓨테이션,일반개념,고객,질문,임퓨테이션이 무엇인지 설명해 주세요.,용어기반,보통,정확,매우 높음,705,0.4,유지(대표 1개만),동일 문장구조가 705회 반복,,최종 유지,해당 용어 후보 중 상대적으로 가장 자연스러운 대표 문장; 금융용어 사용 적절; 반복 골격이지만 용어별 대표 1문장으로 제한,임퓨테이션이 무엇인지 설명해 주세요.
KO-FIN-02821,706,주식,,잉여금,일반개념,고객,질문,잉여금이 무엇인지 설명해 주세요.,용어기반,보통,정확,매우 높음,705,0.341,유지(대표 1개만),동일 문장구조가 705회 반복,,최종 유지,해당 용어 후보 중 상대적으로 가장 자연스러운 대표 문장; 금융용어 사용 적절; 반복 골격이지만 용어별 대표 1문장으로 제한,잉여금이 무엇인지 설명해 주세요.
KO-FIN-02826,707,금융시장·거래,증권·예탁,자기매매,행위·절차,고객,확인,자기매매과 관련된 시장 정보를 확인하고 싶습니다.,용어기반,미흡,정확(문법 수정),매우 높음,236,0.355,수정 권장,조사 오류: '자기매매과' → '자기매매와'; 동일 문장구조가 236회 반복,자기매매와 관련된 시장 정보를 확인하고 싶습니다.,최종 유지,해당 용어 후보 중 상대적으로 가장 자연스러운 대표 문장; 조사/문법을 자동수정안으로 교정; 반복 골격이지만 용어별 대표 1문장으로 제한,자기매매와 관련된 시장 정보를 확인하고 싶습니다.
KO-FIN-02830,708,이체,계좌,자동계좌이체,행위·절차,고객,질문,자동계좌이체을 이용하려면 어떻게 해야 하나요?,용어기반,미흡,정확(문법 수정),낮음,8,0.467,수정 권장,조사 오류: '자동계좌이체을' → '자동계좌이체를',자동계좌이체를 이용하려면 어떻게 해야 하나요?,최종 유지,해당 용어 후보 중 상대적으로 가장 자연스러운 대표 문장; 조사/문법을 자동수정안으로 교정; 과도한 유사성 낮음,자동계좌이체를 이용하려면 어떻게 해야 하나요?
KO-FIN-02833,709,지급결제·청산,이체 / 금융기관·은행,자동교환결제제도,법규·제도,고객,질문,자동교환결제제도이 무엇인지 설명해 주세요.,용어기반,미흡,정확(문법 수정),매우 높음,705,0.582,수정 권장,조사 오류: '자동교환결제제도이' → '자동교환결제제도가'; 동일 문장구조가 705회 반복,자동교환결제제도가 무엇인지 설명해 주세요.,최종 유지,해당 용어 후보 중 상대적으로 가장 자연스러운 대표 문장; 조사/문법을 자동수정안으로 교정; 반복 골격이지만 용어별 대표 1문장으로 제한,자동교환결제제도가 무엇인지 설명해 주세요.
KO-FIN-02838,710,증권·예탁,,자동명의개서제도,법규·제도,고객,확인,자동명의개서제도 처리 절차를 확인하고 싶습니다.,용어기반,보통,정확,매우 높음,241,0.69,수정 권장,동일 문장구조가 241회 반복,,최종 유지,해당 용어 후보 중 상대적으로 가장 자연스러운 대표 문장; 금융용어 사용 적절; 반복 골격이지만 용어별 대표 1문장으로 제한,자동명의개서제도 처리 절차를 확인하고 싶습니다.
KO-FIN-02841,711,금융시장·거래,,자동호가전달시스템,시스템·인프라,고객,질문,자동호가전달시스템이 무엇을 의미하나요?,용어기반,보통,정확,매우 높음,303,0.681,유지(대표 1개만),동일 문장구조가 303회 반복,,최종 유지,해당 용어 후보 중 상대적으로 가장 자연스러운 대표 문장; 금융용어 사용 적절; 반복 골격이지만 용어별 대표 1문장으로 제한,자동호가전달시스템이 무엇을 의미하나요?
KO-FIN-02846,712,회계·재무,주식,자본금,일반개념,고객,확인,자본금을 통해 어떤 정보를 확인할 수 있나요?,용어기반,양호,정확,낮음,16,0.6,유지,실제 금융 문맥에서 자연스럽고 용어 사용도 적절함,,최종 유지,실제 금융 문맥에서 자연스러움; 금융용어 사용 적절; 과도한 유사성 낮음,자본금을 통해 어떤 정보를 확인할 수 있나요?
KO-FIN-02848,712,회계·재무,주식,자본금,일반개념,금융기관,안내,자본금은 기준 시점과 작성 기준을 함께 확인해야 합니다.,용어기반,양호,정확,낮음,16,0.321,유지,실제 금융 문맥에서 자연스럽고 용어 사용도 적절함,,최종 유지,실제 금융 문맥에서 자연스러움; 금융용어 사용 적절; 과도한 유사성 낮음,자본금은 기준 시점과 작성 기준을 함께 확인해야 합니다.
KO-FIN-02849,713,금융시장·거래,,자본시장,시스템·인프라,고객,질문,자본시장이 무엇을 의미하나요?,용어기반,보통,정확,매우 높음,303,0.595,유지(대표 1개만),동일 문장구조가 303회 반복,,최종 유지,해당 용어 후보 중 상대적으로 가장 자연스러운 대표 문장; 금융용어 사용 적절; 반복 골격이지만 용어별 대표 1문장으로 제한,자본시장이 무엇을 의미하나요?
KO-FIN-02855,714,자산운용·투자,금융시장·거래,자본시장선,일반개념,고객,확인,자본시장선과 관련된 투자 정보를 확인하고 싶습니다.,용어기반,양호,정확,높음,55,0.515,수정 권장,유사 문장구조 반복(55회) 또는 동일 용어 내 유사도 높음,,최종 유지,실제 금융 문맥에서 자연스러움; 금융용어 사용 적절; 과도한 유사성 낮음,자본시장선과 관련된 투자 정보를 확인하고 싶습니다.
KO-FIN-02857,715,금융시장·거래,,자본이득,일반개념,고객,질문,자본이득이 무엇을 의미하나요?,용어기반,보통,정확,매우 높음,303,0.595,유지(대표 1개만),동일 문장구조가 303회 반복,,최종 유지,해당 용어 후보 중 상대적으로 가장 자연스러운 대표 문장; 금융용어 사용 적절; 반복 골격이지만 용어별 대표 1문장으로 제한,자본이득이 무엇을 의미하나요?
KO-FIN-02862,716,회계·재무,,자본이익계획,일반개념,고객,확인,자본이익계획을 통해 어떤 정보를 확인할 수 있나요?,용어기반,양호,정확,낮음,16,0.643,유지,실제 금융 문맥에서 자연스럽고 용어 사용도 적절함,,최종 유지,실제 금융 문맥에서 자연스러움; 금융용어 사용 적절; 과도한 유사성 낮음,자본이익계획을 통해 어떤 정보를 확인할 수 있나요?
KO-FIN-02864,716,회계·재무,,자본이익계획,일반개념,금융기관,안내,자본이익계획은 기준 시점과 작성 기준을 함께 확인해야 합니다.,용어기반,양호,정확,낮음,16,0.387,유지,실제 금융 문맥에서 자연스럽고 용어 사용도 적절함,,최종 유지,실제 금융 문맥에서 자연스러움; 금융용어 사용 적절; 과도한 유사성 낮음,자본이익계획은 기준 시점과 작성 기준을 함께 확인해야 합니다.
KO-FIN-02865,717,주식,,자본잉여금,일반개념,고객,질문,자본잉여금이 무엇인지 설명해 주세요.,용어기반,보통,정확,매우 높음,705,0.4,유지(대표 1개만),동일 문장구조가 705회 반복,,최종 유지,해당 용어 후보 중 상대적으로 가장 자연스러운 대표 문장; 금융용어 사용 적절; 반복 골격이지만 용어별 대표 1문장으로 제한,자본잉여금이 무엇인지 설명해 주세요.
KO-FIN-02870,718,금융공학·분석,금융시장·거래 / 자산운용·투자,자본자산가격결정모형,일반개념,고객,질문,자본자산가격결정모형은 금융상품을 분석할 때 어떻게 사용되나요?,용어기반,양호,정확,낮음,15,0.507,유지,실제 금융 문맥에서 자연스럽고 용어 사용도 적절함,,최종 유지,실제 금융 문맥에서 자연스러움; 금융용어 사용 적절; 과도한 유사성 낮음,자본자산가격결정모형은 금융상품을 분석할 때 어떻게 사용되나요?
KO-FIN-02872,718,금융공학·분석,금융시장·거래 / 자산운용·투자,자본자산가격결정모형,일반개념,금융기관,안내,자본자산가격결정모형의 결과는 사용한 가정과 시장 데이터에 따라 달라질 수 있습니다.,용어기반,양호,정확,낮음,15,0.405,유지,실제 금융 문맥에서 자연스럽고 용어 사용도 적절함,,최종 유지,실제 금융 문맥에서 자연스러움; 금융용어 사용 적절; 과도한 유사성 낮음,자본자산가격결정모형의 결과는 사용한 가정과 시장 데이터에 따라 달라질 수 있습니다.
KO-FIN-02873,719,주식,금융법규·감독,자본준비금,일반개념,고객,질문,자본준비금이 무엇인지 설명해 주세요.,용어기반,보통,정확,매우 높음,705,0.4,유지(대표 1개만),동일 문장구조가 705회 반복,,최종 유지,해당 용어 후보 중 상대적으로 가장 자연스러운 대표 문장; 금융용어 사용 적절; 반복 골격이지만 용어별 대표 1문장으로 제한,자본준비금이 무엇인지 설명해 주세요.
KO-FIN-02877,720,주식,금융시장·거래,자사주 취득,일반개념,고객,질문,자사주 취득이 무엇인지 설명해 주세요.,용어기반,보통,정확,매우 높음,705,0.426,유지(대표 1개만),동일 문장구조가 705회 반복,,최종 유지,해당 용어 후보 중 상대적으로 가장 자연스러운 대표 문장; 금융용어 사용 적절; 반복 골격이지만 용어별 대표 1문장으로 제한,자사주 취득이 무엇인지 설명해 주세요.
KO-FIN-02881,721,증권·예탁,대출 / 부동산금융,자산담보부증권,상품·증권,고객,질문,자산담보부증권이 무엇인지 설명해 주세요.,용어기반,보통,정확,매우 높음,705,0.566,유지(대표 1개만),동일 문장구조가 705회 반복,,최종 유지,해당 용어 후보 중 상대적으로 가장 자연스러운 대표 문장; 금융용어 사용 적절; 반복 골격이지만 용어별 대표 1문장으로 제한,자산담보부증권이 무엇인지 설명해 주세요.
KO-FIN-02887,722,자산운용·투자,,자산운용회사,기관·조직,고객,확인,자산운용회사과 관련된 투자 정보를 확인하고 싶습니다.,용어기반,미흡,정확(문법 수정),높음,55,0.529,수정 권장,조사 오류: '자산운용회사과' → '자산운용회사와'; 유사 문장구조 반복(55회) 또는 동일 용어 내 유사도 높음,자산운용회사와 관련된 투자 정보를 확인하고 싶습니다.,최종 유지,해당 용어 후보 중 상대적으로 가장 자연스러운 대표 문장; 조사/문법을 자동수정안으로 교정; 과도한 유사성 낮음,자산운용회사와 관련된 투자 정보를 확인하고 싶습니다.
KO-FIN-02891,723,자산운용·투자,,자산의 유동화,일반개념,고객,확인,자산의 유동화과 관련된 투자 정보를 확인하고 싶습니다.,용어기반,미흡,정확(문법 수정),높음,55,0.543,수정 권장,조사 오류: '자산의 유동화과' → '자산의 유동화와'; 유사 문장구조 반복(55회) 또는 동일 용어 내 유사도 높음,자산의 유동화와 관련된 투자 정보를 확인하고 싶습니다.,최종 유지,해당 용어 후보 중 상대적으로 가장 자연스러운 대표 문장; 조사/문법을 자동수정안으로 교정; 과도한 유사성 낮음,자산의 유동화와 관련된 투자 정보를 확인하고 싶습니다.
KO-FIN-02896,724,회계·재무,,자산재평가,일반개념,금융기관,안내,자산재평가은 기준 시점과 작성 기준을 함께 확인해야 합니다.,용어기반,미흡,정확(문법 수정),낮음,16,0.367,수정 권장,조사 오류: '자산재평가은' → '자산재평가는',자산재평가는 기준 시점과 작성 기준을 함께 확인해야 합니다.,최종 유지,해당 용어 후보 중 상대적으로 가장 자연스러운 대표 문장; 조사/문법을 자동수정안으로 교정; 과도한 유사성 낮음,자산재평가는 기준 시점과 작성 기준을 함께 확인해야 합니다.
KO-FIN-02899,725,자산운용·투자,,자산주,일반개념,고객,확인,자산주과 관련된 투자 정보를 확인하고 싶습니다.,용어기반,미흡,정확(문법 수정),높음,55,0.484,수정 권장,조사 오류: '자산주과' → '자산주와'; 유사 문장구조 반복(55회) 또는 동일 용어 내 유사도 높음,자산주와 관련된 투자 정보를 확인하고 싶습니다.,최종 유지,해당 용어 후보 중 상대적으로 가장 자연스러운 대표 문장; 조사/문법을 자동수정안으로 교정; 과도한 유사성 낮음,자산주와 관련된 투자 정보를 확인하고 싶습니다.
KO-FIN-02901,726,금융시장·거래,지급결제·청산,자율규제기관,기관·조직,고객,질문,자율규제기관이 무엇을 의미하나요?,용어기반,보통,정확,매우 높음,303,0.634,유지(대표 1개만),동일 문장구조가 303회 반복,,최종 유지,해당 용어 후보 중 상대적으로 가장 자연스러운 대표 문장; 금융용어 사용 적절; 반복 골격이지만 용어별 대표 1문장으로 제한,자율규제기관이 무엇을 의미하나요?
KO-FIN-02906,727,금융시장·거래,,자전거래,행위·절차,고객,확인,자전거래과 관련된 시장 정보를 확인하고 싶습니다.,용어기반,미흡,정확(문법 수정),매우 높음,236,0.355,수정 권장,조사 오류: '자전거래과' → '자전거래와'; 동일 문장구조가 236회 반복,자전거래와 관련된 시장 정보를 확인하고 싶습니다.,최종 유지,해당 용어 후보 중 상대적으로 가장 자연스러운 대표 문장; 조사/문법을 자동수정안으로 교정; 반복 골격이지만 용어별 대표 1문장으로 제한,자전거래와 관련된 시장 정보를 확인하고 싶습니다.
KO-FIN-02910,728,계좌,기업금융·자본조달 / 증권·예탁,잔액인수,행위·절차,고객,질문,잔액인수은 어디에서 확인할 수 있나요?,용어기반,미흡,정확(문법 수정),낮음,7,0.526,수정 권장,조사 오류: '잔액인수은' → '잔액인수는',잔액인수는 어디에서 확인할 수 있나요?,최종 유지,해당 용어 후보 중 상대적으로 가장 자연스러운 대표 문장; 조사/문법을 자동수정안으로 교정; 과도한 유사성 낮음,잔액인수는 어디에서 확인할 수 있나요?
KO-FIN-02915,729,기타 금융일반,,잔존가액,일반개념,고객,확인,잔존가액과 관련된 내용을 확인하고 싶습니다.,용어기반,양호,정확,높음,21,0.413,수정 권장,유사 문장구조 반복(21회) 또는 동일 용어 내 유사도 높음,,최종 유지,실제 금융 문맥에서 자연스러움; 금융용어 사용 적절; 과도한 유사성 낮음,잔존가액과 관련된 내용을 확인하고 싶습니다.
KO-FIN-02916,729,기타 금융일반,,잔존가액,일반개념,금융기관,안내,잔존가액의 정확한 의미는 해당 금융거래의 맥락과 함께 확인해야 합니다.,용어기반,양호,정확,높음,21,0.413,수정 권장,유사 문장구조 반복(21회) 또는 동일 용어 내 유사도 높음,,최종 유지,실제 금융 문맥에서 자연스러움; 금융용어 사용 적절; 과도한 유사성 낮음,잔존가액의 정확한 의미는 해당 금융거래의 맥락과 함께 확인해야 합니다.
KO-FIN-02919,730,지급결제·청산,,잠정이체,행위·절차,고객,문제,잠정이체 과정에서 문제가 발생한 것 같습니다.,용어기반,보통,정확,매우 높음,86,0.511,수정 권장,동일 문장구조가 86회 반복,,최종 유지,해당 용어 후보 중 상대적으로 가장 자연스러운 대표 문장; 금융용어 사용 적절; 과도한 유사성 낮음,잠정이체 과정에서 문제가 발생한 것 같습니다.
KO-FIN-02922,731,채권,,장기채,일반개념,고객,확인,장기채의 조건과 수익 구조를 확인하고 싶습니다.,용어기반,보통,정확,매우 높음,115,0.385,수정 권장,동일 문장구조가 115회 반복,,최종 유지,해당 용어 후보 중 상대적으로 가장 자연스러운 대표 문장; 금융용어 사용 적절; 반복 골격이지만 용어별 대표 1문장으로 제한,장기채의 조건과 수익 구조를 확인하고 싶습니다.
KO-FIN-02927,732,지급결제·청산,금융시장·거래 / 증권·예탁,장내결제,행위·절차,고객,문제,장내결제 과정에서 문제가 발생한 것 같습니다.,용어기반,보통,정확,매우 높음,86,0.511,수정 권장,동일 문장구조가 86회 반복,,최종 유지,해당 용어 후보 중 상대적으로 가장 자연스러운 대표 문장; 금융용어 사용 적절; 과도한 유사성 낮음,장내결제 과정에서 문제가 발생한 것 같습니다.
KO-FIN-02930,733,금융시장·거래,,장외거래,행위·절차,고객,확인,장외거래과 관련된 시장 정보를 확인하고 싶습니다.,용어기반,미흡,정확(문법 수정),매우 높음,236,0.355,수정 권장,조사 오류: '장외거래과' → '장외거래와'; 동일 문장구조가 236회 반복,장외거래와 관련된 시장 정보를 확인하고 싶습니다.,최종 유지,해당 용어 후보 중 상대적으로 가장 자연스러운 대표 문장; 조사/문법을 자동수정안으로 교정; 반복 골격이지만 용어별 대표 1문장으로 제한,장외거래와 관련된 시장 정보를 확인하고 싶습니다.
KO-FIN-02934,734,금융시장·거래,지급결제·청산 / 증권·예탁,장외결제,행위·절차,고객,확인,장외결제과 관련된 시장 정보를 확인하고 싶습니다.,용어기반,미흡,정확(문법 수정),매우 높음,236,0.355,수정 권장,조사 오류: '장외결제과' → '장외결제와'; 동일 문장구조가 236회 반복,장외결제와 관련된 시장 정보를 확인하고 싶습니다.,최종 유지,해당 용어 후보 중 상대적으로 가장 자연스러운 대표 문장; 조사/문법을 자동수정안으로 교정; 반복 골격이지만 용어별 대표 1문장으로 제한,장외결제와 관련된 시장 정보를 확인하고 싶습니다.
KO-FIN-02937,735,금융시장·거래,,장외시장,시스템·인프라,고객,질문,장외시장이 무엇을 의미하나요?,용어기반,보통,정확,매우 높음,303,0.595,유지(대표 1개만),동일 문장구조가 303회 반복,,최종 유지,해당 용어 후보 중 상대적으로 가장 자연스러운 대표 문장; 금융용어 사용 적절; 반복 골격이지만 용어별 대표 1문장으로 제한,장외시장이 무엇을 의미하나요?
KO-FIN-02942,736,증권·예탁,,재담보,일반개념,고객,확인,재담보 처리 절차를 확인하고 싶습니다.,용어기반,보통,정확,매우 높음,241,0.625,수정 권장,동일 문장구조가 241회 반복,,최종 유지,해당 용어 후보 중 상대적으로 가장 자연스러운 대표 문장; 금융용어 사용 적절; 반복 골격이지만 용어별 대표 1문장으로 제한,재담보 처리 절차를 확인하고 싶습니다.
KO-FIN-02945,737,증권·예탁,,재발행,행위·절차,고객,질문,재발행이 무엇인지 설명해 주세요.,용어기반,보통,정확,매우 높음,705,0.489,유지(대표 1개만),동일 문장구조가 705회 반복,,최종 유지,해당 용어 후보 중 상대적으로 가장 자연스러운 대표 문장; 금융용어 사용 적절; 반복 골격이지만 용어별 대표 1문장으로 제한,재발행이 무엇인지 설명해 주세요.
KO-FIN-02949,738,금융시장·거래,자산운용·투자 / 대출,재정가격결정이론,상품·증권,고객,질문,재정가격결정이론이 무엇을 의미하나요?,용어기반,보통,정확,매우 높음,303,0.667,유지(대표 1개만),동일 문장구조가 303회 반복,,최종 유지,해당 용어 후보 중 상대적으로 가장 자연스러운 대표 문장; 금융용어 사용 적절; 반복 골격이지만 용어별 대표 1문장으로 제한,재정가격결정이론이 무엇을 의미하나요?
KO-FIN-02954,739,자산운용·투자,주식,재투자수익률,지표·개념,고객,상담,재투자수익률을 고려할 때 어떤 위험을 확인해야 하나요?,용어기반,양호,정확,중복,55,1,수정 권장,완전 동일 문장 2회,,최종 유지,실제 금융 문맥에서 자연스러움; 금융용어 사용 적절; 과도한 유사성 낮음,재투자수익률을 고려할 때 어떤 위험을 확인해야 하나요?
KO-FIN-02963,741,자산운용·투자,신용·리스크 / 대출,재투자위험,지표·개념,고객,확인,재투자위험과 관련된 투자 정보를 확인하고 싶습니다.,용어기반,양호,정확,높음,55,0.515,수정 권장,유사 문장구조 반복(55회) 또는 동일 용어 내 유사도 높음,,최종 유지,실제 금융 문맥에서 자연스러움; 금융용어 사용 적절; 과도한 유사성 낮음,재투자위험과 관련된 투자 정보를 확인하고 싶습니다.
KO-FIN-02966,742,부동산금융,채권,저당권,일반개념,고객,확인,저당권과 관련된 금리와 비용을 확인하고 싶습니다.,용어기반,양호,정확,낮음,4,0.394,유지,실제 금융 문맥에서 자연스럽고 용어 사용도 적절함,,최종 유지,실제 금융 문맥에서 자연스러움; 금융용어 사용 적절; 과도한 유사성 낮음,저당권과 관련된 금리와 비용을 확인하고 싶습니다.
KO-FIN-02967,742,부동산금융,채권,저당권,일반개념,고객,상담,저당권을 이용할 때 필요한 서류는 무엇인가요?,용어기반,양호,정확,낮음,4,0.419,유지,실제 금융 문맥에서 자연스럽고 용어 사용도 적절함,,최종 유지,실제 금융 문맥에서 자연스러움; 금융용어 사용 적절; 과도한 유사성 낮음,저당권을 이용할 때 필요한 서류는 무엇인가요?
KO-FIN-02969,743,채권,대출 / 부동산금융,저당대출담보부채권,상품·증권,고객,질문,저당대출담보부채권이 무엇인지 설명해 주세요.,용어기반,보통,정확,매우 높음,705,0.464,유지(대표 1개만),동일 문장구조가 705회 반복,,최종 유지,해당 용어 후보 중 상대적으로 가장 자연스러운 대표 문장; 금융용어 사용 적절; 반복 골격이지만 용어별 대표 1문장으로 제한,저당대출담보부채권이 무엇인지 설명해 주세요.
KO-FIN-02974,744,이체,대출 / 채권 / 부동산금융 / 자산운용·투자,저당대출원리금이체채권,상품·증권,고객,질문,저당대출원리금이체채권을 이용하려면 어떻게 해야 하나요?,용어기반,양호,정확,낮음,8,0.566,유지,실제 금융 문맥에서 자연스럽고 용어 사용도 적절함,,최종 유지,실제 금융 문맥에서 자연스러움; 금융용어 사용 적절; 과도한 유사성 낮음,저당대출원리금이체채권을 이용하려면 어떻게 해야 하나요?
KO-FIN-02976,744,이체,대출 / 채권 / 부동산금융 / 자산운용·투자,저당대출원리금이체채권,상품·증권,은행,안내,저당대출원리금이체채권을 진행하기 전에 입력한 정보를 다시 확인해 주세요.,용어기반,양호,정확,낮음,8,0.603,유지,실제 금융 문맥에서 자연스럽고 용어 사용도 적절함,,최종 유지,실제 금융 문맥에서 자연스러움; 금융용어 사용 적절; 과도한 유사성 낮음,저당대출원리금이체채권을 진행하기 전에 입력한 정보를 다시 확인해 주세요.
KO-FIN-02977,745,증권·예탁,,적격증권,상품·증권,고객,질문,적격증권이 무엇인지 설명해 주세요.,용어기반,보통,정확,매우 높음,705,0.511,유지(대표 1개만),동일 문장구조가 705회 반복,,최종 유지,해당 용어 후보 중 상대적으로 가장 자연스러운 대표 문장; 금융용어 사용 적절; 반복 골격이지만 용어별 대표 1문장으로 제한,적격증권이 무엇인지 설명해 주세요.
KO-FIN-02983,746,지급결제·청산,금융시장·거래,전량결제,행위·절차,고객,문제,전량결제 과정에서 문제가 발생한 것 같습니다.,용어기반,보통,정확,매우 높음,86,0.511,수정 권장,동일 문장구조가 86회 반복,,최종 유지,해당 용어 후보 중 상대적으로 가장 자연스러운 대표 문장; 금융용어 사용 적절; 과도한 유사성 낮음,전량결제 과정에서 문제가 발생한 것 같습니다.
KO-FIN-02986,747,증권·예탁,금융시장·거래,전미증권업협회,기관·조직,고객,확인,전미증권업협회 처리 절차를 확인하고 싶습니다.,용어기반,보통,정확,매우 높음,241,0.679,수정 권장,동일 문장구조가 241회 반복,,최종 유지,해당 용어 후보 중 상대적으로 가장 자연스러운 대표 문장; 금융용어 사용 적절; 반복 골격이지만 용어별 대표 1문장으로 제한,전미증권업협회 처리 절차를 확인하고 싶습니다.
KO-FIN-02990,748,증권·예탁,금융기관·은행 / 대출,전업주의,일반개념,고객,확인,전업주의 처리 절차를 확인하고 싶습니다.,용어기반,보통,정확,매우 높음,241,0.64,수정 권장,동일 문장구조가 241회 반복,,최종 유지,해당 용어 후보 중 상대적으로 가장 자연스러운 대표 문장; 금융용어 사용 적절; 반복 골격이지만 용어별 대표 1문장으로 제한,전업주의 처리 절차를 확인하고 싶습니다.
KO-FIN-02995,749,금융법규·감독,,전자공시제도,법규·제도,고객,상담,전자공시제도 때문에 추가로 확인해야 할 사항이 있나요?,용어기반,양호,정확,낮음,15,0.481,유지,실제 금융 문맥에서 자연스럽고 용어 사용도 적절함,,최종 유지,실제 금융 문맥에서 자연스러움; 금융용어 사용 적절; 과도한 유사성 낮음,전자공시제도 때문에 추가로 확인해야 할 사항이 있나요?
KO-FIN-02996,749,금융법규·감독,,전자공시제도,법규·제도,금융기관,안내,전자공시제도의 적용 범위는 관련 법령과 규정에 따라 달라질 수 있습니다.,용어기반,양호,정확,낮음,15,0.545,유지,실제 금융 문맥에서 자연스럽고 용어 사용도 적절함,,최종 유지,실제 금융 문맥에서 자연스러움; 금융용어 사용 적절; 과도한 유사성 낮음,전자공시제도의 적용 범위는 관련 법령과 규정에 따라 달라질 수 있습니다.
KO-FIN-02997,750,금융시장·거래,,전자매매확인,사람·역할,고객,질문,전자매매확인이 무엇을 의미하나요?,용어기반,보통,정확,매우 높음,303,0.634,유지(대표 1개만),동일 문장구조가 303회 반복,,최종 유지,해당 용어 후보 중 상대적으로 가장 자연스러운 대표 문장; 금융용어 사용 적절; 반복 골격이지만 용어별 대표 1문장으로 제한,전자매매확인이 무엇을 의미하나요?
KO-FIN-03002,751,이체,지급결제·청산,전자자금이체제도,법규·제도,고객,질문,전자자금이체제도을 이용하려면 어떻게 해야 하나요?,용어기반,미흡,정확(문법 수정),낮음,8,0.511,수정 권장,조사 오류: '전자자금이체제도을' → '전자자금이체제도를',전자자금이체제도를 이용하려면 어떻게 해야 하나요?,최종 유지,해당 용어 후보 중 상대적으로 가장 자연스러운 대표 문장; 조사/문법을 자동수정안으로 교정; 과도한 유사성 낮음,전자자금이체제도를 이용하려면 어떻게 해야 하나요?
KO-FIN-03005,752,증권·예탁,,전자증권,상품·증권,고객,질문,전자증권이 무엇인지 설명해 주세요.,용어기반,보통,정확,매우 높음,705,0.511,유지(대표 1개만),동일 문장구조가 705회 반복,,최종 유지,해당 용어 후보 중 상대적으로 가장 자연스러운 대표 문장; 금융용어 사용 적절; 반복 골격이지만 용어별 대표 1문장으로 제한,전자증권이 무엇인지 설명해 주세요.
KO-FIN-03010,753,채권,,전환사채,상품·증권,고객,확인,전환사채의 조건과 수익 구조를 확인하고 싶습니다.,용어기반,보통,정확,매우 높음,115,0.407,수정 권장,동일 문장구조가 115회 반복,,최종 유지,해당 용어 후보 중 상대적으로 가장 자연스러운 대표 문장; 금융용어 사용 적절; 반복 골격이지만 용어별 대표 1문장으로 제한,전환사채의 조건과 수익 구조를 확인하고 싶습니다.
KO-FIN-03014,754,주식,채권,전환신주이자,사람·역할,고객,확인,전환신주이자과 관련된 정보를 확인하고 싶습니다.,용어기반,미흡,정확(문법 수정),매우 높음,183,0.545,수정 권장,조사 오류: '전환신주이자과' → '전환신주이자와'; 동일 문장구조가 183회 반복,전환신주이자와 관련된 정보를 확인하고 싶습니다.,최종 유지,해당 용어 후보 중 상대적으로 가장 자연스러운 대표 문장; 조사/문법을 자동수정안으로 교정; 반복 골격이지만 용어별 대표 1문장으로 제한,전환신주이자와 관련된 정보를 확인하고 싶습니다.
KO-FIN-03017,755,주식,,전환주식,상품·증권,고객,질문,전환주식이 무엇인지 설명해 주세요.,용어기반,보통,정확,매우 높음,705,0.372,유지(대표 1개만),동일 문장구조가 705회 반복,,최종 유지,해당 용어 후보 중 상대적으로 가장 자연스러운 대표 문장; 금융용어 사용 적절; 반복 골격이지만 용어별 대표 1문장으로 제한,전환주식이 무엇인지 설명해 주세요.
KO-FIN-03021,756,증권·예탁,,전환청구권,일반개념,고객,질문,전환청구권이 무엇인지 설명해 주세요.,용어기반,보통,정확,매우 높음,705,0.531,유지(대표 1개만),동일 문장구조가 705회 반복,,최종 유지,해당 용어 후보 중 상대적으로 가장 자연스러운 대표 문장; 금융용어 사용 적절; 반복 골격이지만 용어별 대표 1문장으로 제한,전환청구권이 무엇인지 설명해 주세요.
KO-FIN-03026,757,금융시장·거래,,점두매매,행위·절차,고객,확인,점두매매과 관련된 시장 정보를 확인하고 싶습니다.,용어기반,미흡,정확(문법 수정),매우 높음,236,0.355,수정 권장,조사 오류: '점두매매과' → '점두매매와'; 동일 문장구조가 236회 반복,점두매매와 관련된 시장 정보를 확인하고 싶습니다.,최종 유지,해당 용어 후보 중 상대적으로 가장 자연스러운 대표 문장; 조사/문법을 자동수정안으로 교정; 반복 골격이지만 용어별 대표 1문장으로 제한,점두매매와 관련된 시장 정보를 확인하고 싶습니다.
KO-FIN-03032,758,법률·계약,주식,점유,일반개념,금융기관,안내,점유의 적용 여부는 계약 내용과 관련 법령을 확인해야 합니다.,용어기반,양호,정확,높음,35,0.467,수정 권장,유사 문장구조 반복(35회) 또는 동일 용어 내 유사도 높음,,최종 유지,실제 금융 문맥에서 자연스러움; 금융용어 사용 적절; 과도한 유사성 낮음,점유의 적용 여부는 계약 내용과 관련 법령을 확인해야 합니다.
KO-FIN-03033,759,증권·예탁,금융시장·거래,점유개정형 repo,일반개념,고객,질문,점유개정형 repo이 무엇인지 설명해 주세요.,용어기반,보통,정확,매우 높음,705,0.61,유지(대표 1개만),동일 문장구조가 705회 반복,,최종 유지,해당 용어 후보 중 상대적으로 가장 자연스러운 대표 문장; 금융용어 사용 적절; 반복 골격이지만 용어별 대표 1문장으로 제한,점유개정형 repo이 무엇인지 설명해 주세요.
KO-FIN-03037,760,채권,,정시상환,행위·절차,고객,질문,정시상환이 무엇인지 설명해 주세요.,용어기반,보통,정확,매우 높음,705,0.348,유지(대표 1개만),동일 문장구조가 705회 반복,,최종 유지,해당 용어 후보 중 상대적으로 가장 자연스러운 대표 문장; 금융용어 사용 적절; 반복 골격이지만 용어별 대표 1문장으로 제한,정시상환이 무엇인지 설명해 주세요.
KO-FIN-03042,761,채권,,정크본드,상품·증권,고객,확인,정크본드의 조건과 수익 구조를 확인하고 싶습니다.,용어기반,보통,정확,매우 높음,115,0.407,수정 권장,동일 문장구조가 115회 반복,,최종 유지,해당 용어 후보 중 상대적으로 가장 자연스러운 대표 문장; 금융용어 사용 적절; 반복 골격이지만 용어별 대표 1문장으로 제한,정크본드의 조건과 수익 구조를 확인하고 싶습니다.
KO-FIN-03045,762,금융시장·거래,,제3시장,시스템·인프라,고객,질문,제3시장이 무엇을 의미하나요?,용어기반,보통,정확,매우 높음,303,0.595,유지(대표 1개만),동일 문장구조가 303회 반복,,최종 유지,해당 용어 후보 중 상대적으로 가장 자연스러운 대표 문장; 금융용어 사용 적절; 반복 골격이지만 용어별 대표 1문장으로 제한,제3시장이 무엇을 의미하나요?
KO-FIN-03049,763,금융시장·거래,,제4시장,시스템·인프라,고객,질문,제4시장이 무엇을 의미하나요?,용어기반,보통,정확,매우 높음,303,0.595,유지(대표 1개만),동일 문장구조가 303회 반복,,최종 유지,해당 용어 후보 중 상대적으로 가장 자연스러운 대표 문장; 금융용어 사용 적절; 반복 골격이지만 용어별 대표 1문장으로 제한,제4시장이 무엇을 의미하나요?
KO-FIN-03053,764,법률·계약,증권·예탁,제권판결,일반개념,고객,질문,제권판결이 금융거래에서 무엇을 의미하나요?,용어기반,양호,정확,높음,36,0.458,유지(대표 1개만),유사 문장구조 반복(36회) 또는 동일 용어 내 유사도 높음,,최종 유지,실제 금융 문맥에서 자연스러움; 금융용어 사용 적절; 과도한 유사성 낮음,제권판결이 금융거래에서 무엇을 의미하나요?
KO-FIN-03060,765,금융공학·분석,자산운용·투자,제로베타 포트폴리오,일반개념,금융기관,안내,제로베타 포트폴리오의 결과는 사용한 가정과 시장 데이터에 따라 달라질 수 있습니다.,용어기반,양호,정확,낮음,15,0.405,유지,실제 금융 문맥에서 자연스럽고 용어 사용도 적절함,,최종 유지,실제 금융 문맥에서 자연스러움; 금융용어 사용 적절; 과도한 유사성 낮음,제로베타 포트폴리오의 결과는 사용한 가정과 시장 데이터에 따라 달라질 수 있습니다.
KO-FIN-03062,766,채권,,제로쿠폰채,일반개념,고객,확인,제로쿠폰채의 조건과 수익 구조를 확인하고 싶습니다.,용어기반,보통,정확,매우 높음,115,0.429,수정 권장,동일 문장구조가 115회 반복,,최종 유지,해당 용어 후보 중 상대적으로 가장 자연스러운 대표 문장; 금융용어 사용 적절; 반복 골격이지만 용어별 대표 1문장으로 제한,제로쿠폰채의 조건과 수익 구조를 확인하고 싶습니다.
KO-FIN-03066,767,계좌,대출,조건부보관계좌,시스템·인프라,고객,질문,조건부보관계좌은 어디에서 확인할 수 있나요?,용어기반,미흡,정확(문법 수정),낮음,7,0.591,수정 권장,조사 오류: '조건부보관계좌은' → '조건부보관계좌는',조건부보관계좌는 어디에서 확인할 수 있나요?,최종 유지,해당 용어 후보 중 상대적으로 가장 자연스러운 대표 문장; 조사/문법을 자동수정안으로 교정; 과도한 유사성 낮음,조건부보관계좌는 어디에서 확인할 수 있나요?
KO-FIN-03070,768,주식,,종업원지주제도,법규·제도,고객,확인,종업원지주제도과 관련된 정보를 확인하고 싶습니다.,용어기반,미흡,정확(문법 수정),매우 높음,183,0.559,수정 권장,조사 오류: '종업원지주제도과' → '종업원지주제도와'; 동일 문장구조가 183회 반복,종업원지주제도와 관련된 정보를 확인하고 싶습니다.,최종 유지,해당 용어 후보 중 상대적으로 가장 자연스러운 대표 문장; 조사/문법을 자동수정안으로 교정; 반복 골격이지만 용어별 대표 1문장으로 제한,종업원지주제도와 관련된 정보를 확인하고 싶습니다.
KO-FIN-03075,769,주식,금융시장·거래,종합주가지수,지표·개념,고객,상담,종합주가지수과 관련해 투자 전에 확인해야 할 사항이 있나요?,용어기반,미흡,정확(문법 수정),매우 높음,183,0.521,수정 권장,조사 오류: '종합주가지수과' → '종합주가지수와'; 동일 문장구조가 183회 반복,종합주가지수와 관련해 투자 전에 확인해야 할 사항이 있나요?,최종 유지,해당 용어 후보 중 상대적으로 가장 자연스러운 대표 문장; 조사/문법을 자동수정안으로 교정; 반복 골격이지만 용어별 대표 1문장으로 제한,종합주가지수와 관련해 투자 전에 확인해야 할 사항이 있나요?
KO-FIN-03077,770,주식,,주가수익비율,지표·개념,고객,질문,주가수익비율이 무엇인지 설명해 주세요.,용어기반,보통,정확,매우 높음,705,0.426,유지(대표 1개만),동일 문장구조가 705회 반복,,최종 유지,해당 용어 후보 중 상대적으로 가장 자연스러운 대표 문장; 금융용어 사용 적절; 반복 골격이지만 용어별 대표 1문장으로 제한,주가수익비율이 무엇인지 설명해 주세요.
KO-FIN-03081,771,주식,,주가이동평균선,일반개념,고객,질문,주가이동평균선이 무엇인지 설명해 주세요.,용어기반,보통,정확,매우 높음,705,0.449,유지(대표 1개만),동일 문장구조가 705회 반복,,최종 유지,해당 용어 후보 중 상대적으로 가장 자연스러운 대표 문장; 금융용어 사용 적절; 반복 골격이지만 용어별 대표 1문장으로 제한,주가이동평균선이 무엇인지 설명해 주세요.
KO-FIN-03087,772,주식,,주가지수,지표·개념,고객,상담,주가지수과 관련해 투자 전에 확인해야 할 사항이 있나요?,용어기반,미흡,정확(문법 수정),매우 높음,183,0.493,수정 권장,조사 오류: '주가지수과' → '주가지수와'; 동일 문장구조가 183회 반복,주가지수와 관련해 투자 전에 확인해야 할 사항이 있나요?,최종 유지,해당 용어 후보 중 상대적으로 가장 자연스러운 대표 문장; 조사/문법을 자동수정안으로 교정; 반복 골격이지만 용어별 대표 1문장으로 제한,주가지수와 관련해 투자 전에 확인해야 할 사항이 있나요?
KO-FIN-03090,773,금융시장·거래,주식 / 파생상품,주가지수선물거래,행위·절차,고객,확인,주가지수선물거래과 관련된 시장 정보를 확인하고 싶습니다.,용어기반,미흡,정확(문법 수정),매우 높음,236,0.431,수정 권장,조사 오류: '주가지수선물거래과' → '주가지수선물거래와'; 동일 문장구조가 236회 반복,주가지수선물거래와 관련된 시장 정보를 확인하고 싶습니다.,최종 유지,해당 용어 후보 중 상대적으로 가장 자연스러운 대표 문장; 조사/문법을 자동수정안으로 교정; 반복 골격이지만 용어별 대표 1문장으로 제한,주가지수선물거래와 관련된 시장 정보를 확인하고 싶습니다.
KO-FIN-03093,774,주식,,주가평균,일반개념,고객,질문,주가평균이 무엇인지 설명해 주세요.,용어기반,보통,정확,매우 높음,705,0.372,유지(대표 1개만),동일 문장구조가 705회 반복,,최종 유지,해당 용어 후보 중 상대적으로 가장 자연스러운 대표 문장; 금융용어 사용 적절; 반복 골격이지만 용어별 대표 1문장으로 제한,주가평균이 무엇인지 설명해 주세요.
KO-FIN-03100,775,기업금융·자본조달,증권·예탁,주간사회사,기관·조직,금융기관,안내,주간사회사의 세부 조건과 절차는 거래 유형에 따라 달라질 수 있습니다.,용어기반,양호,정확,높음,25,0.5,수정 권장,유사 문장구조 반복(25회) 또는 동일 용어 내 유사도 높음,,최종 유지,실제 금융 문맥에서 자연스러움; 금융용어 사용 적절; 과도한 유사성 낮음,주간사회사의 세부 조건과 절차는 거래 유형에 따라 달라질 수 있습니다.
KO-FIN-03101,776,주식,,주권,일반개념,고객,질문,주권이 무엇인지 설명해 주세요.,용어기반,보통,정확,매우 높음,705,0.308,유지(대표 1개만),동일 문장구조가 705회 반복,,최종 유지,해당 용어 후보 중 상대적으로 가장 자연스러운 대표 문장; 금융용어 사용 적절; 반복 골격이지만 용어별 대표 1문장으로 제한,주권이 무엇인지 설명해 주세요.
KO-FIN-03106,777,증권·예탁,주식,주권계속예탁제도,법규·제도,고객,확인,주권계속예탁제도 처리 절차를 확인하고 싶습니다.,용어기반,보통,정확,매우 높음,241,0.69,수정 권장,동일 문장구조가 241회 반복,,최종 유지,해당 용어 후보 중 상대적으로 가장 자연스러운 대표 문장; 금융용어 사용 적절; 반복 골격이지만 용어별 대표 1문장으로 제한,주권계속예탁제도 처리 절차를 확인하고 싶습니다.
KO-FIN-03111,778,주식,증권·예탁,주권기번호,일반개념,고객,상담,주권기번호과 관련해 투자 전에 확인해야 할 사항이 있나요?,용어기반,미흡,정확(문법 수정),매우 높음,183,0.507,수정 권장,조사 오류: '주권기번호과' → '주권기번호와'; 동일 문장구조가 183회 반복,주권기번호와 관련해 투자 전에 확인해야 할 사항이 있나요?,최종 유지,해당 용어 후보 중 상대적으로 가장 자연스러운 대표 문장; 조사/문법을 자동수정안으로 교정; 반복 골격이지만 용어별 대표 1문장으로 제한,주권기번호와 관련해 투자 전에 확인해야 할 사항이 있나요?
KO-FIN-03115,779,주식,,주권불소지,일반개념,고객,상담,주권불소지과 관련해 투자 전에 확인해야 할 사항이 있나요?,용어기반,미흡,정확(문법 수정),매우 높음,183,0.507,수정 권장,조사 오류: '주권불소지과' → '주권불소지와'; 동일 문장구조가 183회 반복,주권불소지와 관련해 투자 전에 확인해야 할 사항이 있나요?,최종 유지,해당 용어 후보 중 상대적으로 가장 자연스러운 대표 문장; 조사/문법을 자동수정안으로 교정; 반복 골격이지만 용어별 대표 1문장으로 제한,주권불소지와 관련해 투자 전에 확인해야 할 사항이 있나요?
KO-FIN-03117,780,주식,,주권수령증,일반개념,고객,질문,주권수령증이 무엇인지 설명해 주세요.,용어기반,보통,정확,매우 높음,705,0.4,유지(대표 1개만),동일 문장구조가 705회 반복,,최종 유지,해당 용어 후보 중 상대적으로 가장 자연스러운 대표 문장; 금융용어 사용 적절; 반복 골격이지만 용어별 대표 1문장으로 제한,주권수령증이 무엇인지 설명해 주세요.
KO-FIN-03122,781,채권,,주당 순자산가치,지표·개념,고객,확인,주당 순자산가치의 조건과 수익 구조를 확인하고 싶습니다.,용어기반,보통,정확,매우 높음,115,0.484,수정 권장,동일 문장구조가 115회 반복,,최종 유지,해당 용어 후보 중 상대적으로 가장 자연스러운 대표 문장; 금융용어 사용 적절; 반복 골격이지만 용어별 대표 1문장으로 제한,주당 순자산가치의 조건과 수익 구조를 확인하고 싶습니다.
KO-FIN-03125,782,주식,,주당순이익,일반개념,고객,질문,주당순이익이 무엇인지 설명해 주세요.,용어기반,보통,정확,매우 높음,705,0.4,유지(대표 1개만),동일 문장구조가 705회 반복,,최종 유지,해당 용어 후보 중 상대적으로 가장 자연스러운 대표 문장; 금융용어 사용 적절; 반복 골격이지만 용어별 대표 1문장으로 제한,주당순이익이 무엇인지 설명해 주세요.
KO-FIN-03129,783,주식,,주당순자산비율,지표·개념,고객,질문,주당순자산비율이 무엇인지 설명해 주세요.,용어기반,보통,정확,매우 높음,705,0.449,유지(대표 1개만),동일 문장구조가 705회 반복,,최종 유지,해당 용어 후보 중 상대적으로 가장 자연스러운 대표 문장; 금융용어 사용 적절; 반복 골격이지만 용어별 대표 1문장으로 제한,주당순자산비율이 무엇인지 설명해 주세요.
KO-FIN-03133,784,주식,금융시장·거래,주식매수청구권,일반개념,고객,질문,주식매수청구권이 무엇인지 설명해 주세요.,용어기반,보통,정확,매우 높음,705,0.449,유지(대표 1개만),동일 문장구조가 705회 반복,,최종 유지,해당 용어 후보 중 상대적으로 가장 자연스러운 대표 문장; 금융용어 사용 적절; 반복 골격이지만 용어별 대표 1문장으로 제한,주식매수청구권이 무엇인지 설명해 주세요.
KO-FIN-03137,785,주식,기업금융·자본조달,주식발행차액,일반개념,고객,질문,주식발행차액이 무엇인지 설명해 주세요.,용어기반,보통,정확,매우 높음,705,0.426,유지(대표 1개만),동일 문장구조가 705회 반복,,최종 유지,해당 용어 후보 중 상대적으로 가장 자연스러운 대표 문장; 금융용어 사용 적절; 반복 골격이지만 용어별 대표 1문장으로 제한,주식발행차액이 무엇인지 설명해 주세요.
KO-FIN-03141,786,주식,,주식배당,행위·절차,고객,질문,주식배당이 무엇인지 설명해 주세요.,용어기반,보통,정확,매우 높음,705,0.372,유지(대표 1개만),동일 문장구조가 705회 반복,,최종 유지,해당 용어 후보 중 상대적으로 가장 자연스러운 대표 문장; 금융용어 사용 적절; 반복 골격이지만 용어별 대표 1문장으로 제한,주식배당이 무엇인지 설명해 주세요.
KO-FIN-03147,787,주식,,주식배당예고제,일반개념,고객,상담,주식배당예고제과 관련해 투자 전에 확인해야 할 사항이 있나요?,용어기반,미흡,정확(문법 수정),매우 높음,183,0.533,수정 권장,조사 오류: '주식배당예고제과' → '주식배당예고제와'; 동일 문장구조가 183회 반복,주식배당예고제와 관련해 투자 전에 확인해야 할 사항이 있나요?,최종 유지,해당 용어 후보 중 상대적으로 가장 자연스러운 대표 문장; 조사/문법을 자동수정안으로 교정; 반복 골격이지만 용어별 대표 1문장으로 제한,주식배당예고제와 관련해 투자 전에 확인해야 할 사항이 있나요?
KO-FIN-03149,788,주식,금융시장·거래,주식병합,일반개념,고객,질문,주식병합이 무엇인지 설명해 주세요.,용어기반,보통,정확,매우 높음,705,0.372,유지(대표 1개만),동일 문장구조가 705회 반복,,최종 유지,해당 용어 후보 중 상대적으로 가장 자연스러운 대표 문장; 금융용어 사용 적절; 반복 골격이지만 용어별 대표 1문장으로 제한,주식병합이 무엇인지 설명해 주세요.
KO-FIN-03153,789,주식,,주식분할,일반개념,고객,질문,주식분할이 무엇인지 설명해 주세요.,용어기반,보통,정확,매우 높음,705,0.372,유지(대표 1개만),동일 문장구조가 705회 반복,,최종 유지,해당 용어 후보 중 상대적으로 가장 자연스러운 대표 문장; 금융용어 사용 적절; 반복 골격이지만 용어별 대표 1문장으로 제한,주식분할이 무엇인지 설명해 주세요.
KO-FIN-03157,790,주식,,주식소각,일반개념,고객,질문,주식소각이 무엇인지 설명해 주세요.,용어기반,보통,정확,매우 높음,705,0.372,유지(대표 1개만),동일 문장구조가 705회 반복,,최종 유지,해당 용어 후보 중 상대적으로 가장 자연스러운 대표 문장; 금융용어 사용 적절; 반복 골격이지만 용어별 대표 1문장으로 제한,주식소각이 무엇인지 설명해 주세요.
KO-FIN-03161,791,파생상품,주식 / 자산운용·투자,주식스왑,상품·증권,고객,질문,주식스왑이 무엇인지 쉽게 설명해 주세요.,용어기반,양호,정확,높음,53,0.356,유지(대표 1개만),유사 문장구조 반복(53회) 또는 동일 용어 내 유사도 높음,,최종 유지,실제 금융 문맥에서 자연스러움; 금융용어 사용 적절; 과도한 유사성 낮음,주식스왑이 무엇인지 쉽게 설명해 주세요.
KO-FIN-03167,792,주식,,주식의 공유,일반개념,고객,상담,주식의 공유과 관련해 투자 전에 확인해야 할 사항이 있나요?,용어기반,미흡,정확(문법 수정),매우 높음,183,0.521,수정 권장,조사 오류: '주식의 공유과' → '주식의 공유와'; 동일 문장구조가 183회 반복,주식의 공유와 관련해 투자 전에 확인해야 할 사항이 있나요?,최종 유지,해당 용어 후보 중 상대적으로 가장 자연스러운 대표 문장; 조사/문법을 자동수정안으로 교정; 반복 골격이지만 용어별 대표 1문장으로 제한,주식의 공유와 관련해 투자 전에 확인해야 할 사항이 있나요?
KO-FIN-03169,793,주식,,주식청약,일반개념,고객,질문,주식청약이 무엇인지 설명해 주세요.,용어기반,보통,정확,매우 높음,705,0.372,유지(대표 1개만),동일 문장구조가 705회 반복,,최종 유지,해당 용어 후보 중 상대적으로 가장 자연스러운 대표 문장; 금융용어 사용 적절; 반복 골격이지만 용어별 대표 1문장으로 제한,주식청약이 무엇인지 설명해 주세요.
KO-FIN-03175,794,펀드·신탁,자산운용·투자 / 주식,주식형투자신탁,상품·증권,고객,상담,주식형투자신탁에 가입하기 전에 어떤 점을 확인해야 하나요?,용어기반,양호,정확,높음,52,0.519,수정 권장,유사 문장구조 반복(52회) 또는 동일 용어 내 유사도 높음,,최종 유지,실제 금융 문맥에서 자연스러움; 금융용어 사용 적절; 과도한 유사성 낮음,주식형투자신탁에 가입하기 전에 어떤 점을 확인해야 하나요?
KO-FIN-03178,795,주식,,주주,사람·역할,고객,확인,주주과 관련된 정보를 확인하고 싶습니다.,용어기반,미흡,정확(문법 수정),매우 높음,183,0.483,수정 권장,조사 오류: '주주과' → '주주와'; 동일 문장구조가 183회 반복,주주와 관련된 정보를 확인하고 싶습니다.,최종 유지,해당 용어 후보 중 상대적으로 가장 자연스러운 대표 문장; 조사/문법을 자동수정안으로 교정; 반복 골격이지만 용어별 대표 1문장으로 제한,주주와 관련된 정보를 확인하고 싶습니다.
KO-FIN-03181,796,주식,,주주권,일반개념,고객,질문,주주권이 무엇인지 설명해 주세요.,용어기반,보통,정확,매우 높음,705,0.341,유지(대표 1개만),동일 문장구조가 705회 반복,,최종 유지,해당 용어 후보 중 상대적으로 가장 자연스러운 대표 문장; 금융용어 사용 적절; 반복 골격이지만 용어별 대표 1문장으로 제한,주주권이 무엇인지 설명해 주세요.
KO-FIN-03187,797,주식,법률·계약,주주명부,일반개념,고객,상담,주주명부과 관련해 투자 전에 확인해야 할 사항이 있나요?,용어기반,미흡,정확(문법 수정),매우 높음,183,0.493,수정 권장,조사 오류: '주주명부과' → '주주명부와'; 동일 문장구조가 183회 반복,주주명부와 관련해 투자 전에 확인해야 할 사항이 있나요?,최종 유지,해당 용어 후보 중 상대적으로 가장 자연스러운 대표 문장; 조사/문법을 자동수정안으로 교정; 반복 골격이지만 용어별 대표 1문장으로 제한,주주명부와 관련해 투자 전에 확인해야 할 사항이 있나요?
KO-FIN-03191,798,주식,채권,주주명부폐쇄,일반개념,고객,상담,주주명부폐쇄과 관련해 투자 전에 확인해야 할 사항이 있나요?,용어기반,미흡,정확(문법 수정),매우 높음,183,0.521,수정 권장,조사 오류: '주주명부폐쇄과' → '주주명부폐쇄와'; 동일 문장구조가 183회 반복,주주명부폐쇄와 관련해 투자 전에 확인해야 할 사항이 있나요?,최종 유지,해당 용어 후보 중 상대적으로 가장 자연스러운 대표 문장; 조사/문법을 자동수정안으로 교정; 반복 골격이지만 용어별 대표 1문장으로 제한,주주명부폐쇄와 관련해 투자 전에 확인해야 할 사항이 있나요?
KO-FIN-03193,799,주식,채권,주주명부폐쇄기간,일반개념,고객,질문,주주명부폐쇄기간이 무엇인지 설명해 주세요.,용어기반,보통,정확,매우 높음,705,0.471,유지(대표 1개만),동일 문장구조가 705회 반복,,최종 유지,해당 용어 후보 중 상대적으로 가장 자연스러운 대표 문장; 금융용어 사용 적절; 반복 골격이지만 용어별 대표 1문장으로 제한,주주명부폐쇄기간이 무엇인지 설명해 주세요.
KO-FIN-03197,800,주식,증권·예탁,주주명부폐쇄기준일,일반개념,고객,질문,주주명부폐쇄기준일이 무엇인지 설명해 주세요.,용어기반,보통,정확,매우 높음,705,0.491,유지(대표 1개만),동일 문장구조가 705회 반복,,최종 유지,해당 용어 후보 중 상대적으로 가장 자연스러운 대표 문장; 금융용어 사용 적절; 반복 골격이지만 용어별 대표 1문장으로 제한,주주명부폐쇄기준일이 무엇인지 설명해 주세요.
KO-FIN-03202,801,주식,,주주제안제도,법규·제도,고객,확인,주주제안제도과 관련된 정보를 확인하고 싶습니다.,용어기반,미흡,정확(문법 수정),매우 높음,183,0.545,수정 권장,조사 오류: '주주제안제도과' → '주주제안제도와'; 동일 문장구조가 183회 반복,주주제안제도와 관련된 정보를 확인하고 싶습니다.,최종 유지,해당 용어 후보 중 상대적으로 가장 자연스러운 대표 문장; 조사/문법을 자동수정안으로 교정; 반복 골격이지만 용어별 대표 1문장으로 제한,주주제안제도와 관련된 정보를 확인하고 싶습니다.
KO-FIN-03205,802,주식,,주주총회 참석장,일반개념,고객,질문,주주총회 참석장이 무엇인지 설명해 주세요.,용어기반,보통,정확,매우 높음,705,0.471,유지(대표 1개만),동일 문장구조가 705회 반복,,최종 유지,해당 용어 후보 중 상대적으로 가장 자연스러운 대표 문장; 금융용어 사용 적절; 반복 골격이지만 용어별 대표 1문장으로 제한,주주총회 참석장이 무엇인지 설명해 주세요.
KO-FIN-03211,803,주식,금융법규·감독 / 회계·재무,주주총회,일반개념,고객,상담,주주총회과 관련해 투자 전에 확인해야 할 사항이 있나요?,용어기반,미흡,정확(문법 수정),매우 높음,183,0.493,수정 권장,조사 오류: '주주총회과' → '주주총회와'; 동일 문장구조가 183회 반복,주주총회와 관련해 투자 전에 확인해야 할 사항이 있나요?,최종 유지,해당 용어 후보 중 상대적으로 가장 자연스러운 대표 문장; 조사/문법을 자동수정안으로 교정; 반복 골격이지만 용어별 대표 1문장으로 제한,주주총회와 관련해 투자 전에 확인해야 할 사항이 있나요?
KO-FIN-03213,804,주식,,주주평등의 원칙,법규·제도,고객,질문,주주평등의 원칙이 무엇인지 설명해 주세요.,용어기반,보통,정확,매우 높음,705,0.471,유지(대표 1개만),동일 문장구조가 705회 반복,,최종 유지,해당 용어 후보 중 상대적으로 가장 자연스러운 대표 문장; 금융용어 사용 적절; 반복 골격이지만 용어별 대표 1문장으로 제한,주주평등의 원칙이 무엇인지 설명해 주세요.
KO-FIN-03218,805,증권·예탁,법률·계약 / 금융법규·감독 / 주식,준공유,일반개념,고객,확인,준공유 처리 절차를 확인하고 싶습니다.,용어기반,보통,정확,매우 높음,241,0.625,수정 권장,동일 문장구조가 241회 반복,,최종 유지,해당 용어 후보 중 상대적으로 가장 자연스러운 대표 문장; 금융용어 사용 적절; 반복 골격이지만 용어별 대표 1문장으로 제한,준공유 처리 절차를 확인하고 싶습니다.
KO-FIN-03221,806,주식,,준비금의 자본전입,일반개념,고객,질문,준비금의 자본전입이 무엇인지 설명해 주세요.,용어기반,보통,정확,매우 높음,705,0.491,유지(대표 1개만),동일 문장구조가 705회 반복,,최종 유지,해당 용어 후보 중 상대적으로 가장 자연스러운 대표 문장; 금융용어 사용 적절; 반복 골격이지만 용어별 대표 1문장으로 제한,준비금의 자본전입이 무엇인지 설명해 주세요.
KO-FIN-03228,807,법률·계약,예금상품,준점유,일반개념,금융기관,안내,준점유의 적용 여부는 계약 내용과 관련 법령을 확인해야 합니다.,용어기반,양호,정확,높음,35,0.484,수정 권장,유사 문장구조 반복(35회) 또는 동일 용어 내 유사도 높음,,최종 유지,실제 금융 문맥에서 자연스러움; 금융용어 사용 적절; 과도한 유사성 낮음,준점유의 적용 여부는 계약 내용과 관련 법령을 확인해야 합니다.
KO-FIN-03229,808,금융시장·거래,,준회원,일반개념,고객,질문,준회원이 무엇을 의미하나요?,용어기반,보통,정확,매우 높음,303,0.571,유지(대표 1개만),동일 문장구조가 303회 반복,,최종 유지,해당 용어 후보 중 상대적으로 가장 자연스러운 대표 문장; 금융용어 사용 적절; 반복 골격이지만 용어별 대표 1문장으로 제한,준회원이 무엇을 의미하나요?
KO-FIN-03234,809,증권·예탁,,중·동유럽 중앙예탁기관협의회,일반개념,고객,확인,중·동유럽 중앙예탁기관협의회 처리 절차를 확인하고 싶습니다.,용어기반,보통,정확,매우 높음,241,0.75,수정 권장,동일 문장구조가 241회 반복,,최종 유지,해당 용어 후보 중 상대적으로 가장 자연스러운 대표 문장; 금융용어 사용 적절; 반복 골격이지만 용어별 대표 1문장으로 제한,중·동유럽 중앙예탁기관협의회 처리 절차를 확인하고 싶습니다.
KO-FIN-03237,810,주식,,중간배당,행위·절차,고객,질문,중간배당이 무엇인지 설명해 주세요.,용어기반,보통,정확,매우 높음,705,0.372,유지(대표 1개만),동일 문장구조가 705회 반복,,최종 유지,해당 용어 후보 중 상대적으로 가장 자연스러운 대표 문장; 금융용어 사용 적절; 반복 골격이지만 용어별 대표 1문장으로 제한,중간배당이 무엇인지 설명해 주세요.
KO-FIN-03244,811,금융시장·거래,증권·예탁,중개회사,기관·조직,금융기관,안내,중개회사을 확인할 때 시장 상황과 거래 조건을 함께 살펴보세요.,용어기반,미흡,정확(문법 수정),매우 높음,236,0.393,수정 권장,조사 오류: '중개회사을' → '중개회사를'; 동일 문장구조가 236회 반복,중개회사를 확인할 때 시장 상황과 거래 조건을 함께 살펴보세요.,최종 유지,해당 용어 후보 중 상대적으로 가장 자연스러운 대표 문장; 조사/문법을 자동수정안으로 교정; 반복 골격이지만 용어별 대표 1문장으로 제한,중개회사를 확인할 때 시장 상황과 거래 조건을 함께 살펴보세요.
KO-FIN-03245,812,파생상품,,증거금,일반개념,고객,질문,증거금이 무엇인지 쉽게 설명해 주세요.,용어기반,양호,정확,높음,53,0.326,유지(대표 1개만),유사 문장구조 반복(53회) 또는 동일 용어 내 유사도 높음,,최종 유지,실제 금융 문맥에서 자연스러움; 금융용어 사용 적절; 과도한 유사성 낮음,증거금이 무엇인지 쉽게 설명해 주세요.
KO-FIN-03249,813,증권·예탁,,증거증권,상품·증권,고객,질문,증거증권이 무엇인지 설명해 주세요.,용어기반,보통,정확,매우 높음,705,0.511,유지(대표 1개만),동일 문장구조가 705회 반복,,최종 유지,해당 용어 후보 중 상대적으로 가장 자연스러운 대표 문장; 금융용어 사용 적절; 반복 골격이지만 용어별 대표 1문장으로 제한,증거증권이 무엇인지 설명해 주세요.
KO-FIN-03254,814,증권·예탁,지급결제·청산,증권·대금 동시결제,행위·절차,고객,확인,증권·대금 동시결제 처리 절차를 확인하고 싶습니다.,용어기반,보통,정확,매우 높음,241,0.71,수정 권장,동일 문장구조가 241회 반복,,최종 유지,해당 용어 후보 중 상대적으로 가장 자연스러운 대표 문장; 금융용어 사용 적절; 반복 골격이지만 용어별 대표 1문장으로 제한,증권·대금 동시결제 처리 절차를 확인하고 싶습니다.
KO-FIN-03257,815,증권·예탁,금융시장·거래,증권거래법,법규·제도,고객,질문,증권거래법이 무엇인지 설명해 주세요.,용어기반,보통,정확,매우 높음,705,0.531,유지(대표 1개만),동일 문장구조가 705회 반복,,최종 유지,해당 용어 후보 중 상대적으로 가장 자연스러운 대표 문장; 금융용어 사용 적절; 반복 골격이지만 용어별 대표 1문장으로 제한,증권거래법이 무엇인지 설명해 주세요.
KO-FIN-03262,816,금융시장·거래,증권·예탁,증권거래세,일반개념,고객,확인,증권거래세과 관련된 시장 정보를 확인하고 싶습니다.,용어기반,미흡,정확(문법 수정),매우 높음,236,0.375,수정 권장,조사 오류: '증권거래세과' → '증권거래세와'; 동일 문장구조가 236회 반복,증권거래세와 관련된 시장 정보를 확인하고 싶습니다.,최종 유지,해당 용어 후보 중 상대적으로 가장 자연스러운 대표 문장; 조사/문법을 자동수정안으로 교정; 반복 골격이지만 용어별 대표 1문장으로 제한,증권거래세와 관련된 시장 정보를 확인하고 싶습니다.
KO-FIN-03265,817,증권·예탁,금융시장·거래,증권거래준비금,일반개념,고객,질문,증권거래준비금이 무엇인지 설명해 주세요.,용어기반,보통,정확,매우 높음,705,0.566,유지(대표 1개만),동일 문장구조가 705회 반복,,최종 유지,해당 용어 후보 중 상대적으로 가장 자연스러운 대표 문장; 금융용어 사용 적절; 반복 골격이지만 용어별 대표 1문장으로 제한,증권거래준비금이 무엇인지 설명해 주세요.
KO-FIN-03269,818,증권·예탁,자산운용·투자,증권공동 온라인시스템,시스템·인프라,고객,질문,증권공동 온라인시스템이 무엇인지 설명해 주세요.,용어기반,보통,정확,매우 높음,705,0.623,유지(대표 1개만),동일 문장구조가 705회 반복,,최종 유지,해당 용어 후보 중 상대적으로 가장 자연스러운 대표 문장; 금융용어 사용 적절; 반복 골격이지만 용어별 대표 1문장으로 제한,증권공동 온라인시스템이 무엇인지 설명해 주세요.
KO-FIN-03273,819,증권·예탁,대출 / 금융시장·거래,증권금융,일반개념,고객,질문,증권금융이 무엇인지 설명해 주세요.,용어기반,보통,정확,매우 높음,705,0.511,유지(대표 1개만),동일 문장구조가 705회 반복,,최종 유지,해당 용어 후보 중 상대적으로 가장 자연스러운 대표 문장; 금융용어 사용 적절; 반복 골격이지만 용어별 대표 1문장으로 제한,증권금융이 무엇인지 설명해 주세요.
KO-FIN-03277,820,증권·예탁,자산운용·투자,증권담보금융,일반개념,고객,질문,증권담보금융이 무엇인지 설명해 주세요.,용어기반,보통,정확,매우 높음,705,0.549,유지(대표 1개만),동일 문장구조가 705회 반복,,최종 유지,해당 용어 후보 중 상대적으로 가장 자연스러운 대표 문장; 금융용어 사용 적절; 반복 골격이지만 용어별 대표 1문장으로 제한,증권담보금융이 무엇인지 설명해 주세요.
KO-FIN-03282,821,증권·예탁,법률·계약 / 자산운용·투자,증권대위,일반개념,고객,확인,증권대위 처리 절차를 확인하고 싶습니다.,용어기반,보통,정확,매우 높음,241,0.64,수정 권장,동일 문장구조가 241회 반복,,최종 유지,해당 용어 후보 중 상대적으로 가장 자연스러운 대표 문장; 금융용어 사용 적절; 반복 골격이지만 용어별 대표 1문장으로 제한,증권대위 처리 절차를 확인하고 싶습니다.
KO-FIN-03286,822,증권·예탁,,증권대차제도,법규·제도,고객,확인,증권대차제도 처리 절차를 확인하고 싶습니다.,용어기반,보통,정확,매우 높음,241,0.667,수정 권장,동일 문장구조가 241회 반복,,최종 유지,해당 용어 후보 중 상대적으로 가장 자연스러운 대표 문장; 금융용어 사용 적절; 반복 골격이지만 용어별 대표 1문장으로 제한,증권대차제도 처리 절차를 확인하고 싶습니다.
KO-FIN-03290,823,증권·예탁,,증권대행업무,일반개념,고객,확인,증권대행업무 처리 절차를 확인하고 싶습니다.,용어기반,보통,정확,매우 높음,241,0.667,수정 권장,동일 문장구조가 241회 반복,,최종 유지,해당 용어 후보 중 상대적으로 가장 자연스러운 대표 문장; 금융용어 사용 적절; 반복 골격이지만 용어별 대표 1문장으로 제한,증권대행업무 처리 절차를 확인하고 싶습니다.
KO-FIN-03294,824,증권·예탁,자산운용·투자,증권분석사,일반개념,고객,확인,증권분석사 처리 절차를 확인하고 싶습니다.,용어기반,보통,정확,매우 높음,241,0.654,수정 권장,동일 문장구조가 241회 반복,,최종 유지,해당 용어 후보 중 상대적으로 가장 자연스러운 대표 문장; 금융용어 사용 적절; 반복 골격이지만 용어별 대표 1문장으로 제한,증권분석사 처리 절차를 확인하고 싶습니다.
KO-FIN-03298,825,증권·예탁,파생상품 / 금융법규·감독,증권선물위원회,기관·조직,고객,확인,증권선물위원회 처리 절차를 확인하고 싶습니다.,용어기반,보통,정확,매우 높음,241,0.679,수정 권장,동일 문장구조가 241회 반복,,최종 유지,해당 용어 후보 중 상대적으로 가장 자연스러운 대표 문장; 금융용어 사용 적절; 반복 골격이지만 용어별 대표 1문장으로 제한,증권선물위원회 처리 절차를 확인하고 싶습니다.
KO-FIN-03301,826,금융시장·거래,증권·예탁 / 자산운용·투자,증권시장,시스템·인프라,고객,질문,증권시장이 무엇을 의미하나요?,용어기반,보통,정확,매우 높음,303,0.595,유지(대표 1개만),동일 문장구조가 303회 반복,,최종 유지,해당 용어 후보 중 상대적으로 가장 자연스러운 대표 문장; 금융용어 사용 적절; 반복 골격이지만 용어별 대표 1문장으로 제한,증권시장이 무엇을 의미하나요?
KO-FIN-03305,827,증권·예탁,금융시장·거래 / 자산운용·투자,증권시장선,일반개념,고객,질문,증권시장선이 무엇인지 설명해 주세요.,용어기반,보통,정확,매우 높음,705,0.531,유지(대표 1개만),동일 문장구조가 705회 반복,,최종 유지,해당 용어 후보 중 상대적으로 가장 자연스러운 대표 문장; 금융용어 사용 적절; 반복 골격이지만 용어별 대표 1문장으로 제한,증권시장선이 무엇인지 설명해 주세요.
KO-FIN-03309,828,증권·예탁,,증권예탁원,기관·조직,고객,질문,증권예탁원이 무엇인지 설명해 주세요.,용어기반,보통,정확,매우 높음,705,0.531,유지(대표 1개만),동일 문장구조가 705회 반복,,최종 유지,해당 용어 후보 중 상대적으로 가장 자연스러운 대표 문장; 금융용어 사용 적절; 반복 골격이지만 용어별 대표 1문장으로 제한,증권예탁원이 무엇인지 설명해 주세요.
KO-FIN-03314,829,증권·예탁,,증권용지 관리번호,일반개념,고객,확인,증권용지 관리번호 처리 절차를 확인하고 싶습니다.,용어기반,보통,정확,매우 높음,241,0.7,수정 권장,동일 문장구조가 241회 반복,,최종 유지,해당 용어 후보 중 상대적으로 가장 자연스러운 대표 문장; 금융용어 사용 적절; 반복 골격이지만 용어별 대표 1문장으로 제한,증권용지 관리번호 처리 절차를 확인하고 싶습니다.
KO-FIN-03317,830,증권·예탁,대출 / 지급결제·청산 / 금융시장·거래 / 주식,증권유통금융,일반개념,고객,질문,증권유통금융이 무엇인지 설명해 주세요.,용어기반,보통,정확,매우 높음,705,0.549,유지(대표 1개만),동일 문장구조가 705회 반복,,최종 유지,해당 용어 후보 중 상대적으로 가장 자연스러운 대표 문장; 금융용어 사용 적절; 반복 골격이지만 용어별 대표 1문장으로 제한,증권유통금융이 무엇인지 설명해 주세요.
KO-FIN-03321,831,증권·예탁,기업금융·자본조달 / 주식,증권인수금융,일반개념,고객,질문,증권인수금융이 무엇인지 설명해 주세요.,용어기반,보통,정확,매우 높음,705,0.549,유지(대표 1개만),동일 문장구조가 705회 반복,,최종 유지,해당 용어 후보 중 상대적으로 가장 자연스러운 대표 문장; 금융용어 사용 적절; 반복 골격이지만 용어별 대표 1문장으로 제한,증권인수금융이 무엇인지 설명해 주세요.
KO-FIN-03326,832,증권·예탁,,증권자본주의,일반개념,고객,확인,증권자본주의 처리 절차를 확인하고 싶습니다.,용어기반,보통,정확,매우 높음,241,0.667,수정 권장,동일 문장구조가 241회 반복,,최종 유지,해당 용어 후보 중 상대적으로 가장 자연스러운 대표 문장; 금융용어 사용 적절; 반복 골격이지만 용어별 대표 1문장으로 제한,증권자본주의 처리 절차를 확인하고 싶습니다.
KO-FIN-03331,833,펀드·신탁,증권·예탁 / 자산운용·투자,증권투자신탁,상품·증권,고객,상담,증권투자신탁에 가입하기 전에 어떤 점을 확인해야 하나요?,용어기반,양호,정확,높음,52,0.5,수정 권장,유사 문장구조 반복(52회) 또는 동일 용어 내 유사도 높음,,최종 유지,실제 금융 문맥에서 자연스러움; 금융용어 사용 적절; 과도한 유사성 낮음,증권투자신탁에 가입하기 전에 어떤 점을 확인해야 하나요?
KO-FIN-03333,834,증권·예탁,,증권특성선,일반개념,고객,질문,증권특성선이 무엇인지 설명해 주세요.,용어기반,보통,정확,매우 높음,705,0.531,유지(대표 1개만),동일 문장구조가 705회 반복,,최종 유지,해당 용어 후보 중 상대적으로 가장 자연스러운 대표 문장; 금융용어 사용 적절; 반복 골격이지만 용어별 대표 1문장으로 제한,증권특성선이 무엇인지 설명해 주세요.
KO-FIN-03337,835,증권·예탁,,증권화 현상,일반개념,고객,질문,증권화 현상이 무엇인지 설명해 주세요.,용어기반,보통,정확,매우 높음,705,0.549,유지(대표 1개만),동일 문장구조가 705회 반복,,최종 유지,해당 용어 후보 중 상대적으로 가장 자연스러운 대표 문장; 금융용어 사용 적절; 반복 골격이지만 용어별 대표 1문장으로 제한,증권화 현상이 무엇인지 설명해 주세요.
KO-FIN-03343,836,펀드·신탁,증권·예탁 / 국제금융,증권회사 역외펀드,상품·증권,고객,상담,증권회사 역외펀드에 가입하기 전에 어떤 점을 확인해야 하나요?,용어기반,양호,정확,높음,52,0.552,수정 권장,유사 문장구조 반복(52회) 또는 동일 용어 내 유사도 높음,,최종 유지,실제 금융 문맥에서 자연스러움; 금융용어 사용 적절; 과도한 유사성 낮음,증권회사 역외펀드에 가입하기 전에 어떤 점을 확인해야 하나요?
KO-FIN-03346,837,주식,,증자,사람·역할,고객,확인,증자과 관련된 정보를 확인하고 싶습니다.,용어기반,미흡,정확(문법 수정),매우 높음,183,0.483,수정 권장,조사 오류: '증자과' → '증자와'; 동일 문장구조가 183회 반복,증자와 관련된 정보를 확인하고 싶습니다.,최종 유지,해당 용어 후보 중 상대적으로 가장 자연스러운 대표 문장; 조사/문법을 자동수정안으로 교정; 반복 골격이지만 용어별 대표 1문장으로 제한,증자와 관련된 정보를 확인하고 싶습니다.
KO-FIN-03350,838,세금,,지방채,일반개념,고객,질문,지방채의 적용 기준을 알려주세요.,용어기반,양호,정확,낮음,11,0.4,유지,실제 금융 문맥에서 자연스럽고 용어 사용도 적절함,,최종 유지,실제 금융 문맥에서 자연스러움; 금융용어 사용 적절; 과도한 유사성 낮음,지방채의 적용 기준을 알려주세요.
KO-FIN-03352,838,세금,,지방채,일반개념,금융기관,안내,지방채의 적용 여부는 거래 유형과 세법에 따라 달라질 수 있습니다.,용어기반,양호,정확,낮음,11,0.413,유지,실제 금융 문맥에서 자연스럽고 용어 사용도 적절함,,최종 유지,실제 금융 문맥에서 자연스러움; 금융용어 사용 적절; 과도한 유사성 낮음,지방채의 적용 여부는 거래 유형과 세법에 따라 달라질 수 있습니다.
KO-FIN-03354,839,주식,,지배주주,사람·역할,고객,확인,지배주주과 관련된 정보를 확인하고 싶습니다.,용어기반,미흡,정확(문법 수정),매우 높음,183,0.516,수정 권장,조사 오류: '지배주주과' → '지배주주와'; 동일 문장구조가 183회 반복,지배주주와 관련된 정보를 확인하고 싶습니다.,최종 유지,해당 용어 후보 중 상대적으로 가장 자연스러운 대표 문장; 조사/문법을 자동수정안으로 교정; 반복 골격이지만 용어별 대표 1문장으로 제한,지배주주와 관련된 정보를 확인하고 싶습니다.
KO-FIN-03357,840,증권·예탁,법률·계약,지분권,일반개념,고객,질문,지분권이 무엇인지 설명해 주세요.,용어기반,보통,정확,매우 높음,705,0.489,유지(대표 1개만),동일 문장구조가 705회 반복,,최종 유지,해당 용어 후보 중 상대적으로 가장 자연스러운 대표 문장; 금융용어 사용 적절; 반복 골격이지만 용어별 대표 1문장으로 제한,지분권이 무엇인지 설명해 주세요.
KO-FIN-03361,841,주식,,지분법,법규·제도,고객,질문,지분법이 무엇인지 설명해 주세요.,용어기반,보통,정확,매우 높음,705,0.341,유지(대표 1개만),동일 문장구조가 705회 반복,,최종 유지,해당 용어 후보 중 상대적으로 가장 자연스러운 대표 문장; 금융용어 사용 적절; 반복 골격이지만 용어별 대표 1문장으로 제한,지분법이 무엇인지 설명해 주세요.
KO-FIN-03367,842,기타 금융일반,,지수법,법규·제도,고객,확인,지수법과 관련된 내용을 확인하고 싶습니다.,용어기반,양호,정확,높음,21,0.393,수정 권장,유사 문장구조 반복(21회) 또는 동일 용어 내 유사도 높음,,최종 유지,실제 금융 문맥에서 자연스러움; 금융용어 사용 적절; 과도한 유사성 낮음,지수법과 관련된 내용을 확인하고 싶습니다.
KO-FIN-03368,842,기타 금융일반,,지수법,법규·제도,금융기관,안내,지수법의 정확한 의미는 해당 금융거래의 맥락과 함께 확인해야 합니다.,용어기반,양호,정확,높음,21,0.393,수정 권장,유사 문장구조 반복(21회) 또는 동일 용어 내 유사도 높음,,최종 유지,실제 금융 문맥에서 자연스러움; 금융용어 사용 적절; 과도한 유사성 낮음,지수법의 정확한 의미는 해당 금융거래의 맥락과 함께 확인해야 합니다.
KO-FIN-03369,843,증권·예탁,금융법규·감독,지시증권,상품·증권,고객,질문,지시증권이 무엇인지 설명해 주세요.,용어기반,보통,정확,매우 높음,705,0.511,유지(대표 1개만),동일 문장구조가 705회 반복,,최종 유지,해당 용어 후보 중 상대적으로 가장 자연스러운 대표 문장; 금융용어 사용 적절; 반복 골격이지만 용어별 대표 1문장으로 제한,지시증권이 무엇인지 설명해 주세요.
KO-FIN-03373,844,금융시장·거래,,지정가주문,일반개념,고객,질문,지정가주문이 무엇을 의미하나요?,용어기반,보통,정확,매우 높음,303,0.615,유지(대표 1개만),동일 문장구조가 303회 반복,,최종 유지,해당 용어 후보 중 상대적으로 가장 자연스러운 대표 문장; 금융용어 사용 적절; 반복 골격이지만 용어별 대표 1문장으로 제한,지정가주문이 무엇을 의미하나요?
KO-FIN-03379,845,지급결제·청산,,지정시점결제시스템,시스템·인프라,고객,문제,지정시점결제시스템 과정에서 문제가 발생한 것 같습니다.,용어기반,보통,정확,매우 높음,86,0.596,수정 권장,동일 문장구조가 86회 반복,,최종 유지,해당 용어 후보 중 상대적으로 가장 자연스러운 대표 문장; 금융용어 사용 적절; 과도한 유사성 낮음,지정시점결제시스템 과정에서 문제가 발생한 것 같습니다.
KO-FIN-03382,846,주식,,지주회사,기관·조직,고객,확인,지주회사과 관련된 정보를 확인하고 싶습니다.,용어기반,미흡,정확(문법 수정),매우 높음,183,0.516,수정 권장,조사 오류: '지주회사과' → '지주회사와'; 동일 문장구조가 183회 반복,지주회사와 관련된 정보를 확인하고 싶습니다.,최종 유지,해당 용어 후보 중 상대적으로 가장 자연스러운 대표 문장; 조사/문법을 자동수정안으로 교정; 반복 골격이지만 용어별 대표 1문장으로 제한,지주회사와 관련된 정보를 확인하고 싶습니다.
KO-FIN-03385,847,증권·예탁,,지체보상금,일반개념,고객,질문,지체보상금이 무엇인지 설명해 주세요.,용어기반,보통,정확,매우 높음,705,0.531,유지(대표 1개만),동일 문장구조가 705회 반복,,최종 유지,해당 용어 후보 중 상대적으로 가장 자연스러운 대표 문장; 금융용어 사용 적절; 반복 골격이지만 용어별 대표 1문장으로 제한,지체보상금이 무엇인지 설명해 주세요.
KO-FIN-03389,848,금융시장·거래,,직상장,일반개념,고객,질문,직상장이 무엇을 의미하나요?,용어기반,보통,정확,매우 높음,303,0.571,유지(대표 1개만),동일 문장구조가 303회 반복,,최종 유지,해당 용어 후보 중 상대적으로 가장 자연스러운 대표 문장; 금융용어 사용 적절; 반복 골격이지만 용어별 대표 1문장으로 제한,직상장이 무엇을 의미하나요?
KO-FIN-03395,849,금융법규·감독,금융시장·거래,직접공시,행위·절차,고객,상담,직접공시 때문에 추가로 확인해야 할 사항이 있나요?,용어기반,양호,정확,낮음,15,0.44,유지,실제 금융 문맥에서 자연스럽고 용어 사용도 적절함,,최종 유지,실제 금융 문맥에서 자연스러움; 금융용어 사용 적절; 과도한 유사성 낮음,직접공시 때문에 추가로 확인해야 할 사항이 있나요?
KO-FIN-03396,849,금융법규·감독,금융시장·거래,직접공시,행위·절차,금융기관,안내,직접공시의 적용 범위는 관련 법령과 규정에 따라 달라질 수 있습니다.,용어기반,양호,정확,낮음,15,0.516,유지,실제 금융 문맥에서 자연스럽고 용어 사용도 적절함,,최종 유지,실제 금융 문맥에서 자연스러움; 금융용어 사용 적절; 과도한 유사성 낮음,직접공시의 적용 범위는 관련 법령과 규정에 따라 달라질 수 있습니다.
KO-FIN-03399,850,자산운용·투자,,직접금융,일반개념,고객,확인,직접금융과 관련된 투자 정보를 확인하고 싶습니다.,용어기반,양호,정확,높음,55,0.5,수정 권장,유사 문장구조 반복(55회) 또는 동일 용어 내 유사도 높음,,최종 유지,실제 금융 문맥에서 자연스러움; 금융용어 사용 적절; 과도한 유사성 낮음,직접금융과 관련된 투자 정보를 확인하고 싶습니다.
KO-FIN-03402,851,기업금융·자본조달,증권·예탁,직접발행,행위·절차,고객,상담,직접발행을 이용하려면 어떤 조건이 필요한가요?,용어기반,양호,정확,높음,25,0.318,수정 권장,유사 문장구조 반복(25회) 또는 동일 용어 내 유사도 높음,,최종 유지,실제 금융 문맥에서 자연스러움; 금융용어 사용 적절; 과도한 유사성 낮음,직접발행을 이용하려면 어떤 조건이 필요한가요?
KO-FIN-03403,851,기업금융·자본조달,증권·예탁,직접발행,행위·절차,고객,확인,직접발행과 관련된 비용과 절차를 확인하고 싶습니다.,용어기반,양호,정확,높음,25,0.485,수정 권장,유사 문장구조 반복(25회) 또는 동일 용어 내 유사도 높음,,최종 유지,실제 금융 문맥에서 자연스러움; 금융용어 사용 적절; 과도한 유사성 낮음,직접발행과 관련된 비용과 절차를 확인하고 싶습니다.
KO-FIN-03406,852,증권·예탁,,직접점유,일반개념,고객,확인,직접점유 처리 절차를 확인하고 싶습니다.,용어기반,보통,정확,매우 높음,241,0.64,수정 권장,동일 문장구조가 241회 반복,,최종 유지,해당 용어 후보 중 상대적으로 가장 자연스러운 대표 문장; 금융용어 사용 적절; 반복 골격이지만 용어별 대표 1문장으로 제한,직접점유 처리 절차를 확인하고 싶습니다.
KO-FIN-03412,853,금융시장·거래,,직접참가자,사람·역할,금융기관,안내,직접참가자을 확인할 때 시장 상황과 거래 조건을 함께 살펴보세요.,용어기반,미흡,정확(문법 수정),매우 높음,236,0.414,수정 권장,조사 오류: '직접참가자을' → '직접참가자를'; 동일 문장구조가 236회 반복,직접참가자를 확인할 때 시장 상황과 거래 조건을 함께 살펴보세요.,최종 유지,해당 용어 후보 중 상대적으로 가장 자연스러운 대표 문장; 조사/문법을 자동수정안으로 교정; 반복 골격이지만 용어별 대표 1문장으로 제한,직접참가자를 확인할 때 시장 상황과 거래 조건을 함께 살펴보세요.
KO-FIN-03413,854,주식,증권·예탁,직접청약,일반개념,고객,질문,직접청약이 무엇인지 설명해 주세요.,용어기반,보통,정확,매우 높음,705,0.372,유지(대표 1개만),동일 문장구조가 705회 반복,,최종 유지,해당 용어 후보 중 상대적으로 가장 자연스러운 대표 문장; 금융용어 사용 적절; 반복 골격이지만 용어별 대표 1문장으로 제한,직접청약이 무엇인지 설명해 주세요.
KO-FIN-03419,855,자산운용·투자,,직접투자,사람·역할,고객,확인,직접투자과 관련된 투자 정보를 확인하고 싶습니다.,용어기반,미흡,정확(문법 수정),높음,55,0.5,수정 권장,조사 오류: '직접투자과' → '직접투자와'; 유사 문장구조 반복(55회) 또는 동일 용어 내 유사도 높음,직접투자와 관련된 투자 정보를 확인하고 싶습니다.,최종 유지,해당 용어 후보 중 상대적으로 가장 자연스러운 대표 문장; 조사/문법을 자동수정안으로 교정; 과도한 유사성 낮음,직접투자와 관련된 투자 정보를 확인하고 싶습니다.
KO-FIN-03421,856,법률·계약,주식 / 채권,질권,일반개념,고객,질문,질권이 금융거래에서 무엇을 의미하나요?,용어기반,양호,정확,높음,36,0.409,유지(대표 1개만),유사 문장구조 반복(36회) 또는 동일 용어 내 유사도 높음,,최종 유지,실제 금융 문맥에서 자연스러움; 금융용어 사용 적절; 과도한 유사성 낮음,질권이 금융거래에서 무엇을 의미하나요?
KO-FIN-03428,857,법률·계약,,질권설정자,사람·역할,금융기관,안내,질권설정자의 적용 여부는 계약 내용과 관련 법령을 확인해야 합니다.,용어기반,양호,정확,높음,35,0.515,수정 권장,유사 문장구조 반복(35회) 또는 동일 용어 내 유사도 높음,,최종 유지,실제 금융 문맥에서 자연스러움; 금융용어 사용 적절; 과도한 유사성 낮음,질권설정자의 적용 여부는 계약 내용과 관련 법령을 확인해야 합니다.
KO-FIN-03432,858,법률·계약,,질권자,사람·역할,금융기관,안내,질권자의 적용 여부는 계약 내용과 관련 법령을 확인해야 합니다.,용어기반,양호,정확,높음,35,0.484,수정 권장,유사 문장구조 반복(35회) 또는 동일 용어 내 유사도 높음,,최종 유지,실제 금융 문맥에서 자연스러움; 금융용어 사용 적절; 과도한 유사성 낮음,질권자의 적용 여부는 계약 내용과 관련 법령을 확인해야 합니다.
KO-FIN-03434,859,금융시장·거래,,집단경쟁매매,행위·절차,고객,확인,집단경쟁매매과 관련된 시장 정보를 확인하고 싶습니다.,용어기반,미흡,정확(문법 수정),매우 높음,236,0.394,수정 권장,조사 오류: '집단경쟁매매과' → '집단경쟁매매와'; 동일 문장구조가 236회 반복,집단경쟁매매와 관련된 시장 정보를 확인하고 싶습니다.,최종 유지,해당 용어 후보 중 상대적으로 가장 자연스러운 대표 문장; 조사/문법을 자동수정안으로 교정; 반복 골격이지만 용어별 대표 1문장으로 제한,집단경쟁매매와 관련된 시장 정보를 확인하고 싶습니다.
KO-FIN-03439,860,지급결제·청산,,집중결제,행위·절차,고객,문제,집중결제 과정에서 문제가 발생한 것 같습니다.,용어기반,보통,정확,매우 높음,86,0.511,수정 권장,동일 문장구조가 86회 반복,,최종 유지,해당 용어 후보 중 상대적으로 가장 자연스러운 대표 문장; 금융용어 사용 적절; 과도한 유사성 낮음,집중결제 과정에서 문제가 발생한 것 같습니다.
KO-FIN-03441,861,증권·예탁,,집중예탁,행위·절차,고객,질문,집중예탁이 무엇인지 설명해 주세요.,용어기반,보통,정확,매우 높음,705,0.511,유지(대표 1개만),동일 문장구조가 705회 반복,,최종 유지,해당 용어 후보 중 상대적으로 가장 자연스러운 대표 문장; 금융용어 사용 적절; 반복 골격이지만 용어별 대표 1문장으로 제한,집중예탁이 무엇인지 설명해 주세요.
KO-FIN-03445,862,지급결제·청산,,차감,일반개념,고객,질문,차감이 무엇인지 설명해 주세요.,용어기반,보통,정확,매우 높음,705,0.465,유지(대표 1개만),동일 문장구조가 705회 반복,,최종 유지,해당 용어 후보 중 상대적으로 가장 자연스러운 대표 문장; 금융용어 사용 적절; 반복 골격이지만 용어별 대표 1문장으로 제한,차감이 무엇인지 설명해 주세요.
KO-FIN-03451,863,지급결제·청산,금융시장·거래,차감결제,행위·절차,고객,문제,차감결제 과정에서 문제가 발생한 것 같습니다.,용어기반,보통,정확,매우 높음,86,0.511,수정 권장,동일 문장구조가 86회 반복,,최종 유지,해당 용어 후보 중 상대적으로 가장 자연스러운 대표 문장; 금융용어 사용 적절; 과도한 유사성 낮음,차감결제 과정에서 문제가 발생한 것 같습니다.
KO-FIN-03455,864,지급결제·청산,금융시장·거래,차금결제,행위·절차,고객,문제,차금결제 과정에서 문제가 발생한 것 같습니다.,용어기반,보통,정확,매우 높음,86,0.511,수정 권장,동일 문장구조가 86회 반복,,최종 유지,해당 용어 후보 중 상대적으로 가장 자연스러운 대표 문장; 금융용어 사용 적절; 과도한 유사성 낮음,차금결제 과정에서 문제가 발생한 것 같습니다.
KO-FIN-03457,865,주식,,차등배당,행위·절차,고객,질문,차등배당이 무엇인지 설명해 주세요.,용어기반,보통,정확,매우 높음,705,0.372,유지(대표 1개만),동일 문장구조가 705회 반복,,최종 유지,해당 용어 후보 중 상대적으로 가장 자연스러운 대표 문장; 금융용어 사용 적절; 반복 골격이지만 용어별 대표 1문장으로 제한,차등배당이 무엇인지 설명해 주세요.
KO-FIN-03462,866,회계·재무,,차변 대변,일반개념,고객,확인,차변 대변을 통해 어떤 정보를 확인할 수 있나요?,용어기반,양호,정확,낮음,16,0.63,유지,실제 금융 문맥에서 자연스럽고 용어 사용도 적절함,,최종 유지,실제 금융 문맥에서 자연스러움; 금융용어 사용 적절; 과도한 유사성 낮음,차변 대변을 통해 어떤 정보를 확인할 수 있나요?
KO-FIN-03464,866,회계·재무,,차변 대변,일반개념,금융기관,안내,차변 대변은 기준 시점과 작성 기준을 함께 확인해야 합니다.,용어기반,양호,정확,낮음,16,0.367,유지,실제 금융 문맥에서 자연스럽고 용어 사용도 적절함,,최종 유지,실제 금융 문맥에서 자연스러움; 금융용어 사용 적절; 과도한 유사성 낮음,차변 대변은 기준 시점과 작성 기준을 함께 확인해야 합니다.
KO-FIN-03466,867,이체,,차변이체 또는 추심시스템,시스템·인프라,고객,질문,차변이체 또는 추심시스템을 이용하려면 어떻게 해야 하나요?,용어기반,양호,정확,낮음,8,0.596,유지,실제 금융 문맥에서 자연스럽고 용어 사용도 적절함,,최종 유지,실제 금융 문맥에서 자연스러움; 금융용어 사용 적절; 과도한 유사성 낮음,차변이체 또는 추심시스템을 이용하려면 어떻게 해야 하나요?
KO-FIN-03468,867,이체,,차변이체 또는 추심시스템,시스템·인프라,은행,안내,차변이체 또는 추심시스템을 진행하기 전에 입력한 정보를 다시 확인해 주세요.,용어기반,양호,정확,낮음,8,0.627,유지,실제 금융 문맥에서 자연스럽고 용어 사용도 적절함,,최종 유지,실제 금융 문맥에서 자연스러움; 금융용어 사용 적절; 과도한 유사성 낮음,차변이체 또는 추심시스템을 진행하기 전에 입력한 정보를 다시 확인해 주세요.
KO-FIN-03470,868,금융시장·거래,,차익거래,행위·절차,고객,확인,차익거래과 관련된 시장 정보를 확인하고 싶습니다.,용어기반,미흡,정확(문법 수정),매우 높음,236,0.355,수정 권장,조사 오류: '차익거래과' → '차익거래와'; 동일 문장구조가 236회 반복,차익거래와 관련된 시장 정보를 확인하고 싶습니다.,최종 유지,해당 용어 후보 중 상대적으로 가장 자연스러운 대표 문장; 조사/문법을 자동수정안으로 교정; 반복 골격이지만 용어별 대표 1문장으로 제한,차익거래와 관련된 시장 정보를 확인하고 싶습니다.
KO-FIN-03475,869,대출,금융시장·거래,차입매수,일반개념,고객,요청,차입매수에 대해 상담받고 싶습니다.,용어기반,양호,정확,높음,40,0.56,수정 권장,유사 문장구조 반복(40회) 또는 동일 용어 내 유사도 높음,,최종 유지,실제 금융 문맥에서 자연스러움; 금융용어 사용 적절; 과도한 유사성 낮음,차입매수에 대해 상담받고 싶습니다.
KO-FIN-03479,870,주식,,차주,일반개념,고객,상담,차주과 관련해 투자 전에 확인해야 할 사항이 있나요?,용어기반,미흡,정확(문법 수정),매우 높음,183,0.462,수정 권장,조사 오류: '차주과' → '차주와'; 동일 문장구조가 183회 반복,차주와 관련해 투자 전에 확인해야 할 사항이 있나요?,최종 유지,해당 용어 후보 중 상대적으로 가장 자연스러운 대표 문장; 조사/문법을 자동수정안으로 교정; 반복 골격이지만 용어별 대표 1문장으로 제한,차주와 관련해 투자 전에 확인해야 할 사항이 있나요?
KO-FIN-03481,871,채권,,차환,일반개념,고객,질문,차환이 무엇인지 설명해 주세요.,용어기반,보통,정확,매우 높음,705,0.286,유지(대표 1개만),동일 문장구조가 705회 반복,,최종 유지,해당 용어 후보 중 상대적으로 가장 자연스러운 대표 문장; 금융용어 사용 적절; 반복 골격이지만 용어별 대표 1문장으로 제한,차환이 무엇인지 설명해 주세요.
KO-FIN-03487,872,주식,,참가적우선주,일반개념,고객,상담,참가적우선주과 관련해 투자 전에 확인해야 할 사항이 있나요?,용어기반,미흡,정확(문법 수정),매우 높음,183,0.521,수정 권장,조사 오류: '참가적우선주과' → '참가적우선주와'; 동일 문장구조가 183회 반복,참가적우선주와 관련해 투자 전에 확인해야 할 사항이 있나요?,최종 유지,해당 용어 후보 중 상대적으로 가장 자연스러운 대표 문장; 조사/문법을 자동수정안으로 교정; 반복 골격이지만 용어별 대표 1문장으로 제한,참가적우선주와 관련해 투자 전에 확인해야 할 사항이 있나요?
KO-FIN-03489,873,증권·예탁,,창고증권,상품·증권,고객,질문,창고증권이 무엇인지 설명해 주세요.,용어기반,보통,정확,매우 높음,705,0.511,유지(대표 1개만),동일 문장구조가 705회 반복,,최종 유지,해당 용어 후보 중 상대적으로 가장 자연스러운 대표 문장; 금융용어 사용 적절; 반복 골격이지만 용어별 대표 1문장으로 제한,창고증권이 무엇인지 설명해 주세요.
KO-FIN-03495,874,주식,금융법규·감독,창립총회,일반개념,고객,상담,창립총회과 관련해 투자 전에 확인해야 할 사항이 있나요?,용어기반,미흡,정확(문법 수정),매우 높음,183,0.493,수정 권장,조사 오류: '창립총회과' → '창립총회와'; 동일 문장구조가 183회 반복,창립총회와 관련해 투자 전에 확인해야 할 사항이 있나요?,최종 유지,해당 용어 후보 중 상대적으로 가장 자연스러운 대표 문장; 조사/문법을 자동수정안으로 교정; 반복 골격이지만 용어별 대표 1문장으로 제한,창립총회와 관련해 투자 전에 확인해야 할 사항이 있나요?
KO-FIN-03499,875,주식,,창업비,일반개념,고객,상담,창업비과 관련해 투자 전에 확인해야 할 사항이 있나요?,용어기반,미흡,정확(문법 수정),매우 높음,183,0.478,수정 권장,조사 오류: '창업비과' → '창업비와'; 동일 문장구조가 183회 반복,창업비와 관련해 투자 전에 확인해야 할 사항이 있나요?,최종 유지,해당 용어 후보 중 상대적으로 가장 자연스러운 대표 문장; 조사/문법을 자동수정안으로 교정; 반복 골격이지만 용어별 대표 1문장으로 제한,창업비와 관련해 투자 전에 확인해야 할 사항이 있나요?
KO-FIN-03501,876,채권,자산운용·투자,채권,상품·증권,고객,질문,채권이 무엇인지 설명해 주세요.,용어기반,보통,정확,매우 높음,705,0.286,유지(대표 1개만),동일 문장구조가 705회 반복,,최종 유지,해당 용어 후보 중 상대적으로 가장 자연스러운 대표 문장; 금융용어 사용 적절; 반복 골격이지만 용어별 대표 1문장으로 제한,채권이 무엇인지 설명해 주세요.
KO-FIN-03506,877,채권,금융시장·거래,채권가격지수,지표·개념,고객,확인,채권가격지수의 조건과 수익 구조를 확인하고 싶습니다.,용어기반,보통,정확,매우 높음,115,0.448,수정 권장,동일 문장구조가 115회 반복,,최종 유지,해당 용어 후보 중 상대적으로 가장 자연스러운 대표 문장; 금융용어 사용 적절; 반복 골격이지만 용어별 대표 1문장으로 제한,채권가격지수의 조건과 수익 구조를 확인하고 싶습니다.
KO-FIN-03510,878,채권,자산운용·투자,채권등급평가,일반개념,고객,확인,채권등급평가의 조건과 수익 구조를 확인하고 싶습니다.,용어기반,보통,정확,매우 높음,115,0.448,수정 권장,동일 문장구조가 115회 반복,,최종 유지,해당 용어 후보 중 상대적으로 가장 자연스러운 대표 문장; 금융용어 사용 적절; 반복 골격이지만 용어별 대표 1문장으로 제한,채권등급평가의 조건과 수익 구조를 확인하고 싶습니다.
KO-FIN-03514,879,채권,금융시장·거래 / 자산운용·투자,채권딜러제도,법규·제도,고객,확인,채권딜러제도의 조건과 수익 구조를 확인하고 싶습니다.,용어기반,보통,정확,매우 높음,115,0.448,수정 권장,동일 문장구조가 115회 반복,,최종 유지,해당 용어 후보 중 상대적으로 가장 자연스러운 대표 문장; 금융용어 사용 적절; 반복 골격이지만 용어별 대표 1문장으로 제한,채권딜러제도의 조건과 수익 구조를 확인하고 싶습니다.
KO-FIN-03517,880,채권,자산운용·투자,채권면역전략,일반개념,고객,질문,채권면역전략이 무엇인지 설명해 주세요.,용어기반,보통,정확,매우 높음,705,0.4,유지(대표 1개만),동일 문장구조가 705회 반복,,최종 유지,해당 용어 후보 중 상대적으로 가장 자연스러운 대표 문장; 금융용어 사용 적절; 반복 골격이지만 용어별 대표 1문장으로 제한,채권면역전략이 무엇인지 설명해 주세요.
KO-FIN-03521,881,채권,금융시장·거래,채권상장심사기준,일반개념,고객,질문,채권상장심사기준이 무엇인지 설명해 주세요.,용어기반,보통,정확,매우 높음,705,0.444,유지(대표 1개만),동일 문장구조가 705회 반복,,최종 유지,해당 용어 후보 중 상대적으로 가장 자연스러운 대표 문장; 금융용어 사용 적절; 반복 골격이지만 용어별 대표 1문장으로 제한,채권상장심사기준이 무엇인지 설명해 주세요.
KO-FIN-03525,882,금융시장·거래,채권,채권상장폐지기준,일반개념,고객,질문,채권상장폐지기준이 무엇을 의미하나요?,용어기반,보통,정확,매우 높음,303,0.667,유지(대표 1개만),동일 문장구조가 303회 반복,,최종 유지,해당 용어 후보 중 상대적으로 가장 자연스러운 대표 문장; 금융용어 사용 적절; 반복 골격이지만 용어별 대표 1문장으로 제한,채권상장폐지기준이 무엇을 의미하나요?
KO-FIN-03530,883,금융시장·거래,채권 / 파생상품,채권선물거래,행위·절차,고객,확인,채권선물거래과 관련된 시장 정보를 확인하고 싶습니다.,용어기반,미흡,정확(문법 수정),매우 높음,236,0.394,수정 권장,조사 오류: '채권선물거래과' → '채권선물거래와'; 동일 문장구조가 236회 반복,채권선물거래와 관련된 시장 정보를 확인하고 싶습니다.,최종 유지,해당 용어 후보 중 상대적으로 가장 자연스러운 대표 문장; 조사/문법을 자동수정안으로 교정; 반복 골격이지만 용어별 대표 1문장으로 제한,채권선물거래와 관련된 시장 정보를 확인하고 싶습니다.
KO-FIN-03533,884,채권,,채권수익률,지표·개념,고객,질문,채권수익률이 무엇인지 설명해 주세요.,용어기반,보통,정확,매우 높음,705,0.375,유지(대표 1개만),동일 문장구조가 705회 반복,,최종 유지,해당 용어 후보 중 상대적으로 가장 자연스러운 대표 문장; 금융용어 사용 적절; 반복 골격이지만 용어별 대표 1문장으로 제한,채권수익률이 무엇인지 설명해 주세요.
KO-FIN-03538,885,채권,,채권수익률의 기간구조,일반개념,고객,확인,채권수익률의 기간구조의 조건과 수익 구조를 확인하고 싶습니다.,용어기반,보통,정확,매우 높음,115,0.529,수정 권장,동일 문장구조가 115회 반복,,최종 유지,해당 용어 후보 중 상대적으로 가장 자연스러운 대표 문장; 금융용어 사용 적절; 반복 골격이지만 용어별 대표 1문장으로 제한,채권수익률의 기간구조의 조건과 수익 구조를 확인하고 싶습니다.
KO-FIN-03542,886,채권,신용·리스크,채권수익률의 위험구조,일반개념,고객,확인,채권수익률의 위험구조의 조건과 수익 구조를 확인하고 싶습니다.,용어기반,보통,정확,매우 높음,115,0.529,수정 권장,동일 문장구조가 115회 반복,,최종 유지,해당 용어 후보 중 상대적으로 가장 자연스러운 대표 문장; 금융용어 사용 적절; 반복 골격이지만 용어별 대표 1문장으로 제한,채권수익률의 위험구조의 조건과 수익 구조를 확인하고 싶습니다.
KO-FIN-03546,887,채권,신용·리스크,채권시가평가제,일반개념,고객,확인,채권시가평가제의 조건과 수익 구조를 확인하고 싶습니다.,용어기반,보통,정확,매우 높음,115,0.467,수정 권장,동일 문장구조가 115회 반복,,최종 유지,해당 용어 후보 중 상대적으로 가장 자연스러운 대표 문장; 금융용어 사용 적절; 반복 골격이지만 용어별 대표 1문장으로 제한,채권시가평가제의 조건과 수익 구조를 확인하고 싶습니다.
KO-FIN-03549,888,채권,금융시장·거래,채권시장안정기금,일반개념,고객,질문,채권시장안정기금이 무엇인지 설명해 주세요.,용어기반,보통,정확,매우 높음,705,0.444,유지(대표 1개만),동일 문장구조가 705회 반복,,최종 유지,해당 용어 후보 중 상대적으로 가장 자연스러운 대표 문장; 금융용어 사용 적절; 반복 골격이지만 용어별 대표 1문장으로 제한,채권시장안정기금이 무엇인지 설명해 주세요.
KO-FIN-03554,889,채권,법률·계약,채권양도,일반개념,고객,확인,채권양도의 조건과 수익 구조를 확인하고 싶습니다.,용어기반,보통,정확,매우 높음,115,0.407,수정 권장,동일 문장구조가 115회 반복,,최종 유지,해당 용어 후보 중 상대적으로 가장 자연스러운 대표 문장; 금융용어 사용 적절; 반복 골격이지만 용어별 대표 1문장으로 제한,채권양도의 조건과 수익 구조를 확인하고 싶습니다.
KO-FIN-03557,890,채권,,채권원리금상환,행위·절차,고객,질문,채권원리금상환이 무엇인지 설명해 주세요.,용어기반,보통,정확,매우 높음,705,0.423,유지(대표 1개만),동일 문장구조가 705회 반복,,최종 유지,해당 용어 후보 중 상대적으로 가장 자연스러운 대표 문장; 금융용어 사용 적절; 반복 골격이지만 용어별 대표 1문장으로 제한,채권원리금상환이 무엇인지 설명해 주세요.
KO-FIN-03562,891,신용·리스크,,채무불이행,일반개념,고객,질문,채무불이행이 금융거래에 어떤 영향을 주나요?,용어기반,양호,정확,높음,22,0.588,수정 권장,유사 문장구조 반복(22회) 또는 동일 용어 내 유사도 높음,,최종 유지,실제 금융 문맥에서 자연스러움; 금융용어 사용 적절; 과도한 유사성 낮음,채무불이행이 금융거래에 어떤 영향을 주나요?
KO-FIN-03564,891,신용·리스크,,채무불이행,일반개념,금융기관,주의,채무불이행은 거래 조건이나 이용 가능 여부에 영향을 줄 수 있습니다.,용어기반,양호,정확,높음,22,0.452,수정 권장,유사 문장구조 반복(22회) 또는 동일 용어 내 유사도 높음,,최종 유지,실제 금융 문맥에서 자연스러움; 금융용어 사용 적절; 과도한 유사성 낮음,채무불이행은 거래 조건이나 이용 가능 여부에 영향을 줄 수 있습니다.
KO-FIN-03567,892,신용·리스크,,채무불이행위험,지표·개념,고객,상담,채무불이행위험을 줄이려면 어떤 점을 확인해야 하나요?,용어기반,양호,정확,높음,22,0.618,수정 권장,유사 문장구조 반복(22회) 또는 동일 용어 내 유사도 높음,,최종 유지,실제 금융 문맥에서 자연스러움; 금융용어 사용 적절; 과도한 유사성 낮음,채무불이행위험을 줄이려면 어떤 점을 확인해야 하나요?
KO-FIN-03568,892,신용·리스크,,채무불이행위험,지표·개념,금융기관,주의,채무불이행위험은 거래 조건이나 이용 가능 여부에 영향을 줄 수 있습니다.,용어기반,양호,정확,높음,22,0.485,수정 권장,유사 문장구조 반복(22회) 또는 동일 용어 내 유사도 높음,,최종 유지,실제 금융 문맥에서 자연스러움; 금융용어 사용 적절; 과도한 유사성 낮음,채무불이행위험은 거래 조건이나 이용 가능 여부에 영향을 줄 수 있습니다.
KO-FIN-03569,893,채권,,책임재산,일반개념,고객,질문,책임재산이 무엇인지 설명해 주세요.,용어기반,보통,정확,매우 높음,705,0.348,유지(대표 1개만),동일 문장구조가 705회 반복,,최종 유지,해당 용어 후보 중 상대적으로 가장 자연스러운 대표 문장; 금융용어 사용 적절; 반복 골격이지만 용어별 대표 1문장으로 제한,책임재산이 무엇인지 설명해 주세요.
KO-FIN-03575,894,지급결제·청산,금융시장·거래,청산,행위·절차,고객,문제,청산 과정에서 문제가 발생한 것 같습니다.,용어기반,보통,정확,매우 높음,86,0.465,수정 권장,동일 문장구조가 86회 반복,,최종 유지,해당 용어 후보 중 상대적으로 가장 자연스러운 대표 문장; 금융용어 사용 적절; 과도한 유사성 낮음,청산 과정에서 문제가 발생한 것 같습니다.
KO-FIN-03578,895,금융시장·거래,지급결제·청산,청산거래,행위·절차,고객,확인,청산거래과 관련된 시장 정보를 확인하고 싶습니다.,용어기반,미흡,정확(문법 수정),매우 높음,236,0.355,수정 권장,조사 오류: '청산거래과' → '청산거래와'; 동일 문장구조가 236회 반복,청산거래와 관련된 시장 정보를 확인하고 싶습니다.,최종 유지,해당 용어 후보 중 상대적으로 가장 자연스러운 대표 문장; 조사/문법을 자동수정안으로 교정; 반복 골격이지만 용어별 대표 1문장으로 제한,청산거래와 관련된 시장 정보를 확인하고 싶습니다.
KO-FIN-03583,896,지급결제·청산,,청산결제시스템,시스템·인프라,고객,문제,청산결제시스템 과정에서 문제가 발생한 것 같습니다.,용어기반,보통,정확,매우 높음,86,0.566,수정 권장,동일 문장구조가 86회 반복,,최종 유지,해당 용어 후보 중 상대적으로 가장 자연스러운 대표 문장; 금융용어 사용 적절; 과도한 유사성 낮음,청산결제시스템 과정에서 문제가 발생한 것 같습니다.
KO-FIN-03585,897,지급결제·청산,금융시장·거래,청산회사,기관·조직,고객,질문,청산회사이 무엇인지 설명해 주세요.,용어기반,미흡,정확(문법 수정),매우 높음,705,0.511,수정 권장,조사 오류: '청산회사이' → '청산회사가'; 동일 문장구조가 705회 반복,청산회사가 무엇인지 설명해 주세요.,최종 유지,해당 용어 후보 중 상대적으로 가장 자연스러운 대표 문장; 조사/문법을 자동수정안으로 교정; 반복 골격이지만 용어별 대표 1문장으로 제한,청산회사가 무엇인지 설명해 주세요.
KO-FIN-03589,898,지급결제·청산,,청산회원,일반개념,고객,질문,청산회원이 무엇인지 설명해 주세요.,용어기반,보통,정확,매우 높음,705,0.511,유지(대표 1개만),동일 문장구조가 705회 반복,,최종 유지,해당 용어 후보 중 상대적으로 가장 자연스러운 대표 문장; 금융용어 사용 적절; 반복 골격이지만 용어별 대표 1문장으로 제한,청산회원이 무엇인지 설명해 주세요.
KO-FIN-03593,899,파생상품,증권·예탁,청약증거금,일반개념,고객,질문,청약증거금이 무엇인지 쉽게 설명해 주세요.,용어기반,양호,정확,높음,53,0.383,유지(대표 1개만),유사 문장구조 반복(53회) 또는 동일 용어 내 유사도 높음,,최종 유지,실제 금융 문맥에서 자연스러움; 금융용어 사용 적절; 과도한 유사성 낮음,청약증거금이 무엇인지 쉽게 설명해 주세요.
KO-FIN-03597,900,금융시장·거래,,체결시점매매확인 시스템,시스템·인프라,고객,질문,체결시점매매확인 시스템이 무엇을 의미하나요?,용어기반,보통,정확,매우 높음,303,0.717,유지(대표 1개만),동일 문장구조가 303회 반복,,최종 유지,해당 용어 후보 중 상대적으로 가장 자연스러운 대표 문장; 금융용어 사용 적절; 반복 골격이지만 용어별 대표 1문장으로 제한,체결시점매매확인 시스템이 무엇을 의미하나요?
KO-FIN-03603,901,신용·리스크,,체계적 위험,지표·개념,고객,상담,체계적 위험을 줄이려면 어떤 점을 확인해야 하나요?,용어기반,양호,정확,높음,22,0.604,수정 권장,유사 문장구조 반복(22회) 또는 동일 용어 내 유사도 높음,,최종 유지,실제 금융 문맥에서 자연스러움; 금융용어 사용 적절; 과도한 유사성 낮음,체계적 위험을 줄이려면 어떤 점을 확인해야 하나요?
KO-FIN-03604,901,신용·리스크,,체계적 위험,지표·개념,금융기관,주의,체계적 위험은 거래 조건이나 이용 가능 여부에 영향을 줄 수 있습니다.,용어기반,양호,정확,높음,22,0.469,수정 권장,유사 문장구조 반복(22회) 또는 동일 용어 내 유사도 높음,,최종 유지,실제 금융 문맥에서 자연스러움; 금융용어 사용 적절; 과도한 유사성 낮음,체계적 위험은 거래 조건이나 이용 가능 여부에 영향을 줄 수 있습니다.
KO-FIN-03605,902,증권·예탁,,초과담보율,지표·개념,고객,질문,초과담보율이 무엇인지 설명해 주세요.,용어기반,보통,정확,매우 높음,705,0.531,유지(대표 1개만),동일 문장구조가 705회 반복,,최종 유지,해당 용어 후보 중 상대적으로 가장 자연스러운 대표 문장; 금융용어 사용 적절; 반복 골격이지만 용어별 대표 1문장으로 제한,초과담보율이 무엇인지 설명해 주세요.
KO-FIN-03610,903,계좌,,총계정원장,일반개념,고객,질문,총계정원장은 어디에서 확인할 수 있나요?,용어기반,양호,정확,낮음,7,0.55,유지,실제 금융 문맥에서 자연스럽고 용어 사용도 적절함,,최종 유지,실제 금융 문맥에서 자연스러움; 금융용어 사용 적절; 과도한 유사성 낮음,총계정원장은 어디에서 확인할 수 있나요?
KO-FIN-03611,903,계좌,,총계정원장,일반개념,고객,문제,총계정원장이 정상적으로 표시되지 않습니다.,용어기반,양호,정확,낮음,7,0.55,유지,실제 금융 문맥에서 자연스럽고 용어 사용도 적절함,,최종 유지,실제 금융 문맥에서 자연스러움; 금융용어 사용 적절; 과도한 유사성 낮음,총계정원장이 정상적으로 표시되지 않습니다.
KO-FIN-03616,904,기업금융·자본조달,,총액인수,행위·절차,금융기관,안내,총액인수의 세부 조건과 절차는 거래 유형에 따라 달라질 수 있습니다.,용어기반,양호,정확,높음,25,0.485,수정 권장,유사 문장구조 반복(25회) 또는 동일 용어 내 유사도 높음,,최종 유지,실제 금융 문맥에서 자연스러움; 금융용어 사용 적절; 과도한 유사성 낮음,총액인수의 세부 조건과 절차는 거래 유형에 따라 달라질 수 있습니다.
KO-FIN-03617,905,증권·예탁,,총액지급증권,상품·증권,고객,질문,총액지급증권이 무엇인지 설명해 주세요.,용어기반,보통,정확,매우 높음,705,0.549,유지(대표 1개만),동일 문장구조가 705회 반복,,최종 유지,해당 용어 후보 중 상대적으로 가장 자연스러운 대표 문장; 금융용어 사용 적절; 반복 골격이지만 용어별 대표 1문장으로 제한,총액지급증권이 무엇인지 설명해 주세요.
KO-FIN-03624,906,법률·계약,,총유,일반개념,금융기관,안내,총유의 적용 여부는 계약 내용과 관련 법령을 확인해야 합니다.,용어기반,양호,정확,높음,35,0.467,수정 권장,유사 문장구조 반복(35회) 또는 동일 용어 내 유사도 높음,,최종 유지,실제 금융 문맥에서 자연스러움; 금융용어 사용 적절; 과도한 유사성 낮음,총유의 적용 여부는 계약 내용과 관련 법령을 확인해야 합니다.
KO-FIN-03627,907,자산운용·투자,,최소분산포트폴리오,일반개념,고객,확인,최소분산포트폴리오과 관련된 투자 정보를 확인하고 싶습니다.,용어기반,미흡,정확(문법 수정),높음,55,0.568,수정 권장,조사 오류: '최소분산포트폴리오과' → '최소분산포트폴리오와'; 유사 문장구조 반복(55회) 또는 동일 용어 내 유사도 높음,최소분산포트폴리오와 관련된 투자 정보를 확인하고 싶습니다.,최종 유지,해당 용어 후보 중 상대적으로 가장 자연스러운 대표 문장; 조사/문법을 자동수정안으로 교정; 과도한 유사성 낮음,최소분산포트폴리오와 관련된 투자 정보를 확인하고 싶습니다.
KO-FIN-03629,908,파생상품,금융시장·거래,최소증거금,일반개념,고객,질문,최소증거금이 무엇인지 쉽게 설명해 주세요.,용어기반,양호,정확,높음,53,0.383,유지(대표 1개만),유사 문장구조 반복(53회) 또는 동일 용어 내 유사도 높음,,최종 유지,실제 금융 문맥에서 자연스러움; 금융용어 사용 적절; 과도한 유사성 낮음,최소증거금이 무엇인지 쉽게 설명해 주세요.
KO-FIN-03636,909,기타 금융일반,,최적규모,일반개념,금융기관,안내,최적규모의 정확한 의미는 해당 금융거래의 맥락과 함께 확인해야 합니다.,용어기반,양호,정확,높음,21,0.413,수정 권장,유사 문장구조 반복(21회) 또는 동일 용어 내 유사도 높음,,최종 유지,실제 금융 문맥에서 자연스러움; 금융용어 사용 적절; 과도한 유사성 낮음,최적규모의 정확한 의미는 해당 금융거래의 맥락과 함께 확인해야 합니다.
KO-FIN-03639,910,자산운용·투자,,최적포트폴리오,일반개념,고객,확인,최적포트폴리오과 관련된 투자 정보를 확인하고 싶습니다.,용어기반,미흡,정확(문법 수정),높음,55,0.543,수정 권장,조사 오류: '최적포트폴리오과' → '최적포트폴리오와'; 유사 문장구조 반복(55회) 또는 동일 용어 내 유사도 높음,최적포트폴리오와 관련된 투자 정보를 확인하고 싶습니다.,최종 유지,해당 용어 후보 중 상대적으로 가장 자연스러운 대표 문장; 조사/문법을 자동수정안으로 교정; 과도한 유사성 낮음,최적포트폴리오와 관련된 투자 정보를 확인하고 싶습니다.
KO-FIN-03643,911,지급결제·청산,,최종이체,행위·절차,고객,문제,최종이체 과정에서 문제가 발생한 것 같습니다.,용어기반,보통,정확,매우 높음,86,0.511,수정 권장,동일 문장구조가 86회 반복,,최종 유지,해당 용어 후보 중 상대적으로 가장 자연스러운 대표 문장; 금융용어 사용 적절; 과도한 유사성 낮음,최종이체 과정에서 문제가 발생한 것 같습니다.
KO-FIN-03645,912,금융시장·거래,,추가상장,일반개념,고객,질문,추가상장이 무엇을 의미하나요?,용어기반,보통,정확,매우 높음,303,0.595,유지(대표 1개만),동일 문장구조가 303회 반복,,최종 유지,해당 용어 후보 중 상대적으로 가장 자연스러운 대표 문장; 금융용어 사용 적절; 반복 골격이지만 용어별 대표 1문장으로 제한,추가상장이 무엇을 의미하나요?
KO-FIN-03651,913,파생상품,,추가증거금 납부요구,일반개념,고객,상담,추가증거금 납부요구 거래에는 어떤 위험이 있나요?,용어기반,양호,정확,높음,38,0.571,수정 권장,유사 문장구조 반복(38회) 또는 동일 용어 내 유사도 높음,,최종 유지,실제 금융 문맥에서 자연스러움; 금융용어 사용 적절; 과도한 유사성 낮음,추가증거금 납부요구 거래에는 어떤 위험이 있나요?
KO-FIN-03653,914,파생상품,,추가증거금,일반개념,고객,질문,추가증거금이 무엇인지 쉽게 설명해 주세요.,용어기반,양호,정확,높음,53,0.383,유지(대표 1개만),유사 문장구조 반복(53회) 또는 동일 용어 내 유사도 높음,,최종 유지,실제 금융 문맥에서 자연스러움; 금융용어 사용 적절; 과도한 유사성 낮음,추가증거금이 무엇인지 쉽게 설명해 주세요.
KO-FIN-03657,915,금융법규·감독,,추정이익,일반개념,고객,질문,추정이익이 금융거래에 어떻게 적용되나요?,용어기반,양호,정확,낮음,15,0.36,유지,실제 금융 문맥에서 자연스럽고 용어 사용도 적절함,,최종 유지,실제 금융 문맥에서 자연스러움; 금융용어 사용 적절; 과도한 유사성 낮음,추정이익이 금융거래에 어떻게 적용되나요?
KO-FIN-03659,915,금융법규·감독,,추정이익,일반개념,고객,상담,추정이익 때문에 추가로 확인해야 할 사항이 있나요?,용어기반,양호,정확,낮음,15,0.44,유지,실제 금융 문맥에서 자연스럽고 용어 사용도 적절함,,최종 유지,실제 금융 문맥에서 자연스러움; 금융용어 사용 적절; 과도한 유사성 낮음,추정이익 때문에 추가로 확인해야 할 사항이 있나요?
KO-FIN-03664,916,회계·재무,,추정재무제표,일반개념,금융기관,안내,추정재무제표은 기준 시점과 작성 기준을 함께 확인해야 합니다.,용어기반,미흡,정확(문법 수정),낮음,16,0.387,수정 권장,조사 오류: '추정재무제표은' → '추정재무제표는',추정재무제표는 기준 시점과 작성 기준을 함께 확인해야 합니다.,최종 유지,해당 용어 후보 중 상대적으로 가장 자연스러운 대표 문장; 조사/문법을 자동수정안으로 교정; 과도한 유사성 낮음,추정재무제표는 기준 시점과 작성 기준을 함께 확인해야 합니다.
KO-FIN-03666,917,증권·예탁,,출입직원등록제도,법규·제도,고객,확인,출입직원등록제도 처리 절차를 확인하고 싶습니다.,용어기반,보통,정확,매우 높음,241,0.69,수정 권장,동일 문장구조가 241회 반복,,최종 유지,해당 용어 후보 중 상대적으로 가장 자연스러운 대표 문장; 금융용어 사용 적절; 반복 골격이지만 용어별 대표 1문장으로 제한,출입직원등록제도 처리 절차를 확인하고 싶습니다.
KO-FIN-03670,918,증권·예탁,,출자,사람·역할,고객,확인,출자 처리 절차를 확인하고 싶습니다.,용어기반,보통,정확,매우 높음,241,0.609,수정 권장,동일 문장구조가 241회 반복,,최종 유지,해당 용어 후보 중 상대적으로 가장 자연스러운 대표 문장; 금융용어 사용 적절; 반복 골격이지만 용어별 대표 1문장으로 제한,출자 처리 절차를 확인하고 싶습니다.
KO-FIN-03674,919,기업금융·자본조달,,출자인수권,일반개념,고객,상담,출자인수권을 이용하려면 어떤 조건이 필요한가요?,용어기반,양호,정확,높음,25,0.348,수정 권장,유사 문장구조 반복(25회) 또는 동일 용어 내 유사도 높음,,최종 유지,실제 금융 문맥에서 자연스러움; 금융용어 사용 적절; 과도한 유사성 낮음,출자인수권을 이용하려면 어떤 조건이 필요한가요?
KO-FIN-03675,919,기업금융·자본조달,,출자인수권,일반개념,고객,확인,출자인수권과 관련된 비용과 절차를 확인하고 싶습니다.,용어기반,양호,정확,높음,25,0.5,수정 권장,유사 문장구조 반복(25회) 또는 동일 용어 내 유사도 높음,,최종 유지,실제 금융 문맥에서 자연스러움; 금융용어 사용 적절; 과도한 유사성 낮음,출자인수권과 관련된 비용과 절차를 확인하고 싶습니다.
KO-FIN-03677,920,주식,,출자전환,일반개념,고객,질문,출자전환이 무엇인지 설명해 주세요.,용어기반,보통,정확,매우 높음,705,0.372,유지(대표 1개만),동일 문장구조가 705회 반복,,최종 유지,해당 용어 후보 중 상대적으로 가장 자연스러운 대표 문장; 금융용어 사용 적절; 반복 골격이지만 용어별 대표 1문장으로 제한,출자전환이 무엇인지 설명해 주세요.
KO-FIN-03681,921,증권·예탁,,출자증권,상품·증권,고객,질문,출자증권이 무엇인지 설명해 주세요.,용어기반,보통,정확,매우 높음,705,0.511,유지(대표 1개만),동일 문장구조가 705회 반복,,최종 유지,해당 용어 후보 중 상대적으로 가장 자연스러운 대표 문장; 금융용어 사용 적절; 반복 골격이지만 용어별 대표 1문장으로 제한,출자증권이 무엇인지 설명해 주세요.
KO-FIN-03685,922,주식,,출자총액제한,일반개념,고객,질문,출자총액제한이 무엇인지 설명해 주세요.,용어기반,보통,정확,매우 높음,705,0.426,유지(대표 1개만),동일 문장구조가 705회 반복,,최종 유지,해당 용어 후보 중 상대적으로 가장 자연스러운 대표 문장; 금융용어 사용 적절; 반복 골격이지만 용어별 대표 1문장으로 제한,출자총액제한이 무엇인지 설명해 주세요.
KO-FIN-03691,923,기타 금융일반,,충당금,일반개념,고객,확인,충당금과 관련된 내용을 확인하고 싶습니다.,용어기반,양호,정확,높음,21,0.393,수정 권장,유사 문장구조 반복(21회) 또는 동일 용어 내 유사도 높음,,최종 유지,실제 금융 문맥에서 자연스러움; 금융용어 사용 적절; 과도한 유사성 낮음,충당금과 관련된 내용을 확인하고 싶습니다.
KO-FIN-03692,923,기타 금융일반,,충당금,일반개념,금융기관,안내,충당금의 정확한 의미는 해당 금융거래의 맥락과 함께 확인해야 합니다.,용어기반,양호,정확,높음,21,0.393,수정 권장,유사 문장구조 반복(21회) 또는 동일 용어 내 유사도 높음,,최종 유지,실제 금융 문맥에서 자연스러움; 금융용어 사용 적절; 과도한 유사성 낮음,충당금의 정확한 의미는 해당 금융거래의 맥락과 함께 확인해야 합니다.
KO-FIN-03694,924,회계·재무,,충분성,일반개념,고객,확인,충분성을 통해 어떤 정보를 확인할 수 있나요?,용어기반,양호,정확,낮음,16,0.6,유지,실제 금융 문맥에서 자연스럽고 용어 사용도 적절함,,최종 유지,실제 금융 문맥에서 자연스러움; 금융용어 사용 적절; 과도한 유사성 낮음,충분성을 통해 어떤 정보를 확인할 수 있나요?
KO-FIN-03696,924,회계·재무,,충분성,일반개념,금융기관,안내,충분성은 기준 시점과 작성 기준을 함께 확인해야 합니다.,용어기반,양호,정확,낮음,16,0.321,유지,실제 금융 문맥에서 자연스럽고 용어 사용도 적절함,,최종 유지,실제 금융 문맥에서 자연스러움; 금융용어 사용 적절; 과도한 유사성 낮음,충분성은 기준 시점과 작성 기준을 함께 확인해야 합니다.
KO-FIN-03699,925,펀드·신탁,,카멜레온펀드,상품·증권,고객,상담,카멜레온펀드에 가입하기 전에 어떤 점을 확인해야 하나요?,용어기반,양호,정확,높음,52,0.5,수정 권장,유사 문장구조 반복(52회) 또는 동일 용어 내 유사도 높음,,최종 유지,실제 금융 문맥에서 자연스러움; 금융용어 사용 적절; 과도한 유사성 낮음,카멜레온펀드에 가입하기 전에 어떤 점을 확인해야 하나요?
KO-FIN-03703,926,펀드·신탁,증권·예탁,컨트리 펀드,상품·증권,고객,상담,컨트리 펀드에 가입하기 전에 어떤 점을 확인해야 하나요?,용어기반,양호,정확,높음,52,0.5,수정 권장,유사 문장구조 반복(52회) 또는 동일 용어 내 유사도 높음,,최종 유지,실제 금융 문맥에서 자연스러움; 금융용어 사용 적절; 과도한 유사성 낮음,컨트리 펀드에 가입하기 전에 어떤 점을 확인해야 하나요?
KO-FIN-03705,927,해외송금·외환,금융기관·은행,코레스은행,기관·조직,고객,질문,코레스은행에 대해 자세히 알려주세요.,용어기반,양호,정확,높음,21,0.558,수정 권장,유사 문장구조 반복(21회) 또는 동일 용어 내 유사도 높음,,최종 유지,실제 금융 문맥에서 자연스러움; 금융용어 사용 적절; 과도한 유사성 낮음,코레스은행에 대해 자세히 알려주세요.
KO-FIN-03706,927,해외송금·외환,금융기관·은행,코레스은행,기관·조직,고객,확인,코레스은행을 확인하고 싶습니다.,용어기반,양호,정확,높음,28,0.55,수정 권장,유사 문장구조 반복(28회) 또는 동일 용어 내 유사도 높음,,최종 유지,실제 금융 문맥에서 자연스러움; 금융용어 사용 적절; 과도한 유사성 낮음,코레스은행을 확인하고 싶습니다.
KO-FIN-03711,928,펀드·신탁,자산운용·투자,코리아유로펀드,상품·증권,고객,상담,코리아유로펀드에 가입하기 전에 어떤 점을 확인해야 하나요?,용어기반,양호,정확,높음,52,0.519,수정 권장,유사 문장구조 반복(52회) 또는 동일 용어 내 유사도 높음,,최종 유지,실제 금융 문맥에서 자연스러움; 금융용어 사용 적절; 과도한 유사성 낮음,코리아유로펀드에 가입하기 전에 어떤 점을 확인해야 하나요?
KO-FIN-03715,929,펀드·신탁,금융시장·거래 / 증권·예탁,코리아펀드,상품·증권,고객,상담,코리아펀드에 가입하기 전에 어떤 점을 확인해야 하나요?,용어기반,양호,정확,높음,52,0.48,수정 권장,유사 문장구조 반복(52회) 또는 동일 용어 내 유사도 높음,,최종 유지,실제 금융 문맥에서 자연스러움; 금융용어 사용 적절; 과도한 유사성 낮음,코리아펀드에 가입하기 전에 어떤 점을 확인해야 하나요?
KO-FIN-03717,930,증권·예탁,,코스닥 등록법인,사람·역할,고객,질문,코스닥 등록법인이 무엇인지 설명해 주세요.,용어기반,보통,정확,매우 높음,705,0.582,유지(대표 1개만),동일 문장구조가 705회 반복,,최종 유지,해당 용어 후보 중 상대적으로 가장 자연스러운 대표 문장; 금융용어 사용 적절; 반복 골격이지만 용어별 대표 1문장으로 제한,코스닥 등록법인이 무엇인지 설명해 주세요.
KO-FIN-03721,931,주식,증권·예탁 / 자산운용·투자 / 금융시장·거래,코스닥 등록주식,상품·증권,고객,질문,코스닥 등록주식이 무엇인지 설명해 주세요.,용어기반,보통,정확,매우 높음,705,0.471,유지(대표 1개만),동일 문장구조가 705회 반복,,최종 유지,해당 용어 후보 중 상대적으로 가장 자연스러운 대표 문장; 금융용어 사용 적절; 반복 골격이지만 용어별 대표 1문장으로 제한,코스닥 등록주식이 무엇인지 설명해 주세요.
KO-FIN-03725,932,금융시장·거래,,코스닥,일반개념,고객,질문,코스닥이 무엇을 의미하나요?,용어기반,보통,정확,매우 높음,303,0.571,유지(대표 1개만),동일 문장구조가 303회 반복,,최종 유지,해당 용어 후보 중 상대적으로 가장 자연스러운 대표 문장; 금융용어 사용 적절; 반복 골격이지만 용어별 대표 1문장으로 제한,코스닥이 무엇을 의미하나요?
KO-FIN-03729,933,지급결제·청산,,콘탱고,일반개념,고객,질문,콘탱고이 무엇인지 설명해 주세요.,용어기반,미흡,정확(문법 수정),매우 높음,705,0.489,수정 권장,조사 오류: '콘탱고이' → '콘탱고가'; 동일 문장구조가 705회 반복,콘탱고가 무엇인지 설명해 주세요.,최종 유지,해당 용어 후보 중 상대적으로 가장 자연스러운 대표 문장; 조사/문법을 자동수정안으로 교정; 반복 골격이지만 용어별 대표 1문장으로 제한,콘탱고가 무엇인지 설명해 주세요.
KO-FIN-03736,934,대출,금융기관·은행,콜,일반개념,은행,안내,콜은 심사 결과에 따라 이용 가능 여부가 달라질 수 있습니다.,용어기반,양호,정확,높음,35,0.36,수정 권장,유사 문장구조 반복(35회) 또는 동일 용어 내 유사도 높음,,최종 유지,실제 금융 문맥에서 자연스러움; 금융용어 사용 적절; 과도한 유사성 낮음,콜은 심사 결과에 따라 이용 가능 여부가 달라질 수 있습니다.
KO-FIN-03738,935,금융기관·은행,,콜레이트,일반개념,고객,질문,콜레이트에서 이용할 수 있는 금융업무는 무엇인가요?,용어기반,양호,정확,높음,40,0.406,수정 권장,유사 문장구조 반복(40회) 또는 동일 용어 내 유사도 높음,,최종 유지,실제 금융 문맥에서 자연스러움; 금융용어 사용 적절; 과도한 유사성 낮음,콜레이트에서 이용할 수 있는 금융업무는 무엇인가요?
KO-FIN-03742,936,채권,,쿠폰부사채,상품·증권,고객,확인,쿠폰부사채의 조건과 수익 구조를 확인하고 싶습니다.,용어기반,보통,정확,매우 높음,115,0.429,수정 권장,동일 문장구조가 115회 반복,,최종 유지,해당 용어 후보 중 상대적으로 가장 자연스러운 대표 문장; 금융용어 사용 적절; 반복 골격이지만 용어별 대표 1문장으로 제한,쿠폰부사채의 조건과 수익 구조를 확인하고 싶습니다.
KO-FIN-03747,937,펀드·신탁,자산운용·투자,타이거펀드,상품·증권,고객,상담,타이거펀드에 가입하기 전에 어떤 점을 확인해야 하나요?,용어기반,양호,정확,높음,52,0.48,수정 권장,유사 문장구조 반복(52회) 또는 동일 용어 내 유사도 높음,,최종 유지,실제 금융 문맥에서 자연스러움; 금융용어 사용 적절; 과도한 유사성 낮음,타이거펀드에 가입하기 전에 어떤 점을 확인해야 하나요?
KO-FIN-03749,938,지급결제·청산,,탈중개화현상,일반개념,고객,질문,탈중개화현상이 무엇인지 설명해 주세요.,용어기반,보통,정확,매우 높음,705,0.549,유지(대표 1개만),동일 문장구조가 705회 반복,,최종 유지,해당 용어 후보 중 상대적으로 가장 자연스러운 대표 문장; 금융용어 사용 적절; 반복 골격이지만 용어별 대표 1문장으로 제한,탈중개화현상이 무엇인지 설명해 주세요.
KO-FIN-03756,939,대출,,텀론,상품·증권,은행,안내,텀론은 심사 결과에 따라 이용 가능 여부가 달라질 수 있습니다.,용어기반,양호,정확,높음,35,0.385,수정 권장,유사 문장구조 반복(35회) 또는 동일 용어 내 유사도 높음,,최종 유지,실제 금융 문맥에서 자연스러움; 금융용어 사용 적절; 과도한 유사성 낮음,텀론은 심사 결과에 따라 이용 가능 여부가 달라질 수 있습니다.
KO-FIN-03760,940,기타 금융일반,,테크노스트럭처,일반개념,금융기관,안내,테크노스트럭처의 정확한 의미는 해당 금융거래의 맥락과 함께 확인해야 합니다.,용어기반,양호,정확,높음,21,0.464,수정 권장,유사 문장구조 반복(21회) 또는 동일 용어 내 유사도 높음,,최종 유지,실제 금융 문맥에서 자연스러움; 금융용어 사용 적절; 과도한 유사성 낮음,테크노스트럭처의 정확한 의미는 해당 금융거래의 맥락과 함께 확인해야 합니다.
KO-FIN-03764,941,금융시장·거래,파생상품 / 대출,토론토선물거래소,기관·조직,금융기관,안내,토론토선물거래소을 확인할 때 시장 상황과 거래 조건을 함께 살펴보세요.,용어기반,미흡,정확(문법 수정),매우 높음,236,0.469,수정 권장,조사 오류: '토론토선물거래소을' → '토론토선물거래소를'; 동일 문장구조가 236회 반복,토론토선물거래소를 확인할 때 시장 상황과 거래 조건을 함께 살펴보세요.,최종 유지,해당 용어 후보 중 상대적으로 가장 자연스러운 대표 문장; 조사/문법을 자동수정안으로 교정; 반복 골격이지만 용어별 대표 1문장으로 제한,토론토선물거래소를 확인할 때 시장 상황과 거래 조건을 함께 살펴보세요.
KO-FIN-03768,942,금융시장·거래,증권·예탁 / 대출,토론토증권거래소,기관·조직,금융기관,안내,토론토증권거래소을 확인할 때 시장 상황과 거래 조건을 함께 살펴보세요.,용어기반,미흡,정확(문법 수정),매우 높음,236,0.469,수정 권장,조사 오류: '토론토증권거래소을' → '토론토증권거래소를'; 동일 문장구조가 236회 반복,토론토증권거래소를 확인할 때 시장 상황과 거래 조건을 함께 살펴보세요.,최종 유지,해당 용어 후보 중 상대적으로 가장 자연스러운 대표 문장; 조사/문법을 자동수정안으로 교정; 반복 골격이지만 용어별 대표 1문장으로 제한,토론토증권거래소를 확인할 때 시장 상황과 거래 조건을 함께 살펴보세요.
KO-FIN-03771,943,자산운용·투자,,토빈의 분리정리,일반개념,고객,확인,토빈의 분리정리과 관련된 투자 정보를 확인하고 싶습니다.,용어기반,미흡,정확(문법 수정),높음,55,0.556,수정 권장,조사 오류: '토빈의 분리정리과' → '토빈의 분리정리와'; 유사 문장구조 반복(55회) 또는 동일 용어 내 유사도 높음,토빈의 분리정리와 관련된 투자 정보를 확인하고 싶습니다.,최종 유지,해당 용어 후보 중 상대적으로 가장 자연스러운 대표 문장; 조사/문법을 자동수정안으로 교정; 과도한 유사성 낮음,토빈의 분리정리와 관련된 투자 정보를 확인하고 싶습니다.
KO-FIN-03774,944,증권·예탁,,통일규격유가증권 관리현황보고서,일반개념,고객,확인,통일규격유가증권 관리현황보고서 처리 절차를 확인하고 싶습니다.,용어기반,보통,정확,매우 높음,241,0.757,수정 권장,동일 문장구조가 241회 반복,,최종 유지,해당 용어 후보 중 상대적으로 가장 자연스러운 대표 문장; 금융용어 사용 적절; 반복 골격이지만 용어별 대표 1문장으로 제한,통일규격유가증권 관리현황보고서 처리 절차를 확인하고 싶습니다.
KO-FIN-03777,945,증권·예탁,,통일규격유가증권,상품·증권,고객,질문,통일규격유가증권이 무엇인지 설명해 주세요.,용어기반,보통,정확,매우 높음,705,0.582,유지(대표 1개만),동일 문장구조가 705회 반복,,최종 유지,해당 용어 후보 중 상대적으로 가장 자연스러운 대표 문장; 금융용어 사용 적절; 반복 골격이지만 용어별 대표 1문장으로 제한,통일규격유가증권이 무엇인지 설명해 주세요.
KO-FIN-03781,946,증권·예탁,금융법규·감독,통일상사법,법규·제도,고객,질문,통일상사법이 무엇인지 설명해 주세요.,용어기반,보통,정확,매우 높음,705,0.531,유지(대표 1개만),동일 문장구조가 705회 반복,,최종 유지,해당 용어 후보 중 상대적으로 가장 자연스러운 대표 문장; 금융용어 사용 적절; 반복 골격이지만 용어별 대표 1문장으로 제한,통일상사법이 무엇인지 설명해 주세요.
KO-FIN-03786,947,금융시장·거래,증권·예탁,통정매매,행위·절차,고객,확인,통정매매과 관련된 시장 정보를 확인하고 싶습니다.,용어기반,미흡,정확(문법 수정),매우 높음,236,0.355,수정 권장,조사 오류: '통정매매과' → '통정매매와'; 동일 문장구조가 236회 반복,통정매매와 관련된 시장 정보를 확인하고 싶습니다.,최종 유지,해당 용어 후보 중 상대적으로 가장 자연스러운 대표 문장; 조사/문법을 자동수정안으로 교정; 반복 골격이지만 용어별 대표 1문장으로 제한,통정매매와 관련된 시장 정보를 확인하고 싶습니다.
KO-FIN-03791,948,지급결제·청산,,통합결제,행위·절차,고객,문제,통합결제 과정에서 문제가 발생한 것 같습니다.,용어기반,보통,정확,매우 높음,86,0.511,수정 권장,동일 문장구조가 86회 반복,,최종 유지,해당 용어 후보 중 상대적으로 가장 자연스러운 대표 문장; 금융용어 사용 적절; 과도한 유사성 낮음,통합결제 과정에서 문제가 발생한 것 같습니다.
KO-FIN-03793,949,지급결제·청산,,통합결제기구협의회,일반개념,고객,질문,통합결제기구협의회이 무엇인지 설명해 주세요.,용어기반,미흡,정확(문법 수정),매우 높음,705,0.596,수정 권장,조사 오류: '통합결제기구협의회이' → '통합결제기구협의회가'; 동일 문장구조가 705회 반복,통합결제기구협의회가 무엇인지 설명해 주세요.,최종 유지,해당 용어 후보 중 상대적으로 가장 자연스러운 대표 문장; 조사/문법을 자동수정안으로 교정; 반복 골격이지만 용어별 대표 1문장으로 제한,통합결제기구협의회가 무엇인지 설명해 주세요.
KO-FIN-03798,950,증권·예탁,,통합계좌,시스템·인프라,고객,확인,통합계좌 처리 절차를 확인하고 싶습니다.,용어기반,보통,정확,매우 높음,241,0.64,수정 권장,동일 문장구조가 241회 반복,,최종 유지,해당 용어 후보 중 상대적으로 가장 자연스러운 대표 문장; 금융용어 사용 적절; 반복 골격이지만 용어별 대표 1문장으로 제한,통합계좌 처리 절차를 확인하고 싶습니다.
KO-FIN-03801,951,파생상품,해외송금·외환 / 금융시장·거래,통화선물,상품·증권,고객,질문,통화선물이 무엇인지 쉽게 설명해 주세요.,용어기반,양호,정확,높음,53,0.356,유지(대표 1개만),유사 문장구조 반복(53회) 또는 동일 용어 내 유사도 높음,,최종 유지,실제 금융 문맥에서 자연스러움; 금융용어 사용 적절; 과도한 유사성 낮음,통화선물이 무엇인지 쉽게 설명해 주세요.
KO-FIN-03805,952,파생상품,해외송금·외환,통화선물옵션,상품·증권,고객,질문,통화선물옵션이 무엇인지 쉽게 설명해 주세요.,용어기반,양호,정확,높음,53,0.408,유지(대표 1개만),유사 문장구조 반복(53회) 또는 동일 용어 내 유사도 높음,,최종 유지,실제 금융 문맥에서 자연스러움; 금융용어 사용 적절; 과도한 유사성 낮음,통화선물옵션이 무엇인지 쉽게 설명해 주세요.
KO-FIN-03809,953,파생상품,해외송금·외환,통화스왑,상품·증권,고객,질문,통화스왑이 무엇인지 쉽게 설명해 주세요.,용어기반,양호,정확,높음,53,0.356,유지(대표 1개만),유사 문장구조 반복(53회) 또는 동일 용어 내 유사도 높음,,최종 유지,실제 금융 문맥에서 자연스러움; 금융용어 사용 적절; 과도한 유사성 낮음,통화스왑이 무엇인지 쉽게 설명해 주세요.
KO-FIN-03813,954,증권·예탁,,통화안정증권,상품·증권,고객,질문,통화안정증권이 무엇인지 설명해 주세요.,용어기반,보통,정확,매우 높음,705,0.549,유지(대표 1개만),동일 문장구조가 705회 반복,,최종 유지,해당 용어 후보 중 상대적으로 가장 자연스러운 대표 문장; 금융용어 사용 적절; 반복 골격이지만 용어별 대표 1문장으로 제한,통화안정증권이 무엇인지 설명해 주세요.
KO-FIN-03817,955,해외송금·외환,파생상품,통화옵션,상품·증권,고객,질문,통화옵션에 대해 자세히 알려주세요.,용어기반,양호,정확,높음,21,0.537,수정 권장,유사 문장구조 반복(21회) 또는 동일 용어 내 유사도 높음,,최종 유지,실제 금융 문맥에서 자연스러움; 금융용어 사용 적절; 과도한 유사성 낮음,통화옵션에 대해 자세히 알려주세요.
KO-FIN-03818,955,해외송금·외환,파생상품,통화옵션,상품·증권,고객,확인,통화옵션을 확인하고 싶습니다.,용어기반,양호,정확,높음,28,0.526,수정 권장,유사 문장구조 반복(28회) 또는 동일 용어 내 유사도 높음,,최종 유지,실제 금융 문맥에서 자연스러움; 금융용어 사용 적절; 과도한 유사성 낮음,통화옵션을 확인하고 싶습니다.
KO-FIN-03824,956,펀드·신탁,,통화지표,일반개념,금융기관,주의,통화지표은 운용 결과에 따라 원금 손실이 발생할 수 있습니다.,용어기반,미흡,정확(문법 수정),높음,52,0.516,수정 권장,조사 오류: '통화지표은' → '통화지표는'; 유사 문장구조 반복(52회) 또는 동일 용어 내 유사도 높음,통화지표는 운용 결과에 따라 원금 손실이 발생할 수 있습니다.,최종 유지,해당 용어 후보 중 상대적으로 가장 자연스러운 대표 문장; 조사/문법을 자동수정안으로 교정; 과도한 유사성 낮음,통화지표는 운용 결과에 따라 원금 손실이 발생할 수 있습니다.
KO-FIN-03827,957,펀드·신탁,자산운용·투자,통화채권투자신탁수익증권,상품·증권,고객,상담,통화채권투자신탁수익증권에 가입하기 전에 어떤 점을 확인해야 하나요?,용어기반,양호,정확,높음,52,0.594,수정 권장,유사 문장구조 반복(52회) 또는 동일 용어 내 유사도 높음,,최종 유지,실제 금융 문맥에서 자연스러움; 금융용어 사용 적절; 과도한 유사성 낮음,통화채권투자신탁수익증권에 가입하기 전에 어떤 점을 확인해야 하나요?
KO-FIN-03831,958,자산운용·투자,금융시장·거래,투자등록,행위·절차,고객,확인,투자등록과 관련된 투자 정보를 확인하고 싶습니다.,용어기반,양호,정확,높음,55,0.5,수정 권장,유사 문장구조 반복(55회) 또는 동일 용어 내 유사도 높음,,최종 유지,실제 금융 문맥에서 자연스러움; 금융용어 사용 적절; 과도한 유사성 낮음,투자등록과 관련된 투자 정보를 확인하고 싶습니다.
KO-FIN-03835,959,펀드·신탁,자산운용·투자,투자신탁,상품·증권,고객,상담,투자신탁에 가입하기 전에 어떤 점을 확인해야 하나요?,용어기반,양호,정확,높음,52,0.458,수정 권장,유사 문장구조 반복(52회) 또는 동일 용어 내 유사도 높음,,최종 유지,실제 금융 문맥에서 자연스러움; 금융용어 사용 적절; 과도한 유사성 낮음,투자신탁에 가입하기 전에 어떤 점을 확인해야 하나요?
KO-FIN-03838,960,펀드·신탁,자산운용·투자,투자신탁협회,기관·조직,고객,확인,투자신탁협회의 운용 방식과 수수료를 확인하고 싶습니다.,용어기반,양호,정확,높음,52,0.545,수정 권장,유사 문장구조 반복(52회) 또는 동일 용어 내 유사도 높음,,최종 유지,실제 금융 문맥에서 자연스러움; 금융용어 사용 적절; 과도한 유사성 낮음,투자신탁협회의 운용 방식과 수수료를 확인하고 싶습니다.
KO-FIN-03843,961,자산운용·투자,,투자자문업,일반개념,고객,확인,투자자문업과 관련된 투자 정보를 확인하고 싶습니다.,용어기반,양호,정확,높음,55,0.515,수정 권장,유사 문장구조 반복(55회) 또는 동일 용어 내 유사도 높음,,최종 유지,실제 금융 문맥에서 자연스러움; 금융용어 사용 적절; 과도한 유사성 낮음,투자자문업과 관련된 투자 정보를 확인하고 싶습니다.
KO-FIN-03847,962,주식,,특별결의,일반개념,고객,상담,특별결의과 관련해 투자 전에 확인해야 할 사항이 있나요?,용어기반,미흡,정확(문법 수정),매우 높음,183,0.493,수정 권장,조사 오류: '특별결의과' → '특별결의와'; 동일 문장구조가 183회 반복,특별결의와 관련해 투자 전에 확인해야 할 사항이 있나요?,최종 유지,해당 용어 후보 중 상대적으로 가장 자연스러운 대표 문장; 조사/문법을 자동수정안으로 교정; 반복 골격이지만 용어별 대표 1문장으로 제한,특별결의와 관련해 투자 전에 확인해야 할 사항이 있나요?
KO-FIN-03852,963,대출,,특별담보물,일반개념,은행,안내,특별담보물은 심사 결과에 따라 이용 가능 여부가 달라질 수 있습니다.,용어기반,양호,정확,높음,35,0.448,수정 권장,유사 문장구조 반복(35회) 또는 동일 용어 내 유사도 높음,,최종 유지,실제 금융 문맥에서 자연스러움; 금융용어 사용 적절; 과도한 유사성 낮음,특별담보물은 심사 결과에 따라 이용 가능 여부가 달라질 수 있습니다.
KO-FIN-03854,964,국제금융,,특별인출권,일반개념,고객,확인,특별인출권과 관련된 거래 조건을 확인하고 싶습니다.,용어기반,양호,정확,낮음,11,0.609,유지,실제 금융 문맥에서 자연스럽고 용어 사용도 적절함,,최종 유지,실제 금융 문맥에서 자연스러움; 금융용어 사용 적절; 과도한 유사성 낮음,특별인출권과 관련된 거래 조건을 확인하고 싶습니다.
KO-FIN-03856,964,국제금융,,특별인출권,일반개념,금융기관,안내,특별인출권과 관련된 거래에서는 국가별 규정과 통화를 함께 확인해야 합니다.,용어기반,양호,정확,낮음,11,0.609,유지,실제 금융 문맥에서 자연스럽고 용어 사용도 적절함,,최종 유지,실제 금융 문맥에서 자연스러움; 금융용어 사용 적절; 과도한 유사성 낮음,특별인출권과 관련된 거래에서는 국가별 규정과 통화를 함께 확인해야 합니다.
KO-FIN-03858,965,채권,금융기관·은행,특수채,일반개념,고객,확인,특수채의 조건과 수익 구조를 확인하고 싶습니다.,용어기반,보통,정확,매우 높음,115,0.385,수정 권장,동일 문장구조가 115회 반복,,최종 유지,해당 용어 후보 중 상대적으로 가장 자연스러운 대표 문장; 금융용어 사용 적절; 반복 골격이지만 용어별 대표 1문장으로 제한,특수채의 조건과 수익 구조를 확인하고 싶습니다.
KO-FIN-03861,966,파생상품,금융시장·거래,파생금융상품,일반개념,고객,질문,파생금융상품이 무엇인지 쉽게 설명해 주세요.,용어기반,양호,정확,높음,53,0.408,유지(대표 1개만),유사 문장구조 반복(53회) 또는 동일 용어 내 유사도 높음,,최종 유지,실제 금융 문맥에서 자연스러움; 금융용어 사용 적절; 과도한 유사성 낮음,파생금융상품이 무엇인지 쉽게 설명해 주세요.
KO-FIN-03866,967,예금상품,파생상품,파생적예금,상품·증권,고객,질문,파생적예금에 적용되는 금리는 어떻게 되나요?,용어기반,양호,정확,낮음,5,0.44,유지,실제 금융 문맥에서 자연스럽고 용어 사용도 적절함,,최종 유지,실제 금융 문맥에서 자연스러움; 금융용어 사용 적절; 과도한 유사성 낮음,파생적예금에 적용되는 금리는 어떻게 되나요?
KO-FIN-03869,968,증권·예탁,파생상품,파생증권,상품·증권,고객,질문,파생증권이 무엇인지 설명해 주세요.,용어기반,보통,정확,매우 높음,705,0.511,유지(대표 1개만),동일 문장구조가 705회 반복,,최종 유지,해당 용어 후보 중 상대적으로 가장 자연스러운 대표 문장; 금융용어 사용 적절; 반복 골격이지만 용어별 대표 1문장으로 제한,파생증권이 무엇인지 설명해 주세요.
KO-FIN-03875,969,파생상품,,파생통화,일반개념,고객,상담,파생통화 거래에는 어떤 위험이 있나요?,용어기반,양호,정확,높음,38,0.455,수정 권장,유사 문장구조 반복(38회) 또는 동일 용어 내 유사도 높음,,최종 유지,실제 금융 문맥에서 자연스러움; 금융용어 사용 적절; 과도한 유사성 낮음,파생통화 거래에는 어떤 위험이 있나요?
KO-FIN-03879,970,주식,,패리티,일반개념,고객,상담,패리티과 관련해 투자 전에 확인해야 할 사항이 있나요?,용어기반,미흡,정확(문법 수정),매우 높음,183,0.478,수정 권장,조사 오류: '패리티과' → '패리티와'; 동일 문장구조가 183회 반복,패리티와 관련해 투자 전에 확인해야 할 사항이 있나요?,최종 유지,해당 용어 후보 중 상대적으로 가장 자연스러운 대표 문장; 조사/문법을 자동수정안으로 교정; 반복 골격이지만 용어별 대표 1문장으로 제한,패리티와 관련해 투자 전에 확인해야 할 사항이 있나요?
KO-FIN-03882,971,금융시장·거래,,팩터,일반개념,고객,확인,팩터과 관련된 시장 정보를 확인하고 싶습니다.,용어기반,미흡,정확(문법 수정),매우 높음,236,0.31,수정 권장,조사 오류: '팩터과' → '팩터와'; 동일 문장구조가 236회 반복,팩터와 관련된 시장 정보를 확인하고 싶습니다.,최종 유지,해당 용어 후보 중 상대적으로 가장 자연스러운 대표 문장; 조사/문법을 자동수정안으로 교정; 반복 골격이지만 용어별 대표 1문장으로 제한,팩터와 관련된 시장 정보를 확인하고 싶습니다.
KO-FIN-03887,972,펀드·신탁,,퍼포먼스 펀드,상품·증권,고객,상담,퍼포먼스 펀드에 가입하기 전에 어떤 점을 확인해야 하나요?,용어기반,양호,정확,높음,52,0.519,수정 권장,유사 문장구조 반복(52회) 또는 동일 용어 내 유사도 높음,,최종 유지,실제 금융 문맥에서 자연스러움; 금융용어 사용 적절; 과도한 유사성 낮음,퍼포먼스 펀드에 가입하기 전에 어떤 점을 확인해야 하나요?
KO-FIN-03890,973,펀드·신탁,,펀드매니저,사람·역할,고객,확인,펀드매니저의 운용 방식과 수수료를 확인하고 싶습니다.,용어기반,양호,정확,높음,52,0.531,수정 권장,유사 문장구조 반복(52회) 또는 동일 용어 내 유사도 높음,,최종 유지,실제 금융 문맥에서 자연스러움; 금융용어 사용 적절; 과도한 유사성 낮음,펀드매니저의 운용 방식과 수수료를 확인하고 싶습니다.
KO-FIN-03893,974,금융시장·거래,,페니스탁,일반개념,고객,질문,페니스탁이 무엇을 의미하나요?,용어기반,보통,정확,매우 높음,303,0.595,유지(대표 1개만),동일 문장구조가 303회 반복,,최종 유지,해당 용어 후보 중 상대적으로 가장 자연스러운 대표 문장; 금융용어 사용 적절; 반복 골격이지만 용어별 대표 1문장으로 제한,페니스탁이 무엇을 의미하나요?
KO-FIN-03900,975,대출,,펠드스타인이론,상품·증권,은행,안내,펠드스타인이론은 심사 결과에 따라 이용 가능 여부가 달라질 수 있습니다.,용어기반,양호,정확,높음,35,0.484,수정 권장,유사 문장구조 반복(35회) 또는 동일 용어 내 유사도 높음,,최종 유지,실제 금융 문맥에서 자연스러움; 금융용어 사용 적절; 과도한 유사성 낮음,펠드스타인이론은 심사 결과에 따라 이용 가능 여부가 달라질 수 있습니다.
KO-FIN-03901,976,해외송금·외환,,평가절하,일반개념,고객,질문,평가절하에 대해 자세히 알려주세요.,용어기반,양호,정확,높음,21,0.537,수정 권장,유사 문장구조 반복(21회) 또는 동일 용어 내 유사도 높음,,최종 유지,실제 금융 문맥에서 자연스러움; 금융용어 사용 적절; 과도한 유사성 낮음,평가절하에 대해 자세히 알려주세요.
KO-FIN-03905,977,증권·예탁,,폐기증권,상품·증권,고객,질문,폐기증권이 무엇인지 설명해 주세요.,용어기반,보통,정확,매우 높음,705,0.511,유지(대표 1개만),동일 문장구조가 705회 반복,,최종 유지,해당 용어 후보 중 상대적으로 가장 자연스러운 대표 문장; 금융용어 사용 적절; 반복 골격이지만 용어별 대표 1문장으로 제한,폐기증권이 무엇인지 설명해 주세요.
KO-FIN-03910,978,채권,,폐쇄식 담보부사채,상품·증권,고객,확인,폐쇄식 담보부사채의 조건과 수익 구조를 확인하고 싶습니다.,용어기반,보통,정확,매우 높음,115,0.5,수정 권장,동일 문장구조가 115회 반복,,최종 유지,해당 용어 후보 중 상대적으로 가장 자연스러운 대표 문장; 금융용어 사용 적절; 반복 골격이지만 용어별 대표 1문장으로 제한,폐쇄식 담보부사채의 조건과 수익 구조를 확인하고 싶습니다.
KO-FIN-03915,979,펀드·신탁,자산운용·투자,폐쇄형 투자신탁,상품·증권,고객,상담,폐쇄형 투자신탁에 가입하기 전에 어떤 점을 확인해야 하나요?,용어기반,양호,정확,높음,52,0.536,수정 권장,유사 문장구조 반복(52회) 또는 동일 용어 내 유사도 높음,,최종 유지,실제 금융 문맥에서 자연스러움; 금융용어 사용 적절; 과도한 유사성 낮음,폐쇄형 투자신탁에 가입하기 전에 어떤 점을 확인해야 하나요?
KO-FIN-03920,980,회계·재무,,포괄주의,일반개념,금융기관,안내,포괄주의은 기준 시점과 작성 기준을 함께 확인해야 합니다.,용어기반,미흡,정확(문법 수정),낮음,16,0.345,수정 권장,조사 오류: '포괄주의은' → '포괄주의는',포괄주의는 기준 시점과 작성 기준을 함께 확인해야 합니다.,최종 유지,해당 용어 후보 중 상대적으로 가장 자연스러운 대표 문장; 조사/문법을 자동수정안으로 교정; 과도한 유사성 낮음,포괄주의는 기준 시점과 작성 기준을 함께 확인해야 합니다.
KO-FIN-03922,981,주식,,포괄증자,사람·역할,고객,확인,포괄증자과 관련된 정보를 확인하고 싶습니다.,용어기반,미흡,정확(문법 수정),매우 높음,183,0.516,수정 권장,조사 오류: '포괄증자과' → '포괄증자와'; 동일 문장구조가 183회 반복,포괄증자와 관련된 정보를 확인하고 싶습니다.,최종 유지,해당 용어 후보 중 상대적으로 가장 자연스러운 대표 문장; 조사/문법을 자동수정안으로 교정; 반복 골격이지만 용어별 대표 1문장으로 제한,포괄증자와 관련된 정보를 확인하고 싶습니다.
KO-FIN-03925,982,주식,,포뮬러 플랜,일반개념,고객,질문,포뮬러 플랜이 무엇인지 설명해 주세요.,용어기반,보통,정확,매우 높음,705,0.426,유지(대표 1개만),동일 문장구조가 705회 반복,,최종 유지,해당 용어 후보 중 상대적으로 가장 자연스러운 대표 문장; 금융용어 사용 적절; 반복 골격이지만 용어별 대표 1문장으로 제한,포뮬러 플랜이 무엇인지 설명해 주세요.
KO-FIN-03930,983,금융시장·거래,,포스트,일반개념,고객,확인,포스트과 관련된 시장 정보를 확인하고 싶습니다.,용어기반,미흡,정확(문법 수정),매우 높음,236,0.333,수정 권장,조사 오류: '포스트과' → '포스트와'; 동일 문장구조가 236회 반복,포스트와 관련된 시장 정보를 확인하고 싶습니다.,최종 유지,해당 용어 후보 중 상대적으로 가장 자연스러운 대표 문장; 조사/문법을 자동수정안으로 교정; 반복 골격이지만 용어별 대표 1문장으로 제한,포스트와 관련된 시장 정보를 확인하고 싶습니다.
KO-FIN-03935,984,자산운용·투자,,포트폴리오 관리,일반개념,고객,확인,포트폴리오 관리과 관련된 투자 정보를 확인하고 싶습니다.,용어기반,미흡,정확(문법 수정),높음,55,0.556,수정 권장,조사 오류: '포트폴리오 관리과' → '포트폴리오 관리와'; 유사 문장구조 반복(55회) 또는 동일 용어 내 유사도 높음,포트폴리오 관리와 관련된 투자 정보를 확인하고 싶습니다.,최종 유지,해당 용어 후보 중 상대적으로 가장 자연스러운 대표 문장; 조사/문법을 자동수정안으로 교정; 과도한 유사성 낮음,포트폴리오 관리와 관련된 투자 정보를 확인하고 싶습니다.
KO-FIN-03939,985,자산운용·투자,,포트폴리오 선택,일반개념,고객,확인,포트폴리오 선택과 관련된 투자 정보를 확인하고 싶습니다.,용어기반,양호,정확,높음,55,0.556,수정 권장,유사 문장구조 반복(55회) 또는 동일 용어 내 유사도 높음,,최종 유지,실제 금융 문맥에서 자연스러움; 금융용어 사용 적절; 과도한 유사성 낮음,포트폴리오 선택과 관련된 투자 정보를 확인하고 싶습니다.
KO-FIN-03943,986,자산운용·투자,,포트폴리오 인슈어런스,일반개념,고객,확인,포트폴리오 인슈어런스과 관련된 투자 정보를 확인하고 싶습니다.,용어기반,미흡,정확(문법 수정),높음,55,0.59,수정 권장,조사 오류: '포트폴리오 인슈어런스과' → '포트폴리오 인슈어런스와'; 유사 문장구조 반복(55회) 또는 동일 용어 내 유사도 높음,포트폴리오 인슈어런스와 관련된 투자 정보를 확인하고 싶습니다.,최종 유지,해당 용어 후보 중 상대적으로 가장 자연스러운 대표 문장; 조사/문법을 자동수정안으로 교정; 과도한 유사성 낮음,포트폴리오 인슈어런스와 관련된 투자 정보를 확인하고 싶습니다.
KO-FIN-03947,987,파생상품,,폭포효과,지표·개념,고객,상담,폭포효과 거래에는 어떤 위험이 있나요?,용어기반,양호,정확,높음,38,0.455,수정 권장,유사 문장구조 반복(38회) 또는 동일 용어 내 유사도 높음,,최종 유지,실제 금융 문맥에서 자연스러움; 금융용어 사용 적절; 과도한 유사성 낮음,폭포효과 거래에는 어떤 위험이 있나요?
KO-FIN-03949,988,채권,,표면이율,지표·개념,고객,질문,표면이율이 무엇인지 설명해 주세요.,용어기반,보통,정확,매우 높음,705,0.348,유지(대표 1개만),동일 문장구조가 705회 반복,,최종 유지,해당 용어 후보 중 상대적으로 가장 자연스러운 대표 문장; 금융용어 사용 적절; 반복 골격이지만 용어별 대표 1문장으로 제한,표면이율이 무엇인지 설명해 주세요.
KO-FIN-03955,989,주식,,풀서비스 브로커,일반개념,고객,상담,풀서비스 브로커과 관련해 투자 전에 확인해야 할 사항이 있나요?,용어기반,미흡,정확(문법 수정),매우 높음,183,0.545,수정 권장,조사 오류: '풀서비스 브로커과' → '풀서비스 브로커와'; 동일 문장구조가 183회 반복,풀서비스 브로커와 관련해 투자 전에 확인해야 할 사항이 있나요?,최종 유지,해당 용어 후보 중 상대적으로 가장 자연스러운 대표 문장; 조사/문법을 자동수정안으로 교정; 반복 골격이지만 용어별 대표 1문장으로 제한,풀서비스 브로커와 관련해 투자 전에 확인해야 할 사항이 있나요?
KO-FIN-03957,990,파생상품,법률·계약,풋 옵션,상품·증권,고객,질문,풋 옵션이 무엇인지 쉽게 설명해 주세요.,용어기반,양호,정확,높음,53,0.356,유지(대표 1개만),유사 문장구조 반복(53회) 또는 동일 용어 내 유사도 높음,,최종 유지,실제 금융 문맥에서 자연스러움; 금융용어 사용 적절; 과도한 유사성 낮음,풋 옵션이 무엇인지 쉽게 설명해 주세요.
KO-FIN-03963,991,자산운용·투자,,풋-콜 패리티,일반개념,고객,확인,풋-콜 패리티과 관련된 투자 정보를 확인하고 싶습니다.,용어기반,미흡,정확(문법 수정),높음,55,0.543,수정 권장,조사 오류: '풋-콜 패리티과' → '풋-콜 패리티와'; 유사 문장구조 반복(55회) 또는 동일 용어 내 유사도 높음,풋-콜 패리티와 관련된 투자 정보를 확인하고 싶습니다.,최종 유지,해당 용어 후보 중 상대적으로 가장 자연스러운 대표 문장; 조사/문법을 자동수정안으로 교정; 과도한 유사성 낮음,풋-콜 패리티와 관련된 투자 정보를 확인하고 싶습니다.
KO-FIN-03966,992,금융시장·거래,자산운용·투자,프로그램매매,행위·절차,고객,확인,프로그램매매과 관련된 시장 정보를 확인하고 싶습니다.,용어기반,미흡,정확(문법 수정),매우 높음,236,0.394,수정 권장,조사 오류: '프로그램매매과' → '프로그램매매와'; 동일 문장구조가 236회 반복,프로그램매매와 관련된 시장 정보를 확인하고 싶습니다.,최종 유지,해당 용어 후보 중 상대적으로 가장 자연스러운 대표 문장; 조사/문법을 자동수정안으로 교정; 반복 골격이지만 용어별 대표 1문장으로 제한,프로그램매매와 관련된 시장 정보를 확인하고 싶습니다.
KO-FIN-03970,993,채권,,플라워본드,상품·증권,고객,확인,플라워본드의 조건과 수익 구조를 확인하고 싶습니다.,용어기반,보통,정확,매우 높음,115,0.429,수정 권장,동일 문장구조가 115회 반복,,최종 유지,해당 용어 후보 중 상대적으로 가장 자연스러운 대표 문장; 금융용어 사용 적절; 반복 골격이지만 용어별 대표 1문장으로 제한,플라워본드의 조건과 수익 구조를 확인하고 싶습니다.
KO-FIN-03974,994,금융시장·거래,지급결제·청산,플로어 브로커,일반개념,고객,확인,플로어 브로커과 관련된 시장 정보를 확인하고 싶습니다.,용어기반,미흡,정확(문법 수정),매우 높음,236,0.412,수정 권장,조사 오류: '플로어 브로커과' → '플로어 브로커와'; 동일 문장구조가 236회 반복,플로어 브로커와 관련된 시장 정보를 확인하고 싶습니다.,최종 유지,해당 용어 후보 중 상대적으로 가장 자연스러운 대표 문장; 조사/문법을 자동수정안으로 교정; 반복 골격이지만 용어별 대표 1문장으로 제한,플로어 브로커와 관련된 시장 정보를 확인하고 싶습니다.
KO-FIN-03977,995,주식,,필터기법,법규·제도,고객,질문,필터기법이 무엇인지 설명해 주세요.,용어기반,보통,정확,매우 높음,705,0.372,유지(대표 1개만),동일 문장구조가 705회 반복,,최종 유지,해당 용어 후보 중 상대적으로 가장 자연스러운 대표 문장; 금융용어 사용 적절; 반복 골격이지만 용어별 대표 1문장으로 제한,필터기법이 무엇인지 설명해 주세요.
KO-FIN-03982,996,금융시장·거래,,핑크 쉬트,일반개념,고객,확인,핑크 쉬트과 관련된 시장 정보를 확인하고 싶습니다.,용어기반,미흡,정확(문법 수정),매우 높음,236,0.375,수정 권장,조사 오류: '핑크 쉬트과' → '핑크 쉬트와'; 동일 문장구조가 236회 반복,핑크 쉬트와 관련된 시장 정보를 확인하고 싶습니다.,최종 유지,해당 용어 후보 중 상대적으로 가장 자연스러운 대표 문장; 조사/문법을 자동수정안으로 교정; 반복 골격이지만 용어별 대표 1문장으로 제한,핑크 쉬트와 관련된 시장 정보를 확인하고 싶습니다.
KO-FIN-03988,997,금융시장·거래,파생상품,한국선물거래소,기관·조직,금융기관,안내,한국선물거래소을 확인할 때 시장 상황과 거래 조건을 함께 살펴보세요.,용어기반,미흡,정확(문법 수정),매우 높음,236,0.452,수정 권장,조사 오류: '한국선물거래소을' → '한국선물거래소를'; 동일 문장구조가 236회 반복,한국선물거래소를 확인할 때 시장 상황과 거래 조건을 함께 살펴보세요.,최종 유지,해당 용어 후보 중 상대적으로 가장 자연스러운 대표 문장; 조사/문법을 자동수정안으로 교정; 반복 골격이지만 용어별 대표 1문장으로 제한,한국선물거래소를 확인할 때 시장 상황과 거래 조건을 함께 살펴보세요.
KO-FIN-03991,998,파생상품,금융시장·거래,한국선물협회,기관·조직,고객,상담,한국선물협회 거래에는 어떤 위험이 있나요?,용어기반,양호,정확,높음,38,0.5,수정 권장,유사 문장구조 반복(38회) 또는 동일 용어 내 유사도 높음,,최종 유지,실제 금융 문맥에서 자연스러움; 금융용어 사용 적절; 과도한 유사성 낮음,한국선물협회 거래에는 어떤 위험이 있나요?
KO-FIN-03994,999,증권·예탁,금융시장·거래,한국예탁증서,일반개념,고객,확인,한국예탁증서 처리 절차를 확인하고 싶습니다.,용어기반,보통,정확,매우 높음,241,0.667,수정 권장,동일 문장구조가 241회 반복,,최종 유지,해당 용어 후보 중 상대적으로 가장 자연스러운 대표 문장; 금융용어 사용 적절; 반복 골격이지만 용어별 대표 1문장으로 제한,한국예탁증서 처리 절차를 확인하고 싶습니다.
KO-FIN-03998,1000,주식,해외송금·외환 / 금융시장·거래,한국자금중개주식회사,기관·조직,고객,확인,한국자금중개주식회사과 관련된 정보를 확인하고 싶습니다.,용어기반,미흡,정확(문법 수정),매우 높음,183,0.595,수정 권장,조사 오류: '한국자금중개주식회사과' → '한국자금중개주식회사와'; 동일 문장구조가 183회 반복,한국자금중개주식회사와 관련된 정보를 확인하고 싶습니다.,최종 유지,해당 용어 후보 중 상대적으로 가장 자연스러운 대표 문장; 조사/문법을 자동수정안으로 교정; 반복 골격이지만 용어별 대표 1문장으로 제한,한국자금중개주식회사와 관련된 정보를 확인하고 싶습니다.
KO-FIN-04002,1001,주식,부동산금융 / 자산운용·투자 / 금융기관·은행,한국주택저당금융주식회사,기관·조직,고객,확인,한국주택저당금융주식회사과 관련된 정보를 확인하고 싶습니다.,용어기반,미흡,정확(문법 수정),매우 높음,183,0.615,수정 권장,조사 오류: '한국주택저당금융주식회사과' → '한국주택저당금융주식회사와'; 동일 문장구조가 183회 반복,한국주택저당금융주식회사와 관련된 정보를 확인하고 싶습니다.,최종 유지,해당 용어 후보 중 상대적으로 가장 자연스러운 대표 문장; 조사/문법을 자동수정안으로 교정; 반복 골격이지만 용어별 대표 1문장으로 제한,한국주택저당금융주식회사와 관련된 정보를 확인하고 싶습니다.
KO-FIN-04006,1002,증권·예탁,금융시장·거래 / 주식 / 대출,한국증권금융주식회사,기관·조직,고객,확인,한국증권금융주식회사 처리 절차를 확인하고 싶습니다.,용어기반,보통,정확,매우 높음,241,0.71,수정 권장,동일 문장구조가 241회 반복,,최종 유지,해당 용어 후보 중 상대적으로 가장 자연스러운 대표 문장; 금융용어 사용 적절; 반복 골격이지만 용어별 대표 1문장으로 제한,한국증권금융주식회사 처리 절차를 확인하고 싶습니다.
KO-FIN-04010,1003,증권·예탁,주식 / 지급결제·청산 / 금융시장·거래,한국증권대체결제주식회사,기관·조직,고객,확인,한국증권대체결제주식회사 처리 절차를 확인하고 싶습니다.,용어기반,보통,정확,매우 높음,241,0.727,수정 권장,동일 문장구조가 241회 반복,,최종 유지,해당 용어 후보 중 상대적으로 가장 자연스러운 대표 문장; 금융용어 사용 적절; 반복 골격이지만 용어별 대표 1문장으로 제한,한국증권대체결제주식회사 처리 절차를 확인하고 싶습니다.
KO-FIN-04014,1004,증권·예탁,금융시장·거래,한국증권업협회,기관·조직,고객,확인,한국증권업협회 처리 절차를 확인하고 싶습니다.,용어기반,보통,정확,매우 높음,241,0.679,수정 권장,동일 문장구조가 241회 반복,,최종 유지,해당 용어 후보 중 상대적으로 가장 자연스러운 대표 문장; 금융용어 사용 적절; 반복 골격이지만 용어별 대표 1문장으로 제한,한국증권업협회 처리 절차를 확인하고 싶습니다.
KO-FIN-04017,1005,증권·예탁,,한국증권연구원,일반개념,고객,질문,한국증권연구원이 무엇인지 설명해 주세요.,용어기반,보통,정확,매우 높음,705,0.566,유지(대표 1개만),동일 문장구조가 705회 반복,,최종 유지,해당 용어 후보 중 상대적으로 가장 자연스러운 대표 문장; 금융용어 사용 적절; 반복 골격이지만 용어별 대표 1문장으로 제한,한국증권연구원이 무엇인지 설명해 주세요.
KO-FIN-04022,1006,증권·예탁,주식 / 금융시장·거래,한국증권전산주식회사,기관·조직,고객,확인,한국증권전산주식회사 처리 절차를 확인하고 싶습니다.,용어기반,보통,정확,매우 높음,241,0.71,수정 권장,동일 문장구조가 241회 반복,,최종 유지,해당 용어 후보 중 상대적으로 가장 자연스러운 대표 문장; 금융용어 사용 적절; 반복 골격이지만 용어별 대표 1문장으로 제한,한국증권전산주식회사 처리 절차를 확인하고 싶습니다.
KO-FIN-04026,1007,기업금융·자본조달,채권,할인발행,행위·절차,고객,상담,할인발행을 이용하려면 어떤 조건이 필요한가요?,용어기반,양호,정확,높음,25,0.318,수정 권장,유사 문장구조 반복(25회) 또는 동일 용어 내 유사도 높음,,최종 유지,실제 금융 문맥에서 자연스러움; 금융용어 사용 적절; 과도한 유사성 낮음,할인발행을 이용하려면 어떤 조건이 필요한가요?
KO-FIN-04027,1007,기업금융·자본조달,채권,할인발행,행위·절차,고객,확인,할인발행과 관련된 비용과 절차를 확인하고 싶습니다.,용어기반,양호,정확,높음,25,0.485,수정 권장,유사 문장구조 반복(25회) 또는 동일 용어 내 유사도 높음,,최종 유지,실제 금융 문맥에서 자연스러움; 금융용어 사용 적절; 과도한 유사성 낮음,할인발행과 관련된 비용과 절차를 확인하고 싶습니다.
KO-FIN-04030,1008,금융기관·은행,,할인상사,일반개념,고객,질문,할인상사에서 이용할 수 있는 금융업무는 무엇인가요?,용어기반,양호,정확,높음,40,0.406,수정 권장,유사 문장구조 반복(40회) 또는 동일 용어 내 유사도 높음,,최종 유지,실제 금융 문맥에서 자연스러움; 금융용어 사용 적절; 과도한 유사성 낮음,할인상사에서 이용할 수 있는 금융업무는 무엇인가요?
KO-FIN-04034,1009,금융기관·은행,,할인율,지표·개념,고객,질문,할인율에서 이용할 수 있는 금융업무는 무엇인가요?,용어기반,양호,정확,높음,40,0.387,수정 권장,유사 문장구조 반복(40회) 또는 동일 용어 내 유사도 높음,,최종 유지,실제 금융 문맥에서 자연스러움; 금융용어 사용 적절; 과도한 유사성 낮음,할인율에서 이용할 수 있는 금융업무는 무엇인가요?
KO-FIN-04038,1010,채권,,할인채,일반개념,고객,확인,할인채의 조건과 수익 구조를 확인하고 싶습니다.,용어기반,보통,정확,매우 높음,115,0.385,수정 권장,동일 문장구조가 115회 반복,,최종 유지,해당 용어 후보 중 상대적으로 가장 자연스러운 대표 문장; 금융용어 사용 적절; 반복 골격이지만 용어별 대표 1문장으로 제한,할인채의 조건과 수익 구조를 확인하고 싶습니다.
KO-FIN-04042,1011,기업금융·자본조달,주식,합병교부금,일반개념,고객,상담,합병교부금을 이용하려면 어떤 조건이 필요한가요?,용어기반,양호,정확,높음,25,0.348,수정 권장,유사 문장구조 반복(25회) 또는 동일 용어 내 유사도 높음,,최종 유지,실제 금융 문맥에서 자연스러움; 금융용어 사용 적절; 과도한 유사성 낮음,합병교부금을 이용하려면 어떤 조건이 필요한가요?
KO-FIN-04043,1011,기업금융·자본조달,주식,합병교부금,일반개념,고객,확인,합병교부금과 관련된 비용과 절차를 확인하고 싶습니다.,용어기반,양호,정확,높음,25,0.5,수정 권장,유사 문장구조 반복(25회) 또는 동일 용어 내 유사도 높음,,최종 유지,실제 금융 문맥에서 자연스러움; 금융용어 사용 적절; 과도한 유사성 낮음,합병교부금과 관련된 비용과 절차를 확인하고 싶습니다.
KO-FIN-04046,1012,기업금융·자본조달,주식,합병기일,일반개념,고객,상담,합병기일을 이용하려면 어떤 조건이 필요한가요?,용어기반,양호,정확,높음,25,0.318,수정 권장,유사 문장구조 반복(25회) 또는 동일 용어 내 유사도 높음,,최종 유지,실제 금융 문맥에서 자연스러움; 금융용어 사용 적절; 과도한 유사성 낮음,합병기일을 이용하려면 어떤 조건이 필요한가요?
KO-FIN-04047,1012,기업금융·자본조달,주식,합병기일,일반개념,고객,확인,합병기일과 관련된 비용과 절차를 확인하고 싶습니다.,용어기반,양호,정확,높음,25,0.485,수정 권장,유사 문장구조 반복(25회) 또는 동일 용어 내 유사도 높음,,최종 유지,실제 금융 문맥에서 자연스러움; 금융용어 사용 적절; 과도한 유사성 낮음,합병기일과 관련된 비용과 절차를 확인하고 싶습니다.
KO-FIN-04050,1013,기업금융·자본조달,주식,합병비율,지표·개념,고객,상담,합병비율을 이용하려면 어떤 조건이 필요한가요?,용어기반,양호,정확,높음,25,0.318,수정 권장,유사 문장구조 반복(25회) 또는 동일 용어 내 유사도 높음,,최종 유지,실제 금융 문맥에서 자연스러움; 금융용어 사용 적절; 과도한 유사성 낮음,합병비율을 이용하려면 어떤 조건이 필요한가요?
KO-FIN-04051,1013,기업금융·자본조달,주식,합병비율,지표·개념,고객,확인,합병비율과 관련된 비용과 절차를 확인하고 싶습니다.,용어기반,양호,정확,높음,25,0.485,수정 권장,유사 문장구조 반복(25회) 또는 동일 용어 내 유사도 높음,,최종 유지,실제 금융 문맥에서 자연스러움; 금융용어 사용 적절; 과도한 유사성 낮음,합병비율과 관련된 비용과 절차를 확인하고 싶습니다.
KO-FIN-04054,1014,기업금융·자본조달,,합병차익,일반개념,고객,상담,합병차익을 이용하려면 어떤 조건이 필요한가요?,용어기반,양호,정확,높음,25,0.318,수정 권장,유사 문장구조 반복(25회) 또는 동일 용어 내 유사도 높음,,최종 유지,실제 금융 문맥에서 자연스러움; 금융용어 사용 적절; 과도한 유사성 낮음,합병차익을 이용하려면 어떤 조건이 필요한가요?
KO-FIN-04055,1014,기업금융·자본조달,,합병차익,일반개념,고객,확인,합병차익과 관련된 비용과 절차를 확인하고 싶습니다.,용어기반,양호,정확,높음,25,0.485,수정 권장,유사 문장구조 반복(25회) 또는 동일 용어 내 유사도 높음,,최종 유지,실제 금융 문맥에서 자연스러움; 금융용어 사용 적절; 과도한 유사성 낮음,합병차익과 관련된 비용과 절차를 확인하고 싶습니다.
KO-FIN-04058,1015,주식,,합산주주,사람·역할,고객,확인,합산주주과 관련된 정보를 확인하고 싶습니다.,용어기반,미흡,정확(문법 수정),매우 높음,183,0.516,수정 권장,조사 오류: '합산주주과' → '합산주주와'; 동일 문장구조가 183회 반복,합산주주와 관련된 정보를 확인하고 싶습니다.,최종 유지,해당 용어 후보 중 상대적으로 가장 자연스러운 대표 문장; 조사/문법을 자동수정안으로 교정; 반복 골격이지만 용어별 대표 1문장으로 제한,합산주주와 관련된 정보를 확인하고 싶습니다.
KO-FIN-04064,1016,기타 금융일반,,합유,일반개념,금융기관,안내,합유의 정확한 의미는 해당 금융거래의 맥락과 함께 확인해야 합니다.,용어기반,양호,정확,높음,21,0.373,수정 권장,유사 문장구조 반복(21회) 또는 동일 용어 내 유사도 높음,,최종 유지,실제 금융 문맥에서 자연스러움; 금융용어 사용 적절; 과도한 유사성 낮음,합유의 정확한 의미는 해당 금융거래의 맥락과 함께 확인해야 합니다.
KO-FIN-04065,1017,해외송금·외환,,핫머니,일반개념,고객,질문,핫머니에 대해 자세히 알려주세요.,용어기반,양호,정확,높음,21,0.513,수정 권장,유사 문장구조 반복(21회) 또는 동일 용어 내 유사도 높음,,최종 유지,실제 금융 문맥에서 자연스러움; 금융용어 사용 적절; 과도한 유사성 낮음,핫머니에 대해 자세히 알려주세요.
KO-FIN-04070,1018,금융공학·분석,주식 / 자산운용·투자,항상성장모형,일반개념,고객,질문,항상성장모형은 금융상품을 분석할 때 어떻게 사용되나요?,용어기반,양호,정확,낮음,15,0.444,유지,실제 금융 문맥에서 자연스럽고 용어 사용도 적절함,,최종 유지,실제 금융 문맥에서 자연스러움; 금융용어 사용 적절; 과도한 유사성 낮음,항상성장모형은 금융상품을 분석할 때 어떻게 사용되나요?
KO-FIN-04072,1018,금융공학·분석,주식 / 자산운용·투자,항상성장모형,일반개념,금융기관,안내,항상성장모형의 결과는 사용한 가정과 시장 데이터에 따라 달라질 수 있습니다.,용어기반,양호,정확,낮음,15,0.333,유지,실제 금융 문맥에서 자연스럽고 용어 사용도 적절함,,최종 유지,실제 금융 문맥에서 자연스러움; 금융용어 사용 적절; 과도한 유사성 낮음,항상성장모형의 결과는 사용한 가정과 시장 데이터에 따라 달라질 수 있습니다.
KO-FIN-04073,1019,증권·예탁,주식,해외증권 관련주식,상품·증권,고객,질문,해외증권 관련주식이 무엇인지 설명해 주세요.,용어기반,보통,정확,매우 높음,705,0.596,유지(대표 1개만),동일 문장구조가 705회 반복,,최종 유지,해당 용어 후보 중 상대적으로 가장 자연스러운 대표 문장; 금융용어 사용 적절; 반복 골격이지만 용어별 대표 1문장으로 제한,해외증권 관련주식이 무엇인지 설명해 주세요.
KO-FIN-04077,1020,증권·예탁,,해외증권,상품·증권,고객,질문,해외증권이 무엇인지 설명해 주세요.,용어기반,보통,정확,매우 높음,705,0.511,유지(대표 1개만),동일 문장구조가 705회 반복,,최종 유지,해당 용어 후보 중 상대적으로 가장 자연스러운 대표 문장; 금융용어 사용 적절; 반복 골격이지만 용어별 대표 1문장으로 제한,해외증권이 무엇인지 설명해 주세요.
KO-FIN-04083,1021,펀드·신탁,파생상품,헤지펀드,상품·증권,고객,상담,헤지펀드에 가입하기 전에 어떤 점을 확인해야 하나요?,용어기반,양호,정확,높음,52,0.458,수정 권장,유사 문장구조 반복(52회) 또는 동일 용어 내 유사도 높음,,최종 유지,실제 금융 문맥에서 자연스러움; 금융용어 사용 적절; 과도한 유사성 낮음,헤지펀드에 가입하기 전에 어떤 점을 확인해야 하나요?
KO-FIN-04085,1022,금융시장·거래,,헤징,일반개념,고객,질문,헤징이 무엇을 의미하나요?,용어기반,보통,정확,매우 높음,303,0.545,유지(대표 1개만),동일 문장구조가 303회 반복,,최종 유지,해당 용어 후보 중 상대적으로 가장 자연스러운 대표 문장; 금융용어 사용 적절; 반복 골격이지만 용어별 대표 1문장으로 제한,헤징이 무엇을 의미하나요?
KO-FIN-04091,1023,지급결제·청산,,현금관리계좌,시스템·인프라,고객,문제,현금관리계좌 과정에서 문제가 발생한 것 같습니다.,용어기반,보통,정확,매우 높음,86,0.549,수정 권장,동일 문장구조가 86회 반복,,최종 유지,해당 용어 후보 중 상대적으로 가장 자연스러운 대표 문장; 금융용어 사용 적절; 과도한 유사성 낮음,현금관리계좌 과정에서 문제가 발생한 것 같습니다.
KO-FIN-04094,1024,채권,,현물채,일반개념,고객,확인,현물채의 조건과 수익 구조를 확인하고 싶습니다.,용어기반,보통,정확,매우 높음,115,0.385,수정 권장,동일 문장구조가 115회 반복,,최종 유지,해당 용어 후보 중 상대적으로 가장 자연스러운 대표 문장; 금융용어 사용 적절; 반복 골격이지만 용어별 대표 1문장으로 제한,현물채의 조건과 수익 구조를 확인하고 싶습니다.
KO-FIN-04098,1025,주식,,현물출자,사람·역할,고객,확인,현물출자과 관련된 정보를 확인하고 싶습니다.,용어기반,미흡,정확(문법 수정),매우 높음,183,0.516,수정 권장,조사 오류: '현물출자과' → '현물출자와'; 동일 문장구조가 183회 반복,현물출자와 관련된 정보를 확인하고 싶습니다.,최종 유지,해당 용어 후보 중 상대적으로 가장 자연스러운 대표 문장; 조사/문법을 자동수정안으로 교정; 반복 골격이지만 용어별 대표 1문장으로 제한,현물출자와 관련된 정보를 확인하고 싶습니다.
KO-FIN-04101,1026,해외송금·외환,금융시장·거래,현물환거래,행위·절차,고객,질문,현물환거래에 대해 자세히 알려주세요.,용어기반,양호,정확,높음,21,0.558,수정 권장,유사 문장구조 반복(21회) 또는 동일 용어 내 유사도 높음,,최종 유지,실제 금융 문맥에서 자연스러움; 금융용어 사용 적절; 과도한 유사성 낮음,현물환거래에 대해 자세히 알려주세요.
KO-FIN-04106,1027,금융시장·거래,증권·예탁,현선매매,행위·절차,고객,확인,현선매매과 관련된 시장 정보를 확인하고 싶습니다.,용어기반,미흡,정확(문법 수정),매우 높음,236,0.355,수정 권장,조사 오류: '현선매매과' → '현선매매와'; 동일 문장구조가 236회 반복,현선매매와 관련된 시장 정보를 확인하고 싶습니다.,최종 유지,해당 용어 후보 중 상대적으로 가장 자연스러운 대표 문장; 조사/문법을 자동수정안으로 교정; 반복 골격이지만 용어별 대표 1문장으로 제한,현선매매와 관련된 시장 정보를 확인하고 싶습니다.
KO-FIN-04109,1028,법률·계약,증권·예탁,현지대리인,사람·역할,고객,질문,현지대리인이 금융거래에서 무엇을 의미하나요?,용어기반,양호,정확,높음,36,0.48,유지(대표 1개만),유사 문장구조 반복(36회) 또는 동일 용어 내 유사도 높음,,최종 유지,실제 금융 문맥에서 자연스러움; 금융용어 사용 적절; 과도한 유사성 낮음,현지대리인이 금융거래에서 무엇을 의미하나요?
KO-FIN-04113,1029,증권·예탁,자산운용·투자,현지보관기관,기관·조직,고객,질문,현지보관기관이 무엇인지 설명해 주세요.,용어기반,보통,정확,매우 높음,705,0.549,유지(대표 1개만),동일 문장구조가 705회 반복,,최종 유지,해당 용어 후보 중 상대적으로 가장 자연스러운 대표 문장; 금융용어 사용 적절; 반복 골격이지만 용어별 대표 1문장으로 제한,현지보관기관이 무엇인지 설명해 주세요.
KO-FIN-04117,1030,금융시장·거래,,호가구동시장,시스템·인프라,고객,질문,호가구동시장이 무엇을 의미하나요?,용어기반,보통,정확,매우 높음,303,0.634,유지(대표 1개만),동일 문장구조가 303회 반복,,최종 유지,해당 용어 후보 중 상대적으로 가장 자연스러운 대표 문장; 금융용어 사용 적절; 반복 골격이지만 용어별 대표 1문장으로 제한,호가구동시장이 무엇을 의미하나요?
KO-FIN-04121,1031,금융시장·거래,,호가전예납,일반개념,고객,질문,호가전예납이 무엇을 의미하나요?,용어기반,보통,정확,매우 높음,303,0.615,유지(대표 1개만),동일 문장구조가 303회 반복,,최종 유지,해당 용어 후보 중 상대적으로 가장 자연스러운 대표 문장; 금융용어 사용 적절; 반복 골격이지만 용어별 대표 1문장으로 제한,호가전예납이 무엇을 의미하나요?
KO-FIN-04125,1032,증권·예탁,,혼합보관,일반개념,고객,질문,혼합보관이 무엇인지 설명해 주세요.,용어기반,보통,정확,매우 높음,705,0.511,유지(대표 1개만),동일 문장구조가 705회 반복,,최종 유지,해당 용어 후보 중 상대적으로 가장 자연스러운 대표 문장; 금융용어 사용 적절; 반복 골격이지만 용어별 대표 1문장으로 제한,혼합보관이 무엇인지 설명해 주세요.
KO-FIN-04131,1033,주식,,혼합주,일반개념,고객,상담,혼합주과 관련해 투자 전에 확인해야 할 사항이 있나요?,용어기반,미흡,정확(문법 수정),매우 높음,183,0.478,수정 권장,조사 오류: '혼합주과' → '혼합주와'; 동일 문장구조가 183회 반복,혼합주와 관련해 투자 전에 확인해야 할 사항이 있나요?,최종 유지,해당 용어 후보 중 상대적으로 가장 자연스러운 대표 문장; 조사/문법을 자동수정안으로 교정; 반복 골격이지만 용어별 대표 1문장으로 제한,혼합주와 관련해 투자 전에 확인해야 할 사항이 있나요?
KO-FIN-04133,1034,증권·예탁,,확정금리부증권,상품·증권,고객,질문,확정금리부증권이 무엇인지 설명해 주세요.,용어기반,보통,정확,매우 높음,705,0.566,유지(대표 1개만),동일 문장구조가 705회 반복,,최종 유지,해당 용어 후보 중 상대적으로 가장 자연스러운 대표 문장; 금융용어 사용 적절; 반복 골격이지만 용어별 대표 1문장으로 제한,확정금리부증권이 무엇인지 설명해 주세요.
KO-FIN-04137,1035,해외송금·외환,,환 포지션,지표·개념,고객,질문,환 포지션에 대해 자세히 알려주세요.,용어기반,양호,정확,높음,21,0.558,수정 권장,유사 문장구조 반복(21회) 또는 동일 용어 내 유사도 높음,,최종 유지,실제 금융 문맥에서 자연스러움; 금융용어 사용 적절; 과도한 유사성 낮음,환 포지션에 대해 자세히 알려주세요.
KO-FIN-04138,1035,해외송금·외환,,환 포지션,지표·개념,고객,확인,환 포지션을 확인하고 싶습니다.,용어기반,양호,정확,높음,28,0.55,수정 권장,유사 문장구조 반복(28회) 또는 동일 용어 내 유사도 높음,,최종 유지,실제 금융 문맥에서 자연스러움; 금융용어 사용 적절; 과도한 유사성 낮음,환 포지션을 확인하고 싶습니다.
KO-FIN-04141,1036,해외송금·외환,,환노출,지표·개념,고객,질문,환노출에 대해 자세히 알려주세요.,용어기반,양호,정확,높음,21,0.513,수정 권장,유사 문장구조 반복(21회) 또는 동일 용어 내 유사도 높음,,최종 유지,실제 금융 문맥에서 자연스러움; 금융용어 사용 적절; 과도한 유사성 낮음,환노출에 대해 자세히 알려주세요.
KO-FIN-04142,1036,해외송금·외환,,환노출,지표·개념,고객,확인,환노출을 확인하고 싶습니다.,용어기반,양호,정확,높음,28,0.5,수정 권장,유사 문장구조 반복(28회) 또는 동일 용어 내 유사도 높음,,최종 유지,실제 금융 문맥에서 자연스러움; 금융용어 사용 적절; 과도한 유사성 낮음,환노출을 확인하고 싶습니다.
KO-FIN-04145,1037,해외송금·외환,신용·리스크,환리스크,지표·개념,고객,질문,환리스크에 대해 자세히 알려주세요.,용어기반,양호,정확,높음,21,0.537,수정 권장,유사 문장구조 반복(21회) 또는 동일 용어 내 유사도 높음,,최종 유지,실제 금융 문맥에서 자연스러움; 금융용어 사용 적절; 과도한 유사성 낮음,환리스크에 대해 자세히 알려주세요.
KO-FIN-04149,1038,지급결제·청산,,환어음,상품·증권,고객,질문,환어음이 무엇인지 설명해 주세요.,용어기반,보통,정확,매우 높음,705,0.489,유지(대표 1개만),동일 문장구조가 705회 반복,,최종 유지,해당 용어 후보 중 상대적으로 가장 자연스러운 대표 문장; 금융용어 사용 적절; 반복 골격이지만 용어별 대표 1문장으로 제한,환어음이 무엇인지 설명해 주세요.
KO-FIN-04153,1039,증권·예탁,법률·계약,환취권,일반개념,고객,질문,환취권이 무엇인지 설명해 주세요.,용어기반,보통,정확,매우 높음,705,0.489,유지(대표 1개만),동일 문장구조가 705회 반복,,최종 유지,해당 용어 후보 중 상대적으로 가장 자연스러운 대표 문장; 금융용어 사용 적절; 반복 골격이지만 용어별 대표 1문장으로 제한,환취권이 무엇인지 설명해 주세요.
KO-FIN-04157,1040,금융법규·감독,,회사분할,일반개념,고객,질문,회사분할이 금융거래에 어떻게 적용되나요?,용어기반,양호,정확,낮음,15,0.36,유지,실제 금융 문맥에서 자연스럽고 용어 사용도 적절함,,최종 유지,실제 금융 문맥에서 자연스러움; 금융용어 사용 적절; 과도한 유사성 낮음,회사분할이 금융거래에 어떻게 적용되나요?
KO-FIN-04159,1040,금융법규·감독,,회사분할,일반개념,고객,상담,회사분할 때문에 추가로 확인해야 할 사항이 있나요?,용어기반,양호,정확,낮음,15,0.44,유지,실제 금융 문맥에서 자연스럽고 용어 사용도 적절함,,최종 유지,실제 금융 문맥에서 자연스러움; 금융용어 사용 적절; 과도한 유사성 낮음,회사분할 때문에 추가로 확인해야 할 사항이 있나요?
KO-FIN-04161,1041,주식,,회사정리법,법규·제도,고객,질문,회사정리법이 무엇인지 설명해 주세요.,용어기반,보통,정확,매우 높음,705,0.4,유지(대표 1개만),동일 문장구조가 705회 반복,,최종 유지,해당 용어 후보 중 상대적으로 가장 자연스러운 대표 문장; 금융용어 사용 적절; 반복 골격이지만 용어별 대표 1문장으로 제한,회사정리법이 무엇인지 설명해 주세요.
KO-FIN-04166,1042,채권,,회사채,상품·증권,고객,확인,회사채의 조건과 수익 구조를 확인하고 싶습니다.,용어기반,보통,정확,매우 높음,115,0.385,수정 권장,동일 문장구조가 115회 반복,,최종 유지,해당 용어 후보 중 상대적으로 가장 자연스러운 대표 문장; 금융용어 사용 적절; 반복 골격이지만 용어별 대표 1문장으로 제한,회사채의 조건과 수익 구조를 확인하고 싶습니다.
KO-FIN-04171,1043,펀드·신탁,자산운용·투자,회사형 투자신탁,상품·증권,고객,상담,회사형 투자신탁에 가입하기 전에 어떤 점을 확인해야 하나요?,용어기반,양호,정확,높음,52,0.536,수정 권장,유사 문장구조 반복(52회) 또는 동일 용어 내 유사도 높음,,최종 유지,실제 금융 문맥에서 자연스러움; 금융용어 사용 적절; 과도한 유사성 낮음,회사형 투자신탁에 가입하기 전에 어떤 점을 확인해야 하나요?
KO-FIN-04174,1044,증권·예탁,금융시장·거래,회원증권회사,기관·조직,고객,확인,회원증권회사 처리 절차를 확인하고 싶습니다.,용어기반,보통,정확,매우 높음,241,0.667,수정 권장,동일 문장구조가 241회 반복,,최종 유지,해당 용어 후보 중 상대적으로 가장 자연스러운 대표 문장; 금융용어 사용 적절; 반복 골격이지만 용어별 대표 1문장으로 제한,회원증권회사 처리 절차를 확인하고 싶습니다.
KO-FIN-04179,1045,주식,,후배주,일반개념,고객,상담,후배주과 관련해 투자 전에 확인해야 할 사항이 있나요?,용어기반,미흡,정확(문법 수정),매우 높음,183,0.478,수정 권장,조사 오류: '후배주과' → '후배주와'; 동일 문장구조가 183회 반복,후배주와 관련해 투자 전에 확인해야 할 사항이 있나요?,최종 유지,해당 용어 후보 중 상대적으로 가장 자연스러운 대표 문장; 조사/문법을 자동수정안으로 교정; 반복 골격이지만 용어별 대표 1문장으로 제한,후배주와 관련해 투자 전에 확인해야 할 사항이 있나요?
KO-FIN-04182,1046,채권,,후순위채,일반개념,고객,확인,후순위채의 조건과 수익 구조를 확인하고 싶습니다.,용어기반,보통,정확,매우 높음,115,0.407,수정 권장,동일 문장구조가 115회 반복,,최종 유지,해당 용어 후보 중 상대적으로 가장 자연스러운 대표 문장; 금융용어 사용 적절; 반복 골격이지만 용어별 대표 1문장으로 제한,후순위채의 조건과 수익 구조를 확인하고 싶습니다.
KO-FIN-04185,1047,채권,,ABMF,일반개념,고객,질문,ABMF이 무엇인지 설명해 주세요.,용어기반,보통,정확,매우 높음,705,0.348,유지(대표 1개만),동일 문장구조가 705회 반복,,최종 유지,해당 용어 후보 중 상대적으로 가장 자연스러운 대표 문장; 금융용어 사용 적절; 반복 골격이지만 용어별 대표 1문장으로 제한,ABMF이 무엇인지 설명해 주세요.
KO-FIN-04189,1048,채권,,ABMI,일반개념,고객,질문,ABMI이 무엇인지 설명해 주세요.,용어기반,보통,정확,매우 높음,705,0.348,유지(대표 1개만),동일 문장구조가 705회 반복,,최종 유지,해당 용어 후보 중 상대적으로 가장 자연스러운 대표 문장; 금융용어 사용 적절; 반복 골격이지만 용어별 대표 1문장으로 제한,ABMI이 무엇인지 설명해 주세요.
KO-FIN-04193,1049,증권·예탁,,ACG,일반개념,고객,질문,ACG이 무엇인지 설명해 주세요.,용어기반,보통,정확,매우 높음,705,0.489,유지(대표 1개만),동일 문장구조가 705회 반복,,최종 유지,해당 용어 후보 중 상대적으로 가장 자연스러운 대표 문장; 금융용어 사용 적절; 반복 골격이지만 용어별 대표 1문장으로 제한,ACG이 무엇인지 설명해 주세요.
KO-FIN-04197,1050,증권·예탁,,AECSD,일반개념,고객,질문,AECSD이 무엇인지 설명해 주세요.,용어기반,보통,정확,매우 높음,705,0.531,유지(대표 1개만),동일 문장구조가 705회 반복,,최종 유지,해당 용어 후보 중 상대적으로 가장 자연스러운 대표 문장; 금융용어 사용 적절; 반복 골격이지만 용어별 대표 1문장으로 제한,AECSD이 무엇인지 설명해 주세요.
KO-FIN-04201,1051,금융시장·거래,,Affirmation,일반개념,고객,질문,Affirmation이 무엇을 의미하나요?,용어기반,보통,정확,매우 높음,303,0.706,유지(대표 1개만),동일 문장구조가 303회 반복,,최종 유지,해당 용어 후보 중 상대적으로 가장 자연스러운 대표 문장; 금융용어 사용 적절; 반복 골격이지만 용어별 대표 1문장으로 제한,Affirmation이 무엇을 의미하나요?
KO-FIN-04206,1052,기타 금융일반,,ANNA,일반개념,고객,질문,ANNA은 어떤 금융 상황에서 사용되나요?,용어기반,양호,정확,높음,21,0.489,수정 권장,유사 문장구조 반복(21회) 또는 동일 용어 내 유사도 높음,,최종 유지,실제 금융 문맥에서 자연스러움; 금융용어 사용 적절; 과도한 유사성 낮음,ANNA은 어떤 금융 상황에서 사용되나요?
KO-FIN-04208,1052,기타 금융일반,,ANNA,일반개념,금융기관,안내,ANNA의 정확한 의미는 해당 금융거래의 맥락과 함께 확인해야 합니다.,용어기반,양호,정확,높음,21,0.448,수정 권장,유사 문장구조 반복(21회) 또는 동일 용어 내 유사도 높음,,최종 유지,실제 금융 문맥에서 자연스러움; 금융용어 사용 적절; 과도한 유사성 낮음,ANNA의 정확한 의미는 해당 금융거래의 맥락과 함께 확인해야 합니다.
KO-FIN-04213,1054,금융시장·거래,,ASIFMA,일반개념,고객,질문,ASIFMA이 무엇을 의미하나요?,용어기반,보통,정확,매우 높음,303,0.634,유지(대표 1개만),동일 문장구조가 303회 반복,,최종 유지,해당 용어 후보 중 상대적으로 가장 자연스러운 대표 문장; 금융용어 사용 적절; 반복 골격이지만 용어별 대표 1문장으로 제한,ASIFMA이 무엇을 의미하나요?
KO-FIN-04221,1056,금융시장·거래,,ATS,일반개념,고객,질문,ATS이 무엇을 의미하나요?,용어기반,보통,정확,매우 높음,303,0.571,유지(대표 1개만),동일 문장구조가 303회 반복,,최종 유지,해당 용어 후보 중 상대적으로 가장 자연스러운 대표 문장; 금융용어 사용 적절; 반복 골격이지만 용어별 대표 1문장으로 제한,ATS이 무엇을 의미하나요?
KO-FIN-04225,1057,지급결제·청산,금융시장·거래,AUSTRACLEAR,일반개념,고객,질문,AUSTRACLEAR이 무엇인지 설명해 주세요.,용어기반,보통,정확,매우 높음,705,0.623,유지(대표 1개만),동일 문장구조가 705회 반복,,최종 유지,해당 용어 후보 중 상대적으로 가장 자연스러운 대표 문장; 금융용어 사용 적절; 반복 골격이지만 용어별 대표 1문장으로 제한,AUSTRACLEAR이 무엇인지 설명해 주세요.
KO-FIN-04229,1058,금융시장·거래,,BA,일반개념,고객,질문,BA이 무엇을 의미하나요?,용어기반,보통,정확,매우 높음,303,0.545,유지(대표 1개만),동일 문장구조가 303회 반복,,최종 유지,해당 용어 후보 중 상대적으로 가장 자연스러운 대표 문장; 금융용어 사용 적절; 반복 골격이지만 용어별 대표 1문장으로 제한,BA이 무엇을 의미하나요?
KO-FIN-04233,1059,지급결제·청산,증권·예탁,Bachmann Report,일반개념,고객,질문,Bachmann Report이 무엇인지 설명해 주세요.,용어기반,보통,정확,매우 높음,705,0.667,유지(대표 1개만),동일 문장구조가 705회 반복,,최종 유지,해당 용어 후보 중 상대적으로 가장 자연스러운 대표 문장; 금융용어 사용 적절; 반복 골격이지만 용어별 대표 1문장으로 제한,Bachmann Report이 무엇인지 설명해 주세요.
KO-FIN-04237,1060,금융시장·거래,증권·예탁,back office,일반개념,고객,질문,back office이 무엇을 의미하나요?,용어기반,보통,정확,매우 높음,303,0.706,유지(대표 1개만),동일 문장구조가 303회 반복,,최종 유지,해당 용어 후보 중 상대적으로 가장 자연스러운 대표 문장; 금융용어 사용 적절; 반복 골격이지만 용어별 대표 1문장으로 제한,back office이 무엇을 의미하나요?
KO-FIN-04243,1061,경제·거시금융,,backwardation,일반개념,고객,확인,최근 backwardation의 변화를 확인하고 싶습니다.,용어기반,양호,정확,낮음,8,0.583,유지,실제 금융 문맥에서 자연스럽고 용어 사용도 적절함,,최종 유지,실제 금융 문맥에서 자연스러움; 금융용어 사용 적절; 과도한 유사성 낮음,최근 backwardation의 변화를 확인하고 싶습니다.
KO-FIN-04244,1061,경제·거시금융,,backwardation,일반개념,금융기관,안내,backwardation은 다른 경제지표와 함께 해석하는 것이 좋습니다.,용어기반,양호,정확,낮음,8,0.556,유지,실제 금융 문맥에서 자연스럽고 용어 사용도 적절함,,최종 유지,실제 금융 문맥에서 자연스러움; 금융용어 사용 적절; 과도한 유사성 낮음,backwardation은 다른 경제지표와 함께 해석하는 것이 좋습니다.
KO-FIN-04245,1062,증권·예탁,,bad delivery,일반개념,고객,질문,bad delivery이 무엇인지 설명해 주세요.,용어기반,보통,정확,매우 높음,705,0.635,유지(대표 1개만),동일 문장구조가 705회 반복,,최종 유지,해당 용어 후보 중 상대적으로 가장 자연스러운 대표 문장; 금융용어 사용 적절; 반복 골격이지만 용어별 대표 1문장으로 제한,bad delivery이 무엇인지 설명해 주세요.
KO-FIN-04252,1063,금융기관·은행,,bancassurance,일반개념,금융기관,안내,bancassurance과 관련된 세부 업무는 해당 기관의 안내를 확인해 주세요.,용어기반,양호,정확,높음,40,0.537,수정 권장,유사 문장구조 반복(40회) 또는 동일 용어 내 유사도 높음,,최종 유지,실제 금융 문맥에서 자연스러움; 금융용어 사용 적절; 과도한 유사성 낮음,bancassurance과 관련된 세부 업무는 해당 기관의 안내를 확인해 주세요.
KO-FIN-04253,1064,금융시장·거래,,BBS,일반개념,고객,질문,BBS이 무엇을 의미하나요?,용어기반,보통,정확,매우 높음,303,0.571,유지(대표 1개만),동일 문장구조가 303회 반복,,최종 유지,해당 용어 후보 중 상대적으로 가장 자연스러운 대표 문장; 금융용어 사용 적절; 반복 골격이지만 용어별 대표 1문장으로 제한,BBS이 무엇을 의미하나요?
KO-FIN-04257,1065,주식,,bear hug,일반개념,고객,질문,bear hug이 무엇인지 설명해 주세요.,용어기반,보통,정확,매우 높음,705,0.471,유지(대표 1개만),동일 문장구조가 705회 반복,,최종 유지,해당 용어 후보 중 상대적으로 가장 자연스러운 대표 문장; 금융용어 사용 적절; 반복 골격이지만 용어별 대표 1문장으로 제한,bear hug이 무엇인지 설명해 주세요.
KO-FIN-04261,1066,주식,금융시장·거래,bear raid,일반개념,고객,질문,bear raid이 무엇인지 설명해 주세요.,용어기반,보통,정확,매우 높음,705,0.491,유지(대표 1개만),동일 문장구조가 705회 반복,,최종 유지,해당 용어 후보 중 상대적으로 가장 자연스러운 대표 문장; 금융용어 사용 적절; 반복 골격이지만 용어별 대표 1문장으로 제한,bear raid이 무엇인지 설명해 주세요.
KO-FIN-04266,1067,금융기관·은행,,BIC,일반개념,고객,질문,BIC에서 이용할 수 있는 금융업무는 무엇인가요?,용어기반,양호,정확,높음,40,0.387,수정 권장,유사 문장구조 반복(40회) 또는 동일 용어 내 유사도 높음,,최종 유지,실제 금융 문맥에서 자연스러움; 금융용어 사용 적절; 과도한 유사성 낮음,BIC에서 이용할 수 있는 금융업무는 무엇인가요?
KO-FIN-04269,1068,금융시장·거래,주식,black monday,일반개념,고객,질문,black monday이 무엇을 의미하나요?,용어기반,보통,정확,매우 높음,303,0.717,유지(대표 1개만),동일 문장구조가 303회 반복,,최종 유지,해당 용어 후보 중 상대적으로 가장 자연스러운 대표 문장; 금융용어 사용 적절; 반복 골격이지만 용어별 대표 1문장으로 제한,black monday이 무엇을 의미하나요?
KO-FIN-04273,1069,증권·예탁,,blanket fidelity bond,일반개념,고객,질문,blanket fidelity bond이 무엇인지 설명해 주세요.,용어기반,보통,정확,매우 높음,705,0.716,유지(대표 1개만),동일 문장구조가 705회 반복,,최종 유지,해당 용어 후보 중 상대적으로 가장 자연스러운 대표 문장; 금융용어 사용 적절; 반복 골격이지만 용어별 대표 1문장으로 제한,blanket fidelity bond이 무엇인지 설명해 주세요.
KO-FIN-04277,1070,증권·예탁,,BLUE SKY LAW,일반개념,고객,질문,BLUE SKY LAW이 무엇인지 설명해 주세요.,용어기반,보통,정확,매우 높음,705,0.635,유지(대표 1개만),동일 문장구조가 705회 반복,,최종 유지,해당 용어 후보 중 상대적으로 가장 자연스러운 대표 문장; 금융용어 사용 적절; 반복 골격이지만 용어별 대표 1문장으로 제한,BLUE SKY LAW이 무엇인지 설명해 주세요.
KO-FIN-04284,1071,금융기관·은행,,BOK-WIRE,시스템·인프라,금융기관,안내,BOK-WIRE과 관련된 세부 업무는 해당 기관의 안내를 확인해 주세요.,용어기반,양호,정확,높음,40,0.472,수정 권장,유사 문장구조 반복(40회) 또는 동일 용어 내 유사도 높음,,최종 유지,실제 금융 문맥에서 자연스러움; 금융용어 사용 적절; 과도한 유사성 낮음,BOK-WIRE과 관련된 세부 업무는 해당 기관의 안내를 확인해 주세요.
KO-FIN-04285,1072,채권,,bond power,일반개념,고객,질문,bond power이 무엇인지 설명해 주세요.,용어기반,보통,정확,매우 높음,705,0.483,유지(대표 1개만),동일 문장구조가 705회 반복,,최종 유지,해당 용어 후보 중 상대적으로 가장 자연스러운 대표 문장; 금융용어 사용 적절; 반복 골격이지만 용어별 대표 1문장으로 제한,bond power이 무엇인지 설명해 주세요.
KO-FIN-04289,1073,증권·예탁,,book entry only,일반개념,고객,질문,book entry only이 무엇인지 설명해 주세요.,용어기반,보통,정확,매우 높음,705,0.667,유지(대표 1개만),동일 문장구조가 705회 반복,,최종 유지,해당 용어 후보 중 상대적으로 가장 자연스러운 대표 문장; 금융용어 사용 적절; 반복 골격이지만 용어별 대표 1문장으로 제한,book entry only이 무엇인지 설명해 주세요.
KO-FIN-04293,1074,증권·예탁,,buy/sell-back,일반개념,고객,질문,buy/sell-back이 무엇인지 설명해 주세요.,용어기반,보통,정확,매우 높음,705,0.646,유지(대표 1개만),동일 문장구조가 705회 반복,,최종 유지,해당 용어 후보 중 상대적으로 가장 자연스러운 대표 문장; 금융용어 사용 적절; 반복 골격이지만 용어별 대표 1문장으로 제한,buy/sell-back이 무엇인지 설명해 주세요.
KO-FIN-04300,1075,금융기관·은행,,CAMEL,일반개념,금융기관,안내,CAMEL과 관련된 세부 업무는 해당 기관의 안내를 확인해 주세요.,용어기반,양호,정확,높음,40,0.424,수정 권장,유사 문장구조 반복(40회) 또는 동일 용어 내 유사도 높음,,최종 유지,실제 금융 문맥에서 자연스러움; 금융용어 사용 적절; 과도한 유사성 낮음,CAMEL과 관련된 세부 업무는 해당 기관의 안내를 확인해 주세요.
KO-FIN-04301,1076,증권·예탁,주식,cargo project,일반개념,고객,질문,cargo project이 무엇인지 설명해 주세요.,용어기반,보통,정확,매우 높음,705,0.646,유지(대표 1개만),동일 문장구조가 705회 반복,,최종 유지,해당 용어 후보 중 상대적으로 가장 자연스러운 대표 문장; 금융용어 사용 적절; 반복 골격이지만 용어별 대표 1문장으로 제한,cargo project이 무엇인지 설명해 주세요.
KO-FIN-04305,1077,카드·전자금융,,cashless society,일반개념,고객,질문,cashless society은 어떻게 이용하나요?,용어기반,양호,정확,낮음,1,0.625,유지,실제 금융 문맥에서 자연스럽고 용어 사용도 적절함,,최종 유지,실제 금융 문맥에서 자연스러움; 금융용어 사용 적절; 과도한 유사성 낮음,cashless society은 어떻게 이용하나요?
KO-FIN-04308,1077,카드·전자금융,,cashless society,일반개념,은행,주의,cashless society 이용 시 개인정보와 인증정보를 안전하게 관리해 주세요.,용어기반,양호,정확,낮음,1,0.56,유지,실제 금융 문맥에서 자연스럽고 용어 사용도 적절함,,최종 유지,실제 금융 문맥에서 자연스러움; 금융용어 사용 적절; 과도한 유사성 낮음,cashless society 이용 시 개인정보와 인증정보를 안전하게 관리해 주세요.
KO-FIN-04309,1078,증권·예탁,,CBF,일반개념,고객,질문,CBF이 무엇인지 설명해 주세요.,용어기반,보통,정확,매우 높음,705,0.489,유지(대표 1개만),동일 문장구조가 705회 반복,,최종 유지,해당 용어 후보 중 상대적으로 가장 자연스러운 대표 문장; 금융용어 사용 적절; 반복 골격이지만 용어별 대표 1문장으로 제한,CBF이 무엇인지 설명해 주세요.
KO-FIN-04313,1079,증권·예탁,,CBL,일반개념,고객,질문,CBL이 무엇인지 설명해 주세요.,용어기반,보통,정확,매우 높음,705,0.489,유지(대표 1개만),동일 문장구조가 705회 반복,,최종 유지,해당 용어 후보 중 상대적으로 가장 자연스러운 대표 문장; 금융용어 사용 적절; 반복 골격이지만 용어별 대표 1문장으로 제한,CBL이 무엇인지 설명해 주세요.
KO-FIN-04317,1080,지급결제·청산,,CCASS,일반개념,고객,질문,CCASS이 무엇인지 설명해 주세요.,용어기반,보통,정확,매우 높음,705,0.531,유지(대표 1개만),동일 문장구조가 705회 반복,,최종 유지,해당 용어 후보 중 상대적으로 가장 자연스러운 대표 문장; 금융용어 사용 적절; 반복 골격이지만 용어별 대표 1문장으로 제한,CCASS이 무엇인지 설명해 주세요.
KO-FIN-04325,1082,파생상품,,CDS,상품·증권,고객,질문,CDS이 무엇인지 쉽게 설명해 주세요.,용어기반,양호,정확,높음,53,0.923,유지(대표 1개만),유사 문장구조 반복(53회) 또는 동일 용어 내 유사도 높음,,최종 유지,실제 금융 문맥에서 자연스러움; 금융용어 사용 적절; 과도한 유사성 낮음,CDS이 무엇인지 쉽게 설명해 주세요.
KO-FIN-04329,1083,증권·예탁,금융시장·거래,CEDEL,일반개념,고객,질문,CEDEL이 무엇인지 설명해 주세요.,용어기반,보통,정확,매우 높음,705,0.531,유지(대표 1개만),동일 문장구조가 705회 반복,,최종 유지,해당 용어 후보 중 상대적으로 가장 자연스러운 대표 문장; 금융용어 사용 적절; 반복 골격이지만 용어별 대표 1문장으로 제한,CEDEL이 무엇인지 설명해 주세요.
KO-FIN-04333,1084,증권·예탁,,CFA,일반개념,고객,질문,CFA이 무엇인지 설명해 주세요.,용어기반,보통,정확,매우 높음,705,0.489,유지(대표 1개만),동일 문장구조가 705회 반복,,최종 유지,해당 용어 후보 중 상대적으로 가장 자연스러운 대표 문장; 금융용어 사용 적절; 반복 골격이지만 용어별 대표 1문장으로 제한,CFA이 무엇인지 설명해 주세요.
KO-FIN-04337,1085,증권·예탁,,CFI,일반개념,고객,질문,CFI이 무엇인지 설명해 주세요.,용어기반,보통,정확,매우 높음,705,0.489,유지(대표 1개만),동일 문장구조가 705회 반복,,최종 유지,해당 용어 후보 중 상대적으로 가장 자연스러운 대표 문장; 금융용어 사용 적절; 반복 골격이지만 용어별 대표 1문장으로 제한,CFI이 무엇인지 설명해 주세요.
KO-FIN-04342,1086,회계·재무,,CFO,일반개념,고객,확인,CFO을 통해 어떤 정보를 확인할 수 있나요?,용어기반,양호,정확,낮음,16,0.6,유지,실제 금융 문맥에서 자연스럽고 용어 사용도 적절함,,최종 유지,실제 금융 문맥에서 자연스러움; 금융용어 사용 적절; 과도한 유사성 낮음,CFO을 통해 어떤 정보를 확인할 수 있나요?
KO-FIN-04344,1086,회계·재무,,CFO,일반개념,금융기관,안내,CFO은 기준 시점과 작성 기준을 함께 확인해야 합니다.,용어기반,양호,정확,낮음,16,0.321,유지,실제 금융 문맥에서 자연스럽고 용어 사용도 적절함,,최종 유지,실제 금융 문맥에서 자연스러움; 금융용어 사용 적절; 과도한 유사성 낮음,CFO은 기준 시점과 작성 기준을 함께 확인해야 합니다.
KO-FIN-04347,1087,자산운용·투자,,CGIF,일반개념,고객,확인,CGIF과 관련된 투자 정보를 확인하고 싶습니다.,용어기반,양호,정확,높음,55,0.5,수정 권장,유사 문장구조 반복(55회) 또는 동일 용어 내 유사도 높음,,최종 유지,실제 금융 문맥에서 자연스러움; 금융용어 사용 적절; 과도한 유사성 낮음,CGIF과 관련된 투자 정보를 확인하고 싶습니다.
KO-FIN-04349,1088,증권·예탁,,CGO,일반개념,고객,질문,CGO이 무엇인지 설명해 주세요.,용어기반,보통,정확,매우 높음,705,0.489,유지(대표 1개만),동일 문장구조가 705회 반복,,최종 유지,해당 용어 후보 중 상대적으로 가장 자연스러운 대표 문장; 금융용어 사용 적절; 반복 골격이지만 용어별 대표 1문장으로 제한,CGO이 무엇인지 설명해 주세요.
KO-FIN-04353,1089,금융시장·거래,,CHAPS,일반개념,고객,질문,CHAPS이 무엇을 의미하나요?,용어기반,보통,정확,매우 높음,303,0.615,유지(대표 1개만),동일 문장구조가 303회 반복,,최종 유지,해당 용어 후보 중 상대적으로 가장 자연스러운 대표 문장; 금융용어 사용 적절; 반복 골격이지만 용어별 대표 1문장으로 제한,CHAPS이 무엇을 의미하나요?
KO-FIN-04357,1090,금융시장·거래,,checking,일반개념,고객,질문,checking이 무엇을 의미하나요?,용어기반,보통,정확,매우 높음,303,0.667,유지(대표 1개만),동일 문장구조가 303회 반복,,최종 유지,해당 용어 후보 중 상대적으로 가장 자연스러운 대표 문장; 금융용어 사용 적절; 반복 골격이지만 용어별 대표 1문장으로 제한,checking이 무엇을 의미하나요?
KO-FIN-04361,1091,금융시장·거래,,checkless society,일반개념,고객,질문,checkless society이 무엇을 의미하나요?,용어기반,보통,정확,매우 높음,303,0.762,유지(대표 1개만),동일 문장구조가 303회 반복,,최종 유지,해당 용어 후보 중 상대적으로 가장 자연스러운 대표 문장; 금융용어 사용 적절; 반복 골격이지만 용어별 대표 1문장으로 제한,checkless society이 무엇을 의미하나요?
KO-FIN-04365,1092,지급결제·청산,,CHESS,일반개념,고객,질문,CHESS이 무엇인지 설명해 주세요.,용어기반,보통,정확,매우 높음,705,0.531,유지(대표 1개만),동일 문장구조가 705회 반복,,최종 유지,해당 용어 후보 중 상대적으로 가장 자연스러운 대표 문장; 금융용어 사용 적절; 반복 골격이지만 용어별 대표 1문장으로 제한,CHESS이 무엇인지 설명해 주세요.
KO-FIN-04370,1093,이체,지급결제·청산,CHIPS,시스템·인프라,고객,질문,CHIPS을 이용하려면 어떻게 해야 하나요?,용어기반,양호,정확,낮음,8,0.448,유지,실제 금융 문맥에서 자연스럽고 용어 사용도 적절함,,최종 유지,실제 금융 문맥에서 자연스러움; 금융용어 사용 적절; 과도한 유사성 낮음,CHIPS을 이용하려면 어떻게 해야 하나요?
KO-FIN-04372,1093,이체,지급결제·청산,CHIPS,시스템·인프라,은행,안내,CHIPS을 진행하기 전에 입력한 정보를 다시 확인해 주세요.,용어기반,양호,정확,낮음,8,0.51,유지,실제 금융 문맥에서 자연스럽고 용어 사용도 적절함,,최종 유지,실제 금융 문맥에서 자연스러움; 금융용어 사용 적절; 과도한 유사성 낮음,CHIPS을 진행하기 전에 입력한 정보를 다시 확인해 주세요.
KO-FIN-04373,1094,증권·예탁,금융시장·거래 / 자산운용·투자,CIK,일반개념,고객,질문,CIK이 무엇인지 설명해 주세요.,용어기반,보통,정확,매우 높음,705,0.489,유지(대표 1개만),동일 문장구조가 705회 반복,,최종 유지,해당 용어 후보 중 상대적으로 가장 자연스러운 대표 문장; 금융용어 사용 적절; 반복 골격이지만 용어별 대표 1문장으로 제한,CIK이 무엇인지 설명해 주세요.
KO-FIN-04377,1095,증권·예탁,펀드·신탁 / 자산운용·투자,CMA,일반개념,고객,질문,CMA이 무엇인지 설명해 주세요.,용어기반,보통,정확,매우 높음,705,0.489,유지(대표 1개만),동일 문장구조가 705회 반복,,최종 유지,해당 용어 후보 중 상대적으로 가장 자연스러운 대표 문장; 금융용어 사용 적절; 반복 골격이지만 용어별 대표 1문장으로 제한,CMA이 무엇인지 설명해 주세요.
KO-FIN-04381,1096,해외송금·외환,,CMI,일반개념,고객,질문,CMI에 대해 자세히 알려주세요.,용어기반,양호,정확,높음,21,0.513,수정 권장,유사 문장구조 반복(21회) 또는 동일 용어 내 유사도 높음,,최종 유지,실제 금융 문맥에서 자연스러움; 금융용어 사용 적절; 과도한 유사성 낮음,CMI에 대해 자세히 알려주세요.
KO-FIN-04382,1096,해외송금·외환,,CMI,일반개념,고객,확인,CMI을 확인하고 싶습니다.,용어기반,양호,정확,높음,28,0.5,수정 권장,유사 문장구조 반복(28회) 또는 동일 용어 내 유사도 높음,,최종 유지,실제 금융 문맥에서 자연스러움; 금융용어 사용 적절; 과도한 유사성 낮음,CMI을 확인하고 싶습니다.
KO-FIN-04385,1097,증권·예탁,,CMO,일반개념,고객,질문,CMO이 무엇인지 설명해 주세요.,용어기반,보통,정확,매우 높음,705,0.489,유지(대표 1개만),동일 문장구조가 705회 반복,,최종 유지,해당 용어 후보 중 상대적으로 가장 자연스러운 대표 문장; 금융용어 사용 적절; 반복 골격이지만 용어별 대표 1문장으로 제한,CMO이 무엇인지 설명해 주세요.
KO-FIN-04392,1098,대출,,commodity financing,일반개념,은행,안내,commodity financing은 심사 결과에 따라 이용 가능 여부가 달라질 수 있습니다.,용어기반,양호,정확,높음,35,0.628,수정 권장,유사 문장구조 반복(35회) 또는 동일 용어 내 유사도 높음,,최종 유지,실제 금융 문맥에서 자연스러움; 금융용어 사용 적절; 과도한 유사성 낮음,commodity financing은 심사 결과에 따라 이용 가능 여부가 달라질 수 있습니다.
KO-FIN-04393,1099,증권·예탁,,concentration limit,일반개념,고객,질문,concentration limit이 무엇인지 설명해 주세요.,용어기반,보통,정확,매우 높음,705,0.701,유지(대표 1개만),동일 문장구조가 705회 반복,,최종 유지,해당 용어 후보 중 상대적으로 가장 자연스러운 대표 문장; 금융용어 사용 적절; 반복 골격이지만 용어별 대표 1문장으로 제한,concentration limit이 무엇인지 설명해 주세요.
KO-FIN-04397,1100,금융시장·거래,,confirmation,일반개념,고객,질문,confirmation이 무엇을 의미하나요?,용어기반,보통,정확,매우 높음,303,0.717,유지(대표 1개만),동일 문장구조가 303회 반복,,최종 유지,해당 용어 후보 중 상대적으로 가장 자연스러운 대표 문장; 금융용어 사용 적절; 반복 골격이지만 용어별 대표 1문장으로 제한,confirmation이 무엇을 의미하나요?
KO-FIN-04402,1101,기업금융·자본조달,,conglomerate,일반개념,고객,상담,conglomerate을 이용하려면 어떤 조건이 필요한가요?,용어기반,양호,정확,높음,25,0.5,수정 권장,유사 문장구조 반복(25회) 또는 동일 용어 내 유사도 높음,,최종 유지,실제 금융 문맥에서 자연스러움; 금융용어 사용 적절; 과도한 유사성 낮음,conglomerate을 이용하려면 어떤 조건이 필요한가요?
KO-FIN-04403,1101,기업금융·자본조달,,conglomerate,일반개념,고객,확인,conglomerate과 관련된 비용과 절차를 확인하고 싶습니다.,용어기반,양호,정확,높음,25,0.585,수정 권장,유사 문장구조 반복(25회) 또는 동일 용어 내 유사도 높음,,최종 유지,실제 금융 문맥에서 자연스러움; 금융용어 사용 적절; 과도한 유사성 낮음,conglomerate과 관련된 비용과 절차를 확인하고 싶습니다.
KO-FIN-04407,1102,자산운용·투자,,"country risk, sovereign risk",일반개념,고객,확인,"country risk, sovereign risk과 관련된 투자 정보를 확인하고 싶습니다.",용어기반,양호,정확,높음,55,0.714,수정 권장,유사 문장구조 반복(55회) 또는 동일 용어 내 유사도 높음,,최종 유지,실제 금융 문맥에서 자연스러움; 금융용어 사용 적절; 과도한 유사성 낮음,"country risk, sovereign risk과 관련된 투자 정보를 확인하고 싶습니다."
KO-FIN-04409,1103,채권,,coupon rate,일반개념,고객,질문,coupon rate이 무엇인지 설명해 주세요.,용어기반,보통,정확,매우 높음,705,0.5,유지(대표 1개만),동일 문장구조가 705회 반복,,최종 유지,해당 용어 후보 중 상대적으로 가장 자연스러운 대표 문장; 금융용어 사용 적절; 반복 골격이지만 용어별 대표 1문장으로 제한,coupon rate이 무엇인지 설명해 주세요.
KO-FIN-04413,1104,파생상품,,covered warrant,상품·증권,고객,질문,covered warrant이 무엇인지 쉽게 설명해 주세요.,용어기반,양호,정확,높음,53,0.567,유지(대표 1개만),유사 문장구조 반복(53회) 또는 동일 용어 내 유사도 높음,,최종 유지,실제 금융 문맥에서 자연스러움; 금융용어 사용 적절; 과도한 유사성 낮음,covered warrant이 무엇인지 쉽게 설명해 주세요.
KO-FIN-04417,1105,지급결제·청산,,CPSS,일반개념,고객,질문,CPSS이 무엇인지 설명해 주세요.,용어기반,보통,정확,매우 높음,705,0.511,유지(대표 1개만),동일 문장구조가 705회 반복,,최종 유지,해당 용어 후보 중 상대적으로 가장 자연스러운 대표 문장; 금융용어 사용 적절; 반복 골격이지만 용어별 대표 1문장으로 제한,CPSS이 무엇인지 설명해 주세요.
KO-FIN-04421,1106,증권·예탁,금융시장·거래 / 지급결제·청산 / 채권 / 자산운용·투자,CREST,일반개념,고객,질문,CREST이 무엇인지 설명해 주세요.,용어기반,보통,정확,매우 높음,705,0.531,유지(대표 1개만),동일 문장구조가 705회 반복,,최종 유지,해당 용어 후보 중 상대적으로 가장 자연스러운 대표 문장; 금융용어 사용 적절; 반복 골격이지만 용어별 대표 1문장으로 제한,CREST이 무엇인지 설명해 주세요.
KO-FIN-04425,1107,금융시장·거래,,crossing network,일반개념,고객,질문,crossing network이 무엇을 의미하나요?,용어기반,보통,정확,매우 높음,303,0.754,유지(대표 1개만),동일 문장구조가 303회 반복,,최종 유지,해당 용어 후보 중 상대적으로 가장 자연스러운 대표 문장; 금융용어 사용 적절; 반복 골격이지만 용어별 대표 1문장으로 제한,crossing network이 무엇을 의미하나요?
KO-FIN-04431,1108,기타 금융일반,,crown jewel,일반개념,고객,확인,crown jewel과 관련된 내용을 확인하고 싶습니다.,용어기반,양호,정확,높음,21,0.556,수정 권장,유사 문장구조 반복(21회) 또는 동일 용어 내 유사도 높음,,최종 유지,실제 금융 문맥에서 자연스러움; 금융용어 사용 적절; 과도한 유사성 낮음,crown jewel과 관련된 내용을 확인하고 싶습니다.
KO-FIN-04432,1108,기타 금융일반,,crown jewel,일반개념,금융기관,안내,crown jewel의 정확한 의미는 해당 금융거래의 맥락과 함께 확인해야 합니다.,용어기반,양호,정확,높음,21,0.519,수정 권장,유사 문장구조 반복(21회) 또는 동일 용어 내 유사도 높음,,최종 유지,실제 금융 문맥에서 자연스러움; 금융용어 사용 적절; 과도한 유사성 낮음,crown jewel의 정확한 의미는 해당 금융거래의 맥락과 함께 확인해야 합니다.
KO-FIN-04433,1109,증권·예탁,금융시장·거래,CSD,일반개념,고객,질문,CSD이 무엇인지 설명해 주세요.,용어기반,보통,정확,매우 높음,705,0.489,유지(대표 1개만),동일 문장구조가 705회 반복,,최종 유지,해당 용어 후보 중 상대적으로 가장 자연스러운 대표 문장; 금융용어 사용 적절; 반복 골격이지만 용어별 대표 1문장으로 제한,CSD이 무엇인지 설명해 주세요.
KO-FIN-04437,1110,증권·예탁,,CUSIP,일반개념,고객,질문,CUSIP이 무엇인지 설명해 주세요.,용어기반,보통,정확,매우 높음,705,0.531,유지(대표 1개만),동일 문장구조가 705회 반복,,최종 유지,해당 용어 후보 중 상대적으로 가장 자연스러운 대표 문장; 금융용어 사용 적절; 반복 골격이지만 용어별 대표 1문장으로 제한,CUSIP이 무엇인지 설명해 주세요.
KO-FIN-04441,1111,금융시장·거래,,D.K.,일반개념,고객,질문,D.K.이 무엇을 의미하나요?,용어기반,보통,정확,매우 높음,303,0.595,유지(대표 1개만),동일 문장구조가 303회 반복,,최종 유지,해당 용어 후보 중 상대적으로 가장 자연스러운 대표 문장; 금융용어 사용 적절; 반복 골격이지만 용어별 대표 1문장으로 제한,D.K.이 무엇을 의미하나요?
KO-FIN-04445,1112,주식,,day trading,일반개념,고객,질문,day trading이 무엇인지 설명해 주세요.,용어기반,보통,정확,매우 높음,705,0.526,유지(대표 1개만),동일 문장구조가 705회 반복,,최종 유지,해당 용어 후보 중 상대적으로 가장 자연스러운 대표 문장; 금융용어 사용 적절; 반복 골격이지만 용어별 대표 1문장으로 제한,day trading이 무엇인지 설명해 주세요.
KO-FIN-04449,1113,증권·예탁,금융시장·거래,DBC,일반개념,고객,질문,DBC이 무엇인지 설명해 주세요.,용어기반,보통,정확,매우 높음,705,0.489,유지(대표 1개만),동일 문장구조가 705회 반복,,최종 유지,해당 용어 후보 중 상대적으로 가장 자연스러운 대표 문장; 금융용어 사용 적절; 반복 골격이지만 용어별 대표 1문장으로 제한,DBC이 무엇인지 설명해 주세요.
KO-FIN-04453,1114,지급결제·청산,,delivery notice,일반개념,고객,질문,delivery notice이 무엇인지 설명해 주세요.,용어기반,보통,정확,매우 높음,705,0.667,유지(대표 1개만),동일 문장구조가 705회 반복,,최종 유지,해당 용어 후보 중 상대적으로 가장 자연스러운 대표 문장; 금융용어 사용 적절; 반복 골격이지만 용어별 대표 1문장으로 제한,delivery notice이 무엇인지 설명해 주세요.
KO-FIN-04460,1115,금융기관·은행,,dollar usance,일반개념,금융기관,안내,dollar usance과 관련된 세부 업무는 해당 기관의 안내를 확인해 주세요.,용어기반,양호,정확,높음,40,0.537,수정 권장,유사 문장구조 반복(40회) 또는 동일 용어 내 유사도 높음,,최종 유지,실제 금융 문맥에서 자연스러움; 금융용어 사용 적절; 과도한 유사성 낮음,dollar usance과 관련된 세부 업무는 해당 기관의 안내를 확인해 주세요.
KO-FIN-04461,1116,증권·예탁,지급결제·청산 / 금융시장·거래,DTC,일반개념,고객,질문,DTC이 무엇인지 설명해 주세요.,용어기반,보통,정확,매우 높음,705,0.489,유지(대표 1개만),동일 문장구조가 705회 반복,,최종 유지,해당 용어 후보 중 상대적으로 가장 자연스러운 대표 문장; 금융용어 사용 적절; 반복 골격이지만 용어별 대표 1문장으로 제한,DTC이 무엇인지 설명해 주세요.
KO-FIN-04465,1117,주식,,Due bill,일반개념,고객,질문,Due bill이 무엇인지 설명해 주세요.,용어기반,보통,정확,매우 높음,705,0.471,유지(대표 1개만),동일 문장구조가 705회 반복,,최종 유지,해당 용어 후보 중 상대적으로 가장 자연스러운 대표 문장; 금융용어 사용 적절; 반복 골격이지만 용어별 대표 1문장으로 제한,Due bill이 무엇인지 설명해 주세요.
KO-FIN-04469,1118,채권,,dutch auction,일반개념,고객,질문,dutch auction이 무엇인지 설명해 주세요.,용어기반,보통,정확,매우 높음,705,0.531,유지(대표 1개만),동일 문장구조가 705회 반복,,최종 유지,해당 용어 후보 중 상대적으로 가장 자연스러운 대표 문장; 금융용어 사용 적절; 반복 골격이지만 용어별 대표 1문장으로 제한,dutch auction이 무엇인지 설명해 주세요.
KO-FIN-04473,1119,증권·예탁,,DVP link,일반개념,고객,질문,DVP link이 무엇인지 설명해 주세요.,용어기반,보통,정확,매우 높음,705,0.582,유지(대표 1개만),동일 문장구조가 705회 반복,,최종 유지,해당 용어 후보 중 상대적으로 가장 자연스러운 대표 문장; 금융용어 사용 적절; 반복 골격이지만 용어별 대표 1문장으로 제한,DVP link이 무엇인지 설명해 주세요.
KO-FIN-04477,1120,증권·예탁,,E-TRADE,일반개념,고객,질문,E-TRADE이 무엇인지 설명해 주세요.,용어기반,보통,정확,매우 높음,705,0.566,유지(대표 1개만),동일 문장구조가 705회 반복,,최종 유지,해당 용어 후보 중 상대적으로 가장 자연스러운 대표 문장; 금융용어 사용 적절; 반복 골격이지만 용어별 대표 1문장으로 제한,E-TRADE이 무엇인지 설명해 주세요.
KO-FIN-04481,1121,지급결제·청산,금융기관·은행,ECF,일반개념,고객,질문,ECF이 무엇인지 설명해 주세요.,용어기반,보통,정확,매우 높음,705,0.489,유지(대표 1개만),동일 문장구조가 705회 반복,,최종 유지,해당 용어 후보 중 상대적으로 가장 자연스러운 대표 문장; 금융용어 사용 적절; 반복 골격이지만 용어별 대표 1문장으로 제한,ECF이 무엇인지 설명해 주세요.
KO-FIN-04485,1122,증권·예탁,,EDR,일반개념,고객,질문,EDR이 무엇인지 설명해 주세요.,용어기반,보통,정확,매우 높음,705,0.489,유지(대표 1개만),동일 문장구조가 705회 반복,,최종 유지,해당 용어 후보 중 상대적으로 가장 자연스러운 대표 문장; 금융용어 사용 적절; 반복 골격이지만 용어별 대표 1문장으로 제한,EDR이 무엇인지 설명해 주세요.
KO-FIN-04489,1123,지급결제·청산,금융시장·거래,EMCC,일반개념,고객,질문,EMCC이 무엇인지 설명해 주세요.,용어기반,보통,정확,매우 높음,705,0.511,유지(대표 1개만),동일 문장구조가 705회 반복,,최종 유지,해당 용어 후보 중 상대적으로 가장 자연스러운 대표 문장; 금융용어 사용 적절; 반복 골격이지만 용어별 대표 1문장으로 제한,EMCC이 무엇인지 설명해 주세요.
KO-FIN-04495,1124,기타 금융일반,,EMEA,일반개념,고객,확인,EMEA과 관련된 내용을 확인하고 싶습니다.,용어기반,양호,정확,높음,21,0.413,수정 권장,유사 문장구조 반복(21회) 또는 동일 용어 내 유사도 높음,,최종 유지,실제 금융 문맥에서 자연스러움; 금융용어 사용 적절; 과도한 유사성 낮음,EMEA과 관련된 내용을 확인하고 싶습니다.
KO-FIN-04496,1124,기타 금융일반,,EMEA,일반개념,금융기관,안내,EMEA의 정확한 의미는 해당 금융거래의 맥락과 함께 확인해야 합니다.,용어기반,양호,정확,높음,21,0.413,수정 권장,유사 문장구조 반복(21회) 또는 동일 용어 내 유사도 높음,,최종 유지,실제 금융 문맥에서 자연스러움; 금융용어 사용 적절; 과도한 유사성 낮음,EMEA의 정확한 의미는 해당 금융거래의 맥락과 함께 확인해야 합니다.
KO-FIN-04497,1125,금융시장·거래,,ETF,일반개념,고객,질문,ETF이 무엇을 의미하나요?,용어기반,보통,정확,매우 높음,303,0.571,유지(대표 1개만),동일 문장구조가 303회 반복,,최종 유지,해당 용어 후보 중 상대적으로 가장 자연스러운 대표 문장; 금융용어 사용 적절; 반복 골격이지만 용어별 대표 1문장으로 제한,ETF이 무엇을 의미하나요?
KO-FIN-04504,1126,대출,,EURIBOR,일반개념,은행,안내,EURIBOR은 심사 결과에 따라 이용 가능 여부가 달라질 수 있습니다.,용어기반,양호,정확,높음,35,0.484,수정 권장,유사 문장구조 반복(35회) 또는 동일 용어 내 유사도 높음,,최종 유지,실제 금융 문맥에서 자연스러움; 금융용어 사용 적절; 과도한 유사성 낮음,EURIBOR은 심사 결과에 따라 이용 가능 여부가 달라질 수 있습니다.
KO-FIN-04505,1127,증권·예탁,,EUROCLEAR,일반개념,고객,질문,EUROCLEAR이 무엇인지 설명해 주세요.,용어기반,보통,정확,매우 높음,705,0.596,유지(대표 1개만),동일 문장구조가 705회 반복,,최종 유지,해당 용어 후보 중 상대적으로 가장 자연스러운 대표 문장; 금융용어 사용 적절; 반복 골격이지만 용어별 대표 1문장으로 제한,EUROCLEAR이 무엇인지 설명해 주세요.
KO-FIN-04511,1128,자산운용·투자,,EVA,일반개념,고객,확인,EVA과 관련된 투자 정보를 확인하고 싶습니다.,용어기반,양호,정확,높음,55,0.484,수정 권장,유사 문장구조 반복(55회) 또는 동일 용어 내 유사도 높음,,최종 유지,실제 금융 문맥에서 자연스러움; 금융용어 사용 적절; 과도한 유사성 낮음,EVA과 관련된 투자 정보를 확인하고 싶습니다.
KO-FIN-04513,1129,증권·예탁,,fallen angel,일반개념,고객,질문,fallen angel이 무엇인지 설명해 주세요.,용어기반,보통,정확,매우 높음,705,0.635,유지(대표 1개만),동일 문장구조가 705회 반복,,최종 유지,해당 용어 후보 중 상대적으로 가장 자연스러운 대표 문장; 금융용어 사용 적절; 반복 골격이지만 용어별 대표 1문장으로 제한,fallen angel이 무엇인지 설명해 주세요.
KO-FIN-04518,1130,이체,증권·예탁,FED-WIRE,시스템·인프라,고객,질문,FED-WIRE을 이용하려면 어떻게 해야 하나요?,용어기반,양호,정확,낮음,8,0.511,유지,실제 금융 문맥에서 자연스럽고 용어 사용도 적절함,,최종 유지,실제 금융 문맥에서 자연스러움; 금융용어 사용 적절; 과도한 유사성 낮음,FED-WIRE을 이용하려면 어떻게 해야 하나요?
KO-FIN-04520,1130,이체,증권·예탁,FED-WIRE,시스템·인프라,은행,안내,FED-WIRE을 진행하기 전에 입력한 정보를 다시 확인해 주세요.,용어기반,양호,정확,낮음,8,0.561,유지,실제 금융 문맥에서 자연스럽고 용어 사용도 적절함,,최종 유지,실제 금융 문맥에서 자연스러움; 금융용어 사용 적절; 과도한 유사성 낮음,FED-WIRE을 진행하기 전에 입력한 정보를 다시 확인해 주세요.
KO-FIN-04521,1131,금융시장·거래,,fill or kill order,일반개념,고객,질문,fill or kill order이 무엇을 의미하나요?,용어기반,보통,정확,매우 높음,303,0.769,유지(대표 1개만),동일 문장구조가 303회 반복,,최종 유지,해당 용어 후보 중 상대적으로 가장 자연스러운 대표 문장; 금융용어 사용 적절; 반복 골격이지만 용어별 대표 1문장으로 제한,fill or kill order이 무엇을 의미하나요?
KO-FIN-04525,1132,지급결제·청산,이체 / 금융기관·은행,finality of payment,일반개념,고객,질문,finality of payment이 무엇인지 설명해 주세요.,용어기반,보통,정확,매우 높음,705,0.701,유지(대표 1개만),동일 문장구조가 705회 반복,,최종 유지,해당 용어 후보 중 상대적으로 가장 자연스러운 대표 문장; 금융용어 사용 적절; 반복 골격이지만 용어별 대표 1문장으로 제한,finality of payment이 무엇인지 설명해 주세요.
KO-FIN-04529,1133,금융법규·감독,,five hundred dollar rule,일반개념,고객,질문,five hundred dollar rule이 금융거래에 어떻게 적용되나요?,용어기반,양호,정확,낮음,15,0.644,유지,실제 금융 문맥에서 자연스럽고 용어 사용도 적절함,,최종 유지,실제 금융 문맥에서 자연스러움; 금융용어 사용 적절; 과도한 유사성 낮음,five hundred dollar rule이 금융거래에 어떻게 적용되나요?
KO-FIN-04531,1133,금융법규·감독,,five hundred dollar rule,일반개념,고객,상담,five hundred dollar rule 때문에 추가로 확인해야 할 사항이 있나요?,용어기반,양호,정확,낮음,15,0.689,유지,실제 금융 문맥에서 자연스럽고 용어 사용도 적절함,,최종 유지,실제 금융 문맥에서 자연스러움; 금융용어 사용 적절; 과도한 유사성 낮음,five hundred dollar rule 때문에 추가로 확인해야 할 사항이 있나요?
KO-FIN-04533,1134,금융시장·거래,,FIX,일반개념,고객,질문,FIX이 무엇을 의미하나요?,용어기반,보통,정확,매우 높음,303,0.571,유지(대표 1개만),동일 문장구조가 303회 반복,,최종 유지,해당 용어 후보 중 상대적으로 가장 자연스러운 대표 문장; 금융용어 사용 적절; 반복 골격이지만 용어별 대표 1문장으로 제한,FIX이 무엇을 의미하나요?
KO-FIN-04537,1135,증권·예탁,,flipping,일반개념,고객,질문,flipping이 무엇인지 설명해 주세요.,용어기반,보통,정확,매우 높음,705,0.582,유지(대표 1개만),동일 문장구조가 705회 반복,,최종 유지,해당 용어 후보 중 상대적으로 가장 자연스러운 대표 문장; 금융용어 사용 적절; 반복 골격이지만 용어별 대표 1문장으로 제한,flipping이 무엇인지 설명해 주세요.
KO-FIN-04541,1136,법률·계약,,FORM 10-K,법규·제도,고객,질문,FORM 10-K이 금융거래에서 무엇을 의미하나요?,용어기반,양호,정확,높음,36,0.552,유지(대표 1개만),유사 문장구조 반복(36회) 또는 동일 용어 내 유사도 높음,,최종 유지,실제 금융 문맥에서 자연스러움; 금융용어 사용 적절; 과도한 유사성 낮음,FORM 10-K이 금융거래에서 무엇을 의미하나요?
KO-FIN-04545,1137,증권·예탁,,FORM 10-Q,일반개념,고객,질문,FORM 10-Q이 무엇인지 설명해 주세요.,용어기반,보통,정확,매우 높음,705,0.596,유지(대표 1개만),동일 문장구조가 705회 반복,,최종 유지,해당 용어 후보 중 상대적으로 가장 자연스러운 대표 문장; 금융용어 사용 적절; 반복 골격이지만 용어별 대표 1문장으로 제한,FORM 10-Q이 무엇인지 설명해 주세요.
KO-FIN-04549,1138,주식,금융시장·거래,FORM 3,일반개념,고객,질문,FORM 3이 무엇인지 설명해 주세요.,용어기반,보통,정확,매우 높음,705,0.426,유지(대표 1개만),동일 문장구조가 705회 반복,,최종 유지,해당 용어 후보 중 상대적으로 가장 자연스러운 대표 문장; 금융용어 사용 적절; 반복 골격이지만 용어별 대표 1문장으로 제한,FORM 3이 무엇인지 설명해 주세요.
KO-FIN-04553,1139,주식,,FORM 4,일반개념,고객,질문,FORM 4이 무엇인지 설명해 주세요.,용어기반,보통,정확,매우 높음,705,0.426,유지(대표 1개만),동일 문장구조가 705회 반복,,최종 유지,해당 용어 후보 중 상대적으로 가장 자연스러운 대표 문장; 금융용어 사용 적절; 반복 골격이지만 용어별 대표 1문장으로 제한,FORM 4이 무엇인지 설명해 주세요.
KO-FIN-04557,1140,금융시장·거래,,FORM 8-K,일반개념,고객,질문,FORM 8-K이 무엇을 의미하나요?,용어기반,보통,정확,매우 높음,303,0.667,유지(대표 1개만),동일 문장구조가 303회 반복,,최종 유지,해당 용어 후보 중 상대적으로 가장 자연스러운 대표 문장; 금융용어 사용 적절; 반복 골격이지만 용어별 대표 1문장으로 제한,FORM 8-K이 무엇을 의미하나요?
KO-FIN-04561,1141,주식,,forward pricing,일반개념,고객,질문,forward pricing이 무엇인지 설명해 주세요.,용어기반,보통,정확,매우 높음,705,0.585,유지(대표 1개만),동일 문장구조가 705회 반복,,최종 유지,해당 용어 후보 중 상대적으로 가장 자연스러운 대표 문장; 금융용어 사용 적절; 반복 골격이지만 용어별 대표 1문장으로 제한,forward pricing이 무엇인지 설명해 주세요.
KO-FIN-04568,1142,펀드·신탁,,FUND/NETWORKING,일반개념,금융기관,주의,FUND/NETWORKING은 운용 결과에 따라 원금 손실이 발생할 수 있습니다.,용어기반,양호,정확,높음,52,0.643,수정 권장,유사 문장구조 반복(52회) 또는 동일 용어 내 유사도 높음,,최종 유지,실제 금융 문맥에서 자연스러움; 금융용어 사용 적절; 과도한 유사성 낮음,FUND/NETWORKING은 운용 결과에 따라 원금 손실이 발생할 수 있습니다.
KO-FIN-04569,1143,지급결제·청산,금융기관·은행,FUND/SERV,일반개념,고객,질문,FUND/SERV이 무엇인지 설명해 주세요.,용어기반,보통,정확,매우 높음,705,0.596,유지(대표 1개만),동일 문장구조가 705회 반복,,최종 유지,해당 용어 후보 중 상대적으로 가장 자연스러운 대표 문장; 금융용어 사용 적절; 반복 골격이지만 용어별 대표 1문장으로 제한,FUND/SERV이 무엇인지 설명해 주세요.
KO-FIN-04573,1144,주식,,FV/EBITDA,일반개념,고객,질문,FV/EBITDA이 무엇인지 설명해 주세요.,용어기반,보통,정확,매우 높음,705,0.491,유지(대표 1개만),동일 문장구조가 705회 반복,,최종 유지,해당 용어 후보 중 상대적으로 가장 자연스러운 대표 문장; 금융용어 사용 적절; 반복 골격이지만 용어별 대표 1문장으로 제한,FV/EBITDA이 무엇인지 설명해 주세요.
KO-FIN-04577,1145,증권·예탁,,G-30,일반개념,고객,질문,G-30이 무엇인지 설명해 주세요.,용어기반,보통,정확,매우 높음,705,0.511,유지(대표 1개만),동일 문장구조가 705회 반복,,최종 유지,해당 용어 후보 중 상대적으로 가장 자연스러운 대표 문장; 금융용어 사용 적절; 반복 골격이지만 용어별 대표 1문장으로 제한,G-30이 무엇인지 설명해 주세요.
KO-FIN-04581,1146,증권·예탁,,gilt-edged securities,일반개념,고객,질문,gilt-edged securities이 무엇인지 설명해 주세요.,용어기반,보통,정확,매우 높음,705,0.716,유지(대표 1개만),동일 문장구조가 705회 반복,,최종 유지,해당 용어 후보 중 상대적으로 가장 자연스러운 대표 문장; 금융용어 사용 적절; 반복 골격이지만 용어별 대표 1문장으로 제한,gilt-edged securities이 무엇인지 설명해 주세요.
KO-FIN-04588,1147,금융기관·은행,,giro lombard over draft,일반개념,금융기관,안내,giro lombard over draft과 관련된 세부 업무는 해당 기관의 안내를 확인해 주세요.,용어기반,양호,정확,높음,40,0.627,수정 권장,유사 문장구조 반복(40회) 또는 동일 용어 내 유사도 높음,,최종 유지,실제 금융 문맥에서 자연스러움; 금융용어 사용 적절; 과도한 유사성 낮음,giro lombard over draft과 관련된 세부 업무는 해당 기관의 안내를 확인해 주세요.
KO-FIN-04589,1148,지급결제·청산,,GLOBALCLEAR,일반개념,고객,질문,GLOBALCLEAR이 무엇인지 설명해 주세요.,용어기반,보통,정확,매우 높음,705,0.623,유지(대표 1개만),동일 문장구조가 705회 반복,,최종 유지,해당 용어 후보 중 상대적으로 가장 자연스러운 대표 문장; 금융용어 사용 적절; 반복 골격이지만 용어별 대표 1문장으로 제한,GLOBALCLEAR이 무엇인지 설명해 주세요.
KO-FIN-04593,1149,금융시장·거래,,GLOBEX ALLIANCE,일반개념,고객,질문,GLOBEX ALLIANCE이 무엇을 의미하나요?,용어기반,보통,정확,매우 높음,303,0.746,유지(대표 1개만),동일 문장구조가 303회 반복,,최종 유지,해당 용어 후보 중 상대적으로 가장 자연스러운 대표 문장; 금융용어 사용 적절; 반복 골격이지만 용어별 대표 1문장으로 제한,GLOBEX ALLIANCE이 무엇을 의미하나요?
KO-FIN-04597,1150,증권·예탁,,GNMA,일반개념,고객,질문,GNMA이 무엇인지 설명해 주세요.,용어기반,보통,정확,매우 높음,705,0.511,유지(대표 1개만),동일 문장구조가 705회 반복,,최종 유지,해당 용어 후보 중 상대적으로 가장 자연스러운 대표 문장; 금융용어 사용 적절; 반복 골격이지만 용어별 대표 1문장으로 제한,GNMA이 무엇인지 설명해 주세요.
KO-FIN-04601,1151,주식,,greenmail,일반개념,고객,질문,greenmail이 무엇인지 설명해 주세요.,용어기반,보통,정확,매우 높음,705,0.491,유지(대표 1개만),동일 문장구조가 705회 반복,,최종 유지,해당 용어 후보 중 상대적으로 가장 자연스러운 대표 문장; 금융용어 사용 적절; 반복 골격이지만 용어별 대표 1문장으로 제한,greenmail이 무엇인지 설명해 주세요.
KO-FIN-04607,1152,자산운용·투자,,grey market,일반개념,고객,확인,grey market과 관련된 투자 정보를 확인하고 싶습니다.,용어기반,양호,정확,높음,55,0.59,수정 권장,유사 문장구조 반복(55회) 또는 동일 용어 내 유사도 높음,,최종 유지,실제 금융 문맥에서 자연스러움; 금융용어 사용 적절; 과도한 유사성 낮음,grey market과 관련된 투자 정보를 확인하고 싶습니다.
KO-FIN-04609,1153,금융시장·거래,,gun jumping,일반개념,고객,질문,gun jumping이 무엇을 의미하나요?,용어기반,보통,정확,매우 높음,303,0.706,유지(대표 1개만),동일 문장구조가 303회 반복,,최종 유지,해당 용어 후보 중 상대적으로 가장 자연스러운 대표 문장; 금융용어 사용 적절; 반복 골격이지만 용어별 대표 1문장으로 제한,gun jumping이 무엇을 의미하나요?
KO-FIN-04613,1154,금융시장·거래,증권·예탁,HKSCC,일반개념,고객,질문,HKSCC이 무엇을 의미하나요?,용어기반,보통,정확,매우 높음,303,0.615,유지(대표 1개만),동일 문장구조가 303회 반복,,최종 유지,해당 용어 후보 중 상대적으로 가장 자연스러운 대표 문장; 금융용어 사용 적절; 반복 골격이지만 용어별 대표 1문장으로 제한,HKSCC이 무엇을 의미하나요?
KO-FIN-04617,1155,지급결제·청산,증권·예탁,hub & spokes,일반개념,고객,질문,hub & spokes이 무엇인지 설명해 주세요.,용어기반,보통,정확,매우 높음,705,0.635,유지(대표 1개만),동일 문장구조가 705회 반복,,최종 유지,해당 용어 후보 중 상대적으로 가장 자연스러운 대표 문장; 금융용어 사용 적절; 반복 골격이지만 용어별 대표 1문장으로 제한,hub & spokes이 무엇인지 설명해 주세요.
KO-FIN-04621,1156,해외송금·외환,,IBAN,시스템·인프라,고객,질문,IBAN에 대해 자세히 알려주세요.,용어기반,양호,정확,높음,21,0.537,수정 권장,유사 문장구조 반복(21회) 또는 동일 용어 내 유사도 높음,,최종 유지,실제 금융 문맥에서 자연스러움; 금융용어 사용 적절; 과도한 유사성 낮음,IBAN에 대해 자세히 알려주세요.
KO-FIN-04622,1156,해외송금·외환,,IBAN,시스템·인프라,고객,확인,IBAN을 확인하고 싶습니다.,용어기반,양호,정확,높음,28,0.526,수정 권장,유사 문장구조 반복(28회) 또는 동일 용어 내 유사도 높음,,최종 유지,실제 금융 문맥에서 자연스러움; 금융용어 사용 적절; 과도한 유사성 낮음,IBAN을 확인하고 싶습니다.
KO-FIN-04625,1157,금융시장·거래,,IID,일반개념,고객,질문,IID이 무엇을 의미하나요?,용어기반,보통,정확,매우 높음,303,0.571,유지(대표 1개만),동일 문장구조가 303회 반복,,최종 유지,해당 용어 후보 중 상대적으로 가장 자연스러운 대표 문장; 금융용어 사용 적절; 반복 골격이지만 용어별 대표 1문장으로 제한,IID이 무엇을 의미하나요?
KO-FIN-04630,1158,국제금융,,IMF 8조국,일반개념,고객,확인,IMF 8조국과 관련된 거래 조건을 확인하고 싶습니다.,용어기반,양호,정확,낮음,11,0.63,유지,실제 금융 문맥에서 자연스럽고 용어 사용도 적절함,,최종 유지,실제 금융 문맥에서 자연스러움; 금융용어 사용 적절; 과도한 유사성 낮음,IMF 8조국과 관련된 거래 조건을 확인하고 싶습니다.
KO-FIN-04632,1158,국제금융,,IMF 8조국,일반개념,금융기관,안내,IMF 8조국과 관련된 거래에서는 국가별 규정과 통화를 함께 확인해야 합니다.,용어기반,양호,정확,낮음,11,0.63,유지,실제 금융 문맥에서 자연스럽고 용어 사용도 적절함,,최종 유지,실제 금융 문맥에서 자연스러움; 금융용어 사용 적절; 과도한 유사성 낮음,IMF 8조국과 관련된 거래에서는 국가별 규정과 통화를 함께 확인해야 합니다.
KO-FIN-04634,1159,국제금융,,IMF 구제금융,일반개념,고객,확인,IMF 구제금융과 관련된 거래 조건을 확인하고 싶습니다.,용어기반,양호,정확,낮음,11,0.64,유지,실제 금융 문맥에서 자연스럽고 용어 사용도 적절함,,최종 유지,실제 금융 문맥에서 자연스러움; 금융용어 사용 적절; 과도한 유사성 낮음,IMF 구제금융과 관련된 거래 조건을 확인하고 싶습니다.
KO-FIN-04636,1159,국제금융,,IMF 구제금융,일반개념,금융기관,안내,IMF 구제금융과 관련된 거래에서는 국가별 규정과 통화를 함께 확인해야 합니다.,용어기반,양호,정확,낮음,11,0.64,유지,실제 금융 문맥에서 자연스럽고 용어 사용도 적절함,,최종 유지,실제 금융 문맥에서 자연스러움; 금융용어 사용 적절; 과도한 유사성 낮음,IMF 구제금융과 관련된 거래에서는 국가별 규정과 통화를 함께 확인해야 합니다.
KO-FIN-04637,1160,채권,,indenture,일반개념,고객,질문,indenture이 무엇인지 설명해 주세요.,용어기반,보통,정확,매우 높음,705,0.464,유지(대표 1개만),동일 문장구조가 705회 반복,,최종 유지,해당 용어 후보 중 상대적으로 가장 자연스러운 대표 문장; 금융용어 사용 적절; 반복 골격이지만 용어별 대표 1문장으로 제한,indenture이 무엇인지 설명해 주세요.
KO-FIN-04641,1161,금융시장·거래,,independent broker,일반개념,고객,질문,independent broker이 무엇을 의미하나요?,용어기반,보통,정확,매우 높음,303,0.769,유지(대표 1개만),동일 문장구조가 303회 반복,,최종 유지,해당 용어 후보 중 상대적으로 가장 자연스러운 대표 문장; 금융용어 사용 적절; 반복 골격이지만 용어별 대표 1문장으로 제한,independent broker이 무엇을 의미하나요?
KO-FIN-04648,1162,대출,,infrastructure,일반개념,은행,안내,infrastructure은 심사 결과에 따라 이용 가능 여부가 달라질 수 있습니다.,용어기반,양호,정확,높음,35,0.579,수정 권장,유사 문장구조 반복(35회) 또는 동일 용어 내 유사도 높음,,최종 유지,실제 금융 문맥에서 자연스러움; 금융용어 사용 적절; 과도한 유사성 낮음,infrastructure은 심사 결과에 따라 이용 가능 여부가 달라질 수 있습니다.
KO-FIN-04649,1163,금융시장·거래,,INSTINET,일반개념,고객,질문,INSTINET이 무엇을 의미하나요?,용어기반,보통,정확,매우 높음,303,0.667,유지(대표 1개만),동일 문장구조가 303회 반복,,최종 유지,해당 용어 후보 중 상대적으로 가장 자연스러운 대표 문장; 금융용어 사용 적절; 반복 골격이지만 용어별 대표 1문장으로 제한,INSTINET이 무엇을 의미하나요?
KO-FIN-04656,1164,대출,,interlinker,일반개념,은행,안내,interlinker은 심사 결과에 따라 이용 가능 여부가 달라질 수 있습니다.,용어기반,양호,정확,높음,35,0.543,수정 권장,유사 문장구조 반복(35회) 또는 동일 용어 내 유사도 높음,,최종 유지,실제 금융 문맥에서 자연스러움; 금융용어 사용 적절; 과도한 유사성 낮음,interlinker은 심사 결과에 따라 이용 가능 여부가 달라질 수 있습니다.
KO-FIN-04657,1165,금융시장·거래,,intermarket trading system,일반개념,고객,질문,intermarket trading system이 무엇을 의미하나요?,용어기반,보통,정확,매우 높음,303,0.815,유지(대표 1개만),동일 문장구조가 303회 반복,,최종 유지,해당 용어 후보 중 상대적으로 가장 자연스러운 대표 문장; 금융용어 사용 적절; 반복 골격이지만 용어별 대표 1문장으로 제한,intermarket trading system이 무엇을 의미하나요?
KO-FIN-04661,1166,증권·예탁,펀드·신탁 / 자산운용·투자,investment bank,일반개념,고객,질문,investment bank이 무엇인지 설명해 주세요.,용어기반,보통,정확,매우 높음,705,0.667,유지(대표 1개만),동일 문장구조가 705회 반복,,최종 유지,해당 용어 후보 중 상대적으로 가장 자연스러운 대표 문장; 금융용어 사용 적절; 반복 골격이지만 용어별 대표 1문장으로 제한,investment bank이 무엇인지 설명해 주세요.
KO-FIN-04668,1167,금융기관·은행,,investment banking,일반개념,금융기관,안내,investment banking과 관련된 세부 업무는 해당 기관의 안내를 확인해 주세요.,용어기반,양호,정확,높음,40,0.587,수정 권장,유사 문장구조 반복(40회) 또는 동일 용어 내 유사도 높음,,최종 유지,실제 금융 문맥에서 자연스러움; 금융용어 사용 적절; 과도한 유사성 낮음,investment banking과 관련된 세부 업무는 해당 기관의 안내를 확인해 주세요.
KO-FIN-04671,1168,자산운용·투자,,investment company,일반개념,고객,확인,investment company과 관련된 투자 정보를 확인하고 싶습니다.,용어기반,양호,정확,높음,55,0.652,수정 권장,유사 문장구조 반복(55회) 또는 동일 용어 내 유사도 높음,,최종 유지,실제 금융 문맥에서 자연스러움; 금융용어 사용 적절; 과도한 유사성 낮음,investment company과 관련된 투자 정보를 확인하고 싶습니다.
KO-FIN-04675,1169,기타 금융일반,,ISDN,일반개념,고객,확인,ISDN과 관련된 내용을 확인하고 싶습니다.,용어기반,양호,정확,높음,21,0.413,수정 권장,유사 문장구조 반복(21회) 또는 동일 용어 내 유사도 높음,,최종 유지,실제 금융 문맥에서 자연스러움; 금융용어 사용 적절; 과도한 유사성 낮음,ISDN과 관련된 내용을 확인하고 싶습니다.
KO-FIN-04676,1169,기타 금융일반,,ISDN,일반개념,금융기관,안내,ISDN의 정확한 의미는 해당 금융거래의 맥락과 함께 확인해야 합니다.,용어기반,양호,정확,높음,21,0.413,수정 권장,유사 문장구조 반복(21회) 또는 동일 용어 내 유사도 높음,,최종 유지,실제 금융 문맥에서 자연스러움; 금융용어 사용 적절; 과도한 유사성 낮음,ISDN의 정확한 의미는 해당 금융거래의 맥락과 함께 확인해야 합니다.
KO-FIN-04677,1170,증권·예탁,,ISIN,일반개념,고객,질문,ISIN이 무엇인지 설명해 주세요.,용어기반,보통,정확,중복,705,1,유지(대표 1개만),완전 동일 문장 2회,,최종 유지,해당 용어 후보 중 상대적으로 가장 자연스러운 대표 문장; 금융용어 사용 적절; 반복 골격이지만 용어별 대표 1문장으로 제한,ISIN이 무엇인지 설명해 주세요.
KO-FIN-04685,1172,금융시장·거래,증권·예탁,ISMA,일반개념,고객,질문,ISMA이 무엇을 의미하나요?,용어기반,보통,정확,매우 높음,303,0.595,유지(대표 1개만),동일 문장구조가 303회 반복,,최종 유지,해당 용어 후보 중 상대적으로 가장 자연스러운 대표 문장; 금융용어 사용 적절; 반복 골격이지만 용어별 대표 1문장으로 제한,ISMA이 무엇을 의미하나요?
KO-FIN-04689,1173,증권·예탁,,ISO 20022,일반개념,고객,질문,ISO 20022이 무엇인지 설명해 주세요.,용어기반,보통,정확,매우 높음,705,0.596,유지(대표 1개만),동일 문장구조가 705회 반복,,최종 유지,해당 용어 후보 중 상대적으로 가장 자연스러운 대표 문장; 금융용어 사용 적절; 반복 골격이지만 용어별 대표 1문장으로 제한,ISO 20022이 무엇인지 설명해 주세요.
KO-FIN-04693,1174,증권·예탁,,ISO 7775,일반개념,고객,질문,ISO 7775이 무엇인지 설명해 주세요.,용어기반,보통,정확,매우 높음,705,0.582,유지(대표 1개만),동일 문장구조가 705회 반복,,최종 유지,해당 용어 후보 중 상대적으로 가장 자연스러운 대표 문장; 금융용어 사용 적절; 반복 골격이지만 용어별 대표 1문장으로 제한,ISO 7775이 무엇인지 설명해 주세요.
KO-FIN-04697,1175,증권·예탁,,ISO,일반개념,고객,질문,ISO이 무엇인지 설명해 주세요.,용어기반,보통,정확,매우 높음,705,0.489,유지(대표 1개만),동일 문장구조가 705회 반복,,최종 유지,해당 용어 후보 중 상대적으로 가장 자연스러운 대표 문장; 금융용어 사용 적절; 반복 골격이지만 용어별 대표 1문장으로 제한,ISO이 무엇인지 설명해 주세요.
KO-FIN-04701,1176,파생상품,,ITM,일반개념,고객,질문,ITM이 무엇인지 쉽게 설명해 주세요.,용어기반,양호,정확,높음,53,0.326,유지(대표 1개만),유사 문장구조 반복(53회) 또는 동일 용어 내 유사도 높음,,최종 유지,실제 금융 문맥에서 자연스러움; 금융용어 사용 적절; 과도한 유사성 낮음,ITM이 무엇인지 쉽게 설명해 주세요.
KO-FIN-04705,1177,금융시장·거래,,Jobber,일반개념,고객,질문,Jobber이 무엇을 의미하나요?,용어기반,보통,정확,매우 높음,303,0.634,유지(대표 1개만),동일 문장구조가 303회 반복,,최종 유지,해당 용어 후보 중 상대적으로 가장 자연스러운 대표 문장; 금융용어 사용 적절; 반복 골격이지만 용어별 대표 1문장으로 제한,Jobber이 무엇을 의미하나요?
KO-FIN-04709,1178,증권·예탁,,kassenverein,일반개념,고객,질문,kassenverein이 무엇인지 설명해 주세요.,용어기반,보통,정확,매우 높음,705,0.635,유지(대표 1개만),동일 문장구조가 705회 반복,,최종 유지,해당 용어 후보 중 상대적으로 가장 자연스러운 대표 문장; 금융용어 사용 적절; 반복 골격이지만 용어별 대표 1문장으로 제한,kassenverein이 무엇인지 설명해 주세요.
KO-FIN-04713,1179,증권·예탁,금융시장·거래,KELER,일반개념,고객,질문,KELER이 무엇인지 설명해 주세요.,용어기반,보통,정확,매우 높음,705,0.531,유지(대표 1개만),동일 문장구조가 705회 반복,,최종 유지,해당 용어 후보 중 상대적으로 가장 자연스러운 대표 문장; 금융용어 사용 적절; 반복 골격이지만 용어별 대표 1문장으로 제한,KELER이 무엇인지 설명해 주세요.
KO-FIN-04719,1180,자산운용·투자,,killer bees,일반개념,고객,확인,killer bees과 관련된 투자 정보를 확인하고 싶습니다.,용어기반,양호,정확,높음,55,0.59,수정 권장,유사 문장구조 반복(55회) 또는 동일 용어 내 유사도 높음,,최종 유지,실제 금융 문맥에서 자연스러움; 금융용어 사용 적절; 과도한 유사성 낮음,killer bees과 관련된 투자 정보를 확인하고 싶습니다.
KO-FIN-04721,1181,금융시장·거래,,know-your customer rule,일반개념,고객,질문,know-your customer rule이 무엇을 의미하나요?,용어기반,보통,정확,매우 높음,303,0.8,유지(대표 1개만),동일 문장구조가 303회 반복,,최종 유지,해당 용어 후보 중 상대적으로 가장 자연스러운 대표 문장; 금융용어 사용 적절; 반복 골격이지만 용어별 대표 1문장으로 제한,know-your customer rule이 무엇을 의미하나요?
KO-FIN-04725,1182,주식,,KOSPI 200,일반개념,고객,질문,KOSPI 200이 무엇인지 설명해 주세요.,용어기반,보통,정확,매우 높음,705,0.491,유지(대표 1개만),동일 문장구조가 705회 반복,,최종 유지,해당 용어 후보 중 상대적으로 가장 자연스러운 대표 문장; 금융용어 사용 적절; 반복 골격이지만 용어별 대표 1문장으로 제한,KOSPI 200이 무엇인지 설명해 주세요.
KO-FIN-04729,1183,지급결제·청산,,Lamfalussy기준,일반개념,고객,질문,Lamfalussy기준이 무엇인지 설명해 주세요.,용어기반,보통,정확,매우 높음,705,0.635,유지(대표 1개만),동일 문장구조가 705회 반복,,최종 유지,해당 용어 후보 중 상대적으로 가장 자연스러운 대표 문장; 금융용어 사용 적절; 반복 골격이지만 용어별 대표 1문장으로 제한,Lamfalussy기준이 무엇인지 설명해 주세요.
KO-FIN-04736,1184,대출,,LBO,일반개념,은행,안내,LBO은 심사 결과에 따라 이용 가능 여부가 달라질 수 있습니다.,용어기반,양호,정확,높음,35,0.407,수정 권장,유사 문장구조 반복(35회) 또는 동일 용어 내 유사도 높음,,최종 유지,실제 금융 문맥에서 자연스러움; 금융용어 사용 적절; 과도한 유사성 낮음,LBO은 심사 결과에 따라 이용 가능 여부가 달라질 수 있습니다.
KO-FIN-04737,1185,지급결제·청산,,Link-Up Markets,일반개념,고객,질문,Link-Up Markets이 무엇인지 설명해 주세요.,용어기반,보통,정확,매우 높음,705,0.667,유지(대표 1개만),동일 문장구조가 705회 반복,,최종 유지,해당 용어 후보 중 상대적으로 가장 자연스러운 대표 문장; 금융용어 사용 적절; 반복 골격이지만 용어별 대표 1문장으로 제한,Link-Up Markets이 무엇인지 설명해 주세요.
KO-FIN-04741,1186,금융시장·거래,,local trader,일반개념,고객,질문,local trader이 무엇을 의미하나요?,용어기반,보통,정확,매우 높음,303,0.717,유지(대표 1개만),동일 문장구조가 303회 반복,,최종 유지,해당 용어 후보 중 상대적으로 가장 자연스러운 대표 문장; 금융용어 사용 적절; 반복 골격이지만 용어별 대표 1문장으로 제한,local trader이 무엇을 의미하나요?
KO-FIN-04746,1187,기업금융·자본조달,,M&A,일반개념,고객,상담,M&A을 이용하려면 어떤 조건이 필요한가요?,용어기반,양호,정확,높음,25,0.286,수정 권장,유사 문장구조 반복(25회) 또는 동일 용어 내 유사도 높음,,최종 유지,실제 금융 문맥에서 자연스러움; 금융용어 사용 적절; 과도한 유사성 낮음,M&A을 이용하려면 어떤 조건이 필요한가요?
KO-FIN-04747,1187,기업금융·자본조달,,M&A,일반개념,고객,확인,M&A과 관련된 비용과 절차를 확인하고 싶습니다.,용어기반,양호,정확,높음,25,0.469,수정 권장,유사 문장구조 반복(25회) 또는 동일 용어 내 유사도 높음,,최종 유지,실제 금융 문맥에서 자연스러움; 금융용어 사용 적절; 과도한 유사성 낮음,M&A과 관련된 비용과 절차를 확인하고 싶습니다.
KO-FIN-04752,1188,금융기관·은행,,"M1, M2, M3",일반개념,금융기관,안내,"M1, M2, M3과 관련된 세부 업무는 해당 기관의 안내를 확인해 주세요.",용어기반,양호,정확,높음,40,0.5,수정 권장,유사 문장구조 반복(40회) 또는 동일 용어 내 유사도 높음,,최종 유지,실제 금융 문맥에서 자연스러움; 금융용어 사용 적절; 과도한 유사성 낮음,"M1, M2, M3과 관련된 세부 업무는 해당 기관의 안내를 확인해 주세요."
KO-FIN-04753,1189,금융시장·거래,증권·예탁,MADOFF,일반개념,고객,질문,MADOFF이 무엇을 의미하나요?,용어기반,보통,정확,매우 높음,303,0.634,유지(대표 1개만),동일 문장구조가 303회 반복,,최종 유지,해당 용어 후보 중 상대적으로 가장 자연스러운 대표 문장; 금융용어 사용 적절; 반복 골격이지만 용어별 대표 1문장으로 제한,MADOFF이 무엇을 의미하나요?
KO-FIN-04757,1190,금융시장·거래,,MALONEY ACT,법규·제도,고객,질문,MALONEY ACT이 무엇을 의미하나요?,용어기반,보통,정확,매우 높음,303,0.706,유지(대표 1개만),동일 문장구조가 303회 반복,,최종 유지,해당 용어 후보 중 상대적으로 가장 자연스러운 대표 문장; 금융용어 사용 적절; 반복 골격이지만 용어별 대표 1문장으로 제한,MALONEY ACT이 무엇을 의미하나요?
KO-FIN-04761,1191,금융시장·거래,,matched book,일반개념,고객,질문,matched book이 무엇을 의미하나요?,용어기반,보통,정확,매우 높음,303,0.717,유지(대표 1개만),동일 문장구조가 303회 반복,,최종 유지,해당 용어 후보 중 상대적으로 가장 자연스러운 대표 문장; 금융용어 사용 적절; 반복 골격이지만 용어별 대표 1문장으로 제한,matched book이 무엇을 의미하나요?
KO-FIN-04768,1192,펀드·신탁,자산운용·투자,matching fund,일반개념,금융기관,주의,matching fund은 운용 결과에 따라 원금 손실이 발생할 수 있습니다.,용어기반,양호,정확,높음,52,0.625,수정 권장,유사 문장구조 반복(52회) 또는 동일 용어 내 유사도 높음,,최종 유지,실제 금융 문맥에서 자연스러움; 금융용어 사용 적절; 과도한 유사성 낮음,matching fund은 운용 결과에 따라 원금 손실이 발생할 수 있습니다.
KO-FIN-04769,1193,금융시장·거래,,MIC,일반개념,고객,질문,MIC이 무엇을 의미하나요?,용어기반,보통,정확,매우 높음,303,0.571,유지(대표 1개만),동일 문장구조가 303회 반복,,최종 유지,해당 용어 후보 중 상대적으로 가장 자연스러운 대표 문장; 금융용어 사용 적절; 반복 골격이지만 용어별 대표 1문장으로 제한,MIC이 무엇을 의미하나요?
KO-FIN-04775,1194,자산운용·투자,,MiFID,일반개념,고객,확인,MiFID과 관련된 투자 정보를 확인하고 싶습니다.,용어기반,양호,정확,높음,55,0.515,수정 권장,유사 문장구조 반복(55회) 또는 동일 용어 내 유사도 높음,,최종 유지,실제 금융 문맥에서 자연스러움; 금융용어 사용 적절; 과도한 유사성 낮음,MiFID과 관련된 투자 정보를 확인하고 싶습니다.
KO-FIN-04777,1195,금융시장·거래,,MIT,일반개념,고객,질문,MIT이 무엇을 의미하나요?,용어기반,보통,정확,매우 높음,303,0.571,유지(대표 1개만),동일 문장구조가 303회 반복,,최종 유지,해당 용어 후보 중 상대적으로 가장 자연스러운 대표 문장; 금융용어 사용 적절; 반복 골격이지만 용어별 대표 1문장으로 제한,MIT이 무엇을 의미하나요?
KO-FIN-04784,1196,대출,,MM의 자본구조 이론,상품·증권,은행,안내,MM의 자본구조 이론은 심사 결과에 따라 이용 가능 여부가 달라질 수 있습니다.,용어기반,양호,정확,높음,35,0.543,수정 권장,유사 문장구조 반복(35회) 또는 동일 용어 내 유사도 높음,,최종 유지,실제 금융 문맥에서 자연스러움; 금융용어 사용 적절; 과도한 유사성 낮음,MM의 자본구조 이론은 심사 결과에 따라 이용 가능 여부가 달라질 수 있습니다.
KO-FIN-04785,1197,채권,,Moddy's investment grade,일반개념,고객,질문,Moddy's investment grade이 무엇인지 설명해 주세요.,용어기반,보통,정확,매우 높음,705,0.651,유지(대표 1개만),동일 문장구조가 705회 반복,,최종 유지,해당 용어 후보 중 상대적으로 가장 자연스러운 대표 문장; 금융용어 사용 적절; 반복 골격이지만 용어별 대표 1문장으로 제한,Moddy's investment grade이 무엇인지 설명해 주세요.
KO-FIN-04789,1198,증권·예탁,주식 / 금융기관·은행,MONTE TITOLI S.P.A.,일반개념,고객,질문,MONTE TITOLI S.P.A.이 무엇인지 설명해 주세요.,용어기반,보통,정확,매우 높음,705,0.701,유지(대표 1개만),동일 문장구조가 705회 반복,,최종 유지,해당 용어 후보 중 상대적으로 가장 자연스러운 대표 문장; 금융용어 사용 적절; 반복 골격이지만 용어별 대표 1문장으로 제한,MONTE TITOLI S.P.A.이 무엇인지 설명해 주세요.
KO-FIN-04793,1199,증권·예탁,,MSRB,일반개념,고객,질문,MSRB이 무엇인지 설명해 주세요.,용어기반,보통,정확,매우 높음,705,0.511,유지(대표 1개만),동일 문장구조가 705회 반복,,최종 유지,해당 용어 후보 중 상대적으로 가장 자연스러운 대표 문장; 금융용어 사용 적절; 반복 골격이지만 용어별 대표 1문장으로 제한,MSRB이 무엇인지 설명해 주세요.
KO-FIN-04800,1200,대출,,narrow bank,일반개념,은행,안내,narrow bank은 심사 결과에 따라 이용 가능 여부가 달라질 수 있습니다.,용어기반,양호,정확,높음,35,0.543,수정 권장,유사 문장구조 반복(35회) 또는 동일 용어 내 유사도 높음,,최종 유지,실제 금융 문맥에서 자연스러움; 금융용어 사용 적절; 과도한 유사성 낮음,narrow bank은 심사 결과에 따라 이용 가능 여부가 달라질 수 있습니다.
KO-FIN-04801,1201,금융시장·거래,,national market system,일반개념,고객,질문,national market system이 무엇을 의미하나요?,용어기반,보통,정확,매우 높음,303,0.795,유지(대표 1개만),동일 문장구조가 303회 반복,,최종 유지,해당 용어 후보 중 상대적으로 가장 자연스러운 대표 문장; 금융용어 사용 적절; 반복 골격이지만 용어별 대표 1문장으로 제한,national market system이 무엇을 의미하나요?
KO-FIN-04805,1202,증권·예탁,금융시장·거래,NECIGEF,일반개념,고객,질문,NECIGEF이 무엇인지 설명해 주세요.,용어기반,보통,정확,매우 높음,705,0.566,유지(대표 1개만),동일 문장구조가 705회 반복,,최종 유지,해당 용어 후보 중 상대적으로 가장 자연스러운 대표 문장; 금융용어 사용 적절; 반복 골격이지만 용어별 대표 1문장으로 제한,NECIGEF이 무엇인지 설명해 주세요.
KO-FIN-04809,1203,지급결제·청산,,net credit or net debit position,일반개념,고객,질문,net credit or net debit position이 무엇인지 설명해 주세요.,용어기반,보통,정확,매우 높음,705,0.777,유지(대표 1개만),동일 문장구조가 705회 반복,,최종 유지,해당 용어 후보 중 상대적으로 가장 자연스러운 대표 문장; 금융용어 사용 적절; 반복 골격이지만 용어별 대표 1문장으로 제한,net credit or net debit position이 무엇인지 설명해 주세요.
KO-FIN-04813,1204,증권·예탁,,net debit caps,일반개념,고객,질문,net debit caps이 무엇인지 설명해 주세요.,용어기반,보통,정확,매우 높음,705,0.657,유지(대표 1개만),동일 문장구조가 705회 반복,,최종 유지,해당 용어 후보 중 상대적으로 가장 자연스러운 대표 문장; 금융용어 사용 적절; 반복 골격이지만 용어별 대표 1문장으로 제한,net debit caps이 무엇인지 설명해 주세요.
KO-FIN-04817,1205,지급결제·청산,,net sender limits,일반개념,고객,질문,net sender limits이 무엇인지 설명해 주세요.,용어기반,보통,정확,매우 높음,705,0.685,유지(대표 1개만),동일 문장구조가 705회 반복,,최종 유지,해당 용어 후보 중 상대적으로 가장 자연스러운 대표 문장; 금융용어 사용 적절; 반복 골격이지만 용어별 대표 1문장으로 제한,net sender limits이 무엇인지 설명해 주세요.
KO-FIN-04821,1206,채권,,NICRA,일반개념,고객,질문,NICRA이 무엇인지 설명해 주세요.,용어기반,보통,정확,매우 높음,705,0.375,유지(대표 1개만),동일 문장구조가 705회 반복,,최종 유지,해당 용어 후보 중 상대적으로 가장 자연스러운 대표 문장; 금융용어 사용 적절; 반복 골격이지만 용어별 대표 1문장으로 제한,NICRA이 무엇인지 설명해 주세요.
KO-FIN-04827,1207,기타 금융일반,,NMPG,일반개념,고객,확인,NMPG과 관련된 내용을 확인하고 싶습니다.,용어기반,양호,정확,높음,21,0.413,수정 권장,유사 문장구조 반복(21회) 또는 동일 용어 내 유사도 높음,,최종 유지,실제 금융 문맥에서 자연스러움; 금융용어 사용 적절; 과도한 유사성 낮음,NMPG과 관련된 내용을 확인하고 싶습니다.
KO-FIN-04828,1207,기타 금융일반,,NMPG,일반개념,금융기관,안내,NMPG의 정확한 의미는 해당 금융거래의 맥락과 함께 확인해야 합니다.,용어기반,양호,정확,높음,21,0.413,수정 권장,유사 문장구조 반복(21회) 또는 동일 용어 내 유사도 높음,,최종 유지,실제 금융 문맥에서 자연스러움; 금융용어 사용 적절; 과도한 유사성 낮음,NMPG의 정확한 의미는 해당 금융거래의 맥락과 함께 확인해야 합니다.
KO-FIN-04829,1208,증권·예탁,주식,nominee name,일반개념,고객,질문,nominee name이 무엇인지 설명해 주세요.,용어기반,보통,정확,매우 높음,705,0.635,유지(대표 1개만),동일 문장구조가 705회 반복,,최종 유지,해당 용어 후보 중 상대적으로 가장 자연스러운 대표 문장; 금융용어 사용 적절; 반복 골격이지만 용어별 대표 1문장으로 제한,nominee name이 무엇인지 설명해 주세요.
KO-FIN-04836,1209,금융기관·은행,,nostro account,일반개념,금융기관,안내,nostro account과 관련된 세부 업무는 해당 기관의 안내를 확인해 주세요.,용어기반,양호,정확,높음,40,0.548,수정 권장,유사 문장구조 반복(40회) 또는 동일 용어 내 유사도 높음,,최종 유지,실제 금융 문맥에서 자연스러움; 금융용어 사용 적절; 과도한 유사성 낮음,nostro account과 관련된 세부 업무는 해당 기관의 안내를 확인해 주세요.
KO-FIN-04837,1210,금융시장·거래,지급결제·청산 / 펀드·신탁 / 증권·예탁,NSCC,일반개념,고객,질문,NSCC이 무엇을 의미하나요?,용어기반,보통,정확,매우 높음,303,0.595,유지(대표 1개만),동일 문장구조가 303회 반복,,최종 유지,해당 용어 후보 중 상대적으로 가장 자연스러운 대표 문장; 금융용어 사용 적절; 반복 골격이지만 용어별 대표 1문장으로 제한,NSCC이 무엇을 의미하나요?
KO-FIN-04841,1211,금융시장·거래,증권·예탁,NYSE rule 387,일반개념,고객,질문,NYSE rule 387이 무엇을 의미하나요?,용어기반,보통,정확,매우 높음,303,0.727,유지(대표 1개만),동일 문장구조가 303회 반복,,최종 유지,해당 용어 후보 중 상대적으로 가장 자연스러운 대표 문장; 금융용어 사용 적절; 반복 골격이지만 용어별 대표 1문장으로 제한,NYSE rule 387이 무엇을 의미하나요?
KO-FIN-04847,1212,자산운용·투자,,on-line system,일반개념,고객,확인,on-line system과 관련된 투자 정보를 확인하고 싶습니다.,용어기반,양호,정확,높음,55,0.619,수정 권장,유사 문장구조 반복(55회) 또는 동일 용어 내 유사도 높음,,최종 유지,실제 금융 문맥에서 자연스러움; 금융용어 사용 적절; 과도한 유사성 낮음,on-line system과 관련된 투자 정보를 확인하고 싶습니다.
KO-FIN-04849,1213,금융시장·거래,,open position,일반개념,고객,질문,open position이 무엇을 의미하나요?,용어기반,보통,정확,매우 높음,303,0.727,유지(대표 1개만),동일 문장구조가 303회 반복,,최종 유지,해당 용어 후보 중 상대적으로 가장 자연스러운 대표 문장; 금융용어 사용 적절; 반복 골격이지만 용어별 대표 1문장으로 제한,open position이 무엇을 의미하나요?
KO-FIN-04853,1214,금융시장·거래,,OTM,일반개념,고객,질문,OTM이 무엇을 의미하나요?,용어기반,보통,정확,매우 높음,303,0.571,유지(대표 1개만),동일 문장구조가 303회 반복,,최종 유지,해당 용어 후보 중 상대적으로 가장 자연스러운 대표 문장; 금융용어 사용 적절; 반복 골격이지만 용어별 대표 1문장으로 제한,OTM이 무엇을 의미하나요?
KO-FIN-04858,1215,금융기관·은행,,P&A,일반개념,고객,질문,P&A에서 이용할 수 있는 금융업무는 무엇인가요?,용어기반,양호,정확,높음,40,0.387,수정 권장,유사 문장구조 반복(40회) 또는 동일 용어 내 유사도 높음,,최종 유지,실제 금융 문맥에서 자연스러움; 금융용어 사용 적절; 과도한 유사성 낮음,P&A에서 이용할 수 있는 금융업무는 무엇인가요?
KO-FIN-04861,1216,주식,,pac-man strategy,일반개념,고객,질문,pac-man strategy이 무엇인지 설명해 주세요.,용어기반,보통,정확,매우 높음,705,0.597,유지(대표 1개만),동일 문장구조가 705회 반복,,최종 유지,해당 용어 후보 중 상대적으로 가장 자연스러운 대표 문장; 금융용어 사용 적절; 반복 골격이지만 용어별 대표 1문장으로 제한,pac-man strategy이 무엇인지 설명해 주세요.
KO-FIN-04866,1217,계좌,이체,paper-based credit transfers,일반개념,고객,질문,paper-based credit transfers은 어디에서 확인할 수 있나요?,용어기반,양호,정확,낮음,7,0.791,유지,실제 금융 문맥에서 자연스럽고 용어 사용도 적절함,,최종 유지,실제 금융 문맥에서 자연스러움; 금융용어 사용 적절; 과도한 유사성 낮음,paper-based credit transfers은 어디에서 확인할 수 있나요?
KO-FIN-04872,1218,대출,,PB,일반개념,은행,안내,PB은 심사 결과에 따라 이용 가능 여부가 달라질 수 있습니다.,용어기반,양호,정확,높음,35,0.385,수정 권장,유사 문장구조 반복(35회) 또는 동일 용어 내 유사도 높음,,최종 유지,실제 금융 문맥에서 자연스러움; 금융용어 사용 적절; 과도한 유사성 낮음,PB은 심사 결과에 따라 이용 가능 여부가 달라질 수 있습니다.
KO-FIN-04873,1219,채권,,PIKS,일반개념,고객,질문,PIKS이 무엇인지 설명해 주세요.,용어기반,보통,정확,매우 높음,705,0.348,유지(대표 1개만),동일 문장구조가 705회 반복,,최종 유지,해당 용어 후보 중 상대적으로 가장 자연스러운 대표 문장; 금융용어 사용 적절; 반복 골격이지만 용어별 대표 1문장으로 제한,PIKS이 무엇인지 설명해 주세요.
KO-FIN-04877,1220,금융시장·거래,,plus tick,일반개념,고객,질문,plus tick이 무엇을 의미하나요?,용어기반,보통,정확,매우 높음,303,0.681,유지(대표 1개만),동일 문장구조가 303회 반복,,최종 유지,해당 용어 후보 중 상대적으로 가장 자연스러운 대표 문장; 금융용어 사용 적절; 반복 골격이지만 용어별 대표 1문장으로 제한,plus tick이 무엇을 의미하나요?
KO-FIN-04881,1221,주식,,poison pill,일반개념,고객,질문,poison pill이 무엇인지 설명해 주세요.,용어기반,보통,정확,매우 높음,705,0.526,유지(대표 1개만),동일 문장구조가 705회 반복,,최종 유지,해당 용어 후보 중 상대적으로 가장 자연스러운 대표 문장; 금융용어 사용 적절; 반복 골격이지만 용어별 대표 1문장으로 제한,poison pill이 무엇인지 설명해 주세요.
KO-FIN-04885,1222,금융시장·거래,,POSIT,일반개념,고객,질문,POSIT이 무엇을 의미하나요?,용어기반,보통,정확,매우 높음,303,0.615,유지(대표 1개만),동일 문장구조가 303회 반복,,최종 유지,해당 용어 후보 중 상대적으로 가장 자연스러운 대표 문장; 금융용어 사용 적절; 반복 골격이지만 용어별 대표 1문장으로 제한,POSIT이 무엇을 의미하나요?
KO-FIN-04889,1223,해외송금·외환,금융시장·거래,position,일반개념,고객,질문,position에 대해 자세히 알려주세요.,용어기반,양호,정확,높음,21,0.612,수정 권장,유사 문장구조 반복(21회) 또는 동일 용어 내 유사도 높음,,최종 유지,실제 금융 문맥에서 자연스러움; 금융용어 사용 적절; 과도한 유사성 낮음,position에 대해 자세히 알려주세요.
KO-FIN-04890,1223,해외송금·외환,금융시장·거래,position,일반개념,고객,확인,position을 확인하고 싶습니다.,용어기반,양호,정확,높음,28,0.609,수정 권장,유사 문장구조 반복(28회) 또는 동일 용어 내 유사도 높음,,최종 유지,실제 금융 문맥에서 자연스러움; 금융용어 사용 적절; 과도한 유사성 낮음,position을 확인하고 싶습니다.
KO-FIN-04896,1224,금융기관·은행,,pre-commitment approach,일반개념,금융기관,안내,pre-commitment approach과 관련된 세부 업무는 해당 기관의 안내를 확인해 주세요.,용어기반,양호,정확,높음,40,0.627,수정 권장,유사 문장구조 반복(40회) 또는 동일 용어 내 유사도 높음,,최종 유지,실제 금융 문맥에서 자연스러움; 금융용어 사용 적절; 과도한 유사성 낮음,pre-commitment approach과 관련된 세부 업무는 해당 기관의 안내를 확인해 주세요.
KO-FIN-04897,1225,금융시장·거래,증권·예탁,PTS,일반개념,고객,질문,PTS이 무엇을 의미하나요?,용어기반,보통,정확,매우 높음,303,0.571,유지(대표 1개만),동일 문장구조가 303회 반복,,최종 유지,해당 용어 후보 중 상대적으로 가장 자연스러운 대표 문장; 금융용어 사용 적절; 반복 골격이지만 용어별 대표 1문장으로 제한,PTS이 무엇을 의미하나요?
KO-FIN-04903,1226,자산운용·투자,,QFI,일반개념,고객,확인,QFI과 관련된 투자 정보를 확인하고 싶습니다.,용어기반,양호,정확,높음,55,0.484,수정 권장,유사 문장구조 반복(55회) 또는 동일 용어 내 유사도 높음,,최종 유지,실제 금융 문맥에서 자연스러움; 금융용어 사용 적절; 과도한 유사성 낮음,QFI과 관련된 투자 정보를 확인하고 싶습니다.
KO-FIN-04907,1227,자산운용·투자,,QIB,일반개념,고객,확인,QIB과 관련된 투자 정보를 확인하고 싶습니다.,용어기반,양호,정확,높음,55,0.484,수정 권장,유사 문장구조 반복(55회) 또는 동일 용어 내 유사도 높음,,최종 유지,실제 금융 문맥에서 자연스러움; 금융용어 사용 적절; 과도한 유사성 낮음,QIB과 관련된 투자 정보를 확인하고 싶습니다.
KO-FIN-04909,1228,금융시장·거래,,QuantEX,일반개념,고객,질문,QuantEX이 무엇을 의미하나요?,용어기반,보통,정확,매우 높음,303,0.651,유지(대표 1개만),동일 문장구조가 303회 반복,,최종 유지,해당 용어 후보 중 상대적으로 가장 자연스러운 대표 문장; 금융용어 사용 적절; 반복 골격이지만 용어별 대표 1문장으로 제한,QuantEX이 무엇을 의미하나요?
KO-FIN-04913,1229,채권,증권·예탁,registar,일반개념,고객,질문,registar이 무엇인지 설명해 주세요.,용어기반,보통,정확,매우 높음,705,0.444,유지(대표 1개만),동일 문장구조가 705회 반복,,최종 유지,해당 용어 후보 중 상대적으로 가장 자연스러운 대표 문장; 금융용어 사용 적절; 반복 골격이지만 용어별 대표 1문장으로 제한,registar이 무엇인지 설명해 주세요.
KO-FIN-04917,1230,금융시장·거래,,registered competitive trader,일반개념,고객,질문,registered competitive trader이 무엇을 의미하나요?,용어기반,보통,정확,매우 높음,303,0.828,유지(대표 1개만),동일 문장구조가 303회 반복,,최종 유지,해당 용어 후보 중 상대적으로 가장 자연스러운 대표 문장; 금융용어 사용 적절; 반복 골격이지만 용어별 대표 1문장으로 제한,registered competitive trader이 무엇을 의미하나요?
KO-FIN-04921,1231,금융법규·감독,,REGULATION A,일반개념,고객,질문,REGULATION A이 금융거래에 어떻게 적용되나요?,용어기반,양호,정확,낮음,15,0.515,유지,실제 금융 문맥에서 자연스럽고 용어 사용도 적절함,,최종 유지,실제 금융 문맥에서 자연스러움; 금융용어 사용 적절; 과도한 유사성 낮음,REGULATION A이 금융거래에 어떻게 적용되나요?
KO-FIN-04923,1231,금융법규·감독,,REGULATION A,일반개념,고객,상담,REGULATION A 때문에 추가로 확인해야 할 사항이 있나요?,용어기반,양호,정확,낮음,15,0.576,유지,실제 금융 문맥에서 자연스럽고 용어 사용도 적절함,,최종 유지,실제 금융 문맥에서 자연스러움; 금융용어 사용 적절; 과도한 유사성 낮음,REGULATION A 때문에 추가로 확인해야 할 사항이 있나요?
KO-FIN-04925,1232,금융법규·감독,,REGULATION D,일반개념,고객,질문,REGULATION D이 금융거래에 어떻게 적용되나요?,용어기반,양호,정확,낮음,15,0.515,유지,실제 금융 문맥에서 자연스럽고 용어 사용도 적절함,,최종 유지,실제 금융 문맥에서 자연스러움; 금융용어 사용 적절; 과도한 유사성 낮음,REGULATION D이 금융거래에 어떻게 적용되나요?
KO-FIN-04927,1232,금융법규·감독,,REGULATION D,일반개념,고객,상담,REGULATION D 때문에 추가로 확인해야 할 사항이 있나요?,용어기반,양호,정확,낮음,15,0.576,유지,실제 금융 문맥에서 자연스럽고 용어 사용도 적절함,,최종 유지,실제 금융 문맥에서 자연스러움; 금융용어 사용 적절; 과도한 유사성 낮음,REGULATION D 때문에 추가로 확인해야 할 사항이 있나요?
KO-FIN-04932,1233,대출,,REGULATION G,일반개념,은행,안내,REGULATION G은 심사 결과에 따라 이용 가능 여부가 달라질 수 있습니다.,용어기반,양호,정확,높음,35,0.556,수정 권장,유사 문장구조 반복(35회) 또는 동일 용어 내 유사도 높음,,최종 유지,실제 금융 문맥에서 자연스러움; 금융용어 사용 적절; 과도한 유사성 낮음,REGULATION G은 심사 결과에 따라 이용 가능 여부가 달라질 수 있습니다.
KO-FIN-04935,1234,예금상품,,REGULATION Q,일반개념,고객,요청,REGULATION Q에 대해 상담받고 싶습니다.,용어기반,양호,정확,높음,40,0.593,수정 권장,유사 문장구조 반복(40회) 또는 동일 용어 내 유사도 높음,,최종 유지,실제 금융 문맥에서 자연스러움; 금융용어 사용 적절; 과도한 유사성 낮음,REGULATION Q에 대해 상담받고 싶습니다.
KO-FIN-04937,1235,증권·예탁,,REGULATION T,일반개념,고객,질문,REGULATION T이 무엇인지 설명해 주세요.,용어기반,보통,정확,매우 높음,705,0.635,유지(대표 1개만),동일 문장구조가 705회 반복,,최종 유지,해당 용어 후보 중 상대적으로 가장 자연스러운 대표 문장; 금융용어 사용 적절; 반복 골격이지만 용어별 대표 1문장으로 제한,REGULATION T이 무엇인지 설명해 주세요.
KO-FIN-04941,1236,증권·예탁,대출,REGULATION U,일반개념,고객,질문,REGULATION U이 무엇인지 설명해 주세요.,용어기반,보통,정확,매우 높음,705,0.635,유지(대표 1개만),동일 문장구조가 705회 반복,,최종 유지,해당 용어 후보 중 상대적으로 가장 자연스러운 대표 문장; 금융용어 사용 적절; 반복 골격이지만 용어별 대표 1문장으로 제한,REGULATION U이 무엇인지 설명해 주세요.
KO-FIN-04945,1237,지급결제·청산,금융시장·거래,RELIT,일반개념,고객,질문,RELIT이 무엇인지 설명해 주세요.,용어기반,보통,정확,매우 높음,705,0.531,유지(대표 1개만),동일 문장구조가 705회 반복,,최종 유지,해당 용어 후보 중 상대적으로 가장 자연스러운 대표 문장; 금융용어 사용 적절; 반복 골격이지만 용어별 대표 1문장으로 제한,RELIT이 무엇인지 설명해 주세요.
KO-FIN-04949,1238,채권,,reorganization,일반개념,고객,질문,reorganization이 무엇인지 설명해 주세요.,용어기반,보통,정확,매우 높음,705,0.545,유지(대표 1개만),동일 문장구조가 705회 반복,,최종 유지,해당 용어 후보 중 상대적으로 가장 자연스러운 대표 문장; 금융용어 사용 적절; 반복 골격이지만 용어별 대표 1문장으로 제한,reorganization이 무엇인지 설명해 주세요.
KO-FIN-04956,1239,대출,,repo-to-maturity,일반개념,은행,안내,repo-to-maturity은 심사 결과에 따라 이용 가능 여부가 달라질 수 있습니다.,용어기반,양호,정확,높음,35,0.6,수정 권장,유사 문장구조 반복(35회) 또는 동일 용어 내 유사도 높음,,최종 유지,실제 금융 문맥에서 자연스러움; 금융용어 사용 적절; 과도한 유사성 낮음,repo-to-maturity은 심사 결과에 따라 이용 가능 여부가 달라질 수 있습니다.
KO-FIN-04957,1240,채권,증권·예탁 / 금융시장·거래 / 대출,repo/RP,일반개념,고객,질문,repo/RP이 무엇인지 설명해 주세요.,용어기반,보통,정확,매우 높음,705,0.423,유지(대표 1개만),동일 문장구조가 705회 반복,,최종 유지,해당 용어 후보 중 상대적으로 가장 자연스러운 대표 문장; 금융용어 사용 적절; 반복 골격이지만 용어별 대표 1문장으로 제한,repo/RP이 무엇인지 설명해 주세요.
KO-FIN-04961,1241,지급결제·청산,금융기관·은행,RGV,일반개념,고객,질문,RGV이 무엇인지 설명해 주세요.,용어기반,보통,정확,매우 높음,705,0.489,유지(대표 1개만),동일 문장구조가 705회 반복,,최종 유지,해당 용어 후보 중 상대적으로 가장 자연스러운 대표 문장; 금융용어 사용 적절; 반복 골격이지만 용어별 대표 1문장으로 제한,RGV이 무엇인지 설명해 주세요.
KO-FIN-04965,1242,금융시장·거래,,round lot,일반개념,고객,질문,round lot이 무엇을 의미하나요?,용어기반,보통,정확,매우 높음,303,0.681,유지(대표 1개만),동일 문장구조가 303회 반복,,최종 유지,해당 용어 후보 중 상대적으로 가장 자연스러운 대표 문장; 금융용어 사용 적절; 반복 골격이지만 용어별 대표 1문장으로 제한,round lot이 무엇을 의미하나요?
KO-FIN-04969,1243,증권·예탁,,RSI,일반개념,고객,질문,RSI이 무엇인지 설명해 주세요.,용어기반,보통,정확,매우 높음,705,0.489,유지(대표 1개만),동일 문장구조가 705회 반복,,최종 유지,해당 용어 후보 중 상대적으로 가장 자연스러운 대표 문장; 금융용어 사용 적절; 반복 골격이지만 용어별 대표 1문장으로 제한,RSI이 무엇인지 설명해 주세요.
KO-FIN-04975,1244,자산운용·투자,,rule OF 72,일반개념,고객,확인,rule OF 72과 관련된 투자 정보를 확인하고 싶습니다.,용어기반,양호,정확,높음,55,0.579,수정 권장,유사 문장구조 반복(55회) 또는 동일 용어 내 유사도 높음,,최종 유지,실제 금융 문맥에서 자연스러움; 금융용어 사용 적절; 과도한 유사성 낮음,rule OF 72과 관련된 투자 정보를 확인하고 싶습니다.
KO-FIN-04977,1245,증권·예탁,,rule of fair practice,일반개념,고객,질문,rule of fair practice이 무엇인지 설명해 주세요.,용어기반,보통,정확,매우 높음,705,0.716,유지(대표 1개만),동일 문장구조가 705회 반복,,최종 유지,해당 용어 후보 중 상대적으로 가장 자연스러운 대표 문장; 금융용어 사용 적절; 반복 골격이지만 용어별 대표 1문장으로 제한,rule of fair practice이 무엇인지 설명해 주세요.
KO-FIN-04981,1246,증권·예탁,,RVP,일반개념,고객,질문,RVP이 무엇인지 설명해 주세요.,용어기반,보통,정확,매우 높음,705,0.489,유지(대표 1개만),동일 문장구조가 705회 반복,,최종 유지,해당 용어 후보 중 상대적으로 가장 자연스러운 대표 문장; 금융용어 사용 적절; 반복 골격이지만 용어별 대표 1문장으로 제한,RVP이 무엇인지 설명해 주세요.
KO-FIN-04985,1247,지급결제·청산,,S&R,일반개념,고객,질문,S&R이 무엇인지 설명해 주세요.,용어기반,보통,정확,매우 높음,705,0.489,유지(대표 1개만),동일 문장구조가 705회 반복,,최종 유지,해당 용어 후보 중 상대적으로 가장 자연스러운 대표 문장; 금융용어 사용 적절; 반복 골격이지만 용어별 대표 1문장으로 제한,S&R이 무엇인지 설명해 주세요.
KO-FIN-04989,1248,증권·예탁,,SAFE 21,일반개념,고객,질문,SAFE 21이 무엇인지 설명해 주세요.,용어기반,보통,정확,매우 높음,705,0.566,유지(대표 1개만),동일 문장구조가 705회 반복,,최종 유지,해당 용어 후보 중 상대적으로 가장 자연스러운 대표 문장; 금융용어 사용 적절; 반복 골격이지만 용어별 대표 1문장으로 제한,SAFE 21이 무엇인지 설명해 주세요.
KO-FIN-04993,1249,주식,,Saturday night special,일반개념,고객,질문,Saturday night special이 무엇인지 설명해 주세요.,용어기반,보통,정확,매우 높음,705,0.658,유지(대표 1개만),동일 문장구조가 705회 반복,,최종 유지,해당 용어 후보 중 상대적으로 가장 자연스러운 대표 문장; 금융용어 사용 적절; 반복 골격이지만 용어별 대표 1문장으로 제한,Saturday night special이 무엇인지 설명해 주세요.
KO-FIN-04997,1250,주식,,SCHEDULE 13D,일반개념,고객,질문,SCHEDULE 13D이 무엇인지 설명해 주세요.,용어기반,보통,정확,매우 높음,705,0.542,유지(대표 1개만),동일 문장구조가 705회 반복,,최종 유지,해당 용어 후보 중 상대적으로 가장 자연스러운 대표 문장; 금융용어 사용 적절; 반복 골격이지만 용어별 대표 1문장으로 제한,SCHEDULE 13D이 무엇인지 설명해 주세요.
KO-FIN-05001,1251,금융시장·거래,,SECOM,일반개념,고객,질문,SECOM이 무엇을 의미하나요?,용어기반,보통,정확,매우 높음,303,0.615,유지(대표 1개만),동일 문장구조가 303회 반복,,최종 유지,해당 용어 후보 중 상대적으로 가장 자연스러운 대표 문장; 금융용어 사용 적절; 반복 골격이지만 용어별 대표 1문장으로 제한,SECOM이 무엇을 의미하나요?
KO-FIN-05005,1252,금융시장·거래,,SEDOL,일반개념,고객,질문,SEDOL이 무엇을 의미하나요?,용어기반,보통,정확,매우 높음,303,0.615,유지(대표 1개만),동일 문장구조가 303회 반복,,최종 유지,해당 용어 후보 중 상대적으로 가장 자연스러운 대표 문장; 금융용어 사용 적절; 반복 골격이지만 용어별 대표 1문장으로 제한,SEDOL이 무엇을 의미하나요?
KO-FIN-05009,1253,증권·예탁,,SEGA,일반개념,고객,질문,SEGA이 무엇인지 설명해 주세요.,용어기반,보통,정확,매우 높음,705,0.511,유지(대표 1개만),동일 문장구조가 705회 반복,,최종 유지,해당 용어 후보 중 상대적으로 가장 자연스러운 대표 문장; 금융용어 사용 적절; 반복 골격이지만 용어별 대표 1문장으로 제한,SEGA이 무엇인지 설명해 주세요.
KO-FIN-05013,1254,증권·예탁,,segregation of securities,일반개념,고객,질문,segregation of securities이 무엇인지 설명해 주세요.,용어기반,보통,정확,매우 높음,705,0.742,유지(대표 1개만),동일 문장구조가 705회 반복,,최종 유지,해당 용어 후보 중 상대적으로 가장 자연스러운 대표 문장; 금융용어 사용 적절; 반복 골격이지만 용어별 대표 1문장으로 제한,segregation of securities이 무엇인지 설명해 주세요.
KO-FIN-05017,1255,채권,,settlement,일반개념,고객,질문,settlement이 무엇인지 설명해 주세요.,용어기반,보통,정확,매우 높음,705,0.483,유지(대표 1개만),동일 문장구조가 705회 반복,,최종 유지,해당 용어 후보 중 상대적으로 가장 자연스러운 대표 문장; 금융용어 사용 적절; 반복 골격이지만 용어별 대표 1문장으로 제한,settlement이 무엇인지 설명해 주세요.
KO-FIN-05021,1256,금융시장·거래,,SIAC,일반개념,고객,질문,SIAC이 무엇을 의미하나요?,용어기반,보통,정확,매우 높음,303,0.595,유지(대표 1개만),동일 문장구조가 303회 반복,,최종 유지,해당 용어 후보 중 상대적으로 가장 자연스러운 대표 문장; 금융용어 사용 적절; 반복 골격이지만 용어별 대표 1문장으로 제한,SIAC이 무엇을 의미하나요?
KO-FIN-05025,1257,증권·예탁,,SICOVAM,일반개념,고객,질문,SICOVAM이 무엇인지 설명해 주세요.,용어기반,보통,정확,매우 높음,705,0.566,유지(대표 1개만),동일 문장구조가 705회 반복,,최종 유지,해당 용어 후보 중 상대적으로 가장 자연스러운 대표 문장; 금융용어 사용 적절; 반복 골격이지만 용어별 대표 1문장으로 제한,SICOVAM이 무엇인지 설명해 주세요.
KO-FIN-05029,1258,증권·예탁,,SIS SegaIntersettle,일반개념,고객,질문,SIS SegaIntersettle이 무엇인지 설명해 주세요.,용어기반,보통,정확,매우 높음,705,0.701,유지(대표 1개만),동일 문장구조가 705회 반복,,최종 유지,해당 용어 후보 중 상대적으로 가장 자연스러운 대표 문장; 금융용어 사용 적절; 반복 골격이지만 용어별 대표 1문장으로 제한,SIS SegaIntersettle이 무엇인지 설명해 주세요.
KO-FIN-05034,1259,부동산금융,,sleeping beauty,일반개념,고객,확인,sleeping beauty과 관련된 금리와 비용을 확인하고 싶습니다.,용어기반,양호,정확,낮음,4,0.58,유지,실제 금융 문맥에서 자연스럽고 용어 사용도 적절함,,최종 유지,실제 금융 문맥에서 자연스러움; 금융용어 사용 적절; 과도한 유사성 낮음,sleeping beauty과 관련된 금리와 비용을 확인하고 싶습니다.
KO-FIN-05035,1259,부동산금융,,sleeping beauty,일반개념,고객,상담,sleeping beauty을 이용할 때 필요한 서류는 무엇인가요?,용어기반,양호,정확,낮음,4,0.627,유지,실제 금융 문맥에서 자연스럽고 용어 사용도 적절함,,최종 유지,실제 금융 문맥에서 자연스러움; 금융용어 사용 적절; 과도한 유사성 낮음,sleeping beauty을 이용할 때 필요한 서류는 무엇인가요?
KO-FIN-05037,1260,증권·예탁,,SMPG,일반개념,고객,질문,SMPG이 무엇인지 설명해 주세요.,용어기반,보통,정확,매우 높음,705,0.511,유지(대표 1개만),동일 문장구조가 705회 반복,,최종 유지,해당 용어 후보 중 상대적으로 가장 자연스러운 대표 문장; 금융용어 사용 적절; 반복 골격이지만 용어별 대표 1문장으로 제한,SMPG이 무엇인지 설명해 주세요.
KO-FIN-05043,1261,기타 금융일반,,snow balling,일반개념,고객,확인,snow balling과 관련된 내용을 확인하고 싶습니다.,용어기반,양호,정확,높음,21,0.571,수정 권장,유사 문장구조 반복(21회) 또는 동일 용어 내 유사도 높음,,최종 유지,실제 금융 문맥에서 자연스러움; 금융용어 사용 적절; 과도한 유사성 낮음,snow balling과 관련된 내용을 확인하고 싶습니다.
KO-FIN-05044,1261,기타 금융일반,,snow balling,일반개념,금융기관,안내,snow balling의 정확한 의미는 해당 금융거래의 맥락과 함께 확인해야 합니다.,용어기반,양호,정확,높음,21,0.532,수정 권장,유사 문장구조 반복(21회) 또는 동일 용어 내 유사도 높음,,최종 유지,실제 금융 문맥에서 자연스러움; 금융용어 사용 적절; 과도한 유사성 낮음,snow balling의 정확한 의미는 해당 금융거래의 맥락과 함께 확인해야 합니다.
KO-FIN-05045,1262,증권·예탁,,spagetti problem,일반개념,고객,질문,spagetti problem이 무엇인지 설명해 주세요.,용어기반,보통,정확,매우 높음,705,0.676,유지(대표 1개만),동일 문장구조가 705회 반복,,최종 유지,해당 용어 후보 중 상대적으로 가장 자연스러운 대표 문장; 금융용어 사용 적절; 반복 골격이지만 용어별 대표 1문장으로 제한,spagetti problem이 무엇인지 설명해 주세요.
KO-FIN-05049,1263,주식,,stock power,일반개념,고객,질문,stock power이 무엇인지 설명해 주세요.,용어기반,보통,정확,매우 높음,705,0.526,유지(대표 1개만),동일 문장구조가 705회 반복,,최종 유지,해당 용어 후보 중 상대적으로 가장 자연스러운 대표 문장; 금융용어 사용 적절; 반복 골격이지만 용어별 대표 1문장으로 제한,stock power이 무엇인지 설명해 주세요.
KO-FIN-05053,1264,금융시장·거래,,stock watcher,일반개념,고객,질문,stock watcher이 무엇을 의미하나요?,용어기반,보통,정확,매우 높음,303,0.727,유지(대표 1개만),동일 문장구조가 303회 반복,,최종 유지,해당 용어 후보 중 상대적으로 가장 자연스러운 대표 문장; 금융용어 사용 적절; 반복 골격이지만 용어별 대표 1문장으로 제한,stock watcher이 무엇을 의미하나요?
KO-FIN-05057,1265,금융시장·거래,,STP,일반개념,고객,질문,STP이 무엇을 의미하나요?,용어기반,보통,정확,매우 높음,303,0.571,유지(대표 1개만),동일 문장구조가 303회 반복,,최종 유지,해당 용어 후보 중 상대적으로 가장 자연스러운 대표 문장; 금융용어 사용 적절; 반복 골격이지만 용어별 대표 1문장으로 제한,STP이 무엇을 의미하나요?
KO-FIN-05061,1266,증권·예탁,,street name,일반개념,고객,질문,street name이 무엇인지 설명해 주세요.,용어기반,보통,정확,매우 높음,705,0.623,유지(대표 1개만),동일 문장구조가 705회 반복,,최종 유지,해당 용어 후보 중 상대적으로 가장 자연스러운 대표 문장; 금융용어 사용 적절; 반복 골격이지만 용어별 대표 1문장으로 제한,street name이 무엇인지 설명해 주세요.
KO-FIN-05068,1267,대출,,subparticipation,일반개념,은행,안내,subparticipation은 심사 결과에 따라 이용 가능 여부가 달라질 수 있습니다.,용어기반,양호,정확,높음,35,0.6,수정 권장,유사 문장구조 반복(35회) 또는 동일 용어 내 유사도 높음,,최종 유지,실제 금융 문맥에서 자연스러움; 금융용어 사용 적절; 과도한 유사성 낮음,subparticipation은 심사 결과에 따라 이용 가능 여부가 달라질 수 있습니다.
KO-FIN-05069,1268,주식,,suicide pill,일반개념,고객,질문,suicide pill이 무엇인지 설명해 주세요.,용어기반,보통,정확,매우 높음,705,0.542,유지(대표 1개만),동일 문장구조가 705회 반복,,최종 유지,해당 용어 후보 중 상대적으로 가장 자연스러운 대표 문장; 금융용어 사용 적절; 반복 골격이지만 용어별 대표 1문장으로 제한,suicide pill이 무엇인지 설명해 주세요.
KO-FIN-05076,1269,금융기관·은행,,sunday bank,일반개념,금융기관,안내,sunday bank과 관련된 세부 업무는 해당 기관의 안내를 확인해 주세요.,용어기반,양호,정확,높음,40,0.513,수정 권장,유사 문장구조 반복(40회) 또는 동일 용어 내 유사도 높음,,최종 유지,실제 금융 문맥에서 자연스러움; 금융용어 사용 적절; 과도한 유사성 낮음,sunday bank과 관련된 세부 업무는 해당 기관의 안내를 확인해 주세요.
KO-FIN-05077,1270,채권,,sushi bond,일반개념,고객,질문,sushi bond이 무엇인지 설명해 주세요.,용어기반,보통,정확,매우 높음,705,0.483,유지(대표 1개만),동일 문장구조가 705회 반복,,최종 유지,해당 용어 후보 중 상대적으로 가장 자연스러운 대표 문장; 금융용어 사용 적절; 반복 골격이지만 용어별 대표 1문장으로 제한,sushi bond이 무엇인지 설명해 주세요.
KO-FIN-05081,1271,해외송금·외환,금융시장·거래 / 국제금융,SWIFT,시스템·인프라,고객,질문,SWIFT에 대해 자세히 알려주세요.,용어기반,양호,정확,높음,21,0.558,수정 권장,유사 문장구조 반복(21회) 또는 동일 용어 내 유사도 높음,,최종 유지,실제 금융 문맥에서 자연스러움; 금융용어 사용 적절; 과도한 유사성 낮음,SWIFT에 대해 자세히 알려주세요.
KO-FIN-05082,1271,해외송금·외환,금융시장·거래 / 국제금융,SWIFT,시스템·인프라,고객,확인,SWIFT을 확인하고 싶습니다.,용어기반,양호,정확,높음,28,0.55,수정 권장,유사 문장구조 반복(28회) 또는 동일 용어 내 유사도 높음,,최종 유지,실제 금융 문맥에서 자연스러움; 금융용어 사용 적절; 과도한 유사성 낮음,SWIFT을 확인하고 싶습니다.
KO-FIN-05088,1272,금융기관·은행,,system repo,일반개념,금융기관,안내,system repo과 관련된 세부 업무는 해당 기관의 안내를 확인해 주세요.,용어기반,양호,정확,높음,40,0.513,수정 권장,유사 문장구조 반복(40회) 또는 동일 용어 내 유사도 높음,,최종 유지,실제 금융 문맥에서 자연스러움; 금융용어 사용 적절; 과도한 유사성 낮음,system repo과 관련된 세부 업무는 해당 기관의 안내를 확인해 주세요.
KO-FIN-05089,1273,증권·예탁,,T-BILL,일반개념,고객,질문,T-BILL이 무엇인지 설명해 주세요.,용어기반,보통,정확,매우 높음,705,0.549,유지(대표 1개만),동일 문장구조가 705회 반복,,최종 유지,해당 용어 후보 중 상대적으로 가장 자연스러운 대표 문장; 금융용어 사용 적절; 반복 골격이지만 용어별 대표 1문장으로 제한,T-BILL이 무엇인지 설명해 주세요.
KO-FIN-05093,1274,증권·예탁,,T-BOND,일반개념,고객,질문,T-BOND이 무엇인지 설명해 주세요.,용어기반,보통,정확,매우 높음,705,0.549,유지(대표 1개만),동일 문장구조가 705회 반복,,최종 유지,해당 용어 후보 중 상대적으로 가장 자연스러운 대표 문장; 금융용어 사용 적절; 반복 골격이지만 용어별 대표 1문장으로 제한,T-BOND이 무엇인지 설명해 주세요.
KO-FIN-05097,1275,증권·예탁,,T-NOTE,일반개념,고객,질문,T-NOTE이 무엇인지 설명해 주세요.,용어기반,보통,정확,매우 높음,705,0.549,유지(대표 1개만),동일 문장구조가 705회 반복,,최종 유지,해당 용어 후보 중 상대적으로 가장 자연스러운 대표 문장; 금융용어 사용 적절; 반복 골격이지만 용어별 대표 1문장으로 제한,T-NOTE이 무엇인지 설명해 주세요.
KO-FIN-05101,1276,지급결제·청산,증권·예탁,T2S,일반개념,고객,질문,T2S이 무엇인지 설명해 주세요.,용어기반,보통,정확,매우 높음,705,0.489,유지(대표 1개만),동일 문장구조가 705회 반복,,최종 유지,해당 용어 후보 중 상대적으로 가장 자연스러운 대표 문장; 금융용어 사용 적절; 반복 골격이지만 용어별 대표 1문장으로 제한,T2S이 무엇인지 설명해 주세요.
KO-FIN-05105,1277,증권·예탁,금융기관·은행,TAKASBANK,일반개념,고객,질문,TAKASBANK이 무엇인지 설명해 주세요.,용어기반,보통,정확,매우 높음,705,0.596,유지(대표 1개만),동일 문장구조가 705회 반복,,최종 유지,해당 용어 후보 중 상대적으로 가장 자연스러운 대표 문장; 금융용어 사용 적절; 반복 골격이지만 용어별 대표 1문장으로 제한,TAKASBANK이 무엇인지 설명해 주세요.
KO-FIN-05109,1278,금융시장·거래,지급결제·청산 / 증권·예탁,TALISMAN,일반개념,고객,질문,TALISMAN이 무엇을 의미하나요?,용어기반,보통,정확,매우 높음,303,0.667,유지(대표 1개만),동일 문장구조가 303회 반복,,최종 유지,해당 용어 후보 중 상대적으로 가장 자연스러운 대표 문장; 금융용어 사용 적절; 반복 골격이지만 용어별 대표 1문장으로 제한,TALISMAN이 무엇을 의미하나요?
KO-FIN-05113,1279,지급결제·청산,금융기관·은행,TARGET,일반개념,고객,질문,TARGET이 무엇인지 설명해 주세요.,용어기반,보통,정확,매우 높음,705,0.549,유지(대표 1개만),동일 문장구조가 705회 반복,,최종 유지,해당 용어 후보 중 상대적으로 가장 자연스러운 대표 문장; 금융용어 사용 적절; 반복 골격이지만 용어별 대표 1문장으로 제한,TARGET이 무엇인지 설명해 주세요.
KO-FIN-05117,1280,금융시장·거래,,TAURUS,일반개념,고객,질문,TAURUS이 무엇을 의미하나요?,용어기반,보통,정확,매우 높음,303,0.634,유지(대표 1개만),동일 문장구조가 303회 반복,,최종 유지,해당 용어 후보 중 상대적으로 가장 자연스러운 대표 문장; 금융용어 사용 적절; 반복 골격이지만 용어별 대표 1문장으로 제한,TAURUS이 무엇을 의미하나요?
KO-FIN-05123,1281,세금,,tax call option,일반개념,고객,확인,tax call option과 관련된 납부 내역을 확인하고 싶습니다.,용어기반,양호,정확,낮음,11,0.627,유지,실제 금융 문맥에서 자연스럽고 용어 사용도 적절함,,최종 유지,실제 금융 문맥에서 자연스러움; 금융용어 사용 적절; 과도한 유사성 낮음,tax call option과 관련된 납부 내역을 확인하고 싶습니다.
KO-FIN-05124,1281,세금,,tax call option,일반개념,금융기관,안내,tax call option의 적용 여부는 거래 유형과 세법에 따라 달라질 수 있습니다.,용어기반,양호,정확,낮음,11,0.582,유지,실제 금융 문맥에서 자연스럽고 용어 사용도 적절함,,최종 유지,실제 금융 문맥에서 자연스러움; 금융용어 사용 적절; 과도한 유사성 낮음,tax call option의 적용 여부는 거래 유형과 세법에 따라 달라질 수 있습니다.
KO-FIN-05128,1282,금융기관·은행,,TELEKURS,일반개념,금융기관,안내,TELEKURS과 관련된 세부 업무는 해당 기관의 안내를 확인해 주세요.,용어기반,양호,정확,높음,40,0.472,수정 권장,유사 문장구조 반복(40회) 또는 동일 용어 내 유사도 높음,,최종 유지,실제 금융 문맥에서 자연스러움; 금융용어 사용 적절; 과도한 유사성 낮음,TELEKURS과 관련된 세부 업무는 해당 기관의 안내를 확인해 주세요.
KO-FIN-05129,1283,증권·예탁,,tick,일반개념,고객,질문,tick이 무엇인지 설명해 주세요.,용어기반,보통,정확,매우 높음,705,0.511,유지(대표 1개만),동일 문장구조가 705회 반복,,최종 유지,해당 용어 후보 중 상대적으로 가장 자연스러운 대표 문장; 금융용어 사용 적절; 반복 골격이지만 용어별 대표 1문장으로 제한,tick이 무엇인지 설명해 주세요.
KO-FIN-05133,1284,금융시장·거래,,ticker tape,일반개념,고객,질문,ticker tape이 무엇을 의미하나요?,용어기반,보통,정확,매우 높음,303,0.706,유지(대표 1개만),동일 문장구조가 303회 반복,,최종 유지,해당 용어 후보 중 상대적으로 가장 자연스러운 대표 문장; 금융용어 사용 적절; 반복 골격이지만 용어별 대표 1문장으로 제한,ticker tape이 무엇을 의미하나요?
KO-FIN-05137,1285,금융시장·거래,,TRADEPOINT,일반개념,고객,질문,TRADEPOINT이 무엇을 의미하나요?,용어기반,보통,정확,매우 높음,303,0.694,유지(대표 1개만),동일 문장구조가 303회 반복,,최종 유지,해당 용어 후보 중 상대적으로 가장 자연스러운 대표 문장; 금융용어 사용 적절; 반복 골격이지만 용어별 대표 1문장으로 제한,TRADEPOINT이 무엇을 의미하나요?
KO-FIN-05141,1286,채권,,tranches,일반개념,고객,질문,tranches이 무엇인지 설명해 주세요.,용어기반,보통,정확,매우 높음,705,0.444,유지(대표 1개만),동일 문장구조가 705회 반복,,최종 유지,해당 용어 후보 중 상대적으로 가장 자연스러운 대표 문장; 금융용어 사용 적절; 반복 골격이지만 용어별 대표 1문장으로 제한,tranches이 무엇인지 설명해 주세요.
KO-FIN-05145,1287,증권·예탁,,TRAX,일반개념,고객,질문,TRAX이 무엇인지 설명해 주세요.,용어기반,보통,정확,매우 높음,705,0.511,유지(대표 1개만),동일 문장구조가 705회 반복,,최종 유지,해당 용어 후보 중 상대적으로 가장 자연스러운 대표 문장; 금융용어 사용 적절; 반복 골격이지만 용어별 대표 1문장으로 제한,TRAX이 무엇인지 설명해 주세요.
KO-FIN-05149,1288,증권·예탁,,twenty-day period,일반개념,고객,질문,twenty-day period이 무엇인지 설명해 주세요.,용어기반,보통,정확,매우 높음,705,0.685,유지(대표 1개만),동일 문장구조가 705회 반복,,최종 유지,해당 용어 후보 중 상대적으로 가장 자연스러운 대표 문장; 금융용어 사용 적절; 반복 골격이지만 용어별 대표 1문장으로 제한,twenty-day period이 무엇인지 설명해 주세요.
KO-FIN-05153,1289,금융시장·거래,,two-dollar broker,일반개념,고객,질문,two-dollar broker이 무엇을 의미하나요?,용어기반,보통,정확,매우 높음,303,0.762,유지(대표 1개만),동일 문장구조가 303회 반복,,최종 유지,해당 용어 후보 중 상대적으로 가장 자연스러운 대표 문장; 금융용어 사용 적절; 반복 골격이지만 용어별 대표 1문장으로 제한,two-dollar broker이 무엇을 의미하나요?
KO-FIN-05157,1290,금융시장·거래,,two-sided comparison,일반개념,고객,질문,two-sided comparison이 무엇을 의미하나요?,용어기반,보통,정확,매우 높음,303,0.783,유지(대표 1개만),동일 문장구조가 303회 반복,,최종 유지,해당 용어 후보 중 상대적으로 가장 자연스러운 대표 문장; 금융용어 사용 적절; 반복 골격이지만 용어별 대표 1문장으로 제한,two-sided comparison이 무엇을 의미하나요?
KO-FIN-05163,1291,기타 금융일반,,UNIFI,일반개념,고객,확인,UNIFI과 관련된 내용을 확인하고 싶습니다.,용어기반,양호,정확,높음,21,0.431,수정 권장,유사 문장구조 반복(21회) 또는 동일 용어 내 유사도 높음,,최종 유지,실제 금융 문맥에서 자연스러움; 금융용어 사용 적절; 과도한 유사성 낮음,UNIFI과 관련된 내용을 확인하고 싶습니다.
KO-FIN-05164,1291,기타 금융일반,,UNIFI,일반개념,금융기관,안내,UNIFI의 정확한 의미는 해당 금융거래의 맥락과 함께 확인해야 합니다.,용어기반,양호,정확,높음,21,0.431,수정 권장,유사 문장구조 반복(21회) 또는 동일 용어 내 유사도 높음,,최종 유지,실제 금융 문맥에서 자연스러움; 금융용어 사용 적절; 과도한 유사성 낮음,UNIFI의 정확한 의미는 해당 금융거래의 맥락과 함께 확인해야 합니다.
KO-FIN-05165,1292,금융법규·감독,,uniform practice code,일반개념,고객,질문,uniform practice code이 금융거래에 어떻게 적용되나요?,용어기반,양호,정확,낮음,15,0.619,유지,실제 금융 문맥에서 자연스럽고 용어 사용도 적절함,,최종 유지,실제 금융 문맥에서 자연스러움; 금융용어 사용 적절; 과도한 유사성 낮음,uniform practice code이 금융거래에 어떻게 적용되나요?
KO-FIN-05167,1292,금융법규·감독,,uniform practice code,일반개념,고객,상담,uniform practice code 때문에 추가로 확인해야 할 사항이 있나요?,용어기반,양호,정확,낮음,15,0.667,유지,실제 금융 문맥에서 자연스럽고 용어 사용도 적절함,,최종 유지,실제 금융 문맥에서 자연스러움; 금융용어 사용 적절; 과도한 유사성 낮음,uniform practice code 때문에 추가로 확인해야 할 사항이 있나요?
KO-FIN-05169,1293,주식,,uptick,일반개념,고객,질문,uptick이 무엇인지 설명해 주세요.,용어기반,보통,정확,매우 높음,705,0.426,유지(대표 1개만),동일 문장구조가 705회 반복,,최종 유지,해당 용어 후보 중 상대적으로 가장 자연스러운 대표 문장; 금융용어 사용 적절; 반복 골격이지만 용어별 대표 1문장으로 제한,uptick이 무엇인지 설명해 주세요.
KO-FIN-05173,1294,금융시장·거래,,value broker,일반개념,고객,질문,value broker이 무엇을 의미하나요?,용어기반,보통,정확,매우 높음,303,0.717,유지(대표 1개만),동일 문장구조가 303회 반복,,최종 유지,해당 용어 후보 중 상대적으로 가장 자연스러운 대표 문장; 금융용어 사용 적절; 반복 골격이지만 용어별 대표 1문장으로 제한,value broker이 무엇을 의미하나요?
KO-FIN-05180,1295,금융기관·은행,,value date,일반개념,금융기관,안내,value date과 관련된 세부 업무는 해당 기관의 안내를 확인해 주세요.,용어기반,양호,정확,높음,40,0.5,수정 권장,유사 문장구조 반복(40회) 또는 동일 용어 내 유사도 높음,,최종 유지,실제 금융 문맥에서 자연스러움; 금융용어 사용 적절; 과도한 유사성 낮음,value date과 관련된 세부 업무는 해당 기관의 안내를 확인해 주세요.
KO-FIN-05181,1296,해외송금·외환,,VAR,일반개념,고객,질문,VAR에 대해 자세히 알려주세요.,용어기반,양호,정확,높음,21,0.513,수정 권장,유사 문장구조 반복(21회) 또는 동일 용어 내 유사도 높음,,최종 유지,실제 금융 문맥에서 자연스러움; 금융용어 사용 적절; 과도한 유사성 낮음,VAR에 대해 자세히 알려주세요.
KO-FIN-05182,1296,해외송금·외환,,VAR,일반개념,고객,확인,VAR을 확인하고 싶습니다.,용어기반,양호,정확,높음,28,0.5,수정 권장,유사 문장구조 반복(28회) 또는 동일 용어 내 유사도 높음,,최종 유지,실제 금융 문맥에서 자연스러움; 금융용어 사용 적절; 과도한 유사성 낮음,VAR을 확인하고 싶습니다.
KO-FIN-05185,1297,증권·예탁,,VP,일반개념,고객,질문,VP이 무엇인지 설명해 주세요.,용어기반,보통,정확,매우 높음,705,0.465,유지(대표 1개만),동일 문장구조가 705회 반복,,최종 유지,해당 용어 후보 중 상대적으로 가장 자연스러운 대표 문장; 금융용어 사용 적절; 반복 골격이지만 용어별 대표 1문장으로 제한,VP이 무엇인지 설명해 주세요.
KO-FIN-05189,1298,금융시장·거래,지급결제·청산,VPC,일반개념,고객,질문,VPC이 무엇을 의미하나요?,용어기반,보통,정확,매우 높음,303,0.571,유지(대표 1개만),동일 문장구조가 303회 반복,,최종 유지,해당 용어 후보 중 상대적으로 가장 자연스러운 대표 문장; 금융용어 사용 적절; 반복 골격이지만 용어별 대표 1문장으로 제한,VPC이 무엇을 의미하나요?
KO-FIN-05193,1299,증권·예탁,,VPS,일반개념,고객,질문,VPS이 무엇인지 설명해 주세요.,용어기반,보통,정확,매우 높음,705,0.489,유지(대표 1개만),동일 문장구조가 705회 반복,,최종 유지,해당 용어 후보 중 상대적으로 가장 자연스러운 대표 문장; 금융용어 사용 적절; 반복 골격이지만 용어별 대표 1문장으로 제한,VPS이 무엇인지 설명해 주세요.
KO-FIN-05199,1300,기타 금융일반,,WHITE KNIGHT,일반개념,고객,확인,WHITE KNIGHT과 관련된 내용을 확인하고 싶습니다.,용어기반,양호,정확,높음,21,0.571,수정 권장,유사 문장구조 반복(21회) 또는 동일 용어 내 유사도 높음,,최종 유지,실제 금융 문맥에서 자연스러움; 금융용어 사용 적절; 과도한 유사성 낮음,WHITE KNIGHT과 관련된 내용을 확인하고 싶습니다.
KO-FIN-05200,1300,기타 금융일반,,WHITE KNIGHT,일반개념,금융기관,안내,WHITE KNIGHT의 정확한 의미는 해당 금융거래의 맥락과 함께 확인해야 합니다.,용어기반,양호,정확,높음,21,0.532,수정 권장,유사 문장구조 반복(21회) 또는 동일 용어 내 유사도 높음,,최종 유지,실제 금융 문맥에서 자연스러움; 금융용어 사용 적절; 과도한 유사성 낮음,WHITE KNIGHT의 정확한 의미는 해당 금융거래의 맥락과 함께 확인해야 합니다.
KO-FIN-05201,1301,주식,,WILLIAMS ACT,법규·제도,고객,질문,WILLIAMS ACT이 무엇인지 설명해 주세요.,용어기반,보통,정확,매우 높음,705,0.542,유지(대표 1개만),동일 문장구조가 705회 반복,,최종 유지,해당 용어 후보 중 상대적으로 가장 자연스러운 대표 문장; 금융용어 사용 적절; 반복 골격이지만 용어별 대표 1문장으로 제한,WILLIAMS ACT이 무엇인지 설명해 주세요.
KO-FIN-05205,1302,증권·예탁,,wire house,일반개념,고객,질문,wire house이 무엇인지 설명해 주세요.,용어기반,보통,정확,매우 높음,705,0.61,유지(대표 1개만),동일 문장구조가 705회 반복,,최종 유지,해당 용어 후보 중 상대적으로 가장 자연스러운 대표 문장; 금융용어 사용 적절; 반복 골격이지만 용어별 대표 1문장으로 제한,wire house이 무엇인지 설명해 주세요.
KO-FIN-05209,1303,증권·예탁,,WIT CAPITAL,일반개념,고객,질문,WIT CAPITAL이 무엇인지 설명해 주세요.,용어기반,보통,정확,매우 높음,705,0.623,유지(대표 1개만),동일 문장구조가 705회 반복,,최종 유지,해당 용어 후보 중 상대적으로 가장 자연스러운 대표 문장; 금융용어 사용 적절; 반복 골격이지만 용어별 대표 1문장으로 제한,WIT CAPITAL이 무엇인지 설명해 주세요.
KO-FIN-05215,1304,기타 금융일반,,X-비효율성,일반개념,고객,확인,X-비효율성과 관련된 내용을 확인하고 싶습니다.,용어기반,양호,정확,높음,21,0.455,수정 권장,유사 문장구조 반복(21회) 또는 동일 용어 내 유사도 높음,,최종 유지,실제 금융 문맥에서 자연스러움; 금융용어 사용 적절; 과도한 유사성 낮음,X-비효율성과 관련된 내용을 확인하고 싶습니다.
KO-FIN-05216,1304,기타 금융일반,,X-비효율성,일반개념,금융기관,안내,X-비효율성의 정확한 의미는 해당 금융거래의 맥락과 함께 확인해야 합니다.,용어기반,양호,정확,높음,21,0.448,수정 권장,유사 문장구조 반복(21회) 또는 동일 용어 내 유사도 높음,,최종 유지,실제 금융 문맥에서 자연스러움; 금융용어 사용 적절; 과도한 유사성 낮음,X-비효율성의 정확한 의미는 해당 금융거래의 맥락과 함께 확인해야 합니다.
KO-FIN-05217,1305,주식,,X,일반개념,고객,질문,X이 무엇인지 설명해 주세요.,용어기반,보통,정확,매우 높음,705,0.27,유지(대표 1개만),동일 문장구조가 705회 반복,,최종 유지,해당 용어 후보 중 상대적으로 가장 자연스러운 대표 문장; 금융용어 사용 적절; 반복 골격이지만 용어별 대표 1문장으로 제한,X이 무엇인지 설명해 주세요.
KO-FIN-05223,1306,기타 금융일반,,XML,일반개념,고객,확인,XML과 관련된 내용을 확인하고 싶습니다.,용어기반,양호,정확,높음,21,0.393,수정 권장,유사 문장구조 반복(21회) 또는 동일 용어 내 유사도 높음,,최종 유지,실제 금융 문맥에서 자연스러움; 금융용어 사용 적절; 과도한 유사성 낮음,XML과 관련된 내용을 확인하고 싶습니다.
KO-FIN-05224,1306,기타 금융일반,,XML,일반개념,금융기관,안내,XML의 정확한 의미는 해당 금융거래의 맥락과 함께 확인해야 합니다.,용어기반,양호,정확,높음,21,0.393,수정 권장,유사 문장구조 반복(21회) 또는 동일 용어 내 유사도 높음,,최종 유지,실제 금융 문맥에서 자연스러움; 금융용어 사용 적절; 과도한 유사성 낮음,XML의 정확한 의미는 해당 금융거래의 맥락과 함께 확인해야 합니다.
KO-FIN-05225,1307,주식,,XR,일반개념,고객,질문,XR이 무엇인지 설명해 주세요.,용어기반,보통,정확,매우 높음,705,0.308,유지(대표 1개만),동일 문장구조가 705회 반복,,최종 유지,해당 용어 후보 중 상대적으로 가장 자연스러운 대표 문장; 금융용어 사용 적절; 반복 골격이지만 용어별 대표 1문장으로 제한,XR이 무엇인지 설명해 주세요.
KO-FIN-05229,1308,증권·예탁,,XW,일반개념,고객,질문,XW이 무엇인지 설명해 주세요.,용어기반,보통,정확,매우 높음,705,0.465,유지(대표 1개만),동일 문장구조가 705회 반복,,최종 유지,해당 용어 후보 중 상대적으로 가장 자연스러운 대표 문장; 금융용어 사용 적절; 반복 골격이지만 용어별 대표 1문장으로 제한,XW이 무엇인지 설명해 주세요.
KO-FIN-05233,,계좌,,잔액,일반개념,고객,조회,계좌 잔액을 확인하고 싶습니다.,실무보강,양호,정확,낮음,1,0,유지,실제 금융 문맥에서 자연스럽고 용어 사용도 적절함,,최종 유지,실제 금융 문맥에서 자연스러움; 금융용어 사용 적절; 과도한 유사성 낮음,계좌 잔액을 확인하고 싶습니다.
KO-FIN-05234,,계좌,,거래내역,일반개념,고객,조회,최근 한 달간의 거래내역을 확인해 주세요.,실무보강,양호,정확,낮음,1,0,유지,실제 금융 문맥에서 자연스럽고 용어 사용도 적절함,,최종 유지,실제 금융 문맥에서 자연스러움; 금융용어 사용 적절; 과도한 유사성 낮음,최근 한 달간의 거래내역을 확인해 주세요.
KO-FIN-05235,,계좌,,계좌번호,일반개념,고객,확인,제 계좌번호를 어디에서 확인할 수 있나요?,실무보강,양호,정확,낮음,1,0,유지,실제 금융 문맥에서 자연스럽고 용어 사용도 적절함,,최종 유지,실제 금융 문맥에서 자연스러움; 금융용어 사용 적절; 과도한 유사성 낮음,제 계좌번호를 어디에서 확인할 수 있나요?
KO-FIN-05236,,계좌,,입금,일반개념,고객,확인,입금한 금액이 계좌에 반영되었는지 확인해 주세요.,실무보강,양호,정확,낮음,1,0,유지,실제 금융 문맥에서 자연스럽고 용어 사용도 적절함,,최종 유지,실제 금융 문맥에서 자연스러움; 금융용어 사용 적절; 과도한 유사성 낮음,입금한 금액이 계좌에 반영되었는지 확인해 주세요.
KO-FIN-05237,,계좌,,출금,일반개념,고객,문제,제가 하지 않은 출금 내역이 있습니다.,실무보강,양호,정확,낮음,1,0,유지,실제 금융 문맥에서 자연스럽고 용어 사용도 적절함,,최종 유지,실제 금융 문맥에서 자연스러움; 금융용어 사용 적절; 과도한 유사성 낮음,제가 하지 않은 출금 내역이 있습니다.
KO-FIN-05238,,계좌,,계좌해지,행위·절차,고객,요청,이 계좌를 해지하려면 어떻게 해야 하나요?,실무보강,양호,정확,낮음,1,0,유지,실제 금융 문맥에서 자연스럽고 용어 사용도 적절함,,최종 유지,실제 금융 문맥에서 자연스러움; 금융용어 사용 적절; 과도한 유사성 낮음,이 계좌를 해지하려면 어떻게 해야 하나요?
KO-FIN-05239,,이체,,계좌이체,행위·절차,고객,요청,이 계좌로 돈을 이체하고 싶습니다.,실무보강,양호,정확,낮음,1,0,유지,실제 금융 문맥에서 자연스럽고 용어 사용도 적절함,,최종 유지,실제 금융 문맥에서 자연스러움; 금융용어 사용 적절; 과도한 유사성 낮음,이 계좌로 돈을 이체하고 싶습니다.
KO-FIN-05240,,이체,,이체한도,일반개념,고객,질문,하루 이체한도는 얼마인가요?,실무보강,양호,정확,낮음,1,0,유지,실제 금융 문맥에서 자연스럽고 용어 사용도 적절함,,최종 유지,실제 금융 문맥에서 자연스러움; 금융용어 사용 적절; 과도한 유사성 낮음,하루 이체한도는 얼마인가요?
KO-FIN-05241,,이체,,이체수수료,일반개념,고객,질문,계좌이체 수수료가 있나요?,실무보강,양호,정확,낮음,1,0,유지,실제 금융 문맥에서 자연스럽고 용어 사용도 적절함,,최종 유지,실제 금융 문맥에서 자연스러움; 금융용어 사용 적절; 과도한 유사성 낮음,계좌이체 수수료가 있나요?
KO-FIN-05242,,이체,,자동이체,행위·절차,고객,요청,자동이체를 등록하고 싶습니다.,실무보강,양호,정확,낮음,1,0.778,유지,실제 금융 문맥에서 자연스럽고 용어 사용도 적절함,,최종 유지,실제 금융 문맥에서 자연스러움; 금융용어 사용 적절; 과도한 유사성 낮음,자동이체를 등록하고 싶습니다.
KO-FIN-05244,,이체,,예약이체,행위·절차,고객,요청,다음 주 월요일로 예약이체를 설정해 주세요.,실무보강,양호,정확,낮음,1,0,유지,실제 금융 문맥에서 자연스럽고 용어 사용도 적절함,,최종 유지,실제 금융 문맥에서 자연스러움; 금융용어 사용 적절; 과도한 유사성 낮음,다음 주 월요일로 예약이체를 설정해 주세요.
KO-FIN-05245,,이체,,이체취소,일반개념,고객,긴급,방금 잘못 이체했는데 취소할 수 있나요?,실무보강,양호,정확,낮음,1,0,유지,실제 금융 문맥에서 자연스럽고 용어 사용도 적절함,,최종 유지,실제 금융 문맥에서 자연스러움; 금융용어 사용 적절; 과도한 유사성 낮음,방금 잘못 이체했는데 취소할 수 있나요?
KO-FIN-05246,,이체,,수취인,사람·역할,은행,확인,이체하기 전에 수취인 이름과 계좌번호를 확인해 주세요.,실무보강,양호,정확,낮음,1,0,유지,실제 금융 문맥에서 자연스럽고 용어 사용도 적절함,,최종 유지,실제 금융 문맥에서 자연스러움; 금융용어 사용 적절; 과도한 유사성 낮음,이체하기 전에 수취인 이름과 계좌번호를 확인해 주세요.
KO-FIN-05247,,해외송금·외환,,해외송금,행위·절차,고객,요청,해외에 있는 가족에게 돈을 보내고 싶습니다.,실무보강,양호,정확,낮음,1,0,유지,실제 금융 문맥에서 자연스럽고 용어 사용도 적절함,,최종 유지,실제 금융 문맥에서 자연스러움; 금융용어 사용 적절; 과도한 유사성 낮음,해외에 있는 가족에게 돈을 보내고 싶습니다.
KO-FIN-05248,,해외송금·외환,,해외송금 수수료,일반개념,고객,질문,해외송금 수수료를 확인해 주세요.,실무보강,양호,정확,낮음,1,0,유지,실제 금융 문맥에서 자연스럽고 용어 사용도 적절함,,최종 유지,실제 금융 문맥에서 자연스러움; 금융용어 사용 적절; 과도한 유사성 낮음,해외송금 수수료를 확인해 주세요.
KO-FIN-05249,,해외송금·외환,,환율,지표·개념,고객,조회,오늘 적용되는 원화와 달러의 환율을 알려주세요.,실무보강,양호,정확,낮음,1,0,유지,실제 금융 문맥에서 자연스럽고 용어 사용도 적절함,,최종 유지,실제 금융 문맥에서 자연스러움; 금융용어 사용 적절; 과도한 유사성 낮음,오늘 적용되는 원화와 달러의 환율을 알려주세요.
KO-FIN-05250,,해외송금·외환,,SWIFT 코드,일반개념,고객,질문,해외송금에 필요한 SWIFT 코드는 어디에서 확인하나요?,실무보강,양호,정확,낮음,1,0,유지,실제 금융 문맥에서 자연스럽고 용어 사용도 적절함,,최종 유지,실제 금융 문맥에서 자연스러움; 금융용어 사용 적절; 과도한 유사성 낮음,해외송금에 필요한 SWIFT 코드는 어디에서 확인하나요?
KO-FIN-05251,,해외송금·외환,,수취은행,기관·조직,고객,확인,해외송금 전에 수취은행 정보를 확인하고 싶습니다.,실무보강,양호,정확,낮음,1,0,유지,실제 금융 문맥에서 자연스럽고 용어 사용도 적절함,,최종 유지,실제 금융 문맥에서 자연스러움; 금융용어 사용 적절; 과도한 유사성 낮음,해외송금 전에 수취은행 정보를 확인하고 싶습니다.
KO-FIN-05252,,해외송금·외환,,송금한도,일반개념,고객,질문,외국인 고객의 해외송금 한도는 얼마인가요?,실무보강,양호,정확,낮음,1,0,유지,실제 금융 문맥에서 자연스럽고 용어 사용도 적절함,,최종 유지,실제 금융 문맥에서 자연스러움; 금융용어 사용 적절; 과도한 유사성 낮음,외국인 고객의 해외송금 한도는 얼마인가요?
KO-FIN-05253,,해외송금·외환,,송금상태,일반개념,고객,문제,해외송금을 했는데 아직 수취인이 돈을 받지 못했습니다.,실무보강,양호,정확,낮음,1,0,유지,실제 금융 문맥에서 자연스럽고 용어 사용도 적절함,,최종 유지,실제 금융 문맥에서 자연스러움; 금융용어 사용 적절; 과도한 유사성 낮음,해외송금을 했는데 아직 수취인이 돈을 받지 못했습니다.
KO-FIN-05254,,해외송금·외환,,환전,행위·절차,고객,요청,원화를 달러로 환전하고 싶습니다.,실무보강,양호,정확,낮음,1,0,유지,실제 금융 문맥에서 자연스럽고 용어 사용도 적절함,,최종 유지,실제 금융 문맥에서 자연스러움; 금융용어 사용 적절; 과도한 유사성 낮음,원화를 달러로 환전하고 싶습니다.
KO-FIN-05255,,공과금,,공과금,일반개념,고객,요청,이번 달 공과금을 납부하고 싶습니다.,실무보강,양호,정확,낮음,1,0,유지,실제 금융 문맥에서 자연스럽고 용어 사용도 적절함,,최종 유지,실제 금융 문맥에서 자연스러움; 금융용어 사용 적절; 과도한 유사성 낮음,이번 달 공과금을 납부하고 싶습니다.
KO-FIN-05256,,공과금,,납부내역,일반개념,고객,조회,지난달 공과금 납부내역을 확인해 주세요.,실무보강,양호,정확,낮음,1,0,유지,실제 금융 문맥에서 자연스럽고 용어 사용도 적절함,,최종 유지,실제 금융 문맥에서 자연스러움; 금융용어 사용 적절; 과도한 유사성 낮음,지난달 공과금 납부내역을 확인해 주세요.
KO-FIN-05257,,공과금,,납부기한,일반개념,고객,질문,이 공과금의 납부기한은 언제인가요?,실무보강,양호,정확,낮음,1,0,유지,실제 금융 문맥에서 자연스럽고 용어 사용도 적절함,,최종 유지,실제 금융 문맥에서 자연스러움; 금융용어 사용 적절; 과도한 유사성 낮음,이 공과금의 납부기한은 언제인가요?
KO-FIN-05258,,공과금,,자동납부,행위·절차,고객,요청,전기요금을 자동납부로 등록하고 싶습니다.,실무보강,양호,정확,낮음,1,0,유지,실제 금융 문맥에서 자연스럽고 용어 사용도 적절함,,최종 유지,실제 금융 문맥에서 자연스러움; 금융용어 사용 적절; 과도한 유사성 낮음,전기요금을 자동납부로 등록하고 싶습니다.
KO-FIN-05259,,공과금,,납부오류,일반개념,고객,문제,공과금을 납부했는데 미납으로 표시됩니다.,실무보강,양호,정확,낮음,1,0,유지,실제 금융 문맥에서 자연스럽고 용어 사용도 적절함,,최종 유지,실제 금융 문맥에서 자연스러움; 금융용어 사용 적절; 과도한 유사성 낮음,공과금을 납부했는데 미납으로 표시됩니다.
KO-FIN-05260,,금융 지원,,분실신고,행위·절차,고객,긴급,통장을 분실해서 분실신고를 하고 싶습니다.,실무보강,양호,정확,낮음,1,0,유지,실제 금융 문맥에서 자연스럽고 용어 사용도 적절함,,최종 유지,실제 금융 문맥에서 자연스러움; 금융용어 사용 적절; 과도한 유사성 낮음,통장을 분실해서 분실신고를 하고 싶습니다.
KO-FIN-05261,,금융 지원,,카드분실,일반개념,고객,긴급,카드를 잃어버렸습니다. 바로 사용을 정지해 주세요.,실무보강,양호,정확,낮음,1,0,유지,실제 금융 문맥에서 자연스럽고 용어 사용도 적절함,,최종 유지,실제 금융 문맥에서 자연스러움; 금융용어 사용 적절; 과도한 유사성 낮음,카드를 잃어버렸습니다. 바로 사용을 정지해 주세요.
KO-FIN-05262,,금융 지원,,고객센터,일반개념,고객,요청,상담원과 연결해 주세요.,실무보강,양호,정확,낮음,1,0,유지,실제 금융 문맥에서 자연스럽고 용어 사용도 적절함,,최종 유지,실제 금융 문맥에서 자연스러움; 금융용어 사용 적절; 과도한 유사성 낮음,상담원과 연결해 주세요.
KO-FIN-05263,,금융 지원,,다국어 ARS,일반개념,고객,요청,베트남어로 안내를 받을 수 있나요?,실무보강,양호,정확,낮음,1,0,유지,실제 금융 문맥에서 자연스럽고 용어 사용도 적절함,,최종 유지,실제 금융 문맥에서 자연스러움; 금융용어 사용 적절; 과도한 유사성 낮음,베트남어로 안내를 받을 수 있나요?
KO-FIN-05264,,금융 지원,,본인확인,사람·역할,은행,안내,업무 처리를 위해 본인확인이 필요합니다.,실무보강,양호,정확,낮음,1,0,유지,실제 금융 문맥에서 자연스럽고 용어 사용도 적절함,,최종 유지,실제 금융 문맥에서 자연스러움; 금융용어 사용 적절; 과도한 유사성 낮음,업무 처리를 위해 본인확인이 필요합니다.
KO-FIN-05265,,금융 지원,,비밀번호,일반개념,고객,문제,비밀번호를 여러 번 잘못 입력해서 이용이 제한되었습니다.,실무보강,양호,정확,낮음,1,0,유지,실제 금융 문맥에서 자연스럽고 용어 사용도 적절함,,최종 유지,실제 금융 문맥에서 자연스러움; 금융용어 사용 적절; 과도한 유사성 낮음,비밀번호를 여러 번 잘못 입력해서 이용이 제한되었습니다.
KO-FIN-05266,,금융 지원,,보이스피싱,일반개념,고객,긴급,보이스피싱이 의심되는 송금을 했습니다. 어떻게 해야 하나요?,실무보강,양호,정확,낮음,1,0,유지,실제 금융 문맥에서 자연스럽고 용어 사용도 적절함,,최종 유지,실제 금융 문맥에서 자연스러움; 금융용어 사용 적절; 과도한 유사성 낮음,보이스피싱이 의심되는 송금을 했습니다. 어떻게 해야 하나요?
KO-FIN-05267,,예금상품,,정기예금,상품·증권,고객,질문,정기예금 금리는 얼마인가요?,실무보강,양호,정확,낮음,1,0,유지,실제 금융 문맥에서 자연스럽고 용어 사용도 적절함,,최종 유지,실제 금융 문맥에서 자연스러움; 금융용어 사용 적절; 과도한 유사성 낮음,정기예금 금리는 얼마인가요?
KO-FIN-05268,,예금상품,,적금,상품·증권,고객,질문,외국인도 적금에 가입할 수 있나요?,실무보강,양호,정확,낮음,1,0,유지,실제 금융 문맥에서 자연스럽고 용어 사용도 적절함,,최종 유지,실제 금융 문맥에서 자연스러움; 금융용어 사용 적절; 과도한 유사성 낮음,외국인도 적금에 가입할 수 있나요?
KO-FIN-05269,,예금상품,,중도해지,행위·절차,고객,질문,예금을 중도해지하면 이자는 어떻게 되나요?,실무보강,양호,정확,낮음,1,0,유지,실제 금융 문맥에서 자연스럽고 용어 사용도 적절함,,최종 유지,실제 금융 문맥에서 자연스러움; 금융용어 사용 적절; 과도한 유사성 낮음,예금을 중도해지하면 이자는 어떻게 되나요?
KO-FIN-05270,,예금상품,,만기,일반개념,고객,질문,예금 만기일은 언제인가요?,실무보강,양호,정확,낮음,1,0.353,유지,실제 금융 문맥에서 자연스럽고 용어 사용도 적절함,,최종 유지,실제 금융 문맥에서 자연스러움; 금융용어 사용 적절; 과도한 유사성 낮음,예금 만기일은 언제인가요?
KO-FIN-05271,,대출,,대출,상품·증권,고객,질문,외국인도 대출을 받을 수 있나요?,실무보강,양호,정확,낮음,1,0,유지,실제 금융 문맥에서 자연스럽고 용어 사용도 적절함,,최종 유지,실제 금융 문맥에서 자연스러움; 금융용어 사용 적절; 과도한 유사성 낮음,외국인도 대출을 받을 수 있나요?
KO-FIN-05272,,대출,,대출금리,지표·개념,고객,질문,대출금리는 어떻게 결정되나요?,실무보강,양호,정확,낮음,1,0,유지,실제 금융 문맥에서 자연스럽고 용어 사용도 적절함,,최종 유지,실제 금융 문맥에서 자연스러움; 금융용어 사용 적절; 과도한 유사성 낮음,대출금리는 어떻게 결정되나요?
KO-FIN-05273,,대출,,상환일,일반개념,고객,질문,대출금의 상환일은 언제인가요?,실무보강,양호,정확,낮음,1,0,유지,실제 금융 문맥에서 자연스럽고 용어 사용도 적절함,,최종 유지,실제 금융 문맥에서 자연스러움; 금융용어 사용 적절; 과도한 유사성 낮음,대출금의 상환일은 언제인가요?
KO-FIN-05274,,대출,,중도상환,행위·절차,고객,질문,대출금을 만기 전에 상환할 수 있나요?,실무보강,양호,정확,낮음,1,0,유지,실제 금융 문맥에서 자연스럽고 용어 사용도 적절함,,최종 유지,실제 금융 문맥에서 자연스러움; 금융용어 사용 적절; 과도한 유사성 낮음,대출금을 만기 전에 상환할 수 있나요?
KO-FIN-05275,,대출,,연체,일반개념,고객,문제,대출 상환일을 지나면 어떤 불이익이 있나요?,실무보강,양호,정확,낮음,1,0,유지,실제 금융 문맥에서 자연스럽고 용어 사용도 적절함,,최종 유지,실제 금융 문맥에서 자연스러움; 금융용어 사용 적절; 과도한 유사성 낮음,대출 상환일을 지나면 어떤 불이익이 있나요?
KO-FIN-05276,,카드·전자금융,,체크카드,일반개념,고객,요청,체크카드를 발급받고 싶습니다.,실무보강,양호,정확,낮음,1,0,유지,실제 금융 문맥에서 자연스럽고 용어 사용도 적절함,,최종 유지,실제 금융 문맥에서 자연스러움; 금융용어 사용 적절; 과도한 유사성 낮음,체크카드를 발급받고 싶습니다.
KO-FIN-05277,,카드·전자금융,,결제한도,일반개념,고객,질문,카드의 하루 결제한도는 얼마인가요?,실무보강,양호,정확,낮음,1,0,유지,실제 금융 문맥에서 자연스럽고 용어 사용도 적절함,,최종 유지,실제 금융 문맥에서 자연스러움; 금융용어 사용 적절; 과도한 유사성 낮음,카드의 하루 결제한도는 얼마인가요?
KO-FIN-05278,,카드·전자금융,,해외결제,행위·절차,고객,질문,이 카드는 해외에서도 사용할 수 있나요?,실무보강,양호,정확,낮음,1,0,유지,실제 금융 문맥에서 자연스럽고 용어 사용도 적절함,,최종 유지,실제 금융 문맥에서 자연스러움; 금융용어 사용 적절; 과도한 유사성 낮음,이 카드는 해외에서도 사용할 수 있나요?
KO-FIN-05279,,카드·전자금융,,결제취소,일반개념,고객,문제,취소한 카드 결제가 아직 환불되지 않았습니다.,실무보강,양호,정확,낮음,1,0,유지,실제 금융 문맥에서 자연스럽고 용어 사용도 적절함,,최종 유지,실제 금융 문맥에서 자연스러움; 금융용어 사용 적절; 과도한 유사성 낮음,취소한 카드 결제가 아직 환불되지 않았습니다.
KO-FIN-05280,,카드·전자금융,,ATM,일반개념,고객,질문,ATM에서 현금을 출금하려면 어떻게 해야 하나요?,실무보강,양호,정확,낮음,1,0.468,유지,실제 금융 문맥에서 자연스럽고 용어 사용도 적절함,,최종 유지,실제 금융 문맥에서 자연스러움; 금융용어 사용 적절; 과도한 유사성 낮음,ATM에서 현금을 출금하려면 어떻게 해야 하나요?
KO-FIN-05281,,보험,,보험료,일반개념,고객,질문,이번 달 보험료는 얼마인가요?,실무보강,양호,정확,낮음,1,0,유지,실제 금융 문맥에서 자연스럽고 용어 사용도 적절함,,최종 유지,실제 금융 문맥에서 자연스러움; 금융용어 사용 적절; 과도한 유사성 낮음,이번 달 보험료는 얼마인가요?
KO-FIN-05282,,보험,,보험금,일반개념,고객,질문,보험금을 청구하려면 어떤 서류가 필요한가요?,실무보강,양호,정확,낮음,1,0,유지,실제 금융 문맥에서 자연스럽고 용어 사용도 적절함,,최종 유지,실제 금융 문맥에서 자연스러움; 금융용어 사용 적절; 과도한 유사성 낮음,보험금을 청구하려면 어떤 서류가 필요한가요?
KO-FIN-05283,,보험,,보장내용,일반개념,고객,질문,이 보험에서 보장되는 항목을 알려주세요.,실무보강,양호,정확,낮음,1,0,유지,실제 금융 문맥에서 자연스럽고 용어 사용도 적절함,,최종 유지,실제 금융 문맥에서 자연스러움; 금융용어 사용 적절; 과도한 유사성 낮음,이 보험에서 보장되는 항목을 알려주세요.
KO-FIN-05284,,연금,,연금,상품·증권,고객,질문,연금은 언제부터 받을 수 있나요?,실무보강,양호,정확,낮음,1,0,유지,실제 금융 문맥에서 자연스럽고 용어 사용도 적절함,,최종 유지,실제 금융 문맥에서 자연스러움; 금융용어 사용 적절; 과도한 유사성 낮음,연금은 언제부터 받을 수 있나요?
KO-FIN-05285,,연금,,납입내역,일반개념,고객,조회,연금 납입내역을 확인하고 싶습니다.,실무보강,양호,정확,낮음,1,0,유지,실제 금융 문맥에서 자연스럽고 용어 사용도 적절함,,최종 유지,실제 금융 문맥에서 자연스러움; 금융용어 사용 적절; 과도한 유사성 낮음,연금 납입내역을 확인하고 싶습니다.